account_id,batch_id,scenario,note,generated_at
ACCT-000001,B0001,clean,,2026-07-12T19:44:37+00:00
ACCT-000002,B0001,clean,,2026-07-12T19:44:37+00:00
ACCT-000003,B0001,clean,,2026-07-12T19:44:37+00:00
ACCT-000004,B0001,payment_short,Payment detail short of remit; no duplicates to zero out,2026-07-12T19:44:37+00:00
ACCT-000005,B0001,clean,,2026-07-12T19:44:37+00:00
ACCT-000006,B0001,clean,,2026-07-12T19:44:37+00:00
ACCT-000007,B0001,clean,,2026-07-12T19:44:37+00:00
ACCT-000008,B0001,dup_charge,Duplicate charge row inflates SUM(UtilityCharge),2026-07-12T19:44:37+00:00
ACCT-000009,B0001,clean,,2026-07-12T19:44:37+00:00
ACCT-000010,B0001,dup_charge,Duplicate charge row inflates SUM(UtilityCharge),2026-07-12T19:44:37+00:00
ACCT-000011,B0001,clean,,2026-07-12T19:44:37+00:00
ACCT-000012,B0001,clean,,2026-07-12T19:44:37+00:00
ACCT-000013,B0001,dup_charge,Duplicate charge row inflates SUM(UtilityCharge),2026-07-12T19:44:37+00:00
ACCT-000014,B0001,dup_payment,Duplicate payment row inflates SUM(Payment),2026-07-12T19:44:37+00:00
ACCT-000015,B0001,dup_payment,Duplicate payment row inflates SUM(Payment),2026-07-12T19:44:37+00:00
ACCT-000016,B0001,clean,,2026-07-12T19:44:37+00:00
ACCT-000017,B0001,dup_payment,Duplicate payment row inflates SUM(Payment),2026-07-12T19:44:37+00:00
ACCT-000018,B0001,clean,,2026-07-12T19:44:37+00:00
ACCT-000019,B0001,known_diff,Remit short vs charges; difference disclosed on export,2026-07-12T19:44:37+00:00
ACCT-000020,B0001,charge_mismatch,CustCharge summary drifted from charge detail,2026-07-12T19:44:37+00:00
ACCT-000021,B0001,dup_charge,Duplicate charge row inflates SUM(UtilityCharge),2026-07-12T19:44:37+00:00
ACCT-000022,B0001,dup_adjustment,Duplicate adjustment row inflates SUM(AdjustmentAmt),2026-07-12T19:44:37+00:00
ACCT-000023,B0001,clean,,2026-07-12T19:44:37+00:00
ACCT-000024,B0001,dup_payment,Duplicate payment row inflates SUM(Payment),2026-07-12T19:44:37+00:00
ACCT-000025,B0001,total_fail,Every check seeded to fail,2026-07-12T19:44:37+00:00
ACCT-000026,B0001,adj_mismatch,Adjustments summary drifted from adjustment detail,2026-07-12T19:44:37+00:00
ACCT-000027,B0001,rc_misreport,Export reports a phantom R-C difference,2026-07-12T19:44:37+00:00
ACCT-000028,B0001,clean,,2026-07-12T19:44:37+00:00
ACCT-000029,B0001,dup_adjustment,Duplicate adjustment row inflates SUM(AdjustmentAmt),2026-07-12T19:44:37+00:00
ACCT-000030,B0001,dup_charge,Duplicate charge row inflates SUM(UtilityCharge),2026-07-12T19:44:37+00:00
ACCT-000031,B0001,rc_misreport,Export reports a phantom R-C difference,2026-07-12T19:44:37+00:00
ACCT-000032,B0001,charge_mismatch,CustCharge summary drifted from charge detail,2026-07-12T19:44:37+00:00
ACCT-000033,B0001,dup_payment,Duplicate payment row inflates SUM(Payment),2026-07-12T19:44:37+00:00
ACCT-000034,B0001,clean,,2026-07-12T19:44:37+00:00
ACCT-000035,B0001,clean,,2026-07-12T19:44:37+00:00
ACCT-000036,B0001,clean,,2026-07-12T19:44:37+00:00
ACCT-000037,B0001,dup_unfixable,Payment detail short of remit; no duplicates to zero out,2026-07-12T19:44:37+00:00
ACCT-000038,B0001,clean,,2026-07-12T19:44:37+00:00
ACCT-000039,B0001,clean,,2026-07-12T19:44:37+00:00
ACCT-000040,B0001,clean,,2026-07-12T19:44:37+00:00
ACCT-000041,B0001,clean,,2026-07-12T19:44:37+00:00
ACCT-000042,B0001,total_fail,Every check seeded to fail,2026-07-12T19:44:37+00:00
ACCT-000043,B0001,dup_payment,Duplicate payment row inflates SUM(Payment),2026-07-12T19:44:37+00:00
ACCT-000044,B0001,clean,,2026-07-12T19:44:37+00:00
ACCT-000045,B0001,dup_adjustment,Duplicate adjustment row inflates SUM(AdjustmentAmt),2026-07-12T19:44:37+00:00
ACCT-000046,B0001,clean,,2026-07-12T19:44:37+00:00
ACCT-000047,B0001,clean,,2026-07-12T19:44:37+00:00
ACCT-000048,B0001,clean,,2026-07-12T19:44:37+00:00
ACCT-000049,B0001,charge_mismatch,CustCharge summary drifted from charge detail,2026-07-12T19:44:37+00:00
ACCT-000050,B0001,clean,,2026-07-12T19:44:37+00:00
ACCT-000051,B0001,clean,,2026-07-12T19:44:37+00:00
ACCT-000052,B0001,clean,,2026-07-12T19:44:37+00:00
ACCT-000053,B0001,total_fail,Every check seeded to fail,2026-07-12T19:44:37+00:00
ACCT-000054,B0001,clean,,2026-07-12T19:44:37+00:00
ACCT-000055,B0001,dup_charge,Duplicate charge row inflates SUM(UtilityCharge),2026-07-12T19:44:37+00:00
ACCT-000056,B0001,dup_charge,Duplicate charge row inflates SUM(UtilityCharge),2026-07-12T19:44:37+00:00
ACCT-000057,B0001,clean,,2026-07-12T19:44:37+00:00
ACCT-000058,B0001,payment_short,Payment detail short of remit; no duplicates to zero out,2026-07-12T19:44:37+00:00
ACCT-000059,B0001,clean,,2026-07-12T19:44:37+00:00
ACCT-000060,B0001,dup_adjustment,Duplicate adjustment row inflates SUM(AdjustmentAmt),2026-07-12T19:44:37+00:00
ACCT-000061,B0001,clean,,2026-07-12T19:44:37+00:00
ACCT-000062,B0001,clean,,2026-07-12T19:44:37+00:00
ACCT-000063,B0001,payment_short,Payment detail short of remit; no duplicates to zero out,2026-07-12T19:44:37+00:00
ACCT-000064,B0001,clean,,2026-07-12T19:44:37+00:00
ACCT-000065,B0001,rc_misreport,Export reports a phantom R-C difference,2026-07-12T19:44:37+00:00
ACCT-000066,B0001,clean,,2026-07-12T19:44:37+00:00
ACCT-000067,B0001,clean,,2026-07-12T19:44:37+00:00
ACCT-000068,B0001,adj_mismatch,Adjustments summary drifted from adjustment detail,2026-07-12T19:44:37+00:00
ACCT-000069,B0001,clean,,2026-07-12T19:44:37+00:00
ACCT-000070,B0001,adj_mismatch,Adjustments summary drifted from adjustment detail,2026-07-12T19:44:37+00:00
ACCT-000071,B0001,clean,,2026-07-12T19:44:37+00:00
ACCT-000072,B0001,dup_charge,Duplicate charge row inflates SUM(UtilityCharge),2026-07-12T19:44:37+00:00
ACCT-000073,B0001,clean,,2026-07-12T19:44:37+00:00
ACCT-000074,B0001,clean,,2026-07-12T19:44:37+00:00
ACCT-000075,B0001,dup_payment,Duplicate payment row inflates SUM(Payment),2026-07-12T19:44:37+00:00
ACCT-000076,B0001,known_diff,Remit short vs charges; difference disclosed on export,2026-07-12T19:44:37+00:00
ACCT-000077,B0001,dup_payment,Duplicate payment row inflates SUM(Payment),2026-07-12T19:44:37+00:00
ACCT-000078,B0001,clean,,2026-07-12T19:44:37+00:00
ACCT-000079,B0001,clean,,2026-07-12T19:44:37+00:00
ACCT-000080,B0001,dup_payment,Duplicate payment row inflates SUM(Payment),2026-07-12T19:44:37+00:00
ACCT-000081,B0001,clean,,2026-07-12T19:44:37+00:00
ACCT-000082,B0001,dup_payment,Duplicate payment row inflates SUM(Payment),2026-07-12T19:44:37+00:00
ACCT-000083,B0001,rc_misreport,Export reports a phantom R-C difference,2026-07-12T19:44:37+00:00
ACCT-000084,B0001,dup_charge,Duplicate charge row inflates SUM(UtilityCharge),2026-07-12T19:44:37+00:00
ACCT-000085,B0001,clean,,2026-07-12T19:44:37+00:00
ACCT-000086,B0001,clean,,2026-07-12T19:44:37+00:00
ACCT-000087,B0001,payment_short,Payment detail short of remit; no duplicates to zero out,2026-07-12T19:44:37+00:00
ACCT-000088,B0001,clean,,2026-07-12T19:44:37+00:00
ACCT-000089,B0001,clean,,2026-07-12T19:44:37+00:00
ACCT-000090,B0001,dup_payment,Duplicate payment row inflates SUM(Payment),2026-07-12T19:44:37+00:00
ACCT-000091,B0001,dup_adjustment,Duplicate adjustment row inflates SUM(AdjustmentAmt),2026-07-12T19:44:37+00:00
ACCT-000092,B0001,clean,,2026-07-12T19:44:37+00:00
ACCT-000093,B0001,clean,,2026-07-12T19:44:37+00:00
ACCT-000094,B0001,clean,,2026-07-12T19:44:37+00:00
ACCT-000095,B0001,clean,,2026-07-12T19:44:37+00:00
ACCT-000096,B0001,known_diff,Remit short vs charges; difference disclosed on export,2026-07-12T19:44:37+00:00
ACCT-000097,B0001,charge_mismatch,CustCharge summary drifted from charge detail,2026-07-12T19:44:37+00:00
ACCT-000098,B0001,clean,,2026-07-12T19:44:37+00:00
ACCT-000099,B0001,clean,,2026-07-12T19:44:37+00:00
ACCT-000100,B0001,clean,,2026-07-12T19:44:37+00:00
ACCT-000101,B0001,clean,,2026-07-12T19:44:37+00:00
ACCT-000102,B0001,adj_mismatch,Adjustments summary drifted from adjustment detail,2026-07-12T19:44:37+00:00
ACCT-000103,B0001,dup_payment,Duplicate payment row inflates SUM(Payment),2026-07-12T19:44:37+00:00
ACCT-000104,B0001,clean,,2026-07-12T19:44:37+00:00
ACCT-000105,B0001,dup_adjustment,Duplicate adjustment row inflates SUM(AdjustmentAmt),2026-07-12T19:44:37+00:00
ACCT-000106,B0001,clean,,2026-07-12T19:44:37+00:00
ACCT-000107,B0001,clean,,2026-07-12T19:44:37+00:00
ACCT-000108,B0001,clean,,2026-07-12T19:44:37+00:00
ACCT-000109,B0001,clean,,2026-07-12T19:44:37+00:00
ACCT-000110,B0001,clean,,2026-07-12T19:44:37+00:00
ACCT-000111,B0001,clean,,2026-07-12T19:44:37+00:00
ACCT-000112,B0001,dup_payment,Duplicate payment row inflates SUM(Payment),2026-07-12T19:44:37+00:00
ACCT-000113,B0001,total_fail,Every check seeded to fail,2026-07-12T19:44:37+00:00
ACCT-000114,B0001,clean,,2026-07-12T19:44:37+00:00
ACCT-000115,B0001,clean,,2026-07-12T19:44:37+00:00
ACCT-000116,B0001,clean,,2026-07-12T19:44:37+00:00
ACCT-000117,B0001,clean,,2026-07-12T19:44:37+00:00
ACCT-000118,B0001,clean,,2026-07-12T19:44:37+00:00
ACCT-000119,B0001,dup_adjustment,Duplicate adjustment row inflates SUM(AdjustmentAmt),2026-07-12T19:44:37+00:00
ACCT-000120,B0001,clean,,2026-07-12T19:44:37+00:00
ACCT-000070,B0002,payment_short,Payment detail short of remit; no duplicates to zero out,2026-07-12T20:07:48+00:00
ACCT-000111,B0002,clean,,2026-07-12T20:07:48+00:00
ACCT-000083,B0002,dup_unfixable,Payment detail short of remit; no duplicates to zero out,2026-07-12T20:07:48+00:00
ACCT-000079,B0002,clean,,2026-07-12T20:07:48+00:00
ACCT-000072,B0002,clean,,2026-07-12T20:07:48+00:00
ACCT-000027,B0002,dup_payment,Duplicate payment row inflates SUM(Payment),2026-07-12T20:07:48+00:00
ACCT-000023,B0002,rc_misreport,Export reports a phantom R-C difference,2026-07-12T20:07:48+00:00
ACCT-000016,B0002,clean,,2026-07-12T20:07:48+00:00
ACCT-000041,B0002,clean,,2026-07-12T20:07:48+00:00
ACCT-000042,B0002,clean,,2026-07-12T20:07:48+00:00
ACCT-000058,B0002,dup_payment,Duplicate payment row inflates SUM(Payment),2026-07-12T20:07:48+00:00
ACCT-000025,B0002,clean,,2026-07-12T20:07:48+00:00
ACCT-000052,B0002,clean,,2026-07-12T20:07:48+00:00
ACCT-000076,B0002,charge_mismatch,CustCharge summary drifted from charge detail,2026-07-12T20:07:48+00:00
ACCT-000013,B0002,clean,,2026-07-12T20:07:48+00:00
ACCT-000113,B0002,clean,,2026-07-12T20:07:48+00:00
ACCT-000005,B0002,clean,,2026-07-12T20:07:48+00:00
ACCT-000037,B0002,clean,,2026-07-12T20:07:48+00:00
ACCT-000001,B0002,payment_short,Payment detail short of remit; no duplicates to zero out,2026-07-12T20:07:48+00:00
ACCT-000107,B0002,total_fail,Every check seeded to fail,2026-07-12T20:07:48+00:00
ACCT-000038,B0002,dup_payment,Duplicate payment row inflates SUM(Payment),2026-07-12T20:07:48+00:00
ACCT-000028,B0002,payment_short,Payment detail short of remit; no duplicates to zero out,2026-07-12T20:07:48+00:00
ACCT-000116,B0002,rc_misreport,Export reports a phantom R-C difference,2026-07-12T20:07:48+00:00
ACCT-000074,B0002,adj_mismatch,Adjustments summary drifted from adjustment detail,2026-07-12T20:07:48+00:00
ACCT-000012,B0002,clean,,2026-07-12T20:07:48+00:00
ACCT-000120,B0002,charge_mismatch,CustCharge summary drifted from charge detail,2026-07-12T20:07:48+00:00
ACCT-000078,B0002,dup_charge,Duplicate charge row inflates SUM(UtilityCharge),2026-07-12T20:07:48+00:00
ACCT-000121,B0002,clean,,2026-07-12T20:07:48+00:00
ACCT-000122,B0002,clean,,2026-07-12T20:07:48+00:00
ACCT-000103,B0003,dup_payment,Duplicate payment row inflates SUM(Payment),2026-07-12T21:41:14+00:00
ACCT-000017,B0003,dup_adjustment,Duplicate adjustment row inflates SUM(AdjustmentAmt),2026-07-12T21:41:14+00:00
ACCT-000093,B0003,clean,,2026-07-12T21:41:14+00:00
ACCT-000089,B0003,payment_short,Payment detail short of remit; no duplicates to zero out,2026-07-12T21:41:14+00:00
ACCT-000082,B0003,clean,,2026-07-12T21:41:14+00:00
ACCT-000109,B0003,dup_adjustment,Duplicate adjustment row inflates SUM(AdjustmentAmt),2026-07-12T21:41:14+00:00
ACCT-000066,B0003,clean,,2026-07-12T21:41:14+00:00
ACCT-000024,B0003,clean,,2026-07-12T21:41:14+00:00
ACCT-000010,B0003,rc_misreport,Export reports a phantom R-C difference,2026-07-12T21:41:14+00:00
ACCT-000025,B0003,clean,,2026-07-12T21:41:14+00:00
ACCT-000114,B0003,clean,,2026-07-12T21:41:14+00:00
ACCT-000080,B0003,clean,,2026-07-12T21:41:14+00:00
ACCT-000011,B0003,clean,,2026-07-12T21:41:14+00:00
ACCT-000018,B0003,payment_short,Payment detail short of remit; no duplicates to zero out,2026-07-12T21:41:14+00:00
ACCT-000029,B0003,clean,,2026-07-12T21:41:14+00:00
ACCT-000096,B0003,clean,,2026-07-12T21:41:14+00:00
ACCT-000100,B0003,clean,,2026-07-12T21:41:14+00:00
ACCT-000084,B0003,charge_mismatch,CustCharge summary drifted from charge detail,2026-07-12T21:41:14+00:00
ACCT-000044,B0003,charge_mismatch,CustCharge summary drifted from charge detail,2026-07-12T21:41:14+00:00
ACCT-000046,B0003,dup_payment,Duplicate payment row inflates SUM(Payment),2026-07-12T21:41:14+00:00
ACCT-000091,B0003,total_fail,Every check seeded to fail,2026-07-12T21:41:14+00:00
ACCT-000028,B0003,clean,,2026-07-12T21:41:14+00:00
ACCT-000112,B0003,clean,,2026-07-12T21:41:14+00:00
ACCT-000038,B0003,clean,,2026-07-12T21:41:14+00:00
ACCT-000085,B0003,dup_payment,Duplicate payment row inflates SUM(Payment),2026-07-12T21:41:14+00:00
ACCT-000095,B0003,dup_payment,Duplicate payment row inflates SUM(Payment),2026-07-12T21:41:14+00:00
ACCT-000087,B0003,clean,,2026-07-12T21:41:14+00:00
ACCT-000036,B0003,clean,,2026-07-12T21:41:14+00:00
ACCT-000053,B0003,clean,,2026-07-12T21:41:14+00:00
ACCT-000101,B0003,dup_charge,Duplicate charge row inflates SUM(UtilityCharge),2026-07-12T21:41:14+00:00
ACCT-000033,B0003,payment_short,Payment detail short of remit; no duplicates to zero out,2026-07-12T21:41:14+00:00
ACCT-000121,B0003,clean,,2026-07-12T21:41:14+00:00
ACCT-000123,B0003,clean,,2026-07-12T21:41:14+00:00
ACCT-000124,B0003,adj_mismatch,Adjustments summary drifted from adjustment detail,2026-07-12T21:41:14+00:00
ACCT-000125,B0003,clean,,2026-07-12T21:41:14+00:00
ACCT-000126,B0003,known_diff,Remit short vs charges; difference disclosed on export,2026-07-12T21:41:14+00:00
ACCT-000064,B0004,clean,,2026-07-12T22:39:31+00:00
ACCT-000034,B0004,dup_payment,Duplicate payment row inflates SUM(Payment),2026-07-12T22:39:31+00:00
ACCT-000096,B0004,clean,,2026-07-12T22:39:31+00:00
ACCT-000091,B0004,clean,,2026-07-12T22:39:31+00:00
ACCT-000068,B0004,known_diff,Remit short vs charges; difference disclosed on export,2026-07-12T22:39:31+00:00
ACCT-000029,B0004,dup_payment,Duplicate payment row inflates SUM(Payment),2026-07-12T22:39:31+00:00
ACCT-000047,B0004,dup_charge,Duplicate charge row inflates SUM(UtilityCharge),2026-07-12T22:39:31+00:00
ACCT-000083,B0004,clean,,2026-07-12T22:39:31+00:00
ACCT-000052,B0004,clean,,2026-07-12T22:39:31+00:00
ACCT-000001,B0004,dup_payment,Duplicate payment row inflates SUM(Payment),2026-07-12T22:39:31+00:00
ACCT-000022,B0004,known_diff,Remit short vs charges; difference disclosed on export,2026-07-12T22:39:31+00:00
ACCT-000016,B0004,rc_misreport,Export reports a phantom R-C difference,2026-07-12T22:39:31+00:00
ACCT-000102,B0004,payment_short,Payment detail short of remit; no duplicates to zero out,2026-07-12T22:39:31+00:00
ACCT-000113,B0004,adj_mismatch,Adjustments summary drifted from adjustment detail,2026-07-12T22:39:31+00:00
ACCT-000013,B0004,clean,,2026-07-12T22:39:31+00:00
ACCT-000121,B0004,rc_misreport,Export reports a phantom R-C difference,2026-07-12T22:39:31+00:00
ACCT-000030,B0004,payment_short,Payment detail short of remit; no duplicates to zero out,2026-07-12T22:39:31+00:00
ACCT-000043,B0004,clean,,2026-07-12T22:39:31+00:00
ACCT-000105,B0004,clean,,2026-07-12T22:39:31+00:00
ACCT-000028,B0004,clean,,2026-07-12T22:39:31+00:00
ACCT-000010,B0004,clean,,2026-07-12T22:39:31+00:00
ACCT-000109,B0004,known_diff,Remit short vs charges; difference disclosed on export,2026-07-12T22:39:31+00:00
ACCT-000103,B0004,clean,,2026-07-12T22:39:31+00:00
ACCT-000125,B0004,clean,,2026-07-12T22:39:31+00:00
ACCT-000046,B0004,known_diff,Remit short vs charges; difference disclosed on export,2026-07-12T22:39:31+00:00
ACCT-000114,B0004,clean,,2026-07-12T22:39:31+00:00
ACCT-000011,B0004,dup_payment,Duplicate payment row inflates SUM(Payment),2026-07-12T22:39:31+00:00
ACCT-000089,B0004,clean,,2026-07-12T22:39:31+00:00
ACCT-000092,B0004,clean,,2026-07-12T22:39:31+00:00
ACCT-000111,B0004,clean,,2026-07-12T22:39:31+00:00
ACCT-000079,B0004,payment_short,Payment detail short of remit; no duplicates to zero out,2026-07-12T22:39:31+00:00
ACCT-000127,B0004,clean,,2026-07-12T22:39:31+00:00
ACCT-000128,B0004,clean,,2026-07-12T22:39:31+00:00
ACCT-000073,B0005,clean,,2026-07-12T23:44:19+00:00
ACCT-000115,B0005,clean,,2026-07-12T23:44:19+00:00
ACCT-000017,B0005,payment_short,Payment detail short of remit; no duplicates to zero out,2026-07-12T23:44:19+00:00
ACCT-000043,B0005,rc_misreport,Export reports a phantom R-C difference,2026-07-12T23:44:19+00:00
ACCT-000050,B0005,clean,,2026-07-12T23:44:19+00:00
ACCT-000083,B0005,clean,,2026-07-12T23:44:19+00:00
ACCT-000070,B0005,payment_short,Payment detail short of remit; no duplicates to zero out,2026-07-12T23:44:19+00:00
ACCT-000075,B0005,dup_charge,Duplicate charge row inflates SUM(UtilityCharge),2026-07-12T23:44:19+00:00
ACCT-000012,B0005,clean,,2026-07-12T23:44:19+00:00
ACCT-000076,B0005,clean,,2026-07-12T23:44:19+00:00
ACCT-000128,B0005,clean,,2026-07-12T23:44:19+00:00
ACCT-000118,B0005,clean,,2026-07-12T23:44:19+00:00
ACCT-000047,B0005,clean,,2026-07-12T23:44:19+00:00
ACCT-000031,B0005,clean,,2026-07-12T23:44:19+00:00
ACCT-000093,B0005,clean,,2026-07-12T23:44:19+00:00
ACCT-000049,B0005,dup_payment,Duplicate payment row inflates SUM(Payment),2026-07-12T23:44:19+00:00
ACCT-000057,B0005,dup_payment,Duplicate payment row inflates SUM(Payment),2026-07-12T23:44:19+00:00
ACCT-000097,B0005,clean,,2026-07-12T23:44:19+00:00
ACCT-000013,B0005,total_fail,Every check seeded to fail,2026-07-12T23:44:19+00:00
ACCT-000005,B0005,charge_mismatch,CustCharge summary drifted from charge detail,2026-07-12T23:44:19+00:00
ACCT-000074,B0005,total_fail,Every check seeded to fail,2026-07-12T23:44:19+00:00
ACCT-000104,B0005,dup_payment,Duplicate payment row inflates SUM(Payment),2026-07-12T23:44:19+00:00
ACCT-000086,B0005,dup_payment,Duplicate payment row inflates SUM(Payment),2026-07-12T23:44:19+00:00
ACCT-000018,B0005,clean,,2026-07-12T23:44:19+00:00
ACCT-000026,B0005,dup_unfixable,Payment detail short of remit; no duplicates to zero out,2026-07-12T23:44:19+00:00
ACCT-000072,B0005,clean,,2026-07-12T23:44:19+00:00
ACCT-000038,B0005,clean,,2026-07-12T23:44:19+00:00
ACCT-000080,B0005,rc_misreport,Export reports a phantom R-C difference,2026-07-12T23:44:19+00:00
ACCT-000114,B0005,clean,,2026-07-12T23:44:19+00:00
ACCT-000011,B0005,charge_mismatch,CustCharge summary drifted from charge detail,2026-07-12T23:44:19+00:00
ACCT-000084,B0005,dup_charge,Duplicate charge row inflates SUM(UtilityCharge),2026-07-12T23:44:19+00:00
ACCT-000095,B0005,clean,,2026-07-12T23:44:19+00:00
ACCT-000034,B0005,clean,,2026-07-12T23:44:19+00:00
ACCT-000081,B0005,clean,,2026-07-12T23:44:19+00:00
ACCT-000129,B0005,adj_mismatch,Adjustments summary drifted from adjustment detail,2026-07-12T23:44:19+00:00
ACCT-000130,B0005,clean,,2026-07-12T23:44:19+00:00
ACCT-000048,B0006,clean,,2026-07-14T22:50:00+00:00
ACCT-000064,B0006,dup_payment,Duplicate payment row inflates SUM(Payment),2026-07-14T22:50:00+00:00
ACCT-000076,B0006,clean,,2026-07-14T22:50:00+00:00
ACCT-000041,B0006,charge_mismatch,CustCharge summary drifted from charge detail,2026-07-14T22:50:00+00:00
ACCT-000052,B0006,clean,,2026-07-14T22:50:00+00:00
ACCT-000011,B0006,clean,,2026-07-14T22:50:00+00:00
ACCT-000047,B0006,clean,,2026-07-14T22:50:00+00:00
ACCT-000034,B0006,adj_mismatch,Adjustments summary drifted from adjustment detail,2026-07-14T22:50:00+00:00
ACCT-000036,B0006,payment_short,Payment detail short of remit; no duplicates to zero out,2026-07-14T22:50:00+00:00
ACCT-000069,B0006,clean,,2026-07-14T22:50:00+00:00
ACCT-000124,B0006,clean,,2026-07-14T22:50:00+00:00
ACCT-000039,B0006,payment_short,Payment detail short of remit; no duplicates to zero out,2026-07-14T22:50:00+00:00
ACCT-000090,B0006,dup_charge,Duplicate charge row inflates SUM(UtilityCharge),2026-07-14T22:50:00+00:00
ACCT-000129,B0006,dup_unfixable,Payment detail short of remit; no duplicates to zero out,2026-07-14T22:50:00+00:00
ACCT-000022,B0006,rc_misreport,Export reports a phantom R-C difference,2026-07-14T22:50:00+00:00
ACCT-000118,B0006,adj_mismatch,Adjustments summary drifted from adjustment detail,2026-07-14T22:50:00+00:00
ACCT-000105,B0006,clean,,2026-07-14T22:50:00+00:00
ACCT-000038,B0006,known_diff,Remit short vs charges; difference disclosed on export,2026-07-14T22:50:00+00:00
ACCT-000109,B0006,clean,,2026-07-14T22:50:00+00:00
ACCT-000119,B0006,known_diff,Remit short vs charges; difference disclosed on export,2026-07-14T22:50:00+00:00
ACCT-000081,B0006,charge_mismatch,CustCharge summary drifted from charge detail,2026-07-14T22:50:00+00:00
ACCT-000120,B0006,clean,,2026-07-14T22:50:00+00:00
ACCT-000020,B0006,known_diff,Remit short vs charges; difference disclosed on export,2026-07-14T22:50:00+00:00
ACCT-000057,B0006,clean,,2026-07-14T22:50:00+00:00
ACCT-000033,B0006,clean,,2026-07-14T22:50:00+00:00
ACCT-000093,B0006,clean,,2026-07-14T22:50:00+00:00
ACCT-000112,B0006,clean,,2026-07-14T22:50:00+00:00
ACCT-000088,B0006,clean,,2026-07-14T22:50:00+00:00
ACCT-000131,B0006,rc_misreport,Export reports a phantom R-C difference,2026-07-14T22:50:00+00:00
ACCT-000132,B0006,dup_charge,Duplicate charge row inflates SUM(UtilityCharge),2026-07-14T22:50:00+00:00
ACCT-000133,B0006,clean,,2026-07-14T22:50:00+00:00
ACCT-000084,B0007,dup_payment,Duplicate payment row inflates SUM(Payment),2026-07-14T23:44:01+00:00
ACCT-000089,B0007,dup_payment,Duplicate payment row inflates SUM(Payment),2026-07-14T23:44:01+00:00
ACCT-000117,B0007,clean,,2026-07-14T23:44:01+00:00
ACCT-000039,B0007,clean,,2026-07-14T23:44:01+00:00
ACCT-000109,B0007,clean,,2026-07-14T23:44:01+00:00
ACCT-000076,B0007,clean,,2026-07-14T23:44:01+00:00
ACCT-000037,B0007,payment_short,Payment detail short of remit; no duplicates to zero out,2026-07-14T23:44:01+00:00
ACCT-000035,B0007,clean,,2026-07-14T23:44:01+00:00
ACCT-000003,B0007,clean,,2026-07-14T23:44:01+00:00
ACCT-000045,B0007,clean,,2026-07-14T23:44:01+00:00
ACCT-000032,B0007,payment_short,Payment detail short of remit; no duplicates to zero out,2026-07-14T23:44:01+00:00
ACCT-000087,B0007,payment_short,Payment detail short of remit; no duplicates to zero out,2026-07-14T23:44:01+00:00
ACCT-000115,B0007,dup_charge,Duplicate charge row inflates SUM(UtilityCharge),2026-07-14T23:44:01+00:00
ACCT-000128,B0007,payment_short,Payment detail short of remit; no duplicates to zero out,2026-07-14T23:44:01+00:00
ACCT-000057,B0007,charge_mismatch,CustCharge summary drifted from charge detail,2026-07-14T23:44:01+00:00
ACCT-000123,B0007,clean,,2026-07-14T23:44:01+00:00
ACCT-000120,B0007,charge_mismatch,CustCharge summary drifted from charge detail,2026-07-14T23:44:01+00:00
ACCT-000053,B0007,clean,,2026-07-14T23:44:01+00:00
ACCT-000006,B0007,clean,,2026-07-14T23:44:01+00:00
ACCT-000088,B0007,total_fail,Every check seeded to fail,2026-07-14T23:44:01+00:00
ACCT-000018,B0007,dup_adjustment,Duplicate adjustment row inflates SUM(AdjustmentAmt),2026-07-14T23:44:01+00:00
ACCT-000067,B0007,clean,,2026-07-14T23:44:01+00:00
ACCT-000105,B0007,clean,,2026-07-14T23:44:01+00:00
ACCT-000101,B0007,adj_mismatch,Adjustments summary drifted from adjustment detail,2026-07-14T23:44:01+00:00
ACCT-000127,B0007,clean,,2026-07-14T23:44:01+00:00
ACCT-000134,B0007,clean,,2026-07-14T23:44:01+00:00
ACCT-000135,B0007,dup_payment,Duplicate payment row inflates SUM(Payment),2026-07-14T23:44:01+00:00
ACCT-000136,B0007,total_fail,Every check seeded to fail,2026-07-14T23:44:01+00:00
ACCT-000137,B0007,dup_payment,Duplicate payment row inflates SUM(Payment),2026-07-14T23:44:01+00:00
ACCT-000133,B0008,clean,,2026-07-15T01:41:57+00:00
ACCT-000105,B0008,payment_short,Payment detail short of remit; no duplicates to zero out,2026-07-15T01:41:57+00:00
ACCT-000126,B0008,payment_short,Payment detail short of remit; no duplicates to zero out,2026-07-15T01:41:57+00:00
ACCT-000026,B0008,rc_misreport,Export reports a phantom R-C difference,2026-07-15T01:41:57+00:00
ACCT-000032,B0008,clean,,2026-07-15T01:41:57+00:00
ACCT-000084,B0008,clean,,2026-07-15T01:41:57+00:00
ACCT-000008,B0008,clean,,2026-07-15T01:41:57+00:00
ACCT-000024,B0008,charge_mismatch,CustCharge summary drifted from charge detail,2026-07-15T01:41:57+00:00
ACCT-000113,B0008,dup_adjustment,Duplicate adjustment row inflates SUM(AdjustmentAmt),2026-07-15T01:41:57+00:00
ACCT-000076,B0008,clean,,2026-07-15T01:41:57+00:00
ACCT-000029,B0008,dup_payment,Duplicate payment row inflates SUM(Payment),2026-07-15T01:41:57+00:00
ACCT-000058,B0008,rc_misreport,Export reports a phantom R-C difference,2026-07-15T01:41:57+00:00
ACCT-000114,B0008,dup_payment,Duplicate payment row inflates SUM(Payment),2026-07-15T01:41:57+00:00
ACCT-000124,B0008,dup_unfixable,Payment detail short of remit; no duplicates to zero out,2026-07-15T01:41:57+00:00
ACCT-000115,B0008,clean,,2026-07-15T01:41:57+00:00
ACCT-000132,B0008,clean,,2026-07-15T01:41:57+00:00
ACCT-000006,B0008,known_diff,Remit short vs charges; difference disclosed on export,2026-07-15T01:41:57+00:00
ACCT-000127,B0008,clean,,2026-07-15T01:41:57+00:00
ACCT-000069,B0008,charge_mismatch,CustCharge summary drifted from charge detail,2026-07-15T01:41:57+00:00
ACCT-000098,B0008,clean,,2026-07-15T01:41:57+00:00
ACCT-000063,B0008,dup_adjustment,Duplicate adjustment row inflates SUM(AdjustmentAmt),2026-07-15T01:41:57+00:00
ACCT-000064,B0008,total_fail,Every check seeded to fail,2026-07-15T01:41:57+00:00
ACCT-000030,B0008,clean,,2026-07-15T01:41:57+00:00
ACCT-000083,B0008,clean,,2026-07-15T01:41:57+00:00
ACCT-000081,B0008,clean,,2026-07-15T01:41:57+00:00
ACCT-000033,B0008,clean,,2026-07-15T01:41:57+00:00
ACCT-000077,B0008,clean,,2026-07-15T01:41:57+00:00
ACCT-000051,B0008,dup_payment,Duplicate payment row inflates SUM(Payment),2026-07-15T01:41:57+00:00
ACCT-000130,B0008,known_diff,Remit short vs charges; difference disclosed on export,2026-07-15T01:41:57+00:00
ACCT-000100,B0008,clean,,2026-07-15T01:41:57+00:00
ACCT-000052,B0008,clean,,2026-07-15T01:41:57+00:00
ACCT-000138,B0008,charge_mismatch,CustCharge summary drifted from charge detail,2026-07-15T01:41:57+00:00
ACCT-000139,B0008,clean,,2026-07-15T01:41:57+00:00
ACCT-000140,B0008,clean,,2026-07-15T01:41:57+00:00
ACCT-000081,B0009,adj_mismatch,Adjustments summary drifted from adjustment detail,2026-07-15T04:44:07+00:00
ACCT-000029,B0009,payment_short,Payment detail short of remit; no duplicates to zero out,2026-07-15T04:44:07+00:00
ACCT-000057,B0009,dup_payment,Duplicate payment row inflates SUM(Payment),2026-07-15T04:44:07+00:00
ACCT-000096,B0009,clean,,2026-07-15T04:44:07+00:00
ACCT-000085,B0009,clean,,2026-07-15T04:44:07+00:00
ACCT-000120,B0009,payment_short,Payment detail short of remit; no duplicates to zero out,2026-07-15T04:44:07+00:00
ACCT-000101,B0009,dup_payment,Duplicate payment row inflates SUM(Payment),2026-07-15T04:44:07+00:00
ACCT-000097,B0009,clean,,2026-07-15T04:44:07+00:00
ACCT-000079,B0009,charge_mismatch,CustCharge summary drifted from charge detail,2026-07-15T04:44:07+00:00
ACCT-000137,B0009,charge_mismatch,CustCharge summary drifted from charge detail,2026-07-15T04:44:07+00:00
ACCT-000071,B0009,clean,,2026-07-15T04:44:07+00:00
ACCT-000005,B0009,clean,,2026-07-15T04:44:07+00:00
ACCT-000094,B0009,clean,,2026-07-15T04:44:07+00:00
ACCT-000063,B0009,clean,,2026-07-15T04:44:07+00:00
ACCT-000128,B0009,payment_short,Payment detail short of remit; no duplicates to zero out,2026-07-15T04:44:07+00:00
ACCT-000068,B0009,clean,,2026-07-15T04:44:07+00:00
ACCT-000048,B0009,clean,,2026-07-15T04:44:07+00:00
ACCT-000087,B0009,clean,,2026-07-15T04:44:07+00:00
ACCT-000062,B0009,dup_payment,Duplicate payment row inflates SUM(Payment),2026-07-15T04:44:07+00:00
ACCT-000091,B0009,clean,,2026-07-15T04:44:07+00:00
ACCT-000092,B0009,clean,,2026-07-15T04:44:07+00:00
ACCT-000026,B0009,clean,,2026-07-15T04:44:07+00:00
ACCT-000113,B0009,clean,,2026-07-15T04:44:07+00:00
ACCT-000006,B0009,clean,,2026-07-15T04:44:07+00:00
ACCT-000061,B0009,clean,,2026-07-15T04:44:07+00:00
ACCT-000108,B0009,clean,,2026-07-15T04:44:07+00:00
ACCT-000058,B0009,total_fail,Every check seeded to fail,2026-07-15T04:44:07+00:00
ACCT-000067,B0009,dup_charge,Duplicate charge row inflates SUM(UtilityCharge),2026-07-15T04:44:07+00:00
ACCT-000055,B0009,clean,,2026-07-15T04:44:07+00:00
ACCT-000119,B0009,clean,,2026-07-15T04:44:07+00:00
ACCT-000141,B0009,clean,,2026-07-15T04:44:07+00:00
ACCT-000142,B0009,known_diff,Remit short vs charges; difference disclosed on export,2026-07-15T04:44:07+00:00
ACCT-000143,B0009,clean,,2026-07-15T04:44:07+00:00
ACCT-000063,B0010,clean,,2026-07-15T07:08:34+00:00
ACCT-000103,B0010,clean,,2026-07-15T07:08:34+00:00
ACCT-000052,B0010,payment_short,Payment detail short of remit; no duplicates to zero out,2026-07-15T07:08:34+00:00
ACCT-000041,B0010,clean,,2026-07-15T07:08:34+00:00
ACCT-000076,B0010,known_diff,Remit short vs charges; difference disclosed on export,2026-07-15T07:08:34+00:00
ACCT-000075,B0010,clean,,2026-07-15T07:08:34+00:00
ACCT-000095,B0010,dup_charge,Duplicate charge row inflates SUM(UtilityCharge),2026-07-15T07:08:34+00:00
ACCT-000003,B0010,dup_payment,Duplicate payment row inflates SUM(Payment),2026-07-15T07:08:34+00:00
ACCT-000127,B0010,clean,,2026-07-15T07:08:34+00:00
ACCT-000092,B0010,total_fail,Every check seeded to fail,2026-07-15T07:08:34+00:00
ACCT-000010,B0010,clean,,2026-07-15T07:08:34+00:00
ACCT-000021,B0010,clean,,2026-07-15T07:08:34+00:00
ACCT-000136,B0010,clean,,2026-07-15T07:08:34+00:00
ACCT-000061,B0010,dup_payment,Duplicate payment row inflates SUM(Payment),2026-07-15T07:08:34+00:00
ACCT-000119,B0010,clean,,2026-07-15T07:08:34+00:00
ACCT-000002,B0010,dup_payment,Duplicate payment row inflates SUM(Payment),2026-07-15T07:08:34+00:00
ACCT-000053,B0010,clean,,2026-07-15T07:08:34+00:00
ACCT-000084,B0010,clean,,2026-07-15T07:08:34+00:00
ACCT-000018,B0010,clean,,2026-07-15T07:08:34+00:00
ACCT-000074,B0010,clean,,2026-07-15T07:08:34+00:00
ACCT-000143,B0010,dup_unfixable,Payment detail short of remit; no duplicates to zero out,2026-07-15T07:08:34+00:00
ACCT-000049,B0010,payment_short,Payment detail short of remit; no duplicates to zero out,2026-07-15T07:08:34+00:00
ACCT-000097,B0010,clean,,2026-07-15T07:08:34+00:00
ACCT-000048,B0010,dup_payment,Duplicate payment row inflates SUM(Payment),2026-07-15T07:08:34+00:00
ACCT-000039,B0010,charge_mismatch,CustCharge summary drifted from charge detail,2026-07-15T07:08:34+00:00
ACCT-000038,B0010,clean,,2026-07-15T07:08:34+00:00
ACCT-000006,B0010,clean,,2026-07-15T07:08:34+00:00
ACCT-000124,B0010,dup_charge,Duplicate charge row inflates SUM(UtilityCharge),2026-07-15T07:08:34+00:00
ACCT-000137,B0010,dup_payment,Duplicate payment row inflates SUM(Payment),2026-07-15T07:08:34+00:00
ACCT-000117,B0010,clean,,2026-07-15T07:08:34+00:00
ACCT-000077,B0010,clean,,2026-07-15T07:08:34+00:00
ACCT-000031,B0010,clean,,2026-07-15T07:08:34+00:00
ACCT-000144,B0010,clean,,2026-07-15T07:08:34+00:00
ACCT-000145,B0010,clean,,2026-07-15T07:08:34+00:00
ACCT-000024,B0011,total_fail,Every check seeded to fail,2026-07-15T09:27:10+00:00
ACCT-000055,B0011,adj_mismatch,Adjustments summary drifted from adjustment detail,2026-07-15T09:27:10+00:00
ACCT-000107,B0011,clean,,2026-07-15T09:27:10+00:00
ACCT-000086,B0011,known_diff,Remit short vs charges; difference disclosed on export,2026-07-15T09:27:10+00:00
ACCT-000088,B0011,clean,,2026-07-15T09:27:10+00:00
ACCT-000114,B0011,dup_payment,Duplicate payment row inflates SUM(Payment),2026-07-15T09:27:10+00:00
ACCT-000133,B0011,clean,,2026-07-15T09:27:10+00:00
ACCT-000058,B0011,clean,,2026-07-15T09:27:10+00:00
ACCT-000125,B0011,dup_payment,Duplicate payment row inflates SUM(Payment),2026-07-15T09:27:10+00:00
ACCT-000062,B0011,clean,,2026-07-15T09:27:10+00:00
ACCT-000077,B0011,clean,,2026-07-15T09:27:10+00:00
ACCT-000116,B0011,total_fail,Every check seeded to fail,2026-07-15T09:27:10+00:00
ACCT-000059,B0011,clean,,2026-07-15T09:27:10+00:00
ACCT-000016,B0011,adj_mismatch,Adjustments summary drifted from adjustment detail,2026-07-15T09:27:10+00:00
ACCT-000115,B0011,clean,,2026-07-15T09:27:10+00:00
ACCT-000067,B0011,known_diff,Remit short vs charges; difference disclosed on export,2026-07-15T09:27:10+00:00
ACCT-000074,B0011,clean,,2026-07-15T09:27:10+00:00
ACCT-000010,B0011,charge_mismatch,CustCharge summary drifted from charge detail,2026-07-15T09:27:10+00:00
ACCT-000008,B0011,clean,,2026-07-15T09:27:10+00:00
ACCT-000050,B0011,clean,,2026-07-15T09:27:10+00:00
ACCT-000071,B0011,clean,,2026-07-15T09:27:10+00:00
ACCT-000099,B0011,clean,,2026-07-15T09:27:10+00:00
ACCT-000075,B0011,clean,,2026-07-15T09:27:10+00:00
ACCT-000121,B0011,clean,,2026-07-15T09:27:10+00:00
ACCT-000095,B0011,rc_misreport,Export reports a phantom R-C difference,2026-07-15T09:27:10+00:00
ACCT-000043,B0011,clean,,2026-07-15T09:27:10+00:00
ACCT-000096,B0011,dup_payment,Duplicate payment row inflates SUM(Payment),2026-07-15T09:27:10+00:00
ACCT-000030,B0011,payment_short,Payment detail short of remit; no duplicates to zero out,2026-07-15T09:27:10+00:00
ACCT-000073,B0011,total_fail,Every check seeded to fail,2026-07-15T09:27:10+00:00
ACCT-000068,B0011,dup_charge,Duplicate charge row inflates SUM(UtilityCharge),2026-07-15T09:27:10+00:00
ACCT-000006,B0011,payment_short,Payment detail short of remit; no duplicates to zero out,2026-07-15T09:27:10+00:00
ACCT-000146,B0011,clean,,2026-07-15T09:27:10+00:00
ACCT-000147,B0011,clean,,2026-07-15T09:27:10+00:00
ACCT-000148,B0011,clean,,2026-07-15T09:27:10+00:00
ACCT-000125,B0012,clean,,2026-07-15T11:08:21+00:00
ACCT-000071,B0012,known_diff,Remit short vs charges; difference disclosed on export,2026-07-15T11:08:21+00:00
ACCT-000036,B0012,clean,,2026-07-15T11:08:21+00:00
ACCT-000070,B0012,total_fail,Every check seeded to fail,2026-07-15T11:08:21+00:00
ACCT-000020,B0012,payment_short,Payment detail short of remit; no duplicates to zero out,2026-07-15T11:08:21+00:00
ACCT-000081,B0012,clean,,2026-07-15T11:08:21+00:00
ACCT-000127,B0012,clean,,2026-07-15T11:08:21+00:00
ACCT-000035,B0012,payment_short,Payment detail short of remit; no duplicates to zero out,2026-07-15T11:08:21+00:00
ACCT-000078,B0012,clean,,2026-07-15T11:08:21+00:00
ACCT-000093,B0012,clean,,2026-07-15T11:08:21+00:00
ACCT-000104,B0012,dup_unfixable,Payment detail short of remit; no duplicates to zero out,2026-07-15T11:08:21+00:00
ACCT-000105,B0012,clean,,2026-07-15T11:08:21+00:00
ACCT-000108,B0012,rc_misreport,Export reports a phantom R-C difference,2026-07-15T11:08:21+00:00
ACCT-000068,B0012,adj_mismatch,Adjustments summary drifted from adjustment detail,2026-07-15T11:08:21+00:00
ACCT-000029,B0012,clean,,2026-07-15T11:08:21+00:00
ACCT-000013,B0012,clean,,2026-07-15T11:08:21+00:00
ACCT-000072,B0012,clean,,2026-07-15T11:08:21+00:00
ACCT-000126,B0012,clean,,2026-07-15T11:08:21+00:00
ACCT-000141,B0012,charge_mismatch,CustCharge summary drifted from charge detail,2026-07-15T11:08:21+00:00
ACCT-000143,B0012,dup_payment,Duplicate payment row inflates SUM(Payment),2026-07-15T11:08:21+00:00
ACCT-000034,B0012,dup_adjustment,Duplicate adjustment row inflates SUM(AdjustmentAmt),2026-07-15T11:08:21+00:00
ACCT-000027,B0012,payment_short,Payment detail short of remit; no duplicates to zero out,2026-07-15T11:08:21+00:00
ACCT-000062,B0012,clean,,2026-07-15T11:08:21+00:00
ACCT-000073,B0012,charge_mismatch,CustCharge summary drifted from charge detail,2026-07-15T11:08:21+00:00
ACCT-000045,B0012,dup_payment,Duplicate payment row inflates SUM(Payment),2026-07-15T11:08:21+00:00
ACCT-000139,B0012,rc_misreport,Export reports a phantom R-C difference,2026-07-15T11:08:21+00:00
ACCT-000149,B0012,clean,,2026-07-15T11:08:21+00:00
ACCT-000150,B0012,clean,,2026-07-15T11:08:21+00:00
ACCT-000151,B0012,clean,,2026-07-15T11:08:21+00:00
ACCT-000075,B0013,clean,,2026-07-15T12:49:22+00:00
ACCT-000123,B0013,payment_short,Payment detail short of remit; no duplicates to zero out,2026-07-15T12:49:22+00:00
ACCT-000013,B0013,payment_short,Payment detail short of remit; no duplicates to zero out,2026-07-15T12:49:22+00:00
ACCT-000050,B0013,clean,,2026-07-15T12:49:22+00:00
ACCT-000041,B0013,charge_mismatch,CustCharge summary drifted from charge detail,2026-07-15T12:49:22+00:00
ACCT-000132,B0013,payment_short,Payment detail short of remit; no duplicates to zero out,2026-07-15T12:49:22+00:00
ACCT-000025,B0013,total_fail,Every check seeded to fail,2026-07-15T12:49:22+00:00
ACCT-000061,B0013,clean,,2026-07-15T12:49:22+00:00
ACCT-000126,B0013,clean,,2026-07-15T12:49:22+00:00
ACCT-000051,B0013,adj_mismatch,Adjustments summary drifted from adjustment detail,2026-07-15T12:49:22+00:00
ACCT-000150,B0013,dup_payment,Duplicate payment row inflates SUM(Payment),2026-07-15T12:49:22+00:00
ACCT-000059,B0013,clean,,2026-07-15T12:49:22+00:00
ACCT-000121,B0013,rc_misreport,Export reports a phantom R-C difference,2026-07-15T12:49:22+00:00
ACCT-000032,B0013,dup_payment,Duplicate payment row inflates SUM(Payment),2026-07-15T12:49:22+00:00
ACCT-000118,B0013,dup_adjustment,Duplicate adjustment row inflates SUM(AdjustmentAmt),2026-07-15T12:49:22+00:00
ACCT-000080,B0013,clean,,2026-07-15T12:49:22+00:00
ACCT-000017,B0013,clean,,2026-07-15T12:49:22+00:00
ACCT-000099,B0013,clean,,2026-07-15T12:49:22+00:00
ACCT-000005,B0013,dup_payment,Duplicate payment row inflates SUM(Payment),2026-07-15T12:49:22+00:00
ACCT-000088,B0013,dup_payment,Duplicate payment row inflates SUM(Payment),2026-07-15T12:49:22+00:00
ACCT-000124,B0013,dup_payment,Duplicate payment row inflates SUM(Payment),2026-07-15T12:49:22+00:00
ACCT-000115,B0013,clean,,2026-07-15T12:49:22+00:00
ACCT-000056,B0013,dup_payment,Duplicate payment row inflates SUM(Payment),2026-07-15T12:49:22+00:00
ACCT-000014,B0013,clean,,2026-07-15T12:49:22+00:00
ACCT-000120,B0013,clean,,2026-07-15T12:49:22+00:00
ACCT-000083,B0013,dup_adjustment,Duplicate adjustment row inflates SUM(AdjustmentAmt),2026-07-15T12:49:22+00:00
ACCT-000101,B0013,dup_payment,Duplicate payment row inflates SUM(Payment),2026-07-15T12:49:22+00:00
ACCT-000102,B0013,dup_payment,Duplicate payment row inflates SUM(Payment),2026-07-15T12:49:22+00:00
ACCT-000134,B0013,clean,,2026-07-15T12:49:22+00:00
ACCT-000135,B0013,clean,,2026-07-15T12:49:22+00:00
ACCT-000098,B0013,clean,,2026-07-15T12:49:22+00:00
ACCT-000106,B0013,known_diff,Remit short vs charges; difference disclosed on export,2026-07-15T12:49:22+00:00
ACCT-000007,B0013,dup_adjustment,Duplicate adjustment row inflates SUM(AdjustmentAmt),2026-07-15T12:49:22+00:00
ACCT-000012,B0013,clean,,2026-07-15T12:49:22+00:00
ACCT-000060,B0013,clean,,2026-07-15T12:49:22+00:00
ACCT-000152,B0013,charge_mismatch,CustCharge summary drifted from charge detail,2026-07-15T12:49:22+00:00
ACCT-000153,B0013,clean,,2026-07-15T12:49:22+00:00
ACCT-000154,B0013,rc_misreport,Export reports a phantom R-C difference,2026-07-15T12:49:22+00:00
ACCT-000049,B0014,clean,,2026-07-15T14:43:18+00:00
ACCT-000078,B0014,dup_payment,Duplicate payment row inflates SUM(Payment),2026-07-15T14:43:18+00:00
ACCT-000148,B0014,clean,,2026-07-15T14:43:18+00:00
ACCT-000093,B0014,clean,,2026-07-15T14:43:18+00:00
ACCT-000004,B0014,dup_unfixable,Payment detail short of remit; no duplicates to zero out,2026-07-15T14:43:18+00:00
ACCT-000070,B0014,clean,,2026-07-15T14:43:18+00:00
ACCT-000041,B0014,clean,,2026-07-15T14:43:18+00:00
ACCT-000035,B0014,clean,,2026-07-15T14:43:18+00:00
ACCT-000007,B0014,clean,,2026-07-15T14:43:18+00:00
ACCT-000137,B0014,clean,,2026-07-15T14:43:18+00:00
ACCT-000099,B0014,charge_mismatch,CustCharge summary drifted from charge detail,2026-07-15T14:43:18+00:00
ACCT-000005,B0014,rc_misreport,Export reports a phantom R-C difference,2026-07-15T14:43:18+00:00
ACCT-000018,B0014,dup_payment,Duplicate payment row inflates SUM(Payment),2026-07-15T14:43:18+00:00
ACCT-000052,B0014,clean,,2026-07-15T14:43:18+00:00
ACCT-000086,B0014,clean,,2026-07-15T14:43:18+00:00
ACCT-000083,B0014,clean,,2026-07-15T14:43:18+00:00
ACCT-000045,B0014,total_fail,Every check seeded to fail,2026-07-15T14:43:18+00:00
ACCT-000040,B0014,dup_payment,Duplicate payment row inflates SUM(Payment),2026-07-15T14:43:18+00:00
ACCT-000081,B0014,clean,,2026-07-15T14:43:18+00:00
ACCT-000069,B0014,charge_mismatch,CustCharge summary drifted from charge detail,2026-07-15T14:43:18+00:00
ACCT-000085,B0014,rc_misreport,Export reports a phantom R-C difference,2026-07-15T14:43:18+00:00
ACCT-000098,B0014,dup_charge,Duplicate charge row inflates SUM(UtilityCharge),2026-07-15T14:43:18+00:00
ACCT-000011,B0014,clean,,2026-07-15T14:43:18+00:00
ACCT-000015,B0014,known_diff,Remit short vs charges; difference disclosed on export,2026-07-15T14:43:18+00:00
ACCT-000143,B0014,known_diff,Remit short vs charges; difference disclosed on export,2026-07-15T14:43:18+00:00
ACCT-000028,B0014,clean,,2026-07-15T14:43:18+00:00
ACCT-000127,B0014,dup_payment,Duplicate payment row inflates SUM(Payment),2026-07-15T14:43:18+00:00
ACCT-000019,B0014,adj_mismatch,Adjustments summary drifted from adjustment detail,2026-07-15T14:43:18+00:00
ACCT-000090,B0014,clean,,2026-07-15T14:43:18+00:00
ACCT-000038,B0014,clean,,2026-07-15T14:43:18+00:00
ACCT-000048,B0014,clean,,2026-07-15T14:43:18+00:00
ACCT-000145,B0014,clean,,2026-07-15T14:43:18+00:00
ACCT-000155,B0014,clean,,2026-07-15T14:43:18+00:00
ACCT-000156,B0014,clean,,2026-07-15T14:43:18+00:00
ACCT-000157,B0014,dup_charge,Duplicate charge row inflates SUM(UtilityCharge),2026-07-15T14:43:18+00:00
ACCT-000009,B0015,clean,,2026-07-15T16:14:57+00:00
ACCT-000026,B0015,dup_charge,Duplicate charge row inflates SUM(UtilityCharge),2026-07-15T16:14:57+00:00
ACCT-000064,B0015,clean,,2026-07-15T16:14:57+00:00
ACCT-000034,B0015,clean,,2026-07-15T16:14:57+00:00
ACCT-000021,B0015,clean,,2026-07-15T16:14:57+00:00
ACCT-000100,B0015,clean,,2026-07-15T16:14:57+00:00
ACCT-000086,B0015,payment_short,Payment detail short of remit; no duplicates to zero out,2026-07-15T16:14:57+00:00
ACCT-000003,B0015,clean,,2026-07-15T16:14:57+00:00
ACCT-000078,B0015,dup_charge,Duplicate charge row inflates SUM(UtilityCharge),2026-07-15T16:14:57+00:00
ACCT-000069,B0015,clean,,2026-07-15T16:14:57+00:00
ACCT-000047,B0015,clean,,2026-07-15T16:14:57+00:00
ACCT-000152,B0015,clean,,2026-07-15T16:14:57+00:00
ACCT-000079,B0015,clean,,2026-07-15T16:14:57+00:00
ACCT-000023,B0015,clean,,2026-07-15T16:14:57+00:00
ACCT-000001,B0015,clean,,2026-07-15T16:14:57+00:00
ACCT-000061,B0015,payment_short,Payment detail short of remit; no duplicates to zero out,2026-07-15T16:14:57+00:00
ACCT-000057,B0015,clean,,2026-07-15T16:14:57+00:00
ACCT-000033,B0015,rc_misreport,Export reports a phantom R-C difference,2026-07-15T16:14:57+00:00
ACCT-000129,B0015,clean,,2026-07-15T16:14:57+00:00
ACCT-000123,B0015,clean,,2026-07-15T16:14:57+00:00
ACCT-000137,B0015,clean,,2026-07-15T16:14:57+00:00
ACCT-000042,B0015,charge_mismatch,CustCharge summary drifted from charge detail,2026-07-15T16:14:57+00:00
ACCT-000036,B0015,total_fail,Every check seeded to fail,2026-07-15T16:14:57+00:00
ACCT-000116,B0015,dup_payment,Duplicate payment row inflates SUM(Payment),2026-07-15T16:14:57+00:00
ACCT-000140,B0015,clean,,2026-07-15T16:14:57+00:00
ACCT-000050,B0015,clean,,2026-07-15T16:14:57+00:00
ACCT-000010,B0015,dup_payment,Duplicate payment row inflates SUM(Payment),2026-07-15T16:14:57+00:00
ACCT-000022,B0015,clean,,2026-07-15T16:14:57+00:00
ACCT-000158,B0015,charge_mismatch,CustCharge summary drifted from charge detail,2026-07-15T16:14:57+00:00
ACCT-000159,B0015,clean,,2026-07-15T16:14:57+00:00
ACCT-000096,B0016,dup_payment,Duplicate payment row inflates SUM(Payment),2026-07-15T17:44:30+00:00
ACCT-000060,B0016,clean,,2026-07-15T17:44:30+00:00
ACCT-000130,B0016,clean,,2026-07-15T17:44:30+00:00
ACCT-000027,B0016,payment_short,Payment detail short of remit; no duplicates to zero out,2026-07-15T17:44:30+00:00
ACCT-000035,B0016,clean,,2026-07-15T17:44:30+00:00
ACCT-000049,B0016,clean,,2026-07-15T17:44:30+00:00
ACCT-000158,B0016,known_diff,Remit short vs charges; difference disclosed on export,2026-07-15T17:44:30+00:00
ACCT-000088,B0016,charge_mismatch,CustCharge summary drifted from charge detail,2026-07-15T17:44:30+00:00
ACCT-000001,B0016,dup_charge,Duplicate charge row inflates SUM(UtilityCharge),2026-07-15T17:44:30+00:00
ACCT-000037,B0016,clean,,2026-07-15T17:44:30+00:00
ACCT-000077,B0016,dup_payment,Duplicate payment row inflates SUM(Payment),2026-07-15T17:44:30+00:00
ACCT-000144,B0016,charge_mismatch,CustCharge summary drifted from charge detail,2026-07-15T17:44:30+00:00
ACCT-000092,B0016,rc_misreport,Export reports a phantom R-C difference,2026-07-15T17:44:30+00:00
ACCT-000010,B0016,clean,,2026-07-15T17:44:30+00:00
ACCT-000090,B0016,clean,,2026-07-15T17:44:30+00:00
ACCT-000147,B0016,known_diff,Remit short vs charges; difference disclosed on export,2026-07-15T17:44:30+00:00
ACCT-000070,B0016,dup_adjustment,Duplicate adjustment row inflates SUM(AdjustmentAmt),2026-07-15T17:44:30+00:00
ACCT-000039,B0016,clean,,2026-07-15T17:44:30+00:00
ACCT-000089,B0016,dup_charge,Duplicate charge row inflates SUM(UtilityCharge),2026-07-15T17:44:30+00:00
ACCT-000086,B0016,clean,,2026-07-15T17:44:30+00:00
ACCT-000139,B0016,charge_mismatch,CustCharge summary drifted from charge detail,2026-07-15T17:44:30+00:00
ACCT-000103,B0016,rc_misreport,Export reports a phantom R-C difference,2026-07-15T17:44:30+00:00
ACCT-000142,B0016,clean,,2026-07-15T17:44:30+00:00
ACCT-000036,B0016,dup_charge,Duplicate charge row inflates SUM(UtilityCharge),2026-07-15T17:44:30+00:00
ACCT-000117,B0016,dup_adjustment,Duplicate adjustment row inflates SUM(AdjustmentAmt),2026-07-15T17:44:30+00:00
ACCT-000112,B0016,clean,,2026-07-15T17:44:30+00:00
ACCT-000121,B0016,known_diff,Remit short vs charges; difference disclosed on export,2026-07-15T17:44:30+00:00
ACCT-000019,B0016,clean,,2026-07-15T17:44:30+00:00
ACCT-000128,B0016,clean,,2026-07-15T17:44:30+00:00
ACCT-000093,B0016,rc_misreport,Export reports a phantom R-C difference,2026-07-15T17:44:30+00:00
ACCT-000047,B0016,dup_payment,Duplicate payment row inflates SUM(Payment),2026-07-15T17:44:30+00:00
ACCT-000065,B0016,clean,,2026-07-15T17:44:30+00:00
ACCT-000160,B0016,clean,,2026-07-15T17:44:30+00:00
ACCT-000161,B0016,clean,,2026-07-15T17:44:30+00:00
ACCT-000148,B0017,dup_unfixable,Payment detail short of remit; no duplicates to zero out,2026-07-15T18:58:12+00:00
ACCT-000019,B0017,clean,,2026-07-15T18:58:12+00:00
ACCT-000086,B0017,clean,,2026-07-15T18:58:12+00:00
ACCT-000052,B0017,dup_payment,Duplicate payment row inflates SUM(Payment),2026-07-15T18:58:12+00:00
ACCT-000049,B0017,clean,,2026-07-15T18:58:12+00:00
ACCT-000154,B0017,rc_misreport,Export reports a phantom R-C difference,2026-07-15T18:58:12+00:00
ACCT-000081,B0017,clean,,2026-07-15T18:58:12+00:00
ACCT-000119,B0017,clean,,2026-07-15T18:58:12+00:00
ACCT-000157,B0017,clean,,2026-07-15T18:58:12+00:00
ACCT-000037,B0017,clean,,2026-07-15T18:58:12+00:00
ACCT-000011,B0017,rc_misreport,Export reports a phantom R-C difference,2026-07-15T18:58:12+00:00
ACCT-000137,B0017,clean,,2026-07-15T18:58:12+00:00
ACCT-000055,B0017,clean,,2026-07-15T18:58:12+00:00
ACCT-000065,B0017,dup_payment,Duplicate payment row inflates SUM(Payment),2026-07-15T18:58:12+00:00
ACCT-000009,B0017,rc_misreport,Export reports a phantom R-C difference,2026-07-15T18:58:12+00:00
ACCT-000075,B0017,clean,,2026-07-15T18:58:12+00:00
ACCT-000130,B0017,clean,,2026-07-15T18:58:12+00:00
ACCT-000128,B0017,clean,,2026-07-15T18:58:12+00:00
ACCT-000108,B0017,clean,,2026-07-15T18:58:12+00:00
ACCT-000082,B0017,dup_adjustment,Duplicate adjustment row inflates SUM(AdjustmentAmt),2026-07-15T18:58:12+00:00
ACCT-000017,B0017,payment_short,Payment detail short of remit; no duplicates to zero out,2026-07-15T18:58:12+00:00
ACCT-000151,B0017,clean,,2026-07-15T18:58:12+00:00
ACCT-000139,B0017,clean,,2026-07-15T18:58:12+00:00
ACCT-000107,B0017,clean,,2026-07-15T18:58:12+00:00
ACCT-000044,B0017,clean,,2026-07-15T18:58:12+00:00
ACCT-000095,B0017,clean,,2026-07-15T18:58:12+00:00
ACCT-000048,B0017,clean,,2026-07-15T18:58:12+00:00
ACCT-000138,B0017,dup_payment,Duplicate payment row inflates SUM(Payment),2026-07-15T18:58:12+00:00
ACCT-000056,B0017,clean,,2026-07-15T18:58:12+00:00
ACCT-000097,B0017,rc_misreport,Export reports a phantom R-C difference,2026-07-15T18:58:12+00:00
ACCT-000106,B0017,clean,,2026-07-15T18:58:12+00:00
ACCT-000006,B0017,payment_short,Payment detail short of remit; no duplicates to zero out,2026-07-15T18:58:12+00:00
ACCT-000124,B0017,payment_short,Payment detail short of remit; no duplicates to zero out,2026-07-15T18:58:12+00:00
ACCT-000127,B0017,clean,,2026-07-15T18:58:12+00:00
ACCT-000113,B0017,clean,,2026-07-15T18:58:12+00:00
ACCT-000162,B0017,clean,,2026-07-15T18:58:12+00:00
ACCT-000163,B0017,dup_payment,Duplicate payment row inflates SUM(Payment),2026-07-15T18:58:12+00:00
ACCT-000164,B0017,payment_short,Payment detail short of remit; no duplicates to zero out,2026-07-15T18:58:12+00:00
ACCT-000152,B0018,clean,,2026-07-15T20:08:35+00:00
ACCT-000153,B0018,clean,,2026-07-15T20:08:35+00:00
ACCT-000106,B0018,payment_short,Payment detail short of remit; no duplicates to zero out,2026-07-15T20:08:35+00:00
ACCT-000030,B0018,clean,,2026-07-15T20:08:35+00:00
ACCT-000143,B0018,clean,,2026-07-15T20:08:35+00:00
ACCT-000011,B0018,charge_mismatch,CustCharge summary drifted from charge detail,2026-07-15T20:08:35+00:00
ACCT-000095,B0018,clean,,2026-07-15T20:08:35+00:00
ACCT-000112,B0018,clean,,2026-07-15T20:08:35+00:00
ACCT-000098,B0018,clean,,2026-07-15T20:08:35+00:00
ACCT-000113,B0018,known_diff,Remit short vs charges; difference disclosed on export,2026-07-15T20:08:35+00:00
ACCT-000127,B0018,charge_mismatch,CustCharge summary drifted from charge detail,2026-07-15T20:08:35+00:00
ACCT-000104,B0018,clean,,2026-07-15T20:08:35+00:00
ACCT-000077,B0018,dup_payment,Duplicate payment row inflates SUM(Payment),2026-07-15T20:08:35+00:00
ACCT-000131,B0018,dup_payment,Duplicate payment row inflates SUM(Payment),2026-07-15T20:08:35+00:00
ACCT-000148,B0018,adj_mismatch,Adjustments summary drifted from adjustment detail,2026-07-15T20:08:35+00:00
ACCT-000046,B0018,clean,,2026-07-15T20:08:35+00:00
ACCT-000100,B0018,rc_misreport,Export reports a phantom R-C difference,2026-07-15T20:08:35+00:00
ACCT-000111,B0018,clean,,2026-07-15T20:08:35+00:00
ACCT-000058,B0018,dup_charge,Duplicate charge row inflates SUM(UtilityCharge),2026-07-15T20:08:35+00:00
ACCT-000158,B0018,clean,,2026-07-15T20:08:35+00:00
ACCT-000124,B0018,clean,,2026-07-15T20:08:35+00:00
ACCT-000099,B0018,dup_charge,Duplicate charge row inflates SUM(UtilityCharge),2026-07-15T20:08:35+00:00
ACCT-000140,B0018,rc_misreport,Export reports a phantom R-C difference,2026-07-15T20:08:35+00:00
ACCT-000054,B0018,dup_payment,Duplicate payment row inflates SUM(Payment),2026-07-15T20:08:35+00:00
ACCT-000017,B0018,payment_short,Payment detail short of remit; no duplicates to zero out,2026-07-15T20:08:35+00:00
ACCT-000120,B0018,clean,,2026-07-15T20:08:35+00:00
ACCT-000003,B0018,clean,,2026-07-15T20:08:35+00:00
ACCT-000149,B0018,rc_misreport,Export reports a phantom R-C difference,2026-07-15T20:08:35+00:00
ACCT-000038,B0018,clean,,2026-07-15T20:08:35+00:00
ACCT-000043,B0018,total_fail,Every check seeded to fail,2026-07-15T20:08:35+00:00
ACCT-000122,B0018,rc_misreport,Export reports a phantom R-C difference,2026-07-15T20:08:35+00:00
ACCT-000102,B0018,dup_charge,Duplicate charge row inflates SUM(UtilityCharge),2026-07-15T20:08:35+00:00
ACCT-000045,B0018,dup_charge,Duplicate charge row inflates SUM(UtilityCharge),2026-07-15T20:08:35+00:00
ACCT-000165,B0018,clean,,2026-07-15T20:08:35+00:00
ACCT-000166,B0018,rc_misreport,Export reports a phantom R-C difference,2026-07-15T20:08:35+00:00
ACCT-000011,B0019,payment_short,Payment detail short of remit; no duplicates to zero out,2026-07-15T21:28:51+00:00
ACCT-000002,B0019,clean,,2026-07-15T21:28:51+00:00
ACCT-000052,B0019,clean,,2026-07-15T21:28:51+00:00
ACCT-000074,B0019,clean,,2026-07-15T21:28:51+00:00
ACCT-000067,B0019,dup_payment,Duplicate payment row inflates SUM(Payment),2026-07-15T21:28:51+00:00
ACCT-000123,B0019,clean,,2026-07-15T21:28:51+00:00
ACCT-000117,B0019,clean,,2026-07-15T21:28:51+00:00
ACCT-000129,B0019,clean,,2026-07-15T21:28:51+00:00
ACCT-000027,B0019,dup_charge,Duplicate charge row inflates SUM(UtilityCharge),2026-07-15T21:28:51+00:00
ACCT-000153,B0019,clean,,2026-07-15T21:28:51+00:00
ACCT-000093,B0019,clean,,2026-07-15T21:28:51+00:00
ACCT-000014,B0019,clean,,2026-07-15T21:28:51+00:00
ACCT-000103,B0019,dup_charge,Duplicate charge row inflates SUM(UtilityCharge),2026-07-15T21:28:51+00:00
ACCT-000134,B0019,clean,,2026-07-15T21:28:51+00:00
ACCT-000054,B0019,payment_short,Payment detail short of remit; no duplicates to zero out,2026-07-15T21:28:51+00:00
ACCT-000066,B0019,payment_short,Payment detail short of remit; no duplicates to zero out,2026-07-15T21:28:51+00:00
ACCT-000091,B0019,charge_mismatch,CustCharge summary drifted from charge detail,2026-07-15T21:28:51+00:00
ACCT-000160,B0019,clean,,2026-07-15T21:28:51+00:00
ACCT-000145,B0019,dup_charge,Duplicate charge row inflates SUM(UtilityCharge),2026-07-15T21:28:51+00:00
ACCT-000082,B0019,dup_unfixable,Payment detail short of remit; no duplicates to zero out,2026-07-15T21:28:51+00:00
ACCT-000047,B0019,clean,,2026-07-15T21:28:51+00:00
ACCT-000130,B0019,dup_unfixable,Payment detail short of remit; no duplicates to zero out,2026-07-15T21:28:51+00:00
ACCT-000031,B0019,dup_payment,Duplicate payment row inflates SUM(Payment),2026-07-15T21:28:51+00:00
ACCT-000164,B0019,clean,,2026-07-15T21:28:51+00:00
ACCT-000086,B0019,clean,,2026-07-15T21:28:51+00:00
ACCT-000113,B0019,rc_misreport,Export reports a phantom R-C difference,2026-07-15T21:28:51+00:00
ACCT-000025,B0019,clean,,2026-07-15T21:28:51+00:00
ACCT-000068,B0019,dup_charge,Duplicate charge row inflates SUM(UtilityCharge),2026-07-15T21:28:51+00:00
ACCT-000105,B0019,clean,,2026-07-15T21:28:51+00:00
ACCT-000056,B0019,dup_payment,Duplicate payment row inflates SUM(Payment),2026-07-15T21:28:51+00:00
ACCT-000167,B0019,dup_adjustment,Duplicate adjustment row inflates SUM(AdjustmentAmt),2026-07-15T21:28:51+00:00
ACCT-000168,B0019,dup_payment,Duplicate payment row inflates SUM(Payment),2026-07-15T21:28:51+00:00
ACCT-000169,B0019,clean,,2026-07-15T21:28:51+00:00
ACCT-000170,B0019,clean,,2026-07-15T21:28:51+00:00
ACCT-000144,B0020,clean,,2026-07-15T22:30:17+00:00
ACCT-000117,B0020,dup_charge,Duplicate charge row inflates SUM(UtilityCharge),2026-07-15T22:30:17+00:00
ACCT-000126,B0020,clean,,2026-07-15T22:30:17+00:00
ACCT-000085,B0020,clean,,2026-07-15T22:30:17+00:00
ACCT-000122,B0020,clean,,2026-07-15T22:30:17+00:00
ACCT-000100,B0020,clean,,2026-07-15T22:30:17+00:00
ACCT-000150,B0020,clean,,2026-07-15T22:30:17+00:00
ACCT-000140,B0020,clean,,2026-07-15T22:30:17+00:00
ACCT-000131,B0020,dup_charge,Duplicate charge row inflates SUM(UtilityCharge),2026-07-15T22:30:17+00:00
ACCT-000095,B0020,clean,,2026-07-15T22:30:17+00:00
ACCT-000111,B0020,dup_adjustment,Duplicate adjustment row inflates SUM(AdjustmentAmt),2026-07-15T22:30:17+00:00
ACCT-000129,B0020,clean,,2026-07-15T22:30:17+00:00
ACCT-000136,B0020,clean,,2026-07-15T22:30:17+00:00
ACCT-000161,B0020,clean,,2026-07-15T22:30:17+00:00
ACCT-000028,B0020,clean,,2026-07-15T22:30:17+00:00
ACCT-000054,B0020,clean,,2026-07-15T22:30:17+00:00
ACCT-000079,B0020,known_diff,Remit short vs charges; difference disclosed on export,2026-07-15T22:30:17+00:00
ACCT-000046,B0020,payment_short,Payment detail short of remit; no duplicates to zero out,2026-07-15T22:30:17+00:00
ACCT-000070,B0020,dup_adjustment,Duplicate adjustment row inflates SUM(AdjustmentAmt),2026-07-15T22:30:17+00:00
ACCT-000011,B0020,dup_payment,Duplicate payment row inflates SUM(Payment),2026-07-15T22:30:17+00:00
ACCT-000081,B0020,clean,,2026-07-15T22:30:17+00:00
ACCT-000169,B0020,clean,,2026-07-15T22:30:17+00:00
ACCT-000088,B0020,dup_adjustment,Duplicate adjustment row inflates SUM(AdjustmentAmt),2026-07-15T22:30:17+00:00
ACCT-000005,B0020,clean,,2026-07-15T22:30:17+00:00
ACCT-000066,B0020,adj_mismatch,Adjustments summary drifted from adjustment detail,2026-07-15T22:30:17+00:00
ACCT-000059,B0020,adj_mismatch,Adjustments summary drifted from adjustment detail,2026-07-15T22:30:17+00:00
ACCT-000134,B0020,clean,,2026-07-15T22:30:17+00:00
ACCT-000171,B0020,clean,,2026-07-15T22:30:17+00:00
ACCT-000172,B0020,known_diff,Remit short vs charges; difference disclosed on export,2026-07-15T22:30:17+00:00
ACCT-000173,B0020,clean,,2026-07-15T22:30:17+00:00
ACCT-000136,B0021,clean,,2026-07-15T23:31:36+00:00
ACCT-000024,B0021,adj_mismatch,Adjustments summary drifted from adjustment detail,2026-07-15T23:31:36+00:00
ACCT-000116,B0021,dup_adjustment,Duplicate adjustment row inflates SUM(AdjustmentAmt),2026-07-15T23:31:36+00:00
ACCT-000069,B0021,dup_adjustment,Duplicate adjustment row inflates SUM(AdjustmentAmt),2026-07-15T23:31:36+00:00
ACCT-000015,B0021,dup_payment,Duplicate payment row inflates SUM(Payment),2026-07-15T23:31:36+00:00
ACCT-000092,B0021,dup_charge,Duplicate charge row inflates SUM(UtilityCharge),2026-07-15T23:31:36+00:00
ACCT-000042,B0021,clean,,2026-07-15T23:31:36+00:00
ACCT-000158,B0021,clean,,2026-07-15T23:31:36+00:00
ACCT-000081,B0021,clean,,2026-07-15T23:31:36+00:00
ACCT-000052,B0021,clean,,2026-07-15T23:31:36+00:00
ACCT-000153,B0021,clean,,2026-07-15T23:31:36+00:00
ACCT-000045,B0021,payment_short,Payment detail short of remit; no duplicates to zero out,2026-07-15T23:31:36+00:00
ACCT-000149,B0021,rc_misreport,Export reports a phantom R-C difference,2026-07-15T23:31:36+00:00
ACCT-000072,B0021,clean,,2026-07-15T23:31:36+00:00
ACCT-000138,B0021,clean,,2026-07-15T23:31:36+00:00
ACCT-000103,B0021,clean,,2026-07-15T23:31:36+00:00
ACCT-000096,B0021,dup_payment,Duplicate payment row inflates SUM(Payment),2026-07-15T23:31:36+00:00
ACCT-000157,B0021,charge_mismatch,CustCharge summary drifted from charge detail,2026-07-15T23:31:36+00:00
ACCT-000019,B0021,charge_mismatch,CustCharge summary drifted from charge detail,2026-07-15T23:31:36+00:00
ACCT-000139,B0021,clean,,2026-07-15T23:31:36+00:00
ACCT-000086,B0021,clean,,2026-07-15T23:31:36+00:00
ACCT-000172,B0021,dup_adjustment,Duplicate adjustment row inflates SUM(AdjustmentAmt),2026-07-15T23:31:36+00:00
ACCT-000141,B0021,clean,,2026-07-15T23:31:36+00:00
ACCT-000131,B0021,clean,,2026-07-15T23:31:36+00:00
ACCT-000028,B0021,dup_payment,Duplicate payment row inflates SUM(Payment),2026-07-15T23:31:36+00:00
ACCT-000135,B0021,clean,,2026-07-15T23:31:36+00:00
ACCT-000108,B0021,adj_mismatch,Adjustments summary drifted from adjustment detail,2026-07-15T23:31:36+00:00
ACCT-000082,B0021,known_diff,Remit short vs charges; difference disclosed on export,2026-07-15T23:31:36+00:00
ACCT-000167,B0021,clean,,2026-07-15T23:31:36+00:00
ACCT-000093,B0021,clean,,2026-07-15T23:31:36+00:00
ACCT-000030,B0021,dup_payment,Duplicate payment row inflates SUM(Payment),2026-07-15T23:31:36+00:00
ACCT-000097,B0021,clean,,2026-07-15T23:31:36+00:00
ACCT-000174,B0021,adj_mismatch,Adjustments summary drifted from adjustment detail,2026-07-15T23:31:36+00:00
ACCT-000175,B0021,clean,,2026-07-15T23:31:36+00:00
ACCT-000176,B0021,rc_misreport,Export reports a phantom R-C difference,2026-07-15T23:31:36+00:00
ACCT-000177,B0021,dup_charge,Duplicate charge row inflates SUM(UtilityCharge),2026-07-15T23:31:36+00:00
ACCT-000084,B0022,known_diff,Remit short vs charges; difference disclosed on export,2026-07-16T01:51:46+00:00
ACCT-000014,B0022,clean,,2026-07-16T01:51:46+00:00
ACCT-000082,B0022,clean,,2026-07-16T01:51:46+00:00
ACCT-000090,B0022,dup_adjustment,Duplicate adjustment row inflates SUM(AdjustmentAmt),2026-07-16T01:51:46+00:00
ACCT-000112,B0022,dup_charge,Duplicate charge row inflates SUM(UtilityCharge),2026-07-16T01:51:46+00:00
ACCT-000063,B0022,clean,,2026-07-16T01:51:46+00:00
ACCT-000088,B0022,clean,,2026-07-16T01:51:46+00:00
ACCT-000108,B0022,clean,,2026-07-16T01:51:46+00:00
ACCT-000007,B0022,dup_adjustment,Duplicate adjustment row inflates SUM(AdjustmentAmt),2026-07-16T01:51:46+00:00
ACCT-000172,B0022,clean,,2026-07-16T01:51:46+00:00
ACCT-000025,B0022,dup_adjustment,Duplicate adjustment row inflates SUM(AdjustmentAmt),2026-07-16T01:51:46+00:00
ACCT-000174,B0022,known_diff,Remit short vs charges; difference disclosed on export,2026-07-16T01:51:46+00:00
ACCT-000104,B0022,clean,,2026-07-16T01:51:46+00:00
ACCT-000057,B0022,clean,,2026-07-16T01:51:46+00:00
ACCT-000089,B0022,clean,,2026-07-16T01:51:46+00:00
ACCT-000137,B0022,clean,,2026-07-16T01:51:46+00:00
ACCT-000154,B0022,clean,,2026-07-16T01:51:46+00:00
ACCT-000148,B0022,clean,,2026-07-16T01:51:46+00:00
ACCT-000114,B0022,dup_payment,Duplicate payment row inflates SUM(Payment),2026-07-16T01:51:46+00:00
ACCT-000150,B0022,clean,,2026-07-16T01:51:46+00:00
ACCT-000044,B0022,dup_charge,Duplicate charge row inflates SUM(UtilityCharge),2026-07-16T01:51:46+00:00
ACCT-000053,B0022,clean,,2026-07-16T01:51:46+00:00
ACCT-000036,B0022,clean,,2026-07-16T01:51:46+00:00
ACCT-000103,B0022,clean,,2026-07-16T01:51:46+00:00
ACCT-000070,B0022,rc_misreport,Export reports a phantom R-C difference,2026-07-16T01:51:46+00:00
ACCT-000165,B0022,dup_adjustment,Duplicate adjustment row inflates SUM(AdjustmentAmt),2026-07-16T01:51:46+00:00
ACCT-000178,B0022,payment_short,Payment detail short of remit; no duplicates to zero out,2026-07-16T01:51:46+00:00
ACCT-000179,B0022,rc_misreport,Export reports a phantom R-C difference,2026-07-16T01:51:46+00:00
ACCT-000132,B0023,clean,,2026-07-16T04:53:53+00:00
ACCT-000088,B0023,dup_charge,Duplicate charge row inflates SUM(UtilityCharge),2026-07-16T04:53:53+00:00
ACCT-000123,B0023,charge_mismatch,CustCharge summary drifted from charge detail,2026-07-16T04:53:53+00:00
ACCT-000148,B0023,dup_payment,Duplicate payment row inflates SUM(Payment),2026-07-16T04:53:53+00:00
ACCT-000130,B0023,clean,,2026-07-16T04:53:53+00:00
ACCT-000104,B0023,clean,,2026-07-16T04:53:53+00:00
ACCT-000089,B0023,clean,,2026-07-16T04:53:53+00:00
ACCT-000169,B0023,dup_unfixable,Payment detail short of remit; no duplicates to zero out,2026-07-16T04:53:53+00:00
ACCT-000048,B0023,clean,,2026-07-16T04:53:53+00:00
ACCT-000155,B0023,clean,,2026-07-16T04:53:53+00:00
ACCT-000056,B0023,dup_payment,Duplicate payment row inflates SUM(Payment),2026-07-16T04:53:53+00:00
ACCT-000081,B0023,clean,,2026-07-16T04:53:53+00:00
ACCT-000174,B0023,dup_charge,Duplicate charge row inflates SUM(UtilityCharge),2026-07-16T04:53:53+00:00
ACCT-000153,B0023,dup_payment,Duplicate payment row inflates SUM(Payment),2026-07-16T04:53:53+00:00
ACCT-000058,B0023,clean,,2026-07-16T04:53:53+00:00
ACCT-000063,B0023,clean,,2026-07-16T04:53:53+00:00
ACCT-000145,B0023,dup_payment,Duplicate payment row inflates SUM(Payment),2026-07-16T04:53:53+00:00
ACCT-000037,B0023,payment_short,Payment detail short of remit; no duplicates to zero out,2026-07-16T04:53:53+00:00
ACCT-000075,B0023,charge_mismatch,CustCharge summary drifted from charge detail,2026-07-16T04:53:53+00:00
ACCT-000114,B0023,clean,,2026-07-16T04:53:53+00:00
ACCT-000044,B0023,clean,,2026-07-16T04:53:53+00:00
ACCT-000022,B0023,clean,,2026-07-16T04:53:53+00:00
ACCT-000156,B0023,dup_payment,Duplicate payment row inflates SUM(Payment),2026-07-16T04:53:53+00:00
ACCT-000033,B0023,adj_mismatch,Adjustments summary drifted from adjustment detail,2026-07-16T04:53:53+00:00
ACCT-000036,B0023,clean,,2026-07-16T04:53:53+00:00
ACCT-000074,B0023,clean,,2026-07-16T04:53:53+00:00
ACCT-000147,B0023,clean,,2026-07-16T04:53:53+00:00
ACCT-000070,B0023,clean,,2026-07-16T04:53:53+00:00
ACCT-000115,B0023,total_fail,Every check seeded to fail,2026-07-16T04:53:53+00:00
ACCT-000136,B0023,known_diff,Remit short vs charges; difference disclosed on export,2026-07-16T04:53:53+00:00
ACCT-000078,B0023,clean,,2026-07-16T04:53:53+00:00
ACCT-000042,B0023,clean,,2026-07-16T04:53:53+00:00
ACCT-000030,B0023,dup_payment,Duplicate payment row inflates SUM(Payment),2026-07-16T04:53:53+00:00
ACCT-000034,B0023,clean,,2026-07-16T04:53:53+00:00
ACCT-000062,B0023,dup_charge,Duplicate charge row inflates SUM(UtilityCharge),2026-07-16T04:53:53+00:00
ACCT-000180,B0023,clean,,2026-07-16T04:53:53+00:00
ACCT-000181,B0023,clean,,2026-07-16T04:53:53+00:00
ACCT-000182,B0023,clean,,2026-07-16T04:53:53+00:00
ACCT-000039,B0024,clean,,2026-07-16T07:18:19+00:00
ACCT-000008,B0024,known_diff,Remit short vs charges; difference disclosed on export,2026-07-16T07:18:19+00:00
ACCT-000059,B0024,clean,,2026-07-16T07:18:19+00:00
ACCT-000076,B0024,total_fail,Every check seeded to fail,2026-07-16T07:18:19+00:00
ACCT-000171,B0024,clean,,2026-07-16T07:18:19+00:00
ACCT-000106,B0024,adj_mismatch,Adjustments summary drifted from adjustment detail,2026-07-16T07:18:19+00:00
ACCT-000069,B0024,dup_payment,Duplicate payment row inflates SUM(Payment),2026-07-16T07:18:19+00:00
ACCT-000057,B0024,clean,,2026-07-16T07:18:19+00:00
ACCT-000001,B0024,total_fail,Every check seeded to fail,2026-07-16T07:18:19+00:00
ACCT-000074,B0024,adj_mismatch,Adjustments summary drifted from adjustment detail,2026-07-16T07:18:19+00:00
ACCT-000172,B0024,clean,,2026-07-16T07:18:19+00:00
ACCT-000150,B0024,clean,,2026-07-16T07:18:19+00:00
ACCT-000174,B0024,clean,,2026-07-16T07:18:19+00:00
ACCT-000142,B0024,dup_adjustment,Duplicate adjustment row inflates SUM(AdjustmentAmt),2026-07-16T07:18:19+00:00
ACCT-000011,B0024,dup_payment,Duplicate payment row inflates SUM(Payment),2026-07-16T07:18:19+00:00
ACCT-000181,B0024,dup_payment,Duplicate payment row inflates SUM(Payment),2026-07-16T07:18:19+00:00
ACCT-000093,B0024,clean,,2026-07-16T07:18:19+00:00
ACCT-000079,B0024,clean,,2026-07-16T07:18:19+00:00
ACCT-000062,B0024,clean,,2026-07-16T07:18:19+00:00
ACCT-000135,B0024,dup_charge,Duplicate charge row inflates SUM(UtilityCharge),2026-07-16T07:18:19+00:00
ACCT-000089,B0024,dup_charge,Duplicate charge row inflates SUM(UtilityCharge),2026-07-16T07:18:19+00:00
ACCT-000081,B0024,payment_short,Payment detail short of remit; no duplicates to zero out,2026-07-16T07:18:19+00:00
ACCT-000010,B0024,known_diff,Remit short vs charges; difference disclosed on export,2026-07-16T07:18:19+00:00
ACCT-000180,B0024,clean,,2026-07-16T07:18:19+00:00
ACCT-000163,B0024,dup_adjustment,Duplicate adjustment row inflates SUM(AdjustmentAmt),2026-07-16T07:18:19+00:00
ACCT-000023,B0024,payment_short,Payment detail short of remit; no duplicates to zero out,2026-07-16T07:18:19+00:00
ACCT-000121,B0024,clean,,2026-07-16T07:18:19+00:00
ACCT-000085,B0024,clean,,2026-07-16T07:18:19+00:00
ACCT-000183,B0024,charge_mismatch,CustCharge summary drifted from charge detail,2026-07-16T07:18:19+00:00
ACCT-000184,B0024,clean,,2026-07-16T07:18:19+00:00
ACCT-000150,B0025,clean,,2026-07-16T09:34:14+00:00
ACCT-000066,B0025,clean,,2026-07-16T09:34:14+00:00
ACCT-000038,B0025,known_diff,Remit short vs charges; difference disclosed on export,2026-07-16T09:34:14+00:00
ACCT-000171,B0025,dup_payment,Duplicate payment row inflates SUM(Payment),2026-07-16T09:34:14+00:00
ACCT-000159,B0025,payment_short,Payment detail short of remit; no duplicates to zero out,2026-07-16T09:34:14+00:00
ACCT-000092,B0025,clean,,2026-07-16T09:34:14+00:00
ACCT-000162,B0025,rc_misreport,Export reports a phantom R-C difference,2026-07-16T09:34:14+00:00
ACCT-000121,B0025,known_diff,Remit short vs charges; difference disclosed on export,2026-07-16T09:34:14+00:00
ACCT-000049,B0025,clean,,2026-07-16T09:34:14+00:00
ACCT-000018,B0025,payment_short,Payment detail short of remit; no duplicates to zero out,2026-07-16T09:34:14+00:00
ACCT-000026,B0025,rc_misreport,Export reports a phantom R-C difference,2026-07-16T09:34:14+00:00
ACCT-000115,B0025,dup_payment,Duplicate payment row inflates SUM(Payment),2026-07-16T09:34:14+00:00
ACCT-000119,B0025,dup_payment,Duplicate payment row inflates SUM(Payment),2026-07-16T09:34:14+00:00
ACCT-000005,B0025,dup_payment,Duplicate payment row inflates SUM(Payment),2026-07-16T09:34:14+00:00
ACCT-000006,B0025,adj_mismatch,Adjustments summary drifted from adjustment detail,2026-07-16T09:34:14+00:00
ACCT-000098,B0025,charge_mismatch,CustCharge summary drifted from charge detail,2026-07-16T09:34:14+00:00
ACCT-000023,B0025,rc_misreport,Export reports a phantom R-C difference,2026-07-16T09:34:14+00:00
ACCT-000140,B0025,payment_short,Payment detail short of remit; no duplicates to zero out,2026-07-16T09:34:14+00:00
ACCT-000078,B0025,clean,,2026-07-16T09:34:14+00:00
ACCT-000093,B0025,dup_payment,Duplicate payment row inflates SUM(Payment),2026-07-16T09:34:14+00:00
ACCT-000129,B0025,dup_adjustment,Duplicate adjustment row inflates SUM(AdjustmentAmt),2026-07-16T09:34:14+00:00
ACCT-000142,B0025,clean,,2026-07-16T09:34:14+00:00
ACCT-000114,B0025,dup_payment,Duplicate payment row inflates SUM(Payment),2026-07-16T09:34:14+00:00
ACCT-000165,B0025,charge_mismatch,CustCharge summary drifted from charge detail,2026-07-16T09:34:14+00:00
ACCT-000022,B0025,total_fail,Every check seeded to fail,2026-07-16T09:34:14+00:00
ACCT-000036,B0025,adj_mismatch,Adjustments summary drifted from adjustment detail,2026-07-16T09:34:14+00:00
ACCT-000071,B0025,adj_mismatch,Adjustments summary drifted from adjustment detail,2026-07-16T09:34:14+00:00
ACCT-000185,B0025,payment_short,Payment detail short of remit; no duplicates to zero out,2026-07-16T09:34:14+00:00
ACCT-000186,B0025,clean,,2026-07-16T09:34:14+00:00
ACCT-000187,B0025,dup_payment,Duplicate payment row inflates SUM(Payment),2026-07-16T09:34:14+00:00
ACCT-000188,B0025,clean,,2026-07-16T09:34:14+00:00
ACCT-000093,B0026,dup_payment,Duplicate payment row inflates SUM(Payment),2026-07-16T11:28:07+00:00
ACCT-000187,B0026,clean,,2026-07-16T11:28:07+00:00
ACCT-000149,B0026,dup_adjustment,Duplicate adjustment row inflates SUM(AdjustmentAmt),2026-07-16T11:28:07+00:00
ACCT-000026,B0026,clean,,2026-07-16T11:28:07+00:00
ACCT-000062,B0026,clean,,2026-07-16T11:28:07+00:00
ACCT-000101,B0026,known_diff,Remit short vs charges; difference disclosed on export,2026-07-16T11:28:07+00:00
ACCT-000177,B0026,clean,,2026-07-16T11:28:07+00:00
ACCT-000169,B0026,clean,,2026-07-16T11:28:07+00:00
ACCT-000100,B0026,total_fail,Every check seeded to fail,2026-07-16T11:28:07+00:00
ACCT-000025,B0026,adj_mismatch,Adjustments summary drifted from adjustment detail,2026-07-16T11:28:07+00:00
ACCT-000051,B0026,clean,,2026-07-16T11:28:07+00:00
ACCT-000011,B0026,clean,,2026-07-16T11:28:07+00:00
ACCT-000076,B0026,known_diff,Remit short vs charges; difference disclosed on export,2026-07-16T11:28:07+00:00
ACCT-000027,B0026,clean,,2026-07-16T11:28:07+00:00
ACCT-000006,B0026,clean,,2026-07-16T11:28:07+00:00
ACCT-000145,B0026,clean,,2026-07-16T11:28:07+00:00
ACCT-000135,B0026,clean,,2026-07-16T11:28:07+00:00
ACCT-000120,B0026,clean,,2026-07-16T11:28:07+00:00
ACCT-000113,B0026,dup_adjustment,Duplicate adjustment row inflates SUM(AdjustmentAmt),2026-07-16T11:28:07+00:00
ACCT-000116,B0026,payment_short,Payment detail short of remit; no duplicates to zero out,2026-07-16T11:28:07+00:00
ACCT-000042,B0026,clean,,2026-07-16T11:28:07+00:00
ACCT-000058,B0026,clean,,2026-07-16T11:28:07+00:00
ACCT-000008,B0026,clean,,2026-07-16T11:28:07+00:00
ACCT-000005,B0026,dup_payment,Duplicate payment row inflates SUM(Payment),2026-07-16T11:28:07+00:00
ACCT-000154,B0026,clean,,2026-07-16T11:28:07+00:00
ACCT-000146,B0026,clean,,2026-07-16T11:28:07+00:00
ACCT-000168,B0026,clean,,2026-07-16T11:28:07+00:00
ACCT-000105,B0026,payment_short,Payment detail short of remit; no duplicates to zero out,2026-07-16T11:28:07+00:00
ACCT-000044,B0026,dup_payment,Duplicate payment row inflates SUM(Payment),2026-07-16T11:28:07+00:00
ACCT-000160,B0026,dup_payment,Duplicate payment row inflates SUM(Payment),2026-07-16T11:28:07+00:00
ACCT-000018,B0026,clean,,2026-07-16T11:28:07+00:00
ACCT-000181,B0026,dup_payment,Duplicate payment row inflates SUM(Payment),2026-07-16T11:28:07+00:00
ACCT-000030,B0026,payment_short,Payment detail short of remit; no duplicates to zero out,2026-07-16T11:28:07+00:00
ACCT-000077,B0026,clean,,2026-07-16T11:28:07+00:00
ACCT-000152,B0026,total_fail,Every check seeded to fail,2026-07-16T11:28:07+00:00
ACCT-000189,B0026,clean,,2026-07-16T11:28:07+00:00
ACCT-000190,B0026,clean,,2026-07-16T11:28:07+00:00
ACCT-000191,B0026,clean,,2026-07-16T11:28:07+00:00
ACCT-000192,B0026,charge_mismatch,CustCharge summary drifted from charge detail,2026-07-16T11:28:07+00:00
ACCT-000127,B0027,charge_mismatch,CustCharge summary drifted from charge detail,2026-07-16T12:59:56+00:00
ACCT-000166,B0027,charge_mismatch,CustCharge summary drifted from charge detail,2026-07-16T12:59:56+00:00
ACCT-000129,B0027,dup_payment,Duplicate payment row inflates SUM(Payment),2026-07-16T12:59:56+00:00
ACCT-000157,B0027,dup_payment,Duplicate payment row inflates SUM(Payment),2026-07-16T12:59:56+00:00
ACCT-000035,B0027,charge_mismatch,CustCharge summary drifted from charge detail,2026-07-16T12:59:56+00:00
ACCT-000135,B0027,clean,,2026-07-16T12:59:56+00:00
ACCT-000132,B0027,dup_payment,Duplicate payment row inflates SUM(Payment),2026-07-16T12:59:56+00:00
ACCT-000023,B0027,clean,,2026-07-16T12:59:56+00:00
ACCT-000159,B0027,clean,,2026-07-16T12:59:56+00:00
ACCT-000179,B0027,clean,,2026-07-16T12:59:56+00:00
ACCT-000024,B0027,dup_adjustment,Duplicate adjustment row inflates SUM(AdjustmentAmt),2026-07-16T12:59:56+00:00
ACCT-000094,B0027,clean,,2026-07-16T12:59:56+00:00
ACCT-000188,B0027,clean,,2026-07-16T12:59:56+00:00
ACCT-000040,B0027,clean,,2026-07-16T12:59:56+00:00
ACCT-000078,B0027,clean,,2026-07-16T12:59:56+00:00
ACCT-000176,B0027,dup_adjustment,Duplicate adjustment row inflates SUM(AdjustmentAmt),2026-07-16T12:59:56+00:00
ACCT-000062,B0027,clean,,2026-07-16T12:59:56+00:00
ACCT-000190,B0027,dup_charge,Duplicate charge row inflates SUM(UtilityCharge),2026-07-16T12:59:56+00:00
ACCT-000154,B0027,clean,,2026-07-16T12:59:56+00:00
ACCT-000022,B0027,payment_short,Payment detail short of remit; no duplicates to zero out,2026-07-16T12:59:56+00:00
ACCT-000009,B0027,dup_payment,Duplicate payment row inflates SUM(Payment),2026-07-16T12:59:56+00:00
ACCT-000161,B0027,clean,,2026-07-16T12:59:56+00:00
ACCT-000111,B0027,clean,,2026-07-16T12:59:56+00:00
ACCT-000155,B0027,clean,,2026-07-16T12:59:56+00:00
ACCT-000102,B0027,known_diff,Remit short vs charges; difference disclosed on export,2026-07-16T12:59:56+00:00
ACCT-000165,B0027,payment_short,Payment detail short of remit; no duplicates to zero out,2026-07-16T12:59:56+00:00
ACCT-000193,B0027,clean,,2026-07-16T12:59:56+00:00
ACCT-000194,B0027,clean,,2026-07-16T12:59:56+00:00
ACCT-000166,B0028,dup_payment,Duplicate payment row inflates SUM(Payment),2026-07-16T15:05:52+00:00
ACCT-000005,B0028,clean,,2026-07-16T15:05:52+00:00
ACCT-000059,B0028,dup_unfixable,Payment detail short of remit; no duplicates to zero out,2026-07-16T15:05:52+00:00
ACCT-000080,B0028,dup_adjustment,Duplicate adjustment row inflates SUM(AdjustmentAmt),2026-07-16T15:05:52+00:00
ACCT-000052,B0028,clean,,2026-07-16T15:05:52+00:00
ACCT-000097,B0028,charge_mismatch,CustCharge summary drifted from charge detail,2026-07-16T15:05:52+00:00
ACCT-000101,B0028,payment_short,Payment detail short of remit; no duplicates to zero out,2026-07-16T15:05:52+00:00
ACCT-000084,B0028,clean,,2026-07-16T15:05:52+00:00
ACCT-000098,B0028,dup_payment,Duplicate payment row inflates SUM(Payment),2026-07-16T15:05:52+00:00
ACCT-000008,B0028,charge_mismatch,CustCharge summary drifted from charge detail,2026-07-16T15:05:52+00:00
ACCT-000119,B0028,clean,,2026-07-16T15:05:52+00:00
ACCT-000071,B0028,clean,,2026-07-16T15:05:52+00:00
ACCT-000163,B0028,dup_charge,Duplicate charge row inflates SUM(UtilityCharge),2026-07-16T15:05:52+00:00
ACCT-000120,B0028,dup_adjustment,Duplicate adjustment row inflates SUM(AdjustmentAmt),2026-07-16T15:05:52+00:00
ACCT-000141,B0028,clean,,2026-07-16T15:05:52+00:00
ACCT-000019,B0028,dup_charge,Duplicate charge row inflates SUM(UtilityCharge),2026-07-16T15:05:52+00:00
ACCT-000159,B0028,clean,,2026-07-16T15:05:52+00:00
ACCT-000142,B0028,clean,,2026-07-16T15:05:52+00:00
ACCT-000127,B0028,total_fail,Every check seeded to fail,2026-07-16T15:05:52+00:00
ACCT-000061,B0028,payment_short,Payment detail short of remit; no duplicates to zero out,2026-07-16T15:05:52+00:00
ACCT-000125,B0028,clean,,2026-07-16T15:05:52+00:00
ACCT-000132,B0028,clean,,2026-07-16T15:05:52+00:00
ACCT-000038,B0028,clean,,2026-07-16T15:05:52+00:00
ACCT-000100,B0028,clean,,2026-07-16T15:05:52+00:00
ACCT-000007,B0028,payment_short,Payment detail short of remit; no duplicates to zero out,2026-07-16T15:05:52+00:00
ACCT-000093,B0028,clean,,2026-07-16T15:05:52+00:00
ACCT-000195,B0028,clean,,2026-07-16T15:05:52+00:00
ACCT-000196,B0028,adj_mismatch,Adjustments summary drifted from adjustment detail,2026-07-16T15:05:52+00:00
ACCT-000197,B0028,dup_charge,Duplicate charge row inflates SUM(UtilityCharge),2026-07-16T15:05:52+00:00
ACCT-000096,B0029,clean,,2026-07-16T16:47:43+00:00
ACCT-000012,B0029,rc_misreport,Export reports a phantom R-C difference,2026-07-16T16:47:43+00:00
ACCT-000026,B0029,charge_mismatch,CustCharge summary drifted from charge detail,2026-07-16T16:47:43+00:00
ACCT-000187,B0029,rc_misreport,Export reports a phantom R-C difference,2026-07-16T16:47:43+00:00
ACCT-000017,B0029,clean,,2026-07-16T16:47:43+00:00
ACCT-000114,B0029,clean,,2026-07-16T16:47:43+00:00
ACCT-000032,B0029,dup_charge,Duplicate charge row inflates SUM(UtilityCharge),2026-07-16T16:47:43+00:00
ACCT-000103,B0029,clean,,2026-07-16T16:47:43+00:00
ACCT-000064,B0029,payment_short,Payment detail short of remit; no duplicates to zero out,2026-07-16T16:47:43+00:00
ACCT-000056,B0029,dup_payment,Duplicate payment row inflates SUM(Payment),2026-07-16T16:47:43+00:00
ACCT-000022,B0029,rc_misreport,Export reports a phantom R-C difference,2026-07-16T16:47:43+00:00
ACCT-000003,B0029,clean,,2026-07-16T16:47:43+00:00
ACCT-000009,B0029,clean,,2026-07-16T16:47:43+00:00
ACCT-000011,B0029,payment_short,Payment detail short of remit; no duplicates to zero out,2026-07-16T16:47:43+00:00
ACCT-000112,B0029,clean,,2026-07-16T16:47:43+00:00
ACCT-000070,B0029,rc_misreport,Export reports a phantom R-C difference,2026-07-16T16:47:43+00:00
ACCT-000188,B0029,charge_mismatch,CustCharge summary drifted from charge detail,2026-07-16T16:47:43+00:00
ACCT-000153,B0029,clean,,2026-07-16T16:47:43+00:00
ACCT-000110,B0029,payment_short,Payment detail short of remit; no duplicates to zero out,2026-07-16T16:47:43+00:00
ACCT-000057,B0029,clean,,2026-07-16T16:47:43+00:00
ACCT-000041,B0029,dup_payment,Duplicate payment row inflates SUM(Payment),2026-07-16T16:47:43+00:00
ACCT-000172,B0029,dup_adjustment,Duplicate adjustment row inflates SUM(AdjustmentAmt),2026-07-16T16:47:43+00:00
ACCT-000007,B0029,clean,,2026-07-16T16:47:43+00:00
ACCT-000048,B0029,clean,,2026-07-16T16:47:43+00:00
ACCT-000118,B0029,dup_payment,Duplicate payment row inflates SUM(Payment),2026-07-16T16:47:43+00:00
ACCT-000174,B0029,dup_payment,Duplicate payment row inflates SUM(Payment),2026-07-16T16:47:43+00:00
ACCT-000001,B0029,clean,,2026-07-16T16:47:43+00:00
ACCT-000051,B0029,clean,,2026-07-16T16:47:43+00:00
ACCT-000094,B0029,known_diff,Remit short vs charges; difference disclosed on export,2026-07-16T16:47:43+00:00
ACCT-000198,B0029,dup_payment,Duplicate payment row inflates SUM(Payment),2026-07-16T16:47:43+00:00
ACCT-000199,B0029,clean,,2026-07-16T16:47:43+00:00
ACCT-000200,B0029,rc_misreport,Export reports a phantom R-C difference,2026-07-16T16:47:43+00:00
ACCT-000154,B0030,clean,,2026-07-16T17:59:28+00:00
ACCT-000188,B0030,clean,,2026-07-16T17:59:28+00:00
ACCT-000165,B0030,payment_short,Payment detail short of remit; no duplicates to zero out,2026-07-16T17:59:28+00:00
ACCT-000150,B0030,rc_misreport,Export reports a phantom R-C difference,2026-07-16T17:59:28+00:00
ACCT-000172,B0030,dup_adjustment,Duplicate adjustment row inflates SUM(AdjustmentAmt),2026-07-16T17:59:28+00:00
ACCT-000115,B0030,rc_misreport,Export reports a phantom R-C difference,2026-07-16T17:59:28+00:00
ACCT-000094,B0030,rc_misreport,Export reports a phantom R-C difference,2026-07-16T17:59:28+00:00
ACCT-000148,B0030,payment_short,Payment detail short of remit; no duplicates to zero out,2026-07-16T17:59:28+00:00
ACCT-000002,B0030,clean,,2026-07-16T17:59:28+00:00
ACCT-000164,B0030,clean,,2026-07-16T17:59:28+00:00
ACCT-000040,B0030,clean,,2026-07-16T17:59:28+00:00
ACCT-000072,B0030,clean,,2026-07-16T17:59:28+00:00
ACCT-000136,B0030,clean,,2026-07-16T17:59:28+00:00
ACCT-000166,B0030,clean,,2026-07-16T17:59:28+00:00
ACCT-000088,B0030,clean,,2026-07-16T17:59:28+00:00
ACCT-000047,B0030,dup_payment,Duplicate payment row inflates SUM(Payment),2026-07-16T17:59:28+00:00
ACCT-000162,B0030,clean,,2026-07-16T17:59:28+00:00
ACCT-000098,B0030,clean,,2026-07-16T17:59:28+00:00
ACCT-000178,B0030,adj_mismatch,Adjustments summary drifted from adjustment detail,2026-07-16T17:59:28+00:00
ACCT-000125,B0030,clean,,2026-07-16T17:59:28+00:00
ACCT-000041,B0030,clean,,2026-07-16T17:59:28+00:00
ACCT-000096,B0030,clean,,2026-07-16T17:59:28+00:00
ACCT-000122,B0030,clean,,2026-07-16T17:59:28+00:00
ACCT-000132,B0030,charge_mismatch,CustCharge summary drifted from charge detail,2026-07-16T17:59:28+00:00
ACCT-000140,B0030,clean,,2026-07-16T17:59:28+00:00
ACCT-000191,B0030,rc_misreport,Export reports a phantom R-C difference,2026-07-16T17:59:28+00:00
ACCT-000181,B0030,clean,,2026-07-16T17:59:28+00:00
ACCT-000159,B0030,clean,,2026-07-16T17:59:28+00:00
ACCT-000031,B0030,clean,,2026-07-16T17:59:28+00:00
ACCT-000152,B0030,clean,,2026-07-16T17:59:28+00:00
ACCT-000161,B0030,dup_unfixable,Payment detail short of remit; no duplicates to zero out,2026-07-16T17:59:28+00:00
ACCT-000201,B0030,rc_misreport,Export reports a phantom R-C difference,2026-07-16T17:59:28+00:00
ACCT-000202,B0030,dup_payment,Duplicate payment row inflates SUM(Payment),2026-07-16T17:59:28+00:00
ACCT-000203,B0030,payment_short,Payment detail short of remit; no duplicates to zero out,2026-07-16T17:59:28+00:00
ACCT-000056,B0031,clean,,2026-07-16T19:15:28+00:00
ACCT-000090,B0031,clean,,2026-07-16T19:15:28+00:00
ACCT-000022,B0031,dup_payment,Duplicate payment row inflates SUM(Payment),2026-07-16T19:15:28+00:00
ACCT-000053,B0031,clean,,2026-07-16T19:15:28+00:00
ACCT-000035,B0031,clean,,2026-07-16T19:15:28+00:00
ACCT-000138,B0031,clean,,2026-07-16T19:15:28+00:00
ACCT-000008,B0031,clean,,2026-07-16T19:15:28+00:00
ACCT-000155,B0031,clean,,2026-07-16T19:15:28+00:00
ACCT-000067,B0031,clean,,2026-07-16T19:15:28+00:00
ACCT-000203,B0031,total_fail,Every check seeded to fail,2026-07-16T19:15:28+00:00
ACCT-000185,B0031,clean,,2026-07-16T19:15:28+00:00
ACCT-000163,B0031,clean,,2026-07-16T19:15:28+00:00
ACCT-000064,B0031,clean,,2026-07-16T19:15:28+00:00
ACCT-000157,B0031,dup_payment,Duplicate payment row inflates SUM(Payment),2026-07-16T19:15:28+00:00
ACCT-000145,B0031,clean,,2026-07-16T19:15:28+00:00
ACCT-000071,B0031,adj_mismatch,Adjustments summary drifted from adjustment detail,2026-07-16T19:15:28+00:00
ACCT-000154,B0031,dup_payment,Duplicate payment row inflates SUM(Payment),2026-07-16T19:15:28+00:00
ACCT-000196,B0031,clean,,2026-07-16T19:15:28+00:00
ACCT-000122,B0031,clean,,2026-07-16T19:15:28+00:00
ACCT-000119,B0031,clean,,2026-07-16T19:15:28+00:00
ACCT-000051,B0031,dup_payment,Duplicate payment row inflates SUM(Payment),2026-07-16T19:15:28+00:00
ACCT-000171,B0031,clean,,2026-07-16T19:15:28+00:00
ACCT-000137,B0031,clean,,2026-07-16T19:15:28+00:00
ACCT-000181,B0031,rc_misreport,Export reports a phantom R-C difference,2026-07-16T19:15:28+00:00
ACCT-000162,B0031,known_diff,Remit short vs charges; difference disclosed on export,2026-07-16T19:15:28+00:00
ACCT-000021,B0031,dup_unfixable,Payment detail short of remit; no duplicates to zero out,2026-07-16T19:15:28+00:00
ACCT-000033,B0031,dup_payment,Duplicate payment row inflates SUM(Payment),2026-07-16T19:15:28+00:00
ACCT-000121,B0031,rc_misreport,Export reports a phantom R-C difference,2026-07-16T19:15:28+00:00
ACCT-000095,B0031,dup_payment,Duplicate payment row inflates SUM(Payment),2026-07-16T19:15:28+00:00
ACCT-000063,B0031,clean,,2026-07-16T19:15:28+00:00
ACCT-000158,B0031,dup_payment,Duplicate payment row inflates SUM(Payment),2026-07-16T19:15:28+00:00
ACCT-000204,B0031,clean,,2026-07-16T19:15:28+00:00
ACCT-000205,B0031,clean,,2026-07-16T19:15:28+00:00
ACCT-000206,B0031,charge_mismatch,CustCharge summary drifted from charge detail,2026-07-16T19:15:28+00:00
ACCT-000207,B0031,clean,,2026-07-16T19:15:28+00:00
ACCT-000014,B0032,dup_payment,Duplicate payment row inflates SUM(Payment),2026-07-16T20:25:14+00:00
ACCT-000130,B0032,clean,,2026-07-16T20:25:14+00:00
ACCT-000168,B0032,dup_unfixable,Payment detail short of remit; no duplicates to zero out,2026-07-16T20:25:14+00:00
ACCT-000050,B0032,clean,,2026-07-16T20:25:14+00:00
ACCT-000104,B0032,charge_mismatch,CustCharge summary drifted from charge detail,2026-07-16T20:25:14+00:00
ACCT-000058,B0032,clean,,2026-07-16T20:25:14+00:00
ACCT-000175,B0032,clean,,2026-07-16T20:25:14+00:00
ACCT-000195,B0032,clean,,2026-07-16T20:25:14+00:00
ACCT-000170,B0032,clean,,2026-07-16T20:25:14+00:00
ACCT-000206,B0032,known_diff,Remit short vs charges; difference disclosed on export,2026-07-16T20:25:14+00:00
ACCT-000009,B0032,clean,,2026-07-16T20:25:14+00:00
ACCT-000042,B0032,clean,,2026-07-16T20:25:14+00:00
ACCT-000076,B0032,dup_payment,Duplicate payment row inflates SUM(Payment),2026-07-16T20:25:14+00:00
ACCT-000008,B0032,payment_short,Payment detail short of remit; no duplicates to zero out,2026-07-16T20:25:14+00:00
ACCT-000080,B0032,clean,,2026-07-16T20:25:14+00:00
ACCT-000127,B0032,known_diff,Remit short vs charges; difference disclosed on export,2026-07-16T20:25:14+00:00
ACCT-000201,B0032,clean,,2026-07-16T20:25:14+00:00
ACCT-000128,B0032,dup_payment,Duplicate payment row inflates SUM(Payment),2026-07-16T20:25:14+00:00
ACCT-000033,B0032,dup_payment,Duplicate payment row inflates SUM(Payment),2026-07-16T20:25:14+00:00
ACCT-000056,B0032,charge_mismatch,CustCharge summary drifted from charge detail,2026-07-16T20:25:14+00:00
ACCT-000114,B0032,adj_mismatch,Adjustments summary drifted from adjustment detail,2026-07-16T20:25:14+00:00
ACCT-000055,B0032,clean,,2026-07-16T20:25:14+00:00
ACCT-000066,B0032,clean,,2026-07-16T20:25:14+00:00
ACCT-000094,B0032,clean,,2026-07-16T20:25:14+00:00
ACCT-000005,B0032,dup_payment,Duplicate payment row inflates SUM(Payment),2026-07-16T20:25:14+00:00
ACCT-000003,B0032,clean,,2026-07-16T20:25:14+00:00
ACCT-000208,B0032,clean,,2026-07-16T20:25:14+00:00
ACCT-000209,B0032,charge_mismatch,CustCharge summary drifted from charge detail,2026-07-16T20:25:14+00:00
ACCT-000110,B0033,adj_mismatch,Adjustments summary drifted from adjustment detail,2026-07-16T21:31:03+00:00
ACCT-000127,B0033,clean,,2026-07-16T21:31:03+00:00
ACCT-000063,B0033,known_diff,Remit short vs charges; difference disclosed on export,2026-07-16T21:31:03+00:00
ACCT-000051,B0033,clean,,2026-07-16T21:31:03+00:00
ACCT-000030,B0033,payment_short,Payment detail short of remit; no duplicates to zero out,2026-07-16T21:31:03+00:00
ACCT-000201,B0033,clean,,2026-07-16T21:31:03+00:00
ACCT-000089,B0033,dup_adjustment,Duplicate adjustment row inflates SUM(AdjustmentAmt),2026-07-16T21:31:03+00:00
ACCT-000050,B0033,clean,,2026-07-16T21:31:03+00:00
ACCT-000049,B0033,payment_short,Payment detail short of remit; no duplicates to zero out,2026-07-16T21:31:03+00:00
ACCT-000035,B0033,charge_mismatch,CustCharge summary drifted from charge detail,2026-07-16T21:31:03+00:00
ACCT-000093,B0033,charge_mismatch,CustCharge summary drifted from charge detail,2026-07-16T21:31:03+00:00
ACCT-000010,B0033,clean,,2026-07-16T21:31:03+00:00
ACCT-000017,B0033,dup_payment,Duplicate payment row inflates SUM(Payment),2026-07-16T21:31:03+00:00
ACCT-000086,B0033,clean,,2026-07-16T21:31:03+00:00
ACCT-000163,B0033,clean,,2026-07-16T21:31:03+00:00
ACCT-000209,B0033,clean,,2026-07-16T21:31:03+00:00
ACCT-000078,B0033,adj_mismatch,Adjustments summary drifted from adjustment detail,2026-07-16T21:31:03+00:00
ACCT-000152,B0033,clean,,2026-07-16T21:31:03+00:00
ACCT-000119,B0033,clean,,2026-07-16T21:31:03+00:00
ACCT-000148,B0033,payment_short,Payment detail short of remit; no duplicates to zero out,2026-07-16T21:31:03+00:00
ACCT-000129,B0033,clean,,2026-07-16T21:31:03+00:00
ACCT-000153,B0033,clean,,2026-07-16T21:31:03+00:00
ACCT-000124,B0033,clean,,2026-07-16T21:31:03+00:00
ACCT-000208,B0033,clean,,2026-07-16T21:31:03+00:00
ACCT-000143,B0033,clean,,2026-07-16T21:31:03+00:00
ACCT-000197,B0033,clean,,2026-07-16T21:31:03+00:00
ACCT-000167,B0033,dup_payment,Duplicate payment row inflates SUM(Payment),2026-07-16T21:31:03+00:00
ACCT-000044,B0033,clean,,2026-07-16T21:31:03+00:00
ACCT-000084,B0033,clean,,2026-07-16T21:31:03+00:00
ACCT-000094,B0033,total_fail,Every check seeded to fail,2026-07-16T21:31:03+00:00
ACCT-000046,B0033,clean,,2026-07-16T21:31:03+00:00
ACCT-000210,B0033,dup_charge,Duplicate charge row inflates SUM(UtilityCharge),2026-07-16T21:31:03+00:00
ACCT-000211,B0033,clean,,2026-07-16T21:31:03+00:00
ACCT-000212,B0033,total_fail,Every check seeded to fail,2026-07-16T21:31:03+00:00
ACCT-000213,B0033,dup_adjustment,Duplicate adjustment row inflates SUM(AdjustmentAmt),2026-07-16T21:31:03+00:00
ACCT-000149,B0034,charge_mismatch,CustCharge summary drifted from charge detail,2026-07-16T22:51:41+00:00
ACCT-000156,B0034,adj_mismatch,Adjustments summary drifted from adjustment detail,2026-07-16T22:51:41+00:00
ACCT-000159,B0034,charge_mismatch,CustCharge summary drifted from charge detail,2026-07-16T22:51:41+00:00
ACCT-000201,B0034,clean,,2026-07-16T22:51:41+00:00
ACCT-000206,B0034,dup_adjustment,Duplicate adjustment row inflates SUM(AdjustmentAmt),2026-07-16T22:51:41+00:00
ACCT-000069,B0034,clean,,2026-07-16T22:51:41+00:00
ACCT-000066,B0034,payment_short,Payment detail short of remit; no duplicates to zero out,2026-07-16T22:51:41+00:00
ACCT-000176,B0034,charge_mismatch,CustCharge summary drifted from charge detail,2026-07-16T22:51:41+00:00
ACCT-000162,B0034,adj_mismatch,Adjustments summary drifted from adjustment detail,2026-07-16T22:51:41+00:00
ACCT-000010,B0034,charge_mismatch,CustCharge summary drifted from charge detail,2026-07-16T22:51:41+00:00
ACCT-000020,B0034,clean,,2026-07-16T22:51:41+00:00
ACCT-000059,B0034,clean,,2026-07-16T22:51:41+00:00
ACCT-000187,B0034,clean,,2026-07-16T22:51:41+00:00
ACCT-000074,B0034,dup_adjustment,Duplicate adjustment row inflates SUM(AdjustmentAmt),2026-07-16T22:51:41+00:00
ACCT-000111,B0034,clean,,2026-07-16T22:51:41+00:00
ACCT-000148,B0034,payment_short,Payment detail short of remit; no duplicates to zero out,2026-07-16T22:51:41+00:00
ACCT-000117,B0034,clean,,2026-07-16T22:51:41+00:00
ACCT-000184,B0034,clean,,2026-07-16T22:51:41+00:00
ACCT-000190,B0034,dup_payment,Duplicate payment row inflates SUM(Payment),2026-07-16T22:51:41+00:00
ACCT-000042,B0034,clean,,2026-07-16T22:51:41+00:00
ACCT-000046,B0034,clean,,2026-07-16T22:51:41+00:00
ACCT-000079,B0034,clean,,2026-07-16T22:51:41+00:00
ACCT-000013,B0034,clean,,2026-07-16T22:51:41+00:00
ACCT-000212,B0034,adj_mismatch,Adjustments summary drifted from adjustment detail,2026-07-16T22:51:41+00:00
ACCT-000092,B0034,dup_adjustment,Duplicate adjustment row inflates SUM(AdjustmentAmt),2026-07-16T22:51:41+00:00
ACCT-000182,B0034,dup_unfixable,Payment detail short of remit; no duplicates to zero out,2026-07-16T22:51:41+00:00
ACCT-000086,B0034,clean,,2026-07-16T22:51:41+00:00
ACCT-000209,B0034,clean,,2026-07-16T22:51:41+00:00
ACCT-000061,B0034,clean,,2026-07-16T22:51:41+00:00
ACCT-000080,B0034,clean,,2026-07-16T22:51:41+00:00
ACCT-000214,B0034,total_fail,Every check seeded to fail,2026-07-16T22:51:41+00:00
ACCT-000215,B0034,dup_payment,Duplicate payment row inflates SUM(Payment),2026-07-16T22:51:41+00:00
ACCT-000095,B0035,clean,,2026-07-16T23:52:31+00:00
ACCT-000007,B0035,payment_short,Payment detail short of remit; no duplicates to zero out,2026-07-16T23:52:31+00:00
ACCT-000043,B0035,dup_charge,Duplicate charge row inflates SUM(UtilityCharge),2026-07-16T23:52:31+00:00
ACCT-000180,B0035,payment_short,Payment detail short of remit; no duplicates to zero out,2026-07-16T23:52:31+00:00
ACCT-000166,B0035,payment_short,Payment detail short of remit; no duplicates to zero out,2026-07-16T23:52:31+00:00
ACCT-000110,B0035,payment_short,Payment detail short of remit; no duplicates to zero out,2026-07-16T23:52:31+00:00
ACCT-000193,B0035,clean,,2026-07-16T23:52:31+00:00
ACCT-000190,B0035,clean,,2026-07-16T23:52:31+00:00
ACCT-000114,B0035,rc_misreport,Export reports a phantom R-C difference,2026-07-16T23:52:31+00:00
ACCT-000189,B0035,adj_mismatch,Adjustments summary drifted from adjustment detail,2026-07-16T23:52:31+00:00
ACCT-000142,B0035,known_diff,Remit short vs charges; difference disclosed on export,2026-07-16T23:52:31+00:00
ACCT-000133,B0035,dup_unfixable,Payment detail short of remit; no duplicates to zero out,2026-07-16T23:52:31+00:00
ACCT-000104,B0035,clean,,2026-07-16T23:52:31+00:00
ACCT-000002,B0035,clean,,2026-07-16T23:52:31+00:00
ACCT-000197,B0035,charge_mismatch,CustCharge summary drifted from charge detail,2026-07-16T23:52:31+00:00
ACCT-000090,B0035,dup_payment,Duplicate payment row inflates SUM(Payment),2026-07-16T23:52:31+00:00
ACCT-000036,B0035,clean,,2026-07-16T23:52:31+00:00
ACCT-000199,B0035,clean,,2026-07-16T23:52:31+00:00
ACCT-000113,B0035,dup_unfixable,Payment detail short of remit; no duplicates to zero out,2026-07-16T23:52:31+00:00
ACCT-000112,B0035,dup_unfixable,Payment detail short of remit; no duplicates to zero out,2026-07-16T23:52:31+00:00
ACCT-000179,B0035,clean,,2026-07-16T23:52:31+00:00
ACCT-000109,B0035,clean,,2026-07-16T23:52:31+00:00
ACCT-000047,B0035,dup_payment,Duplicate payment row inflates SUM(Payment),2026-07-16T23:52:31+00:00
ACCT-000176,B0035,dup_unfixable,Payment detail short of remit; no duplicates to zero out,2026-07-16T23:52:31+00:00
ACCT-000102,B0035,clean,,2026-07-16T23:52:31+00:00
ACCT-000124,B0035,clean,,2026-07-16T23:52:31+00:00
ACCT-000086,B0035,clean,,2026-07-16T23:52:31+00:00
ACCT-000116,B0035,dup_charge,Duplicate charge row inflates SUM(UtilityCharge),2026-07-16T23:52:31+00:00
ACCT-000137,B0035,clean,,2026-07-16T23:52:31+00:00
ACCT-000107,B0035,rc_misreport,Export reports a phantom R-C difference,2026-07-16T23:52:31+00:00
ACCT-000082,B0035,clean,,2026-07-16T23:52:31+00:00
ACCT-000216,B0035,dup_payment,Duplicate payment row inflates SUM(Payment),2026-07-16T23:52:31+00:00
ACCT-000217,B0035,clean,,2026-07-16T23:52:31+00:00
ACCT-000097,B0036,charge_mismatch,CustCharge summary drifted from charge detail,2026-07-17T01:55:24+00:00
ACCT-000138,B0036,clean,,2026-07-17T01:55:24+00:00
ACCT-000216,B0036,clean,,2026-07-17T01:55:24+00:00
ACCT-000181,B0036,clean,,2026-07-17T01:55:24+00:00
ACCT-000092,B0036,clean,,2026-07-17T01:55:24+00:00
ACCT-000192,B0036,clean,,2026-07-17T01:55:24+00:00
ACCT-000149,B0036,clean,,2026-07-17T01:55:24+00:00
ACCT-000189,B0036,known_diff,Remit short vs charges; difference disclosed on export,2026-07-17T01:55:24+00:00
ACCT-000200,B0036,clean,,2026-07-17T01:55:24+00:00
ACCT-000127,B0036,known_diff,Remit short vs charges; difference disclosed on export,2026-07-17T01:55:24+00:00
ACCT-000183,B0036,clean,,2026-07-17T01:55:24+00:00
ACCT-000143,B0036,clean,,2026-07-17T01:55:24+00:00
ACCT-000117,B0036,charge_mismatch,CustCharge summary drifted from charge detail,2026-07-17T01:55:24+00:00
ACCT-000012,B0036,known_diff,Remit short vs charges; difference disclosed on export,2026-07-17T01:55:24+00:00
ACCT-000041,B0036,clean,,2026-07-17T01:55:24+00:00
ACCT-000196,B0036,clean,,2026-07-17T01:55:24+00:00
ACCT-000163,B0036,clean,,2026-07-17T01:55:24+00:00
ACCT-000031,B0036,clean,,2026-07-17T01:55:24+00:00
ACCT-000169,B0036,charge_mismatch,CustCharge summary drifted from charge detail,2026-07-17T01:55:24+00:00
ACCT-000159,B0036,rc_misreport,Export reports a phantom R-C difference,2026-07-17T01:55:24+00:00
ACCT-000111,B0036,clean,,2026-07-17T01:55:24+00:00
ACCT-000119,B0036,clean,,2026-07-17T01:55:24+00:00
ACCT-000151,B0036,clean,,2026-07-17T01:55:24+00:00
ACCT-000145,B0036,dup_payment,Duplicate payment row inflates SUM(Payment),2026-07-17T01:55:24+00:00
ACCT-000168,B0036,clean,,2026-07-17T01:55:24+00:00
ACCT-000118,B0036,clean,,2026-07-17T01:55:24+00:00
ACCT-000218,B0036,clean,,2026-07-17T01:55:24+00:00
ACCT-000219,B0036,payment_short,Payment detail short of remit; no duplicates to zero out,2026-07-17T01:55:24+00:00
ACCT-000220,B0036,charge_mismatch,CustCharge summary drifted from charge detail,2026-07-17T01:55:24+00:00
ACCT-000221,B0036,clean,,2026-07-17T01:55:24+00:00
ACCT-000129,B0037,dup_charge,Duplicate charge row inflates SUM(UtilityCharge),2026-07-17T04:57:40+00:00
ACCT-000031,B0037,clean,,2026-07-17T04:57:40+00:00
ACCT-000060,B0037,clean,,2026-07-17T04:57:40+00:00
ACCT-000213,B0037,clean,,2026-07-17T04:57:40+00:00
ACCT-000218,B0037,adj_mismatch,Adjustments summary drifted from adjustment detail,2026-07-17T04:57:40+00:00
ACCT-000099,B0037,charge_mismatch,CustCharge summary drifted from charge detail,2026-07-17T04:57:40+00:00
ACCT-000199,B0037,total_fail,Every check seeded to fail,2026-07-17T04:57:40+00:00
ACCT-000044,B0037,clean,,2026-07-17T04:57:40+00:00
ACCT-000048,B0037,dup_payment,Duplicate payment row inflates SUM(Payment),2026-07-17T04:57:40+00:00
ACCT-000017,B0037,dup_payment,Duplicate payment row inflates SUM(Payment),2026-07-17T04:57:40+00:00
ACCT-000052,B0037,clean,,2026-07-17T04:57:40+00:00
ACCT-000016,B0037,dup_payment,Duplicate payment row inflates SUM(Payment),2026-07-17T04:57:40+00:00
ACCT-000108,B0037,adj_mismatch,Adjustments summary drifted from adjustment detail,2026-07-17T04:57:40+00:00
ACCT-000035,B0037,payment_short,Payment detail short of remit; no duplicates to zero out,2026-07-17T04:57:40+00:00
ACCT-000059,B0037,dup_unfixable,Payment detail short of remit; no duplicates to zero out,2026-07-17T04:57:40+00:00
ACCT-000138,B0037,clean,,2026-07-17T04:57:40+00:00
ACCT-000132,B0037,dup_adjustment,Duplicate adjustment row inflates SUM(AdjustmentAmt),2026-07-17T04:57:40+00:00
ACCT-000196,B0037,dup_payment,Duplicate payment row inflates SUM(Payment),2026-07-17T04:57:40+00:00
ACCT-000061,B0037,dup_payment,Duplicate payment row inflates SUM(Payment),2026-07-17T04:57:40+00:00
ACCT-000007,B0037,charge_mismatch,CustCharge summary drifted from charge detail,2026-07-17T04:57:40+00:00
ACCT-000080,B0037,total_fail,Every check seeded to fail,2026-07-17T04:57:40+00:00
ACCT-000179,B0037,dup_payment,Duplicate payment row inflates SUM(Payment),2026-07-17T04:57:40+00:00
ACCT-000103,B0037,clean,,2026-07-17T04:57:40+00:00
ACCT-000205,B0037,clean,,2026-07-17T04:57:40+00:00
ACCT-000022,B0037,dup_payment,Duplicate payment row inflates SUM(Payment),2026-07-17T04:57:40+00:00
ACCT-000133,B0037,clean,,2026-07-17T04:57:40+00:00
ACCT-000207,B0037,dup_adjustment,Duplicate adjustment row inflates SUM(AdjustmentAmt),2026-07-17T04:57:40+00:00
ACCT-000206,B0037,clean,,2026-07-17T04:57:40+00:00
ACCT-000222,B0037,dup_charge,Duplicate charge row inflates SUM(UtilityCharge),2026-07-17T04:57:40+00:00
ACCT-000223,B0037,clean,,2026-07-17T04:57:40+00:00
ACCT-000224,B0037,clean,,2026-07-17T04:57:40+00:00
ACCT-000225,B0037,dup_payment,Duplicate payment row inflates SUM(Payment),2026-07-17T04:57:40+00:00
ACCT-000200,B0038,clean,,2026-07-17T07:14:41+00:00
ACCT-000106,B0038,clean,,2026-07-17T07:14:41+00:00
ACCT-000189,B0038,dup_payment,Duplicate payment row inflates SUM(Payment),2026-07-17T07:14:41+00:00
ACCT-000172,B0038,clean,,2026-07-17T07:14:41+00:00
ACCT-000212,B0038,adj_mismatch,Adjustments summary drifted from adjustment detail,2026-07-17T07:14:41+00:00
ACCT-000111,B0038,clean,,2026-07-17T07:14:41+00:00
ACCT-000088,B0038,dup_payment,Duplicate payment row inflates SUM(Payment),2026-07-17T07:14:41+00:00
ACCT-000191,B0038,charge_mismatch,CustCharge summary drifted from charge detail,2026-07-17T07:14:41+00:00
ACCT-000177,B0038,dup_charge,Duplicate charge row inflates SUM(UtilityCharge),2026-07-17T07:14:41+00:00
ACCT-000085,B0038,clean,,2026-07-17T07:14:41+00:00
ACCT-000083,B0038,total_fail,Every check seeded to fail,2026-07-17T07:14:41+00:00
ACCT-000033,B0038,clean,,2026-07-17T07:14:41+00:00
ACCT-000142,B0038,clean,,2026-07-17T07:14:41+00:00
ACCT-000063,B0038,clean,,2026-07-17T07:14:41+00:00
ACCT-000195,B0038,payment_short,Payment detail short of remit; no duplicates to zero out,2026-07-17T07:14:41+00:00
ACCT-000070,B0038,clean,,2026-07-17T07:14:41+00:00
ACCT-000133,B0038,charge_mismatch,CustCharge summary drifted from charge detail,2026-07-17T07:14:41+00:00
ACCT-000107,B0038,dup_charge,Duplicate charge row inflates SUM(UtilityCharge),2026-07-17T07:14:41+00:00
ACCT-000028,B0038,dup_charge,Duplicate charge row inflates SUM(UtilityCharge),2026-07-17T07:14:41+00:00
ACCT-000011,B0038,known_diff,Remit short vs charges; difference disclosed on export,2026-07-17T07:14:41+00:00
ACCT-000171,B0038,clean,,2026-07-17T07:14:41+00:00
ACCT-000024,B0038,dup_payment,Duplicate payment row inflates SUM(Payment),2026-07-17T07:14:41+00:00
ACCT-000160,B0038,dup_adjustment,Duplicate adjustment row inflates SUM(AdjustmentAmt),2026-07-17T07:14:41+00:00
ACCT-000023,B0038,clean,,2026-07-17T07:14:41+00:00
ACCT-000147,B0038,clean,,2026-07-17T07:14:41+00:00
ACCT-000058,B0038,clean,,2026-07-17T07:14:41+00:00
ACCT-000101,B0038,clean,,2026-07-17T07:14:41+00:00
ACCT-000086,B0038,clean,,2026-07-17T07:14:41+00:00
ACCT-000201,B0038,clean,,2026-07-17T07:14:41+00:00
ACCT-000037,B0038,dup_charge,Duplicate charge row inflates SUM(UtilityCharge),2026-07-17T07:14:41+00:00
ACCT-000215,B0038,clean,,2026-07-17T07:14:41+00:00
ACCT-000226,B0038,clean,,2026-07-17T07:14:41+00:00
ACCT-000227,B0038,clean,,2026-07-17T07:14:41+00:00
ACCT-000228,B0038,clean,,2026-07-17T07:14:41+00:00
ACCT-000104,B0039,payment_short,Payment detail short of remit; no duplicates to zero out,2026-07-17T09:26:38+00:00
ACCT-000075,B0039,clean,,2026-07-17T09:26:38+00:00
ACCT-000191,B0039,dup_unfixable,Payment detail short of remit; no duplicates to zero out,2026-07-17T09:26:38+00:00
ACCT-000116,B0039,dup_charge,Duplicate charge row inflates SUM(UtilityCharge),2026-07-17T09:26:38+00:00
ACCT-000052,B0039,clean,,2026-07-17T09:26:38+00:00
ACCT-000082,B0039,clean,,2026-07-17T09:26:38+00:00
ACCT-000150,B0039,clean,,2026-07-17T09:26:38+00:00
ACCT-000040,B0039,clean,,2026-07-17T09:26:38+00:00
ACCT-000056,B0039,dup_charge,Duplicate charge row inflates SUM(UtilityCharge),2026-07-17T09:26:38+00:00
ACCT-000024,B0039,clean,,2026-07-17T09:26:38+00:00
ACCT-000179,B0039,payment_short,Payment detail short of remit; no duplicates to zero out,2026-07-17T09:26:38+00:00
ACCT-000063,B0039,clean,,2026-07-17T09:26:38+00:00
ACCT-000091,B0039,clean,,2026-07-17T09:26:38+00:00
ACCT-000226,B0039,clean,,2026-07-17T09:26:38+00:00
ACCT-000010,B0039,charge_mismatch,CustCharge summary drifted from charge detail,2026-07-17T09:26:38+00:00
ACCT-000005,B0039,dup_payment,Duplicate payment row inflates SUM(Payment),2026-07-17T09:26:38+00:00
ACCT-000105,B0039,clean,,2026-07-17T09:26:38+00:00
ACCT-000225,B0039,dup_charge,Duplicate charge row inflates SUM(UtilityCharge),2026-07-17T09:26:38+00:00
ACCT-000134,B0039,rc_misreport,Export reports a phantom R-C difference,2026-07-17T09:26:38+00:00
ACCT-000118,B0039,dup_payment,Duplicate payment row inflates SUM(Payment),2026-07-17T09:26:38+00:00
ACCT-000152,B0039,dup_payment,Duplicate payment row inflates SUM(Payment),2026-07-17T09:26:38+00:00
ACCT-000002,B0039,dup_payment,Duplicate payment row inflates SUM(Payment),2026-07-17T09:26:38+00:00
ACCT-000121,B0039,clean,,2026-07-17T09:26:38+00:00
ACCT-000103,B0039,clean,,2026-07-17T09:26:38+00:00
ACCT-000057,B0039,clean,,2026-07-17T09:26:38+00:00
ACCT-000092,B0039,clean,,2026-07-17T09:26:38+00:00
ACCT-000195,B0039,known_diff,Remit short vs charges; difference disclosed on export,2026-07-17T09:26:38+00:00
ACCT-000021,B0039,dup_charge,Duplicate charge row inflates SUM(UtilityCharge),2026-07-17T09:26:38+00:00
ACCT-000176,B0039,dup_unfixable,Payment detail short of remit; no duplicates to zero out,2026-07-17T09:26:38+00:00
ACCT-000065,B0039,clean,,2026-07-17T09:26:38+00:00
ACCT-000145,B0039,dup_payment,Duplicate payment row inflates SUM(Payment),2026-07-17T09:26:38+00:00
ACCT-000140,B0039,dup_adjustment,Duplicate adjustment row inflates SUM(AdjustmentAmt),2026-07-17T09:26:38+00:00
ACCT-000011,B0039,dup_adjustment,Duplicate adjustment row inflates SUM(AdjustmentAmt),2026-07-17T09:26:38+00:00
ACCT-000031,B0039,clean,,2026-07-17T09:26:38+00:00
ACCT-000141,B0039,dup_adjustment,Duplicate adjustment row inflates SUM(AdjustmentAmt),2026-07-17T09:26:38+00:00
ACCT-000229,B0039,clean,,2026-07-17T09:26:38+00:00
ACCT-000230,B0039,total_fail,Every check seeded to fail,2026-07-17T09:26:38+00:00
ACCT-000203,B0040,payment_short,Payment detail short of remit; no duplicates to zero out,2026-07-17T11:04:47+00:00
ACCT-000011,B0040,clean,,2026-07-17T11:04:47+00:00
ACCT-000118,B0040,clean,,2026-07-17T11:04:47+00:00
ACCT-000047,B0040,known_diff,Remit short vs charges; difference disclosed on export,2026-07-17T11:04:47+00:00
ACCT-000220,B0040,known_diff,Remit short vs charges; difference disclosed on export,2026-07-17T11:04:47+00:00
ACCT-000115,B0040,dup_payment,Duplicate payment row inflates SUM(Payment),2026-07-17T11:04:47+00:00
ACCT-000207,B0040,dup_adjustment,Duplicate adjustment row inflates SUM(AdjustmentAmt),2026-07-17T11:04:47+00:00
ACCT-000056,B0040,clean,,2026-07-17T11:04:47+00:00
ACCT-000082,B0040,clean,,2026-07-17T11:04:47+00:00
ACCT-000167,B0040,clean,,2026-07-17T11:04:47+00:00
ACCT-000196,B0040,rc_misreport,Export reports a phantom R-C difference,2026-07-17T11:04:47+00:00
ACCT-000226,B0040,dup_payment,Duplicate payment row inflates SUM(Payment),2026-07-17T11:04:47+00:00
ACCT-000214,B0040,payment_short,Payment detail short of remit; no duplicates to zero out,2026-07-17T11:04:47+00:00
ACCT-000176,B0040,adj_mismatch,Adjustments summary drifted from adjustment detail,2026-07-17T11:04:47+00:00
ACCT-000109,B0040,adj_mismatch,Adjustments summary drifted from adjustment detail,2026-07-17T11:04:47+00:00
ACCT-000128,B0040,clean,,2026-07-17T11:04:47+00:00
ACCT-000142,B0040,dup_unfixable,Payment detail short of remit; no duplicates to zero out,2026-07-17T11:04:47+00:00
ACCT-000210,B0040,clean,,2026-07-17T11:04:47+00:00
ACCT-000230,B0040,clean,,2026-07-17T11:04:47+00:00
ACCT-000102,B0040,payment_short,Payment detail short of remit; no duplicates to zero out,2026-07-17T11:04:47+00:00
ACCT-000087,B0040,dup_adjustment,Duplicate adjustment row inflates SUM(AdjustmentAmt),2026-07-17T11:04:47+00:00
ACCT-000040,B0040,dup_payment,Duplicate payment row inflates SUM(Payment),2026-07-17T11:04:47+00:00
ACCT-000124,B0040,dup_adjustment,Duplicate adjustment row inflates SUM(AdjustmentAmt),2026-07-17T11:04:47+00:00
ACCT-000215,B0040,clean,,2026-07-17T11:04:47+00:00
ACCT-000104,B0040,dup_payment,Duplicate payment row inflates SUM(Payment),2026-07-17T11:04:47+00:00
ACCT-000007,B0040,clean,,2026-07-17T11:04:47+00:00
ACCT-000231,B0040,clean,,2026-07-17T11:04:47+00:00
ACCT-000232,B0040,dup_payment,Duplicate payment row inflates SUM(Payment),2026-07-17T11:04:47+00:00
ACCT-000233,B0040,adj_mismatch,Adjustments summary drifted from adjustment detail,2026-07-17T11:04:47+00:00
ACCT-000132,B0041,clean,,2026-07-17T12:40:47+00:00
ACCT-000181,B0041,clean,,2026-07-17T12:40:47+00:00
ACCT-000084,B0041,clean,,2026-07-17T12:40:47+00:00
ACCT-000159,B0041,rc_misreport,Export reports a phantom R-C difference,2026-07-17T12:40:47+00:00
ACCT-000179,B0041,clean,,2026-07-17T12:40:47+00:00
ACCT-000069,B0041,dup_payment,Duplicate payment row inflates SUM(Payment),2026-07-17T12:40:47+00:00
ACCT-000009,B0041,clean,,2026-07-17T12:40:47+00:00
ACCT-000137,B0041,clean,,2026-07-17T12:40:47+00:00
ACCT-000070,B0041,total_fail,Every check seeded to fail,2026-07-17T12:40:47+00:00
ACCT-000226,B0041,known_diff,Remit short vs charges; difference disclosed on export,2026-07-17T12:40:47+00:00
ACCT-000231,B0041,clean,,2026-07-17T12:40:47+00:00
ACCT-000203,B0041,rc_misreport,Export reports a phantom R-C difference,2026-07-17T12:40:47+00:00
ACCT-000199,B0041,clean,,2026-07-17T12:40:47+00:00
ACCT-000049,B0041,dup_payment,Duplicate payment row inflates SUM(Payment),2026-07-17T12:40:47+00:00
ACCT-000045,B0041,clean,,2026-07-17T12:40:47+00:00
ACCT-000076,B0041,clean,,2026-07-17T12:40:47+00:00
ACCT-000058,B0041,clean,,2026-07-17T12:40:47+00:00
ACCT-000119,B0041,rc_misreport,Export reports a phantom R-C difference,2026-07-17T12:40:47+00:00
ACCT-000200,B0041,total_fail,Every check seeded to fail,2026-07-17T12:40:47+00:00
ACCT-000127,B0041,clean,,2026-07-17T12:40:47+00:00
ACCT-000158,B0041,clean,,2026-07-17T12:40:47+00:00
ACCT-000099,B0041,dup_adjustment,Duplicate adjustment row inflates SUM(AdjustmentAmt),2026-07-17T12:40:47+00:00
ACCT-000040,B0041,clean,,2026-07-17T12:40:47+00:00
ACCT-000122,B0041,dup_charge,Duplicate charge row inflates SUM(UtilityCharge),2026-07-17T12:40:47+00:00
ACCT-000081,B0041,rc_misreport,Export reports a phantom R-C difference,2026-07-17T12:40:47+00:00
ACCT-000115,B0041,dup_payment,Duplicate payment row inflates SUM(Payment),2026-07-17T12:40:47+00:00
ACCT-000193,B0041,payment_short,Payment detail short of remit; no duplicates to zero out,2026-07-17T12:40:47+00:00
ACCT-000029,B0041,payment_short,Payment detail short of remit; no duplicates to zero out,2026-07-17T12:40:47+00:00
ACCT-000184,B0041,clean,,2026-07-17T12:40:47+00:00
ACCT-000217,B0041,clean,,2026-07-17T12:40:47+00:00
ACCT-000222,B0041,dup_charge,Duplicate charge row inflates SUM(UtilityCharge),2026-07-17T12:40:47+00:00
ACCT-000219,B0041,charge_mismatch,CustCharge summary drifted from charge detail,2026-07-17T12:40:47+00:00
ACCT-000044,B0041,adj_mismatch,Adjustments summary drifted from adjustment detail,2026-07-17T12:40:47+00:00
ACCT-000140,B0041,clean,,2026-07-17T12:40:47+00:00
ACCT-000043,B0041,payment_short,Payment detail short of remit; no duplicates to zero out,2026-07-17T12:40:47+00:00
ACCT-000234,B0041,dup_payment,Duplicate payment row inflates SUM(Payment),2026-07-17T12:40:47+00:00
ACCT-000235,B0041,clean,,2026-07-17T12:40:47+00:00
ACCT-000236,B0041,clean,,2026-07-17T12:40:47+00:00
ACCT-000237,B0041,rc_misreport,Export reports a phantom R-C difference,2026-07-17T12:40:47+00:00
ACCT-000109,B0042,clean,,2026-07-17T14:26:20+00:00
ACCT-000221,B0042,clean,,2026-07-17T14:26:20+00:00
ACCT-000178,B0042,charge_mismatch,CustCharge summary drifted from charge detail,2026-07-17T14:26:20+00:00
ACCT-000102,B0042,clean,,2026-07-17T14:26:20+00:00
ACCT-000179,B0042,clean,,2026-07-17T14:26:20+00:00
ACCT-000018,B0042,clean,,2026-07-17T14:26:20+00:00
ACCT-000097,B0042,clean,,2026-07-17T14:26:20+00:00
ACCT-000151,B0042,clean,,2026-07-17T14:26:20+00:00
ACCT-000106,B0042,clean,,2026-07-17T14:26:20+00:00
ACCT-000019,B0042,clean,,2026-07-17T14:26:20+00:00
ACCT-000211,B0042,payment_short,Payment detail short of remit; no duplicates to zero out,2026-07-17T14:26:20+00:00
ACCT-000196,B0042,known_diff,Remit short vs charges; difference disclosed on export,2026-07-17T14:26:20+00:00
ACCT-000153,B0042,dup_payment,Duplicate payment row inflates SUM(Payment),2026-07-17T14:26:20+00:00
ACCT-000182,B0042,dup_adjustment,Duplicate adjustment row inflates SUM(AdjustmentAmt),2026-07-17T14:26:20+00:00
ACCT-000104,B0042,dup_payment,Duplicate payment row inflates SUM(Payment),2026-07-17T14:26:20+00:00
ACCT-000072,B0042,clean,,2026-07-17T14:26:20+00:00
ACCT-000176,B0042,clean,,2026-07-17T14:26:20+00:00
ACCT-000214,B0042,clean,,2026-07-17T14:26:20+00:00
ACCT-000126,B0042,rc_misreport,Export reports a phantom R-C difference,2026-07-17T14:26:20+00:00
ACCT-000183,B0042,clean,,2026-07-17T14:26:20+00:00
ACCT-000044,B0042,clean,,2026-07-17T14:26:20+00:00
ACCT-000147,B0042,clean,,2026-07-17T14:26:20+00:00
ACCT-000155,B0042,clean,,2026-07-17T14:26:20+00:00
ACCT-000133,B0042,rc_misreport,Export reports a phantom R-C difference,2026-07-17T14:26:20+00:00
ACCT-000055,B0042,dup_unfixable,Payment detail short of remit; no duplicates to zero out,2026-07-17T14:26:20+00:00
ACCT-000169,B0042,clean,,2026-07-17T14:26:20+00:00
ACCT-000162,B0042,clean,,2026-07-17T14:26:20+00:00
ACCT-000016,B0042,rc_misreport,Export reports a phantom R-C difference,2026-07-17T14:26:20+00:00
ACCT-000231,B0042,dup_unfixable,Payment detail short of remit; no duplicates to zero out,2026-07-17T14:26:20+00:00
ACCT-000238,B0042,clean,,2026-07-17T14:26:20+00:00
ACCT-000239,B0042,clean,,2026-07-17T14:26:20+00:00
ACCT-000043,B0043,clean,,2026-07-17T15:54:28+00:00
ACCT-000049,B0043,clean,,2026-07-17T15:54:28+00:00
ACCT-000143,B0043,clean,,2026-07-17T15:54:28+00:00
ACCT-000070,B0043,clean,,2026-07-17T15:54:28+00:00
ACCT-000021,B0043,clean,,2026-07-17T15:54:28+00:00
ACCT-000140,B0043,clean,,2026-07-17T15:54:28+00:00
ACCT-000024,B0043,clean,,2026-07-17T15:54:28+00:00
ACCT-000214,B0043,clean,,2026-07-17T15:54:28+00:00
ACCT-000173,B0043,adj_mismatch,Adjustments summary drifted from adjustment detail,2026-07-17T15:54:28+00:00
ACCT-000033,B0043,clean,,2026-07-17T15:54:28+00:00
ACCT-000055,B0043,charge_mismatch,CustCharge summary drifted from charge detail,2026-07-17T15:54:28+00:00
ACCT-000039,B0043,clean,,2026-07-17T15:54:28+00:00
ACCT-000158,B0043,clean,,2026-07-17T15:54:28+00:00
ACCT-000080,B0043,known_diff,Remit short vs charges; difference disclosed on export,2026-07-17T15:54:28+00:00
ACCT-000187,B0043,clean,,2026-07-17T15:54:28+00:00
ACCT-000130,B0043,rc_misreport,Export reports a phantom R-C difference,2026-07-17T15:54:28+00:00
ACCT-000121,B0043,clean,,2026-07-17T15:54:28+00:00
ACCT-000152,B0043,dup_adjustment,Duplicate adjustment row inflates SUM(AdjustmentAmt),2026-07-17T15:54:28+00:00
ACCT-000213,B0043,dup_payment,Duplicate payment row inflates SUM(Payment),2026-07-17T15:54:28+00:00
ACCT-000169,B0043,payment_short,Payment detail short of remit; no duplicates to zero out,2026-07-17T15:54:28+00:00
ACCT-000011,B0043,clean,,2026-07-17T15:54:28+00:00
ACCT-000094,B0043,clean,,2026-07-17T15:54:28+00:00
ACCT-000063,B0043,known_diff,Remit short vs charges; difference disclosed on export,2026-07-17T15:54:28+00:00
ACCT-000082,B0043,clean,,2026-07-17T15:54:28+00:00
ACCT-000116,B0043,clean,,2026-07-17T15:54:28+00:00
ACCT-000150,B0043,clean,,2026-07-17T15:54:28+00:00
ACCT-000240,B0043,clean,,2026-07-17T15:54:28+00:00
ACCT-000241,B0043,charge_mismatch,CustCharge summary drifted from charge detail,2026-07-17T15:54:28+00:00
ACCT-000242,B0043,total_fail,Every check seeded to fail,2026-07-17T15:54:28+00:00
ACCT-000181,B0044,adj_mismatch,Adjustments summary drifted from adjustment detail,2026-07-17T17:03:02+00:00
ACCT-000109,B0044,clean,,2026-07-17T17:03:02+00:00
ACCT-000146,B0044,clean,,2026-07-17T17:03:02+00:00
ACCT-000111,B0044,clean,,2026-07-17T17:03:02+00:00
ACCT-000043,B0044,clean,,2026-07-17T17:03:02+00:00
ACCT-000121,B0044,clean,,2026-07-17T17:03:02+00:00
ACCT-000062,B0044,clean,,2026-07-17T17:03:02+00:00
ACCT-000219,B0044,clean,,2026-07-17T17:03:02+00:00
ACCT-000218,B0044,dup_charge,Duplicate charge row inflates SUM(UtilityCharge),2026-07-17T17:03:02+00:00
ACCT-000042,B0044,rc_misreport,Export reports a phantom R-C difference,2026-07-17T17:03:02+00:00
ACCT-000045,B0044,clean,,2026-07-17T17:03:02+00:00
ACCT-000092,B0044,dup_payment,Duplicate payment row inflates SUM(Payment),2026-07-17T17:03:02+00:00
ACCT-000141,B0044,total_fail,Every check seeded to fail,2026-07-17T17:03:02+00:00
ACCT-000123,B0044,payment_short,Payment detail short of remit; no duplicates to zero out,2026-07-17T17:03:02+00:00
ACCT-000056,B0044,clean,,2026-07-17T17:03:02+00:00
ACCT-000054,B0044,rc_misreport,Export reports a phantom R-C difference,2026-07-17T17:03:02+00:00
ACCT-000145,B0044,clean,,2026-07-17T17:03:02+00:00
ACCT-000011,B0044,dup_payment,Duplicate payment row inflates SUM(Payment),2026-07-17T17:03:02+00:00
ACCT-000207,B0044,clean,,2026-07-17T17:03:02+00:00
ACCT-000079,B0044,clean,,2026-07-17T17:03:02+00:00
ACCT-000030,B0044,dup_adjustment,Duplicate adjustment row inflates SUM(AdjustmentAmt),2026-07-17T17:03:02+00:00
ACCT-000003,B0044,payment_short,Payment detail short of remit; no duplicates to zero out,2026-07-17T17:03:02+00:00
ACCT-000125,B0044,clean,,2026-07-17T17:03:02+00:00
ACCT-000021,B0044,dup_payment,Duplicate payment row inflates SUM(Payment),2026-07-17T17:03:02+00:00
ACCT-000027,B0044,payment_short,Payment detail short of remit; no duplicates to zero out,2026-07-17T17:03:02+00:00
ACCT-000029,B0044,clean,,2026-07-17T17:03:02+00:00
ACCT-000171,B0044,clean,,2026-07-17T17:03:02+00:00
ACCT-000186,B0044,clean,,2026-07-17T17:03:02+00:00
ACCT-000087,B0044,clean,,2026-07-17T17:03:02+00:00
ACCT-000233,B0044,payment_short,Payment detail short of remit; no duplicates to zero out,2026-07-17T17:03:02+00:00
ACCT-000040,B0044,dup_payment,Duplicate payment row inflates SUM(Payment),2026-07-17T17:03:02+00:00
ACCT-000139,B0044,known_diff,Remit short vs charges; difference disclosed on export,2026-07-17T17:03:02+00:00
ACCT-000091,B0044,payment_short,Payment detail short of remit; no duplicates to zero out,2026-07-17T17:03:02+00:00
ACCT-000175,B0044,clean,,2026-07-17T17:03:02+00:00
ACCT-000243,B0044,clean,,2026-07-17T17:03:02+00:00
ACCT-000244,B0044,dup_charge,Duplicate charge row inflates SUM(UtilityCharge),2026-07-17T17:03:02+00:00
ACCT-000022,B0045,clean,,2026-07-17T18:32:26+00:00
ACCT-000184,B0045,clean,,2026-07-17T18:32:26+00:00
ACCT-000019,B0045,clean,,2026-07-17T18:32:26+00:00
ACCT-000166,B0045,charge_mismatch,CustCharge summary drifted from charge detail,2026-07-17T18:32:26+00:00
ACCT-000171,B0045,clean,,2026-07-17T18:32:26+00:00
ACCT-000164,B0045,clean,,2026-07-17T18:32:26+00:00
ACCT-000126,B0045,clean,,2026-07-17T18:32:26+00:00
ACCT-000125,B0045,dup_charge,Duplicate charge row inflates SUM(UtilityCharge),2026-07-17T18:32:26+00:00
ACCT-000154,B0045,rc_misreport,Export reports a phantom R-C difference,2026-07-17T18:32:26+00:00
ACCT-000087,B0045,dup_payment,Duplicate payment row inflates SUM(Payment),2026-07-17T18:32:26+00:00
ACCT-000237,B0045,dup_payment,Duplicate payment row inflates SUM(Payment),2026-07-17T18:32:26+00:00
ACCT-000044,B0045,clean,,2026-07-17T18:32:26+00:00
ACCT-000111,B0045,clean,,2026-07-17T18:32:26+00:00
ACCT-000168,B0045,clean,,2026-07-17T18:32:26+00:00
ACCT-000007,B0045,dup_adjustment,Duplicate adjustment row inflates SUM(AdjustmentAmt),2026-07-17T18:32:26+00:00
ACCT-000015,B0045,clean,,2026-07-17T18:32:26+00:00
ACCT-000181,B0045,dup_adjustment,Duplicate adjustment row inflates SUM(AdjustmentAmt),2026-07-17T18:32:26+00:00
ACCT-000068,B0045,payment_short,Payment detail short of remit; no duplicates to zero out,2026-07-17T18:32:26+00:00
ACCT-000114,B0045,total_fail,Every check seeded to fail,2026-07-17T18:32:26+00:00
ACCT-000065,B0045,known_diff,Remit short vs charges; difference disclosed on export,2026-07-17T18:32:26+00:00
ACCT-000133,B0045,payment_short,Payment detail short of remit; no duplicates to zero out,2026-07-17T18:32:26+00:00
ACCT-000239,B0045,dup_payment,Duplicate payment row inflates SUM(Payment),2026-07-17T18:32:26+00:00
ACCT-000063,B0045,payment_short,Payment detail short of remit; no duplicates to zero out,2026-07-17T18:32:26+00:00
ACCT-000190,B0045,dup_adjustment,Duplicate adjustment row inflates SUM(AdjustmentAmt),2026-07-17T18:32:26+00:00
ACCT-000081,B0045,charge_mismatch,CustCharge summary drifted from charge detail,2026-07-17T18:32:26+00:00
ACCT-000046,B0045,dup_payment,Duplicate payment row inflates SUM(Payment),2026-07-17T18:32:26+00:00
ACCT-000244,B0045,adj_mismatch,Adjustments summary drifted from adjustment detail,2026-07-17T18:32:26+00:00
ACCT-000191,B0045,clean,,2026-07-17T18:32:26+00:00
ACCT-000092,B0045,clean,,2026-07-17T18:32:26+00:00
ACCT-000245,B0045,clean,,2026-07-17T18:32:26+00:00
ACCT-000246,B0045,dup_payment,Duplicate payment row inflates SUM(Payment),2026-07-17T18:32:26+00:00
ACCT-000247,B0045,clean,,2026-07-17T18:32:26+00:00
ACCT-000062,B0046,clean,,2026-07-17T20:00:13+00:00
ACCT-000007,B0046,clean,,2026-07-17T20:00:13+00:00
ACCT-000039,B0046,adj_mismatch,Adjustments summary drifted from adjustment detail,2026-07-17T20:00:13+00:00
ACCT-000094,B0046,clean,,2026-07-17T20:00:13+00:00
ACCT-000138,B0046,dup_charge,Duplicate charge row inflates SUM(UtilityCharge),2026-07-17T20:00:13+00:00
ACCT-000204,B0046,clean,,2026-07-17T20:00:13+00:00
ACCT-000025,B0046,dup_adjustment,Duplicate adjustment row inflates SUM(AdjustmentAmt),2026-07-17T20:00:13+00:00
ACCT-000155,B0046,clean,,2026-07-17T20:00:13+00:00
ACCT-000172,B0046,rc_misreport,Export reports a phantom R-C difference,2026-07-17T20:00:13+00:00
ACCT-000179,B0046,charge_mismatch,CustCharge summary drifted from charge detail,2026-07-17T20:00:13+00:00
ACCT-000246,B0046,clean,,2026-07-17T20:00:13+00:00
ACCT-000140,B0046,charge_mismatch,CustCharge summary drifted from charge detail,2026-07-17T20:00:13+00:00
ACCT-000024,B0046,clean,,2026-07-17T20:00:13+00:00
ACCT-000227,B0046,clean,,2026-07-17T20:00:13+00:00
ACCT-000027,B0046,dup_unfixable,Payment detail short of remit; no duplicates to zero out,2026-07-17T20:00:13+00:00
ACCT-000063,B0046,rc_misreport,Export reports a phantom R-C difference,2026-07-17T20:00:13+00:00
ACCT-000136,B0046,charge_mismatch,CustCharge summary drifted from charge detail,2026-07-17T20:00:13+00:00
ACCT-000074,B0046,clean,,2026-07-17T20:00:13+00:00
ACCT-000139,B0046,clean,,2026-07-17T20:00:13+00:00
ACCT-000162,B0046,clean,,2026-07-17T20:00:13+00:00
ACCT-000086,B0046,clean,,2026-07-17T20:00:13+00:00
ACCT-000052,B0046,dup_payment,Duplicate payment row inflates SUM(Payment),2026-07-17T20:00:13+00:00
ACCT-000247,B0046,clean,,2026-07-17T20:00:13+00:00
ACCT-000096,B0046,total_fail,Every check seeded to fail,2026-07-17T20:00:13+00:00
ACCT-000174,B0046,payment_short,Payment detail short of remit; no duplicates to zero out,2026-07-17T20:00:13+00:00
ACCT-000192,B0046,clean,,2026-07-17T20:00:13+00:00
ACCT-000226,B0046,dup_payment,Duplicate payment row inflates SUM(Payment),2026-07-17T20:00:13+00:00
ACCT-000072,B0046,charge_mismatch,CustCharge summary drifted from charge detail,2026-07-17T20:00:13+00:00
ACCT-000053,B0046,dup_charge,Duplicate charge row inflates SUM(UtilityCharge),2026-07-17T20:00:13+00:00
ACCT-000188,B0046,payment_short,Payment detail short of remit; no duplicates to zero out,2026-07-17T20:00:13+00:00
ACCT-000248,B0046,dup_charge,Duplicate charge row inflates SUM(UtilityCharge),2026-07-17T20:00:13+00:00
ACCT-000249,B0046,rc_misreport,Export reports a phantom R-C difference,2026-07-17T20:00:13+00:00
ACCT-000190,B0047,payment_short,Payment detail short of remit; no duplicates to zero out,2026-07-17T21:00:58+00:00
ACCT-000172,B0047,total_fail,Every check seeded to fail,2026-07-17T21:00:58+00:00
ACCT-000212,B0047,dup_adjustment,Duplicate adjustment row inflates SUM(AdjustmentAmt),2026-07-17T21:00:58+00:00
ACCT-000123,B0047,total_fail,Every check seeded to fail,2026-07-17T21:00:58+00:00
ACCT-000221,B0047,dup_unfixable,Payment detail short of remit; no duplicates to zero out,2026-07-17T21:00:58+00:00
ACCT-000079,B0047,known_diff,Remit short vs charges; difference disclosed on export,2026-07-17T21:00:58+00:00
ACCT-000245,B0047,clean,,2026-07-17T21:00:58+00:00
ACCT-000138,B0047,dup_payment,Duplicate payment row inflates SUM(Payment),2026-07-17T21:00:58+00:00
ACCT-000164,B0047,clean,,2026-07-17T21:00:58+00:00
ACCT-000096,B0047,clean,,2026-07-17T21:00:58+00:00
ACCT-000117,B0047,clean,,2026-07-17T21:00:58+00:00
ACCT-000140,B0047,clean,,2026-07-17T21:00:58+00:00
ACCT-000234,B0047,clean,,2026-07-17T21:00:58+00:00
ACCT-000006,B0047,dup_charge,Duplicate charge row inflates SUM(UtilityCharge),2026-07-17T21:00:58+00:00
ACCT-000247,B0047,dup_adjustment,Duplicate adjustment row inflates SUM(AdjustmentAmt),2026-07-17T21:00:58+00:00
ACCT-000122,B0047,rc_misreport,Export reports a phantom R-C difference,2026-07-17T21:00:58+00:00
ACCT-000003,B0047,clean,,2026-07-17T21:00:58+00:00
ACCT-000058,B0047,charge_mismatch,CustCharge summary drifted from charge detail,2026-07-17T21:00:58+00:00
ACCT-000120,B0047,payment_short,Payment detail short of remit; no duplicates to zero out,2026-07-17T21:00:58+00:00
ACCT-000081,B0047,dup_adjustment,Duplicate adjustment row inflates SUM(AdjustmentAmt),2026-07-17T21:00:58+00:00
ACCT-000139,B0047,dup_payment,Duplicate payment row inflates SUM(Payment),2026-07-17T21:00:58+00:00
ACCT-000216,B0047,clean,,2026-07-17T21:00:58+00:00
ACCT-000119,B0047,clean,,2026-07-17T21:00:58+00:00
ACCT-000004,B0047,clean,,2026-07-17T21:00:58+00:00
ACCT-000191,B0047,clean,,2026-07-17T21:00:58+00:00
ACCT-000158,B0047,dup_adjustment,Duplicate adjustment row inflates SUM(AdjustmentAmt),2026-07-17T21:00:58+00:00
ACCT-000052,B0047,total_fail,Every check seeded to fail,2026-07-17T21:00:58+00:00
ACCT-000130,B0047,clean,,2026-07-17T21:00:58+00:00
ACCT-000061,B0047,clean,,2026-07-17T21:00:58+00:00
ACCT-000050,B0047,clean,,2026-07-17T21:00:58+00:00
ACCT-000088,B0047,clean,,2026-07-17T21:00:58+00:00
ACCT-000170,B0047,charge_mismatch,CustCharge summary drifted from charge detail,2026-07-17T21:00:58+00:00
ACCT-000109,B0047,rc_misreport,Export reports a phantom R-C difference,2026-07-17T21:00:58+00:00
ACCT-000250,B0047,clean,,2026-07-17T21:00:58+00:00
ACCT-000251,B0047,total_fail,Every check seeded to fail,2026-07-17T21:00:58+00:00
ACCT-000252,B0047,dup_charge,Duplicate charge row inflates SUM(UtilityCharge),2026-07-17T21:00:58+00:00
ACCT-000043,B0048,rc_misreport,Export reports a phantom R-C difference,2026-07-17T22:11:44+00:00
ACCT-000170,B0048,clean,,2026-07-17T22:11:44+00:00
ACCT-000187,B0048,charge_mismatch,CustCharge summary drifted from charge detail,2026-07-17T22:11:44+00:00
ACCT-000119,B0048,charge_mismatch,CustCharge summary drifted from charge detail,2026-07-17T22:11:44+00:00
ACCT-000103,B0048,clean,,2026-07-17T22:11:44+00:00
ACCT-000114,B0048,payment_short,Payment detail short of remit; no duplicates to zero out,2026-07-17T22:11:44+00:00
ACCT-000003,B0048,clean,,2026-07-17T22:11:44+00:00
ACCT-000046,B0048,clean,,2026-07-17T22:11:44+00:00
ACCT-000035,B0048,clean,,2026-07-17T22:11:44+00:00
ACCT-000059,B0048,clean,,2026-07-17T22:11:44+00:00
ACCT-000129,B0048,charge_mismatch,CustCharge summary drifted from charge detail,2026-07-17T22:11:44+00:00
ACCT-000247,B0048,charge_mismatch,CustCharge summary drifted from charge detail,2026-07-17T22:11:44+00:00
ACCT-000026,B0048,clean,,2026-07-17T22:11:44+00:00
ACCT-000116,B0048,clean,,2026-07-17T22:11:44+00:00
ACCT-000198,B0048,clean,,2026-07-17T22:11:44+00:00
ACCT-000061,B0048,total_fail,Every check seeded to fail,2026-07-17T22:11:44+00:00
ACCT-000052,B0048,clean,,2026-07-17T22:11:44+00:00
ACCT-000229,B0048,dup_payment,Duplicate payment row inflates SUM(Payment),2026-07-17T22:11:44+00:00
ACCT-000211,B0048,charge_mismatch,CustCharge summary drifted from charge detail,2026-07-17T22:11:44+00:00
ACCT-000117,B0048,clean,,2026-07-17T22:11:44+00:00
ACCT-000106,B0048,charge_mismatch,CustCharge summary drifted from charge detail,2026-07-17T22:11:44+00:00
ACCT-000160,B0048,known_diff,Remit short vs charges; difference disclosed on export,2026-07-17T22:11:44+00:00
ACCT-000087,B0048,clean,,2026-07-17T22:11:44+00:00
ACCT-000110,B0048,clean,,2026-07-17T22:11:44+00:00
ACCT-000239,B0048,clean,,2026-07-17T22:11:44+00:00
ACCT-000101,B0048,payment_short,Payment detail short of remit; no duplicates to zero out,2026-07-17T22:11:44+00:00
ACCT-000029,B0048,clean,,2026-07-17T22:11:44+00:00
ACCT-000028,B0048,clean,,2026-07-17T22:11:44+00:00
ACCT-000065,B0048,clean,,2026-07-17T22:11:44+00:00
ACCT-000132,B0048,clean,,2026-07-17T22:11:44+00:00
ACCT-000098,B0048,known_diff,Remit short vs charges; difference disclosed on export,2026-07-17T22:11:44+00:00
ACCT-000081,B0048,clean,,2026-07-17T22:11:44+00:00
ACCT-000140,B0048,clean,,2026-07-17T22:11:44+00:00
ACCT-000095,B0048,dup_payment,Duplicate payment row inflates SUM(Payment),2026-07-17T22:11:44+00:00
ACCT-000194,B0048,dup_charge,Duplicate charge row inflates SUM(UtilityCharge),2026-07-17T22:11:44+00:00
ACCT-000253,B0048,clean,,2026-07-17T22:11:44+00:00
ACCT-000254,B0048,clean,,2026-07-17T22:11:44+00:00
ACCT-000255,B0048,clean,,2026-07-17T22:11:44+00:00
ACCT-000256,B0048,clean,,2026-07-17T22:11:44+00:00
ACCT-000130,B0049,payment_short,Payment detail short of remit; no duplicates to zero out,2026-07-17T23:14:29+00:00
ACCT-000117,B0049,clean,,2026-07-17T23:14:29+00:00
ACCT-000059,B0049,payment_short,Payment detail short of remit; no duplicates to zero out,2026-07-17T23:14:29+00:00
ACCT-000197,B0049,dup_payment,Duplicate payment row inflates SUM(Payment),2026-07-17T23:14:29+00:00
ACCT-000132,B0049,clean,,2026-07-17T23:14:29+00:00
ACCT-000145,B0049,dup_payment,Duplicate payment row inflates SUM(Payment),2026-07-17T23:14:29+00:00
ACCT-000157,B0049,clean,,2026-07-17T23:14:29+00:00
ACCT-000137,B0049,dup_adjustment,Duplicate adjustment row inflates SUM(AdjustmentAmt),2026-07-17T23:14:29+00:00
ACCT-000094,B0049,dup_payment,Duplicate payment row inflates SUM(Payment),2026-07-17T23:14:29+00:00
ACCT-000235,B0049,clean,,2026-07-17T23:14:29+00:00
ACCT-000143,B0049,payment_short,Payment detail short of remit; no duplicates to zero out,2026-07-17T23:14:29+00:00
ACCT-000021,B0049,total_fail,Every check seeded to fail,2026-07-17T23:14:29+00:00
ACCT-000128,B0049,clean,,2026-07-17T23:14:29+00:00
ACCT-000005,B0049,dup_unfixable,Payment detail short of remit; no duplicates to zero out,2026-07-17T23:14:29+00:00
ACCT-000060,B0049,clean,,2026-07-17T23:14:29+00:00
ACCT-000011,B0049,clean,,2026-07-17T23:14:29+00:00
ACCT-000179,B0049,clean,,2026-07-17T23:14:29+00:00
ACCT-000002,B0049,dup_charge,Duplicate charge row inflates SUM(UtilityCharge),2026-07-17T23:14:29+00:00
ACCT-000242,B0049,clean,,2026-07-17T23:14:29+00:00
ACCT-000135,B0049,dup_payment,Duplicate payment row inflates SUM(Payment),2026-07-17T23:14:29+00:00
ACCT-000093,B0049,adj_mismatch,Adjustments summary drifted from adjustment detail,2026-07-17T23:14:29+00:00
ACCT-000200,B0049,clean,,2026-07-17T23:14:29+00:00
ACCT-000188,B0049,clean,,2026-07-17T23:14:29+00:00
ACCT-000225,B0049,clean,,2026-07-17T23:14:29+00:00
ACCT-000140,B0049,dup_payment,Duplicate payment row inflates SUM(Payment),2026-07-17T23:14:29+00:00
ACCT-000054,B0049,clean,,2026-07-17T23:14:29+00:00
ACCT-000257,B0049,charge_mismatch,CustCharge summary drifted from charge detail,2026-07-17T23:14:29+00:00
ACCT-000258,B0049,clean,,2026-07-17T23:14:29+00:00
ACCT-000259,B0049,dup_payment,Duplicate payment row inflates SUM(Payment),2026-07-17T23:14:29+00:00
ACCT-000260,B0049,clean,,2026-07-17T23:14:29+00:00
ACCT-000110,B0050,dup_adjustment,Duplicate adjustment row inflates SUM(AdjustmentAmt),2026-07-18T00:52:21+00:00
ACCT-000198,B0050,dup_payment,Duplicate payment row inflates SUM(Payment),2026-07-18T00:52:21+00:00
ACCT-000156,B0050,clean,,2026-07-18T00:52:21+00:00
ACCT-000023,B0050,adj_mismatch,Adjustments summary drifted from adjustment detail,2026-07-18T00:52:21+00:00
ACCT-000185,B0050,known_diff,Remit short vs charges; difference disclosed on export,2026-07-18T00:52:21+00:00
ACCT-000257,B0050,clean,,2026-07-18T00:52:21+00:00
ACCT-000210,B0050,clean,,2026-07-18T00:52:21+00:00
ACCT-000171,B0050,clean,,2026-07-18T00:52:21+00:00
ACCT-000208,B0050,dup_adjustment,Duplicate adjustment row inflates SUM(AdjustmentAmt),2026-07-18T00:52:21+00:00
ACCT-000240,B0050,dup_payment,Duplicate payment row inflates SUM(Payment),2026-07-18T00:52:21+00:00
ACCT-000229,B0050,clean,,2026-07-18T00:52:21+00:00
ACCT-000177,B0050,known_diff,Remit short vs charges; difference disclosed on export,2026-07-18T00:52:21+00:00
ACCT-000016,B0050,clean,,2026-07-18T00:52:21+00:00
ACCT-000124,B0050,clean,,2026-07-18T00:52:21+00:00
ACCT-000161,B0050,clean,,2026-07-18T00:52:21+00:00
ACCT-000213,B0050,clean,,2026-07-18T00:52:21+00:00
ACCT-000010,B0050,adj_mismatch,Adjustments summary drifted from adjustment detail,2026-07-18T00:52:21+00:00
ACCT-000139,B0050,rc_misreport,Export reports a phantom R-C difference,2026-07-18T00:52:21+00:00
ACCT-000223,B0050,clean,,2026-07-18T00:52:21+00:00
ACCT-000028,B0050,dup_charge,Duplicate charge row inflates SUM(UtilityCharge),2026-07-18T00:52:21+00:00
ACCT-000034,B0050,clean,,2026-07-18T00:52:21+00:00
ACCT-000183,B0050,clean,,2026-07-18T00:52:21+00:00
ACCT-000206,B0050,clean,,2026-07-18T00:52:21+00:00
ACCT-000205,B0050,clean,,2026-07-18T00:52:21+00:00
ACCT-000162,B0050,clean,,2026-07-18T00:52:21+00:00
ACCT-000261,B0050,dup_adjustment,Duplicate adjustment row inflates SUM(AdjustmentAmt),2026-07-18T00:52:21+00:00
ACCT-000262,B0050,payment_short,Payment detail short of remit; no duplicates to zero out,2026-07-18T00:52:21+00:00
ACCT-000263,B0050,rc_misreport,Export reports a phantom R-C difference,2026-07-18T00:52:21+00:00
ACCT-000264,B0050,charge_mismatch,CustCharge summary drifted from charge detail,2026-07-18T00:52:21+00:00
ACCT-000083,B0051,dup_adjustment,Duplicate adjustment row inflates SUM(AdjustmentAmt),2026-07-18T03:49:24+00:00
ACCT-000227,B0051,clean,,2026-07-18T03:49:24+00:00
ACCT-000043,B0051,clean,,2026-07-18T03:49:24+00:00
ACCT-000044,B0051,clean,,2026-07-18T03:49:24+00:00
ACCT-000011,B0051,dup_payment,Duplicate payment row inflates SUM(Payment),2026-07-18T03:49:24+00:00
ACCT-000201,B0051,clean,,2026-07-18T03:49:24+00:00
ACCT-000211,B0051,dup_charge,Duplicate charge row inflates SUM(UtilityCharge),2026-07-18T03:49:24+00:00
ACCT-000038,B0051,dup_payment,Duplicate payment row inflates SUM(Payment),2026-07-18T03:49:24+00:00
ACCT-000045,B0051,dup_payment,Duplicate payment row inflates SUM(Payment),2026-07-18T03:49:24+00:00
ACCT-000165,B0051,clean,,2026-07-18T03:49:24+00:00
ACCT-000196,B0051,clean,,2026-07-18T03:49:24+00:00
ACCT-000124,B0051,dup_charge,Duplicate charge row inflates SUM(UtilityCharge),2026-07-18T03:49:24+00:00
ACCT-000210,B0051,clean,,2026-07-18T03:49:24+00:00
ACCT-000106,B0051,rc_misreport,Export reports a phantom R-C difference,2026-07-18T03:49:24+00:00
ACCT-000118,B0051,rc_misreport,Export reports a phantom R-C difference,2026-07-18T03:49:24+00:00
ACCT-000012,B0051,clean,,2026-07-18T03:49:24+00:00
ACCT-000066,B0051,clean,,2026-07-18T03:49:24+00:00
ACCT-000163,B0051,dup_payment,Duplicate payment row inflates SUM(Payment),2026-07-18T03:49:24+00:00
ACCT-000206,B0051,dup_charge,Duplicate charge row inflates SUM(UtilityCharge),2026-07-18T03:49:24+00:00
ACCT-000120,B0051,known_diff,Remit short vs charges; difference disclosed on export,2026-07-18T03:49:24+00:00
ACCT-000180,B0051,payment_short,Payment detail short of remit; no duplicates to zero out,2026-07-18T03:49:24+00:00
ACCT-000160,B0051,clean,,2026-07-18T03:49:24+00:00
ACCT-000129,B0051,clean,,2026-07-18T03:49:24+00:00
ACCT-000021,B0051,clean,,2026-07-18T03:49:24+00:00
ACCT-000156,B0051,clean,,2026-07-18T03:49:24+00:00
ACCT-000258,B0051,rc_misreport,Export reports a phantom R-C difference,2026-07-18T03:49:24+00:00
ACCT-000265,B0051,charge_mismatch,CustCharge summary drifted from charge detail,2026-07-18T03:49:24+00:00
ACCT-000266,B0051,dup_charge,Duplicate charge row inflates SUM(UtilityCharge),2026-07-18T03:49:24+00:00
ACCT-000267,B0051,clean,,2026-07-18T03:49:24+00:00
ACCT-000022,B0052,dup_charge,Duplicate charge row inflates SUM(UtilityCharge),2026-07-18T05:58:36+00:00
ACCT-000047,B0052,clean,,2026-07-18T05:58:36+00:00
ACCT-000192,B0052,clean,,2026-07-18T05:58:36+00:00
ACCT-000136,B0052,dup_adjustment,Duplicate adjustment row inflates SUM(AdjustmentAmt),2026-07-18T05:58:36+00:00
ACCT-000066,B0052,payment_short,Payment detail short of remit; no duplicates to zero out,2026-07-18T05:58:36+00:00
ACCT-000175,B0052,total_fail,Every check seeded to fail,2026-07-18T05:58:36+00:00
ACCT-000157,B0052,clean,,2026-07-18T05:58:36+00:00
ACCT-000025,B0052,clean,,2026-07-18T05:58:36+00:00
ACCT-000103,B0052,payment_short,Payment detail short of remit; no duplicates to zero out,2026-07-18T05:58:36+00:00
ACCT-000014,B0052,total_fail,Every check seeded to fail,2026-07-18T05:58:36+00:00
ACCT-000190,B0052,total_fail,Every check seeded to fail,2026-07-18T05:58:36+00:00
ACCT-000067,B0052,rc_misreport,Export reports a phantom R-C difference,2026-07-18T05:58:36+00:00
ACCT-000096,B0052,clean,,2026-07-18T05:58:36+00:00
ACCT-000089,B0052,dup_payment,Duplicate payment row inflates SUM(Payment),2026-07-18T05:58:36+00:00
ACCT-000253,B0052,clean,,2026-07-18T05:58:36+00:00
ACCT-000020,B0052,clean,,2026-07-18T05:58:36+00:00
ACCT-000127,B0052,total_fail,Every check seeded to fail,2026-07-18T05:58:36+00:00
ACCT-000092,B0052,clean,,2026-07-18T05:58:36+00:00
ACCT-000073,B0052,clean,,2026-07-18T05:58:36+00:00
ACCT-000239,B0052,dup_payment,Duplicate payment row inflates SUM(Payment),2026-07-18T05:58:36+00:00
ACCT-000129,B0052,dup_payment,Duplicate payment row inflates SUM(Payment),2026-07-18T05:58:36+00:00
ACCT-000182,B0052,clean,,2026-07-18T05:58:36+00:00
ACCT-000199,B0052,clean,,2026-07-18T05:58:36+00:00
ACCT-000024,B0052,clean,,2026-07-18T05:58:36+00:00
ACCT-000032,B0052,dup_charge,Duplicate charge row inflates SUM(UtilityCharge),2026-07-18T05:58:36+00:00
ACCT-000031,B0052,dup_charge,Duplicate charge row inflates SUM(UtilityCharge),2026-07-18T05:58:36+00:00
ACCT-000213,B0052,clean,,2026-07-18T05:58:36+00:00
ACCT-000030,B0052,clean,,2026-07-18T05:58:36+00:00
ACCT-000033,B0052,clean,,2026-07-18T05:58:36+00:00
ACCT-000040,B0052,rc_misreport,Export reports a phantom R-C difference,2026-07-18T05:58:36+00:00
ACCT-000054,B0052,dup_payment,Duplicate payment row inflates SUM(Payment),2026-07-18T05:58:36+00:00
ACCT-000268,B0052,adj_mismatch,Adjustments summary drifted from adjustment detail,2026-07-18T05:58:36+00:00
ACCT-000269,B0052,adj_mismatch,Adjustments summary drifted from adjustment detail,2026-07-18T05:58:36+00:00
ACCT-000182,B0053,dup_unfixable,Payment detail short of remit; no duplicates to zero out,2026-07-18T07:51:11+00:00
ACCT-000102,B0053,clean,,2026-07-18T07:51:11+00:00
ACCT-000017,B0053,dup_adjustment,Duplicate adjustment row inflates SUM(AdjustmentAmt),2026-07-18T07:51:11+00:00
ACCT-000239,B0053,clean,,2026-07-18T07:51:11+00:00
ACCT-000186,B0053,adj_mismatch,Adjustments summary drifted from adjustment detail,2026-07-18T07:51:11+00:00
ACCT-000207,B0053,total_fail,Every check seeded to fail,2026-07-18T07:51:11+00:00
ACCT-000087,B0053,charge_mismatch,CustCharge summary drifted from charge detail,2026-07-18T07:51:11+00:00
ACCT-000119,B0053,dup_charge,Duplicate charge row inflates SUM(UtilityCharge),2026-07-18T07:51:11+00:00
ACCT-000140,B0053,clean,,2026-07-18T07:51:11+00:00
ACCT-000181,B0053,known_diff,Remit short vs charges; difference disclosed on export,2026-07-18T07:51:11+00:00
ACCT-000259,B0053,adj_mismatch,Adjustments summary drifted from adjustment detail,2026-07-18T07:51:11+00:00
ACCT-000162,B0053,charge_mismatch,CustCharge summary drifted from charge detail,2026-07-18T07:51:11+00:00
ACCT-000189,B0053,dup_unfixable,Payment detail short of remit; no duplicates to zero out,2026-07-18T07:51:11+00:00
ACCT-000163,B0053,clean,,2026-07-18T07:51:11+00:00
ACCT-000110,B0053,payment_short,Payment detail short of remit; no duplicates to zero out,2026-07-18T07:51:11+00:00
ACCT-000156,B0053,dup_payment,Duplicate payment row inflates SUM(Payment),2026-07-18T07:51:11+00:00
ACCT-000061,B0053,clean,,2026-07-18T07:51:11+00:00
ACCT-000065,B0053,clean,,2026-07-18T07:51:11+00:00
ACCT-000252,B0053,clean,,2026-07-18T07:51:11+00:00
ACCT-000266,B0053,clean,,2026-07-18T07:51:11+00:00
ACCT-000251,B0053,clean,,2026-07-18T07:51:11+00:00
ACCT-000262,B0053,clean,,2026-07-18T07:51:11+00:00
ACCT-000203,B0053,dup_adjustment,Duplicate adjustment row inflates SUM(AdjustmentAmt),2026-07-18T07:51:11+00:00
ACCT-000260,B0053,dup_payment,Duplicate payment row inflates SUM(Payment),2026-07-18T07:51:11+00:00
ACCT-000150,B0053,dup_adjustment,Duplicate adjustment row inflates SUM(AdjustmentAmt),2026-07-18T07:51:11+00:00
ACCT-000082,B0053,clean,,2026-07-18T07:51:11+00:00
ACCT-000128,B0053,clean,,2026-07-18T07:51:11+00:00
ACCT-000183,B0053,clean,,2026-07-18T07:51:11+00:00
ACCT-000034,B0053,known_diff,Remit short vs charges; difference disclosed on export,2026-07-18T07:51:11+00:00
ACCT-000026,B0053,clean,,2026-07-18T07:51:11+00:00
ACCT-000135,B0053,rc_misreport,Export reports a phantom R-C difference,2026-07-18T07:51:11+00:00
ACCT-000168,B0053,clean,,2026-07-18T07:51:11+00:00
ACCT-000270,B0053,payment_short,Payment detail short of remit; no duplicates to zero out,2026-07-18T07:51:11+00:00
ACCT-000271,B0053,adj_mismatch,Adjustments summary drifted from adjustment detail,2026-07-18T07:51:11+00:00
ACCT-000029,B0054,clean,,2026-07-18T09:16:58+00:00
ACCT-000054,B0054,clean,,2026-07-18T09:16:58+00:00
ACCT-000045,B0054,clean,,2026-07-18T09:16:58+00:00
ACCT-000252,B0054,clean,,2026-07-18T09:16:58+00:00
ACCT-000214,B0054,clean,,2026-07-18T09:16:58+00:00
ACCT-000011,B0054,dup_unfixable,Payment detail short of remit; no duplicates to zero out,2026-07-18T09:16:58+00:00
ACCT-000110,B0054,payment_short,Payment detail short of remit; no duplicates to zero out,2026-07-18T09:16:58+00:00
ACCT-000122,B0054,known_diff,Remit short vs charges; difference disclosed on export,2026-07-18T09:16:58+00:00
ACCT-000234,B0054,clean,,2026-07-18T09:16:58+00:00
ACCT-000048,B0054,clean,,2026-07-18T09:16:58+00:00
ACCT-000267,B0054,clean,,2026-07-18T09:16:58+00:00
ACCT-000007,B0054,clean,,2026-07-18T09:16:58+00:00
ACCT-000213,B0054,total_fail,Every check seeded to fail,2026-07-18T09:16:58+00:00
ACCT-000087,B0054,clean,,2026-07-18T09:16:58+00:00
ACCT-000019,B0054,clean,,2026-07-18T09:16:58+00:00
ACCT-000165,B0054,clean,,2026-07-18T09:16:58+00:00
ACCT-000078,B0054,charge_mismatch,CustCharge summary drifted from charge detail,2026-07-18T09:16:58+00:00
ACCT-000056,B0054,dup_payment,Duplicate payment row inflates SUM(Payment),2026-07-18T09:16:58+00:00
ACCT-000186,B0054,total_fail,Every check seeded to fail,2026-07-18T09:16:58+00:00
ACCT-000235,B0054,clean,,2026-07-18T09:16:58+00:00
ACCT-000017,B0054,charge_mismatch,CustCharge summary drifted from charge detail,2026-07-18T09:16:58+00:00
ACCT-000255,B0054,clean,,2026-07-18T09:16:58+00:00
ACCT-000059,B0054,rc_misreport,Export reports a phantom R-C difference,2026-07-18T09:16:58+00:00
ACCT-000053,B0054,dup_payment,Duplicate payment row inflates SUM(Payment),2026-07-18T09:16:58+00:00
ACCT-000097,B0054,clean,,2026-07-18T09:16:58+00:00
ACCT-000174,B0054,clean,,2026-07-18T09:16:58+00:00
ACCT-000272,B0054,clean,,2026-07-18T09:16:58+00:00
ACCT-000273,B0054,clean,,2026-07-18T09:16:58+00:00
ACCT-000274,B0054,known_diff,Remit short vs charges; difference disclosed on export,2026-07-18T09:16:58+00:00
ACCT-000275,B0054,known_diff,Remit short vs charges; difference disclosed on export,2026-07-18T09:16:58+00:00
ACCT-000006,B0055,clean,,2026-07-18T10:45:26+00:00
ACCT-000196,B0055,dup_payment,Duplicate payment row inflates SUM(Payment),2026-07-18T10:45:26+00:00
ACCT-000180,B0055,known_diff,Remit short vs charges; difference disclosed on export,2026-07-18T10:45:26+00:00
ACCT-000116,B0055,clean,,2026-07-18T10:45:26+00:00
ACCT-000039,B0055,dup_adjustment,Duplicate adjustment row inflates SUM(AdjustmentAmt),2026-07-18T10:45:26+00:00
ACCT-000201,B0055,known_diff,Remit short vs charges; difference disclosed on export,2026-07-18T10:45:26+00:00
ACCT-000228,B0055,charge_mismatch,CustCharge summary drifted from charge detail,2026-07-18T10:45:26+00:00
ACCT-000091,B0055,dup_adjustment,Duplicate adjustment row inflates SUM(AdjustmentAmt),2026-07-18T10:45:26+00:00
ACCT-000096,B0055,clean,,2026-07-18T10:45:26+00:00
ACCT-000202,B0055,dup_payment,Duplicate payment row inflates SUM(Payment),2026-07-18T10:45:26+00:00
ACCT-000247,B0055,clean,,2026-07-18T10:45:26+00:00
ACCT-000179,B0055,rc_misreport,Export reports a phantom R-C difference,2026-07-18T10:45:26+00:00
ACCT-000073,B0055,charge_mismatch,CustCharge summary drifted from charge detail,2026-07-18T10:45:26+00:00
ACCT-000189,B0055,clean,,2026-07-18T10:45:26+00:00
ACCT-000128,B0055,clean,,2026-07-18T10:45:26+00:00
ACCT-000198,B0055,clean,,2026-07-18T10:45:26+00:00
ACCT-000129,B0055,clean,,2026-07-18T10:45:26+00:00
ACCT-000266,B0055,clean,,2026-07-18T10:45:26+00:00
ACCT-000134,B0055,payment_short,Payment detail short of remit; no duplicates to zero out,2026-07-18T10:45:26+00:00
ACCT-000079,B0055,clean,,2026-07-18T10:45:26+00:00
ACCT-000178,B0055,total_fail,Every check seeded to fail,2026-07-18T10:45:26+00:00
ACCT-000124,B0055,dup_payment,Duplicate payment row inflates SUM(Payment),2026-07-18T10:45:26+00:00
ACCT-000095,B0055,clean,,2026-07-18T10:45:26+00:00
ACCT-000020,B0055,dup_charge,Duplicate charge row inflates SUM(UtilityCharge),2026-07-18T10:45:26+00:00
ACCT-000140,B0055,clean,,2026-07-18T10:45:26+00:00
ACCT-000118,B0055,dup_payment,Duplicate payment row inflates SUM(Payment),2026-07-18T10:45:26+00:00
ACCT-000157,B0055,clean,,2026-07-18T10:45:26+00:00
ACCT-000125,B0055,known_diff,Remit short vs charges; difference disclosed on export,2026-07-18T10:45:26+00:00
ACCT-000276,B0055,clean,,2026-07-18T10:45:26+00:00
ACCT-000277,B0055,clean,,2026-07-18T10:45:26+00:00
ACCT-000278,B0055,clean,,2026-07-18T10:45:26+00:00
ACCT-000279,B0055,dup_payment,Duplicate payment row inflates SUM(Payment),2026-07-18T10:45:26+00:00
ACCT-000032,B0056,clean,,2026-07-18T11:46:33+00:00
ACCT-000035,B0056,dup_payment,Duplicate payment row inflates SUM(Payment),2026-07-18T11:46:33+00:00
ACCT-000200,B0056,clean,,2026-07-18T11:46:33+00:00
ACCT-000235,B0056,dup_payment,Duplicate payment row inflates SUM(Payment),2026-07-18T11:46:33+00:00
ACCT-000107,B0056,adj_mismatch,Adjustments summary drifted from adjustment detail,2026-07-18T11:46:33+00:00
ACCT-000239,B0056,known_diff,Remit short vs charges; difference disclosed on export,2026-07-18T11:46:33+00:00
ACCT-000268,B0056,adj_mismatch,Adjustments summary drifted from adjustment detail,2026-07-18T11:46:33+00:00
ACCT-000020,B0056,clean,,2026-07-18T11:46:33+00:00
ACCT-000012,B0056,total_fail,Every check seeded to fail,2026-07-18T11:46:33+00:00
ACCT-000188,B0056,clean,,2026-07-18T11:46:33+00:00
ACCT-000264,B0056,clean,,2026-07-18T11:46:33+00:00
ACCT-000158,B0056,clean,,2026-07-18T11:46:33+00:00
ACCT-000143,B0056,clean,,2026-07-18T11:46:33+00:00
ACCT-000067,B0056,clean,,2026-07-18T11:46:33+00:00
ACCT-000192,B0056,total_fail,Every check seeded to fail,2026-07-18T11:46:33+00:00
ACCT-000278,B0056,dup_payment,Duplicate payment row inflates SUM(Payment),2026-07-18T11:46:33+00:00
ACCT-000273,B0056,clean,,2026-07-18T11:46:33+00:00
ACCT-000233,B0056,payment_short,Payment detail short of remit; no duplicates to zero out,2026-07-18T11:46:33+00:00
ACCT-000086,B0056,dup_unfixable,Payment detail short of remit; no duplicates to zero out,2026-07-18T11:46:33+00:00
ACCT-000112,B0056,payment_short,Payment detail short of remit; no duplicates to zero out,2026-07-18T11:46:33+00:00
ACCT-000089,B0056,payment_short,Payment detail short of remit; no duplicates to zero out,2026-07-18T11:46:33+00:00
ACCT-000198,B0056,charge_mismatch,CustCharge summary drifted from charge detail,2026-07-18T11:46:33+00:00
ACCT-000174,B0056,dup_unfixable,Payment detail short of remit; no duplicates to zero out,2026-07-18T11:46:33+00:00
ACCT-000134,B0056,clean,,2026-07-18T11:46:33+00:00
ACCT-000108,B0056,dup_payment,Duplicate payment row inflates SUM(Payment),2026-07-18T11:46:33+00:00
ACCT-000139,B0056,rc_misreport,Export reports a phantom R-C difference,2026-07-18T11:46:33+00:00
ACCT-000280,B0056,total_fail,Every check seeded to fail,2026-07-18T11:46:33+00:00
ACCT-000281,B0056,adj_mismatch,Adjustments summary drifted from adjustment detail,2026-07-18T11:46:33+00:00
ACCT-000227,B0057,clean,,2026-07-18T12:56:10+00:00
ACCT-000072,B0057,clean,,2026-07-18T12:56:10+00:00
ACCT-000209,B0057,clean,,2026-07-18T12:56:10+00:00
ACCT-000181,B0057,charge_mismatch,CustCharge summary drifted from charge detail,2026-07-18T12:56:10+00:00
ACCT-000207,B0057,clean,,2026-07-18T12:56:10+00:00
ACCT-000243,B0057,clean,,2026-07-18T12:56:10+00:00
ACCT-000056,B0057,dup_unfixable,Payment detail short of remit; no duplicates to zero out,2026-07-18T12:56:10+00:00
ACCT-000130,B0057,rc_misreport,Export reports a phantom R-C difference,2026-07-18T12:56:10+00:00
ACCT-000240,B0057,dup_charge,Duplicate charge row inflates SUM(UtilityCharge),2026-07-18T12:56:10+00:00
ACCT-000043,B0057,dup_adjustment,Duplicate adjustment row inflates SUM(AdjustmentAmt),2026-07-18T12:56:10+00:00
ACCT-000229,B0057,payment_short,Payment detail short of remit; no duplicates to zero out,2026-07-18T12:56:10+00:00
ACCT-000079,B0057,clean,,2026-07-18T12:56:10+00:00
ACCT-000198,B0057,clean,,2026-07-18T12:56:10+00:00
ACCT-000180,B0057,clean,,2026-07-18T12:56:10+00:00
ACCT-000174,B0057,clean,,2026-07-18T12:56:10+00:00
ACCT-000235,B0057,clean,,2026-07-18T12:56:10+00:00
ACCT-000236,B0057,clean,,2026-07-18T12:56:10+00:00
ACCT-000143,B0057,dup_payment,Duplicate payment row inflates SUM(Payment),2026-07-18T12:56:10+00:00
ACCT-000082,B0057,clean,,2026-07-18T12:56:10+00:00
ACCT-000103,B0057,clean,,2026-07-18T12:56:10+00:00
ACCT-000154,B0057,dup_charge,Duplicate charge row inflates SUM(UtilityCharge),2026-07-18T12:56:10+00:00
ACCT-000120,B0057,clean,,2026-07-18T12:56:10+00:00
ACCT-000008,B0057,dup_payment,Duplicate payment row inflates SUM(Payment),2026-07-18T12:56:10+00:00
ACCT-000064,B0057,clean,,2026-07-18T12:56:10+00:00
ACCT-000034,B0057,clean,,2026-07-18T12:56:10+00:00
ACCT-000014,B0057,clean,,2026-07-18T12:56:10+00:00
ACCT-000151,B0057,clean,,2026-07-18T12:56:10+00:00
ACCT-000188,B0057,charge_mismatch,CustCharge summary drifted from charge detail,2026-07-18T12:56:10+00:00
ACCT-000208,B0057,dup_payment,Duplicate payment row inflates SUM(Payment),2026-07-18T12:56:10+00:00
ACCT-000282,B0057,clean,,2026-07-18T12:56:10+00:00
ACCT-000283,B0057,clean,,2026-07-18T12:56:10+00:00
ACCT-000284,B0057,clean,,2026-07-18T12:56:10+00:00
ACCT-000285,B0057,clean,,2026-07-18T12:56:10+00:00
ACCT-000162,B0058,clean,,2026-07-18T14:18:09+00:00
ACCT-000274,B0058,charge_mismatch,CustCharge summary drifted from charge detail,2026-07-18T14:18:09+00:00
ACCT-000092,B0058,dup_payment,Duplicate payment row inflates SUM(Payment),2026-07-18T14:18:09+00:00
ACCT-000045,B0058,clean,,2026-07-18T14:18:09+00:00
ACCT-000155,B0058,clean,,2026-07-18T14:18:09+00:00
ACCT-000132,B0058,dup_unfixable,Payment detail short of remit; no duplicates to zero out,2026-07-18T14:18:09+00:00
ACCT-000099,B0058,clean,,2026-07-18T14:18:09+00:00
ACCT-000080,B0058,dup_adjustment,Duplicate adjustment row inflates SUM(AdjustmentAmt),2026-07-18T14:18:09+00:00
ACCT-000102,B0058,dup_payment,Duplicate payment row inflates SUM(Payment),2026-07-18T14:18:09+00:00
ACCT-000119,B0058,clean,,2026-07-18T14:18:09+00:00
ACCT-000054,B0058,dup_payment,Duplicate payment row inflates SUM(Payment),2026-07-18T14:18:09+00:00
ACCT-000063,B0058,adj_mismatch,Adjustments summary drifted from adjustment detail,2026-07-18T14:18:09+00:00
ACCT-000237,B0058,clean,,2026-07-18T14:18:09+00:00
ACCT-000270,B0058,clean,,2026-07-18T14:18:09+00:00
ACCT-000231,B0058,payment_short,Payment detail short of remit; no duplicates to zero out,2026-07-18T14:18:09+00:00
ACCT-000209,B0058,clean,,2026-07-18T14:18:09+00:00
ACCT-000205,B0058,rc_misreport,Export reports a phantom R-C difference,2026-07-18T14:18:09+00:00
ACCT-000009,B0058,clean,,2026-07-18T14:18:09+00:00
ACCT-000184,B0058,payment_short,Payment detail short of remit; no duplicates to zero out,2026-07-18T14:18:09+00:00
ACCT-000245,B0058,dup_payment,Duplicate payment row inflates SUM(Payment),2026-07-18T14:18:09+00:00
ACCT-000136,B0058,total_fail,Every check seeded to fail,2026-07-18T14:18:09+00:00
ACCT-000056,B0058,dup_charge,Duplicate charge row inflates SUM(UtilityCharge),2026-07-18T14:18:09+00:00
ACCT-000157,B0058,total_fail,Every check seeded to fail,2026-07-18T14:18:09+00:00
ACCT-000125,B0058,clean,,2026-07-18T14:18:09+00:00
ACCT-000032,B0058,charge_mismatch,CustCharge summary drifted from charge detail,2026-07-18T14:18:09+00:00
ACCT-000144,B0058,clean,,2026-07-18T14:18:09+00:00
ACCT-000172,B0058,clean,,2026-07-18T14:18:09+00:00
ACCT-000286,B0058,clean,,2026-07-18T14:18:09+00:00
ACCT-000287,B0058,clean,,2026-07-18T14:18:09+00:00
ACCT-000193,B0059,clean,,2026-07-18T15:28:14+00:00
ACCT-000031,B0059,clean,,2026-07-18T15:28:14+00:00
ACCT-000116,B0059,dup_payment,Duplicate payment row inflates SUM(Payment),2026-07-18T15:28:14+00:00
ACCT-000150,B0059,clean,,2026-07-18T15:28:14+00:00
ACCT-000085,B0059,dup_payment,Duplicate payment row inflates SUM(Payment),2026-07-18T15:28:14+00:00
ACCT-000236,B0059,charge_mismatch,CustCharge summary drifted from charge detail,2026-07-18T15:28:14+00:00
ACCT-000081,B0059,clean,,2026-07-18T15:28:14+00:00
ACCT-000026,B0059,payment_short,Payment detail short of remit; no duplicates to zero out,2026-07-18T15:28:14+00:00
ACCT-000101,B0059,clean,,2026-07-18T15:28:14+00:00
ACCT-000005,B0059,charge_mismatch,CustCharge summary drifted from charge detail,2026-07-18T15:28:14+00:00
ACCT-000225,B0059,clean,,2026-07-18T15:28:14+00:00
ACCT-000167,B0059,clean,,2026-07-18T15:28:14+00:00
ACCT-000259,B0059,clean,,2026-07-18T15:28:14+00:00
ACCT-000247,B0059,charge_mismatch,CustCharge summary drifted from charge detail,2026-07-18T15:28:14+00:00
ACCT-000074,B0059,charge_mismatch,CustCharge summary drifted from charge detail,2026-07-18T15:28:14+00:00
ACCT-000268,B0059,dup_payment,Duplicate payment row inflates SUM(Payment),2026-07-18T15:28:14+00:00
ACCT-000045,B0059,charge_mismatch,CustCharge summary drifted from charge detail,2026-07-18T15:28:14+00:00
ACCT-000278,B0059,total_fail,Every check seeded to fail,2026-07-18T15:28:14+00:00
ACCT-000270,B0059,known_diff,Remit short vs charges; difference disclosed on export,2026-07-18T15:28:14+00:00
ACCT-000229,B0059,dup_payment,Duplicate payment row inflates SUM(Payment),2026-07-18T15:28:14+00:00
ACCT-000006,B0059,clean,,2026-07-18T15:28:14+00:00
ACCT-000114,B0059,rc_misreport,Export reports a phantom R-C difference,2026-07-18T15:28:14+00:00
ACCT-000165,B0059,total_fail,Every check seeded to fail,2026-07-18T15:28:14+00:00
ACCT-000244,B0059,total_fail,Every check seeded to fail,2026-07-18T15:28:14+00:00
ACCT-000285,B0059,charge_mismatch,CustCharge summary drifted from charge detail,2026-07-18T15:28:14+00:00
ACCT-000072,B0059,clean,,2026-07-18T15:28:14+00:00
ACCT-000002,B0059,known_diff,Remit short vs charges; difference disclosed on export,2026-07-18T15:28:14+00:00
ACCT-000141,B0059,clean,,2026-07-18T15:28:14+00:00
ACCT-000024,B0059,clean,,2026-07-18T15:28:14+00:00
ACCT-000288,B0059,clean,,2026-07-18T15:28:14+00:00
ACCT-000289,B0059,rc_misreport,Export reports a phantom R-C difference,2026-07-18T15:28:14+00:00
ACCT-000290,B0059,payment_short,Payment detail short of remit; no duplicates to zero out,2026-07-18T15:28:14+00:00
ACCT-000291,B0059,clean,,2026-07-18T15:28:14+00:00
ACCT-000137,B0060,clean,,2026-07-18T16:26:39+00:00
ACCT-000184,B0060,clean,,2026-07-18T16:26:39+00:00
ACCT-000236,B0060,dup_adjustment,Duplicate adjustment row inflates SUM(AdjustmentAmt),2026-07-18T16:26:39+00:00
ACCT-000008,B0060,clean,,2026-07-18T16:26:39+00:00
ACCT-000025,B0060,known_diff,Remit short vs charges; difference disclosed on export,2026-07-18T16:26:39+00:00
ACCT-000040,B0060,clean,,2026-07-18T16:26:39+00:00
ACCT-000016,B0060,clean,,2026-07-18T16:26:39+00:00
ACCT-000183,B0060,clean,,2026-07-18T16:26:39+00:00
ACCT-000004,B0060,dup_charge,Duplicate charge row inflates SUM(UtilityCharge),2026-07-18T16:26:39+00:00
ACCT-000225,B0060,clean,,2026-07-18T16:26:39+00:00
ACCT-000277,B0060,dup_payment,Duplicate payment row inflates SUM(Payment),2026-07-18T16:26:39+00:00
ACCT-000034,B0060,dup_charge,Duplicate charge row inflates SUM(UtilityCharge),2026-07-18T16:26:39+00:00
ACCT-000142,B0060,clean,,2026-07-18T16:26:39+00:00
ACCT-000007,B0060,charge_mismatch,CustCharge summary drifted from charge detail,2026-07-18T16:26:39+00:00
ACCT-000056,B0060,clean,,2026-07-18T16:26:39+00:00
ACCT-000055,B0060,clean,,2026-07-18T16:26:39+00:00
ACCT-000077,B0060,clean,,2026-07-18T16:26:39+00:00
ACCT-000074,B0060,known_diff,Remit short vs charges; difference disclosed on export,2026-07-18T16:26:39+00:00
ACCT-000224,B0060,clean,,2026-07-18T16:26:39+00:00
ACCT-000228,B0060,rc_misreport,Export reports a phantom R-C difference,2026-07-18T16:26:39+00:00
ACCT-000064,B0060,clean,,2026-07-18T16:26:39+00:00
ACCT-000109,B0060,payment_short,Payment detail short of remit; no duplicates to zero out,2026-07-18T16:26:39+00:00
ACCT-000278,B0060,clean,,2026-07-18T16:26:39+00:00
ACCT-000037,B0060,dup_unfixable,Payment detail short of remit; no duplicates to zero out,2026-07-18T16:26:39+00:00
ACCT-000015,B0060,clean,,2026-07-18T16:26:39+00:00
ACCT-000018,B0060,payment_short,Payment detail short of remit; no duplicates to zero out,2026-07-18T16:26:39+00:00
ACCT-000087,B0060,clean,,2026-07-18T16:26:39+00:00
ACCT-000258,B0060,clean,,2026-07-18T16:26:39+00:00
ACCT-000171,B0060,clean,,2026-07-18T16:26:39+00:00
ACCT-000151,B0060,payment_short,Payment detail short of remit; no duplicates to zero out,2026-07-18T16:26:39+00:00
ACCT-000242,B0060,known_diff,Remit short vs charges; difference disclosed on export,2026-07-18T16:26:39+00:00
ACCT-000239,B0060,clean,,2026-07-18T16:26:39+00:00
ACCT-000125,B0060,adj_mismatch,Adjustments summary drifted from adjustment detail,2026-07-18T16:26:39+00:00
ACCT-000292,B0060,dup_charge,Duplicate charge row inflates SUM(UtilityCharge),2026-07-18T16:26:39+00:00
ACCT-000293,B0060,charge_mismatch,CustCharge summary drifted from charge detail,2026-07-18T16:26:39+00:00
ACCT-000294,B0060,rc_misreport,Export reports a phantom R-C difference,2026-07-18T16:26:39+00:00
ACCT-000295,B0060,clean,,2026-07-18T16:26:39+00:00
ACCT-000112,B0061,dup_payment,Duplicate payment row inflates SUM(Payment),2026-07-18T17:29:59+00:00
ACCT-000035,B0061,rc_misreport,Export reports a phantom R-C difference,2026-07-18T17:29:59+00:00
ACCT-000003,B0061,charge_mismatch,CustCharge summary drifted from charge detail,2026-07-18T17:29:59+00:00
ACCT-000084,B0061,clean,,2026-07-18T17:29:59+00:00
ACCT-000214,B0061,clean,,2026-07-18T17:29:59+00:00
ACCT-000053,B0061,payment_short,Payment detail short of remit; no duplicates to zero out,2026-07-18T17:29:59+00:00
ACCT-000049,B0061,known_diff,Remit short vs charges; difference disclosed on export,2026-07-18T17:29:59+00:00
ACCT-000108,B0061,known_diff,Remit short vs charges; difference disclosed on export,2026-07-18T17:29:59+00:00
ACCT-000031,B0061,clean,,2026-07-18T17:29:59+00:00
ACCT-000150,B0061,known_diff,Remit short vs charges; difference disclosed on export,2026-07-18T17:29:59+00:00
ACCT-000116,B0061,dup_payment,Duplicate payment row inflates SUM(Payment),2026-07-18T17:29:59+00:00
ACCT-000095,B0061,clean,,2026-07-18T17:29:59+00:00
ACCT-000078,B0061,clean,,2026-07-18T17:29:59+00:00
ACCT-000222,B0061,clean,,2026-07-18T17:29:59+00:00
ACCT-000011,B0061,clean,,2026-07-18T17:29:59+00:00
ACCT-000161,B0061,clean,,2026-07-18T17:29:59+00:00
ACCT-000231,B0061,clean,,2026-07-18T17:29:59+00:00
ACCT-000186,B0061,adj_mismatch,Adjustments summary drifted from adjustment detail,2026-07-18T17:29:59+00:00
ACCT-000217,B0061,clean,,2026-07-18T17:29:59+00:00
ACCT-000249,B0061,clean,,2026-07-18T17:29:59+00:00
ACCT-000059,B0061,payment_short,Payment detail short of remit; no duplicates to zero out,2026-07-18T17:29:59+00:00
ACCT-000118,B0061,payment_short,Payment detail short of remit; no duplicates to zero out,2026-07-18T17:29:59+00:00
ACCT-000138,B0061,clean,,2026-07-18T17:29:59+00:00
ACCT-000164,B0061,payment_short,Payment detail short of remit; no duplicates to zero out,2026-07-18T17:29:59+00:00
ACCT-000005,B0061,rc_misreport,Export reports a phantom R-C difference,2026-07-18T17:29:59+00:00
ACCT-000122,B0061,rc_misreport,Export reports a phantom R-C difference,2026-07-18T17:29:59+00:00
ACCT-000148,B0061,charge_mismatch,CustCharge summary drifted from charge detail,2026-07-18T17:29:59+00:00
ACCT-000009,B0061,clean,,2026-07-18T17:29:59+00:00
ACCT-000283,B0061,clean,,2026-07-18T17:29:59+00:00
ACCT-000296,B0061,clean,,2026-07-18T17:29:59+00:00
ACCT-000297,B0061,clean,,2026-07-18T17:29:59+00:00
ACCT-000298,B0061,rc_misreport,Export reports a phantom R-C difference,2026-07-18T17:29:59+00:00
ACCT-000185,B0062,clean,,2026-07-18T18:28:11+00:00
ACCT-000198,B0062,clean,,2026-07-18T18:28:11+00:00
ACCT-000001,B0062,dup_unfixable,Payment detail short of remit; no duplicates to zero out,2026-07-18T18:28:11+00:00
ACCT-000256,B0062,clean,,2026-07-18T18:28:11+00:00
ACCT-000190,B0062,dup_payment,Duplicate payment row inflates SUM(Payment),2026-07-18T18:28:11+00:00
ACCT-000196,B0062,dup_charge,Duplicate charge row inflates SUM(UtilityCharge),2026-07-18T18:28:11+00:00
ACCT-000211,B0062,clean,,2026-07-18T18:28:11+00:00
ACCT-000049,B0062,clean,,2026-07-18T18:28:11+00:00
ACCT-000174,B0062,rc_misreport,Export reports a phantom R-C difference,2026-07-18T18:28:11+00:00
ACCT-000144,B0062,clean,,2026-07-18T18:28:11+00:00
ACCT-000003,B0062,clean,,2026-07-18T18:28:11+00:00
ACCT-000038,B0062,clean,,2026-07-18T18:28:11+00:00
ACCT-000175,B0062,clean,,2026-07-18T18:28:11+00:00
ACCT-000218,B0062,clean,,2026-07-18T18:28:11+00:00
ACCT-000076,B0062,clean,,2026-07-18T18:28:11+00:00
ACCT-000171,B0062,payment_short,Payment detail short of remit; no duplicates to zero out,2026-07-18T18:28:11+00:00
ACCT-000035,B0062,dup_payment,Duplicate payment row inflates SUM(Payment),2026-07-18T18:28:11+00:00
ACCT-000291,B0062,rc_misreport,Export reports a phantom R-C difference,2026-07-18T18:28:11+00:00
ACCT-000188,B0062,clean,,2026-07-18T18:28:11+00:00
ACCT-000205,B0062,clean,,2026-07-18T18:28:11+00:00
ACCT-000294,B0062,known_diff,Remit short vs charges; difference disclosed on export,2026-07-18T18:28:11+00:00
ACCT-000018,B0062,clean,,2026-07-18T18:28:11+00:00
ACCT-000238,B0062,payment_short,Payment detail short of remit; no duplicates to zero out,2026-07-18T18:28:11+00:00
ACCT-000118,B0062,clean,,2026-07-18T18:28:11+00:00
ACCT-000272,B0062,dup_payment,Duplicate payment row inflates SUM(Payment),2026-07-18T18:28:11+00:00
ACCT-000289,B0062,clean,,2026-07-18T18:28:11+00:00
ACCT-000121,B0062,clean,,2026-07-18T18:28:11+00:00
ACCT-000163,B0062,clean,,2026-07-18T18:28:11+00:00
ACCT-000239,B0062,clean,,2026-07-18T18:28:11+00:00
ACCT-000146,B0062,dup_charge,Duplicate charge row inflates SUM(UtilityCharge),2026-07-18T18:28:11+00:00
ACCT-000170,B0062,clean,,2026-07-18T18:28:11+00:00
ACCT-000299,B0062,rc_misreport,Export reports a phantom R-C difference,2026-07-18T18:28:11+00:00
ACCT-000300,B0062,clean,,2026-07-18T18:28:11+00:00
ACCT-000301,B0062,dup_charge,Duplicate charge row inflates SUM(UtilityCharge),2026-07-18T18:28:11+00:00
ACCT-000154,B0063,dup_adjustment,Duplicate adjustment row inflates SUM(AdjustmentAmt),2026-07-18T19:41:46+00:00
ACCT-000076,B0063,clean,,2026-07-18T19:41:46+00:00
ACCT-000070,B0063,dup_charge,Duplicate charge row inflates SUM(UtilityCharge),2026-07-18T19:41:46+00:00
ACCT-000164,B0063,clean,,2026-07-18T19:41:46+00:00
ACCT-000147,B0063,dup_payment,Duplicate payment row inflates SUM(Payment),2026-07-18T19:41:46+00:00
ACCT-000197,B0063,clean,,2026-07-18T19:41:46+00:00
ACCT-000260,B0063,rc_misreport,Export reports a phantom R-C difference,2026-07-18T19:41:46+00:00
ACCT-000006,B0063,clean,,2026-07-18T19:41:46+00:00
ACCT-000085,B0063,clean,,2026-07-18T19:41:46+00:00
ACCT-000248,B0063,clean,,2026-07-18T19:41:46+00:00
ACCT-000297,B0063,clean,,2026-07-18T19:41:46+00:00
ACCT-000099,B0063,dup_charge,Duplicate charge row inflates SUM(UtilityCharge),2026-07-18T19:41:46+00:00
ACCT-000250,B0063,rc_misreport,Export reports a phantom R-C difference,2026-07-18T19:41:46+00:00
ACCT-000237,B0063,clean,,2026-07-18T19:41:46+00:00
ACCT-000152,B0063,charge_mismatch,CustCharge summary drifted from charge detail,2026-07-18T19:41:46+00:00
ACCT-000004,B0063,dup_payment,Duplicate payment row inflates SUM(Payment),2026-07-18T19:41:46+00:00
ACCT-000239,B0063,clean,,2026-07-18T19:41:46+00:00
ACCT-000236,B0063,payment_short,Payment detail short of remit; no duplicates to zero out,2026-07-18T19:41:46+00:00
ACCT-000113,B0063,adj_mismatch,Adjustments summary drifted from adjustment detail,2026-07-18T19:41:46+00:00
ACCT-000074,B0063,clean,,2026-07-18T19:41:46+00:00
ACCT-000101,B0063,clean,,2026-07-18T19:41:46+00:00
ACCT-000026,B0063,clean,,2026-07-18T19:41:46+00:00
ACCT-000168,B0063,clean,,2026-07-18T19:41:46+00:00
ACCT-000276,B0063,known_diff,Remit short vs charges; difference disclosed on export,2026-07-18T19:41:46+00:00
ACCT-000119,B0063,dup_charge,Duplicate charge row inflates SUM(UtilityCharge),2026-07-18T19:41:46+00:00
ACCT-000241,B0063,dup_payment,Duplicate payment row inflates SUM(Payment),2026-07-18T19:41:46+00:00
ACCT-000175,B0063,clean,,2026-07-18T19:41:46+00:00
ACCT-000095,B0063,clean,,2026-07-18T19:41:46+00:00
ACCT-000284,B0063,dup_payment,Duplicate payment row inflates SUM(Payment),2026-07-18T19:41:46+00:00
ACCT-000092,B0063,clean,,2026-07-18T19:41:46+00:00
ACCT-000047,B0063,clean,,2026-07-18T19:41:46+00:00
ACCT-000233,B0063,dup_payment,Duplicate payment row inflates SUM(Payment),2026-07-18T19:41:46+00:00
ACCT-000016,B0063,clean,,2026-07-18T19:41:46+00:00
ACCT-000126,B0063,clean,,2026-07-18T19:41:46+00:00
ACCT-000302,B0063,clean,,2026-07-18T19:41:46+00:00
ACCT-000303,B0063,clean,,2026-07-18T19:41:46+00:00
ACCT-000304,B0063,clean,,2026-07-18T19:41:46+00:00
ACCT-000119,B0064,clean,,2026-07-18T20:38:57+00:00
ACCT-000053,B0064,clean,,2026-07-18T20:38:57+00:00
ACCT-000026,B0064,known_diff,Remit short vs charges; difference disclosed on export,2026-07-18T20:38:57+00:00
ACCT-000165,B0064,dup_payment,Duplicate payment row inflates SUM(Payment),2026-07-18T20:38:57+00:00
ACCT-000083,B0064,clean,,2026-07-18T20:38:57+00:00
ACCT-000278,B0064,clean,,2026-07-18T20:38:57+00:00
ACCT-000161,B0064,rc_misreport,Export reports a phantom R-C difference,2026-07-18T20:38:57+00:00
ACCT-000244,B0064,dup_adjustment,Duplicate adjustment row inflates SUM(AdjustmentAmt),2026-07-18T20:38:57+00:00
ACCT-000173,B0064,dup_unfixable,Payment detail short of remit; no duplicates to zero out,2026-07-18T20:38:57+00:00
ACCT-000214,B0064,dup_payment,Duplicate payment row inflates SUM(Payment),2026-07-18T20:38:57+00:00
ACCT-000060,B0064,clean,,2026-07-18T20:38:57+00:00
ACCT-000023,B0064,clean,,2026-07-18T20:38:57+00:00
ACCT-000113,B0064,clean,,2026-07-18T20:38:57+00:00
ACCT-000176,B0064,payment_short,Payment detail short of remit; no duplicates to zero out,2026-07-18T20:38:57+00:00
ACCT-000186,B0064,clean,,2026-07-18T20:38:57+00:00
ACCT-000275,B0064,charge_mismatch,CustCharge summary drifted from charge detail,2026-07-18T20:38:57+00:00
ACCT-000055,B0064,clean,,2026-07-18T20:38:57+00:00
ACCT-000162,B0064,clean,,2026-07-18T20:38:57+00:00
ACCT-000177,B0064,clean,,2026-07-18T20:38:57+00:00
ACCT-000142,B0064,clean,,2026-07-18T20:38:57+00:00
ACCT-000078,B0064,clean,,2026-07-18T20:38:57+00:00
ACCT-000017,B0064,dup_adjustment,Duplicate adjustment row inflates SUM(AdjustmentAmt),2026-07-18T20:38:57+00:00
ACCT-000074,B0064,clean,,2026-07-18T20:38:57+00:00
ACCT-000248,B0064,dup_payment,Duplicate payment row inflates SUM(Payment),2026-07-18T20:38:57+00:00
ACCT-000293,B0064,clean,,2026-07-18T20:38:57+00:00
ACCT-000305,B0064,dup_payment,Duplicate payment row inflates SUM(Payment),2026-07-18T20:38:57+00:00
ACCT-000306,B0064,payment_short,Payment detail short of remit; no duplicates to zero out,2026-07-18T20:38:57+00:00
ACCT-000307,B0064,known_diff,Remit short vs charges; difference disclosed on export,2026-07-18T20:38:57+00:00
ACCT-000139,B0065,clean,,2026-07-18T21:42:31+00:00
ACCT-000057,B0065,clean,,2026-07-18T21:42:31+00:00
ACCT-000046,B0065,clean,,2026-07-18T21:42:31+00:00
ACCT-000144,B0065,dup_payment,Duplicate payment row inflates SUM(Payment),2026-07-18T21:42:31+00:00
ACCT-000050,B0065,clean,,2026-07-18T21:42:31+00:00
ACCT-000235,B0065,clean,,2026-07-18T21:42:31+00:00
ACCT-000177,B0065,clean,,2026-07-18T21:42:31+00:00
ACCT-000110,B0065,clean,,2026-07-18T21:42:31+00:00
ACCT-000211,B0065,clean,,2026-07-18T21:42:31+00:00
ACCT-000238,B0065,clean,,2026-07-18T21:42:31+00:00
ACCT-000102,B0065,clean,,2026-07-18T21:42:31+00:00
ACCT-000216,B0065,adj_mismatch,Adjustments summary drifted from adjustment detail,2026-07-18T21:42:31+00:00
ACCT-000137,B0065,dup_payment,Duplicate payment row inflates SUM(Payment),2026-07-18T21:42:31+00:00
ACCT-000252,B0065,clean,,2026-07-18T21:42:31+00:00
ACCT-000243,B0065,clean,,2026-07-18T21:42:31+00:00
ACCT-000191,B0065,charge_mismatch,CustCharge summary drifted from charge detail,2026-07-18T21:42:31+00:00
ACCT-000135,B0065,clean,,2026-07-18T21:42:31+00:00
ACCT-000288,B0065,adj_mismatch,Adjustments summary drifted from adjustment detail,2026-07-18T21:42:31+00:00
ACCT-000245,B0065,dup_payment,Duplicate payment row inflates SUM(Payment),2026-07-18T21:42:31+00:00
ACCT-000085,B0065,clean,,2026-07-18T21:42:31+00:00
ACCT-000249,B0065,clean,,2026-07-18T21:42:31+00:00
ACCT-000158,B0065,clean,,2026-07-18T21:42:31+00:00
ACCT-000306,B0065,payment_short,Payment detail short of remit; no duplicates to zero out,2026-07-18T21:42:31+00:00
ACCT-000182,B0065,payment_short,Payment detail short of remit; no duplicates to zero out,2026-07-18T21:42:31+00:00
ACCT-000239,B0065,payment_short,Payment detail short of remit; no duplicates to zero out,2026-07-18T21:42:31+00:00
ACCT-000269,B0065,dup_payment,Duplicate payment row inflates SUM(Payment),2026-07-18T21:42:31+00:00
ACCT-000108,B0065,clean,,2026-07-18T21:42:31+00:00
ACCT-000293,B0065,clean,,2026-07-18T21:42:31+00:00
ACCT-000122,B0065,total_fail,Every check seeded to fail,2026-07-18T21:42:31+00:00
ACCT-000308,B0065,clean,,2026-07-18T21:42:31+00:00
ACCT-000309,B0065,clean,,2026-07-18T21:42:31+00:00
ACCT-000310,B0065,clean,,2026-07-18T21:42:31+00:00
ACCT-000296,B0066,dup_adjustment,Duplicate adjustment row inflates SUM(AdjustmentAmt),2026-07-18T22:42:02+00:00
ACCT-000233,B0066,clean,,2026-07-18T22:42:02+00:00
ACCT-000208,B0066,known_diff,Remit short vs charges; difference disclosed on export,2026-07-18T22:42:02+00:00
ACCT-000130,B0066,payment_short,Payment detail short of remit; no duplicates to zero out,2026-07-18T22:42:02+00:00
ACCT-000005,B0066,dup_charge,Duplicate charge row inflates SUM(UtilityCharge),2026-07-18T22:42:02+00:00
ACCT-000027,B0066,charge_mismatch,CustCharge summary drifted from charge detail,2026-07-18T22:42:02+00:00
ACCT-000106,B0066,clean,,2026-07-18T22:42:02+00:00
ACCT-000237,B0066,clean,,2026-07-18T22:42:02+00:00
ACCT-000075,B0066,dup_payment,Duplicate payment row inflates SUM(Payment),2026-07-18T22:42:02+00:00
ACCT-000272,B0066,dup_payment,Duplicate payment row inflates SUM(Payment),2026-07-18T22:42:02+00:00
ACCT-000285,B0066,clean,,2026-07-18T22:42:02+00:00
ACCT-000138,B0066,clean,,2026-07-18T22:42:02+00:00
ACCT-000104,B0066,clean,,2026-07-18T22:42:02+00:00
ACCT-000067,B0066,payment_short,Payment detail short of remit; no duplicates to zero out,2026-07-18T22:42:02+00:00
ACCT-000161,B0066,clean,,2026-07-18T22:42:02+00:00
ACCT-000132,B0066,clean,,2026-07-18T22:42:02+00:00
ACCT-000107,B0066,clean,,2026-07-18T22:42:02+00:00
ACCT-000271,B0066,clean,,2026-07-18T22:42:02+00:00
ACCT-000060,B0066,clean,,2026-07-18T22:42:02+00:00
ACCT-000117,B0066,clean,,2026-07-18T22:42:02+00:00
ACCT-000074,B0066,clean,,2026-07-18T22:42:02+00:00
ACCT-000025,B0066,dup_payment,Duplicate payment row inflates SUM(Payment),2026-07-18T22:42:02+00:00
ACCT-000076,B0066,clean,,2026-07-18T22:42:02+00:00
ACCT-000082,B0066,payment_short,Payment detail short of remit; no duplicates to zero out,2026-07-18T22:42:02+00:00
ACCT-000134,B0066,payment_short,Payment detail short of remit; no duplicates to zero out,2026-07-18T22:42:02+00:00
ACCT-000151,B0066,clean,,2026-07-18T22:42:02+00:00
ACCT-000214,B0066,adj_mismatch,Adjustments summary drifted from adjustment detail,2026-07-18T22:42:02+00:00
ACCT-000165,B0066,clean,,2026-07-18T22:42:02+00:00
ACCT-000311,B0066,dup_payment,Duplicate payment row inflates SUM(Payment),2026-07-18T22:42:02+00:00
ACCT-000312,B0066,clean,,2026-07-18T22:42:02+00:00
ACCT-000283,B0067,charge_mismatch,CustCharge summary drifted from charge detail,2026-07-18T23:44:12+00:00
ACCT-000159,B0067,clean,,2026-07-18T23:44:12+00:00
ACCT-000260,B0067,dup_payment,Duplicate payment row inflates SUM(Payment),2026-07-18T23:44:12+00:00
ACCT-000043,B0067,total_fail,Every check seeded to fail,2026-07-18T23:44:12+00:00
ACCT-000294,B0067,dup_charge,Duplicate charge row inflates SUM(UtilityCharge),2026-07-18T23:44:12+00:00
ACCT-000199,B0067,clean,,2026-07-18T23:44:12+00:00
ACCT-000302,B0067,known_diff,Remit short vs charges; difference disclosed on export,2026-07-18T23:44:12+00:00
ACCT-000091,B0067,dup_payment,Duplicate payment row inflates SUM(Payment),2026-07-18T23:44:12+00:00
ACCT-000071,B0067,clean,,2026-07-18T23:44:12+00:00
ACCT-000045,B0067,charge_mismatch,CustCharge summary drifted from charge detail,2026-07-18T23:44:12+00:00
ACCT-000272,B0067,clean,,2026-07-18T23:44:12+00:00
ACCT-000089,B0067,clean,,2026-07-18T23:44:12+00:00
ACCT-000129,B0067,adj_mismatch,Adjustments summary drifted from adjustment detail,2026-07-18T23:44:12+00:00
ACCT-000150,B0067,rc_misreport,Export reports a phantom R-C difference,2026-07-18T23:44:12+00:00
ACCT-000066,B0067,clean,,2026-07-18T23:44:12+00:00
ACCT-000284,B0067,clean,,2026-07-18T23:44:12+00:00
ACCT-000237,B0067,clean,,2026-07-18T23:44:12+00:00
ACCT-000093,B0067,clean,,2026-07-18T23:44:12+00:00
ACCT-000140,B0067,rc_misreport,Export reports a phantom R-C difference,2026-07-18T23:44:12+00:00
ACCT-000012,B0067,clean,,2026-07-18T23:44:12+00:00
ACCT-000265,B0067,dup_charge,Duplicate charge row inflates SUM(UtilityCharge),2026-07-18T23:44:12+00:00
ACCT-000042,B0067,payment_short,Payment detail short of remit; no duplicates to zero out,2026-07-18T23:44:12+00:00
ACCT-000076,B0067,clean,,2026-07-18T23:44:12+00:00
ACCT-000095,B0067,dup_payment,Duplicate payment row inflates SUM(Payment),2026-07-18T23:44:12+00:00
ACCT-000161,B0067,clean,,2026-07-18T23:44:12+00:00
ACCT-000198,B0067,adj_mismatch,Adjustments summary drifted from adjustment detail,2026-07-18T23:44:12+00:00
ACCT-000087,B0067,clean,,2026-07-18T23:44:12+00:00
ACCT-000296,B0067,dup_charge,Duplicate charge row inflates SUM(UtilityCharge),2026-07-18T23:44:12+00:00
ACCT-000241,B0067,clean,,2026-07-18T23:44:12+00:00
ACCT-000078,B0067,adj_mismatch,Adjustments summary drifted from adjustment detail,2026-07-18T23:44:12+00:00
ACCT-000303,B0067,clean,,2026-07-18T23:44:12+00:00
ACCT-000254,B0067,dup_payment,Duplicate payment row inflates SUM(Payment),2026-07-18T23:44:12+00:00
ACCT-000109,B0067,clean,,2026-07-18T23:44:12+00:00
ACCT-000105,B0067,clean,,2026-07-18T23:44:12+00:00
ACCT-000313,B0067,known_diff,Remit short vs charges; difference disclosed on export,2026-07-18T23:44:12+00:00
ACCT-000314,B0067,dup_payment,Duplicate payment row inflates SUM(Payment),2026-07-18T23:44:12+00:00
ACCT-000117,B0068,dup_payment,Duplicate payment row inflates SUM(Payment),2026-07-19T01:53:56+00:00
ACCT-000126,B0068,payment_short,Payment detail short of remit; no duplicates to zero out,2026-07-19T01:53:56+00:00
ACCT-000313,B0068,dup_charge,Duplicate charge row inflates SUM(UtilityCharge),2026-07-19T01:53:56+00:00
ACCT-000182,B0068,clean,,2026-07-19T01:53:56+00:00
ACCT-000059,B0068,dup_charge,Duplicate charge row inflates SUM(UtilityCharge),2026-07-19T01:53:56+00:00
ACCT-000094,B0068,dup_adjustment,Duplicate adjustment row inflates SUM(AdjustmentAmt),2026-07-19T01:53:56+00:00
ACCT-000104,B0068,clean,,2026-07-19T01:53:56+00:00
ACCT-000234,B0068,clean,,2026-07-19T01:53:56+00:00
ACCT-000062,B0068,adj_mismatch,Adjustments summary drifted from adjustment detail,2026-07-19T01:53:56+00:00
ACCT-000073,B0068,clean,,2026-07-19T01:53:56+00:00
ACCT-000210,B0068,clean,,2026-07-19T01:53:56+00:00
ACCT-000288,B0068,clean,,2026-07-19T01:53:56+00:00
ACCT-000174,B0068,clean,,2026-07-19T01:53:56+00:00
ACCT-000091,B0068,payment_short,Payment detail short of remit; no duplicates to zero out,2026-07-19T01:53:56+00:00
ACCT-000287,B0068,clean,,2026-07-19T01:53:56+00:00
ACCT-000097,B0068,adj_mismatch,Adjustments summary drifted from adjustment detail,2026-07-19T01:53:56+00:00
ACCT-000153,B0068,dup_payment,Duplicate payment row inflates SUM(Payment),2026-07-19T01:53:56+00:00
ACCT-000237,B0068,clean,,2026-07-19T01:53:56+00:00
ACCT-000216,B0068,clean,,2026-07-19T01:53:56+00:00
ACCT-000244,B0068,clean,,2026-07-19T01:53:56+00:00
ACCT-000310,B0068,rc_misreport,Export reports a phantom R-C difference,2026-07-19T01:53:56+00:00
ACCT-000179,B0068,clean,,2026-07-19T01:53:56+00:00
ACCT-000003,B0068,dup_charge,Duplicate charge row inflates SUM(UtilityCharge),2026-07-19T01:53:56+00:00
ACCT-000240,B0068,clean,,2026-07-19T01:53:56+00:00
ACCT-000208,B0068,clean,,2026-07-19T01:53:56+00:00
ACCT-000290,B0068,clean,,2026-07-19T01:53:56+00:00
ACCT-000149,B0068,total_fail,Every check seeded to fail,2026-07-19T01:53:56+00:00
ACCT-000312,B0068,dup_charge,Duplicate charge row inflates SUM(UtilityCharge),2026-07-19T01:53:56+00:00
ACCT-000017,B0068,clean,,2026-07-19T01:53:56+00:00
ACCT-000187,B0068,adj_mismatch,Adjustments summary drifted from adjustment detail,2026-07-19T01:53:56+00:00
ACCT-000232,B0068,clean,,2026-07-19T01:53:56+00:00
ACCT-000188,B0068,clean,,2026-07-19T01:53:56+00:00
ACCT-000095,B0068,dup_payment,Duplicate payment row inflates SUM(Payment),2026-07-19T01:53:56+00:00
ACCT-000168,B0068,clean,,2026-07-19T01:53:56+00:00
ACCT-000315,B0068,payment_short,Payment detail short of remit; no duplicates to zero out,2026-07-19T01:53:56+00:00
ACCT-000316,B0068,dup_adjustment,Duplicate adjustment row inflates SUM(AdjustmentAmt),2026-07-19T01:53:56+00:00
ACCT-000317,B0068,clean,,2026-07-19T01:53:56+00:00
ACCT-000318,B0068,clean,,2026-07-19T01:53:56+00:00
ACCT-000155,B0069,dup_charge,Duplicate charge row inflates SUM(UtilityCharge),2026-07-19T05:15:16+00:00
ACCT-000048,B0069,payment_short,Payment detail short of remit; no duplicates to zero out,2026-07-19T05:15:16+00:00
ACCT-000101,B0069,clean,,2026-07-19T05:15:16+00:00
ACCT-000161,B0069,rc_misreport,Export reports a phantom R-C difference,2026-07-19T05:15:16+00:00
ACCT-000087,B0069,clean,,2026-07-19T05:15:16+00:00
ACCT-000240,B0069,dup_payment,Duplicate payment row inflates SUM(Payment),2026-07-19T05:15:16+00:00
ACCT-000300,B0069,charge_mismatch,CustCharge summary drifted from charge detail,2026-07-19T05:15:16+00:00
ACCT-000254,B0069,charge_mismatch,CustCharge summary drifted from charge detail,2026-07-19T05:15:16+00:00
ACCT-000027,B0069,rc_misreport,Export reports a phantom R-C difference,2026-07-19T05:15:16+00:00
ACCT-000011,B0069,rc_misreport,Export reports a phantom R-C difference,2026-07-19T05:15:16+00:00
ACCT-000251,B0069,charge_mismatch,CustCharge summary drifted from charge detail,2026-07-19T05:15:16+00:00
ACCT-000194,B0069,clean,,2026-07-19T05:15:16+00:00
ACCT-000228,B0069,dup_payment,Duplicate payment row inflates SUM(Payment),2026-07-19T05:15:16+00:00
ACCT-000168,B0069,clean,,2026-07-19T05:15:16+00:00
ACCT-000204,B0069,dup_payment,Duplicate payment row inflates SUM(Payment),2026-07-19T05:15:16+00:00
ACCT-000293,B0069,clean,,2026-07-19T05:15:16+00:00
ACCT-000140,B0069,payment_short,Payment detail short of remit; no duplicates to zero out,2026-07-19T05:15:16+00:00
ACCT-000072,B0069,known_diff,Remit short vs charges; difference disclosed on export,2026-07-19T05:15:16+00:00
ACCT-000089,B0069,clean,,2026-07-19T05:15:16+00:00
ACCT-000009,B0069,clean,,2026-07-19T05:15:16+00:00
ACCT-000273,B0069,clean,,2026-07-19T05:15:16+00:00
ACCT-000176,B0069,known_diff,Remit short vs charges; difference disclosed on export,2026-07-19T05:15:16+00:00
ACCT-000029,B0069,payment_short,Payment detail short of remit; no duplicates to zero out,2026-07-19T05:15:16+00:00
ACCT-000150,B0069,adj_mismatch,Adjustments summary drifted from adjustment detail,2026-07-19T05:15:16+00:00
ACCT-000302,B0069,clean,,2026-07-19T05:15:16+00:00
ACCT-000180,B0069,clean,,2026-07-19T05:15:16+00:00
ACCT-000319,B0069,clean,,2026-07-19T05:15:16+00:00
ACCT-000320,B0069,payment_short,Payment detail short of remit; no duplicates to zero out,2026-07-19T05:15:16+00:00
ACCT-000321,B0069,clean,,2026-07-19T05:15:16+00:00
ACCT-000322,B0069,clean,,2026-07-19T05:15:16+00:00
ACCT-000270,B0070,adj_mismatch,Adjustments summary drifted from adjustment detail,2026-07-19T07:38:37+00:00
ACCT-000141,B0070,clean,,2026-07-19T07:38:37+00:00
ACCT-000074,B0070,payment_short,Payment detail short of remit; no duplicates to zero out,2026-07-19T07:38:37+00:00
ACCT-000125,B0070,known_diff,Remit short vs charges; difference disclosed on export,2026-07-19T07:38:37+00:00
ACCT-000088,B0070,dup_payment,Duplicate payment row inflates SUM(Payment),2026-07-19T07:38:37+00:00
ACCT-000129,B0070,payment_short,Payment detail short of remit; no duplicates to zero out,2026-07-19T07:38:37+00:00
ACCT-000245,B0070,clean,,2026-07-19T07:38:37+00:00
ACCT-000312,B0070,clean,,2026-07-19T07:38:37+00:00
ACCT-000289,B0070,clean,,2026-07-19T07:38:37+00:00
ACCT-000247,B0070,clean,,2026-07-19T07:38:37+00:00
ACCT-000032,B0070,clean,,2026-07-19T07:38:37+00:00
ACCT-000003,B0070,known_diff,Remit short vs charges; difference disclosed on export,2026-07-19T07:38:37+00:00
ACCT-000092,B0070,rc_misreport,Export reports a phantom R-C difference,2026-07-19T07:38:37+00:00
ACCT-000192,B0070,clean,,2026-07-19T07:38:37+00:00
ACCT-000220,B0070,clean,,2026-07-19T07:38:37+00:00
ACCT-000184,B0070,clean,,2026-07-19T07:38:37+00:00
ACCT-000126,B0070,clean,,2026-07-19T07:38:37+00:00
ACCT-000098,B0070,clean,,2026-07-19T07:38:37+00:00
ACCT-000272,B0070,clean,,2026-07-19T07:38:37+00:00
ACCT-000051,B0070,dup_adjustment,Duplicate adjustment row inflates SUM(AdjustmentAmt),2026-07-19T07:38:37+00:00
ACCT-000046,B0070,clean,,2026-07-19T07:38:37+00:00
ACCT-000201,B0070,clean,,2026-07-19T07:38:37+00:00
ACCT-000309,B0070,clean,,2026-07-19T07:38:37+00:00
ACCT-000024,B0070,clean,,2026-07-19T07:38:37+00:00
ACCT-000018,B0070,clean,,2026-07-19T07:38:37+00:00
ACCT-000254,B0070,dup_unfixable,Payment detail short of remit; no duplicates to zero out,2026-07-19T07:38:37+00:00
ACCT-000293,B0070,clean,,2026-07-19T07:38:37+00:00
ACCT-000022,B0070,dup_adjustment,Duplicate adjustment row inflates SUM(AdjustmentAmt),2026-07-19T07:38:37+00:00
ACCT-000299,B0070,clean,,2026-07-19T07:38:37+00:00
ACCT-000228,B0070,dup_adjustment,Duplicate adjustment row inflates SUM(AdjustmentAmt),2026-07-19T07:38:37+00:00
ACCT-000232,B0070,dup_adjustment,Duplicate adjustment row inflates SUM(AdjustmentAmt),2026-07-19T07:38:37+00:00
ACCT-000038,B0070,clean,,2026-07-19T07:38:37+00:00
ACCT-000323,B0070,dup_adjustment,Duplicate adjustment row inflates SUM(AdjustmentAmt),2026-07-19T07:38:37+00:00
ACCT-000324,B0070,dup_charge,Duplicate charge row inflates SUM(UtilityCharge),2026-07-19T07:38:37+00:00
ACCT-000325,B0070,dup_payment,Duplicate payment row inflates SUM(Payment),2026-07-19T07:38:37+00:00
ACCT-000326,B0070,charge_mismatch,CustCharge summary drifted from charge detail,2026-07-19T07:38:37+00:00
ACCT-000282,B0071,rc_misreport,Export reports a phantom R-C difference,2026-07-19T09:46:09+00:00
ACCT-000113,B0071,clean,,2026-07-19T09:46:09+00:00
ACCT-000180,B0071,clean,,2026-07-19T09:46:09+00:00
ACCT-000131,B0071,dup_payment,Duplicate payment row inflates SUM(Payment),2026-07-19T09:46:09+00:00
ACCT-000097,B0071,dup_payment,Duplicate payment row inflates SUM(Payment),2026-07-19T09:46:09+00:00
ACCT-000015,B0071,clean,,2026-07-19T09:46:09+00:00
ACCT-000158,B0071,clean,,2026-07-19T09:46:09+00:00
ACCT-000104,B0071,dup_payment,Duplicate payment row inflates SUM(Payment),2026-07-19T09:46:09+00:00
ACCT-000067,B0071,clean,,2026-07-19T09:46:09+00:00
ACCT-000183,B0071,clean,,2026-07-19T09:46:09+00:00
ACCT-000071,B0071,dup_payment,Duplicate payment row inflates SUM(Payment),2026-07-19T09:46:09+00:00
ACCT-000012,B0071,clean,,2026-07-19T09:46:09+00:00
ACCT-000322,B0071,clean,,2026-07-19T09:46:09+00:00
ACCT-000300,B0071,known_diff,Remit short vs charges; difference disclosed on export,2026-07-19T09:46:09+00:00
ACCT-000292,B0071,clean,,2026-07-19T09:46:09+00:00
ACCT-000226,B0071,clean,,2026-07-19T09:46:09+00:00
ACCT-000171,B0071,payment_short,Payment detail short of remit; no duplicates to zero out,2026-07-19T09:46:09+00:00
ACCT-000206,B0071,clean,,2026-07-19T09:46:09+00:00
ACCT-000018,B0071,clean,,2026-07-19T09:46:09+00:00
ACCT-000258,B0071,dup_payment,Duplicate payment row inflates SUM(Payment),2026-07-19T09:46:09+00:00
ACCT-000192,B0071,clean,,2026-07-19T09:46:09+00:00
ACCT-000056,B0071,clean,,2026-07-19T09:46:09+00:00
ACCT-000271,B0071,total_fail,Every check seeded to fail,2026-07-19T09:46:09+00:00
ACCT-000058,B0071,payment_short,Payment detail short of remit; no duplicates to zero out,2026-07-19T09:46:09+00:00
ACCT-000041,B0071,clean,,2026-07-19T09:46:09+00:00
ACCT-000277,B0071,dup_payment,Duplicate payment row inflates SUM(Payment),2026-07-19T09:46:09+00:00
ACCT-000214,B0071,charge_mismatch,CustCharge summary drifted from charge detail,2026-07-19T09:46:09+00:00
ACCT-000327,B0071,clean,,2026-07-19T09:46:09+00:00
ACCT-000328,B0071,dup_unfixable,Payment detail short of remit; no duplicates to zero out,2026-07-19T09:46:09+00:00
ACCT-000329,B0071,clean,,2026-07-19T09:46:09+00:00
ACCT-000086,B0072,dup_payment,Duplicate payment row inflates SUM(Payment),2026-07-19T11:05:49+00:00
ACCT-000022,B0072,clean,,2026-07-19T11:05:49+00:00
ACCT-000279,B0072,clean,,2026-07-19T11:05:49+00:00
ACCT-000046,B0072,clean,,2026-07-19T11:05:49+00:00
ACCT-000304,B0072,clean,,2026-07-19T11:05:49+00:00
ACCT-000130,B0072,clean,,2026-07-19T11:05:49+00:00
ACCT-000157,B0072,dup_adjustment,Duplicate adjustment row inflates SUM(AdjustmentAmt),2026-07-19T11:05:49+00:00
ACCT-000256,B0072,rc_misreport,Export reports a phantom R-C difference,2026-07-19T11:05:49+00:00
ACCT-000105,B0072,clean,,2026-07-19T11:05:49+00:00
ACCT-000149,B0072,known_diff,Remit short vs charges; difference disclosed on export,2026-07-19T11:05:49+00:00
ACCT-000062,B0072,clean,,2026-07-19T11:05:49+00:00
ACCT-000002,B0072,clean,,2026-07-19T11:05:49+00:00
ACCT-000052,B0072,clean,,2026-07-19T11:05:49+00:00
ACCT-000126,B0072,clean,,2026-07-19T11:05:49+00:00
ACCT-000084,B0072,known_diff,Remit short vs charges; difference disclosed on export,2026-07-19T11:05:49+00:00
ACCT-000050,B0072,clean,,2026-07-19T11:05:49+00:00
ACCT-000178,B0072,clean,,2026-07-19T11:05:49+00:00
ACCT-000005,B0072,clean,,2026-07-19T11:05:49+00:00
ACCT-000148,B0072,clean,,2026-07-19T11:05:49+00:00
ACCT-000018,B0072,clean,,2026-07-19T11:05:49+00:00
ACCT-000227,B0072,clean,,2026-07-19T11:05:49+00:00
ACCT-000287,B0072,clean,,2026-07-19T11:05:49+00:00
ACCT-000144,B0072,clean,,2026-07-19T11:05:49+00:00
ACCT-000238,B0072,charge_mismatch,CustCharge summary drifted from charge detail,2026-07-19T11:05:49+00:00
ACCT-000316,B0072,clean,,2026-07-19T11:05:49+00:00
ACCT-000030,B0072,clean,,2026-07-19T11:05:49+00:00
ACCT-000330,B0072,clean,,2026-07-19T11:05:49+00:00
ACCT-000331,B0072,clean,,2026-07-19T11:05:49+00:00
ACCT-000332,B0072,clean,,2026-07-19T11:05:49+00:00
ACCT-000328,B0073,clean,,2026-07-19T12:12:06+00:00
ACCT-000123,B0073,charge_mismatch,CustCharge summary drifted from charge detail,2026-07-19T12:12:06+00:00
ACCT-000145,B0073,dup_payment,Duplicate payment row inflates SUM(Payment),2026-07-19T12:12:06+00:00
ACCT-000011,B0073,dup_payment,Duplicate payment row inflates SUM(Payment),2026-07-19T12:12:06+00:00
ACCT-000108,B0073,clean,,2026-07-19T12:12:06+00:00
ACCT-000001,B0073,clean,,2026-07-19T12:12:06+00:00
ACCT-000306,B0073,payment_short,Payment detail short of remit; no duplicates to zero out,2026-07-19T12:12:06+00:00
ACCT-000193,B0073,dup_charge,Duplicate charge row inflates SUM(UtilityCharge),2026-07-19T12:12:06+00:00
ACCT-000125,B0073,known_diff,Remit short vs charges; difference disclosed on export,2026-07-19T12:12:06+00:00
ACCT-000048,B0073,dup_payment,Duplicate payment row inflates SUM(Payment),2026-07-19T12:12:06+00:00
ACCT-000237,B0073,clean,,2026-07-19T12:12:06+00:00
ACCT-000321,B0073,clean,,2026-07-19T12:12:06+00:00
ACCT-000114,B0073,charge_mismatch,CustCharge summary drifted from charge detail,2026-07-19T12:12:06+00:00
ACCT-000221,B0073,clean,,2026-07-19T12:12:06+00:00
ACCT-000090,B0073,dup_charge,Duplicate charge row inflates SUM(UtilityCharge),2026-07-19T12:12:06+00:00
ACCT-000098,B0073,clean,,2026-07-19T12:12:06+00:00
ACCT-000122,B0073,clean,,2026-07-19T12:12:06+00:00
ACCT-000241,B0073,clean,,2026-07-19T12:12:06+00:00
ACCT-000182,B0073,charge_mismatch,CustCharge summary drifted from charge detail,2026-07-19T12:12:06+00:00
ACCT-000157,B0073,known_diff,Remit short vs charges; difference disclosed on export,2026-07-19T12:12:06+00:00
ACCT-000288,B0073,payment_short,Payment detail short of remit; no duplicates to zero out,2026-07-19T12:12:06+00:00
ACCT-000073,B0073,dup_payment,Duplicate payment row inflates SUM(Payment),2026-07-19T12:12:06+00:00
ACCT-000033,B0073,rc_misreport,Export reports a phantom R-C difference,2026-07-19T12:12:06+00:00
ACCT-000210,B0073,clean,,2026-07-19T12:12:06+00:00
ACCT-000151,B0073,clean,,2026-07-19T12:12:06+00:00
ACCT-000015,B0073,clean,,2026-07-19T12:12:06+00:00
ACCT-000249,B0073,dup_payment,Duplicate payment row inflates SUM(Payment),2026-07-19T12:12:06+00:00
ACCT-000110,B0073,clean,,2026-07-19T12:12:06+00:00
ACCT-000100,B0073,adj_mismatch,Adjustments summary drifted from adjustment detail,2026-07-19T12:12:06+00:00
ACCT-000099,B0073,clean,,2026-07-19T12:12:06+00:00
ACCT-000029,B0073,clean,,2026-07-19T12:12:06+00:00
ACCT-000045,B0073,dup_unfixable,Payment detail short of remit; no duplicates to zero out,2026-07-19T12:12:06+00:00
ACCT-000272,B0073,payment_short,Payment detail short of remit; no duplicates to zero out,2026-07-19T12:12:06+00:00
ACCT-000333,B0073,dup_charge,Duplicate charge row inflates SUM(UtilityCharge),2026-07-19T12:12:06+00:00
ACCT-000334,B0073,clean,,2026-07-19T12:12:06+00:00
ACCT-000235,B0074,clean,,2026-07-19T13:59:55+00:00
ACCT-000238,B0074,known_diff,Remit short vs charges; difference disclosed on export,2026-07-19T13:59:55+00:00
ACCT-000173,B0074,clean,,2026-07-19T13:59:55+00:00
ACCT-000105,B0074,charge_mismatch,CustCharge summary drifted from charge detail,2026-07-19T13:59:55+00:00
ACCT-000197,B0074,clean,,2026-07-19T13:59:55+00:00
ACCT-000055,B0074,total_fail,Every check seeded to fail,2026-07-19T13:59:55+00:00
ACCT-000333,B0074,clean,,2026-07-19T13:59:55+00:00
ACCT-000204,B0074,dup_charge,Duplicate charge row inflates SUM(UtilityCharge),2026-07-19T13:59:55+00:00
ACCT-000332,B0074,charge_mismatch,CustCharge summary drifted from charge detail,2026-07-19T13:59:55+00:00
ACCT-000114,B0074,dup_payment,Duplicate payment row inflates SUM(Payment),2026-07-19T13:59:55+00:00
ACCT-000054,B0074,clean,,2026-07-19T13:59:55+00:00
ACCT-000222,B0074,clean,,2026-07-19T13:59:55+00:00
ACCT-000280,B0074,clean,,2026-07-19T13:59:55+00:00
ACCT-000276,B0074,clean,,2026-07-19T13:59:55+00:00
ACCT-000062,B0074,total_fail,Every check seeded to fail,2026-07-19T13:59:55+00:00
ACCT-000304,B0074,clean,,2026-07-19T13:59:55+00:00
ACCT-000031,B0074,dup_charge,Duplicate charge row inflates SUM(UtilityCharge),2026-07-19T13:59:55+00:00
ACCT-000195,B0074,dup_payment,Duplicate payment row inflates SUM(Payment),2026-07-19T13:59:55+00:00
ACCT-000176,B0074,clean,,2026-07-19T13:59:55+00:00
ACCT-000246,B0074,clean,,2026-07-19T13:59:55+00:00
ACCT-000154,B0074,clean,,2026-07-19T13:59:55+00:00
ACCT-000299,B0074,charge_mismatch,CustCharge summary drifted from charge detail,2026-07-19T13:59:55+00:00
ACCT-000224,B0074,adj_mismatch,Adjustments summary drifted from adjustment detail,2026-07-19T13:59:55+00:00
ACCT-000179,B0074,clean,,2026-07-19T13:59:55+00:00
ACCT-000230,B0074,payment_short,Payment detail short of remit; no duplicates to zero out,2026-07-19T13:59:55+00:00
ACCT-000320,B0074,clean,,2026-07-19T13:59:55+00:00
ACCT-000228,B0074,clean,,2026-07-19T13:59:55+00:00
ACCT-000310,B0074,adj_mismatch,Adjustments summary drifted from adjustment detail,2026-07-19T13:59:55+00:00
ACCT-000008,B0074,dup_charge,Duplicate charge row inflates SUM(UtilityCharge),2026-07-19T13:59:55+00:00
ACCT-000335,B0074,charge_mismatch,CustCharge summary drifted from charge detail,2026-07-19T13:59:55+00:00
ACCT-000336,B0074,dup_payment,Duplicate payment row inflates SUM(Payment),2026-07-19T13:59:55+00:00
ACCT-000337,B0074,clean,,2026-07-19T13:59:55+00:00
ACCT-000326,B0075,rc_misreport,Export reports a phantom R-C difference,2026-07-19T14:59:57+00:00
ACCT-000110,B0075,clean,,2026-07-19T14:59:57+00:00
ACCT-000296,B0075,dup_adjustment,Duplicate adjustment row inflates SUM(AdjustmentAmt),2026-07-19T14:59:57+00:00
ACCT-000190,B0075,clean,,2026-07-19T14:59:57+00:00
ACCT-000168,B0075,clean,,2026-07-19T14:59:57+00:00
ACCT-000094,B0075,dup_payment,Duplicate payment row inflates SUM(Payment),2026-07-19T14:59:57+00:00
ACCT-000312,B0075,clean,,2026-07-19T14:59:57+00:00
ACCT-000001,B0075,dup_adjustment,Duplicate adjustment row inflates SUM(AdjustmentAmt),2026-07-19T14:59:57+00:00
ACCT-000101,B0075,clean,,2026-07-19T14:59:57+00:00
ACCT-000173,B0075,known_diff,Remit short vs charges; difference disclosed on export,2026-07-19T14:59:57+00:00
ACCT-000276,B0075,rc_misreport,Export reports a phantom R-C difference,2026-07-19T14:59:57+00:00
ACCT-000086,B0075,payment_short,Payment detail short of remit; no duplicates to zero out,2026-07-19T14:59:57+00:00
ACCT-000122,B0075,clean,,2026-07-19T14:59:57+00:00
ACCT-000324,B0075,clean,,2026-07-19T14:59:57+00:00
ACCT-000266,B0075,clean,,2026-07-19T14:59:57+00:00
ACCT-000285,B0075,adj_mismatch,Adjustments summary drifted from adjustment detail,2026-07-19T14:59:57+00:00
ACCT-000013,B0075,adj_mismatch,Adjustments summary drifted from adjustment detail,2026-07-19T14:59:57+00:00
ACCT-000200,B0075,clean,,2026-07-19T14:59:57+00:00
ACCT-000192,B0075,clean,,2026-07-19T14:59:57+00:00
ACCT-000247,B0075,total_fail,Every check seeded to fail,2026-07-19T14:59:57+00:00
ACCT-000275,B0075,clean,,2026-07-19T14:59:57+00:00
ACCT-000283,B0075,clean,,2026-07-19T14:59:57+00:00
ACCT-000064,B0075,dup_payment,Duplicate payment row inflates SUM(Payment),2026-07-19T14:59:57+00:00
ACCT-000007,B0075,clean,,2026-07-19T14:59:57+00:00
ACCT-000062,B0075,clean,,2026-07-19T14:59:57+00:00
ACCT-000225,B0075,charge_mismatch,CustCharge summary drifted from charge detail,2026-07-19T14:59:57+00:00
ACCT-000257,B0075,charge_mismatch,CustCharge summary drifted from charge detail,2026-07-19T14:59:57+00:00
ACCT-000111,B0075,clean,,2026-07-19T14:59:57+00:00
ACCT-000085,B0075,payment_short,Payment detail short of remit; no duplicates to zero out,2026-07-19T14:59:57+00:00
ACCT-000158,B0075,clean,,2026-07-19T14:59:57+00:00
ACCT-000145,B0075,clean,,2026-07-19T14:59:57+00:00
ACCT-000056,B0075,total_fail,Every check seeded to fail,2026-07-19T14:59:57+00:00
ACCT-000105,B0075,rc_misreport,Export reports a phantom R-C difference,2026-07-19T14:59:57+00:00
ACCT-000144,B0075,dup_payment,Duplicate payment row inflates SUM(Payment),2026-07-19T14:59:57+00:00
ACCT-000338,B0075,clean,,2026-07-19T14:59:57+00:00
ACCT-000339,B0075,clean,,2026-07-19T14:59:57+00:00
ACCT-000340,B0075,known_diff,Remit short vs charges; difference disclosed on export,2026-07-19T14:59:57+00:00
ACCT-000341,B0075,dup_charge,Duplicate charge row inflates SUM(UtilityCharge),2026-07-19T14:59:57+00:00
ACCT-000293,B0076,dup_adjustment,Duplicate adjustment row inflates SUM(AdjustmentAmt),2026-07-19T16:00:40+00:00
ACCT-000089,B0076,clean,,2026-07-19T16:00:40+00:00
ACCT-000228,B0076,clean,,2026-07-19T16:00:40+00:00
ACCT-000204,B0076,clean,,2026-07-19T16:00:40+00:00
ACCT-000098,B0076,dup_payment,Duplicate payment row inflates SUM(Payment),2026-07-19T16:00:40+00:00
ACCT-000200,B0076,clean,,2026-07-19T16:00:40+00:00
ACCT-000070,B0076,rc_misreport,Export reports a phantom R-C difference,2026-07-19T16:00:40+00:00
ACCT-000249,B0076,clean,,2026-07-19T16:00:40+00:00
ACCT-000144,B0076,clean,,2026-07-19T16:00:40+00:00
ACCT-000180,B0076,known_diff,Remit short vs charges; difference disclosed on export,2026-07-19T16:00:40+00:00
ACCT-000195,B0076,dup_adjustment,Duplicate adjustment row inflates SUM(AdjustmentAmt),2026-07-19T16:00:40+00:00
ACCT-000225,B0076,clean,,2026-07-19T16:00:40+00:00
ACCT-000075,B0076,dup_unfixable,Payment detail short of remit; no duplicates to zero out,2026-07-19T16:00:40+00:00
ACCT-000158,B0076,clean,,2026-07-19T16:00:40+00:00
ACCT-000049,B0076,clean,,2026-07-19T16:00:40+00:00
ACCT-000104,B0076,clean,,2026-07-19T16:00:40+00:00
ACCT-000328,B0076,clean,,2026-07-19T16:00:40+00:00
ACCT-000174,B0076,clean,,2026-07-19T16:00:40+00:00
ACCT-000121,B0076,dup_payment,Duplicate payment row inflates SUM(Payment),2026-07-19T16:00:40+00:00
ACCT-000156,B0076,clean,,2026-07-19T16:00:40+00:00
ACCT-000093,B0076,clean,,2026-07-19T16:00:40+00:00
ACCT-000327,B0076,dup_payment,Duplicate payment row inflates SUM(Payment),2026-07-19T16:00:40+00:00
ACCT-000252,B0076,clean,,2026-07-19T16:00:40+00:00
ACCT-000095,B0076,rc_misreport,Export reports a phantom R-C difference,2026-07-19T16:00:40+00:00
ACCT-000097,B0076,charge_mismatch,CustCharge summary drifted from charge detail,2026-07-19T16:00:40+00:00
ACCT-000062,B0076,dup_payment,Duplicate payment row inflates SUM(Payment),2026-07-19T16:00:40+00:00
ACCT-000021,B0076,dup_adjustment,Duplicate adjustment row inflates SUM(AdjustmentAmt),2026-07-19T16:00:40+00:00
ACCT-000287,B0076,dup_payment,Duplicate payment row inflates SUM(Payment),2026-07-19T16:00:40+00:00
ACCT-000209,B0076,clean,,2026-07-19T16:00:40+00:00
ACCT-000323,B0076,clean,,2026-07-19T16:00:40+00:00
ACCT-000342,B0076,clean,,2026-07-19T16:00:40+00:00
ACCT-000343,B0076,clean,,2026-07-19T16:00:40+00:00
ACCT-000344,B0076,rc_misreport,Export reports a phantom R-C difference,2026-07-19T16:00:40+00:00
ACCT-000283,B0077,total_fail,Every check seeded to fail,2026-07-19T17:30:37+00:00
ACCT-000268,B0077,rc_misreport,Export reports a phantom R-C difference,2026-07-19T17:30:37+00:00
ACCT-000295,B0077,rc_misreport,Export reports a phantom R-C difference,2026-07-19T17:30:37+00:00
ACCT-000108,B0077,clean,,2026-07-19T17:30:37+00:00
ACCT-000056,B0077,total_fail,Every check seeded to fail,2026-07-19T17:30:37+00:00
ACCT-000280,B0077,dup_charge,Duplicate charge row inflates SUM(UtilityCharge),2026-07-19T17:30:37+00:00
ACCT-000081,B0077,clean,,2026-07-19T17:30:37+00:00
ACCT-000216,B0077,clean,,2026-07-19T17:30:37+00:00
ACCT-000071,B0077,clean,,2026-07-19T17:30:37+00:00
ACCT-000116,B0077,clean,,2026-07-19T17:30:37+00:00
ACCT-000102,B0077,dup_unfixable,Payment detail short of remit; no duplicates to zero out,2026-07-19T17:30:37+00:00
ACCT-000186,B0077,known_diff,Remit short vs charges; difference disclosed on export,2026-07-19T17:30:37+00:00
ACCT-000101,B0077,clean,,2026-07-19T17:30:37+00:00
ACCT-000050,B0077,charge_mismatch,CustCharge summary drifted from charge detail,2026-07-19T17:30:37+00:00
ACCT-000136,B0077,rc_misreport,Export reports a phantom R-C difference,2026-07-19T17:30:37+00:00
ACCT-000298,B0077,clean,,2026-07-19T17:30:37+00:00
ACCT-000211,B0077,adj_mismatch,Adjustments summary drifted from adjustment detail,2026-07-19T17:30:37+00:00
ACCT-000026,B0077,dup_payment,Duplicate payment row inflates SUM(Payment),2026-07-19T17:30:37+00:00
ACCT-000274,B0077,known_diff,Remit short vs charges; difference disclosed on export,2026-07-19T17:30:37+00:00
ACCT-000290,B0077,dup_charge,Duplicate charge row inflates SUM(UtilityCharge),2026-07-19T17:30:37+00:00
ACCT-000313,B0077,adj_mismatch,Adjustments summary drifted from adjustment detail,2026-07-19T17:30:37+00:00
ACCT-000289,B0077,clean,,2026-07-19T17:30:37+00:00
ACCT-000244,B0077,clean,,2026-07-19T17:30:37+00:00
ACCT-000093,B0077,clean,,2026-07-19T17:30:37+00:00
ACCT-000223,B0077,known_diff,Remit short vs charges; difference disclosed on export,2026-07-19T17:30:37+00:00
ACCT-000153,B0077,dup_payment,Duplicate payment row inflates SUM(Payment),2026-07-19T17:30:37+00:00
ACCT-000141,B0077,total_fail,Every check seeded to fail,2026-07-19T17:30:37+00:00
ACCT-000345,B0077,clean,,2026-07-19T17:30:37+00:00
ACCT-000346,B0077,dup_adjustment,Duplicate adjustment row inflates SUM(AdjustmentAmt),2026-07-19T17:30:37+00:00
ACCT-000347,B0077,known_diff,Remit short vs charges; difference disclosed on export,2026-07-19T17:30:37+00:00
ACCT-000319,B0078,payment_short,Payment detail short of remit; no duplicates to zero out,2026-07-19T18:29:47+00:00
ACCT-000086,B0078,clean,,2026-07-19T18:29:47+00:00
ACCT-000151,B0078,payment_short,Payment detail short of remit; no duplicates to zero out,2026-07-19T18:29:47+00:00
ACCT-000092,B0078,dup_payment,Duplicate payment row inflates SUM(Payment),2026-07-19T18:29:47+00:00
ACCT-000172,B0078,clean,,2026-07-19T18:29:47+00:00
ACCT-000078,B0078,payment_short,Payment detail short of remit; no duplicates to zero out,2026-07-19T18:29:47+00:00
ACCT-000327,B0078,known_diff,Remit short vs charges; difference disclosed on export,2026-07-19T18:29:47+00:00
ACCT-000020,B0078,clean,,2026-07-19T18:29:47+00:00
ACCT-000003,B0078,payment_short,Payment detail short of remit; no duplicates to zero out,2026-07-19T18:29:47+00:00
ACCT-000070,B0078,clean,,2026-07-19T18:29:47+00:00
ACCT-000109,B0078,dup_payment,Duplicate payment row inflates SUM(Payment),2026-07-19T18:29:47+00:00
ACCT-000087,B0078,dup_payment,Duplicate payment row inflates SUM(Payment),2026-07-19T18:29:47+00:00
ACCT-000031,B0078,clean,,2026-07-19T18:29:47+00:00
ACCT-000224,B0078,clean,,2026-07-19T18:29:47+00:00
ACCT-000200,B0078,clean,,2026-07-19T18:29:47+00:00
ACCT-000201,B0078,charge_mismatch,CustCharge summary drifted from charge detail,2026-07-19T18:29:47+00:00
ACCT-000280,B0078,clean,,2026-07-19T18:29:47+00:00
ACCT-000267,B0078,clean,,2026-07-19T18:29:47+00:00
ACCT-000098,B0078,known_diff,Remit short vs charges; difference disclosed on export,2026-07-19T18:29:47+00:00
ACCT-000121,B0078,dup_unfixable,Payment detail short of remit; no duplicates to zero out,2026-07-19T18:29:47+00:00
ACCT-000034,B0078,clean,,2026-07-19T18:29:47+00:00
ACCT-000301,B0078,clean,,2026-07-19T18:29:47+00:00
ACCT-000132,B0078,clean,,2026-07-19T18:29:47+00:00
ACCT-000125,B0078,payment_short,Payment detail short of remit; no duplicates to zero out,2026-07-19T18:29:47+00:00
ACCT-000111,B0078,clean,,2026-07-19T18:29:47+00:00
ACCT-000245,B0078,rc_misreport,Export reports a phantom R-C difference,2026-07-19T18:29:47+00:00
ACCT-000266,B0078,clean,,2026-07-19T18:29:47+00:00
ACCT-000240,B0078,clean,,2026-07-19T18:29:47+00:00
ACCT-000314,B0078,clean,,2026-07-19T18:29:47+00:00
ACCT-000167,B0078,dup_charge,Duplicate charge row inflates SUM(UtilityCharge),2026-07-19T18:29:47+00:00
ACCT-000062,B0078,rc_misreport,Export reports a phantom R-C difference,2026-07-19T18:29:47+00:00
ACCT-000196,B0078,payment_short,Payment detail short of remit; no duplicates to zero out,2026-07-19T18:29:47+00:00
ACCT-000179,B0078,known_diff,Remit short vs charges; difference disclosed on export,2026-07-19T18:29:47+00:00
ACCT-000348,B0078,rc_misreport,Export reports a phantom R-C difference,2026-07-19T18:29:47+00:00
ACCT-000349,B0078,charge_mismatch,CustCharge summary drifted from charge detail,2026-07-19T18:29:47+00:00
ACCT-000350,B0078,clean,,2026-07-19T18:29:47+00:00
ACCT-000351,B0078,clean,,2026-07-19T18:29:47+00:00
ACCT-000230,B0079,dup_payment,Duplicate payment row inflates SUM(Payment),2026-07-19T19:42:08+00:00
ACCT-000184,B0079,dup_unfixable,Payment detail short of remit; no duplicates to zero out,2026-07-19T19:42:08+00:00
ACCT-000347,B0079,total_fail,Every check seeded to fail,2026-07-19T19:42:08+00:00
ACCT-000061,B0079,adj_mismatch,Adjustments summary drifted from adjustment detail,2026-07-19T19:42:08+00:00
ACCT-000019,B0079,charge_mismatch,CustCharge summary drifted from charge detail,2026-07-19T19:42:08+00:00
ACCT-000234,B0079,charge_mismatch,CustCharge summary drifted from charge detail,2026-07-19T19:42:08+00:00
ACCT-000050,B0079,clean,,2026-07-19T19:42:08+00:00
ACCT-000248,B0079,clean,,2026-07-19T19:42:08+00:00
ACCT-000216,B0079,clean,,2026-07-19T19:42:08+00:00
ACCT-000198,B0079,clean,,2026-07-19T19:42:08+00:00
ACCT-000255,B0079,clean,,2026-07-19T19:42:08+00:00
ACCT-000009,B0079,dup_payment,Duplicate payment row inflates SUM(Payment),2026-07-19T19:42:08+00:00
ACCT-000231,B0079,clean,,2026-07-19T19:42:08+00:00
ACCT-000099,B0079,clean,,2026-07-19T19:42:08+00:00
ACCT-000325,B0079,dup_charge,Duplicate charge row inflates SUM(UtilityCharge),2026-07-19T19:42:08+00:00
ACCT-000279,B0079,clean,,2026-07-19T19:42:08+00:00
ACCT-000226,B0079,clean,,2026-07-19T19:42:08+00:00
ACCT-000238,B0079,clean,,2026-07-19T19:42:08+00:00
ACCT-000196,B0079,dup_payment,Duplicate payment row inflates SUM(Payment),2026-07-19T19:42:08+00:00
ACCT-000217,B0079,clean,,2026-07-19T19:42:08+00:00
ACCT-000272,B0079,dup_payment,Duplicate payment row inflates SUM(Payment),2026-07-19T19:42:08+00:00
ACCT-000018,B0079,dup_adjustment,Duplicate adjustment row inflates SUM(AdjustmentAmt),2026-07-19T19:42:08+00:00
ACCT-000183,B0079,dup_unfixable,Payment detail short of remit; no duplicates to zero out,2026-07-19T19:42:08+00:00
ACCT-000117,B0079,clean,,2026-07-19T19:42:08+00:00
ACCT-000284,B0079,clean,,2026-07-19T19:42:08+00:00
ACCT-000098,B0079,clean,,2026-07-19T19:42:08+00:00
ACCT-000280,B0079,clean,,2026-07-19T19:42:08+00:00
ACCT-000068,B0079,dup_payment,Duplicate payment row inflates SUM(Payment),2026-07-19T19:42:08+00:00
ACCT-000247,B0079,charge_mismatch,CustCharge summary drifted from charge detail,2026-07-19T19:42:08+00:00
ACCT-000311,B0079,rc_misreport,Export reports a phantom R-C difference,2026-07-19T19:42:08+00:00
ACCT-000052,B0079,dup_payment,Duplicate payment row inflates SUM(Payment),2026-07-19T19:42:08+00:00
ACCT-000314,B0079,clean,,2026-07-19T19:42:08+00:00
ACCT-000318,B0079,clean,,2026-07-19T19:42:08+00:00
ACCT-000352,B0079,dup_charge,Duplicate charge row inflates SUM(UtilityCharge),2026-07-19T19:42:08+00:00
ACCT-000353,B0079,clean,,2026-07-19T19:42:08+00:00
ACCT-000328,B0080,clean,,2026-07-19T20:39:07+00:00
ACCT-000193,B0080,clean,,2026-07-19T20:39:07+00:00
ACCT-000154,B0080,dup_payment,Duplicate payment row inflates SUM(Payment),2026-07-19T20:39:07+00:00
ACCT-000266,B0080,clean,,2026-07-19T20:39:07+00:00
ACCT-000239,B0080,dup_charge,Duplicate charge row inflates SUM(UtilityCharge),2026-07-19T20:39:07+00:00
ACCT-000120,B0080,clean,,2026-07-19T20:39:07+00:00
ACCT-000286,B0080,clean,,2026-07-19T20:39:07+00:00
ACCT-000350,B0080,rc_misreport,Export reports a phantom R-C difference,2026-07-19T20:39:07+00:00
ACCT-000274,B0080,dup_payment,Duplicate payment row inflates SUM(Payment),2026-07-19T20:39:07+00:00
ACCT-000083,B0080,clean,,2026-07-19T20:39:07+00:00
ACCT-000090,B0080,clean,,2026-07-19T20:39:07+00:00
ACCT-000113,B0080,clean,,2026-07-19T20:39:07+00:00
ACCT-000279,B0080,dup_payment,Duplicate payment row inflates SUM(Payment),2026-07-19T20:39:07+00:00
ACCT-000028,B0080,clean,,2026-07-19T20:39:07+00:00
ACCT-000102,B0080,clean,,2026-07-19T20:39:07+00:00
ACCT-000207,B0080,charge_mismatch,CustCharge summary drifted from charge detail,2026-07-19T20:39:07+00:00
ACCT-000316,B0080,clean,,2026-07-19T20:39:07+00:00
ACCT-000321,B0080,dup_payment,Duplicate payment row inflates SUM(Payment),2026-07-19T20:39:07+00:00
ACCT-000085,B0080,clean,,2026-07-19T20:39:07+00:00
ACCT-000345,B0080,payment_short,Payment detail short of remit; no duplicates to zero out,2026-07-19T20:39:07+00:00
ACCT-000217,B0080,clean,,2026-07-19T20:39:07+00:00
ACCT-000219,B0080,clean,,2026-07-19T20:39:07+00:00
ACCT-000109,B0080,clean,,2026-07-19T20:39:07+00:00
ACCT-000153,B0080,clean,,2026-07-19T20:39:07+00:00
ACCT-000176,B0080,dup_payment,Duplicate payment row inflates SUM(Payment),2026-07-19T20:39:07+00:00
ACCT-000249,B0080,dup_payment,Duplicate payment row inflates SUM(Payment),2026-07-19T20:39:07+00:00
ACCT-000253,B0080,clean,,2026-07-19T20:39:07+00:00
ACCT-000324,B0080,dup_payment,Duplicate payment row inflates SUM(Payment),2026-07-19T20:39:07+00:00
ACCT-000067,B0080,charge_mismatch,CustCharge summary drifted from charge detail,2026-07-19T20:39:07+00:00
ACCT-000013,B0080,dup_adjustment,Duplicate adjustment row inflates SUM(AdjustmentAmt),2026-07-19T20:39:07+00:00
ACCT-000149,B0080,rc_misreport,Export reports a phantom R-C difference,2026-07-19T20:39:07+00:00
ACCT-000354,B0080,dup_unfixable,Payment detail short of remit; no duplicates to zero out,2026-07-19T20:39:07+00:00
ACCT-000355,B0080,adj_mismatch,Adjustments summary drifted from adjustment detail,2026-07-19T20:39:07+00:00
ACCT-000356,B0080,charge_mismatch,CustCharge summary drifted from charge detail,2026-07-19T20:39:07+00:00
ACCT-000357,B0080,dup_payment,Duplicate payment row inflates SUM(Payment),2026-07-19T20:39:07+00:00
ACCT-000139,B0081,charge_mismatch,CustCharge summary drifted from charge detail,2026-07-19T21:43:13+00:00
ACCT-000340,B0081,clean,,2026-07-19T21:43:13+00:00
ACCT-000294,B0081,clean,,2026-07-19T21:43:13+00:00
ACCT-000300,B0081,clean,,2026-07-19T21:43:13+00:00
ACCT-000141,B0081,known_diff,Remit short vs charges; difference disclosed on export,2026-07-19T21:43:13+00:00
ACCT-000112,B0081,clean,,2026-07-19T21:43:13+00:00
ACCT-000151,B0081,payment_short,Payment detail short of remit; no duplicates to zero out,2026-07-19T21:43:13+00:00
ACCT-000167,B0081,clean,,2026-07-19T21:43:13+00:00
ACCT-000025,B0081,clean,,2026-07-19T21:43:13+00:00
ACCT-000134,B0081,dup_payment,Duplicate payment row inflates SUM(Payment),2026-07-19T21:43:13+00:00
ACCT-000003,B0081,dup_adjustment,Duplicate adjustment row inflates SUM(AdjustmentAmt),2026-07-19T21:43:13+00:00
ACCT-000275,B0081,total_fail,Every check seeded to fail,2026-07-19T21:43:13+00:00
ACCT-000240,B0081,clean,,2026-07-19T21:43:13+00:00
ACCT-000247,B0081,charge_mismatch,CustCharge summary drifted from charge detail,2026-07-19T21:43:13+00:00
ACCT-000102,B0081,adj_mismatch,Adjustments summary drifted from adjustment detail,2026-07-19T21:43:13+00:00
ACCT-000228,B0081,clean,,2026-07-19T21:43:13+00:00
ACCT-000199,B0081,payment_short,Payment detail short of remit; no duplicates to zero out,2026-07-19T21:43:13+00:00
ACCT-000331,B0081,clean,,2026-07-19T21:43:13+00:00
ACCT-000090,B0081,known_diff,Remit short vs charges; difference disclosed on export,2026-07-19T21:43:13+00:00
ACCT-000073,B0081,clean,,2026-07-19T21:43:13+00:00
ACCT-000353,B0081,dup_charge,Duplicate charge row inflates SUM(UtilityCharge),2026-07-19T21:43:13+00:00
ACCT-000253,B0081,dup_charge,Duplicate charge row inflates SUM(UtilityCharge),2026-07-19T21:43:13+00:00
ACCT-000097,B0081,clean,,2026-07-19T21:43:13+00:00
ACCT-000263,B0081,clean,,2026-07-19T21:43:13+00:00
ACCT-000334,B0081,clean,,2026-07-19T21:43:13+00:00
ACCT-000298,B0081,clean,,2026-07-19T21:43:13+00:00
ACCT-000070,B0081,clean,,2026-07-19T21:43:13+00:00
ACCT-000315,B0081,clean,,2026-07-19T21:43:13+00:00
ACCT-000266,B0081,known_diff,Remit short vs charges; difference disclosed on export,2026-07-19T21:43:13+00:00
ACCT-000358,B0081,total_fail,Every check seeded to fail,2026-07-19T21:43:13+00:00
ACCT-000359,B0081,dup_payment,Duplicate payment row inflates SUM(Payment),2026-07-19T21:43:13+00:00
ACCT-000360,B0081,dup_charge,Duplicate charge row inflates SUM(UtilityCharge),2026-07-19T21:43:13+00:00
ACCT-000361,B0081,clean,,2026-07-19T21:43:13+00:00
ACCT-000139,B0082,clean,,2026-07-19T22:42:47+00:00
ACCT-000252,B0082,clean,,2026-07-19T22:42:47+00:00
ACCT-000120,B0082,dup_adjustment,Duplicate adjustment row inflates SUM(AdjustmentAmt),2026-07-19T22:42:47+00:00
ACCT-000118,B0082,clean,,2026-07-19T22:42:47+00:00
ACCT-000082,B0082,dup_payment,Duplicate payment row inflates SUM(Payment),2026-07-19T22:42:47+00:00
ACCT-000028,B0082,clean,,2026-07-19T22:42:47+00:00
ACCT-000286,B0082,clean,,2026-07-19T22:42:47+00:00
ACCT-000211,B0082,adj_mismatch,Adjustments summary drifted from adjustment detail,2026-07-19T22:42:47+00:00
ACCT-000355,B0082,clean,,2026-07-19T22:42:47+00:00
ACCT-000078,B0082,clean,,2026-07-19T22:42:47+00:00
ACCT-000196,B0082,dup_adjustment,Duplicate adjustment row inflates SUM(AdjustmentAmt),2026-07-19T22:42:47+00:00
ACCT-000091,B0082,dup_payment,Duplicate payment row inflates SUM(Payment),2026-07-19T22:42:47+00:00
ACCT-000181,B0082,clean,,2026-07-19T22:42:47+00:00
ACCT-000175,B0082,dup_charge,Duplicate charge row inflates SUM(UtilityCharge),2026-07-19T22:42:47+00:00
ACCT-000121,B0082,clean,,2026-07-19T22:42:47+00:00
ACCT-000339,B0082,clean,,2026-07-19T22:42:47+00:00
ACCT-000143,B0082,clean,,2026-07-19T22:42:47+00:00
ACCT-000202,B0082,charge_mismatch,CustCharge summary drifted from charge detail,2026-07-19T22:42:47+00:00
ACCT-000122,B0082,known_diff,Remit short vs charges; difference disclosed on export,2026-07-19T22:42:47+00:00
ACCT-000094,B0082,dup_payment,Duplicate payment row inflates SUM(Payment),2026-07-19T22:42:47+00:00
ACCT-000225,B0082,dup_payment,Duplicate payment row inflates SUM(Payment),2026-07-19T22:42:47+00:00
ACCT-000253,B0082,clean,,2026-07-19T22:42:47+00:00
ACCT-000067,B0082,clean,,2026-07-19T22:42:47+00:00
ACCT-000169,B0082,clean,,2026-07-19T22:42:47+00:00
ACCT-000342,B0082,dup_adjustment,Duplicate adjustment row inflates SUM(AdjustmentAmt),2026-07-19T22:42:47+00:00
ACCT-000362,B0082,clean,,2026-07-19T22:42:47+00:00
ACCT-000363,B0082,clean,,2026-07-19T22:42:47+00:00
ACCT-000364,B0082,dup_payment,Duplicate payment row inflates SUM(Payment),2026-07-19T22:42:47+00:00
ACCT-000020,B0083,payment_short,Payment detail short of remit; no duplicates to zero out,2026-07-19T23:50:51+00:00
ACCT-000244,B0083,clean,,2026-07-19T23:50:51+00:00
ACCT-000355,B0083,clean,,2026-07-19T23:50:51+00:00
ACCT-000265,B0083,clean,,2026-07-19T23:50:51+00:00
ACCT-000117,B0083,charge_mismatch,CustCharge summary drifted from charge detail,2026-07-19T23:50:51+00:00
ACCT-000237,B0083,payment_short,Payment detail short of remit; no duplicates to zero out,2026-07-19T23:50:51+00:00
ACCT-000081,B0083,dup_payment,Duplicate payment row inflates SUM(Payment),2026-07-19T23:50:51+00:00
ACCT-000033,B0083,clean,,2026-07-19T23:50:51+00:00
ACCT-000217,B0083,clean,,2026-07-19T23:50:51+00:00
ACCT-000295,B0083,charge_mismatch,CustCharge summary drifted from charge detail,2026-07-19T23:50:51+00:00
ACCT-000125,B0083,dup_charge,Duplicate charge row inflates SUM(UtilityCharge),2026-07-19T23:50:51+00:00
ACCT-000332,B0083,known_diff,Remit short vs charges; difference disclosed on export,2026-07-19T23:50:51+00:00
ACCT-000106,B0083,clean,,2026-07-19T23:50:51+00:00
ACCT-000162,B0083,clean,,2026-07-19T23:50:51+00:00
ACCT-000096,B0083,known_diff,Remit short vs charges; difference disclosed on export,2026-07-19T23:50:51+00:00
ACCT-000293,B0083,clean,,2026-07-19T23:50:51+00:00
ACCT-000226,B0083,adj_mismatch,Adjustments summary drifted from adjustment detail,2026-07-19T23:50:51+00:00
ACCT-000039,B0083,clean,,2026-07-19T23:50:51+00:00
ACCT-000071,B0083,charge_mismatch,CustCharge summary drifted from charge detail,2026-07-19T23:50:51+00:00
ACCT-000159,B0083,clean,,2026-07-19T23:50:51+00:00
ACCT-000342,B0083,rc_misreport,Export reports a phantom R-C difference,2026-07-19T23:50:51+00:00
ACCT-000232,B0083,clean,,2026-07-19T23:50:51+00:00
ACCT-000207,B0083,clean,,2026-07-19T23:50:51+00:00
ACCT-000266,B0083,clean,,2026-07-19T23:50:51+00:00
ACCT-000356,B0083,adj_mismatch,Adjustments summary drifted from adjustment detail,2026-07-19T23:50:51+00:00
ACCT-000053,B0083,total_fail,Every check seeded to fail,2026-07-19T23:50:51+00:00
ACCT-000143,B0083,total_fail,Every check seeded to fail,2026-07-19T23:50:51+00:00
ACCT-000259,B0083,dup_charge,Duplicate charge row inflates SUM(UtilityCharge),2026-07-19T23:50:51+00:00
ACCT-000273,B0083,dup_payment,Duplicate payment row inflates SUM(Payment),2026-07-19T23:50:51+00:00
ACCT-000060,B0083,clean,,2026-07-19T23:50:51+00:00
ACCT-000343,B0083,clean,,2026-07-19T23:50:51+00:00
ACCT-000365,B0083,payment_short,Payment detail short of remit; no duplicates to zero out,2026-07-19T23:50:51+00:00
ACCT-000366,B0083,dup_payment,Duplicate payment row inflates SUM(Payment),2026-07-19T23:50:51+00:00
ACCT-000367,B0083,rc_misreport,Export reports a phantom R-C difference,2026-07-19T23:50:51+00:00
ACCT-000368,B0083,clean,,2026-07-19T23:50:51+00:00
ACCT-000044,B0084,charge_mismatch,CustCharge summary drifted from charge detail,2026-07-20T02:13:30+00:00
ACCT-000272,B0084,dup_payment,Duplicate payment row inflates SUM(Payment),2026-07-20T02:13:30+00:00
ACCT-000179,B0084,clean,,2026-07-20T02:13:30+00:00
ACCT-000289,B0084,clean,,2026-07-20T02:13:30+00:00
ACCT-000304,B0084,charge_mismatch,CustCharge summary drifted from charge detail,2026-07-20T02:13:30+00:00
ACCT-000314,B0084,clean,,2026-07-20T02:13:30+00:00
ACCT-000199,B0084,charge_mismatch,CustCharge summary drifted from charge detail,2026-07-20T02:13:30+00:00
ACCT-000022,B0084,clean,,2026-07-20T02:13:30+00:00
ACCT-000049,B0084,clean,,2026-07-20T02:13:30+00:00
ACCT-000129,B0084,known_diff,Remit short vs charges; difference disclosed on export,2026-07-20T02:13:30+00:00
ACCT-000252,B0084,rc_misreport,Export reports a phantom R-C difference,2026-07-20T02:13:30+00:00
ACCT-000055,B0084,clean,,2026-07-20T02:13:30+00:00
ACCT-000368,B0084,clean,,2026-07-20T02:13:30+00:00
ACCT-000324,B0084,clean,,2026-07-20T02:13:30+00:00
ACCT-000257,B0084,dup_charge,Duplicate charge row inflates SUM(UtilityCharge),2026-07-20T02:13:30+00:00
ACCT-000317,B0084,clean,,2026-07-20T02:13:30+00:00
ACCT-000157,B0084,payment_short,Payment detail short of remit; no duplicates to zero out,2026-07-20T02:13:30+00:00
ACCT-000251,B0084,clean,,2026-07-20T02:13:30+00:00
ACCT-000217,B0084,clean,,2026-07-20T02:13:30+00:00
ACCT-000256,B0084,clean,,2026-07-20T02:13:30+00:00
ACCT-000198,B0084,payment_short,Payment detail short of remit; no duplicates to zero out,2026-07-20T02:13:30+00:00
ACCT-000238,B0084,clean,,2026-07-20T02:13:30+00:00
ACCT-000351,B0084,adj_mismatch,Adjustments summary drifted from adjustment detail,2026-07-20T02:13:30+00:00
ACCT-000321,B0084,payment_short,Payment detail short of remit; no duplicates to zero out,2026-07-20T02:13:30+00:00
ACCT-000048,B0084,clean,,2026-07-20T02:13:30+00:00
ACCT-000353,B0084,charge_mismatch,CustCharge summary drifted from charge detail,2026-07-20T02:13:30+00:00
ACCT-000151,B0084,clean,,2026-07-20T02:13:30+00:00
ACCT-000104,B0084,clean,,2026-07-20T02:13:30+00:00
ACCT-000369,B0084,clean,,2026-07-20T02:13:30+00:00
ACCT-000370,B0084,payment_short,Payment detail short of remit; no duplicates to zero out,2026-07-20T02:13:30+00:00
ACCT-000248,B0085,dup_unfixable,Payment detail short of remit; no duplicates to zero out,2026-07-20T05:52:38+00:00
ACCT-000358,B0085,payment_short,Payment detail short of remit; no duplicates to zero out,2026-07-20T05:52:38+00:00
ACCT-000346,B0085,clean,,2026-07-20T05:52:38+00:00
ACCT-000252,B0085,clean,,2026-07-20T05:52:38+00:00
ACCT-000345,B0085,dup_charge,Duplicate charge row inflates SUM(UtilityCharge),2026-07-20T05:52:38+00:00
ACCT-000274,B0085,dup_payment,Duplicate payment row inflates SUM(Payment),2026-07-20T05:52:38+00:00
ACCT-000044,B0085,clean,,2026-07-20T05:52:38+00:00
ACCT-000084,B0085,known_diff,Remit short vs charges; difference disclosed on export,2026-07-20T05:52:38+00:00
ACCT-000247,B0085,dup_payment,Duplicate payment row inflates SUM(Payment),2026-07-20T05:52:38+00:00
ACCT-000019,B0085,clean,,2026-07-20T05:52:38+00:00
ACCT-000048,B0085,payment_short,Payment detail short of remit; no duplicates to zero out,2026-07-20T05:52:38+00:00
ACCT-000306,B0085,total_fail,Every check seeded to fail,2026-07-20T05:52:38+00:00
ACCT-000203,B0085,payment_short,Payment detail short of remit; no duplicates to zero out,2026-07-20T05:52:38+00:00
ACCT-000083,B0085,clean,,2026-07-20T05:52:38+00:00
ACCT-000223,B0085,clean,,2026-07-20T05:52:38+00:00
ACCT-000095,B0085,dup_payment,Duplicate payment row inflates SUM(Payment),2026-07-20T05:52:38+00:00
ACCT-000287,B0085,known_diff,Remit short vs charges; difference disclosed on export,2026-07-20T05:52:38+00:00
ACCT-000154,B0085,total_fail,Every check seeded to fail,2026-07-20T05:52:38+00:00
ACCT-000341,B0085,clean,,2026-07-20T05:52:38+00:00
ACCT-000323,B0085,clean,,2026-07-20T05:52:38+00:00
ACCT-000330,B0085,dup_adjustment,Duplicate adjustment row inflates SUM(AdjustmentAmt),2026-07-20T05:52:38+00:00
ACCT-000152,B0085,rc_misreport,Export reports a phantom R-C difference,2026-07-20T05:52:38+00:00
ACCT-000009,B0085,dup_charge,Duplicate charge row inflates SUM(UtilityCharge),2026-07-20T05:52:38+00:00
ACCT-000008,B0085,clean,,2026-07-20T05:52:38+00:00
ACCT-000080,B0085,adj_mismatch,Adjustments summary drifted from adjustment detail,2026-07-20T05:52:38+00:00
ACCT-000023,B0085,clean,,2026-07-20T05:52:38+00:00
ACCT-000258,B0085,clean,,2026-07-20T05:52:38+00:00
ACCT-000132,B0085,dup_adjustment,Duplicate adjustment row inflates SUM(AdjustmentAmt),2026-07-20T05:52:38+00:00
ACCT-000101,B0085,clean,,2026-07-20T05:52:38+00:00
ACCT-000112,B0085,dup_charge,Duplicate charge row inflates SUM(UtilityCharge),2026-07-20T05:52:38+00:00
ACCT-000020,B0085,clean,,2026-07-20T05:52:38+00:00
ACCT-000165,B0085,charge_mismatch,CustCharge summary drifted from charge detail,2026-07-20T05:52:38+00:00
ACCT-000305,B0085,clean,,2026-07-20T05:52:38+00:00
ACCT-000222,B0085,clean,,2026-07-20T05:52:38+00:00
ACCT-000322,B0085,clean,,2026-07-20T05:52:38+00:00
ACCT-000371,B0085,known_diff,Remit short vs charges; difference disclosed on export,2026-07-20T05:52:38+00:00
ACCT-000372,B0085,clean,,2026-07-20T05:52:38+00:00
ACCT-000373,B0085,dup_unfixable,Payment detail short of remit; no duplicates to zero out,2026-07-20T05:52:38+00:00
ACCT-000010,B0086,clean,,2026-07-20T08:43:59+00:00
ACCT-000275,B0086,clean,,2026-07-20T08:43:59+00:00
ACCT-000157,B0086,clean,,2026-07-20T08:43:59+00:00
ACCT-000222,B0086,clean,,2026-07-20T08:43:59+00:00
ACCT-000047,B0086,clean,,2026-07-20T08:43:59+00:00
ACCT-000053,B0086,clean,,2026-07-20T08:43:59+00:00
ACCT-000202,B0086,clean,,2026-07-20T08:43:59+00:00
ACCT-000207,B0086,clean,,2026-07-20T08:43:59+00:00
ACCT-000070,B0086,clean,,2026-07-20T08:43:59+00:00
ACCT-000109,B0086,known_diff,Remit short vs charges; difference disclosed on export,2026-07-20T08:43:59+00:00
ACCT-000051,B0086,known_diff,Remit short vs charges; difference disclosed on export,2026-07-20T08:43:59+00:00
ACCT-000092,B0086,clean,,2026-07-20T08:43:59+00:00
ACCT-000261,B0086,clean,,2026-07-20T08:43:59+00:00
ACCT-000300,B0086,clean,,2026-07-20T08:43:59+00:00
ACCT-000176,B0086,dup_payment,Duplicate payment row inflates SUM(Payment),2026-07-20T08:43:59+00:00
ACCT-000188,B0086,charge_mismatch,CustCharge summary drifted from charge detail,2026-07-20T08:43:59+00:00
ACCT-000165,B0086,clean,,2026-07-20T08:43:59+00:00
ACCT-000080,B0086,clean,,2026-07-20T08:43:59+00:00
ACCT-000086,B0086,dup_payment,Duplicate payment row inflates SUM(Payment),2026-07-20T08:43:59+00:00
ACCT-000152,B0086,rc_misreport,Export reports a phantom R-C difference,2026-07-20T08:43:59+00:00
ACCT-000108,B0086,clean,,2026-07-20T08:43:59+00:00
ACCT-000311,B0086,clean,,2026-07-20T08:43:59+00:00
ACCT-000159,B0086,clean,,2026-07-20T08:43:59+00:00
ACCT-000111,B0086,known_diff,Remit short vs charges; difference disclosed on export,2026-07-20T08:43:59+00:00
ACCT-000011,B0086,clean,,2026-07-20T08:43:59+00:00
ACCT-000028,B0086,clean,,2026-07-20T08:43:59+00:00
ACCT-000374,B0086,dup_adjustment,Duplicate adjustment row inflates SUM(AdjustmentAmt),2026-07-20T08:43:59+00:00
ACCT-000375,B0086,clean,,2026-07-20T08:43:59+00:00
ACCT-000376,B0086,adj_mismatch,Adjustments summary drifted from adjustment detail,2026-07-20T08:43:59+00:00
ACCT-000189,B0087,known_diff,Remit short vs charges; difference disclosed on export,2026-07-20T11:38:03+00:00
ACCT-000177,B0087,rc_misreport,Export reports a phantom R-C difference,2026-07-20T11:38:03+00:00
ACCT-000364,B0087,dup_payment,Duplicate payment row inflates SUM(Payment),2026-07-20T11:38:03+00:00
ACCT-000106,B0087,clean,,2026-07-20T11:38:03+00:00
ACCT-000088,B0087,payment_short,Payment detail short of remit; no duplicates to zero out,2026-07-20T11:38:03+00:00
ACCT-000023,B0087,total_fail,Every check seeded to fail,2026-07-20T11:38:03+00:00
ACCT-000367,B0087,charge_mismatch,CustCharge summary drifted from charge detail,2026-07-20T11:38:03+00:00
ACCT-000195,B0087,charge_mismatch,CustCharge summary drifted from charge detail,2026-07-20T11:38:03+00:00
ACCT-000049,B0087,clean,,2026-07-20T11:38:03+00:00
ACCT-000300,B0087,dup_adjustment,Duplicate adjustment row inflates SUM(AdjustmentAmt),2026-07-20T11:38:03+00:00
ACCT-000021,B0087,payment_short,Payment detail short of remit; no duplicates to zero out,2026-07-20T11:38:03+00:00
ACCT-000136,B0087,dup_payment,Duplicate payment row inflates SUM(Payment),2026-07-20T11:38:03+00:00
ACCT-000071,B0087,clean,,2026-07-20T11:38:03+00:00
ACCT-000208,B0087,clean,,2026-07-20T11:38:03+00:00
ACCT-000039,B0087,clean,,2026-07-20T11:38:03+00:00
ACCT-000307,B0087,clean,,2026-07-20T11:38:03+00:00
ACCT-000224,B0087,clean,,2026-07-20T11:38:03+00:00
ACCT-000284,B0087,clean,,2026-07-20T11:38:03+00:00
ACCT-000265,B0087,dup_payment,Duplicate payment row inflates SUM(Payment),2026-07-20T11:38:03+00:00
ACCT-000244,B0087,clean,,2026-07-20T11:38:03+00:00
ACCT-000040,B0087,payment_short,Payment detail short of remit; no duplicates to zero out,2026-07-20T11:38:03+00:00
ACCT-000215,B0087,dup_adjustment,Duplicate adjustment row inflates SUM(AdjustmentAmt),2026-07-20T11:38:03+00:00
ACCT-000055,B0087,clean,,2026-07-20T11:38:03+00:00
ACCT-000128,B0087,clean,,2026-07-20T11:38:03+00:00
ACCT-000345,B0087,dup_charge,Duplicate charge row inflates SUM(UtilityCharge),2026-07-20T11:38:03+00:00
ACCT-000206,B0087,clean,,2026-07-20T11:38:03+00:00
ACCT-000139,B0087,total_fail,Every check seeded to fail,2026-07-20T11:38:03+00:00
ACCT-000102,B0087,payment_short,Payment detail short of remit; no duplicates to zero out,2026-07-20T11:38:03+00:00
ACCT-000257,B0087,clean,,2026-07-20T11:38:03+00:00
ACCT-000187,B0087,charge_mismatch,CustCharge summary drifted from charge detail,2026-07-20T11:38:03+00:00
ACCT-000236,B0087,dup_payment,Duplicate payment row inflates SUM(Payment),2026-07-20T11:38:03+00:00
ACCT-000377,B0087,adj_mismatch,Adjustments summary drifted from adjustment detail,2026-07-20T11:38:03+00:00
ACCT-000378,B0087,clean,,2026-07-20T11:38:03+00:00
ACCT-000379,B0087,clean,,2026-07-20T11:38:03+00:00
ACCT-000342,B0088,clean,,2026-07-20T13:51:08+00:00
ACCT-000023,B0088,known_diff,Remit short vs charges; difference disclosed on export,2026-07-20T13:51:08+00:00
ACCT-000104,B0088,dup_payment,Duplicate payment row inflates SUM(Payment),2026-07-20T13:51:08+00:00
ACCT-000306,B0088,clean,,2026-07-20T13:51:08+00:00
ACCT-000230,B0088,clean,,2026-07-20T13:51:08+00:00
ACCT-000136,B0088,clean,,2026-07-20T13:51:08+00:00
ACCT-000139,B0088,payment_short,Payment detail short of remit; no duplicates to zero out,2026-07-20T13:51:08+00:00
ACCT-000249,B0088,dup_payment,Duplicate payment row inflates SUM(Payment),2026-07-20T13:51:08+00:00
ACCT-000367,B0088,clean,,2026-07-20T13:51:08+00:00
ACCT-000325,B0088,clean,,2026-07-20T13:51:08+00:00
ACCT-000100,B0088,total_fail,Every check seeded to fail,2026-07-20T13:51:08+00:00
ACCT-000351,B0088,clean,,2026-07-20T13:51:08+00:00
ACCT-000376,B0088,known_diff,Remit short vs charges; difference disclosed on export,2026-07-20T13:51:08+00:00
ACCT-000361,B0088,clean,,2026-07-20T13:51:08+00:00
ACCT-000179,B0088,dup_adjustment,Duplicate adjustment row inflates SUM(AdjustmentAmt),2026-07-20T13:51:08+00:00
ACCT-000357,B0088,clean,,2026-07-20T13:51:08+00:00
ACCT-000267,B0088,clean,,2026-07-20T13:51:08+00:00
ACCT-000315,B0088,dup_payment,Duplicate payment row inflates SUM(Payment),2026-07-20T13:51:08+00:00
ACCT-000229,B0088,total_fail,Every check seeded to fail,2026-07-20T13:51:08+00:00
ACCT-000013,B0088,adj_mismatch,Adjustments summary drifted from adjustment detail,2026-07-20T13:51:08+00:00
ACCT-000057,B0088,clean,,2026-07-20T13:51:08+00:00
ACCT-000045,B0088,clean,,2026-07-20T13:51:08+00:00
ACCT-000180,B0088,clean,,2026-07-20T13:51:08+00:00
ACCT-000010,B0088,adj_mismatch,Adjustments summary drifted from adjustment detail,2026-07-20T13:51:08+00:00
ACCT-000156,B0088,clean,,2026-07-20T13:51:08+00:00
ACCT-000061,B0088,clean,,2026-07-20T13:51:08+00:00
ACCT-000141,B0088,adj_mismatch,Adjustments summary drifted from adjustment detail,2026-07-20T13:51:08+00:00
ACCT-000157,B0088,dup_charge,Duplicate charge row inflates SUM(UtilityCharge),2026-07-20T13:51:08+00:00
ACCT-000207,B0088,rc_misreport,Export reports a phantom R-C difference,2026-07-20T13:51:08+00:00
ACCT-000160,B0088,dup_payment,Duplicate payment row inflates SUM(Payment),2026-07-20T13:51:08+00:00
ACCT-000187,B0088,total_fail,Every check seeded to fail,2026-07-20T13:51:08+00:00
ACCT-000303,B0088,clean,,2026-07-20T13:51:08+00:00
ACCT-000380,B0088,dup_charge,Duplicate charge row inflates SUM(UtilityCharge),2026-07-20T13:51:08+00:00
ACCT-000381,B0088,charge_mismatch,CustCharge summary drifted from charge detail,2026-07-20T13:51:08+00:00
ACCT-000382,B0088,clean,,2026-07-20T13:51:08+00:00
ACCT-000383,B0088,clean,,2026-07-20T13:51:08+00:00
ACCT-000183,B0089,clean,,2026-07-20T15:46:17+00:00
ACCT-000214,B0089,clean,,2026-07-20T15:46:17+00:00
ACCT-000099,B0089,clean,,2026-07-20T15:46:17+00:00
ACCT-000363,B0089,payment_short,Payment detail short of remit; no duplicates to zero out,2026-07-20T15:46:17+00:00
ACCT-000177,B0089,clean,,2026-07-20T15:46:17+00:00
ACCT-000150,B0089,clean,,2026-07-20T15:46:17+00:00
ACCT-000010,B0089,dup_payment,Duplicate payment row inflates SUM(Payment),2026-07-20T15:46:17+00:00
ACCT-000182,B0089,payment_short,Payment detail short of remit; no duplicates to zero out,2026-07-20T15:46:17+00:00
ACCT-000229,B0089,total_fail,Every check seeded to fail,2026-07-20T15:46:17+00:00
ACCT-000073,B0089,payment_short,Payment detail short of remit; no duplicates to zero out,2026-07-20T15:46:17+00:00
ACCT-000359,B0089,clean,,2026-07-20T15:46:17+00:00
ACCT-000097,B0089,dup_payment,Duplicate payment row inflates SUM(Payment),2026-07-20T15:46:17+00:00
ACCT-000145,B0089,clean,,2026-07-20T15:46:17+00:00
ACCT-000323,B0089,clean,,2026-07-20T15:46:17+00:00
ACCT-000088,B0089,clean,,2026-07-20T15:46:17+00:00
ACCT-000220,B0089,adj_mismatch,Adjustments summary drifted from adjustment detail,2026-07-20T15:46:17+00:00
ACCT-000348,B0089,dup_unfixable,Payment detail short of remit; no duplicates to zero out,2026-07-20T15:46:17+00:00
ACCT-000049,B0089,clean,,2026-07-20T15:46:17+00:00
ACCT-000259,B0089,clean,,2026-07-20T15:46:17+00:00
ACCT-000248,B0089,clean,,2026-07-20T15:46:17+00:00
ACCT-000115,B0089,payment_short,Payment detail short of remit; no duplicates to zero out,2026-07-20T15:46:17+00:00
ACCT-000318,B0089,clean,,2026-07-20T15:46:17+00:00
ACCT-000187,B0089,clean,,2026-07-20T15:46:17+00:00
ACCT-000143,B0089,charge_mismatch,CustCharge summary drifted from charge detail,2026-07-20T15:46:17+00:00
ACCT-000037,B0089,clean,,2026-07-20T15:46:17+00:00
ACCT-000224,B0089,dup_payment,Duplicate payment row inflates SUM(Payment),2026-07-20T15:46:17+00:00
ACCT-000017,B0089,dup_payment,Duplicate payment row inflates SUM(Payment),2026-07-20T15:46:17+00:00
ACCT-000287,B0089,dup_payment,Duplicate payment row inflates SUM(Payment),2026-07-20T15:46:17+00:00
ACCT-000242,B0089,dup_unfixable,Payment detail short of remit; no duplicates to zero out,2026-07-20T15:46:17+00:00
ACCT-000272,B0089,clean,,2026-07-20T15:46:17+00:00
ACCT-000384,B0089,dup_adjustment,Duplicate adjustment row inflates SUM(AdjustmentAmt),2026-07-20T15:46:17+00:00
ACCT-000385,B0089,known_diff,Remit short vs charges; difference disclosed on export,2026-07-20T15:46:17+00:00
ACCT-000386,B0089,clean,,2026-07-20T15:46:17+00:00
ACCT-000187,B0090,clean,,2026-07-20T17:26:24+00:00
ACCT-000113,B0090,charge_mismatch,CustCharge summary drifted from charge detail,2026-07-20T17:26:24+00:00
ACCT-000076,B0090,clean,,2026-07-20T17:26:24+00:00
ACCT-000028,B0090,dup_charge,Duplicate charge row inflates SUM(UtilityCharge),2026-07-20T17:26:24+00:00
ACCT-000106,B0090,dup_charge,Duplicate charge row inflates SUM(UtilityCharge),2026-07-20T17:26:24+00:00
ACCT-000157,B0090,payment_short,Payment detail short of remit; no duplicates to zero out,2026-07-20T17:26:24+00:00
ACCT-000342,B0090,clean,,2026-07-20T17:26:24+00:00
ACCT-000037,B0090,payment_short,Payment detail short of remit; no duplicates to zero out,2026-07-20T17:26:24+00:00
ACCT-000193,B0090,clean,,2026-07-20T17:26:24+00:00
ACCT-000313,B0090,rc_misreport,Export reports a phantom R-C difference,2026-07-20T17:26:24+00:00
ACCT-000141,B0090,dup_charge,Duplicate charge row inflates SUM(UtilityCharge),2026-07-20T17:26:24+00:00
ACCT-000020,B0090,clean,,2026-07-20T17:26:24+00:00
ACCT-000057,B0090,clean,,2026-07-20T17:26:24+00:00
ACCT-000357,B0090,clean,,2026-07-20T17:26:24+00:00
ACCT-000144,B0090,dup_payment,Duplicate payment row inflates SUM(Payment),2026-07-20T17:26:24+00:00
ACCT-000096,B0090,clean,,2026-07-20T17:26:24+00:00
ACCT-000333,B0090,clean,,2026-07-20T17:26:24+00:00
ACCT-000283,B0090,clean,,2026-07-20T17:26:24+00:00
ACCT-000124,B0090,total_fail,Every check seeded to fail,2026-07-20T17:26:24+00:00
ACCT-000221,B0090,clean,,2026-07-20T17:26:24+00:00
ACCT-000347,B0090,clean,,2026-07-20T17:26:24+00:00
ACCT-000374,B0090,clean,,2026-07-20T17:26:24+00:00
ACCT-000185,B0090,clean,,2026-07-20T17:26:24+00:00
ACCT-000292,B0090,adj_mismatch,Adjustments summary drifted from adjustment detail,2026-07-20T17:26:24+00:00
ACCT-000158,B0090,known_diff,Remit short vs charges; difference disclosed on export,2026-07-20T17:26:24+00:00
ACCT-000326,B0090,clean,,2026-07-20T17:26:24+00:00
ACCT-000308,B0090,clean,,2026-07-20T17:26:24+00:00
ACCT-000029,B0090,adj_mismatch,Adjustments summary drifted from adjustment detail,2026-07-20T17:26:24+00:00
ACCT-000387,B0090,dup_charge,Duplicate charge row inflates SUM(UtilityCharge),2026-07-20T17:26:24+00:00
ACCT-000388,B0090,clean,,2026-07-20T17:26:24+00:00
ACCT-000203,B0091,rc_misreport,Export reports a phantom R-C difference,2026-07-20T19:12:47+00:00
ACCT-000387,B0091,clean,,2026-07-20T19:12:47+00:00
ACCT-000131,B0091,dup_adjustment,Duplicate adjustment row inflates SUM(AdjustmentAmt),2026-07-20T19:12:47+00:00
ACCT-000272,B0091,charge_mismatch,CustCharge summary drifted from charge detail,2026-07-20T19:12:47+00:00
ACCT-000126,B0091,clean,,2026-07-20T19:12:47+00:00
ACCT-000209,B0091,clean,,2026-07-20T19:12:47+00:00
ACCT-000178,B0091,dup_adjustment,Duplicate adjustment row inflates SUM(AdjustmentAmt),2026-07-20T19:12:47+00:00
ACCT-000285,B0091,charge_mismatch,CustCharge summary drifted from charge detail,2026-07-20T19:12:47+00:00
ACCT-000273,B0091,adj_mismatch,Adjustments summary drifted from adjustment detail,2026-07-20T19:12:47+00:00
ACCT-000128,B0091,clean,,2026-07-20T19:12:47+00:00
ACCT-000216,B0091,payment_short,Payment detail short of remit; no duplicates to zero out,2026-07-20T19:12:47+00:00
ACCT-000347,B0091,clean,,2026-07-20T19:12:47+00:00
ACCT-000068,B0091,dup_payment,Duplicate payment row inflates SUM(Payment),2026-07-20T19:12:47+00:00
ACCT-000306,B0091,clean,,2026-07-20T19:12:47+00:00
ACCT-000245,B0091,dup_unfixable,Payment detail short of remit; no duplicates to zero out,2026-07-20T19:12:47+00:00
ACCT-000124,B0091,clean,,2026-07-20T19:12:47+00:00
ACCT-000310,B0091,dup_adjustment,Duplicate adjustment row inflates SUM(AdjustmentAmt),2026-07-20T19:12:47+00:00
ACCT-000327,B0091,clean,,2026-07-20T19:12:47+00:00
ACCT-000162,B0091,clean,,2026-07-20T19:12:47+00:00
ACCT-000291,B0091,clean,,2026-07-20T19:12:47+00:00
ACCT-000167,B0091,clean,,2026-07-20T19:12:47+00:00
ACCT-000146,B0091,clean,,2026-07-20T19:12:47+00:00
ACCT-000301,B0091,known_diff,Remit short vs charges; difference disclosed on export,2026-07-20T19:12:47+00:00
ACCT-000038,B0091,total_fail,Every check seeded to fail,2026-07-20T19:12:47+00:00
ACCT-000080,B0091,charge_mismatch,CustCharge summary drifted from charge detail,2026-07-20T19:12:47+00:00
ACCT-000087,B0091,dup_payment,Duplicate payment row inflates SUM(Payment),2026-07-20T19:12:47+00:00
ACCT-000052,B0091,dup_charge,Duplicate charge row inflates SUM(UtilityCharge),2026-07-20T19:12:47+00:00
ACCT-000230,B0091,payment_short,Payment detail short of remit; no duplicates to zero out,2026-07-20T19:12:47+00:00
ACCT-000366,B0091,clean,,2026-07-20T19:12:47+00:00
ACCT-000158,B0091,clean,,2026-07-20T19:12:47+00:00
ACCT-000305,B0091,clean,,2026-07-20T19:12:47+00:00
ACCT-000170,B0091,clean,,2026-07-20T19:12:47+00:00
ACCT-000247,B0091,payment_short,Payment detail short of remit; no duplicates to zero out,2026-07-20T19:12:47+00:00
ACCT-000389,B0091,clean,,2026-07-20T19:12:47+00:00
ACCT-000390,B0091,dup_payment,Duplicate payment row inflates SUM(Payment),2026-07-20T19:12:47+00:00
ACCT-000316,B0092,clean,,2026-07-20T20:47:08+00:00
ACCT-000198,B0092,clean,,2026-07-20T20:47:08+00:00
ACCT-000317,B0092,clean,,2026-07-20T20:47:08+00:00
ACCT-000063,B0092,clean,,2026-07-20T20:47:08+00:00
ACCT-000348,B0092,clean,,2026-07-20T20:47:08+00:00
ACCT-000221,B0092,clean,,2026-07-20T20:47:08+00:00
ACCT-000373,B0092,clean,,2026-07-20T20:47:08+00:00
ACCT-000183,B0092,adj_mismatch,Adjustments summary drifted from adjustment detail,2026-07-20T20:47:08+00:00
ACCT-000219,B0092,clean,,2026-07-20T20:47:08+00:00
ACCT-000058,B0092,clean,,2026-07-20T20:47:08+00:00
ACCT-000334,B0092,total_fail,Every check seeded to fail,2026-07-20T20:47:08+00:00
ACCT-000236,B0092,clean,,2026-07-20T20:47:08+00:00
ACCT-000284,B0092,clean,,2026-07-20T20:47:08+00:00
ACCT-000380,B0092,charge_mismatch,CustCharge summary drifted from charge detail,2026-07-20T20:47:08+00:00
ACCT-000387,B0092,payment_short,Payment detail short of remit; no duplicates to zero out,2026-07-20T20:47:08+00:00
ACCT-000383,B0092,clean,,2026-07-20T20:47:08+00:00
ACCT-000086,B0092,charge_mismatch,CustCharge summary drifted from charge detail,2026-07-20T20:47:08+00:00
ACCT-000161,B0092,clean,,2026-07-20T20:47:08+00:00
ACCT-000076,B0092,clean,,2026-07-20T20:47:08+00:00
ACCT-000248,B0092,clean,,2026-07-20T20:47:08+00:00
ACCT-000067,B0092,clean,,2026-07-20T20:47:08+00:00
ACCT-000164,B0092,dup_adjustment,Duplicate adjustment row inflates SUM(AdjustmentAmt),2026-07-20T20:47:08+00:00
ACCT-000009,B0092,clean,,2026-07-20T20:47:08+00:00
ACCT-000237,B0092,clean,,2026-07-20T20:47:08+00:00
ACCT-000305,B0092,clean,,2026-07-20T20:47:08+00:00
ACCT-000301,B0092,clean,,2026-07-20T20:47:08+00:00
ACCT-000126,B0092,clean,,2026-07-20T20:47:08+00:00
ACCT-000391,B0092,clean,,2026-07-20T20:47:08+00:00
ACCT-000392,B0092,dup_payment,Duplicate payment row inflates SUM(Payment),2026-07-20T20:47:08+00:00
ACCT-000050,B0093,payment_short,Payment detail short of remit; no duplicates to zero out,2026-07-20T21:56:08+00:00
ACCT-000077,B0093,dup_charge,Duplicate charge row inflates SUM(UtilityCharge),2026-07-20T21:56:08+00:00
ACCT-000183,B0093,dup_charge,Duplicate charge row inflates SUM(UtilityCharge),2026-07-20T21:56:08+00:00
ACCT-000238,B0093,clean,,2026-07-20T21:56:08+00:00
ACCT-000236,B0093,clean,,2026-07-20T21:56:08+00:00
ACCT-000054,B0093,clean,,2026-07-20T21:56:08+00:00
ACCT-000081,B0093,clean,,2026-07-20T21:56:08+00:00
ACCT-000221,B0093,adj_mismatch,Adjustments summary drifted from adjustment detail,2026-07-20T21:56:08+00:00
ACCT-000351,B0093,clean,,2026-07-20T21:56:08+00:00
ACCT-000324,B0093,clean,,2026-07-20T21:56:08+00:00
ACCT-000385,B0093,dup_unfixable,Payment detail short of remit; no duplicates to zero out,2026-07-20T21:56:08+00:00
ACCT-000088,B0093,adj_mismatch,Adjustments summary drifted from adjustment detail,2026-07-20T21:56:08+00:00
ACCT-000219,B0093,payment_short,Payment detail short of remit; no duplicates to zero out,2026-07-20T21:56:08+00:00
ACCT-000141,B0093,payment_short,Payment detail short of remit; no duplicates to zero out,2026-07-20T21:56:08+00:00
ACCT-000062,B0093,dup_payment,Duplicate payment row inflates SUM(Payment),2026-07-20T21:56:08+00:00
ACCT-000200,B0093,dup_payment,Duplicate payment row inflates SUM(Payment),2026-07-20T21:56:08+00:00
ACCT-000233,B0093,clean,,2026-07-20T21:56:08+00:00
ACCT-000375,B0093,payment_short,Payment detail short of remit; no duplicates to zero out,2026-07-20T21:56:08+00:00
ACCT-000182,B0093,payment_short,Payment detail short of remit; no duplicates to zero out,2026-07-20T21:56:08+00:00
ACCT-000392,B0093,clean,,2026-07-20T21:56:08+00:00
ACCT-000014,B0093,clean,,2026-07-20T21:56:08+00:00
ACCT-000023,B0093,clean,,2026-07-20T21:56:08+00:00
ACCT-000044,B0093,clean,,2026-07-20T21:56:08+00:00
ACCT-000312,B0093,clean,,2026-07-20T21:56:08+00:00
ACCT-000161,B0093,charge_mismatch,CustCharge summary drifted from charge detail,2026-07-20T21:56:08+00:00
ACCT-000007,B0093,clean,,2026-07-20T21:56:08+00:00
ACCT-000311,B0093,payment_short,Payment detail short of remit; no duplicates to zero out,2026-07-20T21:56:08+00:00
ACCT-000353,B0093,charge_mismatch,CustCharge summary drifted from charge detail,2026-07-20T21:56:08+00:00
ACCT-000249,B0093,rc_misreport,Export reports a phantom R-C difference,2026-07-20T21:56:08+00:00
ACCT-000393,B0093,clean,,2026-07-20T21:56:08+00:00
ACCT-000394,B0093,clean,,2026-07-20T21:56:08+00:00
ACCT-000395,B0093,adj_mismatch,Adjustments summary drifted from adjustment detail,2026-07-20T21:56:08+00:00
ACCT-000271,B0094,clean,,2026-07-20T22:52:55+00:00
ACCT-000352,B0094,clean,,2026-07-20T22:52:55+00:00
ACCT-000198,B0094,total_fail,Every check seeded to fail,2026-07-20T22:52:55+00:00
ACCT-000240,B0094,dup_payment,Duplicate payment row inflates SUM(Payment),2026-07-20T22:52:55+00:00
ACCT-000249,B0094,dup_unfixable,Payment detail short of remit; no duplicates to zero out,2026-07-20T22:52:55+00:00
ACCT-000042,B0094,known_diff,Remit short vs charges; difference disclosed on export,2026-07-20T22:52:55+00:00
ACCT-000321,B0094,clean,,2026-07-20T22:52:55+00:00
ACCT-000027,B0094,dup_charge,Duplicate charge row inflates SUM(UtilityCharge),2026-07-20T22:52:55+00:00
ACCT-000107,B0094,dup_unfixable,Payment detail short of remit; no duplicates to zero out,2026-07-20T22:52:55+00:00
ACCT-000328,B0094,charge_mismatch,CustCharge summary drifted from charge detail,2026-07-20T22:52:55+00:00
ACCT-000390,B0094,payment_short,Payment detail short of remit; no duplicates to zero out,2026-07-20T22:52:55+00:00
ACCT-000068,B0094,clean,,2026-07-20T22:52:55+00:00
ACCT-000038,B0094,clean,,2026-07-20T22:52:55+00:00
ACCT-000226,B0094,clean,,2026-07-20T22:52:55+00:00
ACCT-000121,B0094,adj_mismatch,Adjustments summary drifted from adjustment detail,2026-07-20T22:52:55+00:00
ACCT-000341,B0094,clean,,2026-07-20T22:52:55+00:00
ACCT-000064,B0094,adj_mismatch,Adjustments summary drifted from adjustment detail,2026-07-20T22:52:55+00:00
ACCT-000065,B0094,clean,,2026-07-20T22:52:55+00:00
ACCT-000152,B0094,clean,,2026-07-20T22:52:55+00:00
ACCT-000367,B0094,clean,,2026-07-20T22:52:55+00:00
ACCT-000325,B0094,clean,,2026-07-20T22:52:55+00:00
ACCT-000217,B0094,known_diff,Remit short vs charges; difference disclosed on export,2026-07-20T22:52:55+00:00
ACCT-000301,B0094,clean,,2026-07-20T22:52:55+00:00
ACCT-000213,B0094,clean,,2026-07-20T22:52:55+00:00
ACCT-000207,B0094,total_fail,Every check seeded to fail,2026-07-20T22:52:55+00:00
ACCT-000025,B0094,clean,,2026-07-20T22:52:55+00:00
ACCT-000396,B0094,charge_mismatch,CustCharge summary drifted from charge detail,2026-07-20T22:52:55+00:00
ACCT-000397,B0094,dup_unfixable,Payment detail short of remit; no duplicates to zero out,2026-07-20T22:52:55+00:00
ACCT-000396,B0095,payment_short,Payment detail short of remit; no duplicates to zero out,2026-07-20T23:49:56+00:00
ACCT-000057,B0095,dup_charge,Duplicate charge row inflates SUM(UtilityCharge),2026-07-20T23:49:56+00:00
ACCT-000001,B0095,clean,,2026-07-20T23:49:56+00:00
ACCT-000189,B0095,dup_payment,Duplicate payment row inflates SUM(Payment),2026-07-20T23:49:56+00:00
ACCT-000170,B0095,rc_misreport,Export reports a phantom R-C difference,2026-07-20T23:49:56+00:00
ACCT-000300,B0095,payment_short,Payment detail short of remit; no duplicates to zero out,2026-07-20T23:49:56+00:00
ACCT-000360,B0095,clean,,2026-07-20T23:49:56+00:00
ACCT-000359,B0095,clean,,2026-07-20T23:49:56+00:00
ACCT-000381,B0095,adj_mismatch,Adjustments summary drifted from adjustment detail,2026-07-20T23:49:56+00:00
ACCT-000297,B0095,clean,,2026-07-20T23:49:56+00:00
ACCT-000257,B0095,clean,,2026-07-20T23:49:56+00:00
ACCT-000193,B0095,dup_payment,Duplicate payment row inflates SUM(Payment),2026-07-20T23:49:56+00:00
ACCT-000166,B0095,clean,,2026-07-20T23:49:56+00:00
ACCT-000337,B0095,clean,,2026-07-20T23:49:56+00:00
ACCT-000279,B0095,clean,,2026-07-20T23:49:56+00:00
ACCT-000325,B0095,clean,,2026-07-20T23:49:56+00:00
ACCT-000039,B0095,clean,,2026-07-20T23:49:56+00:00
ACCT-000205,B0095,clean,,2026-07-20T23:49:56+00:00
ACCT-000362,B0095,total_fail,Every check seeded to fail,2026-07-20T23:49:56+00:00
ACCT-000066,B0095,dup_charge,Duplicate charge row inflates SUM(UtilityCharge),2026-07-20T23:49:56+00:00
ACCT-000134,B0095,dup_payment,Duplicate payment row inflates SUM(Payment),2026-07-20T23:49:56+00:00
ACCT-000127,B0095,clean,,2026-07-20T23:49:56+00:00
ACCT-000293,B0095,dup_payment,Duplicate payment row inflates SUM(Payment),2026-07-20T23:49:56+00:00
ACCT-000283,B0095,clean,,2026-07-20T23:49:56+00:00
ACCT-000228,B0095,clean,,2026-07-20T23:49:56+00:00
ACCT-000398,B0095,clean,,2026-07-20T23:49:56+00:00
ACCT-000399,B0095,charge_mismatch,CustCharge summary drifted from charge detail,2026-07-20T23:49:56+00:00
ACCT-000400,B0095,clean,,2026-07-20T23:49:56+00:00
ACCT-000401,B0095,dup_payment,Duplicate payment row inflates SUM(Payment),2026-07-20T23:49:56+00:00
ACCT-000180,B0096,clean,,2026-07-21T01:53:50+00:00
ACCT-000071,B0096,dup_payment,Duplicate payment row inflates SUM(Payment),2026-07-21T01:53:50+00:00
ACCT-000013,B0096,clean,,2026-07-21T01:53:50+00:00
ACCT-000123,B0096,clean,,2026-07-21T01:53:50+00:00
ACCT-000073,B0096,clean,,2026-07-21T01:53:50+00:00
ACCT-000352,B0096,dup_payment,Duplicate payment row inflates SUM(Payment),2026-07-21T01:53:50+00:00
ACCT-000283,B0096,clean,,2026-07-21T01:53:50+00:00
ACCT-000308,B0096,clean,,2026-07-21T01:53:50+00:00
ACCT-000032,B0096,clean,,2026-07-21T01:53:50+00:00
ACCT-000229,B0096,clean,,2026-07-21T01:53:50+00:00
ACCT-000297,B0096,clean,,2026-07-21T01:53:50+00:00
ACCT-000398,B0096,total_fail,Every check seeded to fail,2026-07-21T01:53:50+00:00
ACCT-000085,B0096,total_fail,Every check seeded to fail,2026-07-21T01:53:50+00:00
ACCT-000289,B0096,payment_short,Payment detail short of remit; no duplicates to zero out,2026-07-21T01:53:50+00:00
ACCT-000151,B0096,rc_misreport,Export reports a phantom R-C difference,2026-07-21T01:53:50+00:00
ACCT-000050,B0096,dup_payment,Duplicate payment row inflates SUM(Payment),2026-07-21T01:53:50+00:00
ACCT-000384,B0096,known_diff,Remit short vs charges; difference disclosed on export,2026-07-21T01:53:50+00:00
ACCT-000246,B0096,clean,,2026-07-21T01:53:50+00:00
ACCT-000090,B0096,clean,,2026-07-21T01:53:50+00:00
ACCT-000069,B0096,clean,,2026-07-21T01:53:50+00:00
ACCT-000303,B0096,clean,,2026-07-21T01:53:50+00:00
ACCT-000171,B0096,clean,,2026-07-21T01:53:50+00:00
ACCT-000278,B0096,dup_payment,Duplicate payment row inflates SUM(Payment),2026-07-21T01:53:50+00:00
ACCT-000120,B0096,dup_charge,Duplicate charge row inflates SUM(UtilityCharge),2026-07-21T01:53:50+00:00
ACCT-000159,B0096,clean,,2026-07-21T01:53:50+00:00
ACCT-000014,B0096,clean,,2026-07-21T01:53:50+00:00
ACCT-000179,B0096,clean,,2026-07-21T01:53:50+00:00
ACCT-000270,B0096,clean,,2026-07-21T01:53:50+00:00
ACCT-000273,B0096,dup_payment,Duplicate payment row inflates SUM(Payment),2026-07-21T01:53:50+00:00
ACCT-000402,B0096,clean,,2026-07-21T01:53:50+00:00
ACCT-000403,B0096,rc_misreport,Export reports a phantom R-C difference,2026-07-21T01:53:50+00:00
ACCT-000404,B0096,dup_payment,Duplicate payment row inflates SUM(Payment),2026-07-21T01:53:50+00:00
ACCT-000046,B0097,dup_charge,Duplicate charge row inflates SUM(UtilityCharge),2026-07-21T05:14:21+00:00
ACCT-000037,B0097,dup_payment,Duplicate payment row inflates SUM(Payment),2026-07-21T05:14:21+00:00
ACCT-000121,B0097,clean,,2026-07-21T05:14:21+00:00
ACCT-000236,B0097,clean,,2026-07-21T05:14:21+00:00
ACCT-000201,B0097,total_fail,Every check seeded to fail,2026-07-21T05:14:21+00:00
ACCT-000324,B0097,dup_payment,Duplicate payment row inflates SUM(Payment),2026-07-21T05:14:21+00:00
ACCT-000384,B0097,total_fail,Every check seeded to fail,2026-07-21T05:14:21+00:00
ACCT-000357,B0097,dup_adjustment,Duplicate adjustment row inflates SUM(AdjustmentAmt),2026-07-21T05:14:21+00:00
ACCT-000117,B0097,dup_unfixable,Payment detail short of remit; no duplicates to zero out,2026-07-21T05:14:21+00:00
ACCT-000295,B0097,adj_mismatch,Adjustments summary drifted from adjustment detail,2026-07-21T05:14:21+00:00
ACCT-000065,B0097,clean,,2026-07-21T05:14:21+00:00
ACCT-000328,B0097,dup_unfixable,Payment detail short of remit; no duplicates to zero out,2026-07-21T05:14:21+00:00
ACCT-000272,B0097,clean,,2026-07-21T05:14:21+00:00
ACCT-000090,B0097,charge_mismatch,CustCharge summary drifted from charge detail,2026-07-21T05:14:21+00:00
ACCT-000076,B0097,clean,,2026-07-21T05:14:21+00:00
ACCT-000006,B0097,adj_mismatch,Adjustments summary drifted from adjustment detail,2026-07-21T05:14:21+00:00
ACCT-000401,B0097,clean,,2026-07-21T05:14:21+00:00
ACCT-000207,B0097,dup_payment,Duplicate payment row inflates SUM(Payment),2026-07-21T05:14:21+00:00
ACCT-000041,B0097,clean,,2026-07-21T05:14:21+00:00
ACCT-000105,B0097,clean,,2026-07-21T05:14:21+00:00
ACCT-000226,B0097,charge_mismatch,CustCharge summary drifted from charge detail,2026-07-21T05:14:21+00:00
ACCT-000332,B0097,clean,,2026-07-21T05:14:21+00:00
ACCT-000051,B0097,clean,,2026-07-21T05:14:21+00:00
ACCT-000237,B0097,clean,,2026-07-21T05:14:21+00:00
ACCT-000310,B0097,dup_payment,Duplicate payment row inflates SUM(Payment),2026-07-21T05:14:21+00:00
ACCT-000346,B0097,clean,,2026-07-21T05:14:21+00:00
ACCT-000377,B0097,total_fail,Every check seeded to fail,2026-07-21T05:14:21+00:00
ACCT-000027,B0097,dup_payment,Duplicate payment row inflates SUM(Payment),2026-07-21T05:14:21+00:00
ACCT-000220,B0097,clean,,2026-07-21T05:14:21+00:00
ACCT-000082,B0097,clean,,2026-07-21T05:14:21+00:00
ACCT-000354,B0097,dup_adjustment,Duplicate adjustment row inflates SUM(AdjustmentAmt),2026-07-21T05:14:21+00:00
ACCT-000280,B0097,clean,,2026-07-21T05:14:21+00:00
ACCT-000329,B0097,clean,,2026-07-21T05:14:21+00:00
ACCT-000365,B0097,clean,,2026-07-21T05:14:21+00:00
ACCT-000405,B0097,clean,,2026-07-21T05:14:21+00:00
ACCT-000406,B0097,dup_payment,Duplicate payment row inflates SUM(Payment),2026-07-21T05:14:21+00:00
ACCT-000066,B0098,clean,,2026-07-21T07:53:12+00:00
ACCT-000071,B0098,clean,,2026-07-21T07:53:12+00:00
ACCT-000195,B0098,clean,,2026-07-21T07:53:12+00:00
ACCT-000275,B0098,payment_short,Payment detail short of remit; no duplicates to zero out,2026-07-21T07:53:12+00:00
ACCT-000301,B0098,dup_payment,Duplicate payment row inflates SUM(Payment),2026-07-21T07:53:12+00:00
ACCT-000248,B0098,dup_payment,Duplicate payment row inflates SUM(Payment),2026-07-21T07:53:12+00:00
ACCT-000099,B0098,clean,,2026-07-21T07:53:12+00:00
ACCT-000182,B0098,clean,,2026-07-21T07:53:12+00:00
ACCT-000072,B0098,dup_charge,Duplicate charge row inflates SUM(UtilityCharge),2026-07-21T07:53:12+00:00
ACCT-000354,B0098,clean,,2026-07-21T07:53:12+00:00
ACCT-000303,B0098,total_fail,Every check seeded to fail,2026-07-21T07:53:12+00:00
ACCT-000388,B0098,adj_mismatch,Adjustments summary drifted from adjustment detail,2026-07-21T07:53:12+00:00
ACCT-000328,B0098,adj_mismatch,Adjustments summary drifted from adjustment detail,2026-07-21T07:53:12+00:00
ACCT-000176,B0098,payment_short,Payment detail short of remit; no duplicates to zero out,2026-07-21T07:53:12+00:00
ACCT-000245,B0098,dup_adjustment,Duplicate adjustment row inflates SUM(AdjustmentAmt),2026-07-21T07:53:12+00:00
ACCT-000390,B0098,known_diff,Remit short vs charges; difference disclosed on export,2026-07-21T07:53:12+00:00
ACCT-000392,B0098,total_fail,Every check seeded to fail,2026-07-21T07:53:12+00:00
ACCT-000104,B0098,known_diff,Remit short vs charges; difference disclosed on export,2026-07-21T07:53:12+00:00
ACCT-000011,B0098,dup_payment,Duplicate payment row inflates SUM(Payment),2026-07-21T07:53:12+00:00
ACCT-000061,B0098,clean,,2026-07-21T07:53:12+00:00
ACCT-000218,B0098,rc_misreport,Export reports a phantom R-C difference,2026-07-21T07:53:12+00:00
ACCT-000284,B0098,total_fail,Every check seeded to fail,2026-07-21T07:53:12+00:00
ACCT-000160,B0098,clean,,2026-07-21T07:53:12+00:00
ACCT-000210,B0098,clean,,2026-07-21T07:53:12+00:00
ACCT-000166,B0098,dup_payment,Duplicate payment row inflates SUM(Payment),2026-07-21T07:53:12+00:00
ACCT-000155,B0098,charge_mismatch,CustCharge summary drifted from charge detail,2026-07-21T07:53:12+00:00
ACCT-000038,B0098,payment_short,Payment detail short of remit; no duplicates to zero out,2026-07-21T07:53:12+00:00
ACCT-000079,B0098,dup_adjustment,Duplicate adjustment row inflates SUM(AdjustmentAmt),2026-07-21T07:53:12+00:00
ACCT-000134,B0098,clean,,2026-07-21T07:53:12+00:00
ACCT-000319,B0098,clean,,2026-07-21T07:53:12+00:00
ACCT-000168,B0098,dup_payment,Duplicate payment row inflates SUM(Payment),2026-07-21T07:53:12+00:00
ACCT-000407,B0098,clean,,2026-07-21T07:53:12+00:00
ACCT-000408,B0098,clean,,2026-07-21T07:53:12+00:00
ACCT-000409,B0098,adj_mismatch,Adjustments summary drifted from adjustment detail,2026-07-21T07:53:12+00:00
ACCT-000337,B0099,dup_payment,Duplicate payment row inflates SUM(Payment),2026-07-21T10:18:23+00:00
ACCT-000013,B0099,clean,,2026-07-21T10:18:23+00:00
ACCT-000313,B0099,clean,,2026-07-21T10:18:23+00:00
ACCT-000341,B0099,clean,,2026-07-21T10:18:23+00:00
ACCT-000127,B0099,clean,,2026-07-21T10:18:23+00:00
ACCT-000230,B0099,charge_mismatch,CustCharge summary drifted from charge detail,2026-07-21T10:18:23+00:00
ACCT-000319,B0099,clean,,2026-07-21T10:18:23+00:00
ACCT-000118,B0099,clean,,2026-07-21T10:18:23+00:00
ACCT-000174,B0099,clean,,2026-07-21T10:18:23+00:00
ACCT-000018,B0099,payment_short,Payment detail short of remit; no duplicates to zero out,2026-07-21T10:18:23+00:00
ACCT-000136,B0099,adj_mismatch,Adjustments summary drifted from adjustment detail,2026-07-21T10:18:23+00:00
ACCT-000345,B0099,dup_charge,Duplicate charge row inflates SUM(UtilityCharge),2026-07-21T10:18:23+00:00
ACCT-000295,B0099,clean,,2026-07-21T10:18:23+00:00
ACCT-000186,B0099,clean,,2026-07-21T10:18:23+00:00
ACCT-000189,B0099,clean,,2026-07-21T10:18:23+00:00
ACCT-000193,B0099,rc_misreport,Export reports a phantom R-C difference,2026-07-21T10:18:23+00:00
ACCT-000079,B0099,dup_payment,Duplicate payment row inflates SUM(Payment),2026-07-21T10:18:23+00:00
ACCT-000041,B0099,clean,,2026-07-21T10:18:23+00:00
ACCT-000187,B0099,clean,,2026-07-21T10:18:23+00:00
ACCT-000099,B0099,rc_misreport,Export reports a phantom R-C difference,2026-07-21T10:18:23+00:00
ACCT-000078,B0099,clean,,2026-07-21T10:18:23+00:00
ACCT-000375,B0099,clean,,2026-07-21T10:18:23+00:00
ACCT-000206,B0099,known_diff,Remit short vs charges; difference disclosed on export,2026-07-21T10:18:23+00:00
ACCT-000208,B0099,clean,,2026-07-21T10:18:23+00:00
ACCT-000063,B0099,dup_adjustment,Duplicate adjustment row inflates SUM(AdjustmentAmt),2026-07-21T10:18:23+00:00
ACCT-000138,B0099,dup_payment,Duplicate payment row inflates SUM(Payment),2026-07-21T10:18:23+00:00
ACCT-000256,B0099,clean,,2026-07-21T10:18:23+00:00
ACCT-000395,B0099,charge_mismatch,CustCharge summary drifted from charge detail,2026-07-21T10:18:23+00:00
ACCT-000148,B0099,clean,,2026-07-21T10:18:23+00:00
ACCT-000410,B0099,dup_charge,Duplicate charge row inflates SUM(UtilityCharge),2026-07-21T10:18:23+00:00
ACCT-000411,B0099,clean,,2026-07-21T10:18:23+00:00
ACCT-000412,B0099,clean,,2026-07-21T10:18:23+00:00
ACCT-000413,B0099,clean,,2026-07-21T10:18:23+00:00
ACCT-000401,B0100,clean,,2026-07-21T12:07:07+00:00
ACCT-000241,B0100,known_diff,Remit short vs charges; difference disclosed on export,2026-07-21T12:07:07+00:00
ACCT-000288,B0100,clean,,2026-07-21T12:07:07+00:00
ACCT-000185,B0100,clean,,2026-07-21T12:07:07+00:00
ACCT-000373,B0100,adj_mismatch,Adjustments summary drifted from adjustment detail,2026-07-21T12:07:07+00:00
ACCT-000194,B0100,adj_mismatch,Adjustments summary drifted from adjustment detail,2026-07-21T12:07:07+00:00
ACCT-000116,B0100,charge_mismatch,CustCharge summary drifted from charge detail,2026-07-21T12:07:07+00:00
ACCT-000317,B0100,total_fail,Every check seeded to fail,2026-07-21T12:07:07+00:00
ACCT-000077,B0100,dup_charge,Duplicate charge row inflates SUM(UtilityCharge),2026-07-21T12:07:07+00:00
ACCT-000393,B0100,charge_mismatch,CustCharge summary drifted from charge detail,2026-07-21T12:07:07+00:00
ACCT-000206,B0100,adj_mismatch,Adjustments summary drifted from adjustment detail,2026-07-21T12:07:07+00:00
ACCT-000090,B0100,known_diff,Remit short vs charges; difference disclosed on export,2026-07-21T12:07:07+00:00
ACCT-000153,B0100,known_diff,Remit short vs charges; difference disclosed on export,2026-07-21T12:07:07+00:00
ACCT-000214,B0100,clean,,2026-07-21T12:07:07+00:00
ACCT-000052,B0100,clean,,2026-07-21T12:07:07+00:00
ACCT-000269,B0100,clean,,2026-07-21T12:07:07+00:00
ACCT-000133,B0100,clean,,2026-07-21T12:07:07+00:00
ACCT-000382,B0100,dup_charge,Duplicate charge row inflates SUM(UtilityCharge),2026-07-21T12:07:07+00:00
ACCT-000396,B0100,adj_mismatch,Adjustments summary drifted from adjustment detail,2026-07-21T12:07:07+00:00
ACCT-000072,B0100,clean,,2026-07-21T12:07:07+00:00
ACCT-000306,B0100,clean,,2026-07-21T12:07:07+00:00
ACCT-000320,B0100,dup_payment,Duplicate payment row inflates SUM(Payment),2026-07-21T12:07:07+00:00
ACCT-000100,B0100,clean,,2026-07-21T12:07:07+00:00
ACCT-000291,B0100,payment_short,Payment detail short of remit; no duplicates to zero out,2026-07-21T12:07:07+00:00
ACCT-000271,B0100,known_diff,Remit short vs charges; difference disclosed on export,2026-07-21T12:07:07+00:00
ACCT-000285,B0100,clean,,2026-07-21T12:07:07+00:00
ACCT-000058,B0100,clean,,2026-07-21T12:07:07+00:00
ACCT-000365,B0100,clean,,2026-07-21T12:07:07+00:00
ACCT-000414,B0100,clean,,2026-07-21T12:07:07+00:00
ACCT-000415,B0100,known_diff,Remit short vs charges; difference disclosed on export,2026-07-21T12:07:07+00:00
ACCT-000405,B0101,clean,,2026-07-21T14:32:06+00:00
ACCT-000091,B0101,clean,,2026-07-21T14:32:06+00:00
ACCT-000050,B0101,clean,,2026-07-21T14:32:06+00:00
ACCT-000159,B0101,charge_mismatch,CustCharge summary drifted from charge detail,2026-07-21T14:32:06+00:00
ACCT-000104,B0101,payment_short,Payment detail short of remit; no duplicates to zero out,2026-07-21T14:32:06+00:00
ACCT-000010,B0101,rc_misreport,Export reports a phantom R-C difference,2026-07-21T14:32:06+00:00
ACCT-000028,B0101,clean,,2026-07-21T14:32:06+00:00
ACCT-000373,B0101,charge_mismatch,CustCharge summary drifted from charge detail,2026-07-21T14:32:06+00:00
ACCT-000318,B0101,known_diff,Remit short vs charges; difference disclosed on export,2026-07-21T14:32:06+00:00
ACCT-000275,B0101,clean,,2026-07-21T14:32:06+00:00
ACCT-000364,B0101,dup_charge,Duplicate charge row inflates SUM(UtilityCharge),2026-07-21T14:32:06+00:00
ACCT-000383,B0101,clean,,2026-07-21T14:32:06+00:00
ACCT-000136,B0101,total_fail,Every check seeded to fail,2026-07-21T14:32:06+00:00
ACCT-000073,B0101,dup_payment,Duplicate payment row inflates SUM(Payment),2026-07-21T14:32:06+00:00
ACCT-000128,B0101,clean,,2026-07-21T14:32:06+00:00
ACCT-000404,B0101,adj_mismatch,Adjustments summary drifted from adjustment detail,2026-07-21T14:32:06+00:00
ACCT-000304,B0101,clean,,2026-07-21T14:32:06+00:00
ACCT-000309,B0101,rc_misreport,Export reports a phantom R-C difference,2026-07-21T14:32:06+00:00
ACCT-000160,B0101,payment_short,Payment detail short of remit; no duplicates to zero out,2026-07-21T14:32:06+00:00
ACCT-000332,B0101,clean,,2026-07-21T14:32:06+00:00
ACCT-000107,B0101,payment_short,Payment detail short of remit; no duplicates to zero out,2026-07-21T14:32:06+00:00
ACCT-000363,B0101,dup_charge,Duplicate charge row inflates SUM(UtilityCharge),2026-07-21T14:32:06+00:00
ACCT-000204,B0101,rc_misreport,Export reports a phantom R-C difference,2026-07-21T14:32:06+00:00
ACCT-000274,B0101,known_diff,Remit short vs charges; difference disclosed on export,2026-07-21T14:32:06+00:00
ACCT-000400,B0101,rc_misreport,Export reports a phantom R-C difference,2026-07-21T14:32:06+00:00
ACCT-000394,B0101,payment_short,Payment detail short of remit; no duplicates to zero out,2026-07-21T14:32:06+00:00
ACCT-000320,B0101,clean,,2026-07-21T14:32:06+00:00
ACCT-000030,B0101,clean,,2026-07-21T14:32:06+00:00
ACCT-000353,B0101,known_diff,Remit short vs charges; difference disclosed on export,2026-07-21T14:32:06+00:00
ACCT-000237,B0101,clean,,2026-07-21T14:32:06+00:00
ACCT-000261,B0101,clean,,2026-07-21T14:32:06+00:00
ACCT-000262,B0101,clean,,2026-07-21T14:32:06+00:00
ACCT-000416,B0101,rc_misreport,Export reports a phantom R-C difference,2026-07-21T14:32:06+00:00
ACCT-000417,B0101,clean,,2026-07-21T14:32:06+00:00
ACCT-000413,B0102,clean,,2026-07-21T16:17:34+00:00
ACCT-000129,B0102,dup_charge,Duplicate charge row inflates SUM(UtilityCharge),2026-07-21T16:17:34+00:00
ACCT-000172,B0102,clean,,2026-07-21T16:17:34+00:00
ACCT-000377,B0102,clean,,2026-07-21T16:17:34+00:00
ACCT-000196,B0102,clean,,2026-07-21T16:17:34+00:00
ACCT-000398,B0102,clean,,2026-07-21T16:17:34+00:00
ACCT-000292,B0102,clean,,2026-07-21T16:17:34+00:00
ACCT-000303,B0102,rc_misreport,Export reports a phantom R-C difference,2026-07-21T16:17:34+00:00
ACCT-000311,B0102,clean,,2026-07-21T16:17:34+00:00
ACCT-000287,B0102,clean,,2026-07-21T16:17:34+00:00
ACCT-000063,B0102,clean,,2026-07-21T16:17:34+00:00
ACCT-000181,B0102,charge_mismatch,CustCharge summary drifted from charge detail,2026-07-21T16:17:34+00:00
ACCT-000220,B0102,rc_misreport,Export reports a phantom R-C difference,2026-07-21T16:17:34+00:00
ACCT-000326,B0102,dup_adjustment,Duplicate adjustment row inflates SUM(AdjustmentAmt),2026-07-21T16:17:34+00:00
ACCT-000156,B0102,clean,,2026-07-21T16:17:34+00:00
ACCT-000290,B0102,charge_mismatch,CustCharge summary drifted from charge detail,2026-07-21T16:17:34+00:00
ACCT-000194,B0102,rc_misreport,Export reports a phantom R-C difference,2026-07-21T16:17:34+00:00
ACCT-000026,B0102,known_diff,Remit short vs charges; difference disclosed on export,2026-07-21T16:17:34+00:00
ACCT-000213,B0102,clean,,2026-07-21T16:17:34+00:00
ACCT-000323,B0102,clean,,2026-07-21T16:17:34+00:00
ACCT-000346,B0102,clean,,2026-07-21T16:17:34+00:00
ACCT-000328,B0102,dup_unfixable,Payment detail short of remit; no duplicates to zero out,2026-07-21T16:17:34+00:00
ACCT-000178,B0102,payment_short,Payment detail short of remit; no duplicates to zero out,2026-07-21T16:17:34+00:00
ACCT-000336,B0102,clean,,2026-07-21T16:17:34+00:00
ACCT-000018,B0102,payment_short,Payment detail short of remit; no duplicates to zero out,2026-07-21T16:17:34+00:00
ACCT-000099,B0102,clean,,2026-07-21T16:17:34+00:00
ACCT-000418,B0102,charge_mismatch,CustCharge summary drifted from charge detail,2026-07-21T16:17:34+00:00
ACCT-000419,B0102,payment_short,Payment detail short of remit; no duplicates to zero out,2026-07-21T16:17:34+00:00
ACCT-000420,B0102,clean,,2026-07-21T16:17:34+00:00
ACCT-000421,B0102,clean,,2026-07-21T16:17:34+00:00
ACCT-000368,B0103,clean,,2026-07-21T17:51:00+00:00
ACCT-000301,B0103,clean,,2026-07-21T17:51:00+00:00
ACCT-000228,B0103,charge_mismatch,CustCharge summary drifted from charge detail,2026-07-21T17:51:00+00:00
ACCT-000408,B0103,rc_misreport,Export reports a phantom R-C difference,2026-07-21T17:51:00+00:00
ACCT-000026,B0103,known_diff,Remit short vs charges; difference disclosed on export,2026-07-21T17:51:00+00:00
ACCT-000240,B0103,clean,,2026-07-21T17:51:00+00:00
ACCT-000219,B0103,charge_mismatch,CustCharge summary drifted from charge detail,2026-07-21T17:51:00+00:00
ACCT-000185,B0103,dup_charge,Duplicate charge row inflates SUM(UtilityCharge),2026-07-21T17:51:00+00:00
ACCT-000147,B0103,dup_charge,Duplicate charge row inflates SUM(UtilityCharge),2026-07-21T17:51:00+00:00
ACCT-000005,B0103,clean,,2026-07-21T17:51:00+00:00
ACCT-000145,B0103,payment_short,Payment detail short of remit; no duplicates to zero out,2026-07-21T17:51:00+00:00
ACCT-000241,B0103,total_fail,Every check seeded to fail,2026-07-21T17:51:00+00:00
ACCT-000403,B0103,clean,,2026-07-21T17:51:00+00:00
ACCT-000257,B0103,clean,,2026-07-21T17:51:00+00:00
ACCT-000244,B0103,clean,,2026-07-21T17:51:00+00:00
ACCT-000310,B0103,clean,,2026-07-21T17:51:00+00:00
ACCT-000134,B0103,clean,,2026-07-21T17:51:00+00:00
ACCT-000162,B0103,clean,,2026-07-21T17:51:00+00:00
ACCT-000348,B0103,clean,,2026-07-21T17:51:00+00:00
ACCT-000003,B0103,dup_payment,Duplicate payment row inflates SUM(Payment),2026-07-21T17:51:00+00:00
ACCT-000388,B0103,clean,,2026-07-21T17:51:00+00:00
ACCT-000102,B0103,total_fail,Every check seeded to fail,2026-07-21T17:51:00+00:00
ACCT-000099,B0103,rc_misreport,Export reports a phantom R-C difference,2026-07-21T17:51:00+00:00
ACCT-000004,B0103,clean,,2026-07-21T17:51:00+00:00
ACCT-000084,B0103,dup_adjustment,Duplicate adjustment row inflates SUM(AdjustmentAmt),2026-07-21T17:51:00+00:00
ACCT-000189,B0103,clean,,2026-07-21T17:51:00+00:00
ACCT-000080,B0103,clean,,2026-07-21T17:51:00+00:00
ACCT-000316,B0103,clean,,2026-07-21T17:51:00+00:00
ACCT-000227,B0103,dup_charge,Duplicate charge row inflates SUM(UtilityCharge),2026-07-21T17:51:00+00:00
ACCT-000072,B0103,payment_short,Payment detail short of remit; no duplicates to zero out,2026-07-21T17:51:00+00:00
ACCT-000045,B0103,clean,,2026-07-21T17:51:00+00:00
ACCT-000048,B0103,known_diff,Remit short vs charges; difference disclosed on export,2026-07-21T17:51:00+00:00
ACCT-000422,B0103,payment_short,Payment detail short of remit; no duplicates to zero out,2026-07-21T17:51:00+00:00
ACCT-000423,B0103,clean,,2026-07-21T17:51:00+00:00
ACCT-000219,B0104,dup_adjustment,Duplicate adjustment row inflates SUM(AdjustmentAmt),2026-07-21T19:06:40+00:00
ACCT-000385,B0104,adj_mismatch,Adjustments summary drifted from adjustment detail,2026-07-21T19:06:40+00:00
ACCT-000051,B0104,rc_misreport,Export reports a phantom R-C difference,2026-07-21T19:06:40+00:00
ACCT-000070,B0104,payment_short,Payment detail short of remit; no duplicates to zero out,2026-07-21T19:06:40+00:00
ACCT-000295,B0104,payment_short,Payment detail short of remit; no duplicates to zero out,2026-07-21T19:06:40+00:00
ACCT-000384,B0104,known_diff,Remit short vs charges; difference disclosed on export,2026-07-21T19:06:40+00:00
ACCT-000351,B0104,clean,,2026-07-21T19:06:40+00:00
ACCT-000099,B0104,dup_adjustment,Duplicate adjustment row inflates SUM(AdjustmentAmt),2026-07-21T19:06:40+00:00
ACCT-000172,B0104,clean,,2026-07-21T19:06:40+00:00
ACCT-000262,B0104,known_diff,Remit short vs charges; difference disclosed on export,2026-07-21T19:06:40+00:00
ACCT-000009,B0104,dup_charge,Duplicate charge row inflates SUM(UtilityCharge),2026-07-21T19:06:40+00:00
ACCT-000363,B0104,clean,,2026-07-21T19:06:40+00:00
ACCT-000316,B0104,total_fail,Every check seeded to fail,2026-07-21T19:06:40+00:00
ACCT-000398,B0104,clean,,2026-07-21T19:06:40+00:00
ACCT-000206,B0104,clean,,2026-07-21T19:06:40+00:00
ACCT-000199,B0104,clean,,2026-07-21T19:06:40+00:00
ACCT-000423,B0104,known_diff,Remit short vs charges; difference disclosed on export,2026-07-21T19:06:40+00:00
ACCT-000047,B0104,dup_adjustment,Duplicate adjustment row inflates SUM(AdjustmentAmt),2026-07-21T19:06:40+00:00
ACCT-000102,B0104,clean,,2026-07-21T19:06:40+00:00
ACCT-000077,B0104,total_fail,Every check seeded to fail,2026-07-21T19:06:40+00:00
ACCT-000388,B0104,dup_payment,Duplicate payment row inflates SUM(Payment),2026-07-21T19:06:40+00:00
ACCT-000163,B0104,total_fail,Every check seeded to fail,2026-07-21T19:06:40+00:00
ACCT-000177,B0104,charge_mismatch,CustCharge summary drifted from charge detail,2026-07-21T19:06:40+00:00
ACCT-000171,B0104,dup_payment,Duplicate payment row inflates SUM(Payment),2026-07-21T19:06:40+00:00
ACCT-000243,B0104,charge_mismatch,CustCharge summary drifted from charge detail,2026-07-21T19:06:40+00:00
ACCT-000389,B0104,clean,,2026-07-21T19:06:40+00:00
ACCT-000355,B0104,dup_payment,Duplicate payment row inflates SUM(Payment),2026-07-21T19:06:40+00:00
ACCT-000279,B0104,clean,,2026-07-21T19:06:40+00:00
ACCT-000021,B0104,payment_short,Payment detail short of remit; no duplicates to zero out,2026-07-21T19:06:40+00:00
ACCT-000084,B0104,clean,,2026-07-21T19:06:40+00:00
ACCT-000227,B0104,clean,,2026-07-21T19:06:40+00:00
ACCT-000417,B0104,clean,,2026-07-21T19:06:40+00:00
ACCT-000424,B0104,adj_mismatch,Adjustments summary drifted from adjustment detail,2026-07-21T19:06:40+00:00
ACCT-000425,B0104,rc_misreport,Export reports a phantom R-C difference,2026-07-21T19:06:40+00:00
ACCT-000206,B0105,clean,,2026-07-21T20:41:36+00:00
ACCT-000245,B0105,charge_mismatch,CustCharge summary drifted from charge detail,2026-07-21T20:41:36+00:00
ACCT-000361,B0105,clean,,2026-07-21T20:41:36+00:00
ACCT-000219,B0105,dup_charge,Duplicate charge row inflates SUM(UtilityCharge),2026-07-21T20:41:36+00:00
ACCT-000211,B0105,adj_mismatch,Adjustments summary drifted from adjustment detail,2026-07-21T20:41:36+00:00
ACCT-000185,B0105,total_fail,Every check seeded to fail,2026-07-21T20:41:36+00:00
ACCT-000242,B0105,clean,,2026-07-21T20:41:36+00:00
ACCT-000188,B0105,charge_mismatch,CustCharge summary drifted from charge detail,2026-07-21T20:41:36+00:00
ACCT-000378,B0105,charge_mismatch,CustCharge summary drifted from charge detail,2026-07-21T20:41:36+00:00
ACCT-000258,B0105,clean,,2026-07-21T20:41:36+00:00
ACCT-000168,B0105,charge_mismatch,CustCharge summary drifted from charge detail,2026-07-21T20:41:36+00:00
ACCT-000124,B0105,payment_short,Payment detail short of remit; no duplicates to zero out,2026-07-21T20:41:36+00:00
ACCT-000078,B0105,clean,,2026-07-21T20:41:36+00:00
ACCT-000145,B0105,clean,,2026-07-21T20:41:36+00:00
ACCT-000371,B0105,clean,,2026-07-21T20:41:36+00:00
ACCT-000131,B0105,clean,,2026-07-21T20:41:36+00:00
ACCT-000008,B0105,rc_misreport,Export reports a phantom R-C difference,2026-07-21T20:41:36+00:00
ACCT-000357,B0105,clean,,2026-07-21T20:41:36+00:00
ACCT-000405,B0105,clean,,2026-07-21T20:41:36+00:00
ACCT-000031,B0105,payment_short,Payment detail short of remit; no duplicates to zero out,2026-07-21T20:41:36+00:00
ACCT-000375,B0105,payment_short,Payment detail short of remit; no duplicates to zero out,2026-07-21T20:41:36+00:00
ACCT-000030,B0105,adj_mismatch,Adjustments summary drifted from adjustment detail,2026-07-21T20:41:36+00:00
ACCT-000153,B0105,clean,,2026-07-21T20:41:36+00:00
ACCT-000274,B0105,dup_charge,Duplicate charge row inflates SUM(UtilityCharge),2026-07-21T20:41:36+00:00
ACCT-000037,B0105,clean,,2026-07-21T20:41:36+00:00
ACCT-000222,B0105,dup_charge,Duplicate charge row inflates SUM(UtilityCharge),2026-07-21T20:41:36+00:00
ACCT-000419,B0105,clean,,2026-07-21T20:41:36+00:00
ACCT-000079,B0105,dup_payment,Duplicate payment row inflates SUM(Payment),2026-07-21T20:41:36+00:00
ACCT-000214,B0105,dup_charge,Duplicate charge row inflates SUM(UtilityCharge),2026-07-21T20:41:36+00:00
ACCT-000298,B0105,clean,,2026-07-21T20:41:36+00:00
ACCT-000426,B0105,clean,,2026-07-21T20:41:36+00:00
ACCT-000427,B0105,rc_misreport,Export reports a phantom R-C difference,2026-07-21T20:41:36+00:00
ACCT-000428,B0105,clean,,2026-07-21T20:41:36+00:00
ACCT-000227,B0106,clean,,2026-07-21T21:57:51+00:00
ACCT-000091,B0106,dup_payment,Duplicate payment row inflates SUM(Payment),2026-07-21T21:57:51+00:00
ACCT-000229,B0106,dup_unfixable,Payment detail short of remit; no duplicates to zero out,2026-07-21T21:57:51+00:00
ACCT-000214,B0106,dup_charge,Duplicate charge row inflates SUM(UtilityCharge),2026-07-21T21:57:51+00:00
ACCT-000310,B0106,rc_misreport,Export reports a phantom R-C difference,2026-07-21T21:57:51+00:00
ACCT-000109,B0106,dup_charge,Duplicate charge row inflates SUM(UtilityCharge),2026-07-21T21:57:51+00:00
ACCT-000284,B0106,clean,,2026-07-21T21:57:51+00:00
ACCT-000428,B0106,payment_short,Payment detail short of remit; no duplicates to zero out,2026-07-21T21:57:51+00:00
ACCT-000105,B0106,adj_mismatch,Adjustments summary drifted from adjustment detail,2026-07-21T21:57:51+00:00
ACCT-000192,B0106,dup_payment,Duplicate payment row inflates SUM(Payment),2026-07-21T21:57:51+00:00
ACCT-000426,B0106,rc_misreport,Export reports a phantom R-C difference,2026-07-21T21:57:51+00:00
ACCT-000346,B0106,clean,,2026-07-21T21:57:51+00:00
ACCT-000077,B0106,adj_mismatch,Adjustments summary drifted from adjustment detail,2026-07-21T21:57:51+00:00
ACCT-000016,B0106,clean,,2026-07-21T21:57:51+00:00
ACCT-000093,B0106,clean,,2026-07-21T21:57:51+00:00
ACCT-000419,B0106,adj_mismatch,Adjustments summary drifted from adjustment detail,2026-07-21T21:57:51+00:00
ACCT-000041,B0106,clean,,2026-07-21T21:57:51+00:00
ACCT-000230,B0106,dup_payment,Duplicate payment row inflates SUM(Payment),2026-07-21T21:57:51+00:00
ACCT-000092,B0106,clean,,2026-07-21T21:57:51+00:00
ACCT-000299,B0106,clean,,2026-07-21T21:57:51+00:00
ACCT-000160,B0106,dup_payment,Duplicate payment row inflates SUM(Payment),2026-07-21T21:57:51+00:00
ACCT-000058,B0106,clean,,2026-07-21T21:57:51+00:00
ACCT-000134,B0106,clean,,2026-07-21T21:57:51+00:00
ACCT-000039,B0106,clean,,2026-07-21T21:57:51+00:00
ACCT-000146,B0106,clean,,2026-07-21T21:57:51+00:00
ACCT-000199,B0106,clean,,2026-07-21T21:57:51+00:00
ACCT-000021,B0106,adj_mismatch,Adjustments summary drifted from adjustment detail,2026-07-21T21:57:51+00:00
ACCT-000033,B0106,clean,,2026-07-21T21:57:51+00:00
ACCT-000218,B0106,clean,,2026-07-21T21:57:51+00:00
ACCT-000429,B0106,dup_unfixable,Payment detail short of remit; no duplicates to zero out,2026-07-21T21:57:51+00:00
ACCT-000430,B0106,known_diff,Remit short vs charges; difference disclosed on export,2026-07-21T21:57:51+00:00
ACCT-000340,B0107,dup_payment,Duplicate payment row inflates SUM(Payment),2026-07-21T22:54:38+00:00
ACCT-000131,B0107,clean,,2026-07-21T22:54:38+00:00
ACCT-000178,B0107,clean,,2026-07-21T22:54:38+00:00
ACCT-000368,B0107,dup_unfixable,Payment detail short of remit; no duplicates to zero out,2026-07-21T22:54:38+00:00
ACCT-000143,B0107,clean,,2026-07-21T22:54:38+00:00
ACCT-000421,B0107,total_fail,Every check seeded to fail,2026-07-21T22:54:38+00:00
ACCT-000007,B0107,known_diff,Remit short vs charges; difference disclosed on export,2026-07-21T22:54:38+00:00
ACCT-000142,B0107,adj_mismatch,Adjustments summary drifted from adjustment detail,2026-07-21T22:54:38+00:00
ACCT-000134,B0107,clean,,2026-07-21T22:54:38+00:00
ACCT-000209,B0107,clean,,2026-07-21T22:54:38+00:00
ACCT-000006,B0107,clean,,2026-07-21T22:54:38+00:00
ACCT-000344,B0107,charge_mismatch,CustCharge summary drifted from charge detail,2026-07-21T22:54:38+00:00
ACCT-000033,B0107,clean,,2026-07-21T22:54:38+00:00
ACCT-000225,B0107,known_diff,Remit short vs charges; difference disclosed on export,2026-07-21T22:54:38+00:00
ACCT-000242,B0107,adj_mismatch,Adjustments summary drifted from adjustment detail,2026-07-21T22:54:38+00:00
ACCT-000309,B0107,clean,,2026-07-21T22:54:38+00:00
ACCT-000052,B0107,adj_mismatch,Adjustments summary drifted from adjustment detail,2026-07-21T22:54:38+00:00
ACCT-000179,B0107,clean,,2026-07-21T22:54:38+00:00
ACCT-000224,B0107,clean,,2026-07-21T22:54:38+00:00
ACCT-000195,B0107,clean,,2026-07-21T22:54:38+00:00
ACCT-000232,B0107,clean,,2026-07-21T22:54:38+00:00
ACCT-000161,B0107,clean,,2026-07-21T22:54:38+00:00
ACCT-000329,B0107,clean,,2026-07-21T22:54:38+00:00
ACCT-000041,B0107,clean,,2026-07-21T22:54:38+00:00
ACCT-000305,B0107,charge_mismatch,CustCharge summary drifted from charge detail,2026-07-21T22:54:38+00:00
ACCT-000108,B0107,clean,,2026-07-21T22:54:38+00:00
ACCT-000251,B0107,clean,,2026-07-21T22:54:38+00:00
ACCT-000233,B0107,clean,,2026-07-21T22:54:38+00:00
ACCT-000020,B0107,payment_short,Payment detail short of remit; no duplicates to zero out,2026-07-21T22:54:38+00:00
ACCT-000015,B0107,clean,,2026-07-21T22:54:38+00:00
ACCT-000127,B0107,dup_payment,Duplicate payment row inflates SUM(Payment),2026-07-21T22:54:38+00:00
ACCT-000372,B0107,clean,,2026-07-21T22:54:38+00:00
ACCT-000394,B0107,clean,,2026-07-21T22:54:38+00:00
ACCT-000336,B0107,clean,,2026-07-21T22:54:38+00:00
ACCT-000431,B0107,known_diff,Remit short vs charges; difference disclosed on export,2026-07-21T22:54:38+00:00
ACCT-000432,B0107,clean,,2026-07-21T22:54:38+00:00
ACCT-000272,B0108,clean,,2026-07-21T23:50:35+00:00
ACCT-000430,B0108,clean,,2026-07-21T23:50:35+00:00
ACCT-000162,B0108,charge_mismatch,CustCharge summary drifted from charge detail,2026-07-21T23:50:35+00:00
ACCT-000342,B0108,clean,,2026-07-21T23:50:35+00:00
ACCT-000387,B0108,clean,,2026-07-21T23:50:35+00:00
ACCT-000336,B0108,clean,,2026-07-21T23:50:35+00:00
ACCT-000075,B0108,rc_misreport,Export reports a phantom R-C difference,2026-07-21T23:50:35+00:00
ACCT-000315,B0108,dup_payment,Duplicate payment row inflates SUM(Payment),2026-07-21T23:50:35+00:00
ACCT-000143,B0108,clean,,2026-07-21T23:50:35+00:00
ACCT-000376,B0108,clean,,2026-07-21T23:50:35+00:00
ACCT-000058,B0108,clean,,2026-07-21T23:50:35+00:00
ACCT-000354,B0108,clean,,2026-07-21T23:50:35+00:00
ACCT-000318,B0108,clean,,2026-07-21T23:50:35+00:00
ACCT-000050,B0108,clean,,2026-07-21T23:50:35+00:00
ACCT-000182,B0108,clean,,2026-07-21T23:50:35+00:00
ACCT-000100,B0108,clean,,2026-07-21T23:50:35+00:00
ACCT-000231,B0108,clean,,2026-07-21T23:50:35+00:00
ACCT-000383,B0108,clean,,2026-07-21T23:50:35+00:00
ACCT-000221,B0108,clean,,2026-07-21T23:50:35+00:00
ACCT-000417,B0108,dup_adjustment,Duplicate adjustment row inflates SUM(AdjustmentAmt),2026-07-21T23:50:35+00:00
ACCT-000280,B0108,clean,,2026-07-21T23:50:35+00:00
ACCT-000332,B0108,dup_payment,Duplicate payment row inflates SUM(Payment),2026-07-21T23:50:35+00:00
ACCT-000316,B0108,clean,,2026-07-21T23:50:35+00:00
ACCT-000307,B0108,charge_mismatch,CustCharge summary drifted from charge detail,2026-07-21T23:50:35+00:00
ACCT-000094,B0108,dup_payment,Duplicate payment row inflates SUM(Payment),2026-07-21T23:50:35+00:00
ACCT-000425,B0108,adj_mismatch,Adjustments summary drifted from adjustment detail,2026-07-21T23:50:35+00:00
ACCT-000301,B0108,clean,,2026-07-21T23:50:35+00:00
ACCT-000245,B0108,clean,,2026-07-21T23:50:35+00:00
ACCT-000433,B0108,dup_payment,Duplicate payment row inflates SUM(Payment),2026-07-21T23:50:35+00:00
ACCT-000434,B0108,payment_short,Payment detail short of remit; no duplicates to zero out,2026-07-21T23:50:35+00:00
ACCT-000238,B0109,clean,,2026-07-22T01:52:33+00:00
ACCT-000067,B0109,clean,,2026-07-22T01:52:33+00:00
ACCT-000412,B0109,clean,,2026-07-22T01:52:33+00:00
ACCT-000240,B0109,payment_short,Payment detail short of remit; no duplicates to zero out,2026-07-22T01:52:33+00:00
ACCT-000395,B0109,clean,,2026-07-22T01:52:33+00:00
ACCT-000352,B0109,dup_adjustment,Duplicate adjustment row inflates SUM(AdjustmentAmt),2026-07-22T01:52:33+00:00
ACCT-000434,B0109,clean,,2026-07-22T01:52:33+00:00
ACCT-000164,B0109,payment_short,Payment detail short of remit; no duplicates to zero out,2026-07-22T01:52:33+00:00
ACCT-000239,B0109,rc_misreport,Export reports a phantom R-C difference,2026-07-22T01:52:33+00:00
ACCT-000253,B0109,clean,,2026-07-22T01:52:33+00:00
ACCT-000279,B0109,clean,,2026-07-22T01:52:33+00:00
ACCT-000012,B0109,clean,,2026-07-22T01:52:33+00:00
ACCT-000069,B0109,clean,,2026-07-22T01:52:33+00:00
ACCT-000184,B0109,clean,,2026-07-22T01:52:33+00:00
ACCT-000393,B0109,dup_adjustment,Duplicate adjustment row inflates SUM(AdjustmentAmt),2026-07-22T01:52:33+00:00
ACCT-000121,B0109,rc_misreport,Export reports a phantom R-C difference,2026-07-22T01:52:33+00:00
ACCT-000324,B0109,clean,,2026-07-22T01:52:33+00:00
ACCT-000355,B0109,payment_short,Payment detail short of remit; no duplicates to zero out,2026-07-22T01:52:33+00:00
ACCT-000194,B0109,dup_payment,Duplicate payment row inflates SUM(Payment),2026-07-22T01:52:33+00:00
ACCT-000401,B0109,clean,,2026-07-22T01:52:33+00:00
ACCT-000051,B0109,charge_mismatch,CustCharge summary drifted from charge detail,2026-07-22T01:52:33+00:00
ACCT-000152,B0109,clean,,2026-07-22T01:52:33+00:00
ACCT-000156,B0109,dup_charge,Duplicate charge row inflates SUM(UtilityCharge),2026-07-22T01:52:33+00:00
ACCT-000168,B0109,clean,,2026-07-22T01:52:33+00:00
ACCT-000403,B0109,dup_charge,Duplicate charge row inflates SUM(UtilityCharge),2026-07-22T01:52:33+00:00
ACCT-000171,B0109,charge_mismatch,CustCharge summary drifted from charge detail,2026-07-22T01:52:33+00:00
ACCT-000435,B0109,charge_mismatch,CustCharge summary drifted from charge detail,2026-07-22T01:52:33+00:00
ACCT-000436,B0109,clean,,2026-07-22T01:52:33+00:00
ACCT-000171,B0110,clean,,2026-07-22T05:12:58+00:00
ACCT-000106,B0110,payment_short,Payment detail short of remit; no duplicates to zero out,2026-07-22T05:12:58+00:00
ACCT-000346,B0110,clean,,2026-07-22T05:12:58+00:00
ACCT-000294,B0110,dup_adjustment,Duplicate adjustment row inflates SUM(AdjustmentAmt),2026-07-22T05:12:58+00:00
ACCT-000323,B0110,clean,,2026-07-22T05:12:58+00:00
ACCT-000200,B0110,dup_payment,Duplicate payment row inflates SUM(Payment),2026-07-22T05:12:58+00:00
ACCT-000116,B0110,dup_payment,Duplicate payment row inflates SUM(Payment),2026-07-22T05:12:58+00:00
ACCT-000243,B0110,clean,,2026-07-22T05:12:58+00:00
ACCT-000349,B0110,clean,,2026-07-22T05:12:58+00:00
ACCT-000218,B0110,clean,,2026-07-22T05:12:58+00:00
ACCT-000176,B0110,clean,,2026-07-22T05:12:58+00:00
ACCT-000325,B0110,clean,,2026-07-22T05:12:58+00:00
ACCT-000157,B0110,clean,,2026-07-22T05:12:58+00:00
ACCT-000002,B0110,clean,,2026-07-22T05:12:58+00:00
ACCT-000111,B0110,rc_misreport,Export reports a phantom R-C difference,2026-07-22T05:12:58+00:00
ACCT-000235,B0110,dup_charge,Duplicate charge row inflates SUM(UtilityCharge),2026-07-22T05:12:58+00:00
ACCT-000016,B0110,clean,,2026-07-22T05:12:58+00:00
ACCT-000140,B0110,known_diff,Remit short vs charges; difference disclosed on export,2026-07-22T05:12:58+00:00
ACCT-000096,B0110,clean,,2026-07-22T05:12:58+00:00
ACCT-000253,B0110,dup_payment,Duplicate payment row inflates SUM(Payment),2026-07-22T05:12:58+00:00
ACCT-000414,B0110,total_fail,Every check seeded to fail,2026-07-22T05:12:58+00:00
ACCT-000042,B0110,clean,,2026-07-22T05:12:58+00:00
ACCT-000114,B0110,clean,,2026-07-22T05:12:58+00:00
ACCT-000070,B0110,clean,,2026-07-22T05:12:58+00:00
ACCT-000285,B0110,payment_short,Payment detail short of remit; no duplicates to zero out,2026-07-22T05:12:58+00:00
ACCT-000103,B0110,clean,,2026-07-22T05:12:58+00:00
ACCT-000376,B0110,rc_misreport,Export reports a phantom R-C difference,2026-07-22T05:12:58+00:00
ACCT-000129,B0110,clean,,2026-07-22T05:12:58+00:00
ACCT-000100,B0110,dup_payment,Duplicate payment row inflates SUM(Payment),2026-07-22T05:12:58+00:00
ACCT-000101,B0110,total_fail,Every check seeded to fail,2026-07-22T05:12:58+00:00
ACCT-000076,B0110,rc_misreport,Export reports a phantom R-C difference,2026-07-22T05:12:58+00:00
ACCT-000219,B0110,clean,,2026-07-22T05:12:58+00:00
ACCT-000437,B0110,dup_payment,Duplicate payment row inflates SUM(Payment),2026-07-22T05:12:58+00:00
ACCT-000438,B0110,clean,,2026-07-22T05:12:58+00:00
ACCT-000439,B0110,dup_charge,Duplicate charge row inflates SUM(UtilityCharge),2026-07-22T05:12:58+00:00
ACCT-000440,B0110,clean,,2026-07-22T05:12:58+00:00
ACCT-000012,B0111,clean,,2026-07-22T07:53:12+00:00
ACCT-000147,B0111,dup_adjustment,Duplicate adjustment row inflates SUM(AdjustmentAmt),2026-07-22T07:53:12+00:00
ACCT-000189,B0111,clean,,2026-07-22T07:53:12+00:00
ACCT-000106,B0111,clean,,2026-07-22T07:53:12+00:00
ACCT-000022,B0111,adj_mismatch,Adjustments summary drifted from adjustment detail,2026-07-22T07:53:12+00:00
ACCT-000265,B0111,dup_unfixable,Payment detail short of remit; no duplicates to zero out,2026-07-22T07:53:12+00:00
ACCT-000069,B0111,dup_adjustment,Duplicate adjustment row inflates SUM(AdjustmentAmt),2026-07-22T07:53:12+00:00
ACCT-000227,B0111,clean,,2026-07-22T07:53:12+00:00
ACCT-000325,B0111,payment_short,Payment detail short of remit; no duplicates to zero out,2026-07-22T07:53:12+00:00
ACCT-000304,B0111,clean,,2026-07-22T07:53:12+00:00
ACCT-000362,B0111,clean,,2026-07-22T07:53:12+00:00
ACCT-000019,B0111,clean,,2026-07-22T07:53:12+00:00
ACCT-000142,B0111,dup_adjustment,Duplicate adjustment row inflates SUM(AdjustmentAmt),2026-07-22T07:53:12+00:00
ACCT-000400,B0111,clean,,2026-07-22T07:53:12+00:00
ACCT-000341,B0111,dup_payment,Duplicate payment row inflates SUM(Payment),2026-07-22T07:53:12+00:00
ACCT-000131,B0111,dup_charge,Duplicate charge row inflates SUM(UtilityCharge),2026-07-22T07:53:12+00:00
ACCT-000313,B0111,clean,,2026-07-22T07:53:12+00:00
ACCT-000384,B0111,payment_short,Payment detail short of remit; no duplicates to zero out,2026-07-22T07:53:12+00:00
ACCT-000289,B0111,charge_mismatch,CustCharge summary drifted from charge detail,2026-07-22T07:53:12+00:00
ACCT-000169,B0111,total_fail,Every check seeded to fail,2026-07-22T07:53:12+00:00
ACCT-000267,B0111,clean,,2026-07-22T07:53:12+00:00
ACCT-000308,B0111,adj_mismatch,Adjustments summary drifted from adjustment detail,2026-07-22T07:53:12+00:00
ACCT-000020,B0111,dup_payment,Duplicate payment row inflates SUM(Payment),2026-07-22T07:53:12+00:00
ACCT-000137,B0111,dup_payment,Duplicate payment row inflates SUM(Payment),2026-07-22T07:53:12+00:00
ACCT-000340,B0111,clean,,2026-07-22T07:53:12+00:00
ACCT-000215,B0111,payment_short,Payment detail short of remit; no duplicates to zero out,2026-07-22T07:53:12+00:00
ACCT-000006,B0111,clean,,2026-07-22T07:53:12+00:00
ACCT-000067,B0111,total_fail,Every check seeded to fail,2026-07-22T07:53:12+00:00
ACCT-000145,B0111,clean,,2026-07-22T07:53:12+00:00
ACCT-000138,B0111,clean,,2026-07-22T07:53:12+00:00
ACCT-000109,B0111,clean,,2026-07-22T07:53:12+00:00
ACCT-000421,B0111,clean,,2026-07-22T07:53:12+00:00
ACCT-000357,B0111,clean,,2026-07-22T07:53:12+00:00
ACCT-000441,B0111,known_diff,Remit short vs charges; difference disclosed on export,2026-07-22T07:53:12+00:00
ACCT-000442,B0111,rc_misreport,Export reports a phantom R-C difference,2026-07-22T07:53:12+00:00
ACCT-000443,B0111,clean,,2026-07-22T07:53:12+00:00
ACCT-000444,B0111,dup_payment,Duplicate payment row inflates SUM(Payment),2026-07-22T07:53:12+00:00
ACCT-000158,B0112,clean,,2026-07-22T10:17:35+00:00
ACCT-000431,B0112,clean,,2026-07-22T10:17:35+00:00
ACCT-000244,B0112,adj_mismatch,Adjustments summary drifted from adjustment detail,2026-07-22T10:17:35+00:00
ACCT-000426,B0112,clean,,2026-07-22T10:17:35+00:00
ACCT-000155,B0112,clean,,2026-07-22T10:17:35+00:00
ACCT-000223,B0112,dup_unfixable,Payment detail short of remit; no duplicates to zero out,2026-07-22T10:17:35+00:00
ACCT-000021,B0112,clean,,2026-07-22T10:17:35+00:00
ACCT-000224,B0112,known_diff,Remit short vs charges; difference disclosed on export,2026-07-22T10:17:35+00:00
ACCT-000060,B0112,dup_charge,Duplicate charge row inflates SUM(UtilityCharge),2026-07-22T10:17:35+00:00
ACCT-000439,B0112,payment_short,Payment detail short of remit; no duplicates to zero out,2026-07-22T10:17:35+00:00
ACCT-000374,B0112,payment_short,Payment detail short of remit; no duplicates to zero out,2026-07-22T10:17:35+00:00
ACCT-000115,B0112,rc_misreport,Export reports a phantom R-C difference,2026-07-22T10:17:35+00:00
ACCT-000135,B0112,clean,,2026-07-22T10:17:35+00:00
ACCT-000070,B0112,clean,,2026-07-22T10:17:35+00:00
ACCT-000397,B0112,clean,,2026-07-22T10:17:35+00:00
ACCT-000352,B0112,dup_adjustment,Duplicate adjustment row inflates SUM(AdjustmentAmt),2026-07-22T10:17:35+00:00
ACCT-000363,B0112,rc_misreport,Export reports a phantom R-C difference,2026-07-22T10:17:35+00:00
ACCT-000247,B0112,clean,,2026-07-22T10:17:35+00:00
ACCT-000044,B0112,clean,,2026-07-22T10:17:35+00:00
ACCT-000279,B0112,dup_charge,Duplicate charge row inflates SUM(UtilityCharge),2026-07-22T10:17:35+00:00
ACCT-000343,B0112,clean,,2026-07-22T10:17:35+00:00
ACCT-000401,B0112,payment_short,Payment detail short of remit; no duplicates to zero out,2026-07-22T10:17:35+00:00
ACCT-000011,B0112,dup_charge,Duplicate charge row inflates SUM(UtilityCharge),2026-07-22T10:17:35+00:00
ACCT-000153,B0112,dup_charge,Duplicate charge row inflates SUM(UtilityCharge),2026-07-22T10:17:35+00:00
ACCT-000346,B0112,clean,,2026-07-22T10:17:35+00:00
ACCT-000239,B0112,adj_mismatch,Adjustments summary drifted from adjustment detail,2026-07-22T10:17:35+00:00
ACCT-000185,B0112,clean,,2026-07-22T10:17:35+00:00
ACCT-000357,B0112,clean,,2026-07-22T10:17:35+00:00
ACCT-000280,B0112,rc_misreport,Export reports a phantom R-C difference,2026-07-22T10:17:35+00:00
ACCT-000257,B0112,clean,,2026-07-22T10:17:35+00:00
ACCT-000184,B0112,clean,,2026-07-22T10:17:35+00:00
ACCT-000445,B0112,clean,,2026-07-22T10:17:35+00:00
ACCT-000446,B0112,clean,,2026-07-22T10:17:35+00:00
ACCT-000078,B0113,payment_short,Payment detail short of remit; no duplicates to zero out,2026-07-22T12:10:56+00:00
ACCT-000179,B0113,clean,,2026-07-22T12:10:56+00:00
ACCT-000227,B0113,dup_charge,Duplicate charge row inflates SUM(UtilityCharge),2026-07-22T12:10:56+00:00
ACCT-000436,B0113,total_fail,Every check seeded to fail,2026-07-22T12:10:56+00:00
ACCT-000369,B0113,clean,,2026-07-22T12:10:56+00:00
ACCT-000271,B0113,adj_mismatch,Adjustments summary drifted from adjustment detail,2026-07-22T12:10:56+00:00
ACCT-000050,B0113,clean,,2026-07-22T12:10:56+00:00
ACCT-000353,B0113,dup_charge,Duplicate charge row inflates SUM(UtilityCharge),2026-07-22T12:10:56+00:00
ACCT-000161,B0113,clean,,2026-07-22T12:10:56+00:00
ACCT-000344,B0113,clean,,2026-07-22T12:10:56+00:00
ACCT-000174,B0113,clean,,2026-07-22T12:10:56+00:00
ACCT-000359,B0113,dup_charge,Duplicate charge row inflates SUM(UtilityCharge),2026-07-22T12:10:56+00:00
ACCT-000017,B0113,dup_adjustment,Duplicate adjustment row inflates SUM(AdjustmentAmt),2026-07-22T12:10:56+00:00
ACCT-000356,B0113,payment_short,Payment detail short of remit; no duplicates to zero out,2026-07-22T12:10:56+00:00
ACCT-000281,B0113,rc_misreport,Export reports a phantom R-C difference,2026-07-22T12:10:56+00:00
ACCT-000321,B0113,clean,,2026-07-22T12:10:56+00:00
ACCT-000185,B0113,clean,,2026-07-22T12:10:56+00:00
ACCT-000429,B0113,dup_charge,Duplicate charge row inflates SUM(UtilityCharge),2026-07-22T12:10:56+00:00
ACCT-000255,B0113,clean,,2026-07-22T12:10:56+00:00
ACCT-000374,B0113,clean,,2026-07-22T12:10:56+00:00
ACCT-000072,B0113,clean,,2026-07-22T12:10:56+00:00
ACCT-000141,B0113,rc_misreport,Export reports a phantom R-C difference,2026-07-22T12:10:56+00:00
ACCT-000125,B0113,adj_mismatch,Adjustments summary drifted from adjustment detail,2026-07-22T12:10:56+00:00
ACCT-000097,B0113,dup_charge,Duplicate charge row inflates SUM(UtilityCharge),2026-07-22T12:10:56+00:00
ACCT-000052,B0113,clean,,2026-07-22T12:10:56+00:00
ACCT-000299,B0113,clean,,2026-07-22T12:10:56+00:00
ACCT-000154,B0113,total_fail,Every check seeded to fail,2026-07-22T12:10:56+00:00
ACCT-000446,B0113,clean,,2026-07-22T12:10:56+00:00
ACCT-000386,B0113,clean,,2026-07-22T12:10:56+00:00
ACCT-000447,B0113,dup_charge,Duplicate charge row inflates SUM(UtilityCharge),2026-07-22T12:10:56+00:00
ACCT-000448,B0113,clean,,2026-07-22T12:10:56+00:00
ACCT-000230,B0114,clean,,2026-07-22T14:32:45+00:00
ACCT-000097,B0114,adj_mismatch,Adjustments summary drifted from adjustment detail,2026-07-22T14:32:45+00:00
ACCT-000181,B0114,charge_mismatch,CustCharge summary drifted from charge detail,2026-07-22T14:32:45+00:00
ACCT-000065,B0114,dup_payment,Duplicate payment row inflates SUM(Payment),2026-07-22T14:32:45+00:00
ACCT-000126,B0114,dup_adjustment,Duplicate adjustment row inflates SUM(AdjustmentAmt),2026-07-22T14:32:45+00:00
ACCT-000195,B0114,clean,,2026-07-22T14:32:45+00:00
ACCT-000242,B0114,clean,,2026-07-22T14:32:45+00:00
ACCT-000158,B0114,clean,,2026-07-22T14:32:45+00:00
ACCT-000313,B0114,clean,,2026-07-22T14:32:45+00:00
ACCT-000134,B0114,adj_mismatch,Adjustments summary drifted from adjustment detail,2026-07-22T14:32:45+00:00
ACCT-000367,B0114,dup_unfixable,Payment detail short of remit; no duplicates to zero out,2026-07-22T14:32:45+00:00
ACCT-000397,B0114,clean,,2026-07-22T14:32:45+00:00
ACCT-000089,B0114,clean,,2026-07-22T14:32:45+00:00
ACCT-000032,B0114,clean,,2026-07-22T14:32:45+00:00
ACCT-000154,B0114,payment_short,Payment detail short of remit; no duplicates to zero out,2026-07-22T14:32:45+00:00
ACCT-000336,B0114,payment_short,Payment detail short of remit; no duplicates to zero out,2026-07-22T14:32:45+00:00
ACCT-000425,B0114,clean,,2026-07-22T14:32:45+00:00
ACCT-000030,B0114,clean,,2026-07-22T14:32:45+00:00
ACCT-000299,B0114,adj_mismatch,Adjustments summary drifted from adjustment detail,2026-07-22T14:32:45+00:00
ACCT-000341,B0114,dup_payment,Duplicate payment row inflates SUM(Payment),2026-07-22T14:32:45+00:00
ACCT-000143,B0114,clean,,2026-07-22T14:32:45+00:00
ACCT-000054,B0114,clean,,2026-07-22T14:32:45+00:00
ACCT-000109,B0114,clean,,2026-07-22T14:32:45+00:00
ACCT-000131,B0114,dup_payment,Duplicate payment row inflates SUM(Payment),2026-07-22T14:32:45+00:00
ACCT-000429,B0114,dup_adjustment,Duplicate adjustment row inflates SUM(AdjustmentAmt),2026-07-22T14:32:45+00:00
ACCT-000110,B0114,dup_payment,Duplicate payment row inflates SUM(Payment),2026-07-22T14:32:45+00:00
ACCT-000159,B0114,dup_charge,Duplicate charge row inflates SUM(UtilityCharge),2026-07-22T14:32:45+00:00
ACCT-000057,B0114,dup_payment,Duplicate payment row inflates SUM(Payment),2026-07-22T14:32:45+00:00
ACCT-000228,B0114,dup_charge,Duplicate charge row inflates SUM(UtilityCharge),2026-07-22T14:32:45+00:00
ACCT-000321,B0114,clean,,2026-07-22T14:32:45+00:00
ACCT-000314,B0114,dup_adjustment,Duplicate adjustment row inflates SUM(AdjustmentAmt),2026-07-22T14:32:45+00:00
ACCT-000449,B0114,clean,,2026-07-22T14:32:45+00:00
ACCT-000450,B0114,clean,,2026-07-22T14:32:45+00:00
ACCT-000451,B0114,clean,,2026-07-22T14:32:45+00:00
ACCT-000452,B0114,total_fail,Every check seeded to fail,2026-07-22T14:32:45+00:00
ACCT-000316,B0115,dup_payment,Duplicate payment row inflates SUM(Payment),2026-07-22T16:16:12+00:00
ACCT-000062,B0115,clean,,2026-07-22T16:16:12+00:00
ACCT-000128,B0115,rc_misreport,Export reports a phantom R-C difference,2026-07-22T16:16:12+00:00
ACCT-000091,B0115,dup_payment,Duplicate payment row inflates SUM(Payment),2026-07-22T16:16:12+00:00
ACCT-000227,B0115,clean,,2026-07-22T16:16:12+00:00
ACCT-000305,B0115,dup_charge,Duplicate charge row inflates SUM(UtilityCharge),2026-07-22T16:16:12+00:00
ACCT-000126,B0115,clean,,2026-07-22T16:16:12+00:00
ACCT-000191,B0115,rc_misreport,Export reports a phantom R-C difference,2026-07-22T16:16:12+00:00
ACCT-000212,B0115,clean,,2026-07-22T16:16:12+00:00
ACCT-000047,B0115,clean,,2026-07-22T16:16:12+00:00
ACCT-000363,B0115,clean,,2026-07-22T16:16:12+00:00
ACCT-000124,B0115,clean,,2026-07-22T16:16:12+00:00
ACCT-000252,B0115,clean,,2026-07-22T16:16:12+00:00
ACCT-000432,B0115,dup_payment,Duplicate payment row inflates SUM(Payment),2026-07-22T16:16:12+00:00
ACCT-000373,B0115,dup_adjustment,Duplicate adjustment row inflates SUM(AdjustmentAmt),2026-07-22T16:16:12+00:00
ACCT-000169,B0115,clean,,2026-07-22T16:16:12+00:00
ACCT-000248,B0115,clean,,2026-07-22T16:16:12+00:00
ACCT-000358,B0115,payment_short,Payment detail short of remit; no duplicates to zero out,2026-07-22T16:16:12+00:00
ACCT-000003,B0115,clean,,2026-07-22T16:16:12+00:00
ACCT-000038,B0115,known_diff,Remit short vs charges; difference disclosed on export,2026-07-22T16:16:12+00:00
ACCT-000276,B0115,clean,,2026-07-22T16:16:12+00:00
ACCT-000164,B0115,clean,,2026-07-22T16:16:12+00:00
ACCT-000006,B0115,dup_adjustment,Duplicate adjustment row inflates SUM(AdjustmentAmt),2026-07-22T16:16:12+00:00
ACCT-000151,B0115,total_fail,Every check seeded to fail,2026-07-22T16:16:12+00:00
ACCT-000149,B0115,clean,,2026-07-22T16:16:12+00:00
ACCT-000235,B0115,clean,,2026-07-22T16:16:12+00:00
ACCT-000355,B0115,dup_charge,Duplicate charge row inflates SUM(UtilityCharge),2026-07-22T16:16:12+00:00
ACCT-000120,B0115,clean,,2026-07-22T16:16:12+00:00
ACCT-000213,B0115,clean,,2026-07-22T16:16:12+00:00
ACCT-000453,B0115,payment_short,Payment detail short of remit; no duplicates to zero out,2026-07-22T16:16:12+00:00
ACCT-000454,B0115,clean,,2026-07-22T16:16:12+00:00
ACCT-000455,B0115,dup_adjustment,Duplicate adjustment row inflates SUM(AdjustmentAmt),2026-07-22T16:16:12+00:00
ACCT-000418,B0116,clean,,2026-07-22T17:47:50+00:00
ACCT-000148,B0116,dup_unfixable,Payment detail short of remit; no duplicates to zero out,2026-07-22T17:47:50+00:00
ACCT-000010,B0116,dup_payment,Duplicate payment row inflates SUM(Payment),2026-07-22T17:47:50+00:00
ACCT-000212,B0116,clean,,2026-07-22T17:47:50+00:00
ACCT-000353,B0116,clean,,2026-07-22T17:47:50+00:00
ACCT-000411,B0116,dup_payment,Duplicate payment row inflates SUM(Payment),2026-07-22T17:47:50+00:00
ACCT-000029,B0116,clean,,2026-07-22T17:47:50+00:00
ACCT-000124,B0116,dup_charge,Duplicate charge row inflates SUM(UtilityCharge),2026-07-22T17:47:50+00:00
ACCT-000392,B0116,rc_misreport,Export reports a phantom R-C difference,2026-07-22T17:47:50+00:00
ACCT-000321,B0116,clean,,2026-07-22T17:47:50+00:00
ACCT-000234,B0116,clean,,2026-07-22T17:47:50+00:00
ACCT-000154,B0116,clean,,2026-07-22T17:47:50+00:00
ACCT-000335,B0116,clean,,2026-07-22T17:47:50+00:00
ACCT-000352,B0116,charge_mismatch,CustCharge summary drifted from charge detail,2026-07-22T17:47:50+00:00
ACCT-000042,B0116,dup_payment,Duplicate payment row inflates SUM(Payment),2026-07-22T17:47:50+00:00
ACCT-000326,B0116,dup_payment,Duplicate payment row inflates SUM(Payment),2026-07-22T17:47:50+00:00
ACCT-000374,B0116,known_diff,Remit short vs charges; difference disclosed on export,2026-07-22T17:47:50+00:00
ACCT-000312,B0116,clean,,2026-07-22T17:47:50+00:00
ACCT-000247,B0116,clean,,2026-07-22T17:47:50+00:00
ACCT-000267,B0116,clean,,2026-07-22T17:47:50+00:00
ACCT-000120,B0116,clean,,2026-07-22T17:47:50+00:00
ACCT-000143,B0116,clean,,2026-07-22T17:47:50+00:00
ACCT-000358,B0116,total_fail,Every check seeded to fail,2026-07-22T17:47:50+00:00
ACCT-000389,B0116,clean,,2026-07-22T17:47:50+00:00
ACCT-000019,B0116,clean,,2026-07-22T17:47:50+00:00
ACCT-000021,B0116,known_diff,Remit short vs charges; difference disclosed on export,2026-07-22T17:47:50+00:00
ACCT-000317,B0116,clean,,2026-07-22T17:47:50+00:00
ACCT-000165,B0116,clean,,2026-07-22T17:47:50+00:00
ACCT-000064,B0116,clean,,2026-07-22T17:47:50+00:00
ACCT-000324,B0116,dup_payment,Duplicate payment row inflates SUM(Payment),2026-07-22T17:47:50+00:00
ACCT-000037,B0116,clean,,2026-07-22T17:47:50+00:00
ACCT-000188,B0116,clean,,2026-07-22T17:47:50+00:00
ACCT-000243,B0116,clean,,2026-07-22T17:47:50+00:00
ACCT-000456,B0116,clean,,2026-07-22T17:47:50+00:00
ACCT-000457,B0116,payment_short,Payment detail short of remit; no duplicates to zero out,2026-07-22T17:47:50+00:00
ACCT-000458,B0116,dup_charge,Duplicate charge row inflates SUM(UtilityCharge),2026-07-22T17:47:50+00:00
ACCT-000459,B0116,dup_charge,Duplicate charge row inflates SUM(UtilityCharge),2026-07-22T17:47:50+00:00
ACCT-000050,B0117,adj_mismatch,Adjustments summary drifted from adjustment detail,2026-07-22T19:00:08+00:00
ACCT-000324,B0117,payment_short,Payment detail short of remit; no duplicates to zero out,2026-07-22T19:00:08+00:00
ACCT-000352,B0117,clean,,2026-07-22T19:00:08+00:00
ACCT-000130,B0117,known_diff,Remit short vs charges; difference disclosed on export,2026-07-22T19:00:08+00:00
ACCT-000009,B0117,clean,,2026-07-22T19:00:08+00:00
ACCT-000096,B0117,clean,,2026-07-22T19:00:08+00:00
ACCT-000108,B0117,clean,,2026-07-22T19:00:08+00:00
ACCT-000117,B0117,dup_charge,Duplicate charge row inflates SUM(UtilityCharge),2026-07-22T19:00:08+00:00
ACCT-000012,B0117,dup_charge,Duplicate charge row inflates SUM(UtilityCharge),2026-07-22T19:00:08+00:00
ACCT-000088,B0117,dup_charge,Duplicate charge row inflates SUM(UtilityCharge),2026-07-22T19:00:08+00:00
ACCT-000029,B0117,clean,,2026-07-22T19:00:08+00:00
ACCT-000140,B0117,clean,,2026-07-22T19:00:08+00:00
ACCT-000262,B0117,clean,,2026-07-22T19:00:08+00:00
ACCT-000245,B0117,clean,,2026-07-22T19:00:08+00:00
ACCT-000240,B0117,rc_misreport,Export reports a phantom R-C difference,2026-07-22T19:00:08+00:00
ACCT-000235,B0117,payment_short,Payment detail short of remit; no duplicates to zero out,2026-07-22T19:00:08+00:00
ACCT-000387,B0117,clean,,2026-07-22T19:00:08+00:00
ACCT-000445,B0117,clean,,2026-07-22T19:00:08+00:00
ACCT-000133,B0117,clean,,2026-07-22T19:00:08+00:00
ACCT-000444,B0117,clean,,2026-07-22T19:00:08+00:00
ACCT-000203,B0117,dup_charge,Duplicate charge row inflates SUM(UtilityCharge),2026-07-22T19:00:08+00:00
ACCT-000268,B0117,total_fail,Every check seeded to fail,2026-07-22T19:00:08+00:00
ACCT-000227,B0117,dup_charge,Duplicate charge row inflates SUM(UtilityCharge),2026-07-22T19:00:08+00:00
ACCT-000384,B0117,clean,,2026-07-22T19:00:08+00:00
ACCT-000107,B0117,clean,,2026-07-22T19:00:08+00:00
ACCT-000017,B0117,clean,,2026-07-22T19:00:08+00:00
ACCT-000375,B0117,clean,,2026-07-22T19:00:08+00:00
ACCT-000083,B0117,dup_charge,Duplicate charge row inflates SUM(UtilityCharge),2026-07-22T19:00:08+00:00
ACCT-000070,B0117,clean,,2026-07-22T19:00:08+00:00
ACCT-000159,B0117,dup_charge,Duplicate charge row inflates SUM(UtilityCharge),2026-07-22T19:00:08+00:00
ACCT-000458,B0117,adj_mismatch,Adjustments summary drifted from adjustment detail,2026-07-22T19:00:08+00:00
ACCT-000460,B0117,known_diff,Remit short vs charges; difference disclosed on export,2026-07-22T19:00:08+00:00
ACCT-000461,B0117,clean,,2026-07-22T19:00:08+00:00
ACCT-000359,B0118,clean,,2026-07-22T20:14:04+00:00
ACCT-000420,B0118,payment_short,Payment detail short of remit; no duplicates to zero out,2026-07-22T20:14:04+00:00
ACCT-000334,B0118,payment_short,Payment detail short of remit; no duplicates to zero out,2026-07-22T20:14:04+00:00
ACCT-000391,B0118,dup_charge,Duplicate charge row inflates SUM(UtilityCharge),2026-07-22T20:14:04+00:00
ACCT-000404,B0118,total_fail,Every check seeded to fail,2026-07-22T20:14:04+00:00
ACCT-000436,B0118,clean,,2026-07-22T20:14:04+00:00
ACCT-000195,B0118,charge_mismatch,CustCharge summary drifted from charge detail,2026-07-22T20:14:04+00:00
ACCT-000040,B0118,clean,,2026-07-22T20:14:04+00:00
ACCT-000270,B0118,rc_misreport,Export reports a phantom R-C difference,2026-07-22T20:14:04+00:00
ACCT-000371,B0118,payment_short,Payment detail short of remit; no duplicates to zero out,2026-07-22T20:14:04+00:00
ACCT-000376,B0118,clean,,2026-07-22T20:14:04+00:00
ACCT-000192,B0118,clean,,2026-07-22T20:14:04+00:00
ACCT-000303,B0118,clean,,2026-07-22T20:14:04+00:00
ACCT-000193,B0118,clean,,2026-07-22T20:14:04+00:00
ACCT-000422,B0118,dup_charge,Duplicate charge row inflates SUM(UtilityCharge),2026-07-22T20:14:04+00:00
ACCT-000162,B0118,dup_charge,Duplicate charge row inflates SUM(UtilityCharge),2026-07-22T20:14:04+00:00
ACCT-000229,B0118,dup_charge,Duplicate charge row inflates SUM(UtilityCharge),2026-07-22T20:14:04+00:00
ACCT-000406,B0118,clean,,2026-07-22T20:14:04+00:00
ACCT-000310,B0118,dup_charge,Duplicate charge row inflates SUM(UtilityCharge),2026-07-22T20:14:04+00:00
ACCT-000291,B0118,clean,,2026-07-22T20:14:04+00:00
ACCT-000417,B0118,clean,,2026-07-22T20:14:04+00:00
ACCT-000411,B0118,clean,,2026-07-22T20:14:04+00:00
ACCT-000158,B0118,clean,,2026-07-22T20:14:04+00:00
ACCT-000416,B0118,dup_adjustment,Duplicate adjustment row inflates SUM(AdjustmentAmt),2026-07-22T20:14:04+00:00
ACCT-000021,B0118,clean,,2026-07-22T20:14:04+00:00
ACCT-000268,B0118,clean,,2026-07-22T20:14:04+00:00
ACCT-000384,B0118,clean,,2026-07-22T20:14:04+00:00
ACCT-000462,B0118,charge_mismatch,CustCharge summary drifted from charge detail,2026-07-22T20:14:04+00:00
ACCT-000463,B0118,clean,,2026-07-22T20:14:04+00:00
ACCT-000464,B0118,dup_payment,Duplicate payment row inflates SUM(Payment),2026-07-22T20:14:04+00:00
ACCT-000024,B0119,clean,,2026-07-22T21:35:46+00:00
ACCT-000394,B0119,payment_short,Payment detail short of remit; no duplicates to zero out,2026-07-22T21:35:46+00:00
ACCT-000105,B0119,clean,,2026-07-22T21:35:46+00:00
ACCT-000285,B0119,clean,,2026-07-22T21:35:46+00:00
ACCT-000378,B0119,clean,,2026-07-22T21:35:46+00:00
ACCT-000081,B0119,rc_misreport,Export reports a phantom R-C difference,2026-07-22T21:35:46+00:00
ACCT-000026,B0119,clean,,2026-07-22T21:35:46+00:00
ACCT-000047,B0119,rc_misreport,Export reports a phantom R-C difference,2026-07-22T21:35:46+00:00
ACCT-000314,B0119,rc_misreport,Export reports a phantom R-C difference,2026-07-22T21:35:46+00:00
ACCT-000053,B0119,clean,,2026-07-22T21:35:46+00:00
ACCT-000368,B0119,dup_payment,Duplicate payment row inflates SUM(Payment),2026-07-22T21:35:46+00:00
ACCT-000247,B0119,clean,,2026-07-22T21:35:46+00:00
ACCT-000462,B0119,clean,,2026-07-22T21:35:46+00:00
ACCT-000213,B0119,charge_mismatch,CustCharge summary drifted from charge detail,2026-07-22T21:35:46+00:00
ACCT-000033,B0119,dup_payment,Duplicate payment row inflates SUM(Payment),2026-07-22T21:35:46+00:00
ACCT-000431,B0119,known_diff,Remit short vs charges; difference disclosed on export,2026-07-22T21:35:46+00:00
ACCT-000043,B0119,known_diff,Remit short vs charges; difference disclosed on export,2026-07-22T21:35:46+00:00
ACCT-000251,B0119,clean,,2026-07-22T21:35:46+00:00
ACCT-000432,B0119,clean,,2026-07-22T21:35:46+00:00
ACCT-000365,B0119,clean,,2026-07-22T21:35:46+00:00
ACCT-000340,B0119,rc_misreport,Export reports a phantom R-C difference,2026-07-22T21:35:46+00:00
ACCT-000437,B0119,dup_unfixable,Payment detail short of remit; no duplicates to zero out,2026-07-22T21:35:46+00:00
ACCT-000403,B0119,clean,,2026-07-22T21:35:46+00:00
ACCT-000027,B0119,clean,,2026-07-22T21:35:46+00:00
ACCT-000035,B0119,clean,,2026-07-22T21:35:46+00:00
ACCT-000189,B0119,dup_charge,Duplicate charge row inflates SUM(UtilityCharge),2026-07-22T21:35:46+00:00
ACCT-000106,B0119,known_diff,Remit short vs charges; difference disclosed on export,2026-07-22T21:35:46+00:00
ACCT-000353,B0119,dup_unfixable,Payment detail short of remit; no duplicates to zero out,2026-07-22T21:35:46+00:00
ACCT-000048,B0119,clean,,2026-07-22T21:35:46+00:00
ACCT-000165,B0119,adj_mismatch,Adjustments summary drifted from adjustment detail,2026-07-22T21:35:46+00:00
ACCT-000465,B0119,clean,,2026-07-22T21:35:46+00:00
ACCT-000466,B0119,dup_unfixable,Payment detail short of remit; no duplicates to zero out,2026-07-22T21:35:46+00:00
ACCT-000467,B0119,known_diff,Remit short vs charges; difference disclosed on export,2026-07-22T21:35:46+00:00
ACCT-000088,B0120,clean,,2026-07-22T22:54:59+00:00
ACCT-000033,B0120,clean,,2026-07-22T22:54:59+00:00
ACCT-000005,B0120,clean,,2026-07-22T22:54:59+00:00
ACCT-000071,B0120,dup_payment,Duplicate payment row inflates SUM(Payment),2026-07-22T22:54:59+00:00
ACCT-000448,B0120,dup_payment,Duplicate payment row inflates SUM(Payment),2026-07-22T22:54:59+00:00
ACCT-000388,B0120,clean,,2026-07-22T22:54:59+00:00
ACCT-000050,B0120,rc_misreport,Export reports a phantom R-C difference,2026-07-22T22:54:59+00:00
ACCT-000462,B0120,clean,,2026-07-22T22:54:59+00:00
ACCT-000361,B0120,clean,,2026-07-22T22:54:59+00:00
ACCT-000397,B0120,clean,,2026-07-22T22:54:59+00:00
ACCT-000122,B0120,charge_mismatch,CustCharge summary drifted from charge detail,2026-07-22T22:54:59+00:00
ACCT-000442,B0120,total_fail,Every check seeded to fail,2026-07-22T22:54:59+00:00
ACCT-000408,B0120,dup_payment,Duplicate payment row inflates SUM(Payment),2026-07-22T22:54:59+00:00
ACCT-000465,B0120,adj_mismatch,Adjustments summary drifted from adjustment detail,2026-07-22T22:54:59+00:00
ACCT-000432,B0120,clean,,2026-07-22T22:54:59+00:00
ACCT-000089,B0120,clean,,2026-07-22T22:54:59+00:00
ACCT-000156,B0120,dup_payment,Duplicate payment row inflates SUM(Payment),2026-07-22T22:54:59+00:00
ACCT-000305,B0120,dup_unfixable,Payment detail short of remit; no duplicates to zero out,2026-07-22T22:54:59+00:00
ACCT-000364,B0120,dup_charge,Duplicate charge row inflates SUM(UtilityCharge),2026-07-22T22:54:59+00:00
ACCT-000415,B0120,known_diff,Remit short vs charges; difference disclosed on export,2026-07-22T22:54:59+00:00
ACCT-000345,B0120,payment_short,Payment detail short of remit; no duplicates to zero out,2026-07-22T22:54:59+00:00
ACCT-000293,B0120,charge_mismatch,CustCharge summary drifted from charge detail,2026-07-22T22:54:59+00:00
ACCT-000440,B0120,adj_mismatch,Adjustments summary drifted from adjustment detail,2026-07-22T22:54:59+00:00
ACCT-000195,B0120,clean,,2026-07-22T22:54:59+00:00
ACCT-000418,B0120,charge_mismatch,CustCharge summary drifted from charge detail,2026-07-22T22:54:59+00:00
ACCT-000183,B0120,dup_charge,Duplicate charge row inflates SUM(UtilityCharge),2026-07-22T22:54:59+00:00
ACCT-000171,B0120,clean,,2026-07-22T22:54:59+00:00
ACCT-000182,B0120,rc_misreport,Export reports a phantom R-C difference,2026-07-22T22:54:59+00:00
ACCT-000009,B0120,adj_mismatch,Adjustments summary drifted from adjustment detail,2026-07-22T22:54:59+00:00
ACCT-000139,B0120,clean,,2026-07-22T22:54:59+00:00
ACCT-000468,B0120,dup_unfixable,Payment detail short of remit; no duplicates to zero out,2026-07-22T22:54:59+00:00
ACCT-000469,B0120,clean,,2026-07-22T22:54:59+00:00
ACCT-000470,B0120,clean,,2026-07-22T22:54:59+00:00
ACCT-000410,B0121,charge_mismatch,CustCharge summary drifted from charge detail,2026-07-22T23:56:13+00:00
ACCT-000467,B0121,rc_misreport,Export reports a phantom R-C difference,2026-07-22T23:56:13+00:00
ACCT-000453,B0121,known_diff,Remit short vs charges; difference disclosed on export,2026-07-22T23:56:13+00:00
ACCT-000139,B0121,clean,,2026-07-22T23:56:13+00:00
ACCT-000012,B0121,dup_payment,Duplicate payment row inflates SUM(Payment),2026-07-22T23:56:13+00:00
ACCT-000123,B0121,charge_mismatch,CustCharge summary drifted from charge detail,2026-07-22T23:56:13+00:00
ACCT-000122,B0121,clean,,2026-07-22T23:56:13+00:00
ACCT-000444,B0121,rc_misreport,Export reports a phantom R-C difference,2026-07-22T23:56:13+00:00
ACCT-000156,B0121,clean,,2026-07-22T23:56:13+00:00
ACCT-000065,B0121,known_diff,Remit short vs charges; difference disclosed on export,2026-07-22T23:56:13+00:00
ACCT-000281,B0121,known_diff,Remit short vs charges; difference disclosed on export,2026-07-22T23:56:13+00:00
ACCT-000190,B0121,dup_unfixable,Payment detail short of remit; no duplicates to zero out,2026-07-22T23:56:13+00:00
ACCT-000327,B0121,clean,,2026-07-22T23:56:13+00:00
ACCT-000132,B0121,payment_short,Payment detail short of remit; no duplicates to zero out,2026-07-22T23:56:13+00:00
ACCT-000407,B0121,clean,,2026-07-22T23:56:13+00:00
ACCT-000370,B0121,clean,,2026-07-22T23:56:13+00:00
ACCT-000405,B0121,known_diff,Remit short vs charges; difference disclosed on export,2026-07-22T23:56:13+00:00
ACCT-000283,B0121,clean,,2026-07-22T23:56:13+00:00
ACCT-000166,B0121,payment_short,Payment detail short of remit; no duplicates to zero out,2026-07-22T23:56:13+00:00
ACCT-000417,B0121,rc_misreport,Export reports a phantom R-C difference,2026-07-22T23:56:13+00:00
ACCT-000220,B0121,known_diff,Remit short vs charges; difference disclosed on export,2026-07-22T23:56:13+00:00
ACCT-000366,B0121,clean,,2026-07-22T23:56:13+00:00
ACCT-000436,B0121,clean,,2026-07-22T23:56:13+00:00
ACCT-000219,B0121,clean,,2026-07-22T23:56:13+00:00
ACCT-000149,B0121,clean,,2026-07-22T23:56:13+00:00
ACCT-000466,B0121,rc_misreport,Export reports a phantom R-C difference,2026-07-22T23:56:13+00:00
ACCT-000345,B0121,clean,,2026-07-22T23:56:13+00:00
ACCT-000303,B0121,clean,,2026-07-22T23:56:13+00:00
ACCT-000354,B0121,clean,,2026-07-22T23:56:13+00:00
ACCT-000145,B0121,clean,,2026-07-22T23:56:13+00:00
ACCT-000471,B0121,dup_adjustment,Duplicate adjustment row inflates SUM(AdjustmentAmt),2026-07-22T23:56:13+00:00
ACCT-000472,B0121,known_diff,Remit short vs charges; difference disclosed on export,2026-07-22T23:56:13+00:00
ACCT-000473,B0121,clean,,2026-07-22T23:56:13+00:00
ACCT-000474,B0121,clean,,2026-07-22T23:56:13+00:00
ACCT-000295,B0122,clean,,2026-07-23T02:07:22+00:00
ACCT-000077,B0122,clean,,2026-07-23T02:07:22+00:00
ACCT-000013,B0122,dup_charge,Duplicate charge row inflates SUM(UtilityCharge),2026-07-23T02:07:22+00:00
ACCT-000065,B0122,known_diff,Remit short vs charges; difference disclosed on export,2026-07-23T02:07:22+00:00
ACCT-000416,B0122,clean,,2026-07-23T02:07:22+00:00
ACCT-000220,B0122,dup_payment,Duplicate payment row inflates SUM(Payment),2026-07-23T02:07:22+00:00
ACCT-000085,B0122,clean,,2026-07-23T02:07:22+00:00
ACCT-000397,B0122,clean,,2026-07-23T02:07:22+00:00
ACCT-000388,B0122,clean,,2026-07-23T02:07:22+00:00
ACCT-000371,B0122,known_diff,Remit short vs charges; difference disclosed on export,2026-07-23T02:07:22+00:00
ACCT-000068,B0122,dup_payment,Duplicate payment row inflates SUM(Payment),2026-07-23T02:07:22+00:00
ACCT-000396,B0122,known_diff,Remit short vs charges; difference disclosed on export,2026-07-23T02:07:22+00:00
ACCT-000340,B0122,total_fail,Every check seeded to fail,2026-07-23T02:07:22+00:00
ACCT-000200,B0122,payment_short,Payment detail short of remit; no duplicates to zero out,2026-07-23T02:07:22+00:00
ACCT-000046,B0122,dup_payment,Duplicate payment row inflates SUM(Payment),2026-07-23T02:07:22+00:00
ACCT-000066,B0122,clean,,2026-07-23T02:07:22+00:00
ACCT-000223,B0122,payment_short,Payment detail short of remit; no duplicates to zero out,2026-07-23T02:07:22+00:00
ACCT-000262,B0122,clean,,2026-07-23T02:07:22+00:00
ACCT-000131,B0122,clean,,2026-07-23T02:07:22+00:00
ACCT-000334,B0122,clean,,2026-07-23T02:07:22+00:00
ACCT-000342,B0122,total_fail,Every check seeded to fail,2026-07-23T02:07:22+00:00
ACCT-000132,B0122,clean,,2026-07-23T02:07:22+00:00
ACCT-000225,B0122,clean,,2026-07-23T02:07:22+00:00
ACCT-000235,B0122,payment_short,Payment detail short of remit; no duplicates to zero out,2026-07-23T02:07:22+00:00
ACCT-000284,B0122,total_fail,Every check seeded to fail,2026-07-23T02:07:22+00:00
ACCT-000339,B0122,dup_payment,Duplicate payment row inflates SUM(Payment),2026-07-23T02:07:22+00:00
ACCT-000197,B0122,clean,,2026-07-23T02:07:22+00:00
ACCT-000069,B0122,dup_payment,Duplicate payment row inflates SUM(Payment),2026-07-23T02:07:22+00:00
ACCT-000359,B0122,rc_misreport,Export reports a phantom R-C difference,2026-07-23T02:07:22+00:00
ACCT-000281,B0122,dup_charge,Duplicate charge row inflates SUM(UtilityCharge),2026-07-23T02:07:22+00:00
ACCT-000282,B0122,dup_adjustment,Duplicate adjustment row inflates SUM(AdjustmentAmt),2026-07-23T02:07:22+00:00
ACCT-000280,B0122,known_diff,Remit short vs charges; difference disclosed on export,2026-07-23T02:07:22+00:00
ACCT-000094,B0122,clean,,2026-07-23T02:07:22+00:00
ACCT-000475,B0122,clean,,2026-07-23T02:07:22+00:00
ACCT-000476,B0122,clean,,2026-07-23T02:07:22+00:00
ACCT-000477,B0122,clean,,2026-07-23T02:07:22+00:00
ACCT-000478,B0122,clean,,2026-07-23T02:07:22+00:00
ACCT-000060,B0123,payment_short,Payment detail short of remit; no duplicates to zero out,2026-07-23T05:38:23+00:00
ACCT-000370,B0123,charge_mismatch,CustCharge summary drifted from charge detail,2026-07-23T05:38:23+00:00
ACCT-000449,B0123,clean,,2026-07-23T05:38:23+00:00
ACCT-000368,B0123,clean,,2026-07-23T05:38:23+00:00
ACCT-000377,B0123,clean,,2026-07-23T05:38:23+00:00
ACCT-000073,B0123,clean,,2026-07-23T05:38:23+00:00
ACCT-000151,B0123,clean,,2026-07-23T05:38:23+00:00
ACCT-000382,B0123,clean,,2026-07-23T05:38:23+00:00
ACCT-000090,B0123,adj_mismatch,Adjustments summary drifted from adjustment detail,2026-07-23T05:38:23+00:00
ACCT-000240,B0123,known_diff,Remit short vs charges; difference disclosed on export,2026-07-23T05:38:23+00:00
ACCT-000315,B0123,clean,,2026-07-23T05:38:23+00:00
ACCT-000208,B0123,clean,,2026-07-23T05:38:23+00:00
ACCT-000367,B0123,dup_unfixable,Payment detail short of remit; no duplicates to zero out,2026-07-23T05:38:23+00:00
ACCT-000209,B0123,clean,,2026-07-23T05:38:23+00:00
ACCT-000373,B0123,clean,,2026-07-23T05:38:23+00:00
ACCT-000403,B0123,payment_short,Payment detail short of remit; no duplicates to zero out,2026-07-23T05:38:23+00:00
ACCT-000044,B0123,dup_adjustment,Duplicate adjustment row inflates SUM(AdjustmentAmt),2026-07-23T05:38:23+00:00
ACCT-000160,B0123,adj_mismatch,Adjustments summary drifted from adjustment detail,2026-07-23T05:38:23+00:00
ACCT-000281,B0123,clean,,2026-07-23T05:38:23+00:00
ACCT-000460,B0123,clean,,2026-07-23T05:38:23+00:00
ACCT-000171,B0123,clean,,2026-07-23T05:38:23+00:00
ACCT-000409,B0123,dup_payment,Duplicate payment row inflates SUM(Payment),2026-07-23T05:38:23+00:00
ACCT-000426,B0123,clean,,2026-07-23T05:38:23+00:00
ACCT-000133,B0123,adj_mismatch,Adjustments summary drifted from adjustment detail,2026-07-23T05:38:23+00:00
ACCT-000238,B0123,charge_mismatch,CustCharge summary drifted from charge detail,2026-07-23T05:38:23+00:00
ACCT-000356,B0123,dup_charge,Duplicate charge row inflates SUM(UtilityCharge),2026-07-23T05:38:23+00:00
ACCT-000041,B0123,dup_charge,Duplicate charge row inflates SUM(UtilityCharge),2026-07-23T05:38:23+00:00
ACCT-000316,B0123,total_fail,Every check seeded to fail,2026-07-23T05:38:23+00:00
ACCT-000156,B0123,total_fail,Every check seeded to fail,2026-07-23T05:38:23+00:00
ACCT-000325,B0123,adj_mismatch,Adjustments summary drifted from adjustment detail,2026-07-23T05:38:23+00:00
ACCT-000009,B0123,dup_charge,Duplicate charge row inflates SUM(UtilityCharge),2026-07-23T05:38:23+00:00
ACCT-000109,B0123,clean,,2026-07-23T05:38:23+00:00
ACCT-000479,B0123,rc_misreport,Export reports a phantom R-C difference,2026-07-23T05:38:23+00:00
ACCT-000480,B0123,clean,,2026-07-23T05:38:23+00:00
ACCT-000229,B0124,dup_adjustment,Duplicate adjustment row inflates SUM(AdjustmentAmt),2026-07-23T08:14:51+00:00
ACCT-000276,B0124,clean,,2026-07-23T08:14:51+00:00
ACCT-000201,B0124,clean,,2026-07-23T08:14:51+00:00
ACCT-000383,B0124,known_diff,Remit short vs charges; difference disclosed on export,2026-07-23T08:14:51+00:00
ACCT-000119,B0124,dup_adjustment,Duplicate adjustment row inflates SUM(AdjustmentAmt),2026-07-23T08:14:51+00:00
ACCT-000031,B0124,clean,,2026-07-23T08:14:51+00:00
ACCT-000134,B0124,clean,,2026-07-23T08:14:51+00:00
ACCT-000443,B0124,clean,,2026-07-23T08:14:51+00:00
ACCT-000188,B0124,clean,,2026-07-23T08:14:51+00:00
ACCT-000137,B0124,clean,,2026-07-23T08:14:51+00:00
ACCT-000377,B0124,charge_mismatch,CustCharge summary drifted from charge detail,2026-07-23T08:14:51+00:00
ACCT-000208,B0124,dup_adjustment,Duplicate adjustment row inflates SUM(AdjustmentAmt),2026-07-23T08:14:51+00:00
ACCT-000423,B0124,known_diff,Remit short vs charges; difference disclosed on export,2026-07-23T08:14:51+00:00
ACCT-000475,B0124,clean,,2026-07-23T08:14:51+00:00
ACCT-000168,B0124,clean,,2026-07-23T08:14:51+00:00
ACCT-000244,B0124,dup_payment,Duplicate payment row inflates SUM(Payment),2026-07-23T08:14:51+00:00
ACCT-000096,B0124,clean,,2026-07-23T08:14:51+00:00
ACCT-000402,B0124,clean,,2026-07-23T08:14:51+00:00
ACCT-000297,B0124,rc_misreport,Export reports a phantom R-C difference,2026-07-23T08:14:51+00:00
ACCT-000274,B0124,total_fail,Every check seeded to fail,2026-07-23T08:14:51+00:00
ACCT-000198,B0124,payment_short,Payment detail short of remit; no duplicates to zero out,2026-07-23T08:14:51+00:00
ACCT-000285,B0124,rc_misreport,Export reports a phantom R-C difference,2026-07-23T08:14:51+00:00
ACCT-000432,B0124,charge_mismatch,CustCharge summary drifted from charge detail,2026-07-23T08:14:51+00:00
ACCT-000269,B0124,dup_adjustment,Duplicate adjustment row inflates SUM(AdjustmentAmt),2026-07-23T08:14:51+00:00
ACCT-000323,B0124,charge_mismatch,CustCharge summary drifted from charge detail,2026-07-23T08:14:51+00:00
ACCT-000481,B0124,clean,,2026-07-23T08:14:51+00:00
ACCT-000482,B0124,known_diff,Remit short vs charges; difference disclosed on export,2026-07-23T08:14:51+00:00
ACCT-000192,B0125,dup_payment,Duplicate payment row inflates SUM(Payment),2026-07-23T10:38:22+00:00
ACCT-000064,B0125,total_fail,Every check seeded to fail,2026-07-23T10:38:22+00:00
ACCT-000043,B0125,clean,,2026-07-23T10:38:22+00:00
ACCT-000292,B0125,payment_short,Payment detail short of remit; no duplicates to zero out,2026-07-23T10:38:22+00:00
ACCT-000076,B0125,clean,,2026-07-23T10:38:22+00:00
ACCT-000408,B0125,clean,,2026-07-23T10:38:22+00:00
ACCT-000406,B0125,clean,,2026-07-23T10:38:22+00:00
ACCT-000063,B0125,clean,,2026-07-23T10:38:22+00:00
ACCT-000137,B0125,clean,,2026-07-23T10:38:22+00:00
ACCT-000302,B0125,dup_charge,Duplicate charge row inflates SUM(UtilityCharge),2026-07-23T10:38:22+00:00
ACCT-000254,B0125,dup_adjustment,Duplicate adjustment row inflates SUM(AdjustmentAmt),2026-07-23T10:38:22+00:00
ACCT-000384,B0125,clean,,2026-07-23T10:38:22+00:00
ACCT-000321,B0125,dup_charge,Duplicate charge row inflates SUM(UtilityCharge),2026-07-23T10:38:22+00:00
ACCT-000437,B0125,clean,,2026-07-23T10:38:22+00:00
ACCT-000458,B0125,dup_charge,Duplicate charge row inflates SUM(UtilityCharge),2026-07-23T10:38:22+00:00
ACCT-000250,B0125,total_fail,Every check seeded to fail,2026-07-23T10:38:22+00:00
ACCT-000419,B0125,rc_misreport,Export reports a phantom R-C difference,2026-07-23T10:38:22+00:00
ACCT-000090,B0125,payment_short,Payment detail short of remit; no duplicates to zero out,2026-07-23T10:38:22+00:00
ACCT-000471,B0125,clean,,2026-07-23T10:38:22+00:00
ACCT-000424,B0125,payment_short,Payment detail short of remit; no duplicates to zero out,2026-07-23T10:38:22+00:00
ACCT-000447,B0125,clean,,2026-07-23T10:38:22+00:00
ACCT-000048,B0125,clean,,2026-07-23T10:38:22+00:00
ACCT-000155,B0125,clean,,2026-07-23T10:38:22+00:00
ACCT-000340,B0125,clean,,2026-07-23T10:38:22+00:00
ACCT-000034,B0125,clean,,2026-07-23T10:38:22+00:00
ACCT-000382,B0125,clean,,2026-07-23T10:38:22+00:00
ACCT-000145,B0125,charge_mismatch,CustCharge summary drifted from charge detail,2026-07-23T10:38:22+00:00
ACCT-000280,B0125,adj_mismatch,Adjustments summary drifted from adjustment detail,2026-07-23T10:38:22+00:00
ACCT-000217,B0125,clean,,2026-07-23T10:38:22+00:00
ACCT-000160,B0125,clean,,2026-07-23T10:38:22+00:00
ACCT-000483,B0125,payment_short,Payment detail short of remit; no duplicates to zero out,2026-07-23T10:38:22+00:00
ACCT-000484,B0125,clean,,2026-07-23T10:38:22+00:00
ACCT-000485,B0125,clean,,2026-07-23T10:38:22+00:00
ACCT-000115,B0126,dup_payment,Duplicate payment row inflates SUM(Payment),2026-07-23T12:20:03+00:00
ACCT-000428,B0126,clean,,2026-07-23T12:20:03+00:00
ACCT-000180,B0126,clean,,2026-07-23T12:20:03+00:00
ACCT-000094,B0126,clean,,2026-07-23T12:20:03+00:00
ACCT-000295,B0126,clean,,2026-07-23T12:20:03+00:00
ACCT-000367,B0126,dup_payment,Duplicate payment row inflates SUM(Payment),2026-07-23T12:20:03+00:00
ACCT-000009,B0126,clean,,2026-07-23T12:20:03+00:00
ACCT-000404,B0126,total_fail,Every check seeded to fail,2026-07-23T12:20:03+00:00
ACCT-000354,B0126,dup_payment,Duplicate payment row inflates SUM(Payment),2026-07-23T12:20:03+00:00
ACCT-000029,B0126,rc_misreport,Export reports a phantom R-C difference,2026-07-23T12:20:03+00:00
ACCT-000177,B0126,clean,,2026-07-23T12:20:03+00:00
ACCT-000132,B0126,total_fail,Every check seeded to fail,2026-07-23T12:20:03+00:00
ACCT-000022,B0126,dup_payment,Duplicate payment row inflates SUM(Payment),2026-07-23T12:20:03+00:00
ACCT-000258,B0126,payment_short,Payment detail short of remit; no duplicates to zero out,2026-07-23T12:20:03+00:00
ACCT-000063,B0126,charge_mismatch,CustCharge summary drifted from charge detail,2026-07-23T12:20:03+00:00
ACCT-000085,B0126,rc_misreport,Export reports a phantom R-C difference,2026-07-23T12:20:03+00:00
ACCT-000187,B0126,total_fail,Every check seeded to fail,2026-07-23T12:20:03+00:00
ACCT-000412,B0126,dup_adjustment,Duplicate adjustment row inflates SUM(AdjustmentAmt),2026-07-23T12:20:03+00:00
ACCT-000344,B0126,dup_adjustment,Duplicate adjustment row inflates SUM(AdjustmentAmt),2026-07-23T12:20:03+00:00
ACCT-000352,B0126,dup_charge,Duplicate charge row inflates SUM(UtilityCharge),2026-07-23T12:20:03+00:00
ACCT-000364,B0126,clean,,2026-07-23T12:20:03+00:00
ACCT-000201,B0126,rc_misreport,Export reports a phantom R-C difference,2026-07-23T12:20:03+00:00
ACCT-000397,B0126,rc_misreport,Export reports a phantom R-C difference,2026-07-23T12:20:03+00:00
ACCT-000099,B0126,rc_misreport,Export reports a phantom R-C difference,2026-07-23T12:20:03+00:00
ACCT-000082,B0126,clean,,2026-07-23T12:20:03+00:00
ACCT-000377,B0126,clean,,2026-07-23T12:20:03+00:00
ACCT-000371,B0126,clean,,2026-07-23T12:20:03+00:00
ACCT-000393,B0126,known_diff,Remit short vs charges; difference disclosed on export,2026-07-23T12:20:03+00:00
ACCT-000483,B0126,clean,,2026-07-23T12:20:03+00:00
ACCT-000268,B0126,adj_mismatch,Adjustments summary drifted from adjustment detail,2026-07-23T12:20:03+00:00
ACCT-000486,B0126,clean,,2026-07-23T12:20:03+00:00
ACCT-000487,B0126,clean,,2026-07-23T12:20:03+00:00
ACCT-000488,B0126,dup_adjustment,Duplicate adjustment row inflates SUM(AdjustmentAmt),2026-07-23T12:20:03+00:00
ACCT-000489,B0126,total_fail,Every check seeded to fail,2026-07-23T12:20:03+00:00
ACCT-000467,B0127,clean,,2026-07-23T14:40:04+00:00
ACCT-000359,B0127,total_fail,Every check seeded to fail,2026-07-23T14:40:04+00:00
ACCT-000168,B0127,total_fail,Every check seeded to fail,2026-07-23T14:40:04+00:00
ACCT-000039,B0127,clean,,2026-07-23T14:40:04+00:00
ACCT-000108,B0127,dup_payment,Duplicate payment row inflates SUM(Payment),2026-07-23T14:40:04+00:00
ACCT-000144,B0127,clean,,2026-07-23T14:40:04+00:00
ACCT-000269,B0127,dup_payment,Duplicate payment row inflates SUM(Payment),2026-07-23T14:40:04+00:00
ACCT-000452,B0127,clean,,2026-07-23T14:40:04+00:00
ACCT-000196,B0127,clean,,2026-07-23T14:40:04+00:00
ACCT-000107,B0127,dup_payment,Duplicate payment row inflates SUM(Payment),2026-07-23T14:40:04+00:00
ACCT-000336,B0127,adj_mismatch,Adjustments summary drifted from adjustment detail,2026-07-23T14:40:04+00:00
ACCT-000109,B0127,clean,,2026-07-23T14:40:04+00:00
ACCT-000317,B0127,charge_mismatch,CustCharge summary drifted from charge detail,2026-07-23T14:40:04+00:00
ACCT-000084,B0127,dup_unfixable,Payment detail short of remit; no duplicates to zero out,2026-07-23T14:40:04+00:00
ACCT-000321,B0127,dup_payment,Duplicate payment row inflates SUM(Payment),2026-07-23T14:40:04+00:00
ACCT-000201,B0127,clean,,2026-07-23T14:40:04+00:00
ACCT-000379,B0127,clean,,2026-07-23T14:40:04+00:00
ACCT-000253,B0127,clean,,2026-07-23T14:40:04+00:00
ACCT-000357,B0127,clean,,2026-07-23T14:40:04+00:00
ACCT-000368,B0127,payment_short,Payment detail short of remit; no duplicates to zero out,2026-07-23T14:40:04+00:00
ACCT-000024,B0127,clean,,2026-07-23T14:40:04+00:00
ACCT-000172,B0127,clean,,2026-07-23T14:40:04+00:00
ACCT-000445,B0127,clean,,2026-07-23T14:40:04+00:00
ACCT-000315,B0127,clean,,2026-07-23T14:40:04+00:00
ACCT-000453,B0127,clean,,2026-07-23T14:40:04+00:00
ACCT-000490,B0127,clean,,2026-07-23T14:40:04+00:00
ACCT-000491,B0127,rc_misreport,Export reports a phantom R-C difference,2026-07-23T14:40:04+00:00
ACCT-000419,B0128,dup_payment,Duplicate payment row inflates SUM(Payment),2026-07-23T16:21:43+00:00
ACCT-000386,B0128,charge_mismatch,CustCharge summary drifted from charge detail,2026-07-23T16:21:43+00:00
ACCT-000235,B0128,dup_charge,Duplicate charge row inflates SUM(UtilityCharge),2026-07-23T16:21:43+00:00
ACCT-000417,B0128,clean,,2026-07-23T16:21:43+00:00
ACCT-000093,B0128,clean,,2026-07-23T16:21:43+00:00
ACCT-000490,B0128,adj_mismatch,Adjustments summary drifted from adjustment detail,2026-07-23T16:21:43+00:00
ACCT-000416,B0128,clean,,2026-07-23T16:21:43+00:00
ACCT-000155,B0128,adj_mismatch,Adjustments summary drifted from adjustment detail,2026-07-23T16:21:43+00:00
ACCT-000353,B0128,dup_payment,Duplicate payment row inflates SUM(Payment),2026-07-23T16:21:43+00:00
ACCT-000302,B0128,dup_charge,Duplicate charge row inflates SUM(UtilityCharge),2026-07-23T16:21:43+00:00
ACCT-000429,B0128,dup_charge,Duplicate charge row inflates SUM(UtilityCharge),2026-07-23T16:21:43+00:00
ACCT-000414,B0128,clean,,2026-07-23T16:21:43+00:00
ACCT-000334,B0128,clean,,2026-07-23T16:21:43+00:00
ACCT-000060,B0128,clean,,2026-07-23T16:21:43+00:00
ACCT-000124,B0128,payment_short,Payment detail short of remit; no duplicates to zero out,2026-07-23T16:21:43+00:00
ACCT-000267,B0128,payment_short,Payment detail short of remit; no duplicates to zero out,2026-07-23T16:21:43+00:00
ACCT-000128,B0128,clean,,2026-07-23T16:21:43+00:00
ACCT-000312,B0128,dup_payment,Duplicate payment row inflates SUM(Payment),2026-07-23T16:21:43+00:00
ACCT-000310,B0128,total_fail,Every check seeded to fail,2026-07-23T16:21:43+00:00
ACCT-000193,B0128,clean,,2026-07-23T16:21:43+00:00
ACCT-000299,B0128,dup_adjustment,Duplicate adjustment row inflates SUM(AdjustmentAmt),2026-07-23T16:21:43+00:00
ACCT-000164,B0128,clean,,2026-07-23T16:21:43+00:00
ACCT-000232,B0128,adj_mismatch,Adjustments summary drifted from adjustment detail,2026-07-23T16:21:43+00:00
ACCT-000450,B0128,payment_short,Payment detail short of remit; no duplicates to zero out,2026-07-23T16:21:43+00:00
ACCT-000234,B0128,clean,,2026-07-23T16:21:43+00:00
ACCT-000370,B0128,clean,,2026-07-23T16:21:43+00:00
ACCT-000357,B0128,clean,,2026-07-23T16:21:43+00:00
ACCT-000129,B0128,dup_unfixable,Payment detail short of remit; no duplicates to zero out,2026-07-23T16:21:43+00:00
ACCT-000189,B0128,dup_payment,Duplicate payment row inflates SUM(Payment),2026-07-23T16:21:43+00:00
ACCT-000324,B0128,payment_short,Payment detail short of remit; no duplicates to zero out,2026-07-23T16:21:43+00:00
ACCT-000001,B0128,total_fail,Every check seeded to fail,2026-07-23T16:21:43+00:00
ACCT-000372,B0128,dup_payment,Duplicate payment row inflates SUM(Payment),2026-07-23T16:21:43+00:00
ACCT-000209,B0128,clean,,2026-07-23T16:21:43+00:00
ACCT-000390,B0128,clean,,2026-07-23T16:21:43+00:00
ACCT-000492,B0128,clean,,2026-07-23T16:21:43+00:00
ACCT-000493,B0128,clean,,2026-07-23T16:21:43+00:00
ACCT-000494,B0128,clean,,2026-07-23T16:21:43+00:00
ACCT-000295,B0129,clean,,2026-07-23T17:54:22+00:00
ACCT-000211,B0129,rc_misreport,Export reports a phantom R-C difference,2026-07-23T17:54:22+00:00
ACCT-000250,B0129,payment_short,Payment detail short of remit; no duplicates to zero out,2026-07-23T17:54:22+00:00
ACCT-000005,B0129,clean,,2026-07-23T17:54:22+00:00
ACCT-000256,B0129,payment_short,Payment detail short of remit; no duplicates to zero out,2026-07-23T17:54:22+00:00
ACCT-000414,B0129,clean,,2026-07-23T17:54:22+00:00
ACCT-000167,B0129,dup_adjustment,Duplicate adjustment row inflates SUM(AdjustmentAmt),2026-07-23T17:54:22+00:00
ACCT-000331,B0129,clean,,2026-07-23T17:54:22+00:00
ACCT-000392,B0129,clean,,2026-07-23T17:54:22+00:00
ACCT-000346,B0129,rc_misreport,Export reports a phantom R-C difference,2026-07-23T17:54:22+00:00
ACCT-000059,B0129,clean,,2026-07-23T17:54:22+00:00
ACCT-000466,B0129,dup_payment,Duplicate payment row inflates SUM(Payment),2026-07-23T17:54:22+00:00
ACCT-000190,B0129,clean,,2026-07-23T17:54:22+00:00
ACCT-000143,B0129,known_diff,Remit short vs charges; difference disclosed on export,2026-07-23T17:54:22+00:00
ACCT-000251,B0129,clean,,2026-07-23T17:54:22+00:00
ACCT-000433,B0129,rc_misreport,Export reports a phantom R-C difference,2026-07-23T17:54:22+00:00
ACCT-000321,B0129,clean,,2026-07-23T17:54:22+00:00
ACCT-000063,B0129,dup_charge,Duplicate charge row inflates SUM(UtilityCharge),2026-07-23T17:54:22+00:00
ACCT-000009,B0129,adj_mismatch,Adjustments summary drifted from adjustment detail,2026-07-23T17:54:22+00:00
ACCT-000337,B0129,dup_adjustment,Duplicate adjustment row inflates SUM(AdjustmentAmt),2026-07-23T17:54:22+00:00
ACCT-000177,B0129,clean,,2026-07-23T17:54:22+00:00
ACCT-000218,B0129,clean,,2026-07-23T17:54:22+00:00
ACCT-000162,B0129,clean,,2026-07-23T17:54:22+00:00
ACCT-000189,B0129,clean,,2026-07-23T17:54:22+00:00
ACCT-000166,B0129,dup_payment,Duplicate payment row inflates SUM(Payment),2026-07-23T17:54:22+00:00
ACCT-000209,B0129,clean,,2026-07-23T17:54:22+00:00
ACCT-000416,B0129,dup_unfixable,Payment detail short of remit; no duplicates to zero out,2026-07-23T17:54:22+00:00
ACCT-000309,B0129,clean,,2026-07-23T17:54:22+00:00
ACCT-000495,B0129,dup_payment,Duplicate payment row inflates SUM(Payment),2026-07-23T17:54:22+00:00
ACCT-000496,B0129,charge_mismatch,CustCharge summary drifted from charge detail,2026-07-23T17:54:22+00:00
ACCT-000497,B0129,clean,,2026-07-23T17:54:22+00:00
ACCT-000468,B0130,clean,,2026-07-23T19:02:10+00:00
ACCT-000323,B0130,dup_payment,Duplicate payment row inflates SUM(Payment),2026-07-23T19:02:10+00:00
ACCT-000292,B0130,clean,,2026-07-23T19:02:10+00:00
ACCT-000496,B0130,charge_mismatch,CustCharge summary drifted from charge detail,2026-07-23T19:02:10+00:00
ACCT-000362,B0130,clean,,2026-07-23T19:02:10+00:00
ACCT-000432,B0130,clean,,2026-07-23T19:02:10+00:00
ACCT-000289,B0130,payment_short,Payment detail short of remit; no duplicates to zero out,2026-07-23T19:02:10+00:00
ACCT-000245,B0130,clean,,2026-07-23T19:02:10+00:00
ACCT-000235,B0130,clean,,2026-07-23T19:02:10+00:00
ACCT-000242,B0130,clean,,2026-07-23T19:02:10+00:00
ACCT-000039,B0130,dup_payment,Duplicate payment row inflates SUM(Payment),2026-07-23T19:02:10+00:00
ACCT-000166,B0130,dup_payment,Duplicate payment row inflates SUM(Payment),2026-07-23T19:02:10+00:00
ACCT-000437,B0130,dup_unfixable,Payment detail short of remit; no duplicates to zero out,2026-07-23T19:02:10+00:00
ACCT-000471,B0130,clean,,2026-07-23T19:02:10+00:00
ACCT-000113,B0130,clean,,2026-07-23T19:02:10+00:00
ACCT-000115,B0130,charge_mismatch,CustCharge summary drifted from charge detail,2026-07-23T19:02:10+00:00
ACCT-000173,B0130,known_diff,Remit short vs charges; difference disclosed on export,2026-07-23T19:02:10+00:00
ACCT-000325,B0130,total_fail,Every check seeded to fail,2026-07-23T19:02:10+00:00
ACCT-000219,B0130,payment_short,Payment detail short of remit; no duplicates to zero out,2026-07-23T19:02:10+00:00
ACCT-000197,B0130,clean,,2026-07-23T19:02:10+00:00
ACCT-000350,B0130,clean,,2026-07-23T19:02:10+00:00
ACCT-000095,B0130,clean,,2026-07-23T19:02:10+00:00
ACCT-000431,B0130,dup_charge,Duplicate charge row inflates SUM(UtilityCharge),2026-07-23T19:02:10+00:00
ACCT-000274,B0130,clean,,2026-07-23T19:02:10+00:00
ACCT-000473,B0130,clean,,2026-07-23T19:02:10+00:00
ACCT-000251,B0130,charge_mismatch,CustCharge summary drifted from charge detail,2026-07-23T19:02:10+00:00
ACCT-000125,B0130,dup_payment,Duplicate payment row inflates SUM(Payment),2026-07-23T19:02:10+00:00
ACCT-000319,B0130,clean,,2026-07-23T19:02:10+00:00
ACCT-000180,B0130,dup_payment,Duplicate payment row inflates SUM(Payment),2026-07-23T19:02:10+00:00
ACCT-000498,B0130,clean,,2026-07-23T19:02:10+00:00
ACCT-000499,B0130,dup_payment,Duplicate payment row inflates SUM(Payment),2026-07-23T19:02:10+00:00
ACCT-000071,B0131,dup_payment,Duplicate payment row inflates SUM(Payment),2026-07-23T20:35:00+00:00
ACCT-000270,B0131,clean,,2026-07-23T20:35:00+00:00
ACCT-000275,B0131,payment_short,Payment detail short of remit; no duplicates to zero out,2026-07-23T20:35:00+00:00
ACCT-000280,B0131,clean,,2026-07-23T20:35:00+00:00
ACCT-000137,B0131,charge_mismatch,CustCharge summary drifted from charge detail,2026-07-23T20:35:00+00:00
ACCT-000360,B0131,known_diff,Remit short vs charges; difference disclosed on export,2026-07-23T20:35:00+00:00
ACCT-000257,B0131,clean,,2026-07-23T20:35:00+00:00
ACCT-000100,B0131,clean,,2026-07-23T20:35:00+00:00
ACCT-000312,B0131,payment_short,Payment detail short of remit; no duplicates to zero out,2026-07-23T20:35:00+00:00
ACCT-000337,B0131,clean,,2026-07-23T20:35:00+00:00
ACCT-000327,B0131,clean,,2026-07-23T20:35:00+00:00
ACCT-000373,B0131,rc_misreport,Export reports a phantom R-C difference,2026-07-23T20:35:00+00:00
ACCT-000096,B0131,adj_mismatch,Adjustments summary drifted from adjustment detail,2026-07-23T20:35:00+00:00
ACCT-000049,B0131,clean,,2026-07-23T20:35:00+00:00
ACCT-000028,B0131,payment_short,Payment detail short of remit; no duplicates to zero out,2026-07-23T20:35:00+00:00
ACCT-000126,B0131,clean,,2026-07-23T20:35:00+00:00
ACCT-000059,B0131,dup_payment,Duplicate payment row inflates SUM(Payment),2026-07-23T20:35:00+00:00
ACCT-000041,B0131,clean,,2026-07-23T20:35:00+00:00
ACCT-000476,B0131,dup_payment,Duplicate payment row inflates SUM(Payment),2026-07-23T20:35:00+00:00
ACCT-000263,B0131,rc_misreport,Export reports a phantom R-C difference,2026-07-23T20:35:00+00:00
ACCT-000348,B0131,clean,,2026-07-23T20:35:00+00:00
ACCT-000068,B0131,clean,,2026-07-23T20:35:00+00:00
ACCT-000057,B0131,rc_misreport,Export reports a phantom R-C difference,2026-07-23T20:35:00+00:00
ACCT-000084,B0131,total_fail,Every check seeded to fail,2026-07-23T20:35:00+00:00
ACCT-000433,B0131,clean,,2026-07-23T20:35:00+00:00
ACCT-000078,B0131,clean,,2026-07-23T20:35:00+00:00
ACCT-000393,B0131,clean,,2026-07-23T20:35:00+00:00
ACCT-000340,B0131,clean,,2026-07-23T20:35:00+00:00
ACCT-000111,B0131,known_diff,Remit short vs charges; difference disclosed on export,2026-07-23T20:35:00+00:00
ACCT-000117,B0131,dup_adjustment,Duplicate adjustment row inflates SUM(AdjustmentAmt),2026-07-23T20:35:00+00:00
ACCT-000284,B0131,clean,,2026-07-23T20:35:00+00:00
ACCT-000388,B0131,dup_payment,Duplicate payment row inflates SUM(Payment),2026-07-23T20:35:00+00:00
ACCT-000321,B0131,dup_adjustment,Duplicate adjustment row inflates SUM(AdjustmentAmt),2026-07-23T20:35:00+00:00
ACCT-000500,B0131,dup_payment,Duplicate payment row inflates SUM(Payment),2026-07-23T20:35:00+00:00
ACCT-000501,B0131,payment_short,Payment detail short of remit; no duplicates to zero out,2026-07-23T20:35:00+00:00
ACCT-000017,B0132,known_diff,Remit short vs charges; difference disclosed on export,2026-07-23T21:58:50+00:00
ACCT-000399,B0132,clean,,2026-07-23T21:58:50+00:00
ACCT-000022,B0132,clean,,2026-07-23T21:58:50+00:00
ACCT-000162,B0132,clean,,2026-07-23T21:58:50+00:00
ACCT-000372,B0132,clean,,2026-07-23T21:58:50+00:00
ACCT-000211,B0132,dup_adjustment,Duplicate adjustment row inflates SUM(AdjustmentAmt),2026-07-23T21:58:50+00:00
ACCT-000033,B0132,clean,,2026-07-23T21:58:50+00:00
ACCT-000438,B0132,payment_short,Payment detail short of remit; no duplicates to zero out,2026-07-23T21:58:50+00:00
ACCT-000073,B0132,clean,,2026-07-23T21:58:50+00:00
ACCT-000486,B0132,payment_short,Payment detail short of remit; no duplicates to zero out,2026-07-23T21:58:50+00:00
ACCT-000488,B0132,clean,,2026-07-23T21:58:50+00:00
ACCT-000151,B0132,payment_short,Payment detail short of remit; no duplicates to zero out,2026-07-23T21:58:50+00:00
ACCT-000439,B0132,clean,,2026-07-23T21:58:50+00:00
ACCT-000402,B0132,dup_payment,Duplicate payment row inflates SUM(Payment),2026-07-23T21:58:50+00:00
ACCT-000392,B0132,dup_payment,Duplicate payment row inflates SUM(Payment),2026-07-23T21:58:50+00:00
ACCT-000403,B0132,dup_adjustment,Duplicate adjustment row inflates SUM(AdjustmentAmt),2026-07-23T21:58:50+00:00
ACCT-000411,B0132,clean,,2026-07-23T21:58:50+00:00
ACCT-000357,B0132,clean,,2026-07-23T21:58:50+00:00
ACCT-000291,B0132,clean,,2026-07-23T21:58:50+00:00
ACCT-000288,B0132,clean,,2026-07-23T21:58:50+00:00
ACCT-000299,B0132,clean,,2026-07-23T21:58:50+00:00
ACCT-000247,B0132,clean,,2026-07-23T21:58:50+00:00
ACCT-000322,B0132,rc_misreport,Export reports a phantom R-C difference,2026-07-23T21:58:50+00:00
ACCT-000112,B0132,dup_payment,Duplicate payment row inflates SUM(Payment),2026-07-23T21:58:50+00:00
ACCT-000164,B0132,clean,,2026-07-23T21:58:50+00:00
ACCT-000343,B0132,adj_mismatch,Adjustments summary drifted from adjustment detail,2026-07-23T21:58:50+00:00
ACCT-000227,B0132,clean,,2026-07-23T21:58:50+00:00
ACCT-000165,B0132,charge_mismatch,CustCharge summary drifted from charge detail,2026-07-23T21:58:50+00:00
ACCT-000019,B0132,dup_charge,Duplicate charge row inflates SUM(UtilityCharge),2026-07-23T21:58:50+00:00
ACCT-000502,B0132,rc_misreport,Export reports a phantom R-C difference,2026-07-23T21:58:50+00:00
ACCT-000503,B0132,dup_payment,Duplicate payment row inflates SUM(Payment),2026-07-23T21:58:50+00:00
ACCT-000504,B0132,clean,,2026-07-23T21:58:50+00:00
ACCT-000239,B0133,dup_adjustment,Duplicate adjustment row inflates SUM(AdjustmentAmt),2026-07-23T22:57:28+00:00
ACCT-000342,B0133,rc_misreport,Export reports a phantom R-C difference,2026-07-23T22:57:28+00:00
ACCT-000382,B0133,clean,,2026-07-23T22:57:28+00:00
ACCT-000355,B0133,dup_payment,Duplicate payment row inflates SUM(Payment),2026-07-23T22:57:28+00:00
ACCT-000380,B0133,known_diff,Remit short vs charges; difference disclosed on export,2026-07-23T22:57:28+00:00
ACCT-000353,B0133,clean,,2026-07-23T22:57:28+00:00
ACCT-000228,B0133,clean,,2026-07-23T22:57:28+00:00
ACCT-000325,B0133,clean,,2026-07-23T22:57:28+00:00
ACCT-000405,B0133,clean,,2026-07-23T22:57:28+00:00
ACCT-000344,B0133,adj_mismatch,Adjustments summary drifted from adjustment detail,2026-07-23T22:57:28+00:00
ACCT-000144,B0133,clean,,2026-07-23T22:57:28+00:00
ACCT-000309,B0133,dup_payment,Duplicate payment row inflates SUM(Payment),2026-07-23T22:57:28+00:00
ACCT-000293,B0133,adj_mismatch,Adjustments summary drifted from adjustment detail,2026-07-23T22:57:28+00:00
ACCT-000481,B0133,clean,,2026-07-23T22:57:28+00:00
ACCT-000047,B0133,charge_mismatch,CustCharge summary drifted from charge detail,2026-07-23T22:57:28+00:00
ACCT-000005,B0133,clean,,2026-07-23T22:57:28+00:00
ACCT-000086,B0133,dup_charge,Duplicate charge row inflates SUM(UtilityCharge),2026-07-23T22:57:28+00:00
ACCT-000424,B0133,clean,,2026-07-23T22:57:28+00:00
ACCT-000396,B0133,clean,,2026-07-23T22:57:28+00:00
ACCT-000490,B0133,adj_mismatch,Adjustments summary drifted from adjustment detail,2026-07-23T22:57:28+00:00
ACCT-000423,B0133,adj_mismatch,Adjustments summary drifted from adjustment detail,2026-07-23T22:57:28+00:00
ACCT-000231,B0133,dup_payment,Duplicate payment row inflates SUM(Payment),2026-07-23T22:57:28+00:00
ACCT-000070,B0133,dup_payment,Duplicate payment row inflates SUM(Payment),2026-07-23T22:57:28+00:00
ACCT-000321,B0133,charge_mismatch,CustCharge summary drifted from charge detail,2026-07-23T22:57:28+00:00
ACCT-000048,B0133,dup_payment,Duplicate payment row inflates SUM(Payment),2026-07-23T22:57:28+00:00
ACCT-000092,B0133,adj_mismatch,Adjustments summary drifted from adjustment detail,2026-07-23T22:57:28+00:00
ACCT-000414,B0133,dup_charge,Duplicate charge row inflates SUM(UtilityCharge),2026-07-23T22:57:28+00:00
ACCT-000223,B0133,known_diff,Remit short vs charges; difference disclosed on export,2026-07-23T22:57:28+00:00
ACCT-000165,B0133,dup_payment,Duplicate payment row inflates SUM(Payment),2026-07-23T22:57:28+00:00
ACCT-000400,B0133,clean,,2026-07-23T22:57:28+00:00
ACCT-000254,B0133,rc_misreport,Export reports a phantom R-C difference,2026-07-23T22:57:28+00:00
ACCT-000214,B0133,dup_payment,Duplicate payment row inflates SUM(Payment),2026-07-23T22:57:28+00:00
ACCT-000256,B0133,clean,,2026-07-23T22:57:28+00:00
ACCT-000505,B0133,clean,,2026-07-23T22:57:28+00:00
ACCT-000506,B0133,clean,,2026-07-23T22:57:28+00:00
ACCT-000507,B0133,dup_adjustment,Duplicate adjustment row inflates SUM(AdjustmentAmt),2026-07-23T22:57:28+00:00
ACCT-000508,B0133,clean,,2026-07-23T22:57:28+00:00
ACCT-000226,B0134,clean,,2026-07-23T23:58:01+00:00
ACCT-000332,B0134,clean,,2026-07-23T23:58:01+00:00
ACCT-000228,B0134,clean,,2026-07-23T23:58:01+00:00
ACCT-000342,B0134,rc_misreport,Export reports a phantom R-C difference,2026-07-23T23:58:01+00:00
ACCT-000449,B0134,dup_payment,Duplicate payment row inflates SUM(Payment),2026-07-23T23:58:01+00:00
ACCT-000371,B0134,payment_short,Payment detail short of remit; no duplicates to zero out,2026-07-23T23:58:01+00:00
ACCT-000425,B0134,dup_payment,Duplicate payment row inflates SUM(Payment),2026-07-23T23:58:01+00:00
ACCT-000281,B0134,clean,,2026-07-23T23:58:01+00:00
ACCT-000134,B0134,clean,,2026-07-23T23:58:01+00:00
ACCT-000240,B0134,clean,,2026-07-23T23:58:01+00:00
ACCT-000270,B0134,clean,,2026-07-23T23:58:01+00:00
ACCT-000077,B0134,clean,,2026-07-23T23:58:01+00:00
ACCT-000508,B0134,charge_mismatch,CustCharge summary drifted from charge detail,2026-07-23T23:58:01+00:00
ACCT-000492,B0134,dup_adjustment,Duplicate adjustment row inflates SUM(AdjustmentAmt),2026-07-23T23:58:01+00:00
ACCT-000473,B0134,total_fail,Every check seeded to fail,2026-07-23T23:58:01+00:00
ACCT-000411,B0134,clean,,2026-07-23T23:58:01+00:00
ACCT-000050,B0134,dup_adjustment,Duplicate adjustment row inflates SUM(AdjustmentAmt),2026-07-23T23:58:01+00:00
ACCT-000202,B0134,dup_unfixable,Payment detail short of remit; no duplicates to zero out,2026-07-23T23:58:01+00:00
ACCT-000023,B0134,clean,,2026-07-23T23:58:01+00:00
ACCT-000406,B0134,clean,,2026-07-23T23:58:01+00:00
ACCT-000027,B0134,clean,,2026-07-23T23:58:01+00:00
ACCT-000434,B0134,clean,,2026-07-23T23:58:01+00:00
ACCT-000286,B0134,dup_payment,Duplicate payment row inflates SUM(Payment),2026-07-23T23:58:01+00:00
ACCT-000407,B0134,charge_mismatch,CustCharge summary drifted from charge detail,2026-07-23T23:58:01+00:00
ACCT-000422,B0134,dup_charge,Duplicate charge row inflates SUM(UtilityCharge),2026-07-23T23:58:01+00:00
ACCT-000355,B0134,charge_mismatch,CustCharge summary drifted from charge detail,2026-07-23T23:58:01+00:00
ACCT-000353,B0134,clean,,2026-07-23T23:58:01+00:00
ACCT-000303,B0134,payment_short,Payment detail short of remit; no duplicates to zero out,2026-07-23T23:58:01+00:00
ACCT-000483,B0134,total_fail,Every check seeded to fail,2026-07-23T23:58:01+00:00
ACCT-000137,B0134,payment_short,Payment detail short of remit; no duplicates to zero out,2026-07-23T23:58:01+00:00
ACCT-000509,B0134,clean,,2026-07-23T23:58:01+00:00
ACCT-000510,B0134,clean,,2026-07-23T23:58:01+00:00
ACCT-000511,B0134,clean,,2026-07-23T23:58:01+00:00
ACCT-000512,B0134,clean,,2026-07-23T23:58:01+00:00
ACCT-000303,B0135,clean,,2026-07-24T02:31:52+00:00
ACCT-000509,B0135,clean,,2026-07-24T02:31:52+00:00
ACCT-000354,B0135,dup_payment,Duplicate payment row inflates SUM(Payment),2026-07-24T02:31:52+00:00
ACCT-000426,B0135,dup_adjustment,Duplicate adjustment row inflates SUM(AdjustmentAmt),2026-07-24T02:31:52+00:00
ACCT-000298,B0135,rc_misreport,Export reports a phantom R-C difference,2026-07-24T02:31:52+00:00
ACCT-000001,B0135,clean,,2026-07-24T02:31:52+00:00
ACCT-000384,B0135,clean,,2026-07-24T02:31:52+00:00
ACCT-000069,B0135,clean,,2026-07-24T02:31:52+00:00
ACCT-000160,B0135,clean,,2026-07-24T02:31:52+00:00
ACCT-000106,B0135,clean,,2026-07-24T02:31:52+00:00
ACCT-000179,B0135,dup_adjustment,Duplicate adjustment row inflates SUM(AdjustmentAmt),2026-07-24T02:31:52+00:00
ACCT-000408,B0135,rc_misreport,Export reports a phantom R-C difference,2026-07-24T02:31:52+00:00
ACCT-000407,B0135,dup_payment,Duplicate payment row inflates SUM(Payment),2026-07-24T02:31:52+00:00
ACCT-000271,B0135,charge_mismatch,CustCharge summary drifted from charge detail,2026-07-24T02:31:52+00:00
ACCT-000244,B0135,dup_payment,Duplicate payment row inflates SUM(Payment),2026-07-24T02:31:52+00:00
ACCT-000418,B0135,clean,,2026-07-24T02:31:52+00:00
ACCT-000234,B0135,dup_payment,Duplicate payment row inflates SUM(Payment),2026-07-24T02:31:52+00:00
ACCT-000431,B0135,clean,,2026-07-24T02:31:52+00:00
ACCT-000021,B0135,clean,,2026-07-24T02:31:52+00:00
ACCT-000342,B0135,total_fail,Every check seeded to fail,2026-07-24T02:31:52+00:00
ACCT-000292,B0135,dup_charge,Duplicate charge row inflates SUM(UtilityCharge),2026-07-24T02:31:52+00:00
ACCT-000424,B0135,charge_mismatch,CustCharge summary drifted from charge detail,2026-07-24T02:31:52+00:00
ACCT-000371,B0135,clean,,2026-07-24T02:31:52+00:00
ACCT-000291,B0135,known_diff,Remit short vs charges; difference disclosed on export,2026-07-24T02:31:52+00:00
ACCT-000395,B0135,payment_short,Payment detail short of remit; no duplicates to zero out,2026-07-24T02:31:52+00:00
ACCT-000507,B0135,dup_charge,Duplicate charge row inflates SUM(UtilityCharge),2026-07-24T02:31:52+00:00
ACCT-000228,B0135,clean,,2026-07-24T02:31:52+00:00
ACCT-000360,B0135,charge_mismatch,CustCharge summary drifted from charge detail,2026-07-24T02:31:52+00:00
ACCT-000413,B0135,dup_charge,Duplicate charge row inflates SUM(UtilityCharge),2026-07-24T02:31:52+00:00
ACCT-000513,B0135,dup_payment,Duplicate payment row inflates SUM(Payment),2026-07-24T02:31:52+00:00
ACCT-000514,B0135,clean,,2026-07-24T02:31:52+00:00
ACCT-000515,B0135,clean,,2026-07-24T02:31:52+00:00
ACCT-000516,B0135,clean,,2026-07-24T02:31:52+00:00
ACCT-000362,B0136,clean,,2026-07-24T05:42:36+00:00
ACCT-000514,B0136,clean,,2026-07-24T05:42:36+00:00
ACCT-000064,B0136,payment_short,Payment detail short of remit; no duplicates to zero out,2026-07-24T05:42:36+00:00
ACCT-000268,B0136,adj_mismatch,Adjustments summary drifted from adjustment detail,2026-07-24T05:42:36+00:00
ACCT-000396,B0136,clean,,2026-07-24T05:42:36+00:00
ACCT-000427,B0136,known_diff,Remit short vs charges; difference disclosed on export,2026-07-24T05:42:36+00:00
ACCT-000136,B0136,clean,,2026-07-24T05:42:36+00:00
ACCT-000325,B0136,dup_payment,Duplicate payment row inflates SUM(Payment),2026-07-24T05:42:36+00:00
ACCT-000072,B0136,clean,,2026-07-24T05:42:36+00:00
ACCT-000211,B0136,adj_mismatch,Adjustments summary drifted from adjustment detail,2026-07-24T05:42:36+00:00
ACCT-000475,B0136,charge_mismatch,CustCharge summary drifted from charge detail,2026-07-24T05:42:36+00:00
ACCT-000055,B0136,rc_misreport,Export reports a phantom R-C difference,2026-07-24T05:42:36+00:00
ACCT-000048,B0136,dup_unfixable,Payment detail short of remit; no duplicates to zero out,2026-07-24T05:42:36+00:00
ACCT-000385,B0136,clean,,2026-07-24T05:42:36+00:00
ACCT-000052,B0136,adj_mismatch,Adjustments summary drifted from adjustment detail,2026-07-24T05:42:36+00:00
ACCT-000260,B0136,clean,,2026-07-24T05:42:36+00:00
ACCT-000257,B0136,dup_payment,Duplicate payment row inflates SUM(Payment),2026-07-24T05:42:36+00:00
ACCT-000197,B0136,dup_payment,Duplicate payment row inflates SUM(Payment),2026-07-24T05:42:36+00:00
ACCT-000513,B0136,payment_short,Payment detail short of remit; no duplicates to zero out,2026-07-24T05:42:36+00:00
ACCT-000419,B0136,rc_misreport,Export reports a phantom R-C difference,2026-07-24T05:42:36+00:00
ACCT-000001,B0136,adj_mismatch,Adjustments summary drifted from adjustment detail,2026-07-24T05:42:36+00:00
ACCT-000035,B0136,clean,,2026-07-24T05:42:36+00:00
ACCT-000112,B0136,payment_short,Payment detail short of remit; no duplicates to zero out,2026-07-24T05:42:36+00:00
ACCT-000150,B0136,clean,,2026-07-24T05:42:36+00:00
ACCT-000301,B0136,clean,,2026-07-24T05:42:36+00:00
ACCT-000111,B0136,clean,,2026-07-24T05:42:36+00:00
ACCT-000517,B0136,clean,,2026-07-24T05:42:36+00:00
ACCT-000518,B0136,clean,,2026-07-24T05:42:36+00:00
ACCT-000519,B0136,clean,,2026-07-24T05:42:36+00:00
ACCT-000520,B0136,dup_payment,Duplicate payment row inflates SUM(Payment),2026-07-24T05:42:36+00:00
ACCT-000051,B0137,total_fail,Every check seeded to fail,2026-07-24T08:11:04+00:00
ACCT-000451,B0137,clean,,2026-07-24T08:11:04+00:00
ACCT-000387,B0137,clean,,2026-07-24T08:11:04+00:00
ACCT-000491,B0137,charge_mismatch,CustCharge summary drifted from charge detail,2026-07-24T08:11:04+00:00
ACCT-000132,B0137,clean,,2026-07-24T08:11:04+00:00
ACCT-000155,B0137,clean,,2026-07-24T08:11:04+00:00
ACCT-000418,B0137,clean,,2026-07-24T08:11:04+00:00
ACCT-000444,B0137,payment_short,Payment detail short of remit; no duplicates to zero out,2026-07-24T08:11:04+00:00
ACCT-000254,B0137,charge_mismatch,CustCharge summary drifted from charge detail,2026-07-24T08:11:04+00:00
ACCT-000057,B0137,dup_unfixable,Payment detail short of remit; no duplicates to zero out,2026-07-24T08:11:04+00:00
ACCT-000163,B0137,clean,,2026-07-24T08:11:04+00:00
ACCT-000234,B0137,dup_charge,Duplicate charge row inflates SUM(UtilityCharge),2026-07-24T08:11:04+00:00
ACCT-000473,B0137,total_fail,Every check seeded to fail,2026-07-24T08:11:04+00:00
ACCT-000107,B0137,clean,,2026-07-24T08:11:04+00:00
ACCT-000078,B0137,dup_charge,Duplicate charge row inflates SUM(UtilityCharge),2026-07-24T08:11:04+00:00
ACCT-000439,B0137,clean,,2026-07-24T08:11:04+00:00
ACCT-000191,B0137,dup_adjustment,Duplicate adjustment row inflates SUM(AdjustmentAmt),2026-07-24T08:11:04+00:00
ACCT-000343,B0137,dup_payment,Duplicate payment row inflates SUM(Payment),2026-07-24T08:11:04+00:00
ACCT-000076,B0137,clean,,2026-07-24T08:11:04+00:00
ACCT-000232,B0137,charge_mismatch,CustCharge summary drifted from charge detail,2026-07-24T08:11:04+00:00
ACCT-000008,B0137,clean,,2026-07-24T08:11:04+00:00
ACCT-000177,B0137,payment_short,Payment detail short of remit; no duplicates to zero out,2026-07-24T08:11:04+00:00
ACCT-000055,B0137,dup_charge,Duplicate charge row inflates SUM(UtilityCharge),2026-07-24T08:11:04+00:00
ACCT-000292,B0137,clean,,2026-07-24T08:11:04+00:00
ACCT-000352,B0137,dup_adjustment,Duplicate adjustment row inflates SUM(AdjustmentAmt),2026-07-24T08:11:04+00:00
ACCT-000410,B0137,payment_short,Payment detail short of remit; no duplicates to zero out,2026-07-24T08:11:04+00:00
ACCT-000001,B0137,rc_misreport,Export reports a phantom R-C difference,2026-07-24T08:11:04+00:00
ACCT-000156,B0137,clean,,2026-07-24T08:11:04+00:00
ACCT-000298,B0137,dup_payment,Duplicate payment row inflates SUM(Payment),2026-07-24T08:11:04+00:00
ACCT-000036,B0137,dup_adjustment,Duplicate adjustment row inflates SUM(AdjustmentAmt),2026-07-24T08:11:04+00:00
ACCT-000241,B0137,clean,,2026-07-24T08:11:04+00:00
ACCT-000230,B0137,dup_charge,Duplicate charge row inflates SUM(UtilityCharge),2026-07-24T08:11:04+00:00
ACCT-000521,B0137,charge_mismatch,CustCharge summary drifted from charge detail,2026-07-24T08:11:04+00:00
ACCT-000522,B0137,clean,,2026-07-24T08:11:04+00:00
ACCT-000471,B0138,dup_charge,Duplicate charge row inflates SUM(UtilityCharge),2026-07-24T10:32:12+00:00
ACCT-000171,B0138,charge_mismatch,CustCharge summary drifted from charge detail,2026-07-24T10:32:12+00:00
ACCT-000345,B0138,dup_adjustment,Duplicate adjustment row inflates SUM(AdjustmentAmt),2026-07-24T10:32:12+00:00
ACCT-000055,B0138,dup_adjustment,Duplicate adjustment row inflates SUM(AdjustmentAmt),2026-07-24T10:32:12+00:00
ACCT-000456,B0138,dup_adjustment,Duplicate adjustment row inflates SUM(AdjustmentAmt),2026-07-24T10:32:12+00:00
ACCT-000135,B0138,dup_payment,Duplicate payment row inflates SUM(Payment),2026-07-24T10:32:12+00:00
ACCT-000441,B0138,clean,,2026-07-24T10:32:12+00:00
ACCT-000472,B0138,rc_misreport,Export reports a phantom R-C difference,2026-07-24T10:32:12+00:00
ACCT-000367,B0138,clean,,2026-07-24T10:32:12+00:00
ACCT-000008,B0138,dup_payment,Duplicate payment row inflates SUM(Payment),2026-07-24T10:32:12+00:00
ACCT-000322,B0138,dup_payment,Duplicate payment row inflates SUM(Payment),2026-07-24T10:32:12+00:00
ACCT-000098,B0138,clean,,2026-07-24T10:32:12+00:00
ACCT-000218,B0138,dup_charge,Duplicate charge row inflates SUM(UtilityCharge),2026-07-24T10:32:12+00:00
ACCT-000137,B0138,dup_charge,Duplicate charge row inflates SUM(UtilityCharge),2026-07-24T10:32:12+00:00
ACCT-000460,B0138,charge_mismatch,CustCharge summary drifted from charge detail,2026-07-24T10:32:12+00:00
ACCT-000316,B0138,clean,,2026-07-24T10:32:12+00:00
ACCT-000202,B0138,charge_mismatch,CustCharge summary drifted from charge detail,2026-07-24T10:32:12+00:00
ACCT-000522,B0138,dup_payment,Duplicate payment row inflates SUM(Payment),2026-07-24T10:32:12+00:00
ACCT-000252,B0138,clean,,2026-07-24T10:32:12+00:00
ACCT-000225,B0138,clean,,2026-07-24T10:32:12+00:00
ACCT-000504,B0138,clean,,2026-07-24T10:32:12+00:00
ACCT-000315,B0138,clean,,2026-07-24T10:32:12+00:00
ACCT-000493,B0138,payment_short,Payment detail short of remit; no duplicates to zero out,2026-07-24T10:32:12+00:00
ACCT-000301,B0138,dup_charge,Duplicate charge row inflates SUM(UtilityCharge),2026-07-24T10:32:12+00:00
ACCT-000190,B0138,dup_charge,Duplicate charge row inflates SUM(UtilityCharge),2026-07-24T10:32:12+00:00
ACCT-000509,B0138,dup_payment,Duplicate payment row inflates SUM(Payment),2026-07-24T10:32:12+00:00
ACCT-000464,B0138,clean,,2026-07-24T10:32:12+00:00
ACCT-000233,B0138,clean,,2026-07-24T10:32:12+00:00
ACCT-000006,B0138,clean,,2026-07-24T10:32:12+00:00
ACCT-000186,B0138,known_diff,Remit short vs charges; difference disclosed on export,2026-07-24T10:32:12+00:00
ACCT-000392,B0138,clean,,2026-07-24T10:32:12+00:00
ACCT-000100,B0138,dup_adjustment,Duplicate adjustment row inflates SUM(AdjustmentAmt),2026-07-24T10:32:12+00:00
ACCT-000224,B0138,dup_adjustment,Duplicate adjustment row inflates SUM(AdjustmentAmt),2026-07-24T10:32:12+00:00
ACCT-000371,B0138,dup_charge,Duplicate charge row inflates SUM(UtilityCharge),2026-07-24T10:32:12+00:00
ACCT-000149,B0138,clean,,2026-07-24T10:32:12+00:00
ACCT-000523,B0138,clean,,2026-07-24T10:32:12+00:00
ACCT-000524,B0138,clean,,2026-07-24T10:32:12+00:00
ACCT-000525,B0138,adj_mismatch,Adjustments summary drifted from adjustment detail,2026-07-24T10:32:12+00:00
ACCT-000526,B0138,known_diff,Remit short vs charges; difference disclosed on export,2026-07-24T10:32:12+00:00
ACCT-000160,B0139,charge_mismatch,CustCharge summary drifted from charge detail,2026-07-24T12:14:28+00:00
ACCT-000159,B0139,dup_charge,Duplicate charge row inflates SUM(UtilityCharge),2026-07-24T12:14:28+00:00
ACCT-000134,B0139,clean,,2026-07-24T12:14:28+00:00
ACCT-000303,B0139,clean,,2026-07-24T12:14:28+00:00
ACCT-000056,B0139,clean,,2026-07-24T12:14:28+00:00
ACCT-000511,B0139,clean,,2026-07-24T12:14:28+00:00
ACCT-000217,B0139,clean,,2026-07-24T12:14:28+00:00
ACCT-000406,B0139,clean,,2026-07-24T12:14:28+00:00
ACCT-000223,B0139,clean,,2026-07-24T12:14:28+00:00
ACCT-000357,B0139,clean,,2026-07-24T12:14:28+00:00
ACCT-000169,B0139,clean,,2026-07-24T12:14:28+00:00
ACCT-000206,B0139,clean,,2026-07-24T12:14:28+00:00
ACCT-000395,B0139,dup_payment,Duplicate payment row inflates SUM(Payment),2026-07-24T12:14:28+00:00
ACCT-000433,B0139,clean,,2026-07-24T12:14:28+00:00
ACCT-000404,B0139,payment_short,Payment detail short of remit; no duplicates to zero out,2026-07-24T12:14:28+00:00
ACCT-000423,B0139,clean,,2026-07-24T12:14:28+00:00
ACCT-000102,B0139,clean,,2026-07-24T12:14:28+00:00
ACCT-000100,B0139,total_fail,Every check seeded to fail,2026-07-24T12:14:28+00:00
ACCT-000372,B0139,dup_payment,Duplicate payment row inflates SUM(Payment),2026-07-24T12:14:28+00:00
ACCT-000119,B0139,clean,,2026-07-24T12:14:28+00:00
ACCT-000023,B0139,clean,,2026-07-24T12:14:28+00:00
ACCT-000410,B0139,clean,,2026-07-24T12:14:28+00:00
ACCT-000413,B0139,clean,,2026-07-24T12:14:28+00:00
ACCT-000344,B0139,dup_adjustment,Duplicate adjustment row inflates SUM(AdjustmentAmt),2026-07-24T12:14:28+00:00
ACCT-000480,B0139,clean,,2026-07-24T12:14:28+00:00
ACCT-000450,B0139,dup_adjustment,Duplicate adjustment row inflates SUM(AdjustmentAmt),2026-07-24T12:14:28+00:00
ACCT-000058,B0139,clean,,2026-07-24T12:14:28+00:00
ACCT-000059,B0139,clean,,2026-07-24T12:14:28+00:00
ACCT-000467,B0139,clean,,2026-07-24T12:14:28+00:00
ACCT-000035,B0139,dup_payment,Duplicate payment row inflates SUM(Payment),2026-07-24T12:14:28+00:00
ACCT-000224,B0139,clean,,2026-07-24T12:14:28+00:00
ACCT-000104,B0139,dup_payment,Duplicate payment row inflates SUM(Payment),2026-07-24T12:14:28+00:00
ACCT-000133,B0139,clean,,2026-07-24T12:14:28+00:00
ACCT-000527,B0139,payment_short,Payment detail short of remit; no duplicates to zero out,2026-07-24T12:14:28+00:00
ACCT-000528,B0139,rc_misreport,Export reports a phantom R-C difference,2026-07-24T12:14:28+00:00
ACCT-000529,B0139,dup_charge,Duplicate charge row inflates SUM(UtilityCharge),2026-07-24T12:14:28+00:00
ACCT-000530,B0139,dup_payment,Duplicate payment row inflates SUM(Payment),2026-07-24T12:14:28+00:00
ACCT-000128,B0140,clean,,2026-07-24T14:19:23+00:00
ACCT-000119,B0140,clean,,2026-07-24T14:19:23+00:00
ACCT-000022,B0140,clean,,2026-07-24T14:19:23+00:00
ACCT-000505,B0140,total_fail,Every check seeded to fail,2026-07-24T14:19:23+00:00
ACCT-000314,B0140,dup_payment,Duplicate payment row inflates SUM(Payment),2026-07-24T14:19:23+00:00
ACCT-000238,B0140,clean,,2026-07-24T14:19:23+00:00
ACCT-000402,B0140,clean,,2026-07-24T14:19:23+00:00
ACCT-000221,B0140,clean,,2026-07-24T14:19:23+00:00
ACCT-000170,B0140,clean,,2026-07-24T14:19:23+00:00
ACCT-000275,B0140,dup_payment,Duplicate payment row inflates SUM(Payment),2026-07-24T14:19:23+00:00
ACCT-000133,B0140,clean,,2026-07-24T14:19:23+00:00
ACCT-000214,B0140,dup_unfixable,Payment detail short of remit; no duplicates to zero out,2026-07-24T14:19:23+00:00
ACCT-000283,B0140,clean,,2026-07-24T14:19:23+00:00
ACCT-000044,B0140,dup_charge,Duplicate charge row inflates SUM(UtilityCharge),2026-07-24T14:19:23+00:00
ACCT-000529,B0140,known_diff,Remit short vs charges; difference disclosed on export,2026-07-24T14:19:23+00:00
ACCT-000419,B0140,dup_adjustment,Duplicate adjustment row inflates SUM(AdjustmentAmt),2026-07-24T14:19:23+00:00
ACCT-000447,B0140,clean,,2026-07-24T14:19:23+00:00
ACCT-000448,B0140,known_diff,Remit short vs charges; difference disclosed on export,2026-07-24T14:19:23+00:00
ACCT-000311,B0140,clean,,2026-07-24T14:19:23+00:00
ACCT-000200,B0140,clean,,2026-07-24T14:19:23+00:00
ACCT-000471,B0140,clean,,2026-07-24T14:19:23+00:00
ACCT-000181,B0140,clean,,2026-07-24T14:19:23+00:00
ACCT-000235,B0140,clean,,2026-07-24T14:19:23+00:00
ACCT-000118,B0140,rc_misreport,Export reports a phantom R-C difference,2026-07-24T14:19:23+00:00
ACCT-000436,B0140,clean,,2026-07-24T14:19:23+00:00
ACCT-000288,B0140,clean,,2026-07-24T14:19:23+00:00
ACCT-000233,B0140,dup_charge,Duplicate charge row inflates SUM(UtilityCharge),2026-07-24T14:19:23+00:00
ACCT-000464,B0140,clean,,2026-07-24T14:19:23+00:00
ACCT-000357,B0140,dup_payment,Duplicate payment row inflates SUM(Payment),2026-07-24T14:19:23+00:00
ACCT-000261,B0140,clean,,2026-07-24T14:19:23+00:00
ACCT-000463,B0140,clean,,2026-07-24T14:19:23+00:00
ACCT-000531,B0140,clean,,2026-07-24T14:19:23+00:00
ACCT-000532,B0140,clean,,2026-07-24T14:19:23+00:00
ACCT-000533,B0140,clean,,2026-07-24T14:19:23+00:00
ACCT-000534,B0140,payment_short,Payment detail short of remit; no duplicates to zero out,2026-07-24T14:19:23+00:00
ACCT-000391,B0141,dup_charge,Duplicate charge row inflates SUM(UtilityCharge),2026-07-24T15:52:26+00:00
ACCT-000305,B0141,known_diff,Remit short vs charges; difference disclosed on export,2026-07-24T15:52:26+00:00
ACCT-000452,B0141,dup_adjustment,Duplicate adjustment row inflates SUM(AdjustmentAmt),2026-07-24T15:52:26+00:00
ACCT-000512,B0141,clean,,2026-07-24T15:52:26+00:00
ACCT-000157,B0141,clean,,2026-07-24T15:52:26+00:00
ACCT-000341,B0141,clean,,2026-07-24T15:52:26+00:00
ACCT-000492,B0141,dup_payment,Duplicate payment row inflates SUM(Payment),2026-07-24T15:52:26+00:00
ACCT-000373,B0141,dup_payment,Duplicate payment row inflates SUM(Payment),2026-07-24T15:52:26+00:00
ACCT-000196,B0141,clean,,2026-07-24T15:52:26+00:00
ACCT-000471,B0141,dup_charge,Duplicate charge row inflates SUM(UtilityCharge),2026-07-24T15:52:26+00:00
ACCT-000491,B0141,clean,,2026-07-24T15:52:26+00:00
ACCT-000091,B0141,clean,,2026-07-24T15:52:26+00:00
ACCT-000527,B0141,clean,,2026-07-24T15:52:26+00:00
ACCT-000167,B0141,adj_mismatch,Adjustments summary drifted from adjustment detail,2026-07-24T15:52:26+00:00
ACCT-000018,B0141,clean,,2026-07-24T15:52:26+00:00
ACCT-000075,B0141,dup_charge,Duplicate charge row inflates SUM(UtilityCharge),2026-07-24T15:52:26+00:00
ACCT-000019,B0141,dup_payment,Duplicate payment row inflates SUM(Payment),2026-07-24T15:52:26+00:00
ACCT-000307,B0141,clean,,2026-07-24T15:52:26+00:00
ACCT-000192,B0141,clean,,2026-07-24T15:52:26+00:00
ACCT-000468,B0141,adj_mismatch,Adjustments summary drifted from adjustment detail,2026-07-24T15:52:26+00:00
ACCT-000533,B0141,dup_adjustment,Duplicate adjustment row inflates SUM(AdjustmentAmt),2026-07-24T15:52:26+00:00
ACCT-000206,B0141,dup_payment,Duplicate payment row inflates SUM(Payment),2026-07-24T15:52:26+00:00
ACCT-000461,B0141,clean,,2026-07-24T15:52:26+00:00
ACCT-000028,B0141,known_diff,Remit short vs charges; difference disclosed on export,2026-07-24T15:52:26+00:00
ACCT-000123,B0141,clean,,2026-07-24T15:52:26+00:00
ACCT-000338,B0141,clean,,2026-07-24T15:52:26+00:00
ACCT-000078,B0141,dup_adjustment,Duplicate adjustment row inflates SUM(AdjustmentAmt),2026-07-24T15:52:26+00:00
ACCT-000322,B0141,dup_charge,Duplicate charge row inflates SUM(UtilityCharge),2026-07-24T15:52:26+00:00
ACCT-000535,B0141,clean,,2026-07-24T15:52:26+00:00
ACCT-000536,B0141,clean,,2026-07-24T15:52:26+00:00
ACCT-000537,B0141,rc_misreport,Export reports a phantom R-C difference,2026-07-24T15:52:26+00:00
ACCT-000538,B0141,clean,,2026-07-24T15:52:26+00:00
ACCT-000297,B0142,clean,,2026-07-24T17:22:13+00:00
ACCT-000396,B0142,dup_payment,Duplicate payment row inflates SUM(Payment),2026-07-24T17:22:13+00:00
ACCT-000449,B0142,clean,,2026-07-24T17:22:13+00:00
ACCT-000225,B0142,clean,,2026-07-24T17:22:13+00:00
ACCT-000455,B0142,dup_payment,Duplicate payment row inflates SUM(Payment),2026-07-24T17:22:13+00:00
ACCT-000185,B0142,payment_short,Payment detail short of remit; no duplicates to zero out,2026-07-24T17:22:13+00:00
ACCT-000340,B0142,clean,,2026-07-24T17:22:13+00:00
ACCT-000175,B0142,clean,,2026-07-24T17:22:13+00:00
ACCT-000215,B0142,clean,,2026-07-24T17:22:13+00:00
ACCT-000398,B0142,dup_adjustment,Duplicate adjustment row inflates SUM(AdjustmentAmt),2026-07-24T17:22:13+00:00
ACCT-000058,B0142,clean,,2026-07-24T17:22:13+00:00
ACCT-000035,B0142,clean,,2026-07-24T17:22:13+00:00
ACCT-000442,B0142,adj_mismatch,Adjustments summary drifted from adjustment detail,2026-07-24T17:22:13+00:00
ACCT-000502,B0142,dup_payment,Duplicate payment row inflates SUM(Payment),2026-07-24T17:22:13+00:00
ACCT-000217,B0142,payment_short,Payment detail short of remit; no duplicates to zero out,2026-07-24T17:22:13+00:00
ACCT-000508,B0142,rc_misreport,Export reports a phantom R-C difference,2026-07-24T17:22:13+00:00
ACCT-000028,B0142,rc_misreport,Export reports a phantom R-C difference,2026-07-24T17:22:13+00:00
ACCT-000243,B0142,clean,,2026-07-24T17:22:13+00:00
ACCT-000308,B0142,charge_mismatch,CustCharge summary drifted from charge detail,2026-07-24T17:22:13+00:00
ACCT-000337,B0142,clean,,2026-07-24T17:22:13+00:00
ACCT-000431,B0142,clean,,2026-07-24T17:22:13+00:00
ACCT-000096,B0142,charge_mismatch,CustCharge summary drifted from charge detail,2026-07-24T17:22:13+00:00
ACCT-000080,B0142,clean,,2026-07-24T17:22:13+00:00
ACCT-000146,B0142,dup_adjustment,Duplicate adjustment row inflates SUM(AdjustmentAmt),2026-07-24T17:22:13+00:00
ACCT-000023,B0142,dup_unfixable,Payment detail short of remit; no duplicates to zero out,2026-07-24T17:22:13+00:00
ACCT-000539,B0142,dup_payment,Duplicate payment row inflates SUM(Payment),2026-07-24T17:22:13+00:00
ACCT-000540,B0142,adj_mismatch,Adjustments summary drifted from adjustment detail,2026-07-24T17:22:13+00:00
ACCT-000522,B0143,clean,,2026-07-24T18:54:21+00:00
ACCT-000521,B0143,clean,,2026-07-24T18:54:21+00:00
ACCT-000329,B0143,dup_payment,Duplicate payment row inflates SUM(Payment),2026-07-24T18:54:21+00:00
ACCT-000145,B0143,charge_mismatch,CustCharge summary drifted from charge detail,2026-07-24T18:54:21+00:00
ACCT-000028,B0143,dup_payment,Duplicate payment row inflates SUM(Payment),2026-07-24T18:54:21+00:00
ACCT-000017,B0143,clean,,2026-07-24T18:54:21+00:00
ACCT-000432,B0143,rc_misreport,Export reports a phantom R-C difference,2026-07-24T18:54:21+00:00
ACCT-000277,B0143,clean,,2026-07-24T18:54:21+00:00
ACCT-000451,B0143,clean,,2026-07-24T18:54:21+00:00
ACCT-000184,B0143,adj_mismatch,Adjustments summary drifted from adjustment detail,2026-07-24T18:54:21+00:00
ACCT-000359,B0143,clean,,2026-07-24T18:54:21+00:00
ACCT-000015,B0143,clean,,2026-07-24T18:54:21+00:00
ACCT-000353,B0143,clean,,2026-07-24T18:54:21+00:00
ACCT-000331,B0143,charge_mismatch,CustCharge summary drifted from charge detail,2026-07-24T18:54:21+00:00
ACCT-000350,B0143,dup_charge,Duplicate charge row inflates SUM(UtilityCharge),2026-07-24T18:54:21+00:00
ACCT-000518,B0143,clean,,2026-07-24T18:54:21+00:00
ACCT-000455,B0143,adj_mismatch,Adjustments summary drifted from adjustment detail,2026-07-24T18:54:21+00:00
ACCT-000249,B0143,clean,,2026-07-24T18:54:21+00:00
ACCT-000114,B0143,clean,,2026-07-24T18:54:21+00:00
ACCT-000226,B0143,clean,,2026-07-24T18:54:21+00:00
ACCT-000012,B0143,clean,,2026-07-24T18:54:21+00:00
ACCT-000155,B0143,charge_mismatch,CustCharge summary drifted from charge detail,2026-07-24T18:54:21+00:00
ACCT-000442,B0143,clean,,2026-07-24T18:54:21+00:00
ACCT-000219,B0143,clean,,2026-07-24T18:54:21+00:00
ACCT-000410,B0143,clean,,2026-07-24T18:54:21+00:00
ACCT-000074,B0143,clean,,2026-07-24T18:54:21+00:00
ACCT-000541,B0143,total_fail,Every check seeded to fail,2026-07-24T18:54:21+00:00
ACCT-000542,B0143,clean,,2026-07-24T18:54:21+00:00
ACCT-000543,B0143,dup_charge,Duplicate charge row inflates SUM(UtilityCharge),2026-07-24T18:54:21+00:00
ACCT-000392,B0144,clean,,2026-07-24T20:12:52+00:00
ACCT-000187,B0144,clean,,2026-07-24T20:12:52+00:00
ACCT-000303,B0144,dup_unfixable,Payment detail short of remit; no duplicates to zero out,2026-07-24T20:12:52+00:00
ACCT-000260,B0144,adj_mismatch,Adjustments summary drifted from adjustment detail,2026-07-24T20:12:52+00:00
ACCT-000083,B0144,clean,,2026-07-24T20:12:52+00:00
ACCT-000185,B0144,total_fail,Every check seeded to fail,2026-07-24T20:12:52+00:00
ACCT-000298,B0144,adj_mismatch,Adjustments summary drifted from adjustment detail,2026-07-24T20:12:52+00:00
ACCT-000204,B0144,payment_short,Payment detail short of remit; no duplicates to zero out,2026-07-24T20:12:52+00:00
ACCT-000398,B0144,total_fail,Every check seeded to fail,2026-07-24T20:12:52+00:00
ACCT-000026,B0144,dup_adjustment,Duplicate adjustment row inflates SUM(AdjustmentAmt),2026-07-24T20:12:52+00:00
ACCT-000262,B0144,dup_payment,Duplicate payment row inflates SUM(Payment),2026-07-24T20:12:52+00:00
ACCT-000173,B0144,dup_payment,Duplicate payment row inflates SUM(Payment),2026-07-24T20:12:52+00:00
ACCT-000417,B0144,clean,,2026-07-24T20:12:52+00:00
ACCT-000071,B0144,clean,,2026-07-24T20:12:52+00:00
ACCT-000241,B0144,clean,,2026-07-24T20:12:52+00:00
ACCT-000345,B0144,dup_payment,Duplicate payment row inflates SUM(Payment),2026-07-24T20:12:52+00:00
ACCT-000086,B0144,dup_payment,Duplicate payment row inflates SUM(Payment),2026-07-24T20:12:52+00:00
ACCT-000093,B0144,dup_adjustment,Duplicate adjustment row inflates SUM(AdjustmentAmt),2026-07-24T20:12:52+00:00
ACCT-000355,B0144,rc_misreport,Export reports a phantom R-C difference,2026-07-24T20:12:52+00:00
ACCT-000182,B0144,clean,,2026-07-24T20:12:52+00:00
ACCT-000376,B0144,clean,,2026-07-24T20:12:52+00:00
ACCT-000024,B0144,clean,,2026-07-24T20:12:52+00:00
ACCT-000343,B0144,rc_misreport,Export reports a phantom R-C difference,2026-07-24T20:12:52+00:00
ACCT-000023,B0144,clean,,2026-07-24T20:12:52+00:00
ACCT-000532,B0144,clean,,2026-07-24T20:12:52+00:00
ACCT-000104,B0144,clean,,2026-07-24T20:12:52+00:00
ACCT-000164,B0144,dup_charge,Duplicate charge row inflates SUM(UtilityCharge),2026-07-24T20:12:52+00:00
ACCT-000544,B0144,clean,,2026-07-24T20:12:52+00:00
ACCT-000545,B0144,clean,,2026-07-24T20:12:52+00:00
ACCT-000546,B0144,clean,,2026-07-24T20:12:52+00:00
ACCT-000547,B0144,payment_short,Payment detail short of remit; no duplicates to zero out,2026-07-24T20:12:52+00:00
ACCT-000382,B0145,clean,,2026-07-24T21:34:35+00:00
ACCT-000461,B0145,clean,,2026-07-24T21:34:35+00:00
ACCT-000334,B0145,clean,,2026-07-24T21:34:35+00:00
ACCT-000158,B0145,clean,,2026-07-24T21:34:35+00:00
ACCT-000500,B0145,clean,,2026-07-24T21:34:35+00:00
ACCT-000499,B0145,total_fail,Every check seeded to fail,2026-07-24T21:34:35+00:00
ACCT-000485,B0145,dup_payment,Duplicate payment row inflates SUM(Payment),2026-07-24T21:34:35+00:00
ACCT-000361,B0145,adj_mismatch,Adjustments summary drifted from adjustment detail,2026-07-24T21:34:35+00:00
ACCT-000013,B0145,clean,,2026-07-24T21:34:35+00:00
ACCT-000178,B0145,rc_misreport,Export reports a phantom R-C difference,2026-07-24T21:34:35+00:00
ACCT-000484,B0145,total_fail,Every check seeded to fail,2026-07-24T21:34:35+00:00
ACCT-000511,B0145,payment_short,Payment detail short of remit; no duplicates to zero out,2026-07-24T21:34:35+00:00
ACCT-000207,B0145,clean,,2026-07-24T21:34:35+00:00
ACCT-000373,B0145,payment_short,Payment detail short of remit; no duplicates to zero out,2026-07-24T21:34:35+00:00
ACCT-000099,B0145,clean,,2026-07-24T21:34:35+00:00
ACCT-000295,B0145,clean,,2026-07-24T21:34:35+00:00
ACCT-000064,B0145,dup_adjustment,Duplicate adjustment row inflates SUM(AdjustmentAmt),2026-07-24T21:34:35+00:00
ACCT-000314,B0145,dup_adjustment,Duplicate adjustment row inflates SUM(AdjustmentAmt),2026-07-24T21:34:35+00:00
ACCT-000102,B0145,total_fail,Every check seeded to fail,2026-07-24T21:34:35+00:00
ACCT-000399,B0145,known_diff,Remit short vs charges; difference disclosed on export,2026-07-24T21:34:35+00:00
ACCT-000449,B0145,adj_mismatch,Adjustments summary drifted from adjustment detail,2026-07-24T21:34:35+00:00
ACCT-000090,B0145,dup_payment,Duplicate payment row inflates SUM(Payment),2026-07-24T21:34:35+00:00
ACCT-000472,B0145,known_diff,Remit short vs charges; difference disclosed on export,2026-07-24T21:34:35+00:00
ACCT-000268,B0145,dup_payment,Duplicate payment row inflates SUM(Payment),2026-07-24T21:34:35+00:00
ACCT-000151,B0145,adj_mismatch,Adjustments summary drifted from adjustment detail,2026-07-24T21:34:35+00:00
ACCT-000296,B0145,clean,,2026-07-24T21:34:35+00:00
ACCT-000014,B0145,known_diff,Remit short vs charges; difference disclosed on export,2026-07-24T21:34:35+00:00
ACCT-000197,B0145,charge_mismatch,CustCharge summary drifted from charge detail,2026-07-24T21:34:35+00:00
ACCT-000447,B0145,clean,,2026-07-24T21:34:35+00:00
ACCT-000523,B0145,clean,,2026-07-24T21:34:35+00:00
ACCT-000059,B0145,clean,,2026-07-24T21:34:35+00:00
ACCT-000496,B0145,charge_mismatch,CustCharge summary drifted from charge detail,2026-07-24T21:34:35+00:00
ACCT-000384,B0145,clean,,2026-07-24T21:34:35+00:00
ACCT-000453,B0145,clean,,2026-07-24T21:34:35+00:00
ACCT-000548,B0145,dup_payment,Duplicate payment row inflates SUM(Payment),2026-07-24T21:34:35+00:00
ACCT-000549,B0145,clean,,2026-07-24T21:34:35+00:00
ACCT-000550,B0145,clean,,2026-07-24T21:34:35+00:00
ACCT-000167,B0146,clean,,2026-07-24T22:55:06+00:00
ACCT-000303,B0146,clean,,2026-07-24T22:55:06+00:00
ACCT-000012,B0146,known_diff,Remit short vs charges; difference disclosed on export,2026-07-24T22:55:06+00:00
ACCT-000543,B0146,clean,,2026-07-24T22:55:06+00:00
ACCT-000207,B0146,payment_short,Payment detail short of remit; no duplicates to zero out,2026-07-24T22:55:06+00:00
ACCT-000283,B0146,clean,,2026-07-24T22:55:06+00:00
ACCT-000318,B0146,adj_mismatch,Adjustments summary drifted from adjustment detail,2026-07-24T22:55:06+00:00
ACCT-000117,B0146,dup_charge,Duplicate charge row inflates SUM(UtilityCharge),2026-07-24T22:55:06+00:00
ACCT-000502,B0146,clean,,2026-07-24T22:55:06+00:00
ACCT-000124,B0146,total_fail,Every check seeded to fail,2026-07-24T22:55:06+00:00
ACCT-000327,B0146,clean,,2026-07-24T22:55:06+00:00
ACCT-000104,B0146,clean,,2026-07-24T22:55:06+00:00
ACCT-000308,B0146,rc_misreport,Export reports a phantom R-C difference,2026-07-24T22:55:06+00:00
ACCT-000077,B0146,dup_payment,Duplicate payment row inflates SUM(Payment),2026-07-24T22:55:06+00:00
ACCT-000549,B0146,clean,,2026-07-24T22:55:06+00:00
ACCT-000359,B0146,clean,,2026-07-24T22:55:06+00:00
ACCT-000278,B0146,rc_misreport,Export reports a phantom R-C difference,2026-07-24T22:55:06+00:00
ACCT-000130,B0146,clean,,2026-07-24T22:55:06+00:00
ACCT-000202,B0146,dup_charge,Duplicate charge row inflates SUM(UtilityCharge),2026-07-24T22:55:06+00:00
ACCT-000050,B0146,known_diff,Remit short vs charges; difference disclosed on export,2026-07-24T22:55:06+00:00
ACCT-000274,B0146,clean,,2026-07-24T22:55:06+00:00
ACCT-000119,B0146,rc_misreport,Export reports a phantom R-C difference,2026-07-24T22:55:06+00:00
ACCT-000192,B0146,clean,,2026-07-24T22:55:06+00:00
ACCT-000538,B0146,clean,,2026-07-24T22:55:06+00:00
ACCT-000195,B0146,clean,,2026-07-24T22:55:06+00:00
ACCT-000299,B0146,clean,,2026-07-24T22:55:06+00:00
ACCT-000375,B0146,clean,,2026-07-24T22:55:06+00:00
ACCT-000511,B0146,dup_payment,Duplicate payment row inflates SUM(Payment),2026-07-24T22:55:06+00:00
ACCT-000519,B0146,clean,,2026-07-24T22:55:06+00:00
ACCT-000248,B0146,total_fail,Every check seeded to fail,2026-07-24T22:55:06+00:00
ACCT-000455,B0146,dup_payment,Duplicate payment row inflates SUM(Payment),2026-07-24T22:55:06+00:00
ACCT-000411,B0146,clean,,2026-07-24T22:55:06+00:00
ACCT-000113,B0146,dup_charge,Duplicate charge row inflates SUM(UtilityCharge),2026-07-24T22:55:06+00:00
ACCT-000384,B0146,rc_misreport,Export reports a phantom R-C difference,2026-07-24T22:55:06+00:00
ACCT-000551,B0146,clean,,2026-07-24T22:55:06+00:00
ACCT-000552,B0146,clean,,2026-07-24T22:55:06+00:00
ACCT-000209,B0147,dup_adjustment,Duplicate adjustment row inflates SUM(AdjustmentAmt),2026-07-24T23:57:31+00:00
ACCT-000246,B0147,dup_adjustment,Duplicate adjustment row inflates SUM(AdjustmentAmt),2026-07-24T23:57:31+00:00
ACCT-000444,B0147,clean,,2026-07-24T23:57:31+00:00
ACCT-000299,B0147,clean,,2026-07-24T23:57:31+00:00
ACCT-000398,B0147,known_diff,Remit short vs charges; difference disclosed on export,2026-07-24T23:57:31+00:00
ACCT-000448,B0147,dup_charge,Duplicate charge row inflates SUM(UtilityCharge),2026-07-24T23:57:31+00:00
ACCT-000411,B0147,dup_charge,Duplicate charge row inflates SUM(UtilityCharge),2026-07-24T23:57:31+00:00
ACCT-000109,B0147,clean,,2026-07-24T23:57:31+00:00
ACCT-000529,B0147,clean,,2026-07-24T23:57:31+00:00
ACCT-000242,B0147,clean,,2026-07-24T23:57:31+00:00
ACCT-000083,B0147,charge_mismatch,CustCharge summary drifted from charge detail,2026-07-24T23:57:31+00:00
ACCT-000143,B0147,clean,,2026-07-24T23:57:31+00:00
ACCT-000317,B0147,adj_mismatch,Adjustments summary drifted from adjustment detail,2026-07-24T23:57:31+00:00
ACCT-000426,B0147,known_diff,Remit short vs charges; difference disclosed on export,2026-07-24T23:57:31+00:00
ACCT-000513,B0147,clean,,2026-07-24T23:57:31+00:00
ACCT-000031,B0147,clean,,2026-07-24T23:57:31+00:00
ACCT-000067,B0147,dup_charge,Duplicate charge row inflates SUM(UtilityCharge),2026-07-24T23:57:31+00:00
ACCT-000284,B0147,clean,,2026-07-24T23:57:31+00:00
ACCT-000244,B0147,payment_short,Payment detail short of remit; no duplicates to zero out,2026-07-24T23:57:31+00:00
ACCT-000483,B0147,dup_payment,Duplicate payment row inflates SUM(Payment),2026-07-24T23:57:31+00:00
ACCT-000217,B0147,clean,,2026-07-24T23:57:31+00:00
ACCT-000074,B0147,adj_mismatch,Adjustments summary drifted from adjustment detail,2026-07-24T23:57:31+00:00
ACCT-000332,B0147,dup_adjustment,Duplicate adjustment row inflates SUM(AdjustmentAmt),2026-07-24T23:57:31+00:00
ACCT-000410,B0147,clean,,2026-07-24T23:57:31+00:00
ACCT-000461,B0147,dup_adjustment,Duplicate adjustment row inflates SUM(AdjustmentAmt),2026-07-24T23:57:31+00:00
ACCT-000525,B0147,clean,,2026-07-24T23:57:31+00:00
ACCT-000219,B0147,dup_charge,Duplicate charge row inflates SUM(UtilityCharge),2026-07-24T23:57:31+00:00
ACCT-000181,B0147,adj_mismatch,Adjustments summary drifted from adjustment detail,2026-07-24T23:57:31+00:00
ACCT-000228,B0147,charge_mismatch,CustCharge summary drifted from charge detail,2026-07-24T23:57:31+00:00
ACCT-000499,B0147,clean,,2026-07-24T23:57:31+00:00
ACCT-000413,B0147,payment_short,Payment detail short of remit; no duplicates to zero out,2026-07-24T23:57:31+00:00
ACCT-000155,B0147,clean,,2026-07-24T23:57:31+00:00
ACCT-000471,B0147,clean,,2026-07-24T23:57:31+00:00
ACCT-000553,B0147,clean,,2026-07-24T23:57:31+00:00
ACCT-000554,B0147,clean,,2026-07-24T23:57:31+00:00
ACCT-000555,B0147,clean,,2026-07-24T23:57:31+00:00
ACCT-000006,B0148,dup_payment,Duplicate payment row inflates SUM(Payment),2026-07-25T02:25:23+00:00
ACCT-000390,B0148,payment_short,Payment detail short of remit; no duplicates to zero out,2026-07-25T02:25:23+00:00
ACCT-000477,B0148,clean,,2026-07-25T02:25:23+00:00
ACCT-000211,B0148,known_diff,Remit short vs charges; difference disclosed on export,2026-07-25T02:25:23+00:00
ACCT-000461,B0148,clean,,2026-07-25T02:25:23+00:00
ACCT-000088,B0148,clean,,2026-07-25T02:25:23+00:00
ACCT-000038,B0148,clean,,2026-07-25T02:25:23+00:00
ACCT-000428,B0148,dup_adjustment,Duplicate adjustment row inflates SUM(AdjustmentAmt),2026-07-25T02:25:23+00:00
ACCT-000320,B0148,clean,,2026-07-25T02:25:23+00:00
ACCT-000151,B0148,rc_misreport,Export reports a phantom R-C difference,2026-07-25T02:25:23+00:00
ACCT-000399,B0148,clean,,2026-07-25T02:25:23+00:00
ACCT-000529,B0148,payment_short,Payment detail short of remit; no duplicates to zero out,2026-07-25T02:25:23+00:00
ACCT-000044,B0148,dup_unfixable,Payment detail short of remit; no duplicates to zero out,2026-07-25T02:25:23+00:00
ACCT-000448,B0148,clean,,2026-07-25T02:25:23+00:00
ACCT-000070,B0148,clean,,2026-07-25T02:25:23+00:00
ACCT-000297,B0148,dup_charge,Duplicate charge row inflates SUM(UtilityCharge),2026-07-25T02:25:23+00:00
ACCT-000079,B0148,clean,,2026-07-25T02:25:23+00:00
ACCT-000253,B0148,adj_mismatch,Adjustments summary drifted from adjustment detail,2026-07-25T02:25:23+00:00
ACCT-000456,B0148,rc_misreport,Export reports a phantom R-C difference,2026-07-25T02:25:23+00:00
ACCT-000193,B0148,clean,,2026-07-25T02:25:23+00:00
ACCT-000538,B0148,clean,,2026-07-25T02:25:23+00:00
ACCT-000022,B0148,payment_short,Payment detail short of remit; no duplicates to zero out,2026-07-25T02:25:23+00:00
ACCT-000246,B0148,rc_misreport,Export reports a phantom R-C difference,2026-07-25T02:25:23+00:00
ACCT-000426,B0148,dup_adjustment,Duplicate adjustment row inflates SUM(AdjustmentAmt),2026-07-25T02:25:23+00:00
ACCT-000213,B0148,clean,,2026-07-25T02:25:23+00:00
ACCT-000455,B0148,clean,,2026-07-25T02:25:23+00:00
ACCT-000419,B0148,dup_charge,Duplicate charge row inflates SUM(UtilityCharge),2026-07-25T02:25:23+00:00
ACCT-000121,B0148,clean,,2026-07-25T02:25:23+00:00
ACCT-000556,B0148,clean,,2026-07-25T02:25:23+00:00
ACCT-000557,B0148,clean,,2026-07-25T02:25:23+00:00
ACCT-000303,B0149,clean,,2026-07-25T05:27:49+00:00
ACCT-000232,B0149,dup_adjustment,Duplicate adjustment row inflates SUM(AdjustmentAmt),2026-07-25T05:27:49+00:00
ACCT-000299,B0149,clean,,2026-07-25T05:27:49+00:00
ACCT-000409,B0149,clean,,2026-07-25T05:27:49+00:00
ACCT-000550,B0149,charge_mismatch,CustCharge summary drifted from charge detail,2026-07-25T05:27:49+00:00
ACCT-000507,B0149,clean,,2026-07-25T05:27:49+00:00
ACCT-000320,B0149,clean,,2026-07-25T05:27:49+00:00
ACCT-000329,B0149,clean,,2026-07-25T05:27:49+00:00
ACCT-000146,B0149,clean,,2026-07-25T05:27:49+00:00
ACCT-000540,B0149,clean,,2026-07-25T05:27:49+00:00
ACCT-000373,B0149,adj_mismatch,Adjustments summary drifted from adjustment detail,2026-07-25T05:27:49+00:00
ACCT-000300,B0149,dup_adjustment,Duplicate adjustment row inflates SUM(AdjustmentAmt),2026-07-25T05:27:49+00:00
ACCT-000206,B0149,dup_adjustment,Duplicate adjustment row inflates SUM(AdjustmentAmt),2026-07-25T05:27:49+00:00
ACCT-000509,B0149,dup_unfixable,Payment detail short of remit; no duplicates to zero out,2026-07-25T05:27:49+00:00
ACCT-000226,B0149,clean,,2026-07-25T05:27:49+00:00
ACCT-000490,B0149,clean,,2026-07-25T05:27:49+00:00
ACCT-000034,B0149,clean,,2026-07-25T05:27:49+00:00
ACCT-000170,B0149,clean,,2026-07-25T05:27:49+00:00
ACCT-000514,B0149,clean,,2026-07-25T05:27:49+00:00
ACCT-000072,B0149,clean,,2026-07-25T05:27:49+00:00
ACCT-000118,B0149,charge_mismatch,CustCharge summary drifted from charge detail,2026-07-25T05:27:49+00:00
ACCT-000090,B0149,total_fail,Every check seeded to fail,2026-07-25T05:27:49+00:00
ACCT-000486,B0149,clean,,2026-07-25T05:27:49+00:00
ACCT-000104,B0149,adj_mismatch,Adjustments summary drifted from adjustment detail,2026-07-25T05:27:49+00:00
ACCT-000330,B0149,clean,,2026-07-25T05:27:49+00:00
ACCT-000508,B0149,dup_payment,Duplicate payment row inflates SUM(Payment),2026-07-25T05:27:49+00:00
ACCT-000278,B0149,clean,,2026-07-25T05:27:49+00:00
ACCT-000512,B0149,clean,,2026-07-25T05:27:49+00:00
ACCT-000337,B0149,clean,,2026-07-25T05:27:49+00:00
ACCT-000198,B0149,dup_unfixable,Payment detail short of remit; no duplicates to zero out,2026-07-25T05:27:49+00:00
ACCT-000558,B0149,dup_payment,Duplicate payment row inflates SUM(Payment),2026-07-25T05:27:49+00:00
ACCT-000559,B0149,clean,,2026-07-25T05:27:49+00:00
ACCT-000560,B0149,dup_charge,Duplicate charge row inflates SUM(UtilityCharge),2026-07-25T05:27:49+00:00
ACCT-000561,B0149,clean,,2026-07-25T05:27:49+00:00
ACCT-000408,B0150,clean,,2026-07-25T07:32:50+00:00
ACCT-000326,B0150,clean,,2026-07-25T07:32:50+00:00
ACCT-000547,B0150,clean,,2026-07-25T07:32:50+00:00
ACCT-000176,B0150,dup_payment,Duplicate payment row inflates SUM(Payment),2026-07-25T07:32:50+00:00
ACCT-000133,B0150,clean,,2026-07-25T07:32:50+00:00
ACCT-000124,B0150,clean,,2026-07-25T07:32:50+00:00
ACCT-000037,B0150,clean,,2026-07-25T07:32:50+00:00
ACCT-000206,B0150,clean,,2026-07-25T07:32:50+00:00
ACCT-000077,B0150,clean,,2026-07-25T07:32:50+00:00
ACCT-000181,B0150,clean,,2026-07-25T07:32:50+00:00
ACCT-000527,B0150,clean,,2026-07-25T07:32:50+00:00
ACCT-000030,B0150,clean,,2026-07-25T07:32:50+00:00
ACCT-000294,B0150,clean,,2026-07-25T07:32:50+00:00
ACCT-000458,B0150,clean,,2026-07-25T07:32:50+00:00
ACCT-000064,B0150,clean,,2026-07-25T07:32:50+00:00
ACCT-000553,B0150,clean,,2026-07-25T07:32:50+00:00
ACCT-000365,B0150,total_fail,Every check seeded to fail,2026-07-25T07:32:50+00:00
ACCT-000203,B0150,rc_misreport,Export reports a phantom R-C difference,2026-07-25T07:32:50+00:00
ACCT-000555,B0150,clean,,2026-07-25T07:32:50+00:00
ACCT-000232,B0150,dup_payment,Duplicate payment row inflates SUM(Payment),2026-07-25T07:32:50+00:00
ACCT-000487,B0150,clean,,2026-07-25T07:32:50+00:00
ACCT-000510,B0150,clean,,2026-07-25T07:32:50+00:00
ACCT-000218,B0150,payment_short,Payment detail short of remit; no duplicates to zero out,2026-07-25T07:32:50+00:00
ACCT-000533,B0150,dup_charge,Duplicate charge row inflates SUM(UtilityCharge),2026-07-25T07:32:50+00:00
ACCT-000195,B0150,charge_mismatch,CustCharge summary drifted from charge detail,2026-07-25T07:32:50+00:00
ACCT-000515,B0150,dup_adjustment,Duplicate adjustment row inflates SUM(AdjustmentAmt),2026-07-25T07:32:50+00:00
ACCT-000035,B0150,dup_payment,Duplicate payment row inflates SUM(Payment),2026-07-25T07:32:50+00:00
ACCT-000299,B0150,clean,,2026-07-25T07:32:50+00:00
ACCT-000511,B0150,known_diff,Remit short vs charges; difference disclosed on export,2026-07-25T07:32:50+00:00
ACCT-000281,B0150,adj_mismatch,Adjustments summary drifted from adjustment detail,2026-07-25T07:32:50+00:00
ACCT-000145,B0150,clean,,2026-07-25T07:32:50+00:00
ACCT-000476,B0150,clean,,2026-07-25T07:32:50+00:00
ACCT-000418,B0150,total_fail,Every check seeded to fail,2026-07-25T07:32:50+00:00
ACCT-000423,B0150,payment_short,Payment detail short of remit; no duplicates to zero out,2026-07-25T07:32:50+00:00
ACCT-000562,B0150,dup_adjustment,Duplicate adjustment row inflates SUM(AdjustmentAmt),2026-07-25T07:32:50+00:00
ACCT-000563,B0150,clean,,2026-07-25T07:32:50+00:00
ACCT-000564,B0150,clean,,2026-07-25T07:32:50+00:00
ACCT-000290,B0151,clean,,2026-07-25T09:30:00+00:00
ACCT-000303,B0151,charge_mismatch,CustCharge summary drifted from charge detail,2026-07-25T09:30:00+00:00
ACCT-000551,B0151,clean,,2026-07-25T09:30:00+00:00
ACCT-000217,B0151,clean,,2026-07-25T09:30:00+00:00
ACCT-000539,B0151,known_diff,Remit short vs charges; difference disclosed on export,2026-07-25T09:30:00+00:00
ACCT-000363,B0151,clean,,2026-07-25T09:30:00+00:00
ACCT-000068,B0151,known_diff,Remit short vs charges; difference disclosed on export,2026-07-25T09:30:00+00:00
ACCT-000319,B0151,clean,,2026-07-25T09:30:00+00:00
ACCT-000056,B0151,clean,,2026-07-25T09:30:00+00:00
ACCT-000103,B0151,clean,,2026-07-25T09:30:00+00:00
ACCT-000313,B0151,clean,,2026-07-25T09:30:00+00:00
ACCT-000536,B0151,clean,,2026-07-25T09:30:00+00:00
ACCT-000504,B0151,dup_payment,Duplicate payment row inflates SUM(Payment),2026-07-25T09:30:00+00:00
ACCT-000206,B0151,dup_payment,Duplicate payment row inflates SUM(Payment),2026-07-25T09:30:00+00:00
ACCT-000169,B0151,payment_short,Payment detail short of remit; no duplicates to zero out,2026-07-25T09:30:00+00:00
ACCT-000321,B0151,dup_adjustment,Duplicate adjustment row inflates SUM(AdjustmentAmt),2026-07-25T09:30:00+00:00
ACCT-000473,B0151,clean,,2026-07-25T09:30:00+00:00
ACCT-000067,B0151,clean,,2026-07-25T09:30:00+00:00
ACCT-000512,B0151,payment_short,Payment detail short of remit; no duplicates to zero out,2026-07-25T09:30:00+00:00
ACCT-000191,B0151,clean,,2026-07-25T09:30:00+00:00
ACCT-000432,B0151,known_diff,Remit short vs charges; difference disclosed on export,2026-07-25T09:30:00+00:00
ACCT-000416,B0151,total_fail,Every check seeded to fail,2026-07-25T09:30:00+00:00
ACCT-000487,B0151,dup_payment,Duplicate payment row inflates SUM(Payment),2026-07-25T09:30:00+00:00
ACCT-000004,B0151,dup_unfixable,Payment detail short of remit; no duplicates to zero out,2026-07-25T09:30:00+00:00
ACCT-000114,B0151,rc_misreport,Export reports a phantom R-C difference,2026-07-25T09:30:00+00:00
ACCT-000565,B0151,clean,,2026-07-25T09:30:00+00:00
ACCT-000566,B0151,clean,,2026-07-25T09:30:00+00:00
ACCT-000567,B0151,dup_charge,Duplicate charge row inflates SUM(UtilityCharge),2026-07-25T09:30:00+00:00
ACCT-000568,B0151,clean,,2026-07-25T09:30:00+00:00
ACCT-000562,B0152,clean,,2026-07-25T10:53:14+00:00
ACCT-000480,B0152,clean,,2026-07-25T10:53:14+00:00
ACCT-000117,B0152,clean,,2026-07-25T10:53:14+00:00
ACCT-000170,B0152,clean,,2026-07-25T10:53:14+00:00
ACCT-000518,B0152,clean,,2026-07-25T10:53:14+00:00
ACCT-000151,B0152,clean,,2026-07-25T10:53:14+00:00
ACCT-000050,B0152,clean,,2026-07-25T10:53:14+00:00
ACCT-000346,B0152,clean,,2026-07-25T10:53:14+00:00
ACCT-000205,B0152,known_diff,Remit short vs charges; difference disclosed on export,2026-07-25T10:53:14+00:00
ACCT-000200,B0152,clean,,2026-07-25T10:53:14+00:00
ACCT-000275,B0152,dup_charge,Duplicate charge row inflates SUM(UtilityCharge),2026-07-25T10:53:14+00:00
ACCT-000387,B0152,dup_payment,Duplicate payment row inflates SUM(Payment),2026-07-25T10:53:14+00:00
ACCT-000412,B0152,clean,,2026-07-25T10:53:14+00:00
ACCT-000425,B0152,clean,,2026-07-25T10:53:14+00:00
ACCT-000372,B0152,dup_adjustment,Duplicate adjustment row inflates SUM(AdjustmentAmt),2026-07-25T10:53:14+00:00
ACCT-000424,B0152,payment_short,Payment detail short of remit; no duplicates to zero out,2026-07-25T10:53:14+00:00
ACCT-000254,B0152,clean,,2026-07-25T10:53:14+00:00
ACCT-000178,B0152,rc_misreport,Export reports a phantom R-C difference,2026-07-25T10:53:14+00:00
ACCT-000179,B0152,charge_mismatch,CustCharge summary drifted from charge detail,2026-07-25T10:53:14+00:00
ACCT-000534,B0152,clean,,2026-07-25T10:53:14+00:00
ACCT-000353,B0152,rc_misreport,Export reports a phantom R-C difference,2026-07-25T10:53:14+00:00
ACCT-000124,B0152,dup_unfixable,Payment detail short of remit; no duplicates to zero out,2026-07-25T10:53:14+00:00
ACCT-000268,B0152,clean,,2026-07-25T10:53:14+00:00
ACCT-000492,B0152,total_fail,Every check seeded to fail,2026-07-25T10:53:14+00:00
ACCT-000109,B0152,clean,,2026-07-25T10:53:14+00:00
ACCT-000375,B0152,dup_payment,Duplicate payment row inflates SUM(Payment),2026-07-25T10:53:14+00:00
ACCT-000538,B0152,clean,,2026-07-25T10:53:14+00:00
ACCT-000184,B0152,clean,,2026-07-25T10:53:14+00:00
ACCT-000475,B0152,clean,,2026-07-25T10:53:14+00:00
ACCT-000082,B0152,payment_short,Payment detail short of remit; no duplicates to zero out,2026-07-25T10:53:14+00:00
ACCT-000123,B0152,payment_short,Payment detail short of remit; no duplicates to zero out,2026-07-25T10:53:14+00:00
ACCT-000421,B0152,known_diff,Remit short vs charges; difference disclosed on export,2026-07-25T10:53:14+00:00
ACCT-000485,B0152,clean,,2026-07-25T10:53:14+00:00
ACCT-000055,B0152,clean,,2026-07-25T10:53:14+00:00
ACCT-000180,B0152,clean,,2026-07-25T10:53:14+00:00
ACCT-000569,B0152,clean,,2026-07-25T10:53:14+00:00
ACCT-000570,B0152,clean,,2026-07-25T10:53:14+00:00
ACCT-000571,B0152,dup_adjustment,Duplicate adjustment row inflates SUM(AdjustmentAmt),2026-07-25T10:53:14+00:00
ACCT-000005,B0153,clean,,2026-07-25T11:58:32+00:00
ACCT-000221,B0153,clean,,2026-07-25T11:58:32+00:00
ACCT-000149,B0153,clean,,2026-07-25T11:58:32+00:00
ACCT-000352,B0153,dup_payment,Duplicate payment row inflates SUM(Payment),2026-07-25T11:58:32+00:00
ACCT-000174,B0153,clean,,2026-07-25T11:58:32+00:00
ACCT-000313,B0153,adj_mismatch,Adjustments summary drifted from adjustment detail,2026-07-25T11:58:32+00:00
ACCT-000142,B0153,clean,,2026-07-25T11:58:32+00:00
ACCT-000472,B0153,clean,,2026-07-25T11:58:32+00:00
ACCT-000531,B0153,clean,,2026-07-25T11:58:32+00:00
ACCT-000444,B0153,dup_adjustment,Duplicate adjustment row inflates SUM(AdjustmentAmt),2026-07-25T11:58:32+00:00
ACCT-000137,B0153,clean,,2026-07-25T11:58:32+00:00
ACCT-000216,B0153,charge_mismatch,CustCharge summary drifted from charge detail,2026-07-25T11:58:32+00:00
ACCT-000038,B0153,clean,,2026-07-25T11:58:32+00:00
ACCT-000113,B0153,clean,,2026-07-25T11:58:32+00:00
ACCT-000287,B0153,clean,,2026-07-25T11:58:32+00:00
ACCT-000505,B0153,dup_unfixable,Payment detail short of remit; no duplicates to zero out,2026-07-25T11:58:32+00:00
ACCT-000286,B0153,clean,,2026-07-25T11:58:32+00:00
ACCT-000213,B0153,clean,,2026-07-25T11:58:32+00:00
ACCT-000382,B0153,payment_short,Payment detail short of remit; no duplicates to zero out,2026-07-25T11:58:32+00:00
ACCT-000159,B0153,clean,,2026-07-25T11:58:32+00:00
ACCT-000181,B0153,adj_mismatch,Adjustments summary drifted from adjustment detail,2026-07-25T11:58:32+00:00
ACCT-000415,B0153,rc_misreport,Export reports a phantom R-C difference,2026-07-25T11:58:32+00:00
ACCT-000008,B0153,dup_adjustment,Duplicate adjustment row inflates SUM(AdjustmentAmt),2026-07-25T11:58:32+00:00
ACCT-000125,B0153,dup_payment,Duplicate payment row inflates SUM(Payment),2026-07-25T11:58:32+00:00
ACCT-000045,B0153,dup_adjustment,Duplicate adjustment row inflates SUM(AdjustmentAmt),2026-07-25T11:58:32+00:00
ACCT-000111,B0153,clean,,2026-07-25T11:58:32+00:00
ACCT-000380,B0153,clean,,2026-07-25T11:58:32+00:00
ACCT-000391,B0153,total_fail,Every check seeded to fail,2026-07-25T11:58:32+00:00
ACCT-000409,B0153,clean,,2026-07-25T11:58:32+00:00
ACCT-000401,B0153,rc_misreport,Export reports a phantom R-C difference,2026-07-25T11:58:32+00:00
ACCT-000572,B0153,charge_mismatch,CustCharge summary drifted from charge detail,2026-07-25T11:58:32+00:00
ACCT-000573,B0153,clean,,2026-07-25T11:58:32+00:00
ACCT-000416,B0154,dup_payment,Duplicate payment row inflates SUM(Payment),2026-07-25T13:25:01+00:00
ACCT-000131,B0154,dup_payment,Duplicate payment row inflates SUM(Payment),2026-07-25T13:25:01+00:00
ACCT-000086,B0154,clean,,2026-07-25T13:25:01+00:00
ACCT-000155,B0154,total_fail,Every check seeded to fail,2026-07-25T13:25:01+00:00
ACCT-000090,B0154,clean,,2026-07-25T13:25:01+00:00
ACCT-000262,B0154,clean,,2026-07-25T13:25:01+00:00
ACCT-000330,B0154,rc_misreport,Export reports a phantom R-C difference,2026-07-25T13:25:01+00:00
ACCT-000043,B0154,dup_payment,Duplicate payment row inflates SUM(Payment),2026-07-25T13:25:01+00:00
ACCT-000219,B0154,payment_short,Payment detail short of remit; no duplicates to zero out,2026-07-25T13:25:01+00:00
ACCT-000074,B0154,clean,,2026-07-25T13:25:01+00:00
ACCT-000414,B0154,clean,,2026-07-25T13:25:01+00:00
ACCT-000140,B0154,clean,,2026-07-25T13:25:01+00:00
ACCT-000013,B0154,payment_short,Payment detail short of remit; no duplicates to zero out,2026-07-25T13:25:01+00:00
ACCT-000286,B0154,clean,,2026-07-25T13:25:01+00:00
ACCT-000558,B0154,clean,,2026-07-25T13:25:01+00:00
ACCT-000336,B0154,dup_payment,Duplicate payment row inflates SUM(Payment),2026-07-25T13:25:01+00:00
ACCT-000101,B0154,clean,,2026-07-25T13:25:01+00:00
ACCT-000476,B0154,dup_unfixable,Payment detail short of remit; no duplicates to zero out,2026-07-25T13:25:01+00:00
ACCT-000463,B0154,adj_mismatch,Adjustments summary drifted from adjustment detail,2026-07-25T13:25:01+00:00
ACCT-000218,B0154,rc_misreport,Export reports a phantom R-C difference,2026-07-25T13:25:01+00:00
ACCT-000303,B0154,dup_charge,Duplicate charge row inflates SUM(UtilityCharge),2026-07-25T13:25:01+00:00
ACCT-000343,B0154,adj_mismatch,Adjustments summary drifted from adjustment detail,2026-07-25T13:25:01+00:00
ACCT-000510,B0154,known_diff,Remit short vs charges; difference disclosed on export,2026-07-25T13:25:01+00:00
ACCT-000028,B0154,clean,,2026-07-25T13:25:01+00:00
ACCT-000316,B0154,clean,,2026-07-25T13:25:01+00:00
ACCT-000109,B0154,dup_adjustment,Duplicate adjustment row inflates SUM(AdjustmentAmt),2026-07-25T13:25:01+00:00
ACCT-000056,B0154,dup_charge,Duplicate charge row inflates SUM(UtilityCharge),2026-07-25T13:25:01+00:00
ACCT-000353,B0154,clean,,2026-07-25T13:25:01+00:00
ACCT-000331,B0154,charge_mismatch,CustCharge summary drifted from charge detail,2026-07-25T13:25:01+00:00
ACCT-000464,B0154,clean,,2026-07-25T13:25:01+00:00
ACCT-000290,B0154,dup_payment,Duplicate payment row inflates SUM(Payment),2026-07-25T13:25:01+00:00
ACCT-000480,B0154,clean,,2026-07-25T13:25:01+00:00
ACCT-000018,B0154,dup_payment,Duplicate payment row inflates SUM(Payment),2026-07-25T13:25:01+00:00
ACCT-000486,B0154,clean,,2026-07-25T13:25:01+00:00
ACCT-000574,B0154,clean,,2026-07-25T13:25:01+00:00
ACCT-000575,B0154,total_fail,Every check seeded to fail,2026-07-25T13:25:01+00:00
ACCT-000576,B0154,clean,,2026-07-25T13:25:01+00:00
ACCT-000553,B0155,clean,,2026-07-25T14:45:16+00:00
ACCT-000502,B0155,clean,,2026-07-25T14:45:16+00:00
ACCT-000303,B0155,clean,,2026-07-25T14:45:16+00:00
ACCT-000182,B0155,adj_mismatch,Adjustments summary drifted from adjustment detail,2026-07-25T14:45:16+00:00
ACCT-000443,B0155,clean,,2026-07-25T14:45:16+00:00
ACCT-000547,B0155,payment_short,Payment detail short of remit; no duplicates to zero out,2026-07-25T14:45:16+00:00
ACCT-000010,B0155,known_diff,Remit short vs charges; difference disclosed on export,2026-07-25T14:45:16+00:00
ACCT-000299,B0155,clean,,2026-07-25T14:45:16+00:00
ACCT-000166,B0155,rc_misreport,Export reports a phantom R-C difference,2026-07-25T14:45:16+00:00
ACCT-000535,B0155,clean,,2026-07-25T14:45:16+00:00
ACCT-000325,B0155,charge_mismatch,CustCharge summary drifted from charge detail,2026-07-25T14:45:16+00:00
ACCT-000360,B0155,clean,,2026-07-25T14:45:16+00:00
ACCT-000070,B0155,charge_mismatch,CustCharge summary drifted from charge detail,2026-07-25T14:45:16+00:00
ACCT-000229,B0155,clean,,2026-07-25T14:45:16+00:00
ACCT-000114,B0155,clean,,2026-07-25T14:45:16+00:00
ACCT-000466,B0155,clean,,2026-07-25T14:45:16+00:00
ACCT-000052,B0155,charge_mismatch,CustCharge summary drifted from charge detail,2026-07-25T14:45:16+00:00
ACCT-000357,B0155,adj_mismatch,Adjustments summary drifted from adjustment detail,2026-07-25T14:45:16+00:00
ACCT-000474,B0155,dup_payment,Duplicate payment row inflates SUM(Payment),2026-07-25T14:45:16+00:00
ACCT-000258,B0155,clean,,2026-07-25T14:45:16+00:00
ACCT-000220,B0155,clean,,2026-07-25T14:45:16+00:00
ACCT-000311,B0155,clean,,2026-07-25T14:45:16+00:00
ACCT-000376,B0155,clean,,2026-07-25T14:45:16+00:00
ACCT-000277,B0155,charge_mismatch,CustCharge summary drifted from charge detail,2026-07-25T14:45:16+00:00
ACCT-000029,B0155,dup_payment,Duplicate payment row inflates SUM(Payment),2026-07-25T14:45:16+00:00
ACCT-000446,B0155,adj_mismatch,Adjustments summary drifted from adjustment detail,2026-07-25T14:45:16+00:00
ACCT-000225,B0155,clean,,2026-07-25T14:45:16+00:00
ACCT-000423,B0155,dup_adjustment,Duplicate adjustment row inflates SUM(AdjustmentAmt),2026-07-25T14:45:16+00:00
ACCT-000433,B0155,dup_payment,Duplicate payment row inflates SUM(Payment),2026-07-25T14:45:16+00:00
ACCT-000555,B0155,adj_mismatch,Adjustments summary drifted from adjustment detail,2026-07-25T14:45:16+00:00
ACCT-000326,B0155,total_fail,Every check seeded to fail,2026-07-25T14:45:16+00:00
ACCT-000450,B0155,dup_adjustment,Duplicate adjustment row inflates SUM(AdjustmentAmt),2026-07-25T14:45:16+00:00
ACCT-000194,B0155,dup_payment,Duplicate payment row inflates SUM(Payment),2026-07-25T14:45:16+00:00
ACCT-000415,B0155,total_fail,Every check seeded to fail,2026-07-25T14:45:16+00:00
ACCT-000577,B0155,dup_charge,Duplicate charge row inflates SUM(UtilityCharge),2026-07-25T14:45:16+00:00
ACCT-000578,B0155,rc_misreport,Export reports a phantom R-C difference,2026-07-25T14:45:16+00:00
ACCT-000579,B0155,rc_misreport,Export reports a phantom R-C difference,2026-07-25T14:45:16+00:00
ACCT-000192,B0156,clean,,2026-07-25T15:58:42+00:00
ACCT-000578,B0156,clean,,2026-07-25T15:58:42+00:00
ACCT-000414,B0156,rc_misreport,Export reports a phantom R-C difference,2026-07-25T15:58:42+00:00
ACCT-000286,B0156,clean,,2026-07-25T15:58:42+00:00
ACCT-000138,B0156,known_diff,Remit short vs charges; difference disclosed on export,2026-07-25T15:58:42+00:00
ACCT-000264,B0156,clean,,2026-07-25T15:58:42+00:00
ACCT-000268,B0156,clean,,2026-07-25T15:58:42+00:00
ACCT-000003,B0156,clean,,2026-07-25T15:58:42+00:00
ACCT-000564,B0156,clean,,2026-07-25T15:58:42+00:00
ACCT-000388,B0156,clean,,2026-07-25T15:58:42+00:00
ACCT-000156,B0156,dup_adjustment,Duplicate adjustment row inflates SUM(AdjustmentAmt),2026-07-25T15:58:42+00:00
ACCT-000207,B0156,known_diff,Remit short vs charges; difference disclosed on export,2026-07-25T15:58:42+00:00
ACCT-000130,B0156,clean,,2026-07-25T15:58:42+00:00
ACCT-000172,B0156,clean,,2026-07-25T15:58:42+00:00
ACCT-000563,B0156,adj_mismatch,Adjustments summary drifted from adjustment detail,2026-07-25T15:58:42+00:00
ACCT-000146,B0156,clean,,2026-07-25T15:58:42+00:00
ACCT-000262,B0156,dup_payment,Duplicate payment row inflates SUM(Payment),2026-07-25T15:58:42+00:00
ACCT-000513,B0156,dup_payment,Duplicate payment row inflates SUM(Payment),2026-07-25T15:58:42+00:00
ACCT-000001,B0156,charge_mismatch,CustCharge summary drifted from charge detail,2026-07-25T15:58:42+00:00
ACCT-000342,B0156,clean,,2026-07-25T15:58:42+00:00
ACCT-000401,B0156,charge_mismatch,CustCharge summary drifted from charge detail,2026-07-25T15:58:42+00:00
ACCT-000173,B0156,adj_mismatch,Adjustments summary drifted from adjustment detail,2026-07-25T15:58:42+00:00
ACCT-000084,B0156,dup_payment,Duplicate payment row inflates SUM(Payment),2026-07-25T15:58:42+00:00
ACCT-000234,B0156,clean,,2026-07-25T15:58:42+00:00
ACCT-000393,B0156,clean,,2026-07-25T15:58:42+00:00
ACCT-000051,B0156,payment_short,Payment detail short of remit; no duplicates to zero out,2026-07-25T15:58:42+00:00
ACCT-000104,B0156,clean,,2026-07-25T15:58:42+00:00
ACCT-000324,B0156,dup_payment,Duplicate payment row inflates SUM(Payment),2026-07-25T15:58:42+00:00
ACCT-000017,B0156,charge_mismatch,CustCharge summary drifted from charge detail,2026-07-25T15:58:42+00:00
ACCT-000580,B0156,clean,,2026-07-25T15:58:42+00:00
ACCT-000581,B0156,payment_short,Payment detail short of remit; no duplicates to zero out,2026-07-25T15:58:42+00:00
ACCT-000582,B0156,clean,,2026-07-25T15:58:42+00:00
ACCT-000583,B0156,adj_mismatch,Adjustments summary drifted from adjustment detail,2026-07-25T15:58:42+00:00
ACCT-000513,B0157,clean,,2026-07-25T16:57:53+00:00
ACCT-000392,B0157,clean,,2026-07-25T16:57:53+00:00
ACCT-000039,B0157,clean,,2026-07-25T16:57:53+00:00
ACCT-000165,B0157,dup_payment,Duplicate payment row inflates SUM(Payment),2026-07-25T16:57:53+00:00
ACCT-000192,B0157,clean,,2026-07-25T16:57:53+00:00
ACCT-000184,B0157,clean,,2026-07-25T16:57:53+00:00
ACCT-000413,B0157,rc_misreport,Export reports a phantom R-C difference,2026-07-25T16:57:53+00:00
ACCT-000304,B0157,dup_payment,Duplicate payment row inflates SUM(Payment),2026-07-25T16:57:53+00:00
ACCT-000123,B0157,clean,,2026-07-25T16:57:53+00:00
ACCT-000552,B0157,clean,,2026-07-25T16:57:53+00:00
ACCT-000228,B0157,clean,,2026-07-25T16:57:53+00:00
ACCT-000072,B0157,dup_payment,Duplicate payment row inflates SUM(Payment),2026-07-25T16:57:53+00:00
ACCT-000260,B0157,payment_short,Payment detail short of remit; no duplicates to zero out,2026-07-25T16:57:53+00:00
ACCT-000500,B0157,adj_mismatch,Adjustments summary drifted from adjustment detail,2026-07-25T16:57:53+00:00
ACCT-000244,B0157,clean,,2026-07-25T16:57:53+00:00
ACCT-000194,B0157,dup_payment,Duplicate payment row inflates SUM(Payment),2026-07-25T16:57:53+00:00
ACCT-000196,B0157,clean,,2026-07-25T16:57:53+00:00
ACCT-000055,B0157,dup_payment,Duplicate payment row inflates SUM(Payment),2026-07-25T16:57:53+00:00
ACCT-000042,B0157,clean,,2026-07-25T16:57:53+00:00
ACCT-000543,B0157,charge_mismatch,CustCharge summary drifted from charge detail,2026-07-25T16:57:53+00:00
ACCT-000274,B0157,dup_charge,Duplicate charge row inflates SUM(UtilityCharge),2026-07-25T16:57:53+00:00
ACCT-000246,B0157,charge_mismatch,CustCharge summary drifted from charge detail,2026-07-25T16:57:53+00:00
ACCT-000540,B0157,dup_payment,Duplicate payment row inflates SUM(Payment),2026-07-25T16:57:53+00:00
ACCT-000499,B0157,adj_mismatch,Adjustments summary drifted from adjustment detail,2026-07-25T16:57:53+00:00
ACCT-000518,B0157,dup_adjustment,Duplicate adjustment row inflates SUM(AdjustmentAmt),2026-07-25T16:57:53+00:00
ACCT-000539,B0157,clean,,2026-07-25T16:57:53+00:00
ACCT-000226,B0157,dup_adjustment,Duplicate adjustment row inflates SUM(AdjustmentAmt),2026-07-25T16:57:53+00:00
ACCT-000201,B0157,clean,,2026-07-25T16:57:53+00:00
ACCT-000560,B0157,adj_mismatch,Adjustments summary drifted from adjustment detail,2026-07-25T16:57:53+00:00
ACCT-000044,B0157,clean,,2026-07-25T16:57:53+00:00
ACCT-000464,B0157,clean,,2026-07-25T16:57:53+00:00
ACCT-000436,B0157,known_diff,Remit short vs charges; difference disclosed on export,2026-07-25T16:57:53+00:00
ACCT-000105,B0157,total_fail,Every check seeded to fail,2026-07-25T16:57:53+00:00
ACCT-000584,B0157,dup_payment,Duplicate payment row inflates SUM(Payment),2026-07-25T16:57:53+00:00
ACCT-000585,B0157,clean,,2026-07-25T16:57:53+00:00
ACCT-000586,B0157,clean,,2026-07-25T16:57:53+00:00
ACCT-000587,B0157,dup_payment,Duplicate payment row inflates SUM(Payment),2026-07-25T16:57:53+00:00
ACCT-000179,B0158,clean,,2026-07-25T17:57:28+00:00
ACCT-000462,B0158,dup_charge,Duplicate charge row inflates SUM(UtilityCharge),2026-07-25T17:57:28+00:00
ACCT-000276,B0158,clean,,2026-07-25T17:57:28+00:00
ACCT-000037,B0158,known_diff,Remit short vs charges; difference disclosed on export,2026-07-25T17:57:28+00:00
ACCT-000054,B0158,clean,,2026-07-25T17:57:28+00:00
ACCT-000364,B0158,dup_adjustment,Duplicate adjustment row inflates SUM(AdjustmentAmt),2026-07-25T17:57:28+00:00
ACCT-000213,B0158,clean,,2026-07-25T17:57:28+00:00
ACCT-000277,B0158,clean,,2026-07-25T17:57:28+00:00
ACCT-000095,B0158,clean,,2026-07-25T17:57:28+00:00
ACCT-000163,B0158,clean,,2026-07-25T17:57:28+00:00
ACCT-000267,B0158,adj_mismatch,Adjustments summary drifted from adjustment detail,2026-07-25T17:57:28+00:00
ACCT-000305,B0158,clean,,2026-07-25T17:57:28+00:00
ACCT-000033,B0158,clean,,2026-07-25T17:57:28+00:00
ACCT-000357,B0158,clean,,2026-07-25T17:57:28+00:00
ACCT-000447,B0158,dup_adjustment,Duplicate adjustment row inflates SUM(AdjustmentAmt),2026-07-25T17:57:28+00:00
ACCT-000452,B0158,clean,,2026-07-25T17:57:28+00:00
ACCT-000453,B0158,clean,,2026-07-25T17:57:28+00:00
ACCT-000549,B0158,clean,,2026-07-25T17:57:28+00:00
ACCT-000006,B0158,clean,,2026-07-25T17:57:28+00:00
ACCT-000112,B0158,clean,,2026-07-25T17:57:28+00:00
ACCT-000063,B0158,dup_payment,Duplicate payment row inflates SUM(Payment),2026-07-25T17:57:28+00:00
ACCT-000123,B0158,rc_misreport,Export reports a phantom R-C difference,2026-07-25T17:57:28+00:00
ACCT-000582,B0158,clean,,2026-07-25T17:57:28+00:00
ACCT-000576,B0158,clean,,2026-07-25T17:57:28+00:00
ACCT-000479,B0158,clean,,2026-07-25T17:57:28+00:00
ACCT-000580,B0158,clean,,2026-07-25T17:57:28+00:00
ACCT-000347,B0158,dup_payment,Duplicate payment row inflates SUM(Payment),2026-07-25T17:57:28+00:00
ACCT-000552,B0158,clean,,2026-07-25T17:57:28+00:00
ACCT-000588,B0158,rc_misreport,Export reports a phantom R-C difference,2026-07-25T17:57:28+00:00
ACCT-000589,B0158,dup_unfixable,Payment detail short of remit; no duplicates to zero out,2026-07-25T17:57:28+00:00
ACCT-000590,B0158,dup_payment,Duplicate payment row inflates SUM(Payment),2026-07-25T17:57:28+00:00
ACCT-000591,B0158,dup_payment,Duplicate payment row inflates SUM(Payment),2026-07-25T17:57:28+00:00
ACCT-000496,B0159,dup_adjustment,Duplicate adjustment row inflates SUM(AdjustmentAmt),2026-07-25T19:02:39+00:00
ACCT-000274,B0159,clean,,2026-07-25T19:02:39+00:00
ACCT-000198,B0159,clean,,2026-07-25T19:02:39+00:00
ACCT-000397,B0159,known_diff,Remit short vs charges; difference disclosed on export,2026-07-25T19:02:39+00:00
ACCT-000069,B0159,payment_short,Payment detail short of remit; no duplicates to zero out,2026-07-25T19:02:39+00:00
ACCT-000064,B0159,clean,,2026-07-25T19:02:39+00:00
ACCT-000280,B0159,dup_charge,Duplicate charge row inflates SUM(UtilityCharge),2026-07-25T19:02:39+00:00
ACCT-000158,B0159,dup_charge,Duplicate charge row inflates SUM(UtilityCharge),2026-07-25T19:02:39+00:00
ACCT-000236,B0159,clean,,2026-07-25T19:02:39+00:00
ACCT-000028,B0159,clean,,2026-07-25T19:02:39+00:00
ACCT-000439,B0159,payment_short,Payment detail short of remit; no duplicates to zero out,2026-07-25T19:02:39+00:00
ACCT-000542,B0159,adj_mismatch,Adjustments summary drifted from adjustment detail,2026-07-25T19:02:39+00:00
ACCT-000117,B0159,dup_payment,Duplicate payment row inflates SUM(Payment),2026-07-25T19:02:39+00:00
ACCT-000097,B0159,clean,,2026-07-25T19:02:39+00:00
ACCT-000333,B0159,charge_mismatch,CustCharge summary drifted from charge detail,2026-07-25T19:02:39+00:00
ACCT-000546,B0159,dup_charge,Duplicate charge row inflates SUM(UtilityCharge),2026-07-25T19:02:39+00:00
ACCT-000295,B0159,clean,,2026-07-25T19:02:39+00:00
ACCT-000327,B0159,clean,,2026-07-25T19:02:39+00:00
ACCT-000292,B0159,clean,,2026-07-25T19:02:39+00:00
ACCT-000533,B0159,payment_short,Payment detail short of remit; no duplicates to zero out,2026-07-25T19:02:39+00:00
ACCT-000174,B0159,known_diff,Remit short vs charges; difference disclosed on export,2026-07-25T19:02:39+00:00
ACCT-000461,B0159,dup_unfixable,Payment detail short of remit; no duplicates to zero out,2026-07-25T19:02:39+00:00
ACCT-000187,B0159,dup_adjustment,Duplicate adjustment row inflates SUM(AdjustmentAmt),2026-07-25T19:02:39+00:00
ACCT-000223,B0159,dup_charge,Duplicate charge row inflates SUM(UtilityCharge),2026-07-25T19:02:39+00:00
ACCT-000376,B0159,clean,,2026-07-25T19:02:39+00:00
ACCT-000061,B0159,clean,,2026-07-25T19:02:39+00:00
ACCT-000554,B0159,clean,,2026-07-25T19:02:39+00:00
ACCT-000320,B0159,total_fail,Every check seeded to fail,2026-07-25T19:02:39+00:00
ACCT-000381,B0159,clean,,2026-07-25T19:02:39+00:00
ACCT-000404,B0159,dup_unfixable,Payment detail short of remit; no duplicates to zero out,2026-07-25T19:02:39+00:00
ACCT-000078,B0159,known_diff,Remit short vs charges; difference disclosed on export,2026-07-25T19:02:39+00:00
ACCT-000220,B0159,clean,,2026-07-25T19:02:39+00:00
ACCT-000024,B0159,clean,,2026-07-25T19:02:39+00:00
ACCT-000359,B0159,clean,,2026-07-25T19:02:39+00:00
ACCT-000199,B0159,total_fail,Every check seeded to fail,2026-07-25T19:02:39+00:00
ACCT-000592,B0159,payment_short,Payment detail short of remit; no duplicates to zero out,2026-07-25T19:02:39+00:00
ACCT-000593,B0159,clean,,2026-07-25T19:02:39+00:00
ACCT-000219,B0160,adj_mismatch,Adjustments summary drifted from adjustment detail,2026-07-25T20:26:20+00:00
ACCT-000443,B0160,clean,,2026-07-25T20:26:20+00:00
ACCT-000392,B0160,total_fail,Every check seeded to fail,2026-07-25T20:26:20+00:00
ACCT-000376,B0160,adj_mismatch,Adjustments summary drifted from adjustment detail,2026-07-25T20:26:20+00:00
ACCT-000023,B0160,clean,,2026-07-25T20:26:20+00:00
ACCT-000030,B0160,known_diff,Remit short vs charges; difference disclosed on export,2026-07-25T20:26:20+00:00
ACCT-000483,B0160,clean,,2026-07-25T20:26:20+00:00
ACCT-000071,B0160,charge_mismatch,CustCharge summary drifted from charge detail,2026-07-25T20:26:20+00:00
ACCT-000579,B0160,clean,,2026-07-25T20:26:20+00:00
ACCT-000428,B0160,dup_charge,Duplicate charge row inflates SUM(UtilityCharge),2026-07-25T20:26:20+00:00
ACCT-000072,B0160,clean,,2026-07-25T20:26:20+00:00
ACCT-000268,B0160,dup_charge,Duplicate charge row inflates SUM(UtilityCharge),2026-07-25T20:26:20+00:00
ACCT-000500,B0160,clean,,2026-07-25T20:26:20+00:00
ACCT-000481,B0160,dup_adjustment,Duplicate adjustment row inflates SUM(AdjustmentAmt),2026-07-25T20:26:20+00:00
ACCT-000329,B0160,dup_payment,Duplicate payment row inflates SUM(Payment),2026-07-25T20:26:20+00:00
ACCT-000096,B0160,payment_short,Payment detail short of remit; no duplicates to zero out,2026-07-25T20:26:20+00:00
ACCT-000377,B0160,dup_payment,Duplicate payment row inflates SUM(Payment),2026-07-25T20:26:20+00:00
ACCT-000109,B0160,clean,,2026-07-25T20:26:20+00:00
ACCT-000247,B0160,total_fail,Every check seeded to fail,2026-07-25T20:26:20+00:00
ACCT-000180,B0160,clean,,2026-07-25T20:26:20+00:00
ACCT-000574,B0160,clean,,2026-07-25T20:26:20+00:00
ACCT-000098,B0160,charge_mismatch,CustCharge summary drifted from charge detail,2026-07-25T20:26:20+00:00
ACCT-000240,B0160,dup_charge,Duplicate charge row inflates SUM(UtilityCharge),2026-07-25T20:26:20+00:00
ACCT-000120,B0160,dup_charge,Duplicate charge row inflates SUM(UtilityCharge),2026-07-25T20:26:20+00:00
ACCT-000470,B0160,clean,,2026-07-25T20:26:20+00:00
ACCT-000250,B0160,dup_charge,Duplicate charge row inflates SUM(UtilityCharge),2026-07-25T20:26:20+00:00
ACCT-000383,B0160,clean,,2026-07-25T20:26:20+00:00
ACCT-000043,B0160,clean,,2026-07-25T20:26:20+00:00
ACCT-000368,B0160,clean,,2026-07-25T20:26:20+00:00
ACCT-000312,B0160,payment_short,Payment detail short of remit; no duplicates to zero out,2026-07-25T20:26:20+00:00
ACCT-000594,B0160,total_fail,Every check seeded to fail,2026-07-25T20:26:20+00:00
ACCT-000595,B0160,known_diff,Remit short vs charges; difference disclosed on export,2026-07-25T20:26:20+00:00
ACCT-000596,B0160,clean,,2026-07-25T20:26:20+00:00
ACCT-000272,B0161,rc_misreport,Export reports a phantom R-C difference,2026-07-25T21:23:51+00:00
ACCT-000473,B0161,clean,,2026-07-25T21:23:51+00:00
ACCT-000554,B0161,dup_adjustment,Duplicate adjustment row inflates SUM(AdjustmentAmt),2026-07-25T21:23:51+00:00
ACCT-000409,B0161,clean,,2026-07-25T21:23:51+00:00
ACCT-000318,B0161,clean,,2026-07-25T21:23:51+00:00
ACCT-000589,B0161,dup_payment,Duplicate payment row inflates SUM(Payment),2026-07-25T21:23:51+00:00
ACCT-000214,B0161,clean,,2026-07-25T21:23:51+00:00
ACCT-000408,B0161,clean,,2026-07-25T21:23:51+00:00
ACCT-000184,B0161,payment_short,Payment detail short of remit; no duplicates to zero out,2026-07-25T21:23:51+00:00
ACCT-000564,B0161,total_fail,Every check seeded to fail,2026-07-25T21:23:51+00:00
ACCT-000078,B0161,clean,,2026-07-25T21:23:51+00:00
ACCT-000132,B0161,payment_short,Payment detail short of remit; no duplicates to zero out,2026-07-25T21:23:51+00:00
ACCT-000339,B0161,clean,,2026-07-25T21:23:51+00:00
ACCT-000265,B0161,dup_charge,Duplicate charge row inflates SUM(UtilityCharge),2026-07-25T21:23:51+00:00
ACCT-000313,B0161,known_diff,Remit short vs charges; difference disclosed on export,2026-07-25T21:23:51+00:00
ACCT-000006,B0161,clean,,2026-07-25T21:23:51+00:00
ACCT-000066,B0161,dup_adjustment,Duplicate adjustment row inflates SUM(AdjustmentAmt),2026-07-25T21:23:51+00:00
ACCT-000470,B0161,rc_misreport,Export reports a phantom R-C difference,2026-07-25T21:23:51+00:00
ACCT-000459,B0161,dup_payment,Duplicate payment row inflates SUM(Payment),2026-07-25T21:23:51+00:00
ACCT-000225,B0161,dup_payment,Duplicate payment row inflates SUM(Payment),2026-07-25T21:23:51+00:00
ACCT-000491,B0161,clean,,2026-07-25T21:23:51+00:00
ACCT-000092,B0161,clean,,2026-07-25T21:23:51+00:00
ACCT-000062,B0161,clean,,2026-07-25T21:23:51+00:00
ACCT-000110,B0161,dup_payment,Duplicate payment row inflates SUM(Payment),2026-07-25T21:23:51+00:00
ACCT-000590,B0161,clean,,2026-07-25T21:23:51+00:00
ACCT-000155,B0161,clean,,2026-07-25T21:23:51+00:00
ACCT-000315,B0161,payment_short,Payment detail short of remit; no duplicates to zero out,2026-07-25T21:23:51+00:00
ACCT-000524,B0161,clean,,2026-07-25T21:23:51+00:00
ACCT-000466,B0161,dup_charge,Duplicate charge row inflates SUM(UtilityCharge),2026-07-25T21:23:51+00:00
ACCT-000429,B0161,clean,,2026-07-25T21:23:51+00:00
ACCT-000096,B0161,clean,,2026-07-25T21:23:51+00:00
ACCT-000597,B0161,known_diff,Remit short vs charges; difference disclosed on export,2026-07-25T21:23:51+00:00
ACCT-000598,B0161,clean,,2026-07-25T21:23:51+00:00
ACCT-000599,B0161,clean,,2026-07-25T21:23:51+00:00
ACCT-000387,B0162,clean,,2026-07-25T22:24:24+00:00
ACCT-000047,B0162,charge_mismatch,CustCharge summary drifted from charge detail,2026-07-25T22:24:24+00:00
ACCT-000094,B0162,clean,,2026-07-25T22:24:24+00:00
ACCT-000301,B0162,clean,,2026-07-25T22:24:24+00:00
ACCT-000282,B0162,adj_mismatch,Adjustments summary drifted from adjustment detail,2026-07-25T22:24:24+00:00
ACCT-000378,B0162,clean,,2026-07-25T22:24:24+00:00
ACCT-000054,B0162,rc_misreport,Export reports a phantom R-C difference,2026-07-25T22:24:24+00:00
ACCT-000422,B0162,dup_charge,Duplicate charge row inflates SUM(UtilityCharge),2026-07-25T22:24:24+00:00
ACCT-000209,B0162,clean,,2026-07-25T22:24:24+00:00
ACCT-000104,B0162,clean,,2026-07-25T22:24:24+00:00
ACCT-000020,B0162,known_diff,Remit short vs charges; difference disclosed on export,2026-07-25T22:24:24+00:00
ACCT-000075,B0162,clean,,2026-07-25T22:24:24+00:00
ACCT-000223,B0162,dup_payment,Duplicate payment row inflates SUM(Payment),2026-07-25T22:24:24+00:00
ACCT-000398,B0162,clean,,2026-07-25T22:24:24+00:00
ACCT-000187,B0162,clean,,2026-07-25T22:24:24+00:00
ACCT-000305,B0162,charge_mismatch,CustCharge summary drifted from charge detail,2026-07-25T22:24:24+00:00
ACCT-000212,B0162,payment_short,Payment detail short of remit; no duplicates to zero out,2026-07-25T22:24:24+00:00
ACCT-000101,B0162,clean,,2026-07-25T22:24:24+00:00
ACCT-000550,B0162,clean,,2026-07-25T22:24:24+00:00
ACCT-000161,B0162,rc_misreport,Export reports a phantom R-C difference,2026-07-25T22:24:24+00:00
ACCT-000163,B0162,charge_mismatch,CustCharge summary drifted from charge detail,2026-07-25T22:24:24+00:00
ACCT-000532,B0162,charge_mismatch,CustCharge summary drifted from charge detail,2026-07-25T22:24:24+00:00
ACCT-000211,B0162,dup_payment,Duplicate payment row inflates SUM(Payment),2026-07-25T22:24:24+00:00
ACCT-000241,B0162,clean,,2026-07-25T22:24:24+00:00
ACCT-000535,B0162,dup_payment,Duplicate payment row inflates SUM(Payment),2026-07-25T22:24:24+00:00
ACCT-000250,B0162,charge_mismatch,CustCharge summary drifted from charge detail,2026-07-25T22:24:24+00:00
ACCT-000410,B0162,payment_short,Payment detail short of remit; no duplicates to zero out,2026-07-25T22:24:24+00:00
ACCT-000013,B0162,clean,,2026-07-25T22:24:24+00:00
ACCT-000096,B0162,payment_short,Payment detail short of remit; no duplicates to zero out,2026-07-25T22:24:24+00:00
ACCT-000168,B0162,adj_mismatch,Adjustments summary drifted from adjustment detail,2026-07-25T22:24:24+00:00
ACCT-000600,B0162,clean,,2026-07-25T22:24:24+00:00
ACCT-000601,B0162,clean,,2026-07-25T22:24:24+00:00
ACCT-000389,B0163,clean,,2026-07-25T23:28:02+00:00
ACCT-000487,B0163,dup_adjustment,Duplicate adjustment row inflates SUM(AdjustmentAmt),2026-07-25T23:28:02+00:00
ACCT-000301,B0163,known_diff,Remit short vs charges; difference disclosed on export,2026-07-25T23:28:02+00:00
ACCT-000600,B0163,payment_short,Payment detail short of remit; no duplicates to zero out,2026-07-25T23:28:02+00:00
ACCT-000418,B0163,clean,,2026-07-25T23:28:02+00:00
ACCT-000047,B0163,clean,,2026-07-25T23:28:02+00:00
ACCT-000398,B0163,payment_short,Payment detail short of remit; no duplicates to zero out,2026-07-25T23:28:02+00:00
ACCT-000499,B0163,dup_payment,Duplicate payment row inflates SUM(Payment),2026-07-25T23:28:02+00:00
ACCT-000084,B0163,clean,,2026-07-25T23:28:02+00:00
ACCT-000011,B0163,clean,,2026-07-25T23:28:02+00:00
ACCT-000048,B0163,dup_charge,Duplicate charge row inflates SUM(UtilityCharge),2026-07-25T23:28:02+00:00
ACCT-000290,B0163,clean,,2026-07-25T23:28:02+00:00
ACCT-000015,B0163,known_diff,Remit short vs charges; difference disclosed on export,2026-07-25T23:28:02+00:00
ACCT-000063,B0163,clean,,2026-07-25T23:28:02+00:00
ACCT-000120,B0163,charge_mismatch,CustCharge summary drifted from charge detail,2026-07-25T23:28:02+00:00
ACCT-000510,B0163,charge_mismatch,CustCharge summary drifted from charge detail,2026-07-25T23:28:02+00:00
ACCT-000585,B0163,clean,,2026-07-25T23:28:02+00:00
ACCT-000377,B0163,clean,,2026-07-25T23:28:02+00:00
ACCT-000106,B0163,clean,,2026-07-25T23:28:02+00:00
ACCT-000148,B0163,clean,,2026-07-25T23:28:02+00:00
ACCT-000270,B0163,clean,,2026-07-25T23:28:02+00:00
ACCT-000393,B0163,clean,,2026-07-25T23:28:02+00:00
ACCT-000222,B0163,rc_misreport,Export reports a phantom R-C difference,2026-07-25T23:28:02+00:00
ACCT-000450,B0163,total_fail,Every check seeded to fail,2026-07-25T23:28:02+00:00
ACCT-000200,B0163,clean,,2026-07-25T23:28:02+00:00
ACCT-000584,B0163,dup_unfixable,Payment detail short of remit; no duplicates to zero out,2026-07-25T23:28:02+00:00
ACCT-000052,B0163,clean,,2026-07-25T23:28:02+00:00
ACCT-000221,B0163,clean,,2026-07-25T23:28:02+00:00
ACCT-000421,B0163,clean,,2026-07-25T23:28:02+00:00
ACCT-000095,B0163,total_fail,Every check seeded to fail,2026-07-25T23:28:02+00:00
ACCT-000349,B0163,known_diff,Remit short vs charges; difference disclosed on export,2026-07-25T23:28:02+00:00
ACCT-000289,B0163,clean,,2026-07-25T23:28:02+00:00
ACCT-000274,B0163,clean,,2026-07-25T23:28:02+00:00
ACCT-000551,B0163,known_diff,Remit short vs charges; difference disclosed on export,2026-07-25T23:28:02+00:00
ACCT-000602,B0163,rc_misreport,Export reports a phantom R-C difference,2026-07-25T23:28:02+00:00
ACCT-000603,B0163,payment_short,Payment detail short of remit; no duplicates to zero out,2026-07-25T23:28:02+00:00
ACCT-000155,B0164,clean,,2026-07-26T01:06:52+00:00
ACCT-000302,B0164,clean,,2026-07-26T01:06:52+00:00
ACCT-000366,B0164,dup_adjustment,Duplicate adjustment row inflates SUM(AdjustmentAmt),2026-07-26T01:06:52+00:00
ACCT-000505,B0164,payment_short,Payment detail short of remit; no duplicates to zero out,2026-07-26T01:06:52+00:00
ACCT-000238,B0164,payment_short,Payment detail short of remit; no duplicates to zero out,2026-07-26T01:06:52+00:00
ACCT-000031,B0164,dup_payment,Duplicate payment row inflates SUM(Payment),2026-07-26T01:06:52+00:00
ACCT-000014,B0164,clean,,2026-07-26T01:06:52+00:00
ACCT-000126,B0164,clean,,2026-07-26T01:06:52+00:00
ACCT-000481,B0164,clean,,2026-07-26T01:06:52+00:00
ACCT-000315,B0164,dup_payment,Duplicate payment row inflates SUM(Payment),2026-07-26T01:06:52+00:00
ACCT-000045,B0164,payment_short,Payment detail short of remit; no duplicates to zero out,2026-07-26T01:06:52+00:00
ACCT-000390,B0164,dup_charge,Duplicate charge row inflates SUM(UtilityCharge),2026-07-26T01:06:52+00:00
ACCT-000541,B0164,clean,,2026-07-26T01:06:52+00:00
ACCT-000379,B0164,payment_short,Payment detail short of remit; no duplicates to zero out,2026-07-26T01:06:52+00:00
ACCT-000527,B0164,clean,,2026-07-26T01:06:52+00:00
ACCT-000575,B0164,dup_unfixable,Payment detail short of remit; no duplicates to zero out,2026-07-26T01:06:52+00:00
ACCT-000001,B0164,clean,,2026-07-26T01:06:52+00:00
ACCT-000474,B0164,clean,,2026-07-26T01:06:52+00:00
ACCT-000385,B0164,dup_unfixable,Payment detail short of remit; no duplicates to zero out,2026-07-26T01:06:52+00:00
ACCT-000015,B0164,clean,,2026-07-26T01:06:52+00:00
ACCT-000557,B0164,clean,,2026-07-26T01:06:52+00:00
ACCT-000114,B0164,clean,,2026-07-26T01:06:52+00:00
ACCT-000009,B0164,known_diff,Remit short vs charges; difference disclosed on export,2026-07-26T01:06:52+00:00
ACCT-000268,B0164,clean,,2026-07-26T01:06:52+00:00
ACCT-000272,B0164,charge_mismatch,CustCharge summary drifted from charge detail,2026-07-26T01:06:52+00:00
ACCT-000396,B0164,clean,,2026-07-26T01:06:52+00:00
ACCT-000604,B0164,clean,,2026-07-26T01:06:52+00:00
ACCT-000605,B0164,dup_payment,Duplicate payment row inflates SUM(Payment),2026-07-26T01:06:52+00:00
ACCT-000606,B0164,clean,,2026-07-26T01:06:52+00:00
ACCT-000348,B0165,clean,,2026-07-26T04:53:01+00:00
ACCT-000010,B0165,clean,,2026-07-26T04:53:01+00:00
ACCT-000366,B0165,clean,,2026-07-26T04:53:01+00:00
ACCT-000354,B0165,clean,,2026-07-26T04:53:01+00:00
ACCT-000386,B0165,clean,,2026-07-26T04:53:01+00:00
ACCT-000145,B0165,clean,,2026-07-26T04:53:01+00:00
ACCT-000484,B0165,clean,,2026-07-26T04:53:01+00:00
ACCT-000158,B0165,clean,,2026-07-26T04:53:01+00:00
ACCT-000414,B0165,clean,,2026-07-26T04:53:01+00:00
ACCT-000576,B0165,payment_short,Payment detail short of remit; no duplicates to zero out,2026-07-26T04:53:01+00:00
ACCT-000331,B0165,clean,,2026-07-26T04:53:01+00:00
ACCT-000356,B0165,dup_payment,Duplicate payment row inflates SUM(Payment),2026-07-26T04:53:01+00:00
ACCT-000585,B0165,payment_short,Payment detail short of remit; no duplicates to zero out,2026-07-26T04:53:01+00:00
ACCT-000603,B0165,clean,,2026-07-26T04:53:01+00:00
ACCT-000541,B0165,dup_payment,Duplicate payment row inflates SUM(Payment),2026-07-26T04:53:01+00:00
ACCT-000593,B0165,dup_unfixable,Payment detail short of remit; no duplicates to zero out,2026-07-26T04:53:01+00:00
ACCT-000476,B0165,clean,,2026-07-26T04:53:01+00:00
ACCT-000406,B0165,clean,,2026-07-26T04:53:01+00:00
ACCT-000505,B0165,rc_misreport,Export reports a phantom R-C difference,2026-07-26T04:53:01+00:00
ACCT-000315,B0165,clean,,2026-07-26T04:53:01+00:00
ACCT-000599,B0165,payment_short,Payment detail short of remit; no duplicates to zero out,2026-07-26T04:53:01+00:00
ACCT-000003,B0165,known_diff,Remit short vs charges; difference disclosed on export,2026-07-26T04:53:01+00:00
ACCT-000477,B0165,clean,,2026-07-26T04:53:01+00:00
ACCT-000060,B0165,dup_payment,Duplicate payment row inflates SUM(Payment),2026-07-26T04:53:01+00:00
ACCT-000395,B0165,dup_charge,Duplicate charge row inflates SUM(UtilityCharge),2026-07-26T04:53:01+00:00
ACCT-000029,B0165,payment_short,Payment detail short of remit; no duplicates to zero out,2026-07-26T04:53:01+00:00
ACCT-000274,B0165,dup_payment,Duplicate payment row inflates SUM(Payment),2026-07-26T04:53:01+00:00
ACCT-000232,B0165,payment_short,Payment detail short of remit; no duplicates to zero out,2026-07-26T04:53:01+00:00
ACCT-000213,B0165,payment_short,Payment detail short of remit; no duplicates to zero out,2026-07-26T04:53:01+00:00
ACCT-000514,B0165,clean,,2026-07-26T04:53:01+00:00
ACCT-000555,B0165,total_fail,Every check seeded to fail,2026-07-26T04:53:01+00:00
ACCT-000328,B0165,rc_misreport,Export reports a phantom R-C difference,2026-07-26T04:53:01+00:00
ACCT-000474,B0165,clean,,2026-07-26T04:53:01+00:00
ACCT-000363,B0165,clean,,2026-07-26T04:53:01+00:00
ACCT-000252,B0165,payment_short,Payment detail short of remit; no duplicates to zero out,2026-07-26T04:53:01+00:00
ACCT-000607,B0165,clean,,2026-07-26T04:53:01+00:00
ACCT-000608,B0165,clean,,2026-07-26T04:53:01+00:00
ACCT-000609,B0165,dup_unfixable,Payment detail short of remit; no duplicates to zero out,2026-07-26T04:53:01+00:00
ACCT-000610,B0165,clean,,2026-07-26T04:53:01+00:00
ACCT-000083,B0166,payment_short,Payment detail short of remit; no duplicates to zero out,2026-07-26T07:31:56+00:00
ACCT-000085,B0166,rc_misreport,Export reports a phantom R-C difference,2026-07-26T07:31:56+00:00
ACCT-000564,B0166,clean,,2026-07-26T07:31:56+00:00
ACCT-000581,B0166,clean,,2026-07-26T07:31:56+00:00
ACCT-000462,B0166,clean,,2026-07-26T07:31:56+00:00
ACCT-000322,B0166,clean,,2026-07-26T07:31:56+00:00
ACCT-000346,B0166,clean,,2026-07-26T07:31:56+00:00
ACCT-000368,B0166,dup_payment,Duplicate payment row inflates SUM(Payment),2026-07-26T07:31:56+00:00
ACCT-000196,B0166,charge_mismatch,CustCharge summary drifted from charge detail,2026-07-26T07:31:56+00:00
ACCT-000312,B0166,rc_misreport,Export reports a phantom R-C difference,2026-07-26T07:31:56+00:00
ACCT-000415,B0166,clean,,2026-07-26T07:31:56+00:00
ACCT-000561,B0166,dup_payment,Duplicate payment row inflates SUM(Payment),2026-07-26T07:31:56+00:00
ACCT-000247,B0166,clean,,2026-07-26T07:31:56+00:00
ACCT-000235,B0166,clean,,2026-07-26T07:31:56+00:00
ACCT-000192,B0166,dup_charge,Duplicate charge row inflates SUM(UtilityCharge),2026-07-26T07:31:56+00:00
ACCT-000376,B0166,dup_payment,Duplicate payment row inflates SUM(Payment),2026-07-26T07:31:56+00:00
ACCT-000082,B0166,dup_unfixable,Payment detail short of remit; no duplicates to zero out,2026-07-26T07:31:56+00:00
ACCT-000205,B0166,adj_mismatch,Adjustments summary drifted from adjustment detail,2026-07-26T07:31:56+00:00
ACCT-000543,B0166,clean,,2026-07-26T07:31:56+00:00
ACCT-000267,B0166,clean,,2026-07-26T07:31:56+00:00
ACCT-000241,B0166,clean,,2026-07-26T07:31:56+00:00
ACCT-000143,B0166,clean,,2026-07-26T07:31:56+00:00
ACCT-000492,B0166,dup_adjustment,Duplicate adjustment row inflates SUM(AdjustmentAmt),2026-07-26T07:31:56+00:00
ACCT-000344,B0166,adj_mismatch,Adjustments summary drifted from adjustment detail,2026-07-26T07:31:56+00:00
ACCT-000063,B0166,clean,,2026-07-26T07:31:56+00:00
ACCT-000495,B0166,clean,,2026-07-26T07:31:56+00:00
ACCT-000481,B0166,rc_misreport,Export reports a phantom R-C difference,2026-07-26T07:31:56+00:00
ACCT-000611,B0166,clean,,2026-07-26T07:31:56+00:00
ACCT-000612,B0166,clean,,2026-07-26T07:31:56+00:00
ACCT-000012,B0167,clean,,2026-07-26T09:52:17+00:00
ACCT-000021,B0167,clean,,2026-07-26T09:52:17+00:00
ACCT-000501,B0167,clean,,2026-07-26T09:52:17+00:00
ACCT-000565,B0167,clean,,2026-07-26T09:52:17+00:00
ACCT-000589,B0167,total_fail,Every check seeded to fail,2026-07-26T09:52:17+00:00
ACCT-000220,B0167,clean,,2026-07-26T09:52:17+00:00
ACCT-000198,B0167,clean,,2026-07-26T09:52:17+00:00
ACCT-000563,B0167,dup_adjustment,Duplicate adjustment row inflates SUM(AdjustmentAmt),2026-07-26T09:52:17+00:00
ACCT-000398,B0167,clean,,2026-07-26T09:52:17+00:00
ACCT-000056,B0167,clean,,2026-07-26T09:52:17+00:00
ACCT-000008,B0167,clean,,2026-07-26T09:52:17+00:00
ACCT-000298,B0167,adj_mismatch,Adjustments summary drifted from adjustment detail,2026-07-26T09:52:17+00:00
ACCT-000160,B0167,clean,,2026-07-26T09:52:17+00:00
ACCT-000193,B0167,dup_charge,Duplicate charge row inflates SUM(UtilityCharge),2026-07-26T09:52:17+00:00
ACCT-000330,B0167,clean,,2026-07-26T09:52:17+00:00
ACCT-000493,B0167,clean,,2026-07-26T09:52:17+00:00
ACCT-000424,B0167,total_fail,Every check seeded to fail,2026-07-26T09:52:17+00:00
ACCT-000088,B0167,rc_misreport,Export reports a phantom R-C difference,2026-07-26T09:52:17+00:00
ACCT-000293,B0167,clean,,2026-07-26T09:52:17+00:00
ACCT-000218,B0167,dup_charge,Duplicate charge row inflates SUM(UtilityCharge),2026-07-26T09:52:17+00:00
ACCT-000284,B0167,adj_mismatch,Adjustments summary drifted from adjustment detail,2026-07-26T09:52:17+00:00
ACCT-000480,B0167,dup_charge,Duplicate charge row inflates SUM(UtilityCharge),2026-07-26T09:52:17+00:00
ACCT-000512,B0167,clean,,2026-07-26T09:52:17+00:00
ACCT-000264,B0167,dup_charge,Duplicate charge row inflates SUM(UtilityCharge),2026-07-26T09:52:17+00:00
ACCT-000348,B0167,rc_misreport,Export reports a phantom R-C difference,2026-07-26T09:52:17+00:00
ACCT-000036,B0167,clean,,2026-07-26T09:52:17+00:00
ACCT-000190,B0167,clean,,2026-07-26T09:52:17+00:00
ACCT-000007,B0167,clean,,2026-07-26T09:52:17+00:00
ACCT-000613,B0167,charge_mismatch,CustCharge summary drifted from charge detail,2026-07-26T09:52:17+00:00
ACCT-000614,B0167,rc_misreport,Export reports a phantom R-C difference,2026-07-26T09:52:17+00:00
ACCT-000615,B0167,clean,,2026-07-26T09:52:17+00:00
ACCT-000616,B0167,dup_adjustment,Duplicate adjustment row inflates SUM(AdjustmentAmt),2026-07-26T09:52:17+00:00
ACCT-000098,B0168,clean,,2026-07-26T11:14:47+00:00
ACCT-000236,B0168,charge_mismatch,CustCharge summary drifted from charge detail,2026-07-26T11:14:47+00:00
ACCT-000060,B0168,clean,,2026-07-26T11:14:47+00:00
ACCT-000202,B0168,clean,,2026-07-26T11:14:47+00:00
ACCT-000563,B0168,clean,,2026-07-26T11:14:47+00:00
ACCT-000043,B0168,clean,,2026-07-26T11:14:47+00:00
ACCT-000499,B0168,adj_mismatch,Adjustments summary drifted from adjustment detail,2026-07-26T11:14:47+00:00
ACCT-000603,B0168,clean,,2026-07-26T11:14:47+00:00
ACCT-000200,B0168,clean,,2026-07-26T11:14:47+00:00
ACCT-000010,B0168,total_fail,Every check seeded to fail,2026-07-26T11:14:47+00:00
ACCT-000145,B0168,clean,,2026-07-26T11:14:47+00:00
ACCT-000599,B0168,clean,,2026-07-26T11:14:47+00:00
ACCT-000532,B0168,clean,,2026-07-26T11:14:47+00:00
ACCT-000284,B0168,rc_misreport,Export reports a phantom R-C difference,2026-07-26T11:14:47+00:00
ACCT-000545,B0168,clean,,2026-07-26T11:14:47+00:00
ACCT-000405,B0168,clean,,2026-07-26T11:14:47+00:00
ACCT-000146,B0168,clean,,2026-07-26T11:14:47+00:00
ACCT-000456,B0168,dup_adjustment,Duplicate adjustment row inflates SUM(AdjustmentAmt),2026-07-26T11:14:47+00:00
ACCT-000153,B0168,rc_misreport,Export reports a phantom R-C difference,2026-07-26T11:14:47+00:00
ACCT-000366,B0168,clean,,2026-07-26T11:14:47+00:00
ACCT-000095,B0168,clean,,2026-07-26T11:14:47+00:00
ACCT-000434,B0168,total_fail,Every check seeded to fail,2026-07-26T11:14:47+00:00
ACCT-000108,B0168,clean,,2026-07-26T11:14:47+00:00
ACCT-000600,B0168,total_fail,Every check seeded to fail,2026-07-26T11:14:47+00:00
ACCT-000386,B0168,dup_charge,Duplicate charge row inflates SUM(UtilityCharge),2026-07-26T11:14:47+00:00
ACCT-000500,B0168,clean,,2026-07-26T11:14:47+00:00
ACCT-000501,B0168,total_fail,Every check seeded to fail,2026-07-26T11:14:47+00:00
ACCT-000206,B0168,known_diff,Remit short vs charges; difference disclosed on export,2026-07-26T11:14:47+00:00
ACCT-000402,B0168,known_diff,Remit short vs charges; difference disclosed on export,2026-07-26T11:14:47+00:00
ACCT-000224,B0168,clean,,2026-07-26T11:14:47+00:00
ACCT-000152,B0168,clean,,2026-07-26T11:14:47+00:00
ACCT-000617,B0168,dup_payment,Duplicate payment row inflates SUM(Payment),2026-07-26T11:14:47+00:00
ACCT-000618,B0168,rc_misreport,Export reports a phantom R-C difference,2026-07-26T11:14:47+00:00
ACCT-000619,B0168,adj_mismatch,Adjustments summary drifted from adjustment detail,2026-07-26T11:14:47+00:00
ACCT-000415,B0169,dup_unfixable,Payment detail short of remit; no duplicates to zero out,2026-07-26T12:36:38+00:00
ACCT-000616,B0169,dup_charge,Duplicate charge row inflates SUM(UtilityCharge),2026-07-26T12:36:38+00:00
ACCT-000166,B0169,clean,,2026-07-26T12:36:38+00:00
ACCT-000243,B0169,clean,,2026-07-26T12:36:38+00:00
ACCT-000372,B0169,clean,,2026-07-26T12:36:38+00:00
ACCT-000393,B0169,dup_payment,Duplicate payment row inflates SUM(Payment),2026-07-26T12:36:38+00:00
ACCT-000267,B0169,clean,,2026-07-26T12:36:38+00:00
ACCT-000516,B0169,known_diff,Remit short vs charges; difference disclosed on export,2026-07-26T12:36:38+00:00
ACCT-000215,B0169,clean,,2026-07-26T12:36:38+00:00
ACCT-000064,B0169,clean,,2026-07-26T12:36:38+00:00
ACCT-000498,B0169,clean,,2026-07-26T12:36:38+00:00
ACCT-000581,B0169,clean,,2026-07-26T12:36:38+00:00
ACCT-000549,B0169,known_diff,Remit short vs charges; difference disclosed on export,2026-07-26T12:36:38+00:00
ACCT-000561,B0169,adj_mismatch,Adjustments summary drifted from adjustment detail,2026-07-26T12:36:38+00:00
ACCT-000424,B0169,clean,,2026-07-26T12:36:38+00:00
ACCT-000077,B0169,charge_mismatch,CustCharge summary drifted from charge detail,2026-07-26T12:36:38+00:00
ACCT-000010,B0169,dup_charge,Duplicate charge row inflates SUM(UtilityCharge),2026-07-26T12:36:38+00:00
ACCT-000017,B0169,clean,,2026-07-26T12:36:38+00:00
ACCT-000337,B0169,charge_mismatch,CustCharge summary drifted from charge detail,2026-07-26T12:36:38+00:00
ACCT-000048,B0169,dup_charge,Duplicate charge row inflates SUM(UtilityCharge),2026-07-26T12:36:38+00:00
ACCT-000369,B0169,clean,,2026-07-26T12:36:38+00:00
ACCT-000039,B0169,known_diff,Remit short vs charges; difference disclosed on export,2026-07-26T12:36:38+00:00
ACCT-000577,B0169,clean,,2026-07-26T12:36:38+00:00
ACCT-000317,B0169,clean,,2026-07-26T12:36:38+00:00
ACCT-000420,B0169,clean,,2026-07-26T12:36:38+00:00
ACCT-000330,B0169,clean,,2026-07-26T12:36:38+00:00
ACCT-000019,B0169,dup_payment,Duplicate payment row inflates SUM(Payment),2026-07-26T12:36:38+00:00
ACCT-000547,B0169,dup_payment,Duplicate payment row inflates SUM(Payment),2026-07-26T12:36:38+00:00
ACCT-000093,B0169,clean,,2026-07-26T12:36:38+00:00
ACCT-000620,B0169,clean,,2026-07-26T12:36:38+00:00
ACCT-000621,B0169,dup_charge,Duplicate charge row inflates SUM(UtilityCharge),2026-07-26T12:36:38+00:00
ACCT-000622,B0169,rc_misreport,Export reports a phantom R-C difference,2026-07-26T12:36:38+00:00
ACCT-000431,B0170,payment_short,Payment detail short of remit; no duplicates to zero out,2026-07-26T14:25:16+00:00
ACCT-000513,B0170,clean,,2026-07-26T14:25:16+00:00
ACCT-000427,B0170,clean,,2026-07-26T14:25:16+00:00
ACCT-000284,B0170,dup_charge,Duplicate charge row inflates SUM(UtilityCharge),2026-07-26T14:25:16+00:00
ACCT-000208,B0170,adj_mismatch,Adjustments summary drifted from adjustment detail,2026-07-26T14:25:16+00:00
ACCT-000122,B0170,rc_misreport,Export reports a phantom R-C difference,2026-07-26T14:25:16+00:00
ACCT-000221,B0170,clean,,2026-07-26T14:25:16+00:00
ACCT-000379,B0170,known_diff,Remit short vs charges; difference disclosed on export,2026-07-26T14:25:16+00:00
ACCT-000606,B0170,dup_payment,Duplicate payment row inflates SUM(Payment),2026-07-26T14:25:16+00:00
ACCT-000588,B0170,clean,,2026-07-26T14:25:16+00:00
ACCT-000147,B0170,clean,,2026-07-26T14:25:16+00:00
ACCT-000580,B0170,clean,,2026-07-26T14:25:16+00:00
ACCT-000452,B0170,clean,,2026-07-26T14:25:16+00:00
ACCT-000457,B0170,dup_unfixable,Payment detail short of remit; no duplicates to zero out,2026-07-26T14:25:16+00:00
ACCT-000509,B0170,dup_unfixable,Payment detail short of remit; no duplicates to zero out,2026-07-26T14:25:16+00:00
ACCT-000079,B0170,clean,,2026-07-26T14:25:16+00:00
ACCT-000421,B0170,clean,,2026-07-26T14:25:16+00:00
ACCT-000405,B0170,charge_mismatch,CustCharge summary drifted from charge detail,2026-07-26T14:25:16+00:00
ACCT-000255,B0170,clean,,2026-07-26T14:25:16+00:00
ACCT-000598,B0170,rc_misreport,Export reports a phantom R-C difference,2026-07-26T14:25:16+00:00
ACCT-000530,B0170,payment_short,Payment detail short of remit; no duplicates to zero out,2026-07-26T14:25:16+00:00
ACCT-000470,B0170,clean,,2026-07-26T14:25:16+00:00
ACCT-000160,B0170,adj_mismatch,Adjustments summary drifted from adjustment detail,2026-07-26T14:25:16+00:00
ACCT-000447,B0170,clean,,2026-07-26T14:25:16+00:00
ACCT-000037,B0170,clean,,2026-07-26T14:25:16+00:00
ACCT-000343,B0170,clean,,2026-07-26T14:25:16+00:00
ACCT-000347,B0170,clean,,2026-07-26T14:25:16+00:00
ACCT-000202,B0170,clean,,2026-07-26T14:25:16+00:00
ACCT-000150,B0170,clean,,2026-07-26T14:25:16+00:00
ACCT-000395,B0170,dup_charge,Duplicate charge row inflates SUM(UtilityCharge),2026-07-26T14:25:16+00:00
ACCT-000235,B0170,clean,,2026-07-26T14:25:16+00:00
ACCT-000303,B0170,charge_mismatch,CustCharge summary drifted from charge detail,2026-07-26T14:25:16+00:00
ACCT-000517,B0170,clean,,2026-07-26T14:25:16+00:00
ACCT-000623,B0170,total_fail,Every check seeded to fail,2026-07-26T14:25:16+00:00
ACCT-000624,B0170,clean,,2026-07-26T14:25:16+00:00
ACCT-000625,B0170,adj_mismatch,Adjustments summary drifted from adjustment detail,2026-07-26T14:25:16+00:00
ACCT-000626,B0170,dup_payment,Duplicate payment row inflates SUM(Payment),2026-07-26T14:25:16+00:00
ACCT-000268,B0171,clean,,2026-07-26T15:36:59+00:00
ACCT-000443,B0171,clean,,2026-07-26T15:36:59+00:00
ACCT-000246,B0171,total_fail,Every check seeded to fail,2026-07-26T15:36:59+00:00
ACCT-000161,B0171,clean,,2026-07-26T15:36:59+00:00
ACCT-000414,B0171,adj_mismatch,Adjustments summary drifted from adjustment detail,2026-07-26T15:36:59+00:00
ACCT-000580,B0171,clean,,2026-07-26T15:36:59+00:00
ACCT-000536,B0171,clean,,2026-07-26T15:36:59+00:00
ACCT-000271,B0171,dup_payment,Duplicate payment row inflates SUM(Payment),2026-07-26T15:36:59+00:00
ACCT-000195,B0171,clean,,2026-07-26T15:36:59+00:00
ACCT-000065,B0171,clean,,2026-07-26T15:36:59+00:00
ACCT-000397,B0171,adj_mismatch,Adjustments summary drifted from adjustment detail,2026-07-26T15:36:59+00:00
ACCT-000423,B0171,rc_misreport,Export reports a phantom R-C difference,2026-07-26T15:36:59+00:00
ACCT-000042,B0171,total_fail,Every check seeded to fail,2026-07-26T15:36:59+00:00
ACCT-000343,B0171,clean,,2026-07-26T15:36:59+00:00
ACCT-000452,B0171,clean,,2026-07-26T15:36:59+00:00
ACCT-000584,B0171,clean,,2026-07-26T15:36:59+00:00
ACCT-000162,B0171,clean,,2026-07-26T15:36:59+00:00
ACCT-000326,B0171,dup_adjustment,Duplicate adjustment row inflates SUM(AdjustmentAmt),2026-07-26T15:36:59+00:00
ACCT-000448,B0171,clean,,2026-07-26T15:36:59+00:00
ACCT-000058,B0171,clean,,2026-07-26T15:36:59+00:00
ACCT-000182,B0171,payment_short,Payment detail short of remit; no duplicates to zero out,2026-07-26T15:36:59+00:00
ACCT-000553,B0171,rc_misreport,Export reports a phantom R-C difference,2026-07-26T15:36:59+00:00
ACCT-000157,B0171,clean,,2026-07-26T15:36:59+00:00
ACCT-000255,B0171,payment_short,Payment detail short of remit; no duplicates to zero out,2026-07-26T15:36:59+00:00
ACCT-000557,B0171,payment_short,Payment detail short of remit; no duplicates to zero out,2026-07-26T15:36:59+00:00
ACCT-000085,B0171,dup_payment,Duplicate payment row inflates SUM(Payment),2026-07-26T15:36:59+00:00
ACCT-000385,B0171,clean,,2026-07-26T15:36:59+00:00
ACCT-000166,B0171,clean,,2026-07-26T15:36:59+00:00
ACCT-000090,B0171,clean,,2026-07-26T15:36:59+00:00
ACCT-000551,B0171,dup_charge,Duplicate charge row inflates SUM(UtilityCharge),2026-07-26T15:36:59+00:00
ACCT-000171,B0171,adj_mismatch,Adjustments summary drifted from adjustment detail,2026-07-26T15:36:59+00:00
ACCT-000613,B0171,clean,,2026-07-26T15:36:59+00:00
ACCT-000627,B0171,clean,,2026-07-26T15:36:59+00:00
ACCT-000628,B0171,adj_mismatch,Adjustments summary drifted from adjustment detail,2026-07-26T15:36:59+00:00
ACCT-000629,B0171,clean,,2026-07-26T15:36:59+00:00
ACCT-000630,B0171,known_diff,Remit short vs charges; difference disclosed on export,2026-07-26T15:36:59+00:00
ACCT-000218,B0172,clean,,2026-07-26T16:51:27+00:00
ACCT-000377,B0172,clean,,2026-07-26T16:51:27+00:00
ACCT-000077,B0172,clean,,2026-07-26T16:51:27+00:00
ACCT-000028,B0172,clean,,2026-07-26T16:51:27+00:00
ACCT-000554,B0172,dup_adjustment,Duplicate adjustment row inflates SUM(AdjustmentAmt),2026-07-26T16:51:27+00:00
ACCT-000322,B0172,dup_payment,Duplicate payment row inflates SUM(Payment),2026-07-26T16:51:27+00:00
ACCT-000589,B0172,charge_mismatch,CustCharge summary drifted from charge detail,2026-07-26T16:51:27+00:00
ACCT-000319,B0172,dup_payment,Duplicate payment row inflates SUM(Payment),2026-07-26T16:51:27+00:00
ACCT-000343,B0172,payment_short,Payment detail short of remit; no duplicates to zero out,2026-07-26T16:51:27+00:00
ACCT-000234,B0172,total_fail,Every check seeded to fail,2026-07-26T16:51:27+00:00
ACCT-000407,B0172,total_fail,Every check seeded to fail,2026-07-26T16:51:27+00:00
ACCT-000543,B0172,charge_mismatch,CustCharge summary drifted from charge detail,2026-07-26T16:51:27+00:00
ACCT-000447,B0172,clean,,2026-07-26T16:51:27+00:00
ACCT-000080,B0172,clean,,2026-07-26T16:51:27+00:00
ACCT-000555,B0172,clean,,2026-07-26T16:51:27+00:00
ACCT-000302,B0172,clean,,2026-07-26T16:51:27+00:00
ACCT-000590,B0172,clean,,2026-07-26T16:51:27+00:00
ACCT-000553,B0172,dup_payment,Duplicate payment row inflates SUM(Payment),2026-07-26T16:51:27+00:00
ACCT-000618,B0172,known_diff,Remit short vs charges; difference disclosed on export,2026-07-26T16:51:27+00:00
ACCT-000076,B0172,clean,,2026-07-26T16:51:27+00:00
ACCT-000346,B0172,payment_short,Payment detail short of remit; no duplicates to zero out,2026-07-26T16:51:27+00:00
ACCT-000490,B0172,clean,,2026-07-26T16:51:27+00:00
ACCT-000609,B0172,clean,,2026-07-26T16:51:27+00:00
ACCT-000448,B0172,dup_charge,Duplicate charge row inflates SUM(UtilityCharge),2026-07-26T16:51:27+00:00
ACCT-000151,B0172,dup_charge,Duplicate charge row inflates SUM(UtilityCharge),2026-07-26T16:51:27+00:00
ACCT-000278,B0172,clean,,2026-07-26T16:51:27+00:00
ACCT-000069,B0172,dup_charge,Duplicate charge row inflates SUM(UtilityCharge),2026-07-26T16:51:27+00:00
ACCT-000456,B0172,clean,,2026-07-26T16:51:27+00:00
ACCT-000132,B0172,charge_mismatch,CustCharge summary drifted from charge detail,2026-07-26T16:51:27+00:00
ACCT-000475,B0172,dup_adjustment,Duplicate adjustment row inflates SUM(AdjustmentAmt),2026-07-26T16:51:27+00:00
ACCT-000631,B0172,dup_payment,Duplicate payment row inflates SUM(Payment),2026-07-26T16:51:27+00:00
ACCT-000632,B0172,total_fail,Every check seeded to fail,2026-07-26T16:51:27+00:00
ACCT-000633,B0172,charge_mismatch,CustCharge summary drifted from charge detail,2026-07-26T16:51:27+00:00
ACCT-000634,B0172,dup_payment,Duplicate payment row inflates SUM(Payment),2026-07-26T16:51:27+00:00
ACCT-000316,B0173,clean,,2026-07-26T17:56:11+00:00
ACCT-000310,B0173,adj_mismatch,Adjustments summary drifted from adjustment detail,2026-07-26T17:56:11+00:00
ACCT-000617,B0173,total_fail,Every check seeded to fail,2026-07-26T17:56:11+00:00
ACCT-000454,B0173,dup_charge,Duplicate charge row inflates SUM(UtilityCharge),2026-07-26T17:56:11+00:00
ACCT-000025,B0173,clean,,2026-07-26T17:56:11+00:00
ACCT-000153,B0173,dup_payment,Duplicate payment row inflates SUM(Payment),2026-07-26T17:56:11+00:00
ACCT-000612,B0173,clean,,2026-07-26T17:56:11+00:00
ACCT-000161,B0173,total_fail,Every check seeded to fail,2026-07-26T17:56:11+00:00
ACCT-000160,B0173,rc_misreport,Export reports a phantom R-C difference,2026-07-26T17:56:11+00:00
ACCT-000023,B0173,dup_charge,Duplicate charge row inflates SUM(UtilityCharge),2026-07-26T17:56:11+00:00
ACCT-000395,B0173,charge_mismatch,CustCharge summary drifted from charge detail,2026-07-26T17:56:11+00:00
ACCT-000204,B0173,clean,,2026-07-26T17:56:11+00:00
ACCT-000287,B0173,charge_mismatch,CustCharge summary drifted from charge detail,2026-07-26T17:56:11+00:00
ACCT-000221,B0173,dup_payment,Duplicate payment row inflates SUM(Payment),2026-07-26T17:56:11+00:00
ACCT-000290,B0173,clean,,2026-07-26T17:56:11+00:00
ACCT-000608,B0173,clean,,2026-07-26T17:56:11+00:00
ACCT-000338,B0173,payment_short,Payment detail short of remit; no duplicates to zero out,2026-07-26T17:56:11+00:00
ACCT-000331,B0173,clean,,2026-07-26T17:56:11+00:00
ACCT-000466,B0173,clean,,2026-07-26T17:56:11+00:00
ACCT-000283,B0173,dup_payment,Duplicate payment row inflates SUM(Payment),2026-07-26T17:56:11+00:00
ACCT-000537,B0173,clean,,2026-07-26T17:56:11+00:00
ACCT-000462,B0173,clean,,2026-07-26T17:56:11+00:00
ACCT-000363,B0173,known_diff,Remit short vs charges; difference disclosed on export,2026-07-26T17:56:11+00:00
ACCT-000491,B0173,clean,,2026-07-26T17:56:11+00:00
ACCT-000410,B0173,clean,,2026-07-26T17:56:11+00:00
ACCT-000268,B0173,clean,,2026-07-26T17:56:11+00:00
ACCT-000581,B0173,clean,,2026-07-26T17:56:11+00:00
ACCT-000553,B0173,dup_payment,Duplicate payment row inflates SUM(Payment),2026-07-26T17:56:11+00:00
ACCT-000635,B0173,clean,,2026-07-26T17:56:11+00:00
ACCT-000636,B0173,clean,,2026-07-26T17:56:11+00:00
ACCT-000637,B0173,dup_adjustment,Duplicate adjustment row inflates SUM(AdjustmentAmt),2026-07-26T17:56:11+00:00
ACCT-000429,B0174,dup_payment,Duplicate payment row inflates SUM(Payment),2026-07-26T19:01:49+00:00
ACCT-000077,B0174,clean,,2026-07-26T19:01:49+00:00
ACCT-000017,B0174,clean,,2026-07-26T19:01:49+00:00
ACCT-000228,B0174,clean,,2026-07-26T19:01:49+00:00
ACCT-000435,B0174,clean,,2026-07-26T19:01:49+00:00
ACCT-000565,B0174,dup_payment,Duplicate payment row inflates SUM(Payment),2026-07-26T19:01:49+00:00
ACCT-000259,B0174,dup_unfixable,Payment detail short of remit; no duplicates to zero out,2026-07-26T19:01:49+00:00
ACCT-000342,B0174,clean,,2026-07-26T19:01:49+00:00
ACCT-000089,B0174,dup_charge,Duplicate charge row inflates SUM(UtilityCharge),2026-07-26T19:01:49+00:00
ACCT-000397,B0174,clean,,2026-07-26T19:01:49+00:00
ACCT-000226,B0174,dup_payment,Duplicate payment row inflates SUM(Payment),2026-07-26T19:01:49+00:00
ACCT-000126,B0174,clean,,2026-07-26T19:01:49+00:00
ACCT-000625,B0174,clean,,2026-07-26T19:01:49+00:00
ACCT-000616,B0174,clean,,2026-07-26T19:01:49+00:00
ACCT-000168,B0174,clean,,2026-07-26T19:01:49+00:00
ACCT-000573,B0174,rc_misreport,Export reports a phantom R-C difference,2026-07-26T19:01:49+00:00
ACCT-000206,B0174,dup_adjustment,Duplicate adjustment row inflates SUM(AdjustmentAmt),2026-07-26T19:01:49+00:00
ACCT-000325,B0174,dup_unfixable,Payment detail short of remit; no duplicates to zero out,2026-07-26T19:01:49+00:00
ACCT-000490,B0174,clean,,2026-07-26T19:01:49+00:00
ACCT-000295,B0174,dup_payment,Duplicate payment row inflates SUM(Payment),2026-07-26T19:01:49+00:00
ACCT-000578,B0174,dup_unfixable,Payment detail short of remit; no duplicates to zero out,2026-07-26T19:01:49+00:00
ACCT-000219,B0174,clean,,2026-07-26T19:01:49+00:00
ACCT-000341,B0174,adj_mismatch,Adjustments summary drifted from adjustment detail,2026-07-26T19:01:49+00:00
ACCT-000567,B0174,clean,,2026-07-26T19:01:49+00:00
ACCT-000564,B0174,clean,,2026-07-26T19:01:49+00:00
ACCT-000422,B0174,dup_payment,Duplicate payment row inflates SUM(Payment),2026-07-26T19:01:49+00:00
ACCT-000224,B0174,clean,,2026-07-26T19:01:49+00:00
ACCT-000011,B0174,clean,,2026-07-26T19:01:49+00:00
ACCT-000339,B0174,rc_misreport,Export reports a phantom R-C difference,2026-07-26T19:01:49+00:00
ACCT-000208,B0174,payment_short,Payment detail short of remit; no duplicates to zero out,2026-07-26T19:01:49+00:00
ACCT-000638,B0174,dup_adjustment,Duplicate adjustment row inflates SUM(AdjustmentAmt),2026-07-26T19:01:49+00:00
ACCT-000639,B0174,clean,,2026-07-26T19:01:49+00:00
ACCT-000640,B0174,clean,,2026-07-26T19:01:49+00:00
ACCT-000136,B0175,clean,,2026-07-26T20:29:08+00:00
ACCT-000003,B0175,clean,,2026-07-26T20:29:08+00:00
ACCT-000598,B0175,dup_payment,Duplicate payment row inflates SUM(Payment),2026-07-26T20:29:08+00:00
ACCT-000546,B0175,clean,,2026-07-26T20:29:08+00:00
ACCT-000279,B0175,clean,,2026-07-26T20:29:08+00:00
ACCT-000622,B0175,clean,,2026-07-26T20:29:08+00:00
ACCT-000242,B0175,clean,,2026-07-26T20:29:08+00:00
ACCT-000069,B0175,adj_mismatch,Adjustments summary drifted from adjustment detail,2026-07-26T20:29:08+00:00
ACCT-000297,B0175,clean,,2026-07-26T20:29:08+00:00
ACCT-000282,B0175,total_fail,Every check seeded to fail,2026-07-26T20:29:08+00:00
ACCT-000153,B0175,rc_misreport,Export reports a phantom R-C difference,2026-07-26T20:29:08+00:00
ACCT-000572,B0175,rc_misreport,Export reports a phantom R-C difference,2026-07-26T20:29:08+00:00
ACCT-000344,B0175,clean,,2026-07-26T20:29:08+00:00
ACCT-000078,B0175,clean,,2026-07-26T20:29:08+00:00
ACCT-000354,B0175,dup_payment,Duplicate payment row inflates SUM(Payment),2026-07-26T20:29:08+00:00
ACCT-000321,B0175,payment_short,Payment detail short of remit; no duplicates to zero out,2026-07-26T20:29:08+00:00
ACCT-000189,B0175,charge_mismatch,CustCharge summary drifted from charge detail,2026-07-26T20:29:08+00:00
ACCT-000346,B0175,total_fail,Every check seeded to fail,2026-07-26T20:29:08+00:00
ACCT-000071,B0175,payment_short,Payment detail short of remit; no duplicates to zero out,2026-07-26T20:29:08+00:00
ACCT-000404,B0175,clean,,2026-07-26T20:29:08+00:00
ACCT-000341,B0175,clean,,2026-07-26T20:29:08+00:00
ACCT-000131,B0175,charge_mismatch,CustCharge summary drifted from charge detail,2026-07-26T20:29:08+00:00
ACCT-000212,B0175,payment_short,Payment detail short of remit; no duplicates to zero out,2026-07-26T20:29:08+00:00
ACCT-000301,B0175,payment_short,Payment detail short of remit; no duplicates to zero out,2026-07-26T20:29:08+00:00
ACCT-000574,B0175,clean,,2026-07-26T20:29:08+00:00
ACCT-000039,B0175,dup_payment,Duplicate payment row inflates SUM(Payment),2026-07-26T20:29:08+00:00
ACCT-000453,B0175,dup_unfixable,Payment detail short of remit; no duplicates to zero out,2026-07-26T20:29:08+00:00
ACCT-000322,B0175,clean,,2026-07-26T20:29:08+00:00
ACCT-000052,B0175,payment_short,Payment detail short of remit; no duplicates to zero out,2026-07-26T20:29:08+00:00
ACCT-000641,B0175,clean,,2026-07-26T20:29:08+00:00
ACCT-000642,B0175,clean,,2026-07-26T20:29:08+00:00
ACCT-000643,B0175,dup_charge,Duplicate charge row inflates SUM(UtilityCharge),2026-07-26T20:29:08+00:00
ACCT-000644,B0175,clean,,2026-07-26T20:29:08+00:00
ACCT-000565,B0176,dup_payment,Duplicate payment row inflates SUM(Payment),2026-07-26T21:26:49+00:00
ACCT-000035,B0176,clean,,2026-07-26T21:26:49+00:00
ACCT-000149,B0176,payment_short,Payment detail short of remit; no duplicates to zero out,2026-07-26T21:26:49+00:00
ACCT-000480,B0176,dup_adjustment,Duplicate adjustment row inflates SUM(AdjustmentAmt),2026-07-26T21:26:49+00:00
ACCT-000643,B0176,clean,,2026-07-26T21:26:49+00:00
ACCT-000054,B0176,clean,,2026-07-26T21:26:49+00:00
ACCT-000154,B0176,clean,,2026-07-26T21:26:49+00:00
ACCT-000084,B0176,total_fail,Every check seeded to fail,2026-07-26T21:26:49+00:00
ACCT-000273,B0176,dup_payment,Duplicate payment row inflates SUM(Payment),2026-07-26T21:26:49+00:00
ACCT-000463,B0176,clean,,2026-07-26T21:26:49+00:00
ACCT-000407,B0176,dup_charge,Duplicate charge row inflates SUM(UtilityCharge),2026-07-26T21:26:49+00:00
ACCT-000589,B0176,total_fail,Every check seeded to fail,2026-07-26T21:26:49+00:00
ACCT-000491,B0176,clean,,2026-07-26T21:26:49+00:00
ACCT-000520,B0176,dup_charge,Duplicate charge row inflates SUM(UtilityCharge),2026-07-26T21:26:49+00:00
ACCT-000148,B0176,clean,,2026-07-26T21:26:49+00:00
ACCT-000618,B0176,clean,,2026-07-26T21:26:49+00:00
ACCT-000366,B0176,payment_short,Payment detail short of remit; no duplicates to zero out,2026-07-26T21:26:49+00:00
ACCT-000139,B0176,clean,,2026-07-26T21:26:49+00:00
ACCT-000083,B0176,known_diff,Remit short vs charges; difference disclosed on export,2026-07-26T21:26:49+00:00
ACCT-000243,B0176,charge_mismatch,CustCharge summary drifted from charge detail,2026-07-26T21:26:49+00:00
ACCT-000531,B0176,rc_misreport,Export reports a phantom R-C difference,2026-07-26T21:26:49+00:00
ACCT-000147,B0176,clean,,2026-07-26T21:26:49+00:00
ACCT-000620,B0176,clean,,2026-07-26T21:26:49+00:00
ACCT-000261,B0176,total_fail,Every check seeded to fail,2026-07-26T21:26:49+00:00
ACCT-000087,B0176,clean,,2026-07-26T21:26:49+00:00
ACCT-000360,B0176,clean,,2026-07-26T21:26:49+00:00
ACCT-000016,B0176,dup_payment,Duplicate payment row inflates SUM(Payment),2026-07-26T21:26:49+00:00
ACCT-000313,B0176,clean,,2026-07-26T21:26:49+00:00
ACCT-000180,B0176,payment_short,Payment detail short of remit; no duplicates to zero out,2026-07-26T21:26:49+00:00
ACCT-000563,B0176,clean,,2026-07-26T21:26:49+00:00
ACCT-000178,B0176,clean,,2026-07-26T21:26:49+00:00
ACCT-000645,B0176,dup_payment,Duplicate payment row inflates SUM(Payment),2026-07-26T21:26:49+00:00
ACCT-000646,B0176,charge_mismatch,CustCharge summary drifted from charge detail,2026-07-26T21:26:49+00:00
ACCT-000647,B0176,total_fail,Every check seeded to fail,2026-07-26T21:26:49+00:00
ACCT-000648,B0176,rc_misreport,Export reports a phantom R-C difference,2026-07-26T21:26:49+00:00
ACCT-000014,B0177,dup_payment,Duplicate payment row inflates SUM(Payment),2026-07-26T22:28:44+00:00
ACCT-000618,B0177,dup_payment,Duplicate payment row inflates SUM(Payment),2026-07-26T22:28:44+00:00
ACCT-000497,B0177,dup_payment,Duplicate payment row inflates SUM(Payment),2026-07-26T22:28:44+00:00
ACCT-000605,B0177,clean,,2026-07-26T22:28:44+00:00
ACCT-000243,B0177,clean,,2026-07-26T22:28:44+00:00
ACCT-000598,B0177,payment_short,Payment detail short of remit; no duplicates to zero out,2026-07-26T22:28:44+00:00
ACCT-000075,B0177,dup_charge,Duplicate charge row inflates SUM(UtilityCharge),2026-07-26T22:28:44+00:00
ACCT-000444,B0177,rc_misreport,Export reports a phantom R-C difference,2026-07-26T22:28:44+00:00
ACCT-000113,B0177,clean,,2026-07-26T22:28:44+00:00
ACCT-000421,B0177,dup_charge,Duplicate charge row inflates SUM(UtilityCharge),2026-07-26T22:28:44+00:00
ACCT-000538,B0177,clean,,2026-07-26T22:28:44+00:00
ACCT-000506,B0177,known_diff,Remit short vs charges; difference disclosed on export,2026-07-26T22:28:44+00:00
ACCT-000115,B0177,charge_mismatch,CustCharge summary drifted from charge detail,2026-07-26T22:28:44+00:00
ACCT-000409,B0177,known_diff,Remit short vs charges; difference disclosed on export,2026-07-26T22:28:44+00:00
ACCT-000446,B0177,charge_mismatch,CustCharge summary drifted from charge detail,2026-07-26T22:28:44+00:00
ACCT-000219,B0177,charge_mismatch,CustCharge summary drifted from charge detail,2026-07-26T22:28:44+00:00
ACCT-000367,B0177,clean,,2026-07-26T22:28:44+00:00
ACCT-000494,B0177,clean,,2026-07-26T22:28:44+00:00
ACCT-000422,B0177,dup_adjustment,Duplicate adjustment row inflates SUM(AdjustmentAmt),2026-07-26T22:28:44+00:00
ACCT-000186,B0177,clean,,2026-07-26T22:28:44+00:00
ACCT-000509,B0177,clean,,2026-07-26T22:28:44+00:00
ACCT-000532,B0177,clean,,2026-07-26T22:28:44+00:00
ACCT-000230,B0177,dup_payment,Duplicate payment row inflates SUM(Payment),2026-07-26T22:28:44+00:00
ACCT-000441,B0177,dup_unfixable,Payment detail short of remit; no duplicates to zero out,2026-07-26T22:28:44+00:00
ACCT-000510,B0177,charge_mismatch,CustCharge summary drifted from charge detail,2026-07-26T22:28:44+00:00
ACCT-000382,B0177,dup_charge,Duplicate charge row inflates SUM(UtilityCharge),2026-07-26T22:28:44+00:00
ACCT-000077,B0177,charge_mismatch,CustCharge summary drifted from charge detail,2026-07-26T22:28:44+00:00
ACCT-000355,B0177,dup_charge,Duplicate charge row inflates SUM(UtilityCharge),2026-07-26T22:28:44+00:00
ACCT-000089,B0177,payment_short,Payment detail short of remit; no duplicates to zero out,2026-07-26T22:28:44+00:00
ACCT-000577,B0177,dup_charge,Duplicate charge row inflates SUM(UtilityCharge),2026-07-26T22:28:44+00:00
ACCT-000408,B0177,rc_misreport,Export reports a phantom R-C difference,2026-07-26T22:28:44+00:00
ACCT-000354,B0177,clean,,2026-07-26T22:28:44+00:00
ACCT-000571,B0177,clean,,2026-07-26T22:28:44+00:00
ACCT-000513,B0177,rc_misreport,Export reports a phantom R-C difference,2026-07-26T22:28:44+00:00
ACCT-000649,B0177,payment_short,Payment detail short of remit; no duplicates to zero out,2026-07-26T22:28:44+00:00
ACCT-000650,B0177,clean,,2026-07-26T22:28:44+00:00
ACCT-000427,B0178,charge_mismatch,CustCharge summary drifted from charge detail,2026-07-26T23:29:39+00:00
ACCT-000294,B0178,clean,,2026-07-26T23:29:39+00:00
ACCT-000216,B0178,clean,,2026-07-26T23:29:39+00:00
ACCT-000525,B0178,charge_mismatch,CustCharge summary drifted from charge detail,2026-07-26T23:29:39+00:00
ACCT-000597,B0178,dup_adjustment,Duplicate adjustment row inflates SUM(AdjustmentAmt),2026-07-26T23:29:39+00:00
ACCT-000500,B0178,clean,,2026-07-26T23:29:39+00:00
ACCT-000297,B0178,clean,,2026-07-26T23:29:39+00:00
ACCT-000259,B0178,dup_charge,Duplicate charge row inflates SUM(UtilityCharge),2026-07-26T23:29:39+00:00
ACCT-000502,B0178,clean,,2026-07-26T23:29:39+00:00
ACCT-000197,B0178,clean,,2026-07-26T23:29:39+00:00
ACCT-000567,B0178,rc_misreport,Export reports a phantom R-C difference,2026-07-26T23:29:39+00:00
ACCT-000361,B0178,clean,,2026-07-26T23:29:39+00:00
ACCT-000092,B0178,clean,,2026-07-26T23:29:39+00:00
ACCT-000517,B0178,charge_mismatch,CustCharge summary drifted from charge detail,2026-07-26T23:29:39+00:00
ACCT-000538,B0178,clean,,2026-07-26T23:29:39+00:00
ACCT-000009,B0178,adj_mismatch,Adjustments summary drifted from adjustment detail,2026-07-26T23:29:39+00:00
ACCT-000533,B0178,rc_misreport,Export reports a phantom R-C difference,2026-07-26T23:29:39+00:00
ACCT-000488,B0178,payment_short,Payment detail short of remit; no duplicates to zero out,2026-07-26T23:29:39+00:00
ACCT-000061,B0178,clean,,2026-07-26T23:29:39+00:00
ACCT-000648,B0178,dup_adjustment,Duplicate adjustment row inflates SUM(AdjustmentAmt),2026-07-26T23:29:39+00:00
ACCT-000249,B0178,dup_charge,Duplicate charge row inflates SUM(UtilityCharge),2026-07-26T23:29:39+00:00
ACCT-000255,B0178,clean,,2026-07-26T23:29:39+00:00
ACCT-000101,B0178,adj_mismatch,Adjustments summary drifted from adjustment detail,2026-07-26T23:29:39+00:00
ACCT-000053,B0178,clean,,2026-07-26T23:29:39+00:00
ACCT-000545,B0178,clean,,2026-07-26T23:29:39+00:00
ACCT-000146,B0178,clean,,2026-07-26T23:29:39+00:00
ACCT-000321,B0178,rc_misreport,Export reports a phantom R-C difference,2026-07-26T23:29:39+00:00
ACCT-000281,B0178,clean,,2026-07-26T23:29:39+00:00
ACCT-000592,B0178,clean,,2026-07-26T23:29:39+00:00
ACCT-000078,B0178,clean,,2026-07-26T23:29:39+00:00
ACCT-000651,B0178,dup_unfixable,Payment detail short of remit; no duplicates to zero out,2026-07-26T23:29:39+00:00
ACCT-000652,B0178,clean,,2026-07-26T23:29:39+00:00
ACCT-000653,B0178,clean,,2026-07-26T23:29:39+00:00
ACCT-000348,B0179,dup_payment,Duplicate payment row inflates SUM(Payment),2026-07-27T01:09:35+00:00
ACCT-000103,B0179,dup_payment,Duplicate payment row inflates SUM(Payment),2026-07-27T01:09:35+00:00
ACCT-000047,B0179,clean,,2026-07-27T01:09:35+00:00
ACCT-000510,B0179,dup_payment,Duplicate payment row inflates SUM(Payment),2026-07-27T01:09:35+00:00
ACCT-000354,B0179,clean,,2026-07-27T01:09:35+00:00
ACCT-000429,B0179,dup_payment,Duplicate payment row inflates SUM(Payment),2026-07-27T01:09:35+00:00
ACCT-000115,B0179,clean,,2026-07-27T01:09:35+00:00
ACCT-000597,B0179,charge_mismatch,CustCharge summary drifted from charge detail,2026-07-27T01:09:35+00:00
ACCT-000601,B0179,dup_adjustment,Duplicate adjustment row inflates SUM(AdjustmentAmt),2026-07-27T01:09:35+00:00
ACCT-000125,B0179,adj_mismatch,Adjustments summary drifted from adjustment detail,2026-07-27T01:09:35+00:00
ACCT-000126,B0179,clean,,2026-07-27T01:09:35+00:00
ACCT-000542,B0179,clean,,2026-07-27T01:09:35+00:00
ACCT-000089,B0179,dup_adjustment,Duplicate adjustment row inflates SUM(AdjustmentAmt),2026-07-27T01:09:35+00:00
ACCT-000467,B0179,clean,,2026-07-27T01:09:35+00:00
ACCT-000220,B0179,clean,,2026-07-27T01:09:35+00:00
ACCT-000614,B0179,payment_short,Payment detail short of remit; no duplicates to zero out,2026-07-27T01:09:35+00:00
ACCT-000014,B0179,charge_mismatch,CustCharge summary drifted from charge detail,2026-07-27T01:09:35+00:00
ACCT-000216,B0179,clean,,2026-07-27T01:09:35+00:00
ACCT-000022,B0179,clean,,2026-07-27T01:09:35+00:00
ACCT-000083,B0179,rc_misreport,Export reports a phantom R-C difference,2026-07-27T01:09:35+00:00
ACCT-000356,B0179,clean,,2026-07-27T01:09:35+00:00
ACCT-000525,B0179,clean,,2026-07-27T01:09:35+00:00
ACCT-000296,B0179,charge_mismatch,CustCharge summary drifted from charge detail,2026-07-27T01:09:35+00:00
ACCT-000610,B0179,charge_mismatch,CustCharge summary drifted from charge detail,2026-07-27T01:09:35+00:00
ACCT-000389,B0179,clean,,2026-07-27T01:09:35+00:00
ACCT-000466,B0179,dup_adjustment,Duplicate adjustment row inflates SUM(AdjustmentAmt),2026-07-27T01:09:35+00:00
ACCT-000051,B0179,clean,,2026-07-27T01:09:35+00:00
ACCT-000076,B0179,charge_mismatch,CustCharge summary drifted from charge detail,2026-07-27T01:09:35+00:00
ACCT-000021,B0179,clean,,2026-07-27T01:09:35+00:00
ACCT-000519,B0179,clean,,2026-07-27T01:09:35+00:00
ACCT-000639,B0179,clean,,2026-07-27T01:09:35+00:00
ACCT-000123,B0179,dup_payment,Duplicate payment row inflates SUM(Payment),2026-07-27T01:09:35+00:00
ACCT-000654,B0179,clean,,2026-07-27T01:09:35+00:00
ACCT-000655,B0179,clean,,2026-07-27T01:09:35+00:00
ACCT-000656,B0179,known_diff,Remit short vs charges; difference disclosed on export,2026-07-27T01:09:35+00:00
ACCT-000657,B0179,clean,,2026-07-27T01:09:35+00:00
ACCT-000632,B0180,dup_unfixable,Payment detail short of remit; no duplicates to zero out,2026-07-27T05:04:49+00:00
ACCT-000543,B0180,clean,,2026-07-27T05:04:49+00:00
ACCT-000392,B0180,charge_mismatch,CustCharge summary drifted from charge detail,2026-07-27T05:04:49+00:00
ACCT-000068,B0180,clean,,2026-07-27T05:04:49+00:00
ACCT-000621,B0180,clean,,2026-07-27T05:04:49+00:00
ACCT-000509,B0180,clean,,2026-07-27T05:04:49+00:00
ACCT-000404,B0180,clean,,2026-07-27T05:04:49+00:00
ACCT-000616,B0180,clean,,2026-07-27T05:04:49+00:00
ACCT-000035,B0180,clean,,2026-07-27T05:04:49+00:00
ACCT-000165,B0180,clean,,2026-07-27T05:04:49+00:00
ACCT-000147,B0180,rc_misreport,Export reports a phantom R-C difference,2026-07-27T05:04:49+00:00
ACCT-000456,B0180,clean,,2026-07-27T05:04:49+00:00
ACCT-000140,B0180,clean,,2026-07-27T05:04:49+00:00
ACCT-000010,B0180,clean,,2026-07-27T05:04:49+00:00
ACCT-000426,B0180,clean,,2026-07-27T05:04:49+00:00
ACCT-000620,B0180,clean,,2026-07-27T05:04:49+00:00
ACCT-000022,B0180,clean,,2026-07-27T05:04:49+00:00
ACCT-000562,B0180,clean,,2026-07-27T05:04:49+00:00
ACCT-000577,B0180,dup_payment,Duplicate payment row inflates SUM(Payment),2026-07-27T05:04:49+00:00
ACCT-000415,B0180,dup_unfixable,Payment detail short of remit; no duplicates to zero out,2026-07-27T05:04:49+00:00
ACCT-000100,B0180,charge_mismatch,CustCharge summary drifted from charge detail,2026-07-27T05:04:49+00:00
ACCT-000603,B0180,rc_misreport,Export reports a phantom R-C difference,2026-07-27T05:04:49+00:00
ACCT-000653,B0180,dup_payment,Duplicate payment row inflates SUM(Payment),2026-07-27T05:04:49+00:00
ACCT-000459,B0180,adj_mismatch,Adjustments summary drifted from adjustment detail,2026-07-27T05:04:49+00:00
ACCT-000357,B0180,clean,,2026-07-27T05:04:49+00:00
ACCT-000592,B0180,dup_payment,Duplicate payment row inflates SUM(Payment),2026-07-27T05:04:49+00:00
ACCT-000446,B0180,charge_mismatch,CustCharge summary drifted from charge detail,2026-07-27T05:04:49+00:00
ACCT-000328,B0180,clean,,2026-07-27T05:04:49+00:00
ACCT-000023,B0180,clean,,2026-07-27T05:04:49+00:00
ACCT-000658,B0180,dup_payment,Duplicate payment row inflates SUM(Payment),2026-07-27T05:04:49+00:00
ACCT-000659,B0180,clean,,2026-07-27T05:04:49+00:00
ACCT-000660,B0180,dup_payment,Duplicate payment row inflates SUM(Payment),2026-07-27T05:04:49+00:00
ACCT-000470,B0181,clean,,2026-07-27T08:53:05+00:00
ACCT-000479,B0181,clean,,2026-07-27T08:53:05+00:00
ACCT-000363,B0181,clean,,2026-07-27T08:53:05+00:00
ACCT-000328,B0181,dup_payment,Duplicate payment row inflates SUM(Payment),2026-07-27T08:53:05+00:00
ACCT-000591,B0181,clean,,2026-07-27T08:53:05+00:00
ACCT-000463,B0181,clean,,2026-07-27T08:53:05+00:00
ACCT-000352,B0181,charge_mismatch,CustCharge summary drifted from charge detail,2026-07-27T08:53:05+00:00
ACCT-000659,B0181,clean,,2026-07-27T08:53:05+00:00
ACCT-000085,B0181,dup_unfixable,Payment detail short of remit; no duplicates to zero out,2026-07-27T08:53:05+00:00
ACCT-000158,B0181,dup_payment,Duplicate payment row inflates SUM(Payment),2026-07-27T08:53:05+00:00
ACCT-000429,B0181,dup_unfixable,Payment detail short of remit; no duplicates to zero out,2026-07-27T08:53:05+00:00
ACCT-000142,B0181,clean,,2026-07-27T08:53:05+00:00
ACCT-000428,B0181,charge_mismatch,CustCharge summary drifted from charge detail,2026-07-27T08:53:05+00:00
ACCT-000062,B0181,clean,,2026-07-27T08:53:05+00:00
ACCT-000023,B0181,dup_charge,Duplicate charge row inflates SUM(UtilityCharge),2026-07-27T08:53:05+00:00
ACCT-000017,B0181,clean,,2026-07-27T08:53:05+00:00
ACCT-000053,B0181,adj_mismatch,Adjustments summary drifted from adjustment detail,2026-07-27T08:53:05+00:00
ACCT-000281,B0181,clean,,2026-07-27T08:53:05+00:00
ACCT-000050,B0181,clean,,2026-07-27T08:53:05+00:00
ACCT-000521,B0181,known_diff,Remit short vs charges; difference disclosed on export,2026-07-27T08:53:05+00:00
ACCT-000397,B0181,clean,,2026-07-27T08:53:05+00:00
ACCT-000343,B0181,payment_short,Payment detail short of remit; no duplicates to zero out,2026-07-27T08:53:05+00:00
ACCT-000474,B0181,total_fail,Every check seeded to fail,2026-07-27T08:53:05+00:00
ACCT-000411,B0181,known_diff,Remit short vs charges; difference disclosed on export,2026-07-27T08:53:05+00:00
ACCT-000574,B0181,clean,,2026-07-27T08:53:05+00:00
ACCT-000353,B0181,known_diff,Remit short vs charges; difference disclosed on export,2026-07-27T08:53:05+00:00
ACCT-000554,B0181,charge_mismatch,CustCharge summary drifted from charge detail,2026-07-27T08:53:05+00:00
ACCT-000382,B0181,rc_misreport,Export reports a phantom R-C difference,2026-07-27T08:53:05+00:00
ACCT-000458,B0181,clean,,2026-07-27T08:53:05+00:00
ACCT-000623,B0181,clean,,2026-07-27T08:53:05+00:00
ACCT-000661,B0181,dup_payment,Duplicate payment row inflates SUM(Payment),2026-07-27T08:53:05+00:00
ACCT-000662,B0181,clean,,2026-07-27T08:53:05+00:00
ACCT-000663,B0181,charge_mismatch,CustCharge summary drifted from charge detail,2026-07-27T08:53:05+00:00
ACCT-000144,B0182,adj_mismatch,Adjustments summary drifted from adjustment detail,2026-07-27T12:13:42+00:00
ACCT-000036,B0182,clean,,2026-07-27T12:13:42+00:00
ACCT-000472,B0182,dup_payment,Duplicate payment row inflates SUM(Payment),2026-07-27T12:13:42+00:00
ACCT-000010,B0182,clean,,2026-07-27T12:13:42+00:00
ACCT-000433,B0182,clean,,2026-07-27T12:13:42+00:00
ACCT-000127,B0182,clean,,2026-07-27T12:13:42+00:00
ACCT-000559,B0182,dup_charge,Duplicate charge row inflates SUM(UtilityCharge),2026-07-27T12:13:42+00:00
ACCT-000591,B0182,clean,,2026-07-27T12:13:42+00:00
ACCT-000470,B0182,clean,,2026-07-27T12:13:42+00:00
ACCT-000463,B0182,clean,,2026-07-27T12:13:42+00:00
ACCT-000305,B0182,clean,,2026-07-27T12:13:42+00:00
ACCT-000316,B0182,dup_payment,Duplicate payment row inflates SUM(Payment),2026-07-27T12:13:42+00:00
ACCT-000011,B0182,payment_short,Payment detail short of remit; no duplicates to zero out,2026-07-27T12:13:42+00:00
ACCT-000070,B0182,clean,,2026-07-27T12:13:42+00:00
ACCT-000415,B0182,payment_short,Payment detail short of remit; no duplicates to zero out,2026-07-27T12:13:42+00:00
ACCT-000271,B0182,clean,,2026-07-27T12:13:42+00:00
ACCT-000398,B0182,clean,,2026-07-27T12:13:42+00:00
ACCT-000258,B0182,clean,,2026-07-27T12:13:42+00:00
ACCT-000327,B0182,dup_adjustment,Duplicate adjustment row inflates SUM(AdjustmentAmt),2026-07-27T12:13:42+00:00
ACCT-000227,B0182,adj_mismatch,Adjustments summary drifted from adjustment detail,2026-07-27T12:13:42+00:00
ACCT-000233,B0182,payment_short,Payment detail short of remit; no duplicates to zero out,2026-07-27T12:13:42+00:00
ACCT-000212,B0182,charge_mismatch,CustCharge summary drifted from charge detail,2026-07-27T12:13:42+00:00
ACCT-000028,B0182,rc_misreport,Export reports a phantom R-C difference,2026-07-27T12:13:42+00:00
ACCT-000424,B0182,clean,,2026-07-27T12:13:42+00:00
ACCT-000349,B0182,dup_payment,Duplicate payment row inflates SUM(Payment),2026-07-27T12:13:42+00:00
ACCT-000587,B0182,rc_misreport,Export reports a phantom R-C difference,2026-07-27T12:13:42+00:00
ACCT-000105,B0182,known_diff,Remit short vs charges; difference disclosed on export,2026-07-27T12:13:42+00:00
ACCT-000145,B0182,dup_charge,Duplicate charge row inflates SUM(UtilityCharge),2026-07-27T12:13:42+00:00
ACCT-000664,B0182,payment_short,Payment detail short of remit; no duplicates to zero out,2026-07-27T12:13:42+00:00
ACCT-000665,B0182,clean,,2026-07-27T12:13:42+00:00
ACCT-000666,B0182,clean,,2026-07-27T12:13:42+00:00
ACCT-000589,B0183,dup_payment,Duplicate payment row inflates SUM(Payment),2026-07-27T15:21:36+00:00
ACCT-000540,B0183,dup_charge,Duplicate charge row inflates SUM(UtilityCharge),2026-07-27T15:21:36+00:00
ACCT-000439,B0183,dup_adjustment,Duplicate adjustment row inflates SUM(AdjustmentAmt),2026-07-27T15:21:36+00:00
ACCT-000389,B0183,adj_mismatch,Adjustments summary drifted from adjustment detail,2026-07-27T15:21:36+00:00
ACCT-000580,B0183,known_diff,Remit short vs charges; difference disclosed on export,2026-07-27T15:21:36+00:00
ACCT-000240,B0183,clean,,2026-07-27T15:21:36+00:00
ACCT-000545,B0183,clean,,2026-07-27T15:21:36+00:00
ACCT-000508,B0183,clean,,2026-07-27T15:21:36+00:00
ACCT-000270,B0183,clean,,2026-07-27T15:21:36+00:00
ACCT-000131,B0183,charge_mismatch,CustCharge summary drifted from charge detail,2026-07-27T15:21:36+00:00
ACCT-000144,B0183,clean,,2026-07-27T15:21:36+00:00
ACCT-000460,B0183,dup_adjustment,Duplicate adjustment row inflates SUM(AdjustmentAmt),2026-07-27T15:21:36+00:00
ACCT-000029,B0183,payment_short,Payment detail short of remit; no duplicates to zero out,2026-07-27T15:21:36+00:00
ACCT-000041,B0183,clean,,2026-07-27T15:21:36+00:00
ACCT-000522,B0183,clean,,2026-07-27T15:21:36+00:00
ACCT-000111,B0183,clean,,2026-07-27T15:21:36+00:00
ACCT-000572,B0183,clean,,2026-07-27T15:21:36+00:00
ACCT-000331,B0183,clean,,2026-07-27T15:21:36+00:00
ACCT-000051,B0183,clean,,2026-07-27T15:21:36+00:00
ACCT-000107,B0183,clean,,2026-07-27T15:21:36+00:00
ACCT-000149,B0183,clean,,2026-07-27T15:21:36+00:00
ACCT-000467,B0183,payment_short,Payment detail short of remit; no duplicates to zero out,2026-07-27T15:21:36+00:00
ACCT-000008,B0183,dup_payment,Duplicate payment row inflates SUM(Payment),2026-07-27T15:21:36+00:00
ACCT-000276,B0183,clean,,2026-07-27T15:21:36+00:00
ACCT-000649,B0183,dup_charge,Duplicate charge row inflates SUM(UtilityCharge),2026-07-27T15:21:36+00:00
ACCT-000047,B0183,adj_mismatch,Adjustments summary drifted from adjustment detail,2026-07-27T15:21:36+00:00
ACCT-000499,B0183,clean,,2026-07-27T15:21:36+00:00
ACCT-000596,B0183,payment_short,Payment detail short of remit; no duplicates to zero out,2026-07-27T15:21:36+00:00
ACCT-000667,B0183,clean,,2026-07-27T15:21:36+00:00
ACCT-000668,B0183,clean,,2026-07-27T15:21:36+00:00
ACCT-000638,B0184,clean,,2026-07-27T17:16:16+00:00
ACCT-000442,B0184,clean,,2026-07-27T17:16:16+00:00
ACCT-000489,B0184,adj_mismatch,Adjustments summary drifted from adjustment detail,2026-07-27T17:16:16+00:00
ACCT-000200,B0184,rc_misreport,Export reports a phantom R-C difference,2026-07-27T17:16:16+00:00
ACCT-000371,B0184,clean,,2026-07-27T17:16:16+00:00
ACCT-000015,B0184,clean,,2026-07-27T17:16:16+00:00
ACCT-000388,B0184,charge_mismatch,CustCharge summary drifted from charge detail,2026-07-27T17:16:16+00:00
ACCT-000383,B0184,dup_unfixable,Payment detail short of remit; no duplicates to zero out,2026-07-27T17:16:16+00:00
ACCT-000666,B0184,payment_short,Payment detail short of remit; no duplicates to zero out,2026-07-27T17:16:16+00:00
ACCT-000215,B0184,dup_adjustment,Duplicate adjustment row inflates SUM(AdjustmentAmt),2026-07-27T17:16:16+00:00
ACCT-000624,B0184,charge_mismatch,CustCharge summary drifted from charge detail,2026-07-27T17:16:16+00:00
ACCT-000276,B0184,clean,,2026-07-27T17:16:16+00:00
ACCT-000274,B0184,clean,,2026-07-27T17:16:16+00:00
ACCT-000235,B0184,dup_charge,Duplicate charge row inflates SUM(UtilityCharge),2026-07-27T17:16:16+00:00
ACCT-000447,B0184,clean,,2026-07-27T17:16:16+00:00
ACCT-000337,B0184,charge_mismatch,CustCharge summary drifted from charge detail,2026-07-27T17:16:16+00:00
ACCT-000062,B0184,clean,,2026-07-27T17:16:16+00:00
ACCT-000026,B0184,clean,,2026-07-27T17:16:16+00:00
ACCT-000560,B0184,clean,,2026-07-27T17:16:16+00:00
ACCT-000529,B0184,clean,,2026-07-27T17:16:16+00:00
ACCT-000410,B0184,dup_adjustment,Duplicate adjustment row inflates SUM(AdjustmentAmt),2026-07-27T17:16:16+00:00
ACCT-000461,B0184,clean,,2026-07-27T17:16:16+00:00
ACCT-000289,B0184,dup_adjustment,Duplicate adjustment row inflates SUM(AdjustmentAmt),2026-07-27T17:16:16+00:00
ACCT-000668,B0184,clean,,2026-07-27T17:16:16+00:00
ACCT-000291,B0184,dup_adjustment,Duplicate adjustment row inflates SUM(AdjustmentAmt),2026-07-27T17:16:16+00:00
ACCT-000409,B0184,clean,,2026-07-27T17:16:16+00:00
ACCT-000272,B0184,clean,,2026-07-27T17:16:16+00:00
ACCT-000054,B0184,clean,,2026-07-27T17:16:16+00:00
ACCT-000003,B0184,dup_charge,Duplicate charge row inflates SUM(UtilityCharge),2026-07-27T17:16:16+00:00
ACCT-000347,B0184,total_fail,Every check seeded to fail,2026-07-27T17:16:16+00:00
ACCT-000095,B0184,clean,,2026-07-27T17:16:16+00:00
ACCT-000626,B0184,clean,,2026-07-27T17:16:16+00:00
ACCT-000399,B0184,rc_misreport,Export reports a phantom R-C difference,2026-07-27T17:16:16+00:00
ACCT-000669,B0184,clean,,2026-07-27T17:16:16+00:00
ACCT-000670,B0184,clean,,2026-07-27T17:16:16+00:00
ACCT-000521,B0185,clean,,2026-07-27T18:55:01+00:00
ACCT-000633,B0185,clean,,2026-07-27T18:55:01+00:00
ACCT-000379,B0185,adj_mismatch,Adjustments summary drifted from adjustment detail,2026-07-27T18:55:01+00:00
ACCT-000414,B0185,clean,,2026-07-27T18:55:01+00:00
ACCT-000528,B0185,clean,,2026-07-27T18:55:01+00:00
ACCT-000207,B0185,clean,,2026-07-27T18:55:01+00:00
ACCT-000223,B0185,clean,,2026-07-27T18:55:01+00:00
ACCT-000470,B0185,clean,,2026-07-27T18:55:01+00:00
ACCT-000085,B0185,dup_adjustment,Duplicate adjustment row inflates SUM(AdjustmentAmt),2026-07-27T18:55:01+00:00
ACCT-000169,B0185,dup_charge,Duplicate charge row inflates SUM(UtilityCharge),2026-07-27T18:55:01+00:00
ACCT-000338,B0185,rc_misreport,Export reports a phantom R-C difference,2026-07-27T18:55:01+00:00
ACCT-000200,B0185,adj_mismatch,Adjustments summary drifted from adjustment detail,2026-07-27T18:55:01+00:00
ACCT-000361,B0185,rc_misreport,Export reports a phantom R-C difference,2026-07-27T18:55:01+00:00
ACCT-000066,B0185,payment_short,Payment detail short of remit; no duplicates to zero out,2026-07-27T18:55:01+00:00
ACCT-000091,B0185,clean,,2026-07-27T18:55:01+00:00
ACCT-000300,B0185,payment_short,Payment detail short of remit; no duplicates to zero out,2026-07-27T18:55:01+00:00
ACCT-000657,B0185,clean,,2026-07-27T18:55:01+00:00
ACCT-000217,B0185,clean,,2026-07-27T18:55:01+00:00
ACCT-000331,B0185,clean,,2026-07-27T18:55:01+00:00
ACCT-000183,B0185,clean,,2026-07-27T18:55:01+00:00
ACCT-000635,B0185,adj_mismatch,Adjustments summary drifted from adjustment detail,2026-07-27T18:55:01+00:00
ACCT-000419,B0185,dup_adjustment,Duplicate adjustment row inflates SUM(AdjustmentAmt),2026-07-27T18:55:01+00:00
ACCT-000347,B0185,clean,,2026-07-27T18:55:01+00:00
ACCT-000377,B0185,charge_mismatch,CustCharge summary drifted from charge detail,2026-07-27T18:55:01+00:00
ACCT-000374,B0185,dup_adjustment,Duplicate adjustment row inflates SUM(AdjustmentAmt),2026-07-27T18:55:01+00:00
ACCT-000013,B0185,payment_short,Payment detail short of remit; no duplicates to zero out,2026-07-27T18:55:01+00:00
ACCT-000307,B0185,known_diff,Remit short vs charges; difference disclosed on export,2026-07-27T18:55:01+00:00
ACCT-000073,B0185,charge_mismatch,CustCharge summary drifted from charge detail,2026-07-27T18:55:01+00:00
ACCT-000074,B0185,payment_short,Payment detail short of remit; no duplicates to zero out,2026-07-27T18:55:01+00:00
ACCT-000671,B0185,clean,,2026-07-27T18:55:01+00:00
ACCT-000672,B0185,clean,,2026-07-27T18:55:01+00:00
ACCT-000673,B0185,dup_charge,Duplicate charge row inflates SUM(UtilityCharge),2026-07-27T18:55:01+00:00
ACCT-000674,B0185,rc_misreport,Export reports a phantom R-C difference,2026-07-27T18:55:01+00:00
ACCT-000116,B0186,clean,,2026-07-27T20:15:40+00:00
ACCT-000668,B0186,known_diff,Remit short vs charges; difference disclosed on export,2026-07-27T20:15:40+00:00
ACCT-000456,B0186,dup_payment,Duplicate payment row inflates SUM(Payment),2026-07-27T20:15:40+00:00
ACCT-000249,B0186,dup_charge,Duplicate charge row inflates SUM(UtilityCharge),2026-07-27T20:15:40+00:00
ACCT-000274,B0186,dup_payment,Duplicate payment row inflates SUM(Payment),2026-07-27T20:15:40+00:00
ACCT-000084,B0186,clean,,2026-07-27T20:15:40+00:00
ACCT-000418,B0186,charge_mismatch,CustCharge summary drifted from charge detail,2026-07-27T20:15:40+00:00
ACCT-000655,B0186,clean,,2026-07-27T20:15:40+00:00
ACCT-000098,B0186,dup_unfixable,Payment detail short of remit; no duplicates to zero out,2026-07-27T20:15:40+00:00
ACCT-000520,B0186,charge_mismatch,CustCharge summary drifted from charge detail,2026-07-27T20:15:40+00:00
ACCT-000195,B0186,rc_misreport,Export reports a phantom R-C difference,2026-07-27T20:15:40+00:00
ACCT-000031,B0186,clean,,2026-07-27T20:15:40+00:00
ACCT-000021,B0186,rc_misreport,Export reports a phantom R-C difference,2026-07-27T20:15:40+00:00
ACCT-000068,B0186,payment_short,Payment detail short of remit; no duplicates to zero out,2026-07-27T20:15:40+00:00
ACCT-000061,B0186,clean,,2026-07-27T20:15:40+00:00
ACCT-000204,B0186,clean,,2026-07-27T20:15:40+00:00
ACCT-000591,B0186,clean,,2026-07-27T20:15:40+00:00
ACCT-000254,B0186,known_diff,Remit short vs charges; difference disclosed on export,2026-07-27T20:15:40+00:00
ACCT-000444,B0186,clean,,2026-07-27T20:15:40+00:00
ACCT-000109,B0186,dup_unfixable,Payment detail short of remit; no duplicates to zero out,2026-07-27T20:15:40+00:00
ACCT-000110,B0186,clean,,2026-07-27T20:15:40+00:00
ACCT-000627,B0186,clean,,2026-07-27T20:15:40+00:00
ACCT-000570,B0186,charge_mismatch,CustCharge summary drifted from charge detail,2026-07-27T20:15:40+00:00
ACCT-000495,B0186,clean,,2026-07-27T20:15:40+00:00
ACCT-000349,B0186,charge_mismatch,CustCharge summary drifted from charge detail,2026-07-27T20:15:40+00:00
ACCT-000050,B0186,dup_payment,Duplicate payment row inflates SUM(Payment),2026-07-27T20:15:40+00:00
ACCT-000131,B0186,clean,,2026-07-27T20:15:40+00:00
ACCT-000675,B0186,clean,,2026-07-27T20:15:40+00:00
ACCT-000676,B0186,clean,,2026-07-27T20:15:40+00:00
ACCT-000602,B0187,dup_charge,Duplicate charge row inflates SUM(UtilityCharge),2026-07-27T21:36:02+00:00
ACCT-000313,B0187,clean,,2026-07-27T21:36:02+00:00
ACCT-000482,B0187,dup_adjustment,Duplicate adjustment row inflates SUM(AdjustmentAmt),2026-07-27T21:36:02+00:00
ACCT-000292,B0187,rc_misreport,Export reports a phantom R-C difference,2026-07-27T21:36:02+00:00
ACCT-000415,B0187,rc_misreport,Export reports a phantom R-C difference,2026-07-27T21:36:02+00:00
ACCT-000220,B0187,clean,,2026-07-27T21:36:02+00:00
ACCT-000056,B0187,dup_payment,Duplicate payment row inflates SUM(Payment),2026-07-27T21:36:02+00:00
ACCT-000510,B0187,clean,,2026-07-27T21:36:02+00:00
ACCT-000589,B0187,clean,,2026-07-27T21:36:02+00:00
ACCT-000206,B0187,dup_charge,Duplicate charge row inflates SUM(UtilityCharge),2026-07-27T21:36:02+00:00
ACCT-000168,B0187,clean,,2026-07-27T21:36:02+00:00
ACCT-000507,B0187,clean,,2026-07-27T21:36:02+00:00
ACCT-000434,B0187,clean,,2026-07-27T21:36:02+00:00
ACCT-000544,B0187,rc_misreport,Export reports a phantom R-C difference,2026-07-27T21:36:02+00:00
ACCT-000199,B0187,clean,,2026-07-27T21:36:02+00:00
ACCT-000552,B0187,clean,,2026-07-27T21:36:02+00:00
ACCT-000594,B0187,clean,,2026-07-27T21:36:02+00:00
ACCT-000569,B0187,dup_unfixable,Payment detail short of remit; no duplicates to zero out,2026-07-27T21:36:02+00:00
ACCT-000018,B0187,clean,,2026-07-27T21:36:02+00:00
ACCT-000467,B0187,payment_short,Payment detail short of remit; no duplicates to zero out,2026-07-27T21:36:02+00:00
ACCT-000671,B0187,dup_charge,Duplicate charge row inflates SUM(UtilityCharge),2026-07-27T21:36:02+00:00
ACCT-000353,B0187,clean,,2026-07-27T21:36:02+00:00
ACCT-000523,B0187,dup_charge,Duplicate charge row inflates SUM(UtilityCharge),2026-07-27T21:36:02+00:00
ACCT-000422,B0187,clean,,2026-07-27T21:36:02+00:00
ACCT-000661,B0187,known_diff,Remit short vs charges; difference disclosed on export,2026-07-27T21:36:02+00:00
ACCT-000356,B0187,clean,,2026-07-27T21:36:02+00:00
ACCT-000677,B0187,clean,,2026-07-27T21:36:02+00:00
ACCT-000678,B0187,clean,,2026-07-27T21:36:02+00:00
ACCT-000679,B0187,clean,,2026-07-27T21:36:02+00:00
ACCT-000680,B0187,clean,,2026-07-27T21:36:02+00:00
ACCT-000253,B0188,rc_misreport,Export reports a phantom R-C difference,2026-07-27T22:54:25+00:00
ACCT-000356,B0188,clean,,2026-07-27T22:54:25+00:00
ACCT-000465,B0188,clean,,2026-07-27T22:54:25+00:00
ACCT-000304,B0188,dup_payment,Duplicate payment row inflates SUM(Payment),2026-07-27T22:54:25+00:00
ACCT-000050,B0188,dup_adjustment,Duplicate adjustment row inflates SUM(AdjustmentAmt),2026-07-27T22:54:25+00:00
ACCT-000099,B0188,dup_payment,Duplicate payment row inflates SUM(Payment),2026-07-27T22:54:25+00:00
ACCT-000077,B0188,clean,,2026-07-27T22:54:25+00:00
ACCT-000168,B0188,clean,,2026-07-27T22:54:25+00:00
ACCT-000002,B0188,clean,,2026-07-27T22:54:25+00:00
ACCT-000479,B0188,clean,,2026-07-27T22:54:25+00:00
ACCT-000280,B0188,known_diff,Remit short vs charges; difference disclosed on export,2026-07-27T22:54:25+00:00
ACCT-000068,B0188,clean,,2026-07-27T22:54:25+00:00
ACCT-000574,B0188,dup_unfixable,Payment detail short of remit; no duplicates to zero out,2026-07-27T22:54:25+00:00
ACCT-000351,B0188,adj_mismatch,Adjustments summary drifted from adjustment detail,2026-07-27T22:54:25+00:00
ACCT-000158,B0188,clean,,2026-07-27T22:54:25+00:00
ACCT-000519,B0188,known_diff,Remit short vs charges; difference disclosed on export,2026-07-27T22:54:25+00:00
ACCT-000075,B0188,clean,,2026-07-27T22:54:25+00:00
ACCT-000182,B0188,charge_mismatch,CustCharge summary drifted from charge detail,2026-07-27T22:54:25+00:00
ACCT-000335,B0188,clean,,2026-07-27T22:54:25+00:00
ACCT-000506,B0188,rc_misreport,Export reports a phantom R-C difference,2026-07-27T22:54:25+00:00
ACCT-000142,B0188,clean,,2026-07-27T22:54:25+00:00
ACCT-000033,B0188,clean,,2026-07-27T22:54:25+00:00
ACCT-000394,B0188,dup_adjustment,Duplicate adjustment row inflates SUM(AdjustmentAmt),2026-07-27T22:54:25+00:00
ACCT-000326,B0188,clean,,2026-07-27T22:54:25+00:00
ACCT-000621,B0188,clean,,2026-07-27T22:54:25+00:00
ACCT-000387,B0188,charge_mismatch,CustCharge summary drifted from charge detail,2026-07-27T22:54:25+00:00
ACCT-000674,B0188,clean,,2026-07-27T22:54:25+00:00
ACCT-000331,B0188,clean,,2026-07-27T22:54:25+00:00
ACCT-000681,B0188,dup_payment,Duplicate payment row inflates SUM(Payment),2026-07-27T22:54:25+00:00
ACCT-000682,B0188,clean,,2026-07-27T22:54:25+00:00
ACCT-000683,B0188,dup_payment,Duplicate payment row inflates SUM(Payment),2026-07-27T22:54:25+00:00
ACCT-000369,B0189,clean,,2026-07-27T23:57:07+00:00
ACCT-000383,B0189,clean,,2026-07-27T23:57:07+00:00
ACCT-000426,B0189,clean,,2026-07-27T23:57:07+00:00
ACCT-000398,B0189,clean,,2026-07-27T23:57:07+00:00
ACCT-000327,B0189,clean,,2026-07-27T23:57:07+00:00
ACCT-000156,B0189,dup_charge,Duplicate charge row inflates SUM(UtilityCharge),2026-07-27T23:57:07+00:00
ACCT-000329,B0189,clean,,2026-07-27T23:57:07+00:00
ACCT-000185,B0189,adj_mismatch,Adjustments summary drifted from adjustment detail,2026-07-27T23:57:07+00:00
ACCT-000664,B0189,total_fail,Every check seeded to fail,2026-07-27T23:57:07+00:00
ACCT-000016,B0189,dup_payment,Duplicate payment row inflates SUM(Payment),2026-07-27T23:57:07+00:00
ACCT-000683,B0189,clean,,2026-07-27T23:57:07+00:00
ACCT-000371,B0189,dup_payment,Duplicate payment row inflates SUM(Payment),2026-07-27T23:57:07+00:00
ACCT-000147,B0189,clean,,2026-07-27T23:57:07+00:00
ACCT-000659,B0189,payment_short,Payment detail short of remit; no duplicates to zero out,2026-07-27T23:57:07+00:00
ACCT-000624,B0189,dup_adjustment,Duplicate adjustment row inflates SUM(AdjustmentAmt),2026-07-27T23:57:07+00:00
ACCT-000182,B0189,clean,,2026-07-27T23:57:07+00:00
ACCT-000560,B0189,clean,,2026-07-27T23:57:07+00:00
ACCT-000114,B0189,clean,,2026-07-27T23:57:07+00:00
ACCT-000574,B0189,dup_charge,Duplicate charge row inflates SUM(UtilityCharge),2026-07-27T23:57:07+00:00
ACCT-000159,B0189,clean,,2026-07-27T23:57:07+00:00
ACCT-000175,B0189,clean,,2026-07-27T23:57:07+00:00
ACCT-000636,B0189,clean,,2026-07-27T23:57:07+00:00
ACCT-000580,B0189,payment_short,Payment detail short of remit; no duplicates to zero out,2026-07-27T23:57:07+00:00
ACCT-000215,B0189,clean,,2026-07-27T23:57:07+00:00
ACCT-000103,B0189,total_fail,Every check seeded to fail,2026-07-27T23:57:07+00:00
ACCT-000015,B0189,clean,,2026-07-27T23:57:07+00:00
ACCT-000078,B0189,dup_adjustment,Duplicate adjustment row inflates SUM(AdjustmentAmt),2026-07-27T23:57:07+00:00
ACCT-000487,B0189,dup_charge,Duplicate charge row inflates SUM(UtilityCharge),2026-07-27T23:57:07+00:00
ACCT-000684,B0189,clean,,2026-07-27T23:57:07+00:00
ACCT-000685,B0189,clean,,2026-07-27T23:57:07+00:00
ACCT-000686,B0189,clean,,2026-07-27T23:57:07+00:00
ACCT-000385,B0190,clean,,2026-07-28T02:08:32+00:00
ACCT-000262,B0190,rc_misreport,Export reports a phantom R-C difference,2026-07-28T02:08:32+00:00
ACCT-000477,B0190,clean,,2026-07-28T02:08:32+00:00
ACCT-000585,B0190,dup_charge,Duplicate charge row inflates SUM(UtilityCharge),2026-07-28T02:08:32+00:00
ACCT-000117,B0190,clean,,2026-07-28T02:08:32+00:00
ACCT-000106,B0190,clean,,2026-07-28T02:08:32+00:00
ACCT-000365,B0190,clean,,2026-07-28T02:08:32+00:00
ACCT-000513,B0190,dup_unfixable,Payment detail short of remit; no duplicates to zero out,2026-07-28T02:08:32+00:00
ACCT-000237,B0190,clean,,2026-07-28T02:08:32+00:00
ACCT-000007,B0190,charge_mismatch,CustCharge summary drifted from charge detail,2026-07-28T02:08:32+00:00
ACCT-000317,B0190,clean,,2026-07-28T02:08:32+00:00
ACCT-000392,B0190,clean,,2026-07-28T02:08:32+00:00
ACCT-000024,B0190,clean,,2026-07-28T02:08:32+00:00
ACCT-000490,B0190,dup_charge,Duplicate charge row inflates SUM(UtilityCharge),2026-07-28T02:08:32+00:00
ACCT-000139,B0190,clean,,2026-07-28T02:08:32+00:00
ACCT-000246,B0190,clean,,2026-07-28T02:08:32+00:00
ACCT-000077,B0190,clean,,2026-07-28T02:08:32+00:00
ACCT-000387,B0190,dup_payment,Duplicate payment row inflates SUM(Payment),2026-07-28T02:08:32+00:00
ACCT-000579,B0190,clean,,2026-07-28T02:08:32+00:00
ACCT-000074,B0190,clean,,2026-07-28T02:08:32+00:00
ACCT-000206,B0190,clean,,2026-07-28T02:08:32+00:00
ACCT-000073,B0190,dup_payment,Duplicate payment row inflates SUM(Payment),2026-07-28T02:08:32+00:00
ACCT-000196,B0190,adj_mismatch,Adjustments summary drifted from adjustment detail,2026-07-28T02:08:32+00:00
ACCT-000058,B0190,clean,,2026-07-28T02:08:32+00:00
ACCT-000051,B0190,charge_mismatch,CustCharge summary drifted from charge detail,2026-07-28T02:08:32+00:00
ACCT-000126,B0190,clean,,2026-07-28T02:08:32+00:00
ACCT-000687,B0190,clean,,2026-07-28T02:08:32+00:00
ACCT-000688,B0190,payment_short,Payment detail short of remit; no duplicates to zero out,2026-07-28T02:08:32+00:00
ACCT-000689,B0190,total_fail,Every check seeded to fail,2026-07-28T02:08:32+00:00
ACCT-000690,B0190,dup_payment,Duplicate payment row inflates SUM(Payment),2026-07-28T02:08:32+00:00
ACCT-000025,B0191,total_fail,Every check seeded to fail,2026-07-28T05:28:23+00:00
ACCT-000471,B0191,clean,,2026-07-28T05:28:23+00:00
ACCT-000146,B0191,clean,,2026-07-28T05:28:23+00:00
ACCT-000454,B0191,clean,,2026-07-28T05:28:23+00:00
ACCT-000157,B0191,dup_charge,Duplicate charge row inflates SUM(UtilityCharge),2026-07-28T05:28:23+00:00
ACCT-000388,B0191,clean,,2026-07-28T05:28:23+00:00
ACCT-000298,B0191,clean,,2026-07-28T05:28:23+00:00
ACCT-000153,B0191,clean,,2026-07-28T05:28:23+00:00
ACCT-000456,B0191,dup_payment,Duplicate payment row inflates SUM(Payment),2026-07-28T05:28:23+00:00
ACCT-000506,B0191,charge_mismatch,CustCharge summary drifted from charge detail,2026-07-28T05:28:23+00:00
ACCT-000523,B0191,payment_short,Payment detail short of remit; no duplicates to zero out,2026-07-28T05:28:23+00:00
ACCT-000278,B0191,clean,,2026-07-28T05:28:23+00:00
ACCT-000433,B0191,dup_payment,Duplicate payment row inflates SUM(Payment),2026-07-28T05:28:23+00:00
ACCT-000387,B0191,clean,,2026-07-28T05:28:23+00:00
ACCT-000646,B0191,dup_adjustment,Duplicate adjustment row inflates SUM(AdjustmentAmt),2026-07-28T05:28:23+00:00
ACCT-000151,B0191,clean,,2026-07-28T05:28:23+00:00
ACCT-000420,B0191,payment_short,Payment detail short of remit; no duplicates to zero out,2026-07-28T05:28:23+00:00
ACCT-000014,B0191,clean,,2026-07-28T05:28:23+00:00
ACCT-000689,B0191,clean,,2026-07-28T05:28:23+00:00
ACCT-000484,B0191,dup_adjustment,Duplicate adjustment row inflates SUM(AdjustmentAmt),2026-07-28T05:28:23+00:00
ACCT-000007,B0191,clean,,2026-07-28T05:28:23+00:00
ACCT-000287,B0191,clean,,2026-07-28T05:28:23+00:00
ACCT-000600,B0191,adj_mismatch,Adjustments summary drifted from adjustment detail,2026-07-28T05:28:23+00:00
ACCT-000333,B0191,payment_short,Payment detail short of remit; no duplicates to zero out,2026-07-28T05:28:23+00:00
ACCT-000690,B0191,clean,,2026-07-28T05:28:23+00:00
ACCT-000679,B0191,clean,,2026-07-28T05:28:23+00:00
ACCT-000399,B0191,clean,,2026-07-28T05:28:23+00:00
ACCT-000587,B0191,dup_payment,Duplicate payment row inflates SUM(Payment),2026-07-28T05:28:23+00:00
ACCT-000337,B0191,charge_mismatch,CustCharge summary drifted from charge detail,2026-07-28T05:28:23+00:00
ACCT-000691,B0191,clean,,2026-07-28T05:28:23+00:00
ACCT-000692,B0191,known_diff,Remit short vs charges; difference disclosed on export,2026-07-28T05:28:23+00:00
ACCT-000693,B0191,adj_mismatch,Adjustments summary drifted from adjustment detail,2026-07-28T05:28:23+00:00
ACCT-000597,B0192,rc_misreport,Export reports a phantom R-C difference,2026-07-28T08:00:05+00:00
ACCT-000371,B0192,clean,,2026-07-28T08:00:05+00:00
ACCT-000176,B0192,clean,,2026-07-28T08:00:05+00:00
ACCT-000523,B0192,adj_mismatch,Adjustments summary drifted from adjustment detail,2026-07-28T08:00:05+00:00
ACCT-000607,B0192,clean,,2026-07-28T08:00:05+00:00
ACCT-000143,B0192,dup_payment,Duplicate payment row inflates SUM(Payment),2026-07-28T08:00:05+00:00
ACCT-000423,B0192,clean,,2026-07-28T08:00:05+00:00
ACCT-000261,B0192,known_diff,Remit short vs charges; difference disclosed on export,2026-07-28T08:00:05+00:00
ACCT-000271,B0192,clean,,2026-07-28T08:00:05+00:00
ACCT-000172,B0192,charge_mismatch,CustCharge summary drifted from charge detail,2026-07-28T08:00:05+00:00
ACCT-000670,B0192,clean,,2026-07-28T08:00:05+00:00
ACCT-000593,B0192,dup_unfixable,Payment detail short of remit; no duplicates to zero out,2026-07-28T08:00:05+00:00
ACCT-000227,B0192,clean,,2026-07-28T08:00:05+00:00
ACCT-000147,B0192,clean,,2026-07-28T08:00:05+00:00
ACCT-000096,B0192,dup_adjustment,Duplicate adjustment row inflates SUM(AdjustmentAmt),2026-07-28T08:00:05+00:00
ACCT-000517,B0192,clean,,2026-07-28T08:00:05+00:00
ACCT-000615,B0192,clean,,2026-07-28T08:00:05+00:00
ACCT-000617,B0192,clean,,2026-07-28T08:00:05+00:00
ACCT-000487,B0192,clean,,2026-07-28T08:00:05+00:00
ACCT-000069,B0192,clean,,2026-07-28T08:00:05+00:00
ACCT-000263,B0192,clean,,2026-07-28T08:00:05+00:00
ACCT-000007,B0192,rc_misreport,Export reports a phantom R-C difference,2026-07-28T08:00:05+00:00
ACCT-000358,B0192,clean,,2026-07-28T08:00:05+00:00
ACCT-000082,B0192,clean,,2026-07-28T08:00:05+00:00
ACCT-000629,B0192,clean,,2026-07-28T08:00:05+00:00
ACCT-000063,B0192,rc_misreport,Export reports a phantom R-C difference,2026-07-28T08:00:05+00:00
ACCT-000179,B0192,clean,,2026-07-28T08:00:05+00:00
ACCT-000330,B0192,total_fail,Every check seeded to fail,2026-07-28T08:00:05+00:00
ACCT-000536,B0192,adj_mismatch,Adjustments summary drifted from adjustment detail,2026-07-28T08:00:05+00:00
ACCT-000554,B0192,clean,,2026-07-28T08:00:05+00:00
ACCT-000653,B0192,dup_payment,Duplicate payment row inflates SUM(Payment),2026-07-28T08:00:05+00:00
ACCT-000527,B0192,clean,,2026-07-28T08:00:05+00:00
ACCT-000550,B0192,clean,,2026-07-28T08:00:05+00:00
ACCT-000333,B0192,payment_short,Payment detail short of remit; no duplicates to zero out,2026-07-28T08:00:05+00:00
ACCT-000694,B0192,rc_misreport,Export reports a phantom R-C difference,2026-07-28T08:00:05+00:00
ACCT-000695,B0192,adj_mismatch,Adjustments summary drifted from adjustment detail,2026-07-28T08:00:05+00:00
ACCT-000696,B0192,clean,,2026-07-28T08:00:05+00:00
ACCT-000697,B0192,dup_payment,Duplicate payment row inflates SUM(Payment),2026-07-28T08:00:05+00:00
ACCT-000246,B0193,clean,,2026-07-28T10:39:22+00:00
ACCT-000665,B0193,adj_mismatch,Adjustments summary drifted from adjustment detail,2026-07-28T10:39:22+00:00
ACCT-000523,B0193,total_fail,Every check seeded to fail,2026-07-28T10:39:22+00:00
ACCT-000123,B0193,clean,,2026-07-28T10:39:22+00:00
ACCT-000025,B0193,dup_payment,Duplicate payment row inflates SUM(Payment),2026-07-28T10:39:22+00:00
ACCT-000685,B0193,clean,,2026-07-28T10:39:22+00:00
ACCT-000086,B0193,rc_misreport,Export reports a phantom R-C difference,2026-07-28T10:39:22+00:00
ACCT-000126,B0193,payment_short,Payment detail short of remit; no duplicates to zero out,2026-07-28T10:39:22+00:00
ACCT-000664,B0193,dup_adjustment,Duplicate adjustment row inflates SUM(AdjustmentAmt),2026-07-28T10:39:22+00:00
ACCT-000304,B0193,clean,,2026-07-28T10:39:22+00:00
ACCT-000070,B0193,clean,,2026-07-28T10:39:22+00:00
ACCT-000605,B0193,clean,,2026-07-28T10:39:22+00:00
ACCT-000189,B0193,charge_mismatch,CustCharge summary drifted from charge detail,2026-07-28T10:39:22+00:00
ACCT-000308,B0193,dup_adjustment,Duplicate adjustment row inflates SUM(AdjustmentAmt),2026-07-28T10:39:22+00:00
ACCT-000310,B0193,dup_adjustment,Duplicate adjustment row inflates SUM(AdjustmentAmt),2026-07-28T10:39:22+00:00
ACCT-000481,B0193,dup_charge,Duplicate charge row inflates SUM(UtilityCharge),2026-07-28T10:39:22+00:00
ACCT-000185,B0193,dup_payment,Duplicate payment row inflates SUM(Payment),2026-07-28T10:39:22+00:00
ACCT-000550,B0193,clean,,2026-07-28T10:39:22+00:00
ACCT-000393,B0193,clean,,2026-07-28T10:39:22+00:00
ACCT-000289,B0193,clean,,2026-07-28T10:39:22+00:00
ACCT-000697,B0193,clean,,2026-07-28T10:39:22+00:00
ACCT-000064,B0193,clean,,2026-07-28T10:39:22+00:00
ACCT-000354,B0193,adj_mismatch,Adjustments summary drifted from adjustment detail,2026-07-28T10:39:22+00:00
ACCT-000419,B0193,clean,,2026-07-28T10:39:22+00:00
ACCT-000001,B0193,clean,,2026-07-28T10:39:22+00:00
ACCT-000153,B0193,adj_mismatch,Adjustments summary drifted from adjustment detail,2026-07-28T10:39:22+00:00
ACCT-000214,B0193,clean,,2026-07-28T10:39:22+00:00
ACCT-000162,B0193,clean,,2026-07-28T10:39:22+00:00
ACCT-000591,B0193,clean,,2026-07-28T10:39:22+00:00
ACCT-000485,B0193,clean,,2026-07-28T10:39:22+00:00
ACCT-000552,B0193,clean,,2026-07-28T10:39:22+00:00
ACCT-000386,B0193,payment_short,Payment detail short of remit; no duplicates to zero out,2026-07-28T10:39:22+00:00
ACCT-000501,B0193,clean,,2026-07-28T10:39:22+00:00
ACCT-000290,B0193,clean,,2026-07-28T10:39:22+00:00
ACCT-000263,B0193,clean,,2026-07-28T10:39:22+00:00
ACCT-000698,B0193,rc_misreport,Export reports a phantom R-C difference,2026-07-28T10:39:22+00:00
ACCT-000699,B0193,clean,,2026-07-28T10:39:22+00:00
ACCT-000700,B0193,clean,,2026-07-28T10:39:22+00:00
ACCT-000041,B0194,charge_mismatch,CustCharge summary drifted from charge detail,2026-07-28T12:49:44+00:00
ACCT-000381,B0194,rc_misreport,Export reports a phantom R-C difference,2026-07-28T12:49:44+00:00
ACCT-000355,B0194,rc_misreport,Export reports a phantom R-C difference,2026-07-28T12:49:44+00:00
ACCT-000377,B0194,clean,,2026-07-28T12:49:44+00:00
ACCT-000599,B0194,clean,,2026-07-28T12:49:44+00:00
ACCT-000439,B0194,adj_mismatch,Adjustments summary drifted from adjustment detail,2026-07-28T12:49:44+00:00
ACCT-000598,B0194,clean,,2026-07-28T12:49:44+00:00
ACCT-000379,B0194,clean,,2026-07-28T12:49:44+00:00
ACCT-000243,B0194,dup_charge,Duplicate charge row inflates SUM(UtilityCharge),2026-07-28T12:49:44+00:00
ACCT-000242,B0194,adj_mismatch,Adjustments summary drifted from adjustment detail,2026-07-28T12:49:44+00:00
ACCT-000072,B0194,payment_short,Payment detail short of remit; no duplicates to zero out,2026-07-28T12:49:44+00:00
ACCT-000595,B0194,clean,,2026-07-28T12:49:44+00:00
ACCT-000060,B0194,clean,,2026-07-28T12:49:44+00:00
ACCT-000162,B0194,total_fail,Every check seeded to fail,2026-07-28T12:49:44+00:00
ACCT-000631,B0194,known_diff,Remit short vs charges; difference disclosed on export,2026-07-28T12:49:44+00:00
ACCT-000125,B0194,payment_short,Payment detail short of remit; no duplicates to zero out,2026-07-28T12:49:44+00:00
ACCT-000371,B0194,clean,,2026-07-28T12:49:44+00:00
ACCT-000339,B0194,clean,,2026-07-28T12:49:44+00:00
ACCT-000280,B0194,adj_mismatch,Adjustments summary drifted from adjustment detail,2026-07-28T12:49:44+00:00
ACCT-000466,B0194,total_fail,Every check seeded to fail,2026-07-28T12:49:44+00:00
ACCT-000138,B0194,rc_misreport,Export reports a phantom R-C difference,2026-07-28T12:49:44+00:00
ACCT-000360,B0194,clean,,2026-07-28T12:49:44+00:00
ACCT-000390,B0194,charge_mismatch,CustCharge summary drifted from charge detail,2026-07-28T12:49:44+00:00
ACCT-000035,B0194,clean,,2026-07-28T12:49:44+00:00
ACCT-000580,B0194,total_fail,Every check seeded to fail,2026-07-28T12:49:44+00:00
ACCT-000457,B0194,clean,,2026-07-28T12:49:44+00:00
ACCT-000249,B0194,clean,,2026-07-28T12:49:44+00:00
ACCT-000530,B0194,clean,,2026-07-28T12:49:44+00:00
ACCT-000342,B0194,clean,,2026-07-28T12:49:44+00:00
ACCT-000470,B0194,payment_short,Payment detail short of remit; no duplicates to zero out,2026-07-28T12:49:44+00:00
ACCT-000212,B0194,dup_unfixable,Payment detail short of remit; no duplicates to zero out,2026-07-28T12:49:44+00:00
ACCT-000506,B0194,clean,,2026-07-28T12:49:44+00:00
ACCT-000346,B0194,payment_short,Payment detail short of remit; no duplicates to zero out,2026-07-28T12:49:44+00:00
ACCT-000701,B0194,payment_short,Payment detail short of remit; no duplicates to zero out,2026-07-28T12:49:44+00:00
ACCT-000702,B0194,clean,,2026-07-28T12:49:44+00:00
ACCT-000703,B0194,payment_short,Payment detail short of remit; no duplicates to zero out,2026-07-28T12:49:44+00:00
ACCT-000704,B0194,dup_charge,Duplicate charge row inflates SUM(UtilityCharge),2026-07-28T12:49:44+00:00
ACCT-000515,B0195,clean,,2026-07-28T15:13:37+00:00
ACCT-000305,B0195,payment_short,Payment detail short of remit; no duplicates to zero out,2026-07-28T15:13:37+00:00
ACCT-000064,B0195,known_diff,Remit short vs charges; difference disclosed on export,2026-07-28T15:13:37+00:00
ACCT-000144,B0195,clean,,2026-07-28T15:13:37+00:00
ACCT-000023,B0195,clean,,2026-07-28T15:13:37+00:00
ACCT-000096,B0195,charge_mismatch,CustCharge summary drifted from charge detail,2026-07-28T15:13:37+00:00
ACCT-000334,B0195,clean,,2026-07-28T15:13:37+00:00
ACCT-000171,B0195,payment_short,Payment detail short of remit; no duplicates to zero out,2026-07-28T15:13:37+00:00
ACCT-000703,B0195,clean,,2026-07-28T15:13:37+00:00
ACCT-000367,B0195,adj_mismatch,Adjustments summary drifted from adjustment detail,2026-07-28T15:13:37+00:00
ACCT-000656,B0195,adj_mismatch,Adjustments summary drifted from adjustment detail,2026-07-28T15:13:37+00:00
ACCT-000411,B0195,dup_payment,Duplicate payment row inflates SUM(Payment),2026-07-28T15:13:37+00:00
ACCT-000146,B0195,payment_short,Payment detail short of remit; no duplicates to zero out,2026-07-28T15:13:37+00:00
ACCT-000375,B0195,payment_short,Payment detail short of remit; no duplicates to zero out,2026-07-28T15:13:37+00:00
ACCT-000149,B0195,clean,,2026-07-28T15:13:37+00:00
ACCT-000652,B0195,clean,,2026-07-28T15:13:37+00:00
ACCT-000497,B0195,payment_short,Payment detail short of remit; no duplicates to zero out,2026-07-28T15:13:37+00:00
ACCT-000347,B0195,dup_adjustment,Duplicate adjustment row inflates SUM(AdjustmentAmt),2026-07-28T15:13:37+00:00
ACCT-000495,B0195,payment_short,Payment detail short of remit; no duplicates to zero out,2026-07-28T15:13:37+00:00
ACCT-000128,B0195,clean,,2026-07-28T15:13:37+00:00
ACCT-000697,B0195,clean,,2026-07-28T15:13:37+00:00
ACCT-000425,B0195,dup_payment,Duplicate payment row inflates SUM(Payment),2026-07-28T15:13:37+00:00
ACCT-000132,B0195,clean,,2026-07-28T15:13:37+00:00
ACCT-000327,B0195,clean,,2026-07-28T15:13:37+00:00
ACCT-000642,B0195,clean,,2026-07-28T15:13:37+00:00
ACCT-000218,B0195,clean,,2026-07-28T15:13:37+00:00
ACCT-000636,B0195,clean,,2026-07-28T15:13:37+00:00
ACCT-000433,B0195,clean,,2026-07-28T15:13:37+00:00
ACCT-000427,B0195,clean,,2026-07-28T15:13:37+00:00
ACCT-000705,B0195,clean,,2026-07-28T15:13:37+00:00
ACCT-000706,B0195,clean,,2026-07-28T15:13:37+00:00
ACCT-000363,B0196,clean,,2026-07-28T16:56:41+00:00
ACCT-000491,B0196,clean,,2026-07-28T16:56:41+00:00
ACCT-000342,B0196,payment_short,Payment detail short of remit; no duplicates to zero out,2026-07-28T16:56:41+00:00
ACCT-000556,B0196,rc_misreport,Export reports a phantom R-C difference,2026-07-28T16:56:41+00:00
ACCT-000447,B0196,payment_short,Payment detail short of remit; no duplicates to zero out,2026-07-28T16:56:41+00:00
ACCT-000706,B0196,clean,,2026-07-28T16:56:41+00:00
ACCT-000031,B0196,clean,,2026-07-28T16:56:41+00:00
ACCT-000660,B0196,clean,,2026-07-28T16:56:41+00:00
ACCT-000444,B0196,clean,,2026-07-28T16:56:41+00:00
ACCT-000252,B0196,dup_adjustment,Duplicate adjustment row inflates SUM(AdjustmentAmt),2026-07-28T16:56:41+00:00
ACCT-000264,B0196,dup_payment,Duplicate payment row inflates SUM(Payment),2026-07-28T16:56:41+00:00
ACCT-000046,B0196,charge_mismatch,CustCharge summary drifted from charge detail,2026-07-28T16:56:41+00:00
ACCT-000092,B0196,dup_charge,Duplicate charge row inflates SUM(UtilityCharge),2026-07-28T16:56:41+00:00
ACCT-000285,B0196,clean,,2026-07-28T16:56:41+00:00
ACCT-000407,B0196,adj_mismatch,Adjustments summary drifted from adjustment detail,2026-07-28T16:56:41+00:00
ACCT-000260,B0196,payment_short,Payment detail short of remit; no duplicates to zero out,2026-07-28T16:56:41+00:00
ACCT-000698,B0196,clean,,2026-07-28T16:56:41+00:00
ACCT-000499,B0196,dup_payment,Duplicate payment row inflates SUM(Payment),2026-07-28T16:56:41+00:00
ACCT-000028,B0196,rc_misreport,Export reports a phantom R-C difference,2026-07-28T16:56:41+00:00
ACCT-000420,B0196,clean,,2026-07-28T16:56:41+00:00
ACCT-000129,B0196,adj_mismatch,Adjustments summary drifted from adjustment detail,2026-07-28T16:56:41+00:00
ACCT-000502,B0196,dup_payment,Duplicate payment row inflates SUM(Payment),2026-07-28T16:56:41+00:00
ACCT-000301,B0196,payment_short,Payment detail short of remit; no duplicates to zero out,2026-07-28T16:56:41+00:00
ACCT-000692,B0196,dup_adjustment,Duplicate adjustment row inflates SUM(AdjustmentAmt),2026-07-28T16:56:41+00:00
ACCT-000569,B0196,dup_charge,Duplicate charge row inflates SUM(UtilityCharge),2026-07-28T16:56:41+00:00
ACCT-000595,B0196,adj_mismatch,Adjustments summary drifted from adjustment detail,2026-07-28T16:56:41+00:00
ACCT-000305,B0196,clean,,2026-07-28T16:56:41+00:00
ACCT-000510,B0196,payment_short,Payment detail short of remit; no duplicates to zero out,2026-07-28T16:56:41+00:00
ACCT-000181,B0196,charge_mismatch,CustCharge summary drifted from charge detail,2026-07-28T16:56:41+00:00
ACCT-000487,B0196,clean,,2026-07-28T16:56:41+00:00
ACCT-000045,B0196,clean,,2026-07-28T16:56:41+00:00
ACCT-000707,B0196,clean,,2026-07-28T16:56:41+00:00
ACCT-000708,B0196,clean,,2026-07-28T16:56:41+00:00
ACCT-000709,B0196,clean,,2026-07-28T16:56:41+00:00
ACCT-000710,B0196,payment_short,Payment detail short of remit; no duplicates to zero out,2026-07-28T16:56:41+00:00
ACCT-000535,B0197,clean,,2026-07-28T18:09:35+00:00
ACCT-000449,B0197,clean,,2026-07-28T18:09:35+00:00
ACCT-000572,B0197,dup_unfixable,Payment detail short of remit; no duplicates to zero out,2026-07-28T18:09:35+00:00
ACCT-000079,B0197,clean,,2026-07-28T18:09:35+00:00
ACCT-000011,B0197,clean,,2026-07-28T18:09:35+00:00
ACCT-000131,B0197,clean,,2026-07-28T18:09:35+00:00
ACCT-000501,B0197,payment_short,Payment detail short of remit; no duplicates to zero out,2026-07-28T18:09:35+00:00
ACCT-000081,B0197,dup_payment,Duplicate payment row inflates SUM(Payment),2026-07-28T18:09:35+00:00
ACCT-000681,B0197,clean,,2026-07-28T18:09:35+00:00
ACCT-000432,B0197,clean,,2026-07-28T18:09:35+00:00
ACCT-000324,B0197,clean,,2026-07-28T18:09:35+00:00
ACCT-000639,B0197,clean,,2026-07-28T18:09:35+00:00
ACCT-000453,B0197,clean,,2026-07-28T18:09:35+00:00
ACCT-000569,B0197,payment_short,Payment detail short of remit; no duplicates to zero out,2026-07-28T18:09:35+00:00
ACCT-000650,B0197,dup_payment,Duplicate payment row inflates SUM(Payment),2026-07-28T18:09:35+00:00
ACCT-000338,B0197,dup_charge,Duplicate charge row inflates SUM(UtilityCharge),2026-07-28T18:09:35+00:00
ACCT-000207,B0197,clean,,2026-07-28T18:09:35+00:00
ACCT-000171,B0197,clean,,2026-07-28T18:09:35+00:00
ACCT-000682,B0197,known_diff,Remit short vs charges; difference disclosed on export,2026-07-28T18:09:35+00:00
ACCT-000686,B0197,clean,,2026-07-28T18:09:35+00:00
ACCT-000218,B0197,payment_short,Payment detail short of remit; no duplicates to zero out,2026-07-28T18:09:35+00:00
ACCT-000610,B0197,payment_short,Payment detail short of remit; no duplicates to zero out,2026-07-28T18:09:35+00:00
ACCT-000503,B0197,clean,,2026-07-28T18:09:35+00:00
ACCT-000410,B0197,charge_mismatch,CustCharge summary drifted from charge detail,2026-07-28T18:09:35+00:00
ACCT-000618,B0197,clean,,2026-07-28T18:09:35+00:00
ACCT-000711,B0197,dup_charge,Duplicate charge row inflates SUM(UtilityCharge),2026-07-28T18:09:35+00:00
ACCT-000712,B0197,adj_mismatch,Adjustments summary drifted from adjustment detail,2026-07-28T18:09:35+00:00
ACCT-000713,B0197,payment_short,Payment detail short of remit; no duplicates to zero out,2026-07-28T18:09:35+00:00
ACCT-000714,B0197,clean,,2026-07-28T18:09:35+00:00
ACCT-000394,B0198,clean,,2026-07-28T19:58:49+00:00
ACCT-000636,B0198,known_diff,Remit short vs charges; difference disclosed on export,2026-07-28T19:58:49+00:00
ACCT-000254,B0198,clean,,2026-07-28T19:58:49+00:00
ACCT-000218,B0198,payment_short,Payment detail short of remit; no duplicates to zero out,2026-07-28T19:58:49+00:00
ACCT-000527,B0198,clean,,2026-07-28T19:58:49+00:00
ACCT-000134,B0198,clean,,2026-07-28T19:58:49+00:00
ACCT-000564,B0198,clean,,2026-07-28T19:58:49+00:00
ACCT-000592,B0198,payment_short,Payment detail short of remit; no duplicates to zero out,2026-07-28T19:58:49+00:00
ACCT-000401,B0198,total_fail,Every check seeded to fail,2026-07-28T19:58:49+00:00
ACCT-000590,B0198,dup_adjustment,Duplicate adjustment row inflates SUM(AdjustmentAmt),2026-07-28T19:58:49+00:00
ACCT-000451,B0198,clean,,2026-07-28T19:58:49+00:00
ACCT-000066,B0198,payment_short,Payment detail short of remit; no duplicates to zero out,2026-07-28T19:58:49+00:00
ACCT-000437,B0198,charge_mismatch,CustCharge summary drifted from charge detail,2026-07-28T19:58:49+00:00
ACCT-000309,B0198,clean,,2026-07-28T19:58:49+00:00
ACCT-000580,B0198,clean,,2026-07-28T19:58:49+00:00
ACCT-000440,B0198,dup_unfixable,Payment detail short of remit; no duplicates to zero out,2026-07-28T19:58:49+00:00
ACCT-000562,B0198,adj_mismatch,Adjustments summary drifted from adjustment detail,2026-07-28T19:58:49+00:00
ACCT-000204,B0198,known_diff,Remit short vs charges; difference disclosed on export,2026-07-28T19:58:49+00:00
ACCT-000393,B0198,payment_short,Payment detail short of remit; no duplicates to zero out,2026-07-28T19:58:49+00:00
ACCT-000099,B0198,clean,,2026-07-28T19:58:49+00:00
ACCT-000206,B0198,clean,,2026-07-28T19:58:49+00:00
ACCT-000557,B0198,clean,,2026-07-28T19:58:49+00:00
ACCT-000151,B0198,clean,,2026-07-28T19:58:49+00:00
ACCT-000187,B0198,charge_mismatch,CustCharge summary drifted from charge detail,2026-07-28T19:58:49+00:00
ACCT-000096,B0198,clean,,2026-07-28T19:58:49+00:00
ACCT-000635,B0198,rc_misreport,Export reports a phantom R-C difference,2026-07-28T19:58:49+00:00
ACCT-000138,B0198,clean,,2026-07-28T19:58:49+00:00
ACCT-000267,B0198,clean,,2026-07-28T19:58:49+00:00
ACCT-000448,B0198,dup_payment,Duplicate payment row inflates SUM(Payment),2026-07-28T19:58:49+00:00
ACCT-000715,B0198,adj_mismatch,Adjustments summary drifted from adjustment detail,2026-07-28T19:58:49+00:00
ACCT-000716,B0198,known_diff,Remit short vs charges; difference disclosed on export,2026-07-28T19:58:49+00:00
ACCT-000717,B0198,clean,,2026-07-28T19:58:49+00:00
ACCT-000718,B0198,clean,,2026-07-28T19:58:49+00:00
ACCT-000480,B0199,clean,,2026-07-28T21:08:40+00:00
ACCT-000526,B0199,dup_adjustment,Duplicate adjustment row inflates SUM(AdjustmentAmt),2026-07-28T21:08:40+00:00
ACCT-000574,B0199,clean,,2026-07-28T21:08:40+00:00
ACCT-000091,B0199,clean,,2026-07-28T21:08:40+00:00
ACCT-000028,B0199,clean,,2026-07-28T21:08:40+00:00
ACCT-000614,B0199,clean,,2026-07-28T21:08:40+00:00
ACCT-000081,B0199,dup_payment,Duplicate payment row inflates SUM(Payment),2026-07-28T21:08:40+00:00
ACCT-000482,B0199,payment_short,Payment detail short of remit; no duplicates to zero out,2026-07-28T21:08:40+00:00
ACCT-000112,B0199,clean,,2026-07-28T21:08:40+00:00
ACCT-000180,B0199,clean,,2026-07-28T21:08:40+00:00
ACCT-000474,B0199,clean,,2026-07-28T21:08:40+00:00
ACCT-000531,B0199,known_diff,Remit short vs charges; difference disclosed on export,2026-07-28T21:08:40+00:00
ACCT-000445,B0199,clean,,2026-07-28T21:08:40+00:00
ACCT-000694,B0199,dup_charge,Duplicate charge row inflates SUM(UtilityCharge),2026-07-28T21:08:40+00:00
ACCT-000163,B0199,dup_adjustment,Duplicate adjustment row inflates SUM(AdjustmentAmt),2026-07-28T21:08:40+00:00
ACCT-000563,B0199,adj_mismatch,Adjustments summary drifted from adjustment detail,2026-07-28T21:08:40+00:00
ACCT-000129,B0199,clean,,2026-07-28T21:08:40+00:00
ACCT-000214,B0199,clean,,2026-07-28T21:08:40+00:00
ACCT-000101,B0199,known_diff,Remit short vs charges; difference disclosed on export,2026-07-28T21:08:40+00:00
ACCT-000543,B0199,total_fail,Every check seeded to fail,2026-07-28T21:08:40+00:00
ACCT-000189,B0199,clean,,2026-07-28T21:08:40+00:00
ACCT-000094,B0199,dup_payment,Duplicate payment row inflates SUM(Payment),2026-07-28T21:08:40+00:00
ACCT-000607,B0199,clean,,2026-07-28T21:08:40+00:00
ACCT-000603,B0199,charge_mismatch,CustCharge summary drifted from charge detail,2026-07-28T21:08:40+00:00
ACCT-000449,B0199,clean,,2026-07-28T21:08:40+00:00
ACCT-000697,B0199,clean,,2026-07-28T21:08:40+00:00
ACCT-000638,B0199,dup_unfixable,Payment detail short of remit; no duplicates to zero out,2026-07-28T21:08:40+00:00
ACCT-000443,B0199,payment_short,Payment detail short of remit; no duplicates to zero out,2026-07-28T21:08:40+00:00
ACCT-000300,B0199,clean,,2026-07-28T21:08:40+00:00
ACCT-000440,B0199,clean,,2026-07-28T21:08:40+00:00
ACCT-000304,B0199,dup_payment,Duplicate payment row inflates SUM(Payment),2026-07-28T21:08:40+00:00
ACCT-000380,B0199,clean,,2026-07-28T21:08:40+00:00
ACCT-000714,B0199,dup_payment,Duplicate payment row inflates SUM(Payment),2026-07-28T21:08:40+00:00
ACCT-000328,B0199,dup_payment,Duplicate payment row inflates SUM(Payment),2026-07-28T21:08:40+00:00
ACCT-000719,B0199,dup_payment,Duplicate payment row inflates SUM(Payment),2026-07-28T21:08:40+00:00
ACCT-000720,B0199,clean,,2026-07-28T21:08:40+00:00
ACCT-000721,B0199,clean,,2026-07-28T21:08:40+00:00
ACCT-000722,B0199,clean,,2026-07-28T21:08:40+00:00
ACCT-000393,B0200,adj_mismatch,Adjustments summary drifted from adjustment detail,2026-07-28T22:32:08+00:00
ACCT-000102,B0200,payment_short,Payment detail short of remit; no duplicates to zero out,2026-07-28T22:32:08+00:00
ACCT-000675,B0200,charge_mismatch,CustCharge summary drifted from charge detail,2026-07-28T22:32:08+00:00
ACCT-000621,B0200,dup_adjustment,Duplicate adjustment row inflates SUM(AdjustmentAmt),2026-07-28T22:32:08+00:00
ACCT-000550,B0200,dup_charge,Duplicate charge row inflates SUM(UtilityCharge),2026-07-28T22:32:08+00:00
ACCT-000221,B0200,clean,,2026-07-28T22:32:08+00:00
ACCT-000700,B0200,clean,,2026-07-28T22:32:08+00:00
ACCT-000689,B0200,adj_mismatch,Adjustments summary drifted from adjustment detail,2026-07-28T22:32:08+00:00
ACCT-000629,B0200,clean,,2026-07-28T22:32:08+00:00
ACCT-000055,B0200,adj_mismatch,Adjustments summary drifted from adjustment detail,2026-07-28T22:32:08+00:00
ACCT-000640,B0200,dup_payment,Duplicate payment row inflates SUM(Payment),2026-07-28T22:32:08+00:00
ACCT-000434,B0200,known_diff,Remit short vs charges; difference disclosed on export,2026-07-28T22:32:08+00:00
ACCT-000625,B0200,clean,,2026-07-28T22:32:08+00:00
ACCT-000486,B0200,charge_mismatch,CustCharge summary drifted from charge detail,2026-07-28T22:32:08+00:00
ACCT-000681,B0200,adj_mismatch,Adjustments summary drifted from adjustment detail,2026-07-28T22:32:08+00:00
ACCT-000575,B0200,total_fail,Every check seeded to fail,2026-07-28T22:32:08+00:00
ACCT-000132,B0200,adj_mismatch,Adjustments summary drifted from adjustment detail,2026-07-28T22:32:08+00:00
ACCT-000698,B0200,clean,,2026-07-28T22:32:08+00:00
ACCT-000211,B0200,dup_adjustment,Duplicate adjustment row inflates SUM(AdjustmentAmt),2026-07-28T22:32:08+00:00
ACCT-000029,B0200,clean,,2026-07-28T22:32:08+00:00
ACCT-000295,B0200,clean,,2026-07-28T22:32:08+00:00
ACCT-000482,B0200,clean,,2026-07-28T22:32:08+00:00
ACCT-000064,B0200,clean,,2026-07-28T22:32:08+00:00
ACCT-000502,B0200,adj_mismatch,Adjustments summary drifted from adjustment detail,2026-07-28T22:32:08+00:00
ACCT-000408,B0200,payment_short,Payment detail short of remit; no duplicates to zero out,2026-07-28T22:32:08+00:00
ACCT-000657,B0200,clean,,2026-07-28T22:32:08+00:00
ACCT-000595,B0200,clean,,2026-07-28T22:32:08+00:00
ACCT-000723,B0200,clean,,2026-07-28T22:32:08+00:00
ACCT-000724,B0200,clean,,2026-07-28T22:32:08+00:00
ACCT-000684,B0201,clean,,2026-07-28T23:53:30+00:00
ACCT-000262,B0201,clean,,2026-07-28T23:53:30+00:00
ACCT-000661,B0201,charge_mismatch,CustCharge summary drifted from charge detail,2026-07-28T23:53:30+00:00
ACCT-000532,B0201,clean,,2026-07-28T23:53:30+00:00
ACCT-000597,B0201,adj_mismatch,Adjustments summary drifted from adjustment detail,2026-07-28T23:53:30+00:00
ACCT-000424,B0201,dup_payment,Duplicate payment row inflates SUM(Payment),2026-07-28T23:53:30+00:00
ACCT-000268,B0201,clean,,2026-07-28T23:53:30+00:00
ACCT-000536,B0201,clean,,2026-07-28T23:53:30+00:00
ACCT-000671,B0201,known_diff,Remit short vs charges; difference disclosed on export,2026-07-28T23:53:30+00:00
ACCT-000070,B0201,payment_short,Payment detail short of remit; no duplicates to zero out,2026-07-28T23:53:30+00:00
ACCT-000319,B0201,payment_short,Payment detail short of remit; no duplicates to zero out,2026-07-28T23:53:30+00:00
ACCT-000451,B0201,total_fail,Every check seeded to fail,2026-07-28T23:53:30+00:00
ACCT-000648,B0201,clean,,2026-07-28T23:53:30+00:00
ACCT-000717,B0201,clean,,2026-07-28T23:53:30+00:00
ACCT-000636,B0201,clean,,2026-07-28T23:53:30+00:00
ACCT-000246,B0201,clean,,2026-07-28T23:53:30+00:00
ACCT-000236,B0201,payment_short,Payment detail short of remit; no duplicates to zero out,2026-07-28T23:53:30+00:00
ACCT-000446,B0201,clean,,2026-07-28T23:53:30+00:00
ACCT-000110,B0201,dup_adjustment,Duplicate adjustment row inflates SUM(AdjustmentAmt),2026-07-28T23:53:30+00:00
ACCT-000386,B0201,clean,,2026-07-28T23:53:30+00:00
ACCT-000567,B0201,clean,,2026-07-28T23:53:30+00:00
ACCT-000618,B0201,dup_adjustment,Duplicate adjustment row inflates SUM(AdjustmentAmt),2026-07-28T23:53:30+00:00
ACCT-000035,B0201,dup_adjustment,Duplicate adjustment row inflates SUM(AdjustmentAmt),2026-07-28T23:53:30+00:00
ACCT-000080,B0201,clean,,2026-07-28T23:53:30+00:00
ACCT-000657,B0201,dup_charge,Duplicate charge row inflates SUM(UtilityCharge),2026-07-28T23:53:30+00:00
ACCT-000101,B0201,clean,,2026-07-28T23:53:30+00:00
ACCT-000436,B0201,clean,,2026-07-28T23:53:30+00:00
ACCT-000242,B0201,clean,,2026-07-28T23:53:30+00:00
ACCT-000480,B0201,adj_mismatch,Adjustments summary drifted from adjustment detail,2026-07-28T23:53:30+00:00
ACCT-000725,B0201,clean,,2026-07-28T23:53:30+00:00
ACCT-000726,B0201,adj_mismatch,Adjustments summary drifted from adjustment detail,2026-07-28T23:53:30+00:00
ACCT-000727,B0201,payment_short,Payment detail short of remit; no duplicates to zero out,2026-07-28T23:53:30+00:00
ACCT-000274,B0202,clean,,2026-07-29T01:51:00+00:00
ACCT-000558,B0202,clean,,2026-07-29T01:51:00+00:00
ACCT-000392,B0202,clean,,2026-07-29T01:51:00+00:00
ACCT-000472,B0202,clean,,2026-07-29T01:51:00+00:00
ACCT-000723,B0202,payment_short,Payment detail short of remit; no duplicates to zero out,2026-07-29T01:51:00+00:00
ACCT-000383,B0202,clean,,2026-07-29T01:51:00+00:00
ACCT-000256,B0202,dup_payment,Duplicate payment row inflates SUM(Payment),2026-07-29T01:51:00+00:00
ACCT-000372,B0202,clean,,2026-07-29T01:51:00+00:00
ACCT-000039,B0202,dup_charge,Duplicate charge row inflates SUM(UtilityCharge),2026-07-29T01:51:00+00:00
ACCT-000597,B0202,clean,,2026-07-29T01:51:00+00:00
ACCT-000415,B0202,clean,,2026-07-29T01:51:00+00:00
ACCT-000342,B0202,clean,,2026-07-29T01:51:00+00:00
ACCT-000362,B0202,clean,,2026-07-29T01:51:00+00:00
ACCT-000071,B0202,payment_short,Payment detail short of remit; no duplicates to zero out,2026-07-29T01:51:00+00:00
ACCT-000530,B0202,dup_payment,Duplicate payment row inflates SUM(Payment),2026-07-29T01:51:00+00:00
ACCT-000483,B0202,dup_payment,Duplicate payment row inflates SUM(Payment),2026-07-29T01:51:00+00:00
ACCT-000194,B0202,clean,,2026-07-29T01:51:00+00:00
ACCT-000337,B0202,rc_misreport,Export reports a phantom R-C difference,2026-07-29T01:51:00+00:00
ACCT-000250,B0202,clean,,2026-07-29T01:51:00+00:00
ACCT-000509,B0202,clean,,2026-07-29T01:51:00+00:00
ACCT-000575,B0202,rc_misreport,Export reports a phantom R-C difference,2026-07-29T01:51:00+00:00
ACCT-000141,B0202,clean,,2026-07-29T01:51:00+00:00
ACCT-000379,B0202,rc_misreport,Export reports a phantom R-C difference,2026-07-29T01:51:00+00:00
ACCT-000189,B0202,charge_mismatch,CustCharge summary drifted from charge detail,2026-07-29T01:51:00+00:00
ACCT-000643,B0202,payment_short,Payment detail short of remit; no duplicates to zero out,2026-07-29T01:51:00+00:00
ACCT-000055,B0202,dup_charge,Duplicate charge row inflates SUM(UtilityCharge),2026-07-29T01:51:00+00:00
ACCT-000434,B0202,known_diff,Remit short vs charges; difference disclosed on export,2026-07-29T01:51:00+00:00
ACCT-000409,B0202,charge_mismatch,CustCharge summary drifted from charge detail,2026-07-29T01:51:00+00:00
ACCT-000663,B0202,clean,,2026-07-29T01:51:00+00:00
ACCT-000667,B0202,known_diff,Remit short vs charges; difference disclosed on export,2026-07-29T01:51:00+00:00
ACCT-000523,B0202,clean,,2026-07-29T01:51:00+00:00
ACCT-000110,B0202,clean,,2026-07-29T01:51:00+00:00
ACCT-000051,B0202,clean,,2026-07-29T01:51:00+00:00
ACCT-000443,B0202,clean,,2026-07-29T01:51:00+00:00
ACCT-000728,B0202,dup_charge,Duplicate charge row inflates SUM(UtilityCharge),2026-07-29T01:51:00+00:00
ACCT-000729,B0202,payment_short,Payment detail short of remit; no duplicates to zero out,2026-07-29T01:51:00+00:00
ACCT-000730,B0202,known_diff,Remit short vs charges; difference disclosed on export,2026-07-29T01:51:00+00:00
ACCT-000553,B0203,adj_mismatch,Adjustments summary drifted from adjustment detail,2026-07-29T05:14:32+00:00
ACCT-000099,B0203,clean,,2026-07-29T05:14:32+00:00
ACCT-000212,B0203,clean,,2026-07-29T05:14:32+00:00
ACCT-000426,B0203,clean,,2026-07-29T05:14:32+00:00
ACCT-000273,B0203,clean,,2026-07-29T05:14:32+00:00
ACCT-000345,B0203,clean,,2026-07-29T05:14:32+00:00
ACCT-000092,B0203,dup_charge,Duplicate charge row inflates SUM(UtilityCharge),2026-07-29T05:14:32+00:00
ACCT-000289,B0203,clean,,2026-07-29T05:14:32+00:00
ACCT-000188,B0203,clean,,2026-07-29T05:14:32+00:00
ACCT-000333,B0203,clean,,2026-07-29T05:14:32+00:00
ACCT-000042,B0203,total_fail,Every check seeded to fail,2026-07-29T05:14:32+00:00
ACCT-000196,B0203,clean,,2026-07-29T05:14:32+00:00
ACCT-000230,B0203,clean,,2026-07-29T05:14:32+00:00
ACCT-000691,B0203,dup_payment,Duplicate payment row inflates SUM(Payment),2026-07-29T05:14:32+00:00
ACCT-000256,B0203,clean,,2026-07-29T05:14:32+00:00
ACCT-000063,B0203,clean,,2026-07-29T05:14:32+00:00
ACCT-000496,B0203,clean,,2026-07-29T05:14:32+00:00
ACCT-000175,B0203,dup_payment,Duplicate payment row inflates SUM(Payment),2026-07-29T05:14:32+00:00
ACCT-000202,B0203,clean,,2026-07-29T05:14:32+00:00
ACCT-000507,B0203,known_diff,Remit short vs charges; difference disclosed on export,2026-07-29T05:14:32+00:00
ACCT-000222,B0203,clean,,2026-07-29T05:14:32+00:00
ACCT-000380,B0203,clean,,2026-07-29T05:14:32+00:00
ACCT-000207,B0203,clean,,2026-07-29T05:14:32+00:00
ACCT-000353,B0203,clean,,2026-07-29T05:14:32+00:00
ACCT-000509,B0203,clean,,2026-07-29T05:14:32+00:00
ACCT-000475,B0203,clean,,2026-07-29T05:14:32+00:00
ACCT-000525,B0203,clean,,2026-07-29T05:14:32+00:00
ACCT-000492,B0203,known_diff,Remit short vs charges; difference disclosed on export,2026-07-29T05:14:32+00:00
ACCT-000210,B0203,dup_payment,Duplicate payment row inflates SUM(Payment),2026-07-29T05:14:32+00:00
ACCT-000136,B0203,clean,,2026-07-29T05:14:32+00:00
ACCT-000530,B0203,payment_short,Payment detail short of remit; no duplicates to zero out,2026-07-29T05:14:32+00:00
ACCT-000731,B0203,clean,,2026-07-29T05:14:32+00:00
ACCT-000732,B0203,payment_short,Payment detail short of remit; no duplicates to zero out,2026-07-29T05:14:32+00:00
ACCT-000733,B0203,dup_payment,Duplicate payment row inflates SUM(Payment),2026-07-29T05:14:32+00:00
ACCT-000220,B0204,clean,,2026-07-29T08:03:24+00:00
ACCT-000156,B0204,clean,,2026-07-29T08:03:24+00:00
ACCT-000537,B0204,charge_mismatch,CustCharge summary drifted from charge detail,2026-07-29T08:03:24+00:00
ACCT-000112,B0204,dup_payment,Duplicate payment row inflates SUM(Payment),2026-07-29T08:03:24+00:00
ACCT-000474,B0204,clean,,2026-07-29T08:03:24+00:00
ACCT-000494,B0204,adj_mismatch,Adjustments summary drifted from adjustment detail,2026-07-29T08:03:24+00:00
ACCT-000081,B0204,dup_adjustment,Duplicate adjustment row inflates SUM(AdjustmentAmt),2026-07-29T08:03:24+00:00
ACCT-000411,B0204,adj_mismatch,Adjustments summary drifted from adjustment detail,2026-07-29T08:03:24+00:00
ACCT-000142,B0204,clean,,2026-07-29T08:03:24+00:00
ACCT-000626,B0204,clean,,2026-07-29T08:03:24+00:00
ACCT-000373,B0204,payment_short,Payment detail short of remit; no duplicates to zero out,2026-07-29T08:03:24+00:00
ACCT-000674,B0204,known_diff,Remit short vs charges; difference disclosed on export,2026-07-29T08:03:24+00:00
ACCT-000446,B0204,payment_short,Payment detail short of remit; no duplicates to zero out,2026-07-29T08:03:24+00:00
ACCT-000710,B0204,clean,,2026-07-29T08:03:24+00:00
ACCT-000021,B0204,dup_payment,Duplicate payment row inflates SUM(Payment),2026-07-29T08:03:24+00:00
ACCT-000273,B0204,dup_unfixable,Payment detail short of remit; no duplicates to zero out,2026-07-29T08:03:24+00:00
ACCT-000300,B0204,total_fail,Every check seeded to fail,2026-07-29T08:03:24+00:00
ACCT-000590,B0204,rc_misreport,Export reports a phantom R-C difference,2026-07-29T08:03:24+00:00
ACCT-000241,B0204,clean,,2026-07-29T08:03:24+00:00
ACCT-000029,B0204,clean,,2026-07-29T08:03:24+00:00
ACCT-000567,B0204,charge_mismatch,CustCharge summary drifted from charge detail,2026-07-29T08:03:24+00:00
ACCT-000635,B0204,payment_short,Payment detail short of remit; no duplicates to zero out,2026-07-29T08:03:24+00:00
ACCT-000404,B0204,dup_payment,Duplicate payment row inflates SUM(Payment),2026-07-29T08:03:24+00:00
ACCT-000284,B0204,clean,,2026-07-29T08:03:24+00:00
ACCT-000500,B0204,adj_mismatch,Adjustments summary drifted from adjustment detail,2026-07-29T08:03:24+00:00
ACCT-000105,B0204,clean,,2026-07-29T08:03:24+00:00
ACCT-000122,B0204,clean,,2026-07-29T08:03:24+00:00
ACCT-000734,B0204,clean,,2026-07-29T08:03:24+00:00
ACCT-000735,B0204,payment_short,Payment detail short of remit; no duplicates to zero out,2026-07-29T08:03:24+00:00
ACCT-000736,B0204,clean,,2026-07-29T08:03:24+00:00
ACCT-000595,B0205,adj_mismatch,Adjustments summary drifted from adjustment detail,2026-07-29T11:00:58+00:00
ACCT-000213,B0205,dup_payment,Duplicate payment row inflates SUM(Payment),2026-07-29T11:00:58+00:00
ACCT-000732,B0205,clean,,2026-07-29T11:00:58+00:00
ACCT-000525,B0205,adj_mismatch,Adjustments summary drifted from adjustment detail,2026-07-29T11:00:58+00:00
ACCT-000696,B0205,dup_payment,Duplicate payment row inflates SUM(Payment),2026-07-29T11:00:58+00:00
ACCT-000326,B0205,clean,,2026-07-29T11:00:58+00:00
ACCT-000409,B0205,dup_payment,Duplicate payment row inflates SUM(Payment),2026-07-29T11:00:58+00:00
ACCT-000485,B0205,clean,,2026-07-29T11:00:58+00:00
ACCT-000591,B0205,clean,,2026-07-29T11:00:58+00:00
ACCT-000118,B0205,dup_payment,Duplicate payment row inflates SUM(Payment),2026-07-29T11:00:58+00:00
ACCT-000590,B0205,clean,,2026-07-29T11:00:58+00:00
ACCT-000092,B0205,clean,,2026-07-29T11:00:58+00:00
ACCT-000237,B0205,clean,,2026-07-29T11:00:58+00:00
ACCT-000009,B0205,clean,,2026-07-29T11:00:58+00:00
ACCT-000709,B0205,dup_payment,Duplicate payment row inflates SUM(Payment),2026-07-29T11:00:58+00:00
ACCT-000186,B0205,clean,,2026-07-29T11:00:58+00:00
ACCT-000407,B0205,clean,,2026-07-29T11:00:58+00:00
ACCT-000276,B0205,clean,,2026-07-29T11:00:58+00:00
ACCT-000703,B0205,adj_mismatch,Adjustments summary drifted from adjustment detail,2026-07-29T11:00:58+00:00
ACCT-000634,B0205,dup_payment,Duplicate payment row inflates SUM(Payment),2026-07-29T11:00:58+00:00
ACCT-000587,B0205,dup_payment,Duplicate payment row inflates SUM(Payment),2026-07-29T11:00:58+00:00
ACCT-000581,B0205,rc_misreport,Export reports a phantom R-C difference,2026-07-29T11:00:58+00:00
ACCT-000540,B0205,dup_adjustment,Duplicate adjustment row inflates SUM(AdjustmentAmt),2026-07-29T11:00:58+00:00
ACCT-000082,B0205,dup_payment,Duplicate payment row inflates SUM(Payment),2026-07-29T11:00:58+00:00
ACCT-000080,B0205,clean,,2026-07-29T11:00:58+00:00
ACCT-000664,B0205,dup_charge,Duplicate charge row inflates SUM(UtilityCharge),2026-07-29T11:00:58+00:00
ACCT-000177,B0205,known_diff,Remit short vs charges; difference disclosed on export,2026-07-29T11:00:58+00:00
ACCT-000169,B0205,clean,,2026-07-29T11:00:58+00:00
ACCT-000135,B0205,clean,,2026-07-29T11:00:58+00:00
ACCT-000311,B0205,clean,,2026-07-29T11:00:58+00:00
ACCT-000654,B0205,clean,,2026-07-29T11:00:58+00:00
ACCT-000461,B0205,payment_short,Payment detail short of remit; no duplicates to zero out,2026-07-29T11:00:58+00:00
ACCT-000737,B0205,total_fail,Every check seeded to fail,2026-07-29T11:00:58+00:00
ACCT-000738,B0205,adj_mismatch,Adjustments summary drifted from adjustment detail,2026-07-29T11:00:58+00:00
ACCT-000739,B0205,adj_mismatch,Adjustments summary drifted from adjustment detail,2026-07-29T11:00:58+00:00
ACCT-000688,B0206,clean,,2026-07-29T13:12:34+00:00
ACCT-000069,B0206,known_diff,Remit short vs charges; difference disclosed on export,2026-07-29T13:12:34+00:00
ACCT-000706,B0206,clean,,2026-07-29T13:12:34+00:00
ACCT-000601,B0206,dup_payment,Duplicate payment row inflates SUM(Payment),2026-07-29T13:12:34+00:00
ACCT-000721,B0206,rc_misreport,Export reports a phantom R-C difference,2026-07-29T13:12:34+00:00
ACCT-000173,B0206,payment_short,Payment detail short of remit; no duplicates to zero out,2026-07-29T13:12:34+00:00
ACCT-000172,B0206,payment_short,Payment detail short of remit; no duplicates to zero out,2026-07-29T13:12:34+00:00
ACCT-000418,B0206,clean,,2026-07-29T13:12:34+00:00
ACCT-000478,B0206,payment_short,Payment detail short of remit; no duplicates to zero out,2026-07-29T13:12:34+00:00
ACCT-000304,B0206,clean,,2026-07-29T13:12:34+00:00
ACCT-000001,B0206,dup_charge,Duplicate charge row inflates SUM(UtilityCharge),2026-07-29T13:12:34+00:00
ACCT-000474,B0206,payment_short,Payment detail short of remit; no duplicates to zero out,2026-07-29T13:12:34+00:00
ACCT-000337,B0206,clean,,2026-07-29T13:12:34+00:00
ACCT-000117,B0206,clean,,2026-07-29T13:12:34+00:00
ACCT-000160,B0206,payment_short,Payment detail short of remit; no duplicates to zero out,2026-07-29T13:12:34+00:00
ACCT-000505,B0206,clean,,2026-07-29T13:12:34+00:00
ACCT-000350,B0206,clean,,2026-07-29T13:12:34+00:00
ACCT-000522,B0206,rc_misreport,Export reports a phantom R-C difference,2026-07-29T13:12:34+00:00
ACCT-000287,B0206,clean,,2026-07-29T13:12:34+00:00
ACCT-000464,B0206,clean,,2026-07-29T13:12:34+00:00
ACCT-000063,B0206,dup_charge,Duplicate charge row inflates SUM(UtilityCharge),2026-07-29T13:12:34+00:00
ACCT-000215,B0206,rc_misreport,Export reports a phantom R-C difference,2026-07-29T13:12:34+00:00
ACCT-000501,B0206,dup_charge,Duplicate charge row inflates SUM(UtilityCharge),2026-07-29T13:12:34+00:00
ACCT-000133,B0206,adj_mismatch,Adjustments summary drifted from adjustment detail,2026-07-29T13:12:34+00:00
ACCT-000165,B0206,dup_charge,Duplicate charge row inflates SUM(UtilityCharge),2026-07-29T13:12:34+00:00
ACCT-000701,B0206,clean,,2026-07-29T13:12:34+00:00
ACCT-000619,B0206,dup_payment,Duplicate payment row inflates SUM(Payment),2026-07-29T13:12:34+00:00
ACCT-000213,B0206,known_diff,Remit short vs charges; difference disclosed on export,2026-07-29T13:12:34+00:00
ACCT-000224,B0206,rc_misreport,Export reports a phantom R-C difference,2026-07-29T13:12:34+00:00
ACCT-000600,B0206,clean,,2026-07-29T13:12:34+00:00
ACCT-000121,B0206,clean,,2026-07-29T13:12:34+00:00
ACCT-000091,B0206,clean,,2026-07-29T13:12:34+00:00
ACCT-000711,B0206,clean,,2026-07-29T13:12:34+00:00
ACCT-000740,B0206,dup_payment,Duplicate payment row inflates SUM(Payment),2026-07-29T13:12:34+00:00
ACCT-000741,B0206,clean,,2026-07-29T13:12:34+00:00
ACCT-000742,B0206,rc_misreport,Export reports a phantom R-C difference,2026-07-29T13:12:34+00:00
ACCT-000743,B0206,charge_mismatch,CustCharge summary drifted from charge detail,2026-07-29T13:12:34+00:00
ACCT-000479,B0207,dup_charge,Duplicate charge row inflates SUM(UtilityCharge),2026-07-29T15:26:33+00:00
ACCT-000589,B0207,clean,,2026-07-29T15:26:33+00:00
ACCT-000189,B0207,known_diff,Remit short vs charges; difference disclosed on export,2026-07-29T15:26:33+00:00
ACCT-000231,B0207,clean,,2026-07-29T15:26:33+00:00
ACCT-000485,B0207,clean,,2026-07-29T15:26:33+00:00
ACCT-000076,B0207,clean,,2026-07-29T15:26:33+00:00
ACCT-000398,B0207,clean,,2026-07-29T15:26:33+00:00
ACCT-000277,B0207,clean,,2026-07-29T15:26:33+00:00
ACCT-000033,B0207,clean,,2026-07-29T15:26:33+00:00
ACCT-000066,B0207,payment_short,Payment detail short of remit; no duplicates to zero out,2026-07-29T15:26:33+00:00
ACCT-000657,B0207,clean,,2026-07-29T15:26:33+00:00
ACCT-000714,B0207,payment_short,Payment detail short of remit; no duplicates to zero out,2026-07-29T15:26:33+00:00
ACCT-000169,B0207,clean,,2026-07-29T15:26:33+00:00
ACCT-000401,B0207,clean,,2026-07-29T15:26:33+00:00
ACCT-000209,B0207,charge_mismatch,CustCharge summary drifted from charge detail,2026-07-29T15:26:33+00:00
ACCT-000664,B0207,dup_charge,Duplicate charge row inflates SUM(UtilityCharge),2026-07-29T15:26:33+00:00
ACCT-000386,B0207,clean,,2026-07-29T15:26:33+00:00
ACCT-000146,B0207,clean,,2026-07-29T15:26:33+00:00
ACCT-000429,B0207,clean,,2026-07-29T15:26:33+00:00
ACCT-000407,B0207,dup_payment,Duplicate payment row inflates SUM(Payment),2026-07-29T15:26:33+00:00
ACCT-000442,B0207,clean,,2026-07-29T15:26:33+00:00
ACCT-000193,B0207,rc_misreport,Export reports a phantom R-C difference,2026-07-29T15:26:33+00:00
ACCT-000138,B0207,dup_payment,Duplicate payment row inflates SUM(Payment),2026-07-29T15:26:33+00:00
ACCT-000250,B0207,clean,,2026-07-29T15:26:33+00:00
ACCT-000414,B0207,payment_short,Payment detail short of remit; no duplicates to zero out,2026-07-29T15:26:33+00:00
ACCT-000625,B0207,clean,,2026-07-29T15:26:33+00:00
ACCT-000458,B0207,known_diff,Remit short vs charges; difference disclosed on export,2026-07-29T15:26:33+00:00
ACCT-000230,B0207,clean,,2026-07-29T15:26:33+00:00
ACCT-000521,B0207,clean,,2026-07-29T15:26:33+00:00
ACCT-000364,B0207,clean,,2026-07-29T15:26:33+00:00
ACCT-000296,B0207,rc_misreport,Export reports a phantom R-C difference,2026-07-29T15:26:33+00:00
ACCT-000242,B0207,total_fail,Every check seeded to fail,2026-07-29T15:26:33+00:00
ACCT-000716,B0207,dup_payment,Duplicate payment row inflates SUM(Payment),2026-07-29T15:26:33+00:00
ACCT-000375,B0207,clean,,2026-07-29T15:26:33+00:00
ACCT-000720,B0207,dup_adjustment,Duplicate adjustment row inflates SUM(AdjustmentAmt),2026-07-29T15:26:33+00:00
ACCT-000744,B0207,dup_charge,Duplicate charge row inflates SUM(UtilityCharge),2026-07-29T15:26:33+00:00
ACCT-000745,B0207,clean,,2026-07-29T15:26:33+00:00
ACCT-000355,B0208,charge_mismatch,CustCharge summary drifted from charge detail,2026-07-29T16:48:04+00:00
ACCT-000058,B0208,known_diff,Remit short vs charges; difference disclosed on export,2026-07-29T16:48:04+00:00
ACCT-000508,B0208,dup_payment,Duplicate payment row inflates SUM(Payment),2026-07-29T16:48:04+00:00
ACCT-000094,B0208,dup_payment,Duplicate payment row inflates SUM(Payment),2026-07-29T16:48:04+00:00
ACCT-000123,B0208,total_fail,Every check seeded to fail,2026-07-29T16:48:04+00:00
ACCT-000311,B0208,dup_charge,Duplicate charge row inflates SUM(UtilityCharge),2026-07-29T16:48:04+00:00
ACCT-000212,B0208,clean,,2026-07-29T16:48:04+00:00
ACCT-000150,B0208,total_fail,Every check seeded to fail,2026-07-29T16:48:04+00:00
ACCT-000485,B0208,known_diff,Remit short vs charges; difference disclosed on export,2026-07-29T16:48:04+00:00
ACCT-000641,B0208,clean,,2026-07-29T16:48:04+00:00
ACCT-000014,B0208,clean,,2026-07-29T16:48:04+00:00
ACCT-000670,B0208,clean,,2026-07-29T16:48:04+00:00
ACCT-000146,B0208,known_diff,Remit short vs charges; difference disclosed on export,2026-07-29T16:48:04+00:00
ACCT-000613,B0208,clean,,2026-07-29T16:48:04+00:00
ACCT-000192,B0208,dup_payment,Duplicate payment row inflates SUM(Payment),2026-07-29T16:48:04+00:00
ACCT-000516,B0208,dup_payment,Duplicate payment row inflates SUM(Payment),2026-07-29T16:48:04+00:00
ACCT-000668,B0208,payment_short,Payment detail short of remit; no duplicates to zero out,2026-07-29T16:48:04+00:00
ACCT-000364,B0208,clean,,2026-07-29T16:48:04+00:00
ACCT-000361,B0208,dup_payment,Duplicate payment row inflates SUM(Payment),2026-07-29T16:48:04+00:00
ACCT-000352,B0208,adj_mismatch,Adjustments summary drifted from adjustment detail,2026-07-29T16:48:04+00:00
ACCT-000530,B0208,clean,,2026-07-29T16:48:04+00:00
ACCT-000452,B0208,clean,,2026-07-29T16:48:04+00:00
ACCT-000725,B0208,known_diff,Remit short vs charges; difference disclosed on export,2026-07-29T16:48:04+00:00
ACCT-000114,B0208,payment_short,Payment detail short of remit; no duplicates to zero out,2026-07-29T16:48:04+00:00
ACCT-000685,B0208,clean,,2026-07-29T16:48:04+00:00
ACCT-000371,B0208,clean,,2026-07-29T16:48:04+00:00
ACCT-000746,B0208,dup_payment,Duplicate payment row inflates SUM(Payment),2026-07-29T16:48:04+00:00
ACCT-000747,B0208,adj_mismatch,Adjustments summary drifted from adjustment detail,2026-07-29T16:48:04+00:00
ACCT-000748,B0208,clean,,2026-07-29T16:48:04+00:00
ACCT-000643,B0209,rc_misreport,Export reports a phantom R-C difference,2026-07-29T18:02:22+00:00
ACCT-000196,B0209,clean,,2026-07-29T18:02:22+00:00
ACCT-000229,B0209,dup_payment,Duplicate payment row inflates SUM(Payment),2026-07-29T18:02:22+00:00
ACCT-000066,B0209,known_diff,Remit short vs charges; difference disclosed on export,2026-07-29T18:02:22+00:00
ACCT-000334,B0209,dup_charge,Duplicate charge row inflates SUM(UtilityCharge),2026-07-29T18:02:22+00:00
ACCT-000147,B0209,payment_short,Payment detail short of remit; no duplicates to zero out,2026-07-29T18:02:22+00:00
ACCT-000387,B0209,clean,,2026-07-29T18:02:22+00:00
ACCT-000563,B0209,clean,,2026-07-29T18:02:22+00:00
ACCT-000405,B0209,clean,,2026-07-29T18:02:22+00:00
ACCT-000487,B0209,dup_charge,Duplicate charge row inflates SUM(UtilityCharge),2026-07-29T18:02:22+00:00
ACCT-000232,B0209,clean,,2026-07-29T18:02:22+00:00
ACCT-000282,B0209,rc_misreport,Export reports a phantom R-C difference,2026-07-29T18:02:22+00:00
ACCT-000490,B0209,dup_charge,Duplicate charge row inflates SUM(UtilityCharge),2026-07-29T18:02:22+00:00
ACCT-000647,B0209,clean,,2026-07-29T18:02:22+00:00
ACCT-000140,B0209,charge_mismatch,CustCharge summary drifted from charge detail,2026-07-29T18:02:22+00:00
ACCT-000071,B0209,total_fail,Every check seeded to fail,2026-07-29T18:02:22+00:00
ACCT-000707,B0209,clean,,2026-07-29T18:02:22+00:00
ACCT-000084,B0209,dup_payment,Duplicate payment row inflates SUM(Payment),2026-07-29T18:02:22+00:00
ACCT-000383,B0209,dup_payment,Duplicate payment row inflates SUM(Payment),2026-07-29T18:02:22+00:00
ACCT-000678,B0209,clean,,2026-07-29T18:02:22+00:00
ACCT-000510,B0209,payment_short,Payment detail short of remit; no duplicates to zero out,2026-07-29T18:02:22+00:00
ACCT-000195,B0209,dup_payment,Duplicate payment row inflates SUM(Payment),2026-07-29T18:02:22+00:00
ACCT-000215,B0209,clean,,2026-07-29T18:02:22+00:00
ACCT-000622,B0209,clean,,2026-07-29T18:02:22+00:00
ACCT-000015,B0209,clean,,2026-07-29T18:02:22+00:00
ACCT-000359,B0209,charge_mismatch,CustCharge summary drifted from charge detail,2026-07-29T18:02:22+00:00
ACCT-000742,B0209,clean,,2026-07-29T18:02:22+00:00
ACCT-000749,B0209,adj_mismatch,Adjustments summary drifted from adjustment detail,2026-07-29T18:02:22+00:00
ACCT-000750,B0209,clean,,2026-07-29T18:02:22+00:00
ACCT-000751,B0209,rc_misreport,Export reports a phantom R-C difference,2026-07-29T18:02:22+00:00
ACCT-000702,B0210,clean,,2026-07-29T19:51:18+00:00
ACCT-000169,B0210,charge_mismatch,CustCharge summary drifted from charge detail,2026-07-29T19:51:18+00:00
ACCT-000276,B0210,clean,,2026-07-29T19:51:18+00:00
ACCT-000585,B0210,payment_short,Payment detail short of remit; no duplicates to zero out,2026-07-29T19:51:18+00:00
ACCT-000489,B0210,dup_adjustment,Duplicate adjustment row inflates SUM(AdjustmentAmt),2026-07-29T19:51:18+00:00
ACCT-000448,B0210,clean,,2026-07-29T19:51:18+00:00
ACCT-000590,B0210,dup_adjustment,Duplicate adjustment row inflates SUM(AdjustmentAmt),2026-07-29T19:51:18+00:00
ACCT-000176,B0210,clean,,2026-07-29T19:51:18+00:00
ACCT-000301,B0210,clean,,2026-07-29T19:51:18+00:00
ACCT-000545,B0210,payment_short,Payment detail short of remit; no duplicates to zero out,2026-07-29T19:51:18+00:00
ACCT-000388,B0210,clean,,2026-07-29T19:51:18+00:00
ACCT-000652,B0210,rc_misreport,Export reports a phantom R-C difference,2026-07-29T19:51:18+00:00
ACCT-000226,B0210,clean,,2026-07-29T19:51:18+00:00
ACCT-000432,B0210,clean,,2026-07-29T19:51:18+00:00
ACCT-000362,B0210,clean,,2026-07-29T19:51:18+00:00
ACCT-000579,B0210,clean,,2026-07-29T19:51:18+00:00
ACCT-000041,B0210,clean,,2026-07-29T19:51:18+00:00
ACCT-000612,B0210,clean,,2026-07-29T19:51:18+00:00
ACCT-000006,B0210,adj_mismatch,Adjustments summary drifted from adjustment detail,2026-07-29T19:51:18+00:00
ACCT-000566,B0210,total_fail,Every check seeded to fail,2026-07-29T19:51:18+00:00
ACCT-000234,B0210,clean,,2026-07-29T19:51:18+00:00
ACCT-000342,B0210,clean,,2026-07-29T19:51:18+00:00
ACCT-000179,B0210,clean,,2026-07-29T19:51:18+00:00
ACCT-000380,B0210,clean,,2026-07-29T19:51:18+00:00
ACCT-000674,B0210,charge_mismatch,CustCharge summary drifted from charge detail,2026-07-29T19:51:18+00:00
ACCT-000351,B0210,clean,,2026-07-29T19:51:18+00:00
ACCT-000182,B0210,charge_mismatch,CustCharge summary drifted from charge detail,2026-07-29T19:51:18+00:00
ACCT-000752,B0210,payment_short,Payment detail short of remit; no duplicates to zero out,2026-07-29T19:51:18+00:00
ACCT-000753,B0210,clean,,2026-07-29T19:51:18+00:00
ACCT-000521,B0211,adj_mismatch,Adjustments summary drifted from adjustment detail,2026-07-29T20:44:55+00:00
ACCT-000554,B0211,clean,,2026-07-29T20:44:55+00:00
ACCT-000326,B0211,clean,,2026-07-29T20:44:55+00:00
ACCT-000297,B0211,clean,,2026-07-29T20:44:55+00:00
ACCT-000539,B0211,clean,,2026-07-29T20:44:55+00:00
ACCT-000217,B0211,dup_payment,Duplicate payment row inflates SUM(Payment),2026-07-29T20:44:55+00:00
ACCT-000313,B0211,dup_payment,Duplicate payment row inflates SUM(Payment),2026-07-29T20:44:55+00:00
ACCT-000421,B0211,clean,,2026-07-29T20:44:55+00:00
ACCT-000206,B0211,clean,,2026-07-29T20:44:55+00:00
ACCT-000438,B0211,clean,,2026-07-29T20:44:55+00:00
ACCT-000169,B0211,dup_charge,Duplicate charge row inflates SUM(UtilityCharge),2026-07-29T20:44:55+00:00
ACCT-000240,B0211,payment_short,Payment detail short of remit; no duplicates to zero out,2026-07-29T20:44:55+00:00
ACCT-000596,B0211,clean,,2026-07-29T20:44:55+00:00
ACCT-000026,B0211,dup_payment,Duplicate payment row inflates SUM(Payment),2026-07-29T20:44:55+00:00
ACCT-000062,B0211,dup_adjustment,Duplicate adjustment row inflates SUM(AdjustmentAmt),2026-07-29T20:44:55+00:00
ACCT-000096,B0211,dup_payment,Duplicate payment row inflates SUM(Payment),2026-07-29T20:44:55+00:00
ACCT-000053,B0211,adj_mismatch,Adjustments summary drifted from adjustment detail,2026-07-29T20:44:55+00:00
ACCT-000704,B0211,clean,,2026-07-29T20:44:55+00:00
ACCT-000309,B0211,clean,,2026-07-29T20:44:55+00:00
ACCT-000617,B0211,clean,,2026-07-29T20:44:55+00:00
ACCT-000451,B0211,payment_short,Payment detail short of remit; no duplicates to zero out,2026-07-29T20:44:55+00:00
ACCT-000531,B0211,clean,,2026-07-29T20:44:55+00:00
ACCT-000650,B0211,payment_short,Payment detail short of remit; no duplicates to zero out,2026-07-29T20:44:55+00:00
ACCT-000716,B0211,payment_short,Payment detail short of remit; no duplicates to zero out,2026-07-29T20:44:55+00:00
ACCT-000594,B0211,clean,,2026-07-29T20:44:55+00:00
ACCT-000035,B0211,dup_adjustment,Duplicate adjustment row inflates SUM(AdjustmentAmt),2026-07-29T20:44:55+00:00
ACCT-000644,B0211,dup_payment,Duplicate payment row inflates SUM(Payment),2026-07-29T20:44:55+00:00
ACCT-000276,B0211,clean,,2026-07-29T20:44:55+00:00
ACCT-000743,B0211,adj_mismatch,Adjustments summary drifted from adjustment detail,2026-07-29T20:44:55+00:00
ACCT-000754,B0211,dup_charge,Duplicate charge row inflates SUM(UtilityCharge),2026-07-29T20:44:55+00:00
ACCT-000755,B0211,clean,,2026-07-29T20:44:55+00:00
ACCT-000756,B0211,clean,,2026-07-29T20:44:55+00:00
ACCT-000095,B0212,dup_payment,Duplicate payment row inflates SUM(Payment),2026-07-29T21:52:47+00:00
ACCT-000646,B0212,rc_misreport,Export reports a phantom R-C difference,2026-07-29T21:52:47+00:00
ACCT-000229,B0212,clean,,2026-07-29T21:52:47+00:00
ACCT-000272,B0212,clean,,2026-07-29T21:52:47+00:00
ACCT-000127,B0212,dup_charge,Duplicate charge row inflates SUM(UtilityCharge),2026-07-29T21:52:47+00:00
ACCT-000324,B0212,rc_misreport,Export reports a phantom R-C difference,2026-07-29T21:52:47+00:00
ACCT-000224,B0212,clean,,2026-07-29T21:52:47+00:00
ACCT-000401,B0212,dup_payment,Duplicate payment row inflates SUM(Payment),2026-07-29T21:52:47+00:00
ACCT-000541,B0212,clean,,2026-07-29T21:52:47+00:00
ACCT-000310,B0212,clean,,2026-07-29T21:52:47+00:00
ACCT-000240,B0212,rc_misreport,Export reports a phantom R-C difference,2026-07-29T21:52:47+00:00
ACCT-000036,B0212,clean,,2026-07-29T21:52:47+00:00
ACCT-000085,B0212,payment_short,Payment detail short of remit; no duplicates to zero out,2026-07-29T21:52:47+00:00
ACCT-000145,B0212,clean,,2026-07-29T21:52:47+00:00
ACCT-000319,B0212,clean,,2026-07-29T21:52:47+00:00
ACCT-000703,B0212,clean,,2026-07-29T21:52:47+00:00
ACCT-000619,B0212,adj_mismatch,Adjustments summary drifted from adjustment detail,2026-07-29T21:52:47+00:00
ACCT-000390,B0212,clean,,2026-07-29T21:52:47+00:00
ACCT-000323,B0212,adj_mismatch,Adjustments summary drifted from adjustment detail,2026-07-29T21:52:47+00:00
ACCT-000169,B0212,adj_mismatch,Adjustments summary drifted from adjustment detail,2026-07-29T21:52:47+00:00
ACCT-000153,B0212,clean,,2026-07-29T21:52:47+00:00
ACCT-000594,B0212,charge_mismatch,CustCharge summary drifted from charge detail,2026-07-29T21:52:47+00:00
ACCT-000146,B0212,clean,,2026-07-29T21:52:47+00:00
ACCT-000691,B0212,clean,,2026-07-29T21:52:47+00:00
ACCT-000007,B0212,clean,,2026-07-29T21:52:47+00:00
ACCT-000520,B0212,dup_payment,Duplicate payment row inflates SUM(Payment),2026-07-29T21:52:47+00:00
ACCT-000232,B0212,clean,,2026-07-29T21:52:47+00:00
ACCT-000196,B0212,known_diff,Remit short vs charges; difference disclosed on export,2026-07-29T21:52:47+00:00
ACCT-000123,B0212,payment_short,Payment detail short of remit; no duplicates to zero out,2026-07-29T21:52:47+00:00
ACCT-000294,B0212,clean,,2026-07-29T21:52:47+00:00
ACCT-000705,B0212,clean,,2026-07-29T21:52:47+00:00
ACCT-000352,B0212,clean,,2026-07-29T21:52:47+00:00
ACCT-000535,B0212,total_fail,Every check seeded to fail,2026-07-29T21:52:47+00:00
ACCT-000757,B0212,payment_short,Payment detail short of remit; no duplicates to zero out,2026-07-29T21:52:47+00:00
ACCT-000758,B0212,clean,,2026-07-29T21:52:47+00:00
ACCT-000044,B0213,payment_short,Payment detail short of remit; no duplicates to zero out,2026-07-29T22:54:01+00:00
ACCT-000152,B0213,dup_adjustment,Duplicate adjustment row inflates SUM(AdjustmentAmt),2026-07-29T22:54:01+00:00
ACCT-000664,B0213,total_fail,Every check seeded to fail,2026-07-29T22:54:01+00:00
ACCT-000345,B0213,clean,,2026-07-29T22:54:01+00:00
ACCT-000677,B0213,dup_payment,Duplicate payment row inflates SUM(Payment),2026-07-29T22:54:01+00:00
ACCT-000564,B0213,clean,,2026-07-29T22:54:01+00:00
ACCT-000056,B0213,known_diff,Remit short vs charges; difference disclosed on export,2026-07-29T22:54:01+00:00
ACCT-000444,B0213,charge_mismatch,CustCharge summary drifted from charge detail,2026-07-29T22:54:01+00:00
ACCT-000731,B0213,total_fail,Every check seeded to fail,2026-07-29T22:54:01+00:00
ACCT-000753,B0213,clean,,2026-07-29T22:54:01+00:00
ACCT-000623,B0213,clean,,2026-07-29T22:54:01+00:00
ACCT-000594,B0213,charge_mismatch,CustCharge summary drifted from charge detail,2026-07-29T22:54:01+00:00
ACCT-000070,B0213,dup_payment,Duplicate payment row inflates SUM(Payment),2026-07-29T22:54:01+00:00
ACCT-000280,B0213,clean,,2026-07-29T22:54:01+00:00
ACCT-000271,B0213,dup_adjustment,Duplicate adjustment row inflates SUM(AdjustmentAmt),2026-07-29T22:54:01+00:00
ACCT-000478,B0213,clean,,2026-07-29T22:54:01+00:00
ACCT-000635,B0213,dup_charge,Duplicate charge row inflates SUM(UtilityCharge),2026-07-29T22:54:01+00:00
ACCT-000531,B0213,dup_payment,Duplicate payment row inflates SUM(Payment),2026-07-29T22:54:01+00:00
ACCT-000732,B0213,charge_mismatch,CustCharge summary drifted from charge detail,2026-07-29T22:54:01+00:00
ACCT-000382,B0213,charge_mismatch,CustCharge summary drifted from charge detail,2026-07-29T22:54:01+00:00
ACCT-000457,B0213,known_diff,Remit short vs charges; difference disclosed on export,2026-07-29T22:54:01+00:00
ACCT-000266,B0213,clean,,2026-07-29T22:54:01+00:00
ACCT-000627,B0213,clean,,2026-07-29T22:54:01+00:00
ACCT-000743,B0213,dup_payment,Duplicate payment row inflates SUM(Payment),2026-07-29T22:54:01+00:00
ACCT-000146,B0213,clean,,2026-07-29T22:54:01+00:00
ACCT-000041,B0213,clean,,2026-07-29T22:54:01+00:00
ACCT-000654,B0213,known_diff,Remit short vs charges; difference disclosed on export,2026-07-29T22:54:01+00:00
ACCT-000031,B0213,charge_mismatch,CustCharge summary drifted from charge detail,2026-07-29T22:54:01+00:00
ACCT-000147,B0213,clean,,2026-07-29T22:54:01+00:00
ACCT-000304,B0213,known_diff,Remit short vs charges; difference disclosed on export,2026-07-29T22:54:01+00:00
ACCT-000158,B0213,clean,,2026-07-29T22:54:01+00:00
ACCT-000090,B0213,clean,,2026-07-29T22:54:01+00:00
ACCT-000663,B0213,dup_payment,Duplicate payment row inflates SUM(Payment),2026-07-29T22:54:01+00:00
ACCT-000759,B0213,clean,,2026-07-29T22:54:01+00:00
ACCT-000760,B0213,clean,,2026-07-29T22:54:01+00:00
ACCT-000761,B0213,charge_mismatch,CustCharge summary drifted from charge detail,2026-07-29T22:54:01+00:00
ACCT-000762,B0213,rc_misreport,Export reports a phantom R-C difference,2026-07-29T22:54:01+00:00
ACCT-000685,B0214,adj_mismatch,Adjustments summary drifted from adjustment detail,2026-07-29T23:55:25+00:00
ACCT-000029,B0214,clean,,2026-07-29T23:55:25+00:00
ACCT-000333,B0214,clean,,2026-07-29T23:55:25+00:00
ACCT-000105,B0214,clean,,2026-07-29T23:55:25+00:00
ACCT-000731,B0214,clean,,2026-07-29T23:55:25+00:00
ACCT-000681,B0214,clean,,2026-07-29T23:55:25+00:00
ACCT-000235,B0214,clean,,2026-07-29T23:55:25+00:00
ACCT-000340,B0214,rc_misreport,Export reports a phantom R-C difference,2026-07-29T23:55:25+00:00
ACCT-000182,B0214,dup_payment,Duplicate payment row inflates SUM(Payment),2026-07-29T23:55:25+00:00
ACCT-000025,B0214,clean,,2026-07-29T23:55:25+00:00
ACCT-000307,B0214,payment_short,Payment detail short of remit; no duplicates to zero out,2026-07-29T23:55:25+00:00
ACCT-000652,B0214,clean,,2026-07-29T23:55:25+00:00
ACCT-000066,B0214,payment_short,Payment detail short of remit; no duplicates to zero out,2026-07-29T23:55:25+00:00
ACCT-000713,B0214,dup_payment,Duplicate payment row inflates SUM(Payment),2026-07-29T23:55:25+00:00
ACCT-000382,B0214,dup_payment,Duplicate payment row inflates SUM(Payment),2026-07-29T23:55:25+00:00
ACCT-000071,B0214,rc_misreport,Export reports a phantom R-C difference,2026-07-29T23:55:25+00:00
ACCT-000565,B0214,rc_misreport,Export reports a phantom R-C difference,2026-07-29T23:55:25+00:00
ACCT-000178,B0214,known_diff,Remit short vs charges; difference disclosed on export,2026-07-29T23:55:25+00:00
ACCT-000195,B0214,clean,,2026-07-29T23:55:25+00:00
ACCT-000497,B0214,dup_adjustment,Duplicate adjustment row inflates SUM(AdjustmentAmt),2026-07-29T23:55:25+00:00
ACCT-000433,B0214,dup_charge,Duplicate charge row inflates SUM(UtilityCharge),2026-07-29T23:55:25+00:00
ACCT-000048,B0214,dup_payment,Duplicate payment row inflates SUM(Payment),2026-07-29T23:55:25+00:00
ACCT-000254,B0214,dup_payment,Duplicate payment row inflates SUM(Payment),2026-07-29T23:55:25+00:00
ACCT-000288,B0214,dup_charge,Duplicate charge row inflates SUM(UtilityCharge),2026-07-29T23:55:25+00:00
ACCT-000141,B0214,rc_misreport,Export reports a phantom R-C difference,2026-07-29T23:55:25+00:00
ACCT-000637,B0214,clean,,2026-07-29T23:55:25+00:00
ACCT-000429,B0214,dup_payment,Duplicate payment row inflates SUM(Payment),2026-07-29T23:55:25+00:00
ACCT-000258,B0214,clean,,2026-07-29T23:55:25+00:00
ACCT-000763,B0214,dup_payment,Duplicate payment row inflates SUM(Payment),2026-07-29T23:55:25+00:00
ACCT-000764,B0214,dup_adjustment,Duplicate adjustment row inflates SUM(AdjustmentAmt),2026-07-29T23:55:25+00:00
ACCT-000765,B0214,dup_unfixable,Payment detail short of remit; no duplicates to zero out,2026-07-29T23:55:25+00:00
ACCT-000766,B0214,dup_payment,Duplicate payment row inflates SUM(Payment),2026-07-29T23:55:25+00:00
ACCT-000139,B0215,clean,,2026-07-30T01:43:52+00:00
ACCT-000350,B0215,dup_payment,Duplicate payment row inflates SUM(Payment),2026-07-30T01:43:52+00:00
ACCT-000689,B0215,dup_charge,Duplicate charge row inflates SUM(UtilityCharge),2026-07-30T01:43:52+00:00
ACCT-000313,B0215,clean,,2026-07-30T01:43:52+00:00
ACCT-000655,B0215,dup_unfixable,Payment detail short of remit; no duplicates to zero out,2026-07-30T01:43:52+00:00
ACCT-000067,B0215,clean,,2026-07-30T01:43:52+00:00
ACCT-000699,B0215,payment_short,Payment detail short of remit; no duplicates to zero out,2026-07-30T01:43:52+00:00
ACCT-000520,B0215,clean,,2026-07-30T01:43:52+00:00
ACCT-000195,B0215,clean,,2026-07-30T01:43:52+00:00
ACCT-000507,B0215,clean,,2026-07-30T01:43:52+00:00
ACCT-000757,B0215,clean,,2026-07-30T01:43:52+00:00
ACCT-000390,B0215,rc_misreport,Export reports a phantom R-C difference,2026-07-30T01:43:52+00:00
ACCT-000330,B0215,dup_payment,Duplicate payment row inflates SUM(Payment),2026-07-30T01:43:52+00:00
ACCT-000583,B0215,clean,,2026-07-30T01:43:52+00:00
ACCT-000227,B0215,charge_mismatch,CustCharge summary drifted from charge detail,2026-07-30T01:43:52+00:00
ACCT-000476,B0215,clean,,2026-07-30T01:43:52+00:00
ACCT-000691,B0215,clean,,2026-07-30T01:43:52+00:00
ACCT-000146,B0215,rc_misreport,Export reports a phantom R-C difference,2026-07-30T01:43:52+00:00
ACCT-000015,B0215,rc_misreport,Export reports a phantom R-C difference,2026-07-30T01:43:52+00:00
ACCT-000750,B0215,clean,,2026-07-30T01:43:52+00:00
ACCT-000040,B0215,known_diff,Remit short vs charges; difference disclosed on export,2026-07-30T01:43:52+00:00
ACCT-000548,B0215,dup_charge,Duplicate charge row inflates SUM(UtilityCharge),2026-07-30T01:43:52+00:00
ACCT-000478,B0215,dup_payment,Duplicate payment row inflates SUM(Payment),2026-07-30T01:43:52+00:00
ACCT-000651,B0215,clean,,2026-07-30T01:43:52+00:00
ACCT-000682,B0215,clean,,2026-07-30T01:43:52+00:00
ACCT-000405,B0215,clean,,2026-07-30T01:43:52+00:00
ACCT-000462,B0215,dup_adjustment,Duplicate adjustment row inflates SUM(AdjustmentAmt),2026-07-30T01:43:52+00:00
ACCT-000767,B0215,clean,,2026-07-30T01:43:52+00:00
ACCT-000768,B0215,clean,,2026-07-30T01:43:52+00:00
ACCT-000361,B0216,clean,,2026-07-30T04:51:22+00:00
ACCT-000641,B0216,clean,,2026-07-30T04:51:22+00:00
ACCT-000677,B0216,payment_short,Payment detail short of remit; no duplicates to zero out,2026-07-30T04:51:22+00:00
ACCT-000087,B0216,clean,,2026-07-30T04:51:22+00:00
ACCT-000492,B0216,clean,,2026-07-30T04:51:22+00:00
ACCT-000506,B0216,dup_charge,Duplicate charge row inflates SUM(UtilityCharge),2026-07-30T04:51:22+00:00
ACCT-000110,B0216,charge_mismatch,CustCharge summary drifted from charge detail,2026-07-30T04:51:22+00:00
ACCT-000470,B0216,clean,,2026-07-30T04:51:22+00:00
ACCT-000292,B0216,clean,,2026-07-30T04:51:22+00:00
ACCT-000711,B0216,clean,,2026-07-30T04:51:22+00:00
ACCT-000457,B0216,adj_mismatch,Adjustments summary drifted from adjustment detail,2026-07-30T04:51:22+00:00
ACCT-000053,B0216,clean,,2026-07-30T04:51:22+00:00
ACCT-000471,B0216,adj_mismatch,Adjustments summary drifted from adjustment detail,2026-07-30T04:51:22+00:00
ACCT-000138,B0216,clean,,2026-07-30T04:51:22+00:00
ACCT-000709,B0216,clean,,2026-07-30T04:51:22+00:00
ACCT-000600,B0216,dup_adjustment,Duplicate adjustment row inflates SUM(AdjustmentAmt),2026-07-30T04:51:22+00:00
ACCT-000289,B0216,clean,,2026-07-30T04:51:22+00:00
ACCT-000238,B0216,clean,,2026-07-30T04:51:22+00:00
ACCT-000136,B0216,dup_adjustment,Duplicate adjustment row inflates SUM(AdjustmentAmt),2026-07-30T04:51:22+00:00
ACCT-000682,B0216,charge_mismatch,CustCharge summary drifted from charge detail,2026-07-30T04:51:22+00:00
ACCT-000424,B0216,clean,,2026-07-30T04:51:22+00:00
ACCT-000054,B0216,dup_payment,Duplicate payment row inflates SUM(Payment),2026-07-30T04:51:22+00:00
ACCT-000181,B0216,clean,,2026-07-30T04:51:22+00:00
ACCT-000587,B0216,dup_adjustment,Duplicate adjustment row inflates SUM(AdjustmentAmt),2026-07-30T04:51:22+00:00
ACCT-000551,B0216,clean,,2026-07-30T04:51:22+00:00
ACCT-000599,B0216,clean,,2026-07-30T04:51:22+00:00
ACCT-000023,B0216,rc_misreport,Export reports a phantom R-C difference,2026-07-30T04:51:22+00:00
ACCT-000602,B0216,rc_misreport,Export reports a phantom R-C difference,2026-07-30T04:51:22+00:00
ACCT-000030,B0216,clean,,2026-07-30T04:51:22+00:00
ACCT-000203,B0216,clean,,2026-07-30T04:51:22+00:00
ACCT-000769,B0216,clean,,2026-07-30T04:51:22+00:00
ACCT-000770,B0216,clean,,2026-07-30T04:51:22+00:00
ACCT-000771,B0216,clean,,2026-07-30T04:51:22+00:00
ACCT-000659,B0217,clean,,2026-07-30T07:29:51+00:00
ACCT-000222,B0217,clean,,2026-07-30T07:29:51+00:00
ACCT-000486,B0217,known_diff,Remit short vs charges; difference disclosed on export,2026-07-30T07:29:51+00:00
ACCT-000297,B0217,clean,,2026-07-30T07:29:51+00:00
ACCT-000514,B0217,dup_payment,Duplicate payment row inflates SUM(Payment),2026-07-30T07:29:51+00:00
ACCT-000002,B0217,dup_unfixable,Payment detail short of remit; no duplicates to zero out,2026-07-30T07:29:51+00:00
ACCT-000556,B0217,clean,,2026-07-30T07:29:51+00:00
ACCT-000108,B0217,clean,,2026-07-30T07:29:51+00:00
ACCT-000476,B0217,rc_misreport,Export reports a phantom R-C difference,2026-07-30T07:29:51+00:00
ACCT-000047,B0217,clean,,2026-07-30T07:29:51+00:00
ACCT-000477,B0217,clean,,2026-07-30T07:29:51+00:00
ACCT-000439,B0217,adj_mismatch,Adjustments summary drifted from adjustment detail,2026-07-30T07:29:51+00:00
ACCT-000364,B0217,dup_adjustment,Duplicate adjustment row inflates SUM(AdjustmentAmt),2026-07-30T07:29:51+00:00
ACCT-000693,B0217,clean,,2026-07-30T07:29:51+00:00
ACCT-000550,B0217,known_diff,Remit short vs charges; difference disclosed on export,2026-07-30T07:29:51+00:00
ACCT-000112,B0217,dup_payment,Duplicate payment row inflates SUM(Payment),2026-07-30T07:29:51+00:00
ACCT-000688,B0217,clean,,2026-07-30T07:29:51+00:00
ACCT-000577,B0217,clean,,2026-07-30T07:29:51+00:00
ACCT-000242,B0217,clean,,2026-07-30T07:29:51+00:00
ACCT-000561,B0217,dup_adjustment,Duplicate adjustment row inflates SUM(AdjustmentAmt),2026-07-30T07:29:51+00:00
ACCT-000387,B0217,known_diff,Remit short vs charges; difference disclosed on export,2026-07-30T07:29:51+00:00
ACCT-000114,B0217,dup_payment,Duplicate payment row inflates SUM(Payment),2026-07-30T07:29:51+00:00
ACCT-000326,B0217,dup_payment,Duplicate payment row inflates SUM(Payment),2026-07-30T07:29:51+00:00
ACCT-000060,B0217,clean,,2026-07-30T07:29:51+00:00
ACCT-000218,B0217,clean,,2026-07-30T07:29:51+00:00
ACCT-000430,B0217,dup_payment,Duplicate payment row inflates SUM(Payment),2026-07-30T07:29:51+00:00
ACCT-000772,B0217,payment_short,Payment detail short of remit; no duplicates to zero out,2026-07-30T07:29:51+00:00
ACCT-000773,B0217,known_diff,Remit short vs charges; difference disclosed on export,2026-07-30T07:29:51+00:00
ACCT-000774,B0217,clean,,2026-07-30T07:29:51+00:00
ACCT-000775,B0217,clean,,2026-07-30T07:29:51+00:00
ACCT-000360,B0218,clean,,2026-07-30T09:59:49+00:00
ACCT-000251,B0218,clean,,2026-07-30T09:59:49+00:00
ACCT-000684,B0218,clean,,2026-07-30T09:59:49+00:00
ACCT-000087,B0218,clean,,2026-07-30T09:59:49+00:00
ACCT-000060,B0218,dup_payment,Duplicate payment row inflates SUM(Payment),2026-07-30T09:59:49+00:00
ACCT-000562,B0218,dup_payment,Duplicate payment row inflates SUM(Payment),2026-07-30T09:59:49+00:00
ACCT-000417,B0218,clean,,2026-07-30T09:59:49+00:00
ACCT-000504,B0218,known_diff,Remit short vs charges; difference disclosed on export,2026-07-30T09:59:49+00:00
ACCT-000183,B0218,clean,,2026-07-30T09:59:49+00:00
ACCT-000014,B0218,clean,,2026-07-30T09:59:49+00:00
ACCT-000666,B0218,dup_payment,Duplicate payment row inflates SUM(Payment),2026-07-30T09:59:49+00:00
ACCT-000351,B0218,dup_charge,Duplicate charge row inflates SUM(UtilityCharge),2026-07-30T09:59:49+00:00
ACCT-000326,B0218,clean,,2026-07-30T09:59:49+00:00
ACCT-000768,B0218,clean,,2026-07-30T09:59:49+00:00
ACCT-000343,B0218,dup_charge,Duplicate charge row inflates SUM(UtilityCharge),2026-07-30T09:59:49+00:00
ACCT-000061,B0218,rc_misreport,Export reports a phantom R-C difference,2026-07-30T09:59:49+00:00
ACCT-000773,B0218,clean,,2026-07-30T09:59:49+00:00
ACCT-000391,B0218,rc_misreport,Export reports a phantom R-C difference,2026-07-30T09:59:49+00:00
ACCT-000415,B0218,known_diff,Remit short vs charges; difference disclosed on export,2026-07-30T09:59:49+00:00
ACCT-000384,B0218,charge_mismatch,CustCharge summary drifted from charge detail,2026-07-30T09:59:49+00:00
ACCT-000760,B0218,clean,,2026-07-30T09:59:49+00:00
ACCT-000151,B0218,dup_payment,Duplicate payment row inflates SUM(Payment),2026-07-30T09:59:49+00:00
ACCT-000329,B0218,clean,,2026-07-30T09:59:49+00:00
ACCT-000020,B0218,charge_mismatch,CustCharge summary drifted from charge detail,2026-07-30T09:59:49+00:00
ACCT-000044,B0218,rc_misreport,Export reports a phantom R-C difference,2026-07-30T09:59:49+00:00
ACCT-000747,B0218,known_diff,Remit short vs charges; difference disclosed on export,2026-07-30T09:59:49+00:00
ACCT-000765,B0218,payment_short,Payment detail short of remit; no duplicates to zero out,2026-07-30T09:59:49+00:00
ACCT-000149,B0218,clean,,2026-07-30T09:59:49+00:00
ACCT-000776,B0218,dup_payment,Duplicate payment row inflates SUM(Payment),2026-07-30T09:59:49+00:00
ACCT-000777,B0218,clean,,2026-07-30T09:59:49+00:00
ACCT-000778,B0218,charge_mismatch,CustCharge summary drifted from charge detail,2026-07-30T09:59:49+00:00
ACCT-000503,B0219,clean,,2026-07-30T11:54:27+00:00
ACCT-000349,B0219,clean,,2026-07-30T11:54:27+00:00
ACCT-000343,B0219,known_diff,Remit short vs charges; difference disclosed on export,2026-07-30T11:54:27+00:00
ACCT-000145,B0219,clean,,2026-07-30T11:54:27+00:00
ACCT-000208,B0219,clean,,2026-07-30T11:54:27+00:00
ACCT-000523,B0219,clean,,2026-07-30T11:54:27+00:00
ACCT-000213,B0219,dup_charge,Duplicate charge row inflates SUM(UtilityCharge),2026-07-30T11:54:27+00:00
ACCT-000623,B0219,dup_adjustment,Duplicate adjustment row inflates SUM(AdjustmentAmt),2026-07-30T11:54:27+00:00
ACCT-000547,B0219,dup_payment,Duplicate payment row inflates SUM(Payment),2026-07-30T11:54:27+00:00
ACCT-000508,B0219,clean,,2026-07-30T11:54:27+00:00
ACCT-000299,B0219,total_fail,Every check seeded to fail,2026-07-30T11:54:27+00:00
ACCT-000687,B0219,clean,,2026-07-30T11:54:27+00:00
ACCT-000672,B0219,charge_mismatch,CustCharge summary drifted from charge detail,2026-07-30T11:54:27+00:00
ACCT-000417,B0219,clean,,2026-07-30T11:54:27+00:00
ACCT-000077,B0219,clean,,2026-07-30T11:54:27+00:00
ACCT-000595,B0219,clean,,2026-07-30T11:54:27+00:00
ACCT-000384,B0219,clean,,2026-07-30T11:54:27+00:00
ACCT-000340,B0219,clean,,2026-07-30T11:54:27+00:00
ACCT-000257,B0219,clean,,2026-07-30T11:54:27+00:00
ACCT-000732,B0219,clean,,2026-07-30T11:54:27+00:00
ACCT-000235,B0219,clean,,2026-07-30T11:54:27+00:00
ACCT-000325,B0219,clean,,2026-07-30T11:54:27+00:00
ACCT-000603,B0219,clean,,2026-07-30T11:54:27+00:00
ACCT-000763,B0219,adj_mismatch,Adjustments summary drifted from adjustment detail,2026-07-30T11:54:27+00:00
ACCT-000220,B0219,clean,,2026-07-30T11:54:27+00:00
ACCT-000727,B0219,dup_charge,Duplicate charge row inflates SUM(UtilityCharge),2026-07-30T11:54:27+00:00
ACCT-000025,B0219,dup_payment,Duplicate payment row inflates SUM(Payment),2026-07-30T11:54:27+00:00
ACCT-000474,B0219,clean,,2026-07-30T11:54:27+00:00
ACCT-000740,B0219,dup_unfixable,Payment detail short of remit; no duplicates to zero out,2026-07-30T11:54:27+00:00
ACCT-000459,B0219,clean,,2026-07-30T11:54:27+00:00
ACCT-000120,B0219,clean,,2026-07-30T11:54:27+00:00
ACCT-000019,B0219,dup_unfixable,Payment detail short of remit; no duplicates to zero out,2026-07-30T11:54:27+00:00
ACCT-000565,B0219,dup_unfixable,Payment detail short of remit; no duplicates to zero out,2026-07-30T11:54:27+00:00
ACCT-000779,B0219,dup_payment,Duplicate payment row inflates SUM(Payment),2026-07-30T11:54:27+00:00
ACCT-000780,B0219,known_diff,Remit short vs charges; difference disclosed on export,2026-07-30T11:54:27+00:00
ACCT-000781,B0219,clean,,2026-07-30T11:54:27+00:00
ACCT-000782,B0219,clean,,2026-07-30T11:54:27+00:00
ACCT-000123,B0220,dup_adjustment,Duplicate adjustment row inflates SUM(AdjustmentAmt),2026-07-30T13:40:47+00:00
ACCT-000502,B0220,clean,,2026-07-30T13:40:47+00:00
ACCT-000376,B0220,clean,,2026-07-30T13:40:47+00:00
ACCT-000316,B0220,dup_payment,Duplicate payment row inflates SUM(Payment),2026-07-30T13:40:47+00:00
ACCT-000031,B0220,dup_adjustment,Duplicate adjustment row inflates SUM(AdjustmentAmt),2026-07-30T13:40:47+00:00
ACCT-000046,B0220,adj_mismatch,Adjustments summary drifted from adjustment detail,2026-07-30T13:40:47+00:00
ACCT-000288,B0220,known_diff,Remit short vs charges; difference disclosed on export,2026-07-30T13:40:47+00:00
ACCT-000501,B0220,clean,,2026-07-30T13:40:47+00:00
ACCT-000398,B0220,clean,,2026-07-30T13:40:47+00:00
ACCT-000575,B0220,clean,,2026-07-30T13:40:47+00:00
ACCT-000247,B0220,clean,,2026-07-30T13:40:47+00:00
ACCT-000624,B0220,clean,,2026-07-30T13:40:47+00:00
ACCT-000347,B0220,clean,,2026-07-30T13:40:47+00:00
ACCT-000257,B0220,known_diff,Remit short vs charges; difference disclosed on export,2026-07-30T13:40:47+00:00
ACCT-000274,B0220,clean,,2026-07-30T13:40:47+00:00
ACCT-000356,B0220,clean,,2026-07-30T13:40:47+00:00
ACCT-000092,B0220,dup_adjustment,Duplicate adjustment row inflates SUM(AdjustmentAmt),2026-07-30T13:40:47+00:00
ACCT-000394,B0220,clean,,2026-07-30T13:40:47+00:00
ACCT-000418,B0220,dup_payment,Duplicate payment row inflates SUM(Payment),2026-07-30T13:40:47+00:00
ACCT-000654,B0220,dup_charge,Duplicate charge row inflates SUM(UtilityCharge),2026-07-30T13:40:47+00:00
ACCT-000751,B0220,clean,,2026-07-30T13:40:47+00:00
ACCT-000101,B0220,clean,,2026-07-30T13:40:47+00:00
ACCT-000371,B0220,charge_mismatch,CustCharge summary drifted from charge detail,2026-07-30T13:40:47+00:00
ACCT-000631,B0220,dup_payment,Duplicate payment row inflates SUM(Payment),2026-07-30T13:40:47+00:00
ACCT-000730,B0220,dup_payment,Duplicate payment row inflates SUM(Payment),2026-07-30T13:40:47+00:00
ACCT-000138,B0220,clean,,2026-07-30T13:40:47+00:00
ACCT-000049,B0220,clean,,2026-07-30T13:40:47+00:00
ACCT-000072,B0220,clean,,2026-07-30T13:40:47+00:00
ACCT-000276,B0220,clean,,2026-07-30T13:40:47+00:00
ACCT-000364,B0220,rc_misreport,Export reports a phantom R-C difference,2026-07-30T13:40:47+00:00
ACCT-000540,B0220,dup_payment,Duplicate payment row inflates SUM(Payment),2026-07-30T13:40:47+00:00
ACCT-000275,B0220,dup_adjustment,Duplicate adjustment row inflates SUM(AdjustmentAmt),2026-07-30T13:40:47+00:00
ACCT-000533,B0220,dup_charge,Duplicate charge row inflates SUM(UtilityCharge),2026-07-30T13:40:47+00:00
ACCT-000617,B0220,clean,,2026-07-30T13:40:47+00:00
ACCT-000156,B0220,rc_misreport,Export reports a phantom R-C difference,2026-07-30T13:40:47+00:00
ACCT-000783,B0220,clean,,2026-07-30T13:40:47+00:00
ACCT-000784,B0220,clean,,2026-07-30T13:40:47+00:00
ACCT-000785,B0220,payment_short,Payment detail short of remit; no duplicates to zero out,2026-07-30T13:40:47+00:00
ACCT-000786,B0220,rc_misreport,Export reports a phantom R-C difference,2026-07-30T13:40:47+00:00
ACCT-000379,B0221,clean,,2026-07-30T15:46:40+00:00
ACCT-000536,B0221,charge_mismatch,CustCharge summary drifted from charge detail,2026-07-30T15:46:40+00:00
ACCT-000445,B0221,dup_payment,Duplicate payment row inflates SUM(Payment),2026-07-30T15:46:40+00:00
ACCT-000058,B0221,clean,,2026-07-30T15:46:40+00:00
ACCT-000331,B0221,clean,,2026-07-30T15:46:40+00:00
ACCT-000503,B0221,clean,,2026-07-30T15:46:40+00:00
ACCT-000299,B0221,clean,,2026-07-30T15:46:40+00:00
ACCT-000664,B0221,adj_mismatch,Adjustments summary drifted from adjustment detail,2026-07-30T15:46:40+00:00
ACCT-000444,B0221,clean,,2026-07-30T15:46:40+00:00
ACCT-000457,B0221,clean,,2026-07-30T15:46:40+00:00
ACCT-000094,B0221,clean,,2026-07-30T15:46:40+00:00
ACCT-000394,B0221,rc_misreport,Export reports a phantom R-C difference,2026-07-30T15:46:40+00:00
ACCT-000352,B0221,charge_mismatch,CustCharge summary drifted from charge detail,2026-07-30T15:46:40+00:00
ACCT-000159,B0221,dup_payment,Duplicate payment row inflates SUM(Payment),2026-07-30T15:46:40+00:00
ACCT-000634,B0221,clean,,2026-07-30T15:46:40+00:00
ACCT-000364,B0221,adj_mismatch,Adjustments summary drifted from adjustment detail,2026-07-30T15:46:40+00:00
ACCT-000204,B0221,clean,,2026-07-30T15:46:40+00:00
ACCT-000447,B0221,payment_short,Payment detail short of remit; no duplicates to zero out,2026-07-30T15:46:40+00:00
ACCT-000375,B0221,clean,,2026-07-30T15:46:40+00:00
ACCT-000542,B0221,dup_payment,Duplicate payment row inflates SUM(Payment),2026-07-30T15:46:40+00:00
ACCT-000448,B0221,clean,,2026-07-30T15:46:40+00:00
ACCT-000213,B0221,rc_misreport,Export reports a phantom R-C difference,2026-07-30T15:46:40+00:00
ACCT-000527,B0221,total_fail,Every check seeded to fail,2026-07-30T15:46:40+00:00
ACCT-000396,B0221,clean,,2026-07-30T15:46:40+00:00
ACCT-000302,B0221,clean,,2026-07-30T15:46:40+00:00
ACCT-000057,B0221,clean,,2026-07-30T15:46:40+00:00
ACCT-000312,B0221,charge_mismatch,CustCharge summary drifted from charge detail,2026-07-30T15:46:40+00:00
ACCT-000323,B0221,clean,,2026-07-30T15:46:40+00:00
ACCT-000787,B0221,clean,,2026-07-30T15:46:40+00:00
ACCT-000788,B0221,dup_adjustment,Duplicate adjustment row inflates SUM(AdjustmentAmt),2026-07-30T15:46:40+00:00
ACCT-000267,B0222,dup_payment,Duplicate payment row inflates SUM(Payment),2026-07-30T17:17:19+00:00
ACCT-000041,B0222,clean,,2026-07-30T17:17:19+00:00
ACCT-000502,B0222,dup_adjustment,Duplicate adjustment row inflates SUM(AdjustmentAmt),2026-07-30T17:17:19+00:00
ACCT-000312,B0222,payment_short,Payment detail short of remit; no duplicates to zero out,2026-07-30T17:17:19+00:00
ACCT-000260,B0222,clean,,2026-07-30T17:17:19+00:00
ACCT-000458,B0222,charge_mismatch,CustCharge summary drifted from charge detail,2026-07-30T17:17:19+00:00
ACCT-000772,B0222,payment_short,Payment detail short of remit; no duplicates to zero out,2026-07-30T17:17:19+00:00
ACCT-000534,B0222,clean,,2026-07-30T17:17:19+00:00
ACCT-000529,B0222,clean,,2026-07-30T17:17:19+00:00
ACCT-000152,B0222,adj_mismatch,Adjustments summary drifted from adjustment detail,2026-07-30T17:17:19+00:00
ACCT-000250,B0222,charge_mismatch,CustCharge summary drifted from charge detail,2026-07-30T17:17:19+00:00
ACCT-000462,B0222,clean,,2026-07-30T17:17:19+00:00
ACCT-000084,B0222,known_diff,Remit short vs charges; difference disclosed on export,2026-07-30T17:17:19+00:00
ACCT-000036,B0222,clean,,2026-07-30T17:17:19+00:00
ACCT-000208,B0222,clean,,2026-07-30T17:17:19+00:00
ACCT-000591,B0222,clean,,2026-07-30T17:17:19+00:00
ACCT-000525,B0222,clean,,2026-07-30T17:17:19+00:00
ACCT-000762,B0222,dup_payment,Duplicate payment row inflates SUM(Payment),2026-07-30T17:17:19+00:00
ACCT-000255,B0222,dup_adjustment,Duplicate adjustment row inflates SUM(AdjustmentAmt),2026-07-30T17:17:19+00:00
ACCT-000262,B0222,rc_misreport,Export reports a phantom R-C difference,2026-07-30T17:17:19+00:00
ACCT-000355,B0222,clean,,2026-07-30T17:17:19+00:00
ACCT-000678,B0222,clean,,2026-07-30T17:17:19+00:00
ACCT-000715,B0222,adj_mismatch,Adjustments summary drifted from adjustment detail,2026-07-30T17:17:19+00:00
ACCT-000613,B0222,adj_mismatch,Adjustments summary drifted from adjustment detail,2026-07-30T17:17:19+00:00
ACCT-000589,B0222,clean,,2026-07-30T17:17:19+00:00
ACCT-000338,B0222,clean,,2026-07-30T17:17:19+00:00
ACCT-000658,B0222,clean,,2026-07-30T17:17:19+00:00
ACCT-000091,B0222,clean,,2026-07-30T17:17:19+00:00
ACCT-000789,B0222,dup_adjustment,Duplicate adjustment row inflates SUM(AdjustmentAmt),2026-07-30T17:17:19+00:00
ACCT-000790,B0222,clean,,2026-07-30T17:17:19+00:00
ACCT-000791,B0222,adj_mismatch,Adjustments summary drifted from adjustment detail,2026-07-30T17:17:19+00:00
ACCT-000792,B0222,dup_payment,Duplicate payment row inflates SUM(Payment),2026-07-30T17:17:19+00:00
ACCT-000634,B0223,clean,,2026-07-30T18:53:37+00:00
ACCT-000588,B0223,payment_short,Payment detail short of remit; no duplicates to zero out,2026-07-30T18:53:37+00:00
ACCT-000766,B0223,clean,,2026-07-30T18:53:37+00:00
ACCT-000770,B0223,clean,,2026-07-30T18:53:37+00:00
ACCT-000708,B0223,adj_mismatch,Adjustments summary drifted from adjustment detail,2026-07-30T18:53:37+00:00
ACCT-000475,B0223,clean,,2026-07-30T18:53:37+00:00
ACCT-000466,B0223,clean,,2026-07-30T18:53:37+00:00
ACCT-000006,B0223,adj_mismatch,Adjustments summary drifted from adjustment detail,2026-07-30T18:53:37+00:00
ACCT-000749,B0223,rc_misreport,Export reports a phantom R-C difference,2026-07-30T18:53:37+00:00
ACCT-000236,B0223,clean,,2026-07-30T18:53:37+00:00
ACCT-000552,B0223,dup_payment,Duplicate payment row inflates SUM(Payment),2026-07-30T18:53:37+00:00
ACCT-000218,B0223,clean,,2026-07-30T18:53:37+00:00
ACCT-000593,B0223,clean,,2026-07-30T18:53:37+00:00
ACCT-000270,B0223,known_diff,Remit short vs charges; difference disclosed on export,2026-07-30T18:53:37+00:00
ACCT-000045,B0223,dup_payment,Duplicate payment row inflates SUM(Payment),2026-07-30T18:53:37+00:00
ACCT-000211,B0223,clean,,2026-07-30T18:53:37+00:00
ACCT-000436,B0223,dup_payment,Duplicate payment row inflates SUM(Payment),2026-07-30T18:53:37+00:00
ACCT-000380,B0223,dup_payment,Duplicate payment row inflates SUM(Payment),2026-07-30T18:53:37+00:00
ACCT-000611,B0223,clean,,2026-07-30T18:53:37+00:00
ACCT-000735,B0223,rc_misreport,Export reports a phantom R-C difference,2026-07-30T18:53:37+00:00
ACCT-000220,B0223,clean,,2026-07-30T18:53:37+00:00
ACCT-000120,B0223,dup_payment,Duplicate payment row inflates SUM(Payment),2026-07-30T18:53:37+00:00
ACCT-000332,B0223,dup_payment,Duplicate payment row inflates SUM(Payment),2026-07-30T18:53:37+00:00
ACCT-000142,B0223,dup_payment,Duplicate payment row inflates SUM(Payment),2026-07-30T18:53:37+00:00
ACCT-000345,B0223,clean,,2026-07-30T18:53:37+00:00
ACCT-000793,B0223,clean,,2026-07-30T18:53:37+00:00
ACCT-000794,B0223,clean,,2026-07-30T18:53:37+00:00
ACCT-000795,B0223,charge_mismatch,CustCharge summary drifted from charge detail,2026-07-30T18:53:37+00:00
ACCT-000796,B0223,dup_payment,Duplicate payment row inflates SUM(Payment),2026-07-30T18:53:37+00:00
ACCT-000131,B0224,dup_adjustment,Duplicate adjustment row inflates SUM(AdjustmentAmt),2026-07-30T20:12:12+00:00
ACCT-000275,B0224,clean,,2026-07-30T20:12:12+00:00
ACCT-000756,B0224,rc_misreport,Export reports a phantom R-C difference,2026-07-30T20:12:12+00:00
ACCT-000345,B0224,dup_payment,Duplicate payment row inflates SUM(Payment),2026-07-30T20:12:12+00:00
ACCT-000500,B0224,dup_payment,Duplicate payment row inflates SUM(Payment),2026-07-30T20:12:12+00:00
ACCT-000656,B0224,dup_payment,Duplicate payment row inflates SUM(Payment),2026-07-30T20:12:12+00:00
ACCT-000732,B0224,rc_misreport,Export reports a phantom R-C difference,2026-07-30T20:12:12+00:00
ACCT-000196,B0224,clean,,2026-07-30T20:12:12+00:00
ACCT-000041,B0224,clean,,2026-07-30T20:12:12+00:00
ACCT-000022,B0224,clean,,2026-07-30T20:12:12+00:00
ACCT-000400,B0224,clean,,2026-07-30T20:12:12+00:00
ACCT-000263,B0224,clean,,2026-07-30T20:12:12+00:00
ACCT-000516,B0224,clean,,2026-07-30T20:12:12+00:00
ACCT-000257,B0224,clean,,2026-07-30T20:12:12+00:00
ACCT-000662,B0224,clean,,2026-07-30T20:12:12+00:00
ACCT-000668,B0224,dup_charge,Duplicate charge row inflates SUM(UtilityCharge),2026-07-30T20:12:12+00:00
ACCT-000070,B0224,charge_mismatch,CustCharge summary drifted from charge detail,2026-07-30T20:12:12+00:00
ACCT-000776,B0224,payment_short,Payment detail short of remit; no duplicates to zero out,2026-07-30T20:12:12+00:00
ACCT-000675,B0224,clean,,2026-07-30T20:12:12+00:00
ACCT-000051,B0224,known_diff,Remit short vs charges; difference disclosed on export,2026-07-30T20:12:12+00:00
ACCT-000436,B0224,clean,,2026-07-30T20:12:12+00:00
ACCT-000736,B0224,payment_short,Payment detail short of remit; no duplicates to zero out,2026-07-30T20:12:12+00:00
ACCT-000281,B0224,dup_payment,Duplicate payment row inflates SUM(Payment),2026-07-30T20:12:12+00:00
ACCT-000692,B0224,clean,,2026-07-30T20:12:12+00:00
ACCT-000029,B0224,total_fail,Every check seeded to fail,2026-07-30T20:12:12+00:00
ACCT-000181,B0224,clean,,2026-07-30T20:12:12+00:00
ACCT-000637,B0224,clean,,2026-07-30T20:12:12+00:00
ACCT-000511,B0224,clean,,2026-07-30T20:12:12+00:00
ACCT-000797,B0224,clean,,2026-07-30T20:12:12+00:00
ACCT-000798,B0224,dup_charge,Duplicate charge row inflates SUM(UtilityCharge),2026-07-30T20:12:12+00:00
ACCT-000799,B0224,clean,,2026-07-30T20:12:12+00:00
ACCT-000800,B0224,clean,,2026-07-30T20:12:12+00:00
ACCT-000396,B0225,dup_payment,Duplicate payment row inflates SUM(Payment),2026-07-30T21:40:20+00:00
ACCT-000728,B0225,dup_payment,Duplicate payment row inflates SUM(Payment),2026-07-30T21:40:20+00:00
ACCT-000603,B0225,payment_short,Payment detail short of remit; no duplicates to zero out,2026-07-30T21:40:20+00:00
ACCT-000798,B0225,dup_payment,Duplicate payment row inflates SUM(Payment),2026-07-30T21:40:20+00:00
ACCT-000062,B0225,clean,,2026-07-30T21:40:20+00:00
ACCT-000359,B0225,clean,,2026-07-30T21:40:20+00:00
ACCT-000565,B0225,clean,,2026-07-30T21:40:20+00:00
ACCT-000609,B0225,payment_short,Payment detail short of remit; no duplicates to zero out,2026-07-30T21:40:20+00:00
ACCT-000491,B0225,clean,,2026-07-30T21:40:20+00:00
ACCT-000167,B0225,dup_unfixable,Payment detail short of remit; no duplicates to zero out,2026-07-30T21:40:20+00:00
ACCT-000543,B0225,clean,,2026-07-30T21:40:20+00:00
ACCT-000729,B0225,clean,,2026-07-30T21:40:20+00:00
ACCT-000178,B0225,clean,,2026-07-30T21:40:20+00:00
ACCT-000341,B0225,dup_unfixable,Payment detail short of remit; no duplicates to zero out,2026-07-30T21:40:20+00:00
ACCT-000081,B0225,dup_payment,Duplicate payment row inflates SUM(Payment),2026-07-30T21:40:20+00:00
ACCT-000692,B0225,known_diff,Remit short vs charges; difference disclosed on export,2026-07-30T21:40:20+00:00
ACCT-000496,B0225,charge_mismatch,CustCharge summary drifted from charge detail,2026-07-30T21:40:20+00:00
ACCT-000395,B0225,dup_unfixable,Payment detail short of remit; no duplicates to zero out,2026-07-30T21:40:20+00:00
ACCT-000506,B0225,clean,,2026-07-30T21:40:20+00:00
ACCT-000439,B0225,dup_unfixable,Payment detail short of remit; no duplicates to zero out,2026-07-30T21:40:20+00:00
ACCT-000112,B0225,clean,,2026-07-30T21:40:20+00:00
ACCT-000568,B0225,clean,,2026-07-30T21:40:20+00:00
ACCT-000500,B0225,total_fail,Every check seeded to fail,2026-07-30T21:40:20+00:00
ACCT-000649,B0225,dup_charge,Duplicate charge row inflates SUM(UtilityCharge),2026-07-30T21:40:20+00:00
ACCT-000105,B0225,clean,,2026-07-30T21:40:20+00:00
ACCT-000765,B0225,dup_payment,Duplicate payment row inflates SUM(Payment),2026-07-30T21:40:20+00:00
ACCT-000544,B0225,clean,,2026-07-30T21:40:20+00:00
ACCT-000531,B0225,clean,,2026-07-30T21:40:20+00:00
ACCT-000301,B0225,dup_charge,Duplicate charge row inflates SUM(UtilityCharge),2026-07-30T21:40:20+00:00
ACCT-000075,B0225,known_diff,Remit short vs charges; difference disclosed on export,2026-07-30T21:40:20+00:00
ACCT-000801,B0225,clean,,2026-07-30T21:40:20+00:00
ACCT-000802,B0225,clean,,2026-07-30T21:40:20+00:00
ACCT-000803,B0225,clean,,2026-07-30T21:40:20+00:00
ACCT-000804,B0225,clean,,2026-07-30T21:40:20+00:00
ACCT-000216,B0226,clean,,2026-07-30T22:57:50+00:00
ACCT-000639,B0226,clean,,2026-07-30T22:57:50+00:00
ACCT-000134,B0226,dup_adjustment,Duplicate adjustment row inflates SUM(AdjustmentAmt),2026-07-30T22:57:50+00:00
ACCT-000348,B0226,known_diff,Remit short vs charges; difference disclosed on export,2026-07-30T22:57:50+00:00
ACCT-000730,B0226,clean,,2026-07-30T22:57:50+00:00
ACCT-000597,B0226,clean,,2026-07-30T22:57:50+00:00
ACCT-000619,B0226,clean,,2026-07-30T22:57:50+00:00
ACCT-000394,B0226,dup_adjustment,Duplicate adjustment row inflates SUM(AdjustmentAmt),2026-07-30T22:57:50+00:00
ACCT-000545,B0226,known_diff,Remit short vs charges; difference disclosed on export,2026-07-30T22:57:50+00:00
ACCT-000429,B0226,clean,,2026-07-30T22:57:50+00:00
ACCT-000474,B0226,clean,,2026-07-30T22:57:50+00:00
ACCT-000573,B0226,dup_payment,Duplicate payment row inflates SUM(Payment),2026-07-30T22:57:50+00:00
ACCT-000320,B0226,rc_misreport,Export reports a phantom R-C difference,2026-07-30T22:57:50+00:00
ACCT-000223,B0226,clean,,2026-07-30T22:57:50+00:00
ACCT-000136,B0226,clean,,2026-07-30T22:57:50+00:00
ACCT-000423,B0226,clean,,2026-07-30T22:57:50+00:00
ACCT-000288,B0226,clean,,2026-07-30T22:57:50+00:00
ACCT-000433,B0226,payment_short,Payment detail short of remit; no duplicates to zero out,2026-07-30T22:57:50+00:00
ACCT-000031,B0226,clean,,2026-07-30T22:57:50+00:00
ACCT-000722,B0226,charge_mismatch,CustCharge summary drifted from charge detail,2026-07-30T22:57:50+00:00
ACCT-000052,B0226,charge_mismatch,CustCharge summary drifted from charge detail,2026-07-30T22:57:50+00:00
ACCT-000110,B0226,clean,,2026-07-30T22:57:50+00:00
ACCT-000428,B0226,dup_charge,Duplicate charge row inflates SUM(UtilityCharge),2026-07-30T22:57:50+00:00
ACCT-000351,B0226,dup_unfixable,Payment detail short of remit; no duplicates to zero out,2026-07-30T22:57:50+00:00
ACCT-000451,B0226,clean,,2026-07-30T22:57:50+00:00
ACCT-000526,B0226,dup_payment,Duplicate payment row inflates SUM(Payment),2026-07-30T22:57:50+00:00
ACCT-000638,B0226,total_fail,Every check seeded to fail,2026-07-30T22:57:50+00:00
ACCT-000153,B0226,clean,,2026-07-30T22:57:50+00:00
ACCT-000805,B0226,charge_mismatch,CustCharge summary drifted from charge detail,2026-07-30T22:57:50+00:00
ACCT-000806,B0226,payment_short,Payment detail short of remit; no duplicates to zero out,2026-07-30T22:57:50+00:00
ACCT-000273,B0227,dup_payment,Duplicate payment row inflates SUM(Payment),2026-07-30T23:59:47+00:00
ACCT-000266,B0227,adj_mismatch,Adjustments summary drifted from adjustment detail,2026-07-30T23:59:47+00:00
ACCT-000004,B0227,clean,,2026-07-30T23:59:47+00:00
ACCT-000218,B0227,rc_misreport,Export reports a phantom R-C difference,2026-07-30T23:59:47+00:00
ACCT-000781,B0227,dup_unfixable,Payment detail short of remit; no duplicates to zero out,2026-07-30T23:59:47+00:00
ACCT-000101,B0227,clean,,2026-07-30T23:59:47+00:00
ACCT-000773,B0227,clean,,2026-07-30T23:59:47+00:00
ACCT-000624,B0227,dup_charge,Duplicate charge row inflates SUM(UtilityCharge),2026-07-30T23:59:47+00:00
ACCT-000377,B0227,payment_short,Payment detail short of remit; no duplicates to zero out,2026-07-30T23:59:47+00:00
ACCT-000683,B0227,rc_misreport,Export reports a phantom R-C difference,2026-07-30T23:59:47+00:00
ACCT-000296,B0227,dup_payment,Duplicate payment row inflates SUM(Payment),2026-07-30T23:59:47+00:00
ACCT-000713,B0227,clean,,2026-07-30T23:59:47+00:00
ACCT-000658,B0227,clean,,2026-07-30T23:59:47+00:00
ACCT-000441,B0227,clean,,2026-07-30T23:59:47+00:00
ACCT-000618,B0227,dup_adjustment,Duplicate adjustment row inflates SUM(AdjustmentAmt),2026-07-30T23:59:47+00:00
ACCT-000744,B0227,clean,,2026-07-30T23:59:47+00:00
ACCT-000768,B0227,clean,,2026-07-30T23:59:47+00:00
ACCT-000735,B0227,dup_adjustment,Duplicate adjustment row inflates SUM(AdjustmentAmt),2026-07-30T23:59:47+00:00
ACCT-000610,B0227,clean,,2026-07-30T23:59:47+00:00
ACCT-000229,B0227,clean,,2026-07-30T23:59:47+00:00
ACCT-000594,B0227,clean,,2026-07-30T23:59:47+00:00
ACCT-000785,B0227,charge_mismatch,CustCharge summary drifted from charge detail,2026-07-30T23:59:47+00:00
ACCT-000541,B0227,clean,,2026-07-30T23:59:47+00:00
ACCT-000724,B0227,dup_payment,Duplicate payment row inflates SUM(Payment),2026-07-30T23:59:47+00:00
ACCT-000574,B0227,clean,,2026-07-30T23:59:47+00:00
ACCT-000112,B0227,dup_payment,Duplicate payment row inflates SUM(Payment),2026-07-30T23:59:47+00:00
ACCT-000295,B0227,clean,,2026-07-30T23:59:47+00:00
ACCT-000520,B0227,dup_charge,Duplicate charge row inflates SUM(UtilityCharge),2026-07-30T23:59:47+00:00
ACCT-000116,B0227,dup_charge,Duplicate charge row inflates SUM(UtilityCharge),2026-07-30T23:59:47+00:00
ACCT-000807,B0227,dup_payment,Duplicate payment row inflates SUM(Payment),2026-07-30T23:59:47+00:00
ACCT-000808,B0227,clean,,2026-07-30T23:59:47+00:00
ACCT-000809,B0227,clean,,2026-07-30T23:59:47+00:00
ACCT-000675,B0228,clean,,2026-07-31T03:19:22+00:00
ACCT-000688,B0228,dup_charge,Duplicate charge row inflates SUM(UtilityCharge),2026-07-31T03:19:22+00:00
ACCT-000718,B0228,clean,,2026-07-31T03:19:22+00:00
ACCT-000093,B0228,clean,,2026-07-31T03:19:22+00:00
ACCT-000195,B0228,dup_adjustment,Duplicate adjustment row inflates SUM(AdjustmentAmt),2026-07-31T03:19:22+00:00
ACCT-000644,B0228,dup_adjustment,Duplicate adjustment row inflates SUM(AdjustmentAmt),2026-07-31T03:19:22+00:00
ACCT-000783,B0228,clean,,2026-07-31T03:19:22+00:00
ACCT-000542,B0228,charge_mismatch,CustCharge summary drifted from charge detail,2026-07-31T03:19:22+00:00
ACCT-000454,B0228,clean,,2026-07-31T03:19:22+00:00
ACCT-000292,B0228,clean,,2026-07-31T03:19:22+00:00
ACCT-000551,B0228,clean,,2026-07-31T03:19:22+00:00
ACCT-000150,B0228,dup_payment,Duplicate payment row inflates SUM(Payment),2026-07-31T03:19:22+00:00
ACCT-000493,B0228,rc_misreport,Export reports a phantom R-C difference,2026-07-31T03:19:22+00:00
ACCT-000383,B0228,dup_adjustment,Duplicate adjustment row inflates SUM(AdjustmentAmt),2026-07-31T03:19:22+00:00
ACCT-000673,B0228,clean,,2026-07-31T03:19:22+00:00
ACCT-000361,B0228,payment_short,Payment detail short of remit; no duplicates to zero out,2026-07-31T03:19:22+00:00
ACCT-000277,B0228,clean,,2026-07-31T03:19:22+00:00
ACCT-000331,B0228,clean,,2026-07-31T03:19:22+00:00
ACCT-000538,B0228,payment_short,Payment detail short of remit; no duplicates to zero out,2026-07-31T03:19:22+00:00
ACCT-000565,B0228,clean,,2026-07-31T03:19:22+00:00
ACCT-000217,B0228,known_diff,Remit short vs charges; difference disclosed on export,2026-07-31T03:19:22+00:00
ACCT-000198,B0228,dup_payment,Duplicate payment row inflates SUM(Payment),2026-07-31T03:19:22+00:00
ACCT-000476,B0228,dup_charge,Duplicate charge row inflates SUM(UtilityCharge),2026-07-31T03:19:22+00:00
ACCT-000744,B0228,clean,,2026-07-31T03:19:22+00:00
ACCT-000479,B0228,known_diff,Remit short vs charges; difference disclosed on export,2026-07-31T03:19:22+00:00
ACCT-000205,B0228,clean,,2026-07-31T03:19:22+00:00
ACCT-000121,B0228,payment_short,Payment detail short of remit; no duplicates to zero out,2026-07-31T03:19:22+00:00
ACCT-000695,B0228,clean,,2026-07-31T03:19:22+00:00
ACCT-000199,B0228,clean,,2026-07-31T03:19:22+00:00
ACCT-000245,B0228,clean,,2026-07-31T03:19:22+00:00
ACCT-000439,B0228,rc_misreport,Export reports a phantom R-C difference,2026-07-31T03:19:22+00:00
ACCT-000407,B0228,dup_payment,Duplicate payment row inflates SUM(Payment),2026-07-31T03:19:22+00:00
ACCT-000345,B0228,clean,,2026-07-31T03:19:22+00:00
ACCT-000810,B0228,total_fail,Every check seeded to fail,2026-07-31T03:19:22+00:00
ACCT-000811,B0228,clean,,2026-07-31T03:19:22+00:00
ACCT-000812,B0228,charge_mismatch,CustCharge summary drifted from charge detail,2026-07-31T03:19:22+00:00
ACCT-000724,B0229,clean,,2026-07-31T06:28:26+00:00
ACCT-000072,B0229,clean,,2026-07-31T06:28:26+00:00
ACCT-000538,B0229,clean,,2026-07-31T06:28:26+00:00
ACCT-000055,B0229,dup_payment,Duplicate payment row inflates SUM(Payment),2026-07-31T06:28:26+00:00
ACCT-000467,B0229,clean,,2026-07-31T06:28:26+00:00
ACCT-000550,B0229,dup_payment,Duplicate payment row inflates SUM(Payment),2026-07-31T06:28:26+00:00
ACCT-000312,B0229,known_diff,Remit short vs charges; difference disclosed on export,2026-07-31T06:28:26+00:00
ACCT-000602,B0229,dup_payment,Duplicate payment row inflates SUM(Payment),2026-07-31T06:28:26+00:00
ACCT-000648,B0229,clean,,2026-07-31T06:28:26+00:00
ACCT-000776,B0229,clean,,2026-07-31T06:28:26+00:00
ACCT-000198,B0229,dup_payment,Duplicate payment row inflates SUM(Payment),2026-07-31T06:28:26+00:00
ACCT-000270,B0229,clean,,2026-07-31T06:28:26+00:00
ACCT-000231,B0229,rc_misreport,Export reports a phantom R-C difference,2026-07-31T06:28:26+00:00
ACCT-000686,B0229,charge_mismatch,CustCharge summary drifted from charge detail,2026-07-31T06:28:26+00:00
ACCT-000576,B0229,charge_mismatch,CustCharge summary drifted from charge detail,2026-07-31T06:28:26+00:00
ACCT-000184,B0229,total_fail,Every check seeded to fail,2026-07-31T06:28:26+00:00
ACCT-000601,B0229,clean,,2026-07-31T06:28:26+00:00
ACCT-000414,B0229,clean,,2026-07-31T06:28:26+00:00
ACCT-000802,B0229,dup_charge,Duplicate charge row inflates SUM(UtilityCharge),2026-07-31T06:28:26+00:00
ACCT-000485,B0229,adj_mismatch,Adjustments summary drifted from adjustment detail,2026-07-31T06:28:26+00:00
ACCT-000496,B0229,clean,,2026-07-31T06:28:26+00:00
ACCT-000028,B0229,adj_mismatch,Adjustments summary drifted from adjustment detail,2026-07-31T06:28:26+00:00
ACCT-000078,B0229,clean,,2026-07-31T06:28:26+00:00
ACCT-000681,B0229,total_fail,Every check seeded to fail,2026-07-31T06:28:26+00:00
ACCT-000544,B0229,clean,,2026-07-31T06:28:26+00:00
ACCT-000541,B0229,clean,,2026-07-31T06:28:26+00:00
ACCT-000478,B0229,clean,,2026-07-31T06:28:26+00:00
ACCT-000813,B0229,clean,,2026-07-31T06:28:26+00:00
ACCT-000814,B0229,dup_unfixable,Payment detail short of remit; no duplicates to zero out,2026-07-31T06:28:26+00:00
ACCT-000815,B0229,known_diff,Remit short vs charges; difference disclosed on export,2026-07-31T06:28:26+00:00
ACCT-000816,B0229,rc_misreport,Export reports a phantom R-C difference,2026-07-31T06:28:26+00:00
ACCT-000519,B0230,clean,,2026-07-31T09:24:47+00:00
ACCT-000696,B0230,clean,,2026-07-31T09:24:47+00:00
ACCT-000172,B0230,dup_payment,Duplicate payment row inflates SUM(Payment),2026-07-31T09:24:47+00:00
ACCT-000347,B0230,clean,,2026-07-31T09:24:47+00:00
ACCT-000752,B0230,clean,,2026-07-31T09:24:47+00:00
ACCT-000198,B0230,clean,,2026-07-31T09:24:47+00:00
ACCT-000359,B0230,clean,,2026-07-31T09:24:47+00:00
ACCT-000205,B0230,adj_mismatch,Adjustments summary drifted from adjustment detail,2026-07-31T09:24:47+00:00
ACCT-000323,B0230,clean,,2026-07-31T09:24:47+00:00
ACCT-000218,B0230,rc_misreport,Export reports a phantom R-C difference,2026-07-31T09:24:47+00:00
ACCT-000044,B0230,known_diff,Remit short vs charges; difference disclosed on export,2026-07-31T09:24:47+00:00
ACCT-000278,B0230,dup_charge,Duplicate charge row inflates SUM(UtilityCharge),2026-07-31T09:24:47+00:00
ACCT-000302,B0230,total_fail,Every check seeded to fail,2026-07-31T09:24:47+00:00
ACCT-000254,B0230,clean,,2026-07-31T09:24:47+00:00
ACCT-000795,B0230,clean,,2026-07-31T09:24:47+00:00
ACCT-000571,B0230,dup_charge,Duplicate charge row inflates SUM(UtilityCharge),2026-07-31T09:24:47+00:00
ACCT-000454,B0230,clean,,2026-07-31T09:24:47+00:00
ACCT-000649,B0230,clean,,2026-07-31T09:24:47+00:00
ACCT-000495,B0230,payment_short,Payment detail short of remit; no duplicates to zero out,2026-07-31T09:24:47+00:00
ACCT-000797,B0230,adj_mismatch,Adjustments summary drifted from adjustment detail,2026-07-31T09:24:47+00:00
ACCT-000637,B0230,clean,,2026-07-31T09:24:47+00:00
ACCT-000600,B0230,known_diff,Remit short vs charges; difference disclosed on export,2026-07-31T09:24:47+00:00
ACCT-000015,B0230,clean,,2026-07-31T09:24:47+00:00
ACCT-000289,B0230,payment_short,Payment detail short of remit; no duplicates to zero out,2026-07-31T09:24:47+00:00
ACCT-000504,B0230,dup_unfixable,Payment detail short of remit; no duplicates to zero out,2026-07-31T09:24:47+00:00
ACCT-000164,B0230,clean,,2026-07-31T09:24:47+00:00
ACCT-000351,B0230,total_fail,Every check seeded to fail,2026-07-31T09:24:47+00:00
ACCT-000817,B0230,clean,,2026-07-31T09:24:47+00:00
ACCT-000818,B0230,clean,,2026-07-31T09:24:47+00:00
ACCT-000136,B0231,dup_adjustment,Duplicate adjustment row inflates SUM(AdjustmentAmt),2026-07-31T11:37:38+00:00
ACCT-000265,B0231,clean,,2026-07-31T11:37:38+00:00
ACCT-000350,B0231,known_diff,Remit short vs charges; difference disclosed on export,2026-07-31T11:37:38+00:00
ACCT-000383,B0231,dup_payment,Duplicate payment row inflates SUM(Payment),2026-07-31T11:37:38+00:00
ACCT-000487,B0231,dup_payment,Duplicate payment row inflates SUM(Payment),2026-07-31T11:37:38+00:00
ACCT-000390,B0231,clean,,2026-07-31T11:37:38+00:00
ACCT-000217,B0231,clean,,2026-07-31T11:37:38+00:00
ACCT-000683,B0231,clean,,2026-07-31T11:37:38+00:00
ACCT-000179,B0231,charge_mismatch,CustCharge summary drifted from charge detail,2026-07-31T11:37:38+00:00
ACCT-000637,B0231,charge_mismatch,CustCharge summary drifted from charge detail,2026-07-31T11:37:38+00:00
ACCT-000470,B0231,clean,,2026-07-31T11:37:38+00:00
ACCT-000059,B0231,clean,,2026-07-31T11:37:38+00:00
ACCT-000221,B0231,clean,,2026-07-31T11:37:38+00:00
ACCT-000004,B0231,dup_charge,Duplicate charge row inflates SUM(UtilityCharge),2026-07-31T11:37:38+00:00
ACCT-000716,B0231,clean,,2026-07-31T11:37:38+00:00
ACCT-000323,B0231,clean,,2026-07-31T11:37:38+00:00
ACCT-000514,B0231,clean,,2026-07-31T11:37:38+00:00
ACCT-000212,B0231,clean,,2026-07-31T11:37:38+00:00
ACCT-000581,B0231,payment_short,Payment detail short of remit; no duplicates to zero out,2026-07-31T11:37:38+00:00
ACCT-000459,B0231,clean,,2026-07-31T11:37:38+00:00
ACCT-000815,B0231,adj_mismatch,Adjustments summary drifted from adjustment detail,2026-07-31T11:37:38+00:00
ACCT-000625,B0231,dup_payment,Duplicate payment row inflates SUM(Payment),2026-07-31T11:37:38+00:00
ACCT-000385,B0231,charge_mismatch,CustCharge summary drifted from charge detail,2026-07-31T11:37:38+00:00
ACCT-000482,B0231,dup_payment,Duplicate payment row inflates SUM(Payment),2026-07-31T11:37:38+00:00
ACCT-000124,B0231,clean,,2026-07-31T11:37:38+00:00
ACCT-000819,B0231,clean,,2026-07-31T11:37:38+00:00
ACCT-000820,B0231,dup_adjustment,Duplicate adjustment row inflates SUM(AdjustmentAmt),2026-07-31T11:37:38+00:00
ACCT-000821,B0231,clean,,2026-07-31T11:37:38+00:00
ACCT-000631,B0232,dup_adjustment,Duplicate adjustment row inflates SUM(AdjustmentAmt),2026-07-31T13:44:53+00:00
ACCT-000582,B0232,clean,,2026-07-31T13:44:53+00:00
ACCT-000707,B0232,dup_adjustment,Duplicate adjustment row inflates SUM(AdjustmentAmt),2026-07-31T13:44:53+00:00
ACCT-000322,B0232,clean,,2026-07-31T13:44:53+00:00
ACCT-000712,B0232,clean,,2026-07-31T13:44:53+00:00
ACCT-000635,B0232,clean,,2026-07-31T13:44:53+00:00
ACCT-000745,B0232,clean,,2026-07-31T13:44:53+00:00
ACCT-000026,B0232,rc_misreport,Export reports a phantom R-C difference,2026-07-31T13:44:53+00:00
ACCT-000701,B0232,payment_short,Payment detail short of remit; no duplicates to zero out,2026-07-31T13:44:53+00:00
ACCT-000493,B0232,clean,,2026-07-31T13:44:53+00:00
ACCT-000614,B0232,known_diff,Remit short vs charges; difference disclosed on export,2026-07-31T13:44:53+00:00
ACCT-000147,B0232,clean,,2026-07-31T13:44:53+00:00
ACCT-000729,B0232,payment_short,Payment detail short of remit; no duplicates to zero out,2026-07-31T13:44:53+00:00
ACCT-000155,B0232,dup_adjustment,Duplicate adjustment row inflates SUM(AdjustmentAmt),2026-07-31T13:44:53+00:00
ACCT-000260,B0232,clean,,2026-07-31T13:44:53+00:00
ACCT-000618,B0232,clean,,2026-07-31T13:44:53+00:00
ACCT-000468,B0232,clean,,2026-07-31T13:44:53+00:00
ACCT-000779,B0232,clean,,2026-07-31T13:44:53+00:00
ACCT-000119,B0232,dup_payment,Duplicate payment row inflates SUM(Payment),2026-07-31T13:44:53+00:00
ACCT-000577,B0232,charge_mismatch,CustCharge summary drifted from charge detail,2026-07-31T13:44:53+00:00
ACCT-000065,B0232,clean,,2026-07-31T13:44:53+00:00
ACCT-000747,B0232,clean,,2026-07-31T13:44:53+00:00
ACCT-000517,B0232,known_diff,Remit short vs charges; difference disclosed on export,2026-07-31T13:44:53+00:00
ACCT-000679,B0232,rc_misreport,Export reports a phantom R-C difference,2026-07-31T13:44:53+00:00
ACCT-000138,B0232,charge_mismatch,CustCharge summary drifted from charge detail,2026-07-31T13:44:53+00:00
ACCT-000158,B0232,adj_mismatch,Adjustments summary drifted from adjustment detail,2026-07-31T13:44:53+00:00
ACCT-000357,B0232,clean,,2026-07-31T13:44:53+00:00
ACCT-000597,B0232,payment_short,Payment detail short of remit; no duplicates to zero out,2026-07-31T13:44:53+00:00
ACCT-000473,B0232,dup_payment,Duplicate payment row inflates SUM(Payment),2026-07-31T13:44:53+00:00
ACCT-000221,B0232,dup_payment,Duplicate payment row inflates SUM(Payment),2026-07-31T13:44:53+00:00
ACCT-000443,B0232,clean,,2026-07-31T13:44:53+00:00
ACCT-000822,B0232,clean,,2026-07-31T13:44:53+00:00
ACCT-000823,B0232,clean,,2026-07-31T13:44:53+00:00
ACCT-000824,B0232,dup_adjustment,Duplicate adjustment row inflates SUM(AdjustmentAmt),2026-07-31T13:44:53+00:00
ACCT-000739,B0233,rc_misreport,Export reports a phantom R-C difference,2026-07-31T15:56:36+00:00
ACCT-000760,B0233,clean,,2026-07-31T15:56:36+00:00
ACCT-000803,B0233,dup_charge,Duplicate charge row inflates SUM(UtilityCharge),2026-07-31T15:56:36+00:00
ACCT-000570,B0233,adj_mismatch,Adjustments summary drifted from adjustment detail,2026-07-31T15:56:36+00:00
ACCT-000290,B0233,clean,,2026-07-31T15:56:36+00:00
ACCT-000308,B0233,dup_charge,Duplicate charge row inflates SUM(UtilityCharge),2026-07-31T15:56:36+00:00
ACCT-000356,B0233,clean,,2026-07-31T15:56:36+00:00
ACCT-000748,B0233,clean,,2026-07-31T15:56:36+00:00
ACCT-000206,B0233,rc_misreport,Export reports a phantom R-C difference,2026-07-31T15:56:36+00:00
ACCT-000547,B0233,clean,,2026-07-31T15:56:36+00:00
ACCT-000629,B0233,adj_mismatch,Adjustments summary drifted from adjustment detail,2026-07-31T15:56:36+00:00
ACCT-000484,B0233,adj_mismatch,Adjustments summary drifted from adjustment detail,2026-07-31T15:56:36+00:00
ACCT-000209,B0233,clean,,2026-07-31T15:56:36+00:00
ACCT-000454,B0233,clean,,2026-07-31T15:56:36+00:00
ACCT-000678,B0233,clean,,2026-07-31T15:56:36+00:00
ACCT-000391,B0233,adj_mismatch,Adjustments summary drifted from adjustment detail,2026-07-31T15:56:36+00:00
ACCT-000030,B0233,dup_charge,Duplicate charge row inflates SUM(UtilityCharge),2026-07-31T15:56:36+00:00
ACCT-000412,B0233,clean,,2026-07-31T15:56:36+00:00
ACCT-000020,B0233,clean,,2026-07-31T15:56:36+00:00
ACCT-000668,B0233,charge_mismatch,CustCharge summary drifted from charge detail,2026-07-31T15:56:36+00:00
ACCT-000759,B0233,rc_misreport,Export reports a phantom R-C difference,2026-07-31T15:56:36+00:00
ACCT-000076,B0233,clean,,2026-07-31T15:56:36+00:00
ACCT-000718,B0233,dup_payment,Duplicate payment row inflates SUM(Payment),2026-07-31T15:56:36+00:00
ACCT-000632,B0233,clean,,2026-07-31T15:56:36+00:00
ACCT-000021,B0233,clean,,2026-07-31T15:56:36+00:00
ACCT-000588,B0233,clean,,2026-07-31T15:56:36+00:00
ACCT-000388,B0233,dup_payment,Duplicate payment row inflates SUM(Payment),2026-07-31T15:56:36+00:00
ACCT-000332,B0233,adj_mismatch,Adjustments summary drifted from adjustment detail,2026-07-31T15:56:36+00:00
ACCT-000491,B0233,payment_short,Payment detail short of remit; no duplicates to zero out,2026-07-31T15:56:36+00:00
ACCT-000733,B0233,clean,,2026-07-31T15:56:36+00:00
ACCT-000271,B0233,rc_misreport,Export reports a phantom R-C difference,2026-07-31T15:56:36+00:00
ACCT-000382,B0233,clean,,2026-07-31T15:56:36+00:00
ACCT-000666,B0233,clean,,2026-07-31T15:56:36+00:00
ACCT-000825,B0233,rc_misreport,Export reports a phantom R-C difference,2026-07-31T15:56:36+00:00
ACCT-000826,B0233,clean,,2026-07-31T15:56:36+00:00
ACCT-000827,B0233,clean,,2026-07-31T15:56:36+00:00
ACCT-000215,B0234,rc_misreport,Export reports a phantom R-C difference,2026-07-31T17:23:41+00:00
ACCT-000032,B0234,dup_charge,Duplicate charge row inflates SUM(UtilityCharge),2026-07-31T17:23:41+00:00
ACCT-000280,B0234,dup_payment,Duplicate payment row inflates SUM(Payment),2026-07-31T17:23:41+00:00
ACCT-000572,B0234,charge_mismatch,CustCharge summary drifted from charge detail,2026-07-31T17:23:41+00:00
ACCT-000279,B0234,clean,,2026-07-31T17:23:41+00:00
ACCT-000545,B0234,clean,,2026-07-31T17:23:41+00:00
ACCT-000675,B0234,adj_mismatch,Adjustments summary drifted from adjustment detail,2026-07-31T17:23:41+00:00
ACCT-000588,B0234,clean,,2026-07-31T17:23:41+00:00
ACCT-000499,B0234,clean,,2026-07-31T17:23:41+00:00
ACCT-000761,B0234,clean,,2026-07-31T17:23:41+00:00
ACCT-000631,B0234,clean,,2026-07-31T17:23:41+00:00
ACCT-000770,B0234,clean,,2026-07-31T17:23:41+00:00
ACCT-000686,B0234,clean,,2026-07-31T17:23:41+00:00
ACCT-000522,B0234,payment_short,Payment detail short of remit; no duplicates to zero out,2026-07-31T17:23:41+00:00
ACCT-000681,B0234,rc_misreport,Export reports a phantom R-C difference,2026-07-31T17:23:41+00:00
ACCT-000108,B0234,clean,,2026-07-31T17:23:41+00:00
ACCT-000789,B0234,clean,,2026-07-31T17:23:41+00:00
ACCT-000194,B0234,adj_mismatch,Adjustments summary drifted from adjustment detail,2026-07-31T17:23:41+00:00
ACCT-000660,B0234,clean,,2026-07-31T17:23:41+00:00
ACCT-000779,B0234,total_fail,Every check seeded to fail,2026-07-31T17:23:41+00:00
ACCT-000777,B0234,dup_payment,Duplicate payment row inflates SUM(Payment),2026-07-31T17:23:41+00:00
ACCT-000813,B0234,known_diff,Remit short vs charges; difference disclosed on export,2026-07-31T17:23:41+00:00
ACCT-000544,B0234,charge_mismatch,CustCharge summary drifted from charge detail,2026-07-31T17:23:41+00:00
ACCT-000060,B0234,clean,,2026-07-31T17:23:41+00:00
ACCT-000647,B0234,clean,,2026-07-31T17:23:41+00:00
ACCT-000237,B0234,dup_charge,Duplicate charge row inflates SUM(UtilityCharge),2026-07-31T17:23:41+00:00
ACCT-000578,B0234,clean,,2026-07-31T17:23:41+00:00
ACCT-000489,B0234,clean,,2026-07-31T17:23:41+00:00
ACCT-000828,B0234,clean,,2026-07-31T17:23:41+00:00
ACCT-000829,B0234,clean,,2026-07-31T17:23:41+00:00
ACCT-000830,B0234,clean,,2026-07-31T17:23:41+00:00
ACCT-000831,B0234,dup_adjustment,Duplicate adjustment row inflates SUM(AdjustmentAmt),2026-07-31T17:23:41+00:00
ACCT-000756,B0235,clean,,2026-07-31T18:50:57+00:00
ACCT-000069,B0235,clean,,2026-07-31T18:50:57+00:00
ACCT-000773,B0235,clean,,2026-07-31T18:50:57+00:00
ACCT-000695,B0235,dup_payment,Duplicate payment row inflates SUM(Payment),2026-07-31T18:50:57+00:00
ACCT-000702,B0235,clean,,2026-07-31T18:50:57+00:00
ACCT-000260,B0235,payment_short,Payment detail short of remit; no duplicates to zero out,2026-07-31T18:50:57+00:00
ACCT-000696,B0235,dup_adjustment,Duplicate adjustment row inflates SUM(AdjustmentAmt),2026-07-31T18:50:57+00:00
ACCT-000733,B0235,dup_unfixable,Payment detail short of remit; no duplicates to zero out,2026-07-31T18:50:57+00:00
ACCT-000739,B0235,clean,,2026-07-31T18:50:57+00:00
ACCT-000653,B0235,clean,,2026-07-31T18:50:57+00:00
ACCT-000517,B0235,clean,,2026-07-31T18:50:57+00:00
ACCT-000800,B0235,total_fail,Every check seeded to fail,2026-07-31T18:50:57+00:00
ACCT-000383,B0235,payment_short,Payment detail short of remit; no duplicates to zero out,2026-07-31T18:50:57+00:00
ACCT-000682,B0235,clean,,2026-07-31T18:50:57+00:00
ACCT-000207,B0235,clean,,2026-07-31T18:50:57+00:00
ACCT-000504,B0235,clean,,2026-07-31T18:50:57+00:00
ACCT-000747,B0235,clean,,2026-07-31T18:50:57+00:00
ACCT-000323,B0235,rc_misreport,Export reports a phantom R-C difference,2026-07-31T18:50:57+00:00
ACCT-000085,B0235,known_diff,Remit short vs charges; difference disclosed on export,2026-07-31T18:50:57+00:00
ACCT-000077,B0235,clean,,2026-07-31T18:50:57+00:00
ACCT-000550,B0235,known_diff,Remit short vs charges; difference disclosed on export,2026-07-31T18:50:57+00:00
ACCT-000121,B0235,dup_charge,Duplicate charge row inflates SUM(UtilityCharge),2026-07-31T18:50:57+00:00
ACCT-000303,B0235,charge_mismatch,CustCharge summary drifted from charge detail,2026-07-31T18:50:57+00:00
ACCT-000329,B0235,total_fail,Every check seeded to fail,2026-07-31T18:50:57+00:00
ACCT-000380,B0235,dup_payment,Duplicate payment row inflates SUM(Payment),2026-07-31T18:50:57+00:00
ACCT-000832,B0235,dup_charge,Duplicate charge row inflates SUM(UtilityCharge),2026-07-31T18:50:57+00:00
ACCT-000833,B0235,clean,,2026-07-31T18:50:57+00:00
ACCT-000834,B0235,charge_mismatch,CustCharge summary drifted from charge detail,2026-07-31T18:50:57+00:00
ACCT-000835,B0235,rc_misreport,Export reports a phantom R-C difference,2026-07-31T18:50:57+00:00
ACCT-000439,B0236,dup_payment,Duplicate payment row inflates SUM(Payment),2026-07-31T20:15:34+00:00
ACCT-000683,B0236,clean,,2026-07-31T20:15:34+00:00
ACCT-000482,B0236,rc_misreport,Export reports a phantom R-C difference,2026-07-31T20:15:34+00:00
ACCT-000023,B0236,dup_adjustment,Duplicate adjustment row inflates SUM(AdjustmentAmt),2026-07-31T20:15:34+00:00
ACCT-000600,B0236,total_fail,Every check seeded to fail,2026-07-31T20:15:34+00:00
ACCT-000200,B0236,clean,,2026-07-31T20:15:34+00:00
ACCT-000518,B0236,clean,,2026-07-31T20:15:34+00:00
ACCT-000303,B0236,clean,,2026-07-31T20:15:34+00:00
ACCT-000179,B0236,known_diff,Remit short vs charges; difference disclosed on export,2026-07-31T20:15:34+00:00
ACCT-000241,B0236,clean,,2026-07-31T20:15:34+00:00
ACCT-000806,B0236,known_diff,Remit short vs charges; difference disclosed on export,2026-07-31T20:15:34+00:00
ACCT-000174,B0236,clean,,2026-07-31T20:15:34+00:00
ACCT-000118,B0236,clean,,2026-07-31T20:15:34+00:00
ACCT-000774,B0236,clean,,2026-07-31T20:15:34+00:00
ACCT-000443,B0236,clean,,2026-07-31T20:15:34+00:00
ACCT-000639,B0236,charge_mismatch,CustCharge summary drifted from charge detail,2026-07-31T20:15:34+00:00
ACCT-000606,B0236,dup_payment,Duplicate payment row inflates SUM(Payment),2026-07-31T20:15:34+00:00
ACCT-000499,B0236,payment_short,Payment detail short of remit; no duplicates to zero out,2026-07-31T20:15:34+00:00
ACCT-000082,B0236,adj_mismatch,Adjustments summary drifted from adjustment detail,2026-07-31T20:15:34+00:00
ACCT-000773,B0236,clean,,2026-07-31T20:15:34+00:00
ACCT-000363,B0236,clean,,2026-07-31T20:15:34+00:00
ACCT-000055,B0236,clean,,2026-07-31T20:15:34+00:00
ACCT-000137,B0236,clean,,2026-07-31T20:15:34+00:00
ACCT-000204,B0236,clean,,2026-07-31T20:15:34+00:00
ACCT-000677,B0236,clean,,2026-07-31T20:15:34+00:00
ACCT-000344,B0236,clean,,2026-07-31T20:15:34+00:00
ACCT-000742,B0236,clean,,2026-07-31T20:15:34+00:00
ACCT-000369,B0236,clean,,2026-07-31T20:15:34+00:00
ACCT-000631,B0236,clean,,2026-07-31T20:15:34+00:00
ACCT-000170,B0236,clean,,2026-07-31T20:15:34+00:00
ACCT-000836,B0236,clean,,2026-07-31T20:15:34+00:00
ACCT-000837,B0236,dup_unfixable,Payment detail short of remit; no duplicates to zero out,2026-07-31T20:15:34+00:00
ACCT-000838,B0236,clean,,2026-07-31T20:15:34+00:00
ACCT-000652,B0237,dup_adjustment,Duplicate adjustment row inflates SUM(AdjustmentAmt),2026-07-31T21:35:30+00:00
ACCT-000706,B0237,clean,,2026-07-31T21:35:30+00:00
ACCT-000719,B0237,clean,,2026-07-31T21:35:30+00:00
ACCT-000405,B0237,rc_misreport,Export reports a phantom R-C difference,2026-07-31T21:35:30+00:00
ACCT-000275,B0237,clean,,2026-07-31T21:35:30+00:00
ACCT-000478,B0237,clean,,2026-07-31T21:35:30+00:00
ACCT-000347,B0237,adj_mismatch,Adjustments summary drifted from adjustment detail,2026-07-31T21:35:30+00:00
ACCT-000003,B0237,clean,,2026-07-31T21:35:30+00:00
ACCT-000250,B0237,clean,,2026-07-31T21:35:30+00:00
ACCT-000392,B0237,clean,,2026-07-31T21:35:30+00:00
ACCT-000661,B0237,clean,,2026-07-31T21:35:30+00:00
ACCT-000537,B0237,clean,,2026-07-31T21:35:30+00:00
ACCT-000088,B0237,clean,,2026-07-31T21:35:30+00:00
ACCT-000762,B0237,dup_charge,Duplicate charge row inflates SUM(UtilityCharge),2026-07-31T21:35:30+00:00
ACCT-000545,B0237,clean,,2026-07-31T21:35:30+00:00
ACCT-000493,B0237,clean,,2026-07-31T21:35:30+00:00
ACCT-000594,B0237,clean,,2026-07-31T21:35:30+00:00
ACCT-000684,B0237,dup_payment,Duplicate payment row inflates SUM(Payment),2026-07-31T21:35:30+00:00
ACCT-000168,B0237,clean,,2026-07-31T21:35:30+00:00
ACCT-000029,B0237,clean,,2026-07-31T21:35:30+00:00
ACCT-000342,B0237,clean,,2026-07-31T21:35:30+00:00
ACCT-000263,B0237,clean,,2026-07-31T21:35:30+00:00
ACCT-000151,B0237,charge_mismatch,CustCharge summary drifted from charge detail,2026-07-31T21:35:30+00:00
ACCT-000780,B0237,clean,,2026-07-31T21:35:30+00:00
ACCT-000306,B0237,clean,,2026-07-31T21:35:30+00:00
ACCT-000709,B0237,clean,,2026-07-31T21:35:30+00:00
ACCT-000839,B0237,clean,,2026-07-31T21:35:30+00:00
ACCT-000840,B0237,payment_short,Payment detail short of remit; no duplicates to zero out,2026-07-31T21:35:30+00:00
ACCT-000841,B0237,clean,,2026-07-31T21:35:30+00:00
ACCT-000083,B0238,adj_mismatch,Adjustments summary drifted from adjustment detail,2026-07-31T22:53:48+00:00
ACCT-000240,B0238,payment_short,Payment detail short of remit; no duplicates to zero out,2026-07-31T22:53:48+00:00
ACCT-000377,B0238,dup_payment,Duplicate payment row inflates SUM(Payment),2026-07-31T22:53:48+00:00
ACCT-000237,B0238,charge_mismatch,CustCharge summary drifted from charge detail,2026-07-31T22:53:48+00:00
ACCT-000547,B0238,rc_misreport,Export reports a phantom R-C difference,2026-07-31T22:53:48+00:00
ACCT-000445,B0238,clean,,2026-07-31T22:53:48+00:00
ACCT-000156,B0238,clean,,2026-07-31T22:53:48+00:00
ACCT-000217,B0238,known_diff,Remit short vs charges; difference disclosed on export,2026-07-31T22:53:48+00:00
ACCT-000137,B0238,clean,,2026-07-31T22:53:48+00:00
ACCT-000747,B0238,charge_mismatch,CustCharge summary drifted from charge detail,2026-07-31T22:53:48+00:00
ACCT-000370,B0238,clean,,2026-07-31T22:53:48+00:00
ACCT-000175,B0238,clean,,2026-07-31T22:53:48+00:00
ACCT-000161,B0238,known_diff,Remit short vs charges; difference disclosed on export,2026-07-31T22:53:48+00:00
ACCT-000056,B0238,charge_mismatch,CustCharge summary drifted from charge detail,2026-07-31T22:53:48+00:00
ACCT-000674,B0238,charge_mismatch,CustCharge summary drifted from charge detail,2026-07-31T22:53:48+00:00
ACCT-000380,B0238,clean,,2026-07-31T22:53:48+00:00
ACCT-000187,B0238,clean,,2026-07-31T22:53:48+00:00
ACCT-000705,B0238,dup_payment,Duplicate payment row inflates SUM(Payment),2026-07-31T22:53:48+00:00
ACCT-000793,B0238,dup_charge,Duplicate charge row inflates SUM(UtilityCharge),2026-07-31T22:53:48+00:00
ACCT-000303,B0238,total_fail,Every check seeded to fail,2026-07-31T22:53:48+00:00
ACCT-000584,B0238,dup_unfixable,Payment detail short of remit; no duplicates to zero out,2026-07-31T22:53:48+00:00
ACCT-000080,B0238,charge_mismatch,CustCharge summary drifted from charge detail,2026-07-31T22:53:48+00:00
ACCT-000831,B0238,charge_mismatch,CustCharge summary drifted from charge detail,2026-07-31T22:53:48+00:00
ACCT-000253,B0238,known_diff,Remit short vs charges; difference disclosed on export,2026-07-31T22:53:48+00:00
ACCT-000358,B0238,clean,,2026-07-31T22:53:48+00:00
ACCT-000422,B0238,clean,,2026-07-31T22:53:48+00:00
ACCT-000842,B0238,dup_adjustment,Duplicate adjustment row inflates SUM(AdjustmentAmt),2026-07-31T22:53:48+00:00
ACCT-000843,B0238,dup_payment,Duplicate payment row inflates SUM(Payment),2026-07-31T22:53:48+00:00
ACCT-000844,B0238,dup_payment,Duplicate payment row inflates SUM(Payment),2026-07-31T22:53:48+00:00
ACCT-000845,B0238,total_fail,Every check seeded to fail,2026-07-31T22:53:48+00:00
ACCT-000784,B0239,clean,,2026-07-31T23:55:05+00:00
ACCT-000473,B0239,dup_payment,Duplicate payment row inflates SUM(Payment),2026-07-31T23:55:05+00:00
ACCT-000130,B0239,dup_payment,Duplicate payment row inflates SUM(Payment),2026-07-31T23:55:05+00:00
ACCT-000028,B0239,clean,,2026-07-31T23:55:05+00:00
ACCT-000250,B0239,clean,,2026-07-31T23:55:05+00:00
ACCT-000187,B0239,dup_charge,Duplicate charge row inflates SUM(UtilityCharge),2026-07-31T23:55:05+00:00
ACCT-000683,B0239,clean,,2026-07-31T23:55:05+00:00
ACCT-000255,B0239,rc_misreport,Export reports a phantom R-C difference,2026-07-31T23:55:05+00:00
ACCT-000699,B0239,rc_misreport,Export reports a phantom R-C difference,2026-07-31T23:55:05+00:00
ACCT-000314,B0239,clean,,2026-07-31T23:55:05+00:00
ACCT-000378,B0239,clean,,2026-07-31T23:55:05+00:00
ACCT-000545,B0239,dup_charge,Duplicate charge row inflates SUM(UtilityCharge),2026-07-31T23:55:05+00:00
ACCT-000032,B0239,clean,,2026-07-31T23:55:05+00:00
ACCT-000832,B0239,clean,,2026-07-31T23:55:05+00:00
ACCT-000615,B0239,clean,,2026-07-31T23:55:05+00:00
ACCT-000588,B0239,dup_payment,Duplicate payment row inflates SUM(Payment),2026-07-31T23:55:05+00:00
ACCT-000586,B0239,payment_short,Payment detail short of remit; no duplicates to zero out,2026-07-31T23:55:05+00:00
ACCT-000382,B0239,clean,,2026-07-31T23:55:05+00:00
ACCT-000753,B0239,dup_adjustment,Duplicate adjustment row inflates SUM(AdjustmentAmt),2026-07-31T23:55:05+00:00
ACCT-000222,B0239,clean,,2026-07-31T23:55:05+00:00
ACCT-000772,B0239,clean,,2026-07-31T23:55:05+00:00
ACCT-000337,B0239,clean,,2026-07-31T23:55:05+00:00
ACCT-000729,B0239,clean,,2026-07-31T23:55:05+00:00
ACCT-000648,B0239,clean,,2026-07-31T23:55:05+00:00
ACCT-000786,B0239,adj_mismatch,Adjustments summary drifted from adjustment detail,2026-07-31T23:55:05+00:00
ACCT-000158,B0239,rc_misreport,Export reports a phantom R-C difference,2026-07-31T23:55:05+00:00
ACCT-000348,B0239,adj_mismatch,Adjustments summary drifted from adjustment detail,2026-07-31T23:55:05+00:00
ACCT-000846,B0239,rc_misreport,Export reports a phantom R-C difference,2026-07-31T23:55:05+00:00
ACCT-000847,B0239,clean,,2026-07-31T23:55:05+00:00
ACCT-000464,B0240,payment_short,Payment detail short of remit; no duplicates to zero out,2026-08-01T02:02:12+00:00
ACCT-000005,B0240,clean,,2026-08-01T02:02:12+00:00
ACCT-000703,B0240,adj_mismatch,Adjustments summary drifted from adjustment detail,2026-08-01T02:02:12+00:00
ACCT-000781,B0240,clean,,2026-08-01T02:02:12+00:00
ACCT-000133,B0240,dup_payment,Duplicate payment row inflates SUM(Payment),2026-08-01T02:02:12+00:00
ACCT-000753,B0240,known_diff,Remit short vs charges; difference disclosed on export,2026-08-01T02:02:12+00:00
ACCT-000396,B0240,payment_short,Payment detail short of remit; no duplicates to zero out,2026-08-01T02:02:12+00:00
ACCT-000497,B0240,clean,,2026-08-01T02:02:12+00:00
ACCT-000445,B0240,total_fail,Every check seeded to fail,2026-08-01T02:02:12+00:00
ACCT-000339,B0240,dup_unfixable,Payment detail short of remit; no duplicates to zero out,2026-08-01T02:02:12+00:00
ACCT-000035,B0240,clean,,2026-08-01T02:02:12+00:00
ACCT-000723,B0240,dup_adjustment,Duplicate adjustment row inflates SUM(AdjustmentAmt),2026-08-01T02:02:12+00:00
ACCT-000475,B0240,payment_short,Payment detail short of remit; no duplicates to zero out,2026-08-01T02:02:12+00:00
ACCT-000575,B0240,clean,,2026-08-01T02:02:12+00:00
ACCT-000640,B0240,clean,,2026-08-01T02:02:12+00:00
ACCT-000799,B0240,clean,,2026-08-01T02:02:12+00:00
ACCT-000471,B0240,clean,,2026-08-01T02:02:12+00:00
ACCT-000370,B0240,charge_mismatch,CustCharge summary drifted from charge detail,2026-08-01T02:02:12+00:00
ACCT-000237,B0240,clean,,2026-08-01T02:02:12+00:00
ACCT-000071,B0240,clean,,2026-08-01T02:02:12+00:00
ACCT-000094,B0240,total_fail,Every check seeded to fail,2026-08-01T02:02:12+00:00
ACCT-000084,B0240,clean,,2026-08-01T02:02:12+00:00
ACCT-000726,B0240,clean,,2026-08-01T02:02:12+00:00
ACCT-000053,B0240,clean,,2026-08-01T02:02:12+00:00
ACCT-000672,B0240,clean,,2026-08-01T02:02:12+00:00
ACCT-000545,B0240,rc_misreport,Export reports a phantom R-C difference,2026-08-01T02:02:12+00:00
ACCT-000623,B0240,rc_misreport,Export reports a phantom R-C difference,2026-08-01T02:02:12+00:00
ACCT-000271,B0240,clean,,2026-08-01T02:02:12+00:00
ACCT-000584,B0240,clean,,2026-08-01T02:02:12+00:00
ACCT-000759,B0240,rc_misreport,Export reports a phantom R-C difference,2026-08-01T02:02:12+00:00
ACCT-000299,B0240,charge_mismatch,CustCharge summary drifted from charge detail,2026-08-01T02:02:12+00:00
ACCT-000254,B0240,charge_mismatch,CustCharge summary drifted from charge detail,2026-08-01T02:02:12+00:00
ACCT-000536,B0240,payment_short,Payment detail short of remit; no duplicates to zero out,2026-08-01T02:02:12+00:00
ACCT-000326,B0240,clean,,2026-08-01T02:02:12+00:00
ACCT-000848,B0240,dup_payment,Duplicate payment row inflates SUM(Payment),2026-08-01T02:02:12+00:00
ACCT-000849,B0240,clean,,2026-08-01T02:02:12+00:00
ACCT-000306,B0241,clean,,2026-08-01T05:39:41+00:00
ACCT-000309,B0241,clean,,2026-08-01T05:39:41+00:00
ACCT-000654,B0241,clean,,2026-08-01T05:39:41+00:00
ACCT-000069,B0241,clean,,2026-08-01T05:39:41+00:00
ACCT-000564,B0241,clean,,2026-08-01T05:39:41+00:00
ACCT-000658,B0241,clean,,2026-08-01T05:39:41+00:00
ACCT-000644,B0241,total_fail,Every check seeded to fail,2026-08-01T05:39:41+00:00
ACCT-000397,B0241,adj_mismatch,Adjustments summary drifted from adjustment detail,2026-08-01T05:39:41+00:00
ACCT-000009,B0241,clean,,2026-08-01T05:39:41+00:00
ACCT-000113,B0241,clean,,2026-08-01T05:39:41+00:00
ACCT-000228,B0241,adj_mismatch,Adjustments summary drifted from adjustment detail,2026-08-01T05:39:41+00:00
ACCT-000665,B0241,clean,,2026-08-01T05:39:41+00:00
ACCT-000045,B0241,clean,,2026-08-01T05:39:41+00:00
ACCT-000801,B0241,adj_mismatch,Adjustments summary drifted from adjustment detail,2026-08-01T05:39:41+00:00
ACCT-000171,B0241,clean,,2026-08-01T05:39:41+00:00
ACCT-000601,B0241,known_diff,Remit short vs charges; difference disclosed on export,2026-08-01T05:39:41+00:00
ACCT-000395,B0241,dup_adjustment,Duplicate adjustment row inflates SUM(AdjustmentAmt),2026-08-01T05:39:41+00:00
ACCT-000122,B0241,rc_misreport,Export reports a phantom R-C difference,2026-08-01T05:39:41+00:00
ACCT-000162,B0241,clean,,2026-08-01T05:39:41+00:00
ACCT-000569,B0241,dup_payment,Duplicate payment row inflates SUM(Payment),2026-08-01T05:39:41+00:00
ACCT-000570,B0241,adj_mismatch,Adjustments summary drifted from adjustment detail,2026-08-01T05:39:41+00:00
ACCT-000192,B0241,clean,,2026-08-01T05:39:41+00:00
ACCT-000327,B0241,clean,,2026-08-01T05:39:41+00:00
ACCT-000753,B0241,adj_mismatch,Adjustments summary drifted from adjustment detail,2026-08-01T05:39:41+00:00
ACCT-000433,B0241,clean,,2026-08-01T05:39:41+00:00
ACCT-000850,B0241,dup_payment,Duplicate payment row inflates SUM(Payment),2026-08-01T05:39:41+00:00
ACCT-000851,B0241,known_diff,Remit short vs charges; difference disclosed on export,2026-08-01T05:39:41+00:00
ACCT-000852,B0241,payment_short,Payment detail short of remit; no duplicates to zero out,2026-08-01T05:39:41+00:00
ACCT-000853,B0241,dup_payment,Duplicate payment row inflates SUM(Payment),2026-08-01T05:39:41+00:00
ACCT-000739,B0242,clean,,2026-08-01T08:06:52+00:00
ACCT-000300,B0242,clean,,2026-08-01T08:06:52+00:00
ACCT-000229,B0242,clean,,2026-08-01T08:06:52+00:00
ACCT-000407,B0242,total_fail,Every check seeded to fail,2026-08-01T08:06:52+00:00
ACCT-000672,B0242,clean,,2026-08-01T08:06:52+00:00
ACCT-000821,B0242,adj_mismatch,Adjustments summary drifted from adjustment detail,2026-08-01T08:06:52+00:00
ACCT-000843,B0242,clean,,2026-08-01T08:06:52+00:00
ACCT-000375,B0242,clean,,2026-08-01T08:06:52+00:00
ACCT-000455,B0242,charge_mismatch,CustCharge summary drifted from charge detail,2026-08-01T08:06:52+00:00
ACCT-000697,B0242,clean,,2026-08-01T08:06:52+00:00
ACCT-000433,B0242,clean,,2026-08-01T08:06:52+00:00
ACCT-000056,B0242,clean,,2026-08-01T08:06:52+00:00
ACCT-000463,B0242,charge_mismatch,CustCharge summary drifted from charge detail,2026-08-01T08:06:52+00:00
ACCT-000138,B0242,dup_payment,Duplicate payment row inflates SUM(Payment),2026-08-01T08:06:52+00:00
ACCT-000206,B0242,dup_charge,Duplicate charge row inflates SUM(UtilityCharge),2026-08-01T08:06:52+00:00
ACCT-000616,B0242,clean,,2026-08-01T08:06:52+00:00
ACCT-000709,B0242,rc_misreport,Export reports a phantom R-C difference,2026-08-01T08:06:52+00:00
ACCT-000691,B0242,clean,,2026-08-01T08:06:52+00:00
ACCT-000715,B0242,dup_charge,Duplicate charge row inflates SUM(UtilityCharge),2026-08-01T08:06:52+00:00
ACCT-000057,B0242,clean,,2026-08-01T08:06:52+00:00
ACCT-000488,B0242,clean,,2026-08-01T08:06:52+00:00
ACCT-000405,B0242,total_fail,Every check seeded to fail,2026-08-01T08:06:52+00:00
ACCT-000114,B0242,charge_mismatch,CustCharge summary drifted from charge detail,2026-08-01T08:06:52+00:00
ACCT-000510,B0242,clean,,2026-08-01T08:06:52+00:00
ACCT-000493,B0242,known_diff,Remit short vs charges; difference disclosed on export,2026-08-01T08:06:52+00:00
ACCT-000745,B0242,rc_misreport,Export reports a phantom R-C difference,2026-08-01T08:06:52+00:00
ACCT-000554,B0242,charge_mismatch,CustCharge summary drifted from charge detail,2026-08-01T08:06:52+00:00
ACCT-000434,B0242,rc_misreport,Export reports a phantom R-C difference,2026-08-01T08:06:52+00:00
ACCT-000854,B0242,rc_misreport,Export reports a phantom R-C difference,2026-08-01T08:06:52+00:00
ACCT-000855,B0242,dup_payment,Duplicate payment row inflates SUM(Payment),2026-08-01T08:06:52+00:00
ACCT-000856,B0242,clean,,2026-08-01T08:06:52+00:00
ACCT-000857,B0242,clean,,2026-08-01T08:06:52+00:00
ACCT-000527,B0243,charge_mismatch,CustCharge summary drifted from charge detail,2026-08-01T10:14:46+00:00
ACCT-000393,B0243,clean,,2026-08-01T10:14:46+00:00
ACCT-000267,B0243,clean,,2026-08-01T10:14:46+00:00
ACCT-000372,B0243,clean,,2026-08-01T10:14:46+00:00
ACCT-000297,B0243,clean,,2026-08-01T10:14:46+00:00
ACCT-000635,B0243,known_diff,Remit short vs charges; difference disclosed on export,2026-08-01T10:14:46+00:00
ACCT-000845,B0243,clean,,2026-08-01T10:14:46+00:00
ACCT-000381,B0243,dup_payment,Duplicate payment row inflates SUM(Payment),2026-08-01T10:14:46+00:00
ACCT-000419,B0243,dup_unfixable,Payment detail short of remit; no duplicates to zero out,2026-08-01T10:14:46+00:00
ACCT-000260,B0243,clean,,2026-08-01T10:14:46+00:00
ACCT-000773,B0243,clean,,2026-08-01T10:14:46+00:00
ACCT-000702,B0243,clean,,2026-08-01T10:14:46+00:00
ACCT-000840,B0243,dup_adjustment,Duplicate adjustment row inflates SUM(AdjustmentAmt),2026-08-01T10:14:46+00:00
ACCT-000253,B0243,known_diff,Remit short vs charges; difference disclosed on export,2026-08-01T10:14:46+00:00
ACCT-000485,B0243,clean,,2026-08-01T10:14:46+00:00
ACCT-000247,B0243,clean,,2026-08-01T10:14:46+00:00
ACCT-000697,B0243,clean,,2026-08-01T10:14:46+00:00
ACCT-000529,B0243,clean,,2026-08-01T10:14:46+00:00
ACCT-000284,B0243,clean,,2026-08-01T10:14:46+00:00
ACCT-000245,B0243,adj_mismatch,Adjustments summary drifted from adjustment detail,2026-08-01T10:14:46+00:00
ACCT-000103,B0243,clean,,2026-08-01T10:14:46+00:00
ACCT-000543,B0243,clean,,2026-08-01T10:14:46+00:00
ACCT-000150,B0243,dup_payment,Duplicate payment row inflates SUM(Payment),2026-08-01T10:14:46+00:00
ACCT-000823,B0243,known_diff,Remit short vs charges; difference disclosed on export,2026-08-01T10:14:46+00:00
ACCT-000107,B0243,clean,,2026-08-01T10:14:46+00:00
ACCT-000130,B0243,dup_payment,Duplicate payment row inflates SUM(Payment),2026-08-01T10:14:46+00:00
ACCT-000151,B0243,clean,,2026-08-01T10:14:46+00:00
ACCT-000761,B0243,clean,,2026-08-01T10:14:46+00:00
ACCT-000471,B0243,adj_mismatch,Adjustments summary drifted from adjustment detail,2026-08-01T10:14:46+00:00
ACCT-000509,B0243,dup_charge,Duplicate charge row inflates SUM(UtilityCharge),2026-08-01T10:14:46+00:00
ACCT-000319,B0243,clean,,2026-08-01T10:14:46+00:00
ACCT-000858,B0243,clean,,2026-08-01T10:14:46+00:00
ACCT-000859,B0243,charge_mismatch,CustCharge summary drifted from charge detail,2026-08-01T10:14:46+00:00
ACCT-000860,B0243,dup_unfixable,Payment detail short of remit; no duplicates to zero out,2026-08-01T10:14:46+00:00
ACCT-000833,B0244,dup_payment,Duplicate payment row inflates SUM(Payment),2026-08-01T11:39:25+00:00
ACCT-000388,B0244,clean,,2026-08-01T11:39:25+00:00
ACCT-000193,B0244,payment_short,Payment detail short of remit; no duplicates to zero out,2026-08-01T11:39:25+00:00
ACCT-000818,B0244,dup_adjustment,Duplicate adjustment row inflates SUM(AdjustmentAmt),2026-08-01T11:39:25+00:00
ACCT-000594,B0244,rc_misreport,Export reports a phantom R-C difference,2026-08-01T11:39:25+00:00
ACCT-000078,B0244,clean,,2026-08-01T11:39:25+00:00
ACCT-000843,B0244,dup_adjustment,Duplicate adjustment row inflates SUM(AdjustmentAmt),2026-08-01T11:39:25+00:00
ACCT-000572,B0244,payment_short,Payment detail short of remit; no duplicates to zero out,2026-08-01T11:39:25+00:00
ACCT-000478,B0244,total_fail,Every check seeded to fail,2026-08-01T11:39:25+00:00
ACCT-000401,B0244,clean,,2026-08-01T11:39:25+00:00
ACCT-000345,B0244,rc_misreport,Export reports a phantom R-C difference,2026-08-01T11:39:25+00:00
ACCT-000697,B0244,clean,,2026-08-01T11:39:25+00:00
ACCT-000445,B0244,clean,,2026-08-01T11:39:25+00:00
ACCT-000032,B0244,clean,,2026-08-01T11:39:25+00:00
ACCT-000814,B0244,clean,,2026-08-01T11:39:25+00:00
ACCT-000609,B0244,total_fail,Every check seeded to fail,2026-08-01T11:39:25+00:00
ACCT-000689,B0244,clean,,2026-08-01T11:39:25+00:00
ACCT-000506,B0244,clean,,2026-08-01T11:39:25+00:00
ACCT-000569,B0244,clean,,2026-08-01T11:39:25+00:00
ACCT-000286,B0244,payment_short,Payment detail short of remit; no duplicates to zero out,2026-08-01T11:39:25+00:00
ACCT-000120,B0244,charge_mismatch,CustCharge summary drifted from charge detail,2026-08-01T11:39:25+00:00
ACCT-000490,B0244,clean,,2026-08-01T11:39:25+00:00
ACCT-000534,B0244,clean,,2026-08-01T11:39:25+00:00
ACCT-000045,B0244,rc_misreport,Export reports a phantom R-C difference,2026-08-01T11:39:25+00:00
ACCT-000308,B0244,dup_charge,Duplicate charge row inflates SUM(UtilityCharge),2026-08-01T11:39:25+00:00
ACCT-000024,B0244,total_fail,Every check seeded to fail,2026-08-01T11:39:25+00:00
ACCT-000556,B0244,clean,,2026-08-01T11:39:25+00:00
ACCT-000095,B0244,clean,,2026-08-01T11:39:25+00:00
ACCT-000278,B0244,payment_short,Payment detail short of remit; no duplicates to zero out,2026-08-01T11:39:25+00:00
ACCT-000815,B0244,clean,,2026-08-01T11:39:25+00:00
ACCT-000708,B0244,clean,,2026-08-01T11:39:25+00:00
ACCT-000225,B0244,dup_charge,Duplicate charge row inflates SUM(UtilityCharge),2026-08-01T11:39:25+00:00
ACCT-000861,B0244,clean,,2026-08-01T11:39:25+00:00
ACCT-000862,B0244,clean,,2026-08-01T11:39:25+00:00
ACCT-000863,B0244,clean,,2026-08-01T11:39:25+00:00
ACCT-000864,B0244,dup_payment,Duplicate payment row inflates SUM(Payment),2026-08-01T11:39:25+00:00
ACCT-000202,B0245,clean,,2026-08-01T13:01:03+00:00
ACCT-000025,B0245,rc_misreport,Export reports a phantom R-C difference,2026-08-01T13:01:03+00:00
ACCT-000667,B0245,clean,,2026-08-01T13:01:03+00:00
ACCT-000550,B0245,clean,,2026-08-01T13:01:03+00:00
ACCT-000372,B0245,charge_mismatch,CustCharge summary drifted from charge detail,2026-08-01T13:01:03+00:00
ACCT-000203,B0245,clean,,2026-08-01T13:01:03+00:00
ACCT-000431,B0245,clean,,2026-08-01T13:01:03+00:00
ACCT-000253,B0245,dup_payment,Duplicate payment row inflates SUM(Payment),2026-08-01T13:01:03+00:00
ACCT-000261,B0245,dup_charge,Duplicate charge row inflates SUM(UtilityCharge),2026-08-01T13:01:03+00:00
ACCT-000782,B0245,clean,,2026-08-01T13:01:03+00:00
ACCT-000050,B0245,dup_payment,Duplicate payment row inflates SUM(Payment),2026-08-01T13:01:03+00:00
ACCT-000344,B0245,adj_mismatch,Adjustments summary drifted from adjustment detail,2026-08-01T13:01:03+00:00
ACCT-000197,B0245,clean,,2026-08-01T13:01:03+00:00
ACCT-000498,B0245,dup_payment,Duplicate payment row inflates SUM(Payment),2026-08-01T13:01:03+00:00
ACCT-000754,B0245,charge_mismatch,CustCharge summary drifted from charge detail,2026-08-01T13:01:03+00:00
ACCT-000653,B0245,clean,,2026-08-01T13:01:03+00:00
ACCT-000204,B0245,dup_charge,Duplicate charge row inflates SUM(UtilityCharge),2026-08-01T13:01:03+00:00
ACCT-000749,B0245,clean,,2026-08-01T13:01:03+00:00
ACCT-000160,B0245,rc_misreport,Export reports a phantom R-C difference,2026-08-01T13:01:03+00:00
ACCT-000488,B0245,payment_short,Payment detail short of remit; no duplicates to zero out,2026-08-01T13:01:03+00:00
ACCT-000569,B0245,dup_payment,Duplicate payment row inflates SUM(Payment),2026-08-01T13:01:03+00:00
ACCT-000826,B0245,total_fail,Every check seeded to fail,2026-08-01T13:01:03+00:00
ACCT-000053,B0245,clean,,2026-08-01T13:01:03+00:00
ACCT-000775,B0245,total_fail,Every check seeded to fail,2026-08-01T13:01:03+00:00
ACCT-000564,B0245,clean,,2026-08-01T13:01:03+00:00
ACCT-000026,B0245,clean,,2026-08-01T13:01:03+00:00
ACCT-000566,B0245,payment_short,Payment detail short of remit; no duplicates to zero out,2026-08-01T13:01:03+00:00
ACCT-000680,B0245,clean,,2026-08-01T13:01:03+00:00
ACCT-000229,B0245,payment_short,Payment detail short of remit; no duplicates to zero out,2026-08-01T13:01:03+00:00
ACCT-000436,B0245,dup_adjustment,Duplicate adjustment row inflates SUM(AdjustmentAmt),2026-08-01T13:01:03+00:00
ACCT-000817,B0245,clean,,2026-08-01T13:01:03+00:00
ACCT-000865,B0245,clean,,2026-08-01T13:01:03+00:00
ACCT-000866,B0245,clean,,2026-08-01T13:01:03+00:00
ACCT-000857,B0246,clean,,2026-08-01T14:43:21+00:00
ACCT-000585,B0246,total_fail,Every check seeded to fail,2026-08-01T14:43:21+00:00
ACCT-000651,B0246,clean,,2026-08-01T14:43:21+00:00
ACCT-000377,B0246,clean,,2026-08-01T14:43:21+00:00
ACCT-000532,B0246,clean,,2026-08-01T14:43:21+00:00
ACCT-000592,B0246,clean,,2026-08-01T14:43:21+00:00
ACCT-000475,B0246,clean,,2026-08-01T14:43:21+00:00
ACCT-000641,B0246,clean,,2026-08-01T14:43:21+00:00
ACCT-000842,B0246,clean,,2026-08-01T14:43:21+00:00
ACCT-000615,B0246,clean,,2026-08-01T14:43:21+00:00
ACCT-000678,B0246,clean,,2026-08-01T14:43:21+00:00
ACCT-000564,B0246,clean,,2026-08-01T14:43:21+00:00
ACCT-000272,B0246,dup_unfixable,Payment detail short of remit; no duplicates to zero out,2026-08-01T14:43:21+00:00
ACCT-000385,B0246,payment_short,Payment detail short of remit; no duplicates to zero out,2026-08-01T14:43:21+00:00
ACCT-000575,B0246,charge_mismatch,CustCharge summary drifted from charge detail,2026-08-01T14:43:21+00:00
ACCT-000531,B0246,known_diff,Remit short vs charges; difference disclosed on export,2026-08-01T14:43:21+00:00
ACCT-000133,B0246,clean,,2026-08-01T14:43:21+00:00
ACCT-000431,B0246,clean,,2026-08-01T14:43:21+00:00
ACCT-000200,B0246,total_fail,Every check seeded to fail,2026-08-01T14:43:21+00:00
ACCT-000477,B0246,dup_charge,Duplicate charge row inflates SUM(UtilityCharge),2026-08-01T14:43:21+00:00
ACCT-000306,B0246,clean,,2026-08-01T14:43:21+00:00
ACCT-000727,B0246,total_fail,Every check seeded to fail,2026-08-01T14:43:21+00:00
ACCT-000197,B0246,dup_charge,Duplicate charge row inflates SUM(UtilityCharge),2026-08-01T14:43:21+00:00
ACCT-000824,B0246,adj_mismatch,Adjustments summary drifted from adjustment detail,2026-08-01T14:43:21+00:00
ACCT-000273,B0246,dup_charge,Duplicate charge row inflates SUM(UtilityCharge),2026-08-01T14:43:21+00:00
ACCT-000427,B0246,charge_mismatch,CustCharge summary drifted from charge detail,2026-08-01T14:43:21+00:00
ACCT-000835,B0246,clean,,2026-08-01T14:43:21+00:00
ACCT-000159,B0246,dup_payment,Duplicate payment row inflates SUM(Payment),2026-08-01T14:43:21+00:00
ACCT-000140,B0246,dup_adjustment,Duplicate adjustment row inflates SUM(AdjustmentAmt),2026-08-01T14:43:21+00:00
ACCT-000760,B0246,clean,,2026-08-01T14:43:21+00:00
ACCT-000867,B0246,clean,,2026-08-01T14:43:21+00:00
ACCT-000868,B0246,clean,,2026-08-01T14:43:21+00:00
ACCT-000869,B0246,clean,,2026-08-01T14:43:21+00:00
ACCT-000870,B0246,clean,,2026-08-01T14:43:21+00:00
ACCT-000829,B0247,clean,,2026-08-01T15:54:48+00:00
ACCT-000557,B0247,dup_unfixable,Payment detail short of remit; no duplicates to zero out,2026-08-01T15:54:48+00:00
ACCT-000845,B0247,clean,,2026-08-01T15:54:48+00:00
ACCT-000295,B0247,clean,,2026-08-01T15:54:48+00:00
ACCT-000349,B0247,known_diff,Remit short vs charges; difference disclosed on export,2026-08-01T15:54:48+00:00
ACCT-000162,B0247,clean,,2026-08-01T15:54:48+00:00
ACCT-000744,B0247,dup_payment,Duplicate payment row inflates SUM(Payment),2026-08-01T15:54:48+00:00
ACCT-000101,B0247,dup_payment,Duplicate payment row inflates SUM(Payment),2026-08-01T15:54:48+00:00
ACCT-000601,B0247,total_fail,Every check seeded to fail,2026-08-01T15:54:48+00:00
ACCT-000227,B0247,dup_payment,Duplicate payment row inflates SUM(Payment),2026-08-01T15:54:48+00:00
ACCT-000735,B0247,clean,,2026-08-01T15:54:48+00:00
ACCT-000739,B0247,adj_mismatch,Adjustments summary drifted from adjustment detail,2026-08-01T15:54:48+00:00
ACCT-000383,B0247,adj_mismatch,Adjustments summary drifted from adjustment detail,2026-08-01T15:54:48+00:00
ACCT-000602,B0247,clean,,2026-08-01T15:54:48+00:00
ACCT-000138,B0247,charge_mismatch,CustCharge summary drifted from charge detail,2026-08-01T15:54:48+00:00
ACCT-000618,B0247,adj_mismatch,Adjustments summary drifted from adjustment detail,2026-08-01T15:54:48+00:00
ACCT-000766,B0247,dup_payment,Duplicate payment row inflates SUM(Payment),2026-08-01T15:54:48+00:00
ACCT-000839,B0247,clean,,2026-08-01T15:54:48+00:00
ACCT-000054,B0247,dup_adjustment,Duplicate adjustment row inflates SUM(AdjustmentAmt),2026-08-01T15:54:48+00:00
ACCT-000646,B0247,charge_mismatch,CustCharge summary drifted from charge detail,2026-08-01T15:54:48+00:00
ACCT-000603,B0247,known_diff,Remit short vs charges; difference disclosed on export,2026-08-01T15:54:48+00:00
ACCT-000588,B0247,dup_charge,Duplicate charge row inflates SUM(UtilityCharge),2026-08-01T15:54:48+00:00
ACCT-000841,B0247,clean,,2026-08-01T15:54:48+00:00
ACCT-000804,B0247,payment_short,Payment detail short of remit; no duplicates to zero out,2026-08-01T15:54:48+00:00
ACCT-000808,B0247,clean,,2026-08-01T15:54:48+00:00
ACCT-000770,B0247,clean,,2026-08-01T15:54:48+00:00
ACCT-000371,B0247,dup_adjustment,Duplicate adjustment row inflates SUM(AdjustmentAmt),2026-08-01T15:54:48+00:00
ACCT-000816,B0247,clean,,2026-08-01T15:54:48+00:00
ACCT-000413,B0247,dup_charge,Duplicate charge row inflates SUM(UtilityCharge),2026-08-01T15:54:48+00:00
ACCT-000231,B0247,clean,,2026-08-01T15:54:48+00:00
ACCT-000268,B0247,clean,,2026-08-01T15:54:48+00:00
ACCT-000474,B0247,payment_short,Payment detail short of remit; no duplicates to zero out,2026-08-01T15:54:48+00:00
ACCT-000542,B0247,clean,,2026-08-01T15:54:48+00:00
ACCT-000086,B0247,total_fail,Every check seeded to fail,2026-08-01T15:54:48+00:00
ACCT-000871,B0247,clean,,2026-08-01T15:54:48+00:00
ACCT-000872,B0247,clean,,2026-08-01T15:54:48+00:00
ACCT-000827,B0248,clean,,2026-08-01T16:52:14+00:00
ACCT-000214,B0248,charge_mismatch,CustCharge summary drifted from charge detail,2026-08-01T16:52:14+00:00
ACCT-000334,B0248,clean,,2026-08-01T16:52:14+00:00
ACCT-000448,B0248,clean,,2026-08-01T16:52:14+00:00
ACCT-000837,B0248,clean,,2026-08-01T16:52:14+00:00
ACCT-000120,B0248,clean,,2026-08-01T16:52:14+00:00
ACCT-000551,B0248,payment_short,Payment detail short of remit; no duplicates to zero out,2026-08-01T16:52:14+00:00
ACCT-000242,B0248,rc_misreport,Export reports a phantom R-C difference,2026-08-01T16:52:14+00:00
ACCT-000224,B0248,clean,,2026-08-01T16:52:14+00:00
ACCT-000617,B0248,clean,,2026-08-01T16:52:14+00:00
ACCT-000810,B0248,clean,,2026-08-01T16:52:14+00:00
ACCT-000304,B0248,clean,,2026-08-01T16:52:14+00:00
ACCT-000762,B0248,dup_payment,Duplicate payment row inflates SUM(Payment),2026-08-01T16:52:14+00:00
ACCT-000623,B0248,clean,,2026-08-01T16:52:14+00:00
ACCT-000466,B0248,dup_charge,Duplicate charge row inflates SUM(UtilityCharge),2026-08-01T16:52:14+00:00
ACCT-000552,B0248,clean,,2026-08-01T16:52:14+00:00
ACCT-000142,B0248,dup_charge,Duplicate charge row inflates SUM(UtilityCharge),2026-08-01T16:52:14+00:00
ACCT-000436,B0248,clean,,2026-08-01T16:52:14+00:00
ACCT-000126,B0248,dup_payment,Duplicate payment row inflates SUM(Payment),2026-08-01T16:52:14+00:00
ACCT-000075,B0248,clean,,2026-08-01T16:52:14+00:00
ACCT-000179,B0248,dup_payment,Duplicate payment row inflates SUM(Payment),2026-08-01T16:52:14+00:00
ACCT-000381,B0248,dup_unfixable,Payment detail short of remit; no duplicates to zero out,2026-08-01T16:52:14+00:00
ACCT-000431,B0248,clean,,2026-08-01T16:52:14+00:00
ACCT-000770,B0248,payment_short,Payment detail short of remit; no duplicates to zero out,2026-08-01T16:52:14+00:00
ACCT-000092,B0248,rc_misreport,Export reports a phantom R-C difference,2026-08-01T16:52:14+00:00
ACCT-000228,B0248,dup_adjustment,Duplicate adjustment row inflates SUM(AdjustmentAmt),2026-08-01T16:52:14+00:00
ACCT-000538,B0248,clean,,2026-08-01T16:52:14+00:00
ACCT-000667,B0248,payment_short,Payment detail short of remit; no duplicates to zero out,2026-08-01T16:52:14+00:00
ACCT-000429,B0248,clean,,2026-08-01T16:52:14+00:00
ACCT-000869,B0248,payment_short,Payment detail short of remit; no duplicates to zero out,2026-08-01T16:52:14+00:00
ACCT-000196,B0248,known_diff,Remit short vs charges; difference disclosed on export,2026-08-01T16:52:14+00:00
ACCT-000006,B0248,dup_payment,Duplicate payment row inflates SUM(Payment),2026-08-01T16:52:14+00:00
ACCT-000873,B0248,rc_misreport,Export reports a phantom R-C difference,2026-08-01T16:52:14+00:00
ACCT-000874,B0248,clean,,2026-08-01T16:52:14+00:00
ACCT-000875,B0248,clean,,2026-08-01T16:52:14+00:00
ACCT-000876,B0248,payment_short,Payment detail short of remit; no duplicates to zero out,2026-08-01T16:52:14+00:00
ACCT-000813,B0249,charge_mismatch,CustCharge summary drifted from charge detail,2026-08-01T17:54:56+00:00
ACCT-000811,B0249,clean,,2026-08-01T17:54:56+00:00
ACCT-000501,B0249,clean,,2026-08-01T17:54:56+00:00
ACCT-000704,B0249,charge_mismatch,CustCharge summary drifted from charge detail,2026-08-01T17:54:56+00:00
ACCT-000554,B0249,clean,,2026-08-01T17:54:56+00:00
ACCT-000666,B0249,clean,,2026-08-01T17:54:56+00:00
ACCT-000446,B0249,rc_misreport,Export reports a phantom R-C difference,2026-08-01T17:54:56+00:00
ACCT-000013,B0249,clean,,2026-08-01T17:54:56+00:00
ACCT-000562,B0249,dup_charge,Duplicate charge row inflates SUM(UtilityCharge),2026-08-01T17:54:56+00:00
ACCT-000766,B0249,charge_mismatch,CustCharge summary drifted from charge detail,2026-08-01T17:54:56+00:00
ACCT-000422,B0249,clean,,2026-08-01T17:54:56+00:00
ACCT-000219,B0249,clean,,2026-08-01T17:54:56+00:00
ACCT-000796,B0249,clean,,2026-08-01T17:54:56+00:00
ACCT-000205,B0249,clean,,2026-08-01T17:54:56+00:00
ACCT-000029,B0249,clean,,2026-08-01T17:54:56+00:00
ACCT-000687,B0249,dup_charge,Duplicate charge row inflates SUM(UtilityCharge),2026-08-01T17:54:56+00:00
ACCT-000160,B0249,dup_adjustment,Duplicate adjustment row inflates SUM(AdjustmentAmt),2026-08-01T17:54:56+00:00
ACCT-000019,B0249,clean,,2026-08-01T17:54:56+00:00
ACCT-000069,B0249,known_diff,Remit short vs charges; difference disclosed on export,2026-08-01T17:54:56+00:00
ACCT-000127,B0249,dup_unfixable,Payment detail short of remit; no duplicates to zero out,2026-08-01T17:54:56+00:00
ACCT-000521,B0249,charge_mismatch,CustCharge summary drifted from charge detail,2026-08-01T17:54:56+00:00
ACCT-000224,B0249,clean,,2026-08-01T17:54:56+00:00
ACCT-000808,B0249,clean,,2026-08-01T17:54:56+00:00
ACCT-000386,B0249,charge_mismatch,CustCharge summary drifted from charge detail,2026-08-01T17:54:56+00:00
ACCT-000074,B0249,dup_payment,Duplicate payment row inflates SUM(Payment),2026-08-01T17:54:56+00:00
ACCT-000877,B0249,clean,,2026-08-01T17:54:56+00:00
ACCT-000878,B0249,dup_charge,Duplicate charge row inflates SUM(UtilityCharge),2026-08-01T17:54:56+00:00
ACCT-000879,B0249,clean,,2026-08-01T17:54:56+00:00
ACCT-000880,B0249,clean,,2026-08-01T17:54:56+00:00
ACCT-000866,B0250,dup_charge,Duplicate charge row inflates SUM(UtilityCharge),2026-08-01T18:57:28+00:00
ACCT-000102,B0250,clean,,2026-08-01T18:57:28+00:00
ACCT-000350,B0250,clean,,2026-08-01T18:57:28+00:00
ACCT-000557,B0250,clean,,2026-08-01T18:57:28+00:00
ACCT-000162,B0250,clean,,2026-08-01T18:57:28+00:00
ACCT-000451,B0250,clean,,2026-08-01T18:57:28+00:00
ACCT-000446,B0250,adj_mismatch,Adjustments summary drifted from adjustment detail,2026-08-01T18:57:28+00:00
ACCT-000459,B0250,rc_misreport,Export reports a phantom R-C difference,2026-08-01T18:57:28+00:00
ACCT-000001,B0250,known_diff,Remit short vs charges; difference disclosed on export,2026-08-01T18:57:28+00:00
ACCT-000378,B0250,clean,,2026-08-01T18:57:28+00:00
ACCT-000513,B0250,clean,,2026-08-01T18:57:28+00:00
ACCT-000651,B0250,clean,,2026-08-01T18:57:28+00:00
ACCT-000405,B0250,clean,,2026-08-01T18:57:28+00:00
ACCT-000698,B0250,clean,,2026-08-01T18:57:28+00:00
ACCT-000619,B0250,clean,,2026-08-01T18:57:28+00:00
ACCT-000218,B0250,dup_unfixable,Payment detail short of remit; no duplicates to zero out,2026-08-01T18:57:28+00:00
ACCT-000433,B0250,dup_payment,Duplicate payment row inflates SUM(Payment),2026-08-01T18:57:28+00:00
ACCT-000564,B0250,clean,,2026-08-01T18:57:28+00:00
ACCT-000734,B0250,clean,,2026-08-01T18:57:28+00:00
ACCT-000879,B0250,clean,,2026-08-01T18:57:28+00:00
ACCT-000725,B0250,clean,,2026-08-01T18:57:28+00:00
ACCT-000592,B0250,clean,,2026-08-01T18:57:28+00:00
ACCT-000810,B0250,clean,,2026-08-01T18:57:28+00:00
ACCT-000463,B0250,clean,,2026-08-01T18:57:28+00:00
ACCT-000812,B0250,payment_short,Payment detail short of remit; no duplicates to zero out,2026-08-01T18:57:28+00:00
ACCT-000479,B0250,clean,,2026-08-01T18:57:28+00:00
ACCT-000881,B0250,clean,,2026-08-01T18:57:28+00:00
ACCT-000882,B0250,clean,,2026-08-01T18:57:28+00:00
ACCT-000883,B0250,dup_payment,Duplicate payment row inflates SUM(Payment),2026-08-01T18:57:28+00:00
ACCT-000138,B0251,clean,,2026-08-01T20:08:34+00:00
ACCT-000130,B0251,dup_adjustment,Duplicate adjustment row inflates SUM(AdjustmentAmt),2026-08-01T20:08:34+00:00
ACCT-000436,B0251,dup_charge,Duplicate charge row inflates SUM(UtilityCharge),2026-08-01T20:08:34+00:00
ACCT-000537,B0251,known_diff,Remit short vs charges; difference disclosed on export,2026-08-01T20:08:34+00:00
ACCT-000350,B0251,clean,,2026-08-01T20:08:34+00:00
ACCT-000066,B0251,clean,,2026-08-01T20:08:34+00:00
ACCT-000746,B0251,dup_payment,Duplicate payment row inflates SUM(Payment),2026-08-01T20:08:34+00:00
ACCT-000383,B0251,clean,,2026-08-01T20:08:34+00:00
ACCT-000129,B0251,known_diff,Remit short vs charges; difference disclosed on export,2026-08-01T20:08:34+00:00
ACCT-000629,B0251,payment_short,Payment detail short of remit; no duplicates to zero out,2026-08-01T20:08:34+00:00
ACCT-000711,B0251,clean,,2026-08-01T20:08:34+00:00
ACCT-000875,B0251,dup_payment,Duplicate payment row inflates SUM(Payment),2026-08-01T20:08:34+00:00
ACCT-000283,B0251,dup_payment,Duplicate payment row inflates SUM(Payment),2026-08-01T20:08:34+00:00
ACCT-000397,B0251,dup_payment,Duplicate payment row inflates SUM(Payment),2026-08-01T20:08:34+00:00
ACCT-000476,B0251,dup_payment,Duplicate payment row inflates SUM(Payment),2026-08-01T20:08:34+00:00
ACCT-000253,B0251,clean,,2026-08-01T20:08:34+00:00
ACCT-000549,B0251,clean,,2026-08-01T20:08:34+00:00
ACCT-000345,B0251,dup_charge,Duplicate charge row inflates SUM(UtilityCharge),2026-08-01T20:08:34+00:00
ACCT-000563,B0251,clean,,2026-08-01T20:08:34+00:00
ACCT-000670,B0251,known_diff,Remit short vs charges; difference disclosed on export,2026-08-01T20:08:34+00:00
ACCT-000599,B0251,clean,,2026-08-01T20:08:34+00:00
ACCT-000702,B0251,clean,,2026-08-01T20:08:34+00:00
ACCT-000761,B0251,total_fail,Every check seeded to fail,2026-08-01T20:08:34+00:00
ACCT-000645,B0251,clean,,2026-08-01T20:08:34+00:00
ACCT-000469,B0251,charge_mismatch,CustCharge summary drifted from charge detail,2026-08-01T20:08:34+00:00
ACCT-000601,B0251,clean,,2026-08-01T20:08:34+00:00
ACCT-000190,B0251,clean,,2026-08-01T20:08:34+00:00
ACCT-000125,B0251,clean,,2026-08-01T20:08:34+00:00
ACCT-000558,B0251,clean,,2026-08-01T20:08:34+00:00
ACCT-000396,B0251,clean,,2026-08-01T20:08:34+00:00
ACCT-000859,B0251,clean,,2026-08-01T20:08:34+00:00
ACCT-000803,B0251,payment_short,Payment detail short of remit; no duplicates to zero out,2026-08-01T20:08:34+00:00
ACCT-000884,B0251,clean,,2026-08-01T20:08:34+00:00
ACCT-000885,B0251,clean,,2026-08-01T20:08:34+00:00
ACCT-000886,B0251,dup_payment,Duplicate payment row inflates SUM(Payment),2026-08-01T20:08:34+00:00
ACCT-000887,B0251,known_diff,Remit short vs charges; difference disclosed on export,2026-08-01T20:08:34+00:00
ACCT-000024,B0252,clean,,2026-08-01T21:22:36+00:00
ACCT-000080,B0252,adj_mismatch,Adjustments summary drifted from adjustment detail,2026-08-01T21:22:36+00:00
ACCT-000844,B0252,clean,,2026-08-01T21:22:36+00:00
ACCT-000353,B0252,clean,,2026-08-01T21:22:36+00:00
ACCT-000247,B0252,charge_mismatch,CustCharge summary drifted from charge detail,2026-08-01T21:22:36+00:00
ACCT-000489,B0252,charge_mismatch,CustCharge summary drifted from charge detail,2026-08-01T21:22:36+00:00
ACCT-000367,B0252,rc_misreport,Export reports a phantom R-C difference,2026-08-01T21:22:36+00:00
ACCT-000075,B0252,clean,,2026-08-01T21:22:36+00:00
ACCT-000760,B0252,dup_charge,Duplicate charge row inflates SUM(UtilityCharge),2026-08-01T21:22:36+00:00
ACCT-000722,B0252,clean,,2026-08-01T21:22:36+00:00
ACCT-000349,B0252,dup_charge,Duplicate charge row inflates SUM(UtilityCharge),2026-08-01T21:22:36+00:00
ACCT-000013,B0252,clean,,2026-08-01T21:22:36+00:00
ACCT-000726,B0252,dup_payment,Duplicate payment row inflates SUM(Payment),2026-08-01T21:22:36+00:00
ACCT-000654,B0252,clean,,2026-08-01T21:22:36+00:00
ACCT-000209,B0252,charge_mismatch,CustCharge summary drifted from charge detail,2026-08-01T21:22:36+00:00
ACCT-000413,B0252,dup_charge,Duplicate charge row inflates SUM(UtilityCharge),2026-08-01T21:22:36+00:00
ACCT-000288,B0252,clean,,2026-08-01T21:22:36+00:00
ACCT-000282,B0252,clean,,2026-08-01T21:22:36+00:00
ACCT-000862,B0252,dup_payment,Duplicate payment row inflates SUM(Payment),2026-08-01T21:22:36+00:00
ACCT-000764,B0252,charge_mismatch,CustCharge summary drifted from charge detail,2026-08-01T21:22:36+00:00
ACCT-000408,B0252,known_diff,Remit short vs charges; difference disclosed on export,2026-08-01T21:22:36+00:00
ACCT-000548,B0252,rc_misreport,Export reports a phantom R-C difference,2026-08-01T21:22:36+00:00
ACCT-000378,B0252,clean,,2026-08-01T21:22:36+00:00
ACCT-000667,B0252,dup_adjustment,Duplicate adjustment row inflates SUM(AdjustmentAmt),2026-08-01T21:22:36+00:00
ACCT-000803,B0252,clean,,2026-08-01T21:22:36+00:00
ACCT-000255,B0252,clean,,2026-08-01T21:22:36+00:00
ACCT-000638,B0252,clean,,2026-08-01T21:22:36+00:00
ACCT-000888,B0252,dup_charge,Duplicate charge row inflates SUM(UtilityCharge),2026-08-01T21:22:36+00:00
ACCT-000889,B0252,charge_mismatch,CustCharge summary drifted from charge detail,2026-08-01T21:22:36+00:00
ACCT-000890,B0252,charge_mismatch,CustCharge summary drifted from charge detail,2026-08-01T21:22:36+00:00
ACCT-000891,B0252,dup_payment,Duplicate payment row inflates SUM(Payment),2026-08-01T21:22:36+00:00
ACCT-000174,B0253,clean,,2026-08-01T22:25:20+00:00
ACCT-000527,B0253,rc_misreport,Export reports a phantom R-C difference,2026-08-01T22:25:20+00:00
ACCT-000024,B0253,clean,,2026-08-01T22:25:20+00:00
ACCT-000874,B0253,dup_payment,Duplicate payment row inflates SUM(Payment),2026-08-01T22:25:20+00:00
ACCT-000245,B0253,payment_short,Payment detail short of remit; no duplicates to zero out,2026-08-01T22:25:20+00:00
ACCT-000309,B0253,clean,,2026-08-01T22:25:20+00:00
ACCT-000394,B0253,clean,,2026-08-01T22:25:20+00:00
ACCT-000861,B0253,clean,,2026-08-01T22:25:20+00:00
ACCT-000186,B0253,clean,,2026-08-01T22:25:20+00:00
ACCT-000460,B0253,clean,,2026-08-01T22:25:20+00:00
ACCT-000023,B0253,clean,,2026-08-01T22:25:20+00:00
ACCT-000626,B0253,clean,,2026-08-01T22:25:20+00:00
ACCT-000059,B0253,clean,,2026-08-01T22:25:20+00:00
ACCT-000284,B0253,adj_mismatch,Adjustments summary drifted from adjustment detail,2026-08-01T22:25:20+00:00
ACCT-000289,B0253,payment_short,Payment detail short of remit; no duplicates to zero out,2026-08-01T22:25:20+00:00
ACCT-000083,B0253,clean,,2026-08-01T22:25:20+00:00
ACCT-000816,B0253,total_fail,Every check seeded to fail,2026-08-01T22:25:20+00:00
ACCT-000849,B0253,total_fail,Every check seeded to fail,2026-08-01T22:25:20+00:00
ACCT-000482,B0253,clean,,2026-08-01T22:25:20+00:00
ACCT-000431,B0253,clean,,2026-08-01T22:25:20+00:00
ACCT-000696,B0253,clean,,2026-08-01T22:25:20+00:00
ACCT-000625,B0253,clean,,2026-08-01T22:25:20+00:00
ACCT-000010,B0253,dup_adjustment,Duplicate adjustment row inflates SUM(AdjustmentAmt),2026-08-01T22:25:20+00:00
ACCT-000688,B0253,clean,,2026-08-01T22:25:20+00:00
ACCT-000865,B0253,dup_charge,Duplicate charge row inflates SUM(UtilityCharge),2026-08-01T22:25:20+00:00
ACCT-000636,B0253,clean,,2026-08-01T22:25:20+00:00
ACCT-000007,B0253,clean,,2026-08-01T22:25:20+00:00
ACCT-000408,B0253,payment_short,Payment detail short of remit; no duplicates to zero out,2026-08-01T22:25:20+00:00
ACCT-000892,B0253,dup_unfixable,Payment detail short of remit; no duplicates to zero out,2026-08-01T22:25:20+00:00
ACCT-000893,B0253,clean,,2026-08-01T22:25:20+00:00
ACCT-000894,B0253,clean,,2026-08-01T22:25:20+00:00
ACCT-000274,B0254,clean,,2026-08-01T23:27:02+00:00
ACCT-000868,B0254,clean,,2026-08-01T23:27:02+00:00
ACCT-000339,B0254,dup_charge,Duplicate charge row inflates SUM(UtilityCharge),2026-08-01T23:27:02+00:00
ACCT-000484,B0254,clean,,2026-08-01T23:27:02+00:00
ACCT-000815,B0254,clean,,2026-08-01T23:27:02+00:00
ACCT-000429,B0254,clean,,2026-08-01T23:27:02+00:00
ACCT-000159,B0254,clean,,2026-08-01T23:27:02+00:00
ACCT-000377,B0254,clean,,2026-08-01T23:27:02+00:00
ACCT-000776,B0254,rc_misreport,Export reports a phantom R-C difference,2026-08-01T23:27:02+00:00
ACCT-000463,B0254,clean,,2026-08-01T23:27:02+00:00
ACCT-000398,B0254,clean,,2026-08-01T23:27:02+00:00
ACCT-000749,B0254,dup_charge,Duplicate charge row inflates SUM(UtilityCharge),2026-08-01T23:27:02+00:00
ACCT-000066,B0254,rc_misreport,Export reports a phantom R-C difference,2026-08-01T23:27:02+00:00
ACCT-000153,B0254,payment_short,Payment detail short of remit; no duplicates to zero out,2026-08-01T23:27:02+00:00
ACCT-000453,B0254,charge_mismatch,CustCharge summary drifted from charge detail,2026-08-01T23:27:02+00:00
ACCT-000259,B0254,known_diff,Remit short vs charges; difference disclosed on export,2026-08-01T23:27:02+00:00
ACCT-000506,B0254,clean,,2026-08-01T23:27:02+00:00
ACCT-000663,B0254,dup_payment,Duplicate payment row inflates SUM(Payment),2026-08-01T23:27:02+00:00
ACCT-000345,B0254,clean,,2026-08-01T23:27:02+00:00
ACCT-000304,B0254,clean,,2026-08-01T23:27:02+00:00
ACCT-000555,B0254,clean,,2026-08-01T23:27:02+00:00
ACCT-000761,B0254,payment_short,Payment detail short of remit; no duplicates to zero out,2026-08-01T23:27:02+00:00
ACCT-000047,B0254,rc_misreport,Export reports a phantom R-C difference,2026-08-01T23:27:02+00:00
ACCT-000295,B0254,known_diff,Remit short vs charges; difference disclosed on export,2026-08-01T23:27:02+00:00
ACCT-000177,B0254,clean,,2026-08-01T23:27:02+00:00
ACCT-000556,B0254,adj_mismatch,Adjustments summary drifted from adjustment detail,2026-08-01T23:27:02+00:00
ACCT-000676,B0254,adj_mismatch,Adjustments summary drifted from adjustment detail,2026-08-01T23:27:02+00:00
ACCT-000064,B0254,clean,,2026-08-01T23:27:02+00:00
ACCT-000895,B0254,clean,,2026-08-01T23:27:02+00:00
ACCT-000896,B0254,clean,,2026-08-01T23:27:02+00:00
ACCT-000897,B0254,clean,,2026-08-01T23:27:02+00:00
ACCT-000898,B0254,clean,,2026-08-01T23:27:02+00:00
ACCT-000403,B0255,clean,,2026-08-02T01:05:33+00:00
ACCT-000885,B0255,clean,,2026-08-02T01:05:33+00:00
ACCT-000392,B0255,clean,,2026-08-02T01:05:33+00:00
ACCT-000171,B0255,clean,,2026-08-02T01:05:33+00:00
ACCT-000093,B0255,known_diff,Remit short vs charges; difference disclosed on export,2026-08-02T01:05:33+00:00
ACCT-000534,B0255,clean,,2026-08-02T01:05:33+00:00
ACCT-000293,B0255,adj_mismatch,Adjustments summary drifted from adjustment detail,2026-08-02T01:05:33+00:00
ACCT-000055,B0255,payment_short,Payment detail short of remit; no duplicates to zero out,2026-08-02T01:05:33+00:00
ACCT-000097,B0255,clean,,2026-08-02T01:05:33+00:00
ACCT-000446,B0255,dup_payment,Duplicate payment row inflates SUM(Payment),2026-08-02T01:05:33+00:00
ACCT-000024,B0255,dup_payment,Duplicate payment row inflates SUM(Payment),2026-08-02T01:05:33+00:00
ACCT-000558,B0255,charge_mismatch,CustCharge summary drifted from charge detail,2026-08-02T01:05:33+00:00
ACCT-000643,B0255,dup_adjustment,Duplicate adjustment row inflates SUM(AdjustmentAmt),2026-08-02T01:05:33+00:00
ACCT-000007,B0255,adj_mismatch,Adjustments summary drifted from adjustment detail,2026-08-02T01:05:33+00:00
ACCT-000719,B0255,clean,,2026-08-02T01:05:33+00:00
ACCT-000147,B0255,charge_mismatch,CustCharge summary drifted from charge detail,2026-08-02T01:05:33+00:00
ACCT-000484,B0255,clean,,2026-08-02T01:05:33+00:00
ACCT-000386,B0255,clean,,2026-08-02T01:05:33+00:00
ACCT-000828,B0255,clean,,2026-08-02T01:05:33+00:00
ACCT-000523,B0255,dup_adjustment,Duplicate adjustment row inflates SUM(AdjustmentAmt),2026-08-02T01:05:33+00:00
ACCT-000872,B0255,clean,,2026-08-02T01:05:33+00:00
ACCT-000557,B0255,clean,,2026-08-02T01:05:33+00:00
ACCT-000391,B0255,clean,,2026-08-02T01:05:33+00:00
ACCT-000400,B0255,clean,,2026-08-02T01:05:33+00:00
ACCT-000149,B0255,dup_adjustment,Duplicate adjustment row inflates SUM(AdjustmentAmt),2026-08-02T01:05:33+00:00
ACCT-000442,B0255,rc_misreport,Export reports a phantom R-C difference,2026-08-02T01:05:33+00:00
ACCT-000298,B0255,clean,,2026-08-02T01:05:33+00:00
ACCT-000587,B0255,clean,,2026-08-02T01:05:33+00:00
ACCT-000638,B0255,payment_short,Payment detail short of remit; no duplicates to zero out,2026-08-02T01:05:33+00:00
ACCT-000122,B0255,clean,,2026-08-02T01:05:33+00:00
ACCT-000851,B0255,dup_adjustment,Duplicate adjustment row inflates SUM(AdjustmentAmt),2026-08-02T01:05:33+00:00
ACCT-000274,B0255,payment_short,Payment detail short of remit; no duplicates to zero out,2026-08-02T01:05:33+00:00
ACCT-000354,B0255,clean,,2026-08-02T01:05:33+00:00
ACCT-000092,B0255,rc_misreport,Export reports a phantom R-C difference,2026-08-02T01:05:33+00:00
ACCT-000899,B0255,clean,,2026-08-02T01:05:33+00:00
ACCT-000900,B0255,dup_payment,Duplicate payment row inflates SUM(Payment),2026-08-02T01:05:33+00:00
ACCT-000901,B0255,charge_mismatch,CustCharge summary drifted from charge detail,2026-08-02T01:05:33+00:00
ACCT-000902,B0255,adj_mismatch,Adjustments summary drifted from adjustment detail,2026-08-02T01:05:33+00:00
ACCT-000650,B0256,clean,,2026-08-02T04:49:17+00:00
ACCT-000684,B0256,clean,,2026-08-02T04:49:17+00:00
ACCT-000449,B0256,known_diff,Remit short vs charges; difference disclosed on export,2026-08-02T04:49:17+00:00
ACCT-000337,B0256,rc_misreport,Export reports a phantom R-C difference,2026-08-02T04:49:17+00:00
ACCT-000584,B0256,dup_payment,Duplicate payment row inflates SUM(Payment),2026-08-02T04:49:17+00:00
ACCT-000429,B0256,dup_unfixable,Payment detail short of remit; no duplicates to zero out,2026-08-02T04:49:17+00:00
ACCT-000502,B0256,clean,,2026-08-02T04:49:17+00:00
ACCT-000217,B0256,clean,,2026-08-02T04:49:17+00:00
ACCT-000477,B0256,dup_charge,Duplicate charge row inflates SUM(UtilityCharge),2026-08-02T04:49:17+00:00
ACCT-000685,B0256,clean,,2026-08-02T04:49:17+00:00
ACCT-000262,B0256,clean,,2026-08-02T04:49:17+00:00
ACCT-000839,B0256,clean,,2026-08-02T04:49:17+00:00
ACCT-000422,B0256,dup_payment,Duplicate payment row inflates SUM(Payment),2026-08-02T04:49:17+00:00
ACCT-000758,B0256,clean,,2026-08-02T04:49:17+00:00
ACCT-000882,B0256,clean,,2026-08-02T04:49:17+00:00
ACCT-000110,B0256,clean,,2026-08-02T04:49:17+00:00
ACCT-000062,B0256,clean,,2026-08-02T04:49:17+00:00
ACCT-000686,B0256,known_diff,Remit short vs charges; difference disclosed on export,2026-08-02T04:49:17+00:00
ACCT-000779,B0256,clean,,2026-08-02T04:49:17+00:00
ACCT-000182,B0256,clean,,2026-08-02T04:49:17+00:00
ACCT-000320,B0256,payment_short,Payment detail short of remit; no duplicates to zero out,2026-08-02T04:49:17+00:00
ACCT-000508,B0256,clean,,2026-08-02T04:49:17+00:00
ACCT-000057,B0256,dup_unfixable,Payment detail short of remit; no duplicates to zero out,2026-08-02T04:49:17+00:00
ACCT-000728,B0256,clean,,2026-08-02T04:49:17+00:00
ACCT-000768,B0256,rc_misreport,Export reports a phantom R-C difference,2026-08-02T04:49:17+00:00
ACCT-000791,B0256,payment_short,Payment detail short of remit; no duplicates to zero out,2026-08-02T04:49:17+00:00
ACCT-000276,B0256,clean,,2026-08-02T04:49:17+00:00
ACCT-000519,B0256,dup_adjustment,Duplicate adjustment row inflates SUM(AdjustmentAmt),2026-08-02T04:49:17+00:00
ACCT-000336,B0256,clean,,2026-08-02T04:49:17+00:00
ACCT-000892,B0256,charge_mismatch,CustCharge summary drifted from charge detail,2026-08-02T04:49:17+00:00
ACCT-000203,B0256,adj_mismatch,Adjustments summary drifted from adjustment detail,2026-08-02T04:49:17+00:00
ACCT-000121,B0256,total_fail,Every check seeded to fail,2026-08-02T04:49:17+00:00
ACCT-000903,B0256,clean,,2026-08-02T04:49:17+00:00
ACCT-000904,B0256,clean,,2026-08-02T04:49:17+00:00
ACCT-000505,B0257,clean,,2026-08-02T07:28:24+00:00
ACCT-000884,B0257,adj_mismatch,Adjustments summary drifted from adjustment detail,2026-08-02T07:28:24+00:00
ACCT-000389,B0257,clean,,2026-08-02T07:28:24+00:00
ACCT-000194,B0257,clean,,2026-08-02T07:28:24+00:00
ACCT-000714,B0257,total_fail,Every check seeded to fail,2026-08-02T07:28:24+00:00
ACCT-000133,B0257,clean,,2026-08-02T07:28:24+00:00
ACCT-000562,B0257,rc_misreport,Export reports a phantom R-C difference,2026-08-02T07:28:24+00:00
ACCT-000091,B0257,clean,,2026-08-02T07:28:24+00:00
ACCT-000586,B0257,clean,,2026-08-02T07:28:24+00:00
ACCT-000167,B0257,clean,,2026-08-02T07:28:24+00:00
ACCT-000704,B0257,dup_unfixable,Payment detail short of remit; no duplicates to zero out,2026-08-02T07:28:24+00:00
ACCT-000376,B0257,dup_charge,Duplicate charge row inflates SUM(UtilityCharge),2026-08-02T07:28:24+00:00
ACCT-000391,B0257,clean,,2026-08-02T07:28:24+00:00
ACCT-000175,B0257,clean,,2026-08-02T07:28:24+00:00
ACCT-000047,B0257,charge_mismatch,CustCharge summary drifted from charge detail,2026-08-02T07:28:24+00:00
ACCT-000026,B0257,clean,,2026-08-02T07:28:24+00:00
ACCT-000348,B0257,rc_misreport,Export reports a phantom R-C difference,2026-08-02T07:28:24+00:00
ACCT-000485,B0257,clean,,2026-08-02T07:28:24+00:00
ACCT-000469,B0257,dup_payment,Duplicate payment row inflates SUM(Payment),2026-08-02T07:28:24+00:00
ACCT-000220,B0257,clean,,2026-08-02T07:28:24+00:00
ACCT-000846,B0257,dup_unfixable,Payment detail short of remit; no duplicates to zero out,2026-08-02T07:28:24+00:00
ACCT-000598,B0257,clean,,2026-08-02T07:28:24+00:00
ACCT-000180,B0257,clean,,2026-08-02T07:28:24+00:00
ACCT-000169,B0257,clean,,2026-08-02T07:28:24+00:00
ACCT-000698,B0257,clean,,2026-08-02T07:28:24+00:00
ACCT-000682,B0257,clean,,2026-08-02T07:28:24+00:00
ACCT-000535,B0257,clean,,2026-08-02T07:28:24+00:00
ACCT-000726,B0257,adj_mismatch,Adjustments summary drifted from adjustment detail,2026-08-02T07:28:24+00:00
ACCT-000235,B0257,clean,,2026-08-02T07:28:24+00:00
ACCT-000530,B0257,payment_short,Payment detail short of remit; no duplicates to zero out,2026-08-02T07:28:24+00:00
ACCT-000033,B0257,adj_mismatch,Adjustments summary drifted from adjustment detail,2026-08-02T07:28:24+00:00
ACCT-000118,B0257,rc_misreport,Export reports a phantom R-C difference,2026-08-02T07:28:24+00:00
ACCT-000905,B0257,charge_mismatch,CustCharge summary drifted from charge detail,2026-08-02T07:28:24+00:00
ACCT-000906,B0257,clean,,2026-08-02T07:28:24+00:00
ACCT-000907,B0257,clean,,2026-08-02T07:28:24+00:00
ACCT-000908,B0257,clean,,2026-08-02T07:28:24+00:00
ACCT-000627,B0258,clean,,2026-08-02T09:33:11+00:00
ACCT-000691,B0258,dup_payment,Duplicate payment row inflates SUM(Payment),2026-08-02T09:33:11+00:00
ACCT-000493,B0258,charge_mismatch,CustCharge summary drifted from charge detail,2026-08-02T09:33:11+00:00
ACCT-000683,B0258,clean,,2026-08-02T09:33:11+00:00
ACCT-000721,B0258,clean,,2026-08-02T09:33:11+00:00
ACCT-000237,B0258,clean,,2026-08-02T09:33:11+00:00
ACCT-000587,B0258,clean,,2026-08-02T09:33:11+00:00
ACCT-000152,B0258,dup_charge,Duplicate charge row inflates SUM(UtilityCharge),2026-08-02T09:33:11+00:00
ACCT-000900,B0258,clean,,2026-08-02T09:33:11+00:00
ACCT-000685,B0258,rc_misreport,Export reports a phantom R-C difference,2026-08-02T09:33:11+00:00
ACCT-000220,B0258,clean,,2026-08-02T09:33:11+00:00
ACCT-000614,B0258,clean,,2026-08-02T09:33:11+00:00
ACCT-000144,B0258,charge_mismatch,CustCharge summary drifted from charge detail,2026-08-02T09:33:11+00:00
ACCT-000769,B0258,clean,,2026-08-02T09:33:11+00:00
ACCT-000201,B0258,charge_mismatch,CustCharge summary drifted from charge detail,2026-08-02T09:33:11+00:00
ACCT-000206,B0258,charge_mismatch,CustCharge summary drifted from charge detail,2026-08-02T09:33:11+00:00
ACCT-000760,B0258,known_diff,Remit short vs charges; difference disclosed on export,2026-08-02T09:33:11+00:00
ACCT-000418,B0258,clean,,2026-08-02T09:33:11+00:00
ACCT-000409,B0258,rc_misreport,Export reports a phantom R-C difference,2026-08-02T09:33:11+00:00
ACCT-000460,B0258,clean,,2026-08-02T09:33:11+00:00
ACCT-000660,B0258,clean,,2026-08-02T09:33:11+00:00
ACCT-000708,B0258,clean,,2026-08-02T09:33:11+00:00
ACCT-000321,B0258,adj_mismatch,Adjustments summary drifted from adjustment detail,2026-08-02T09:33:11+00:00
ACCT-000480,B0258,clean,,2026-08-02T09:33:11+00:00
ACCT-000406,B0258,rc_misreport,Export reports a phantom R-C difference,2026-08-02T09:33:11+00:00
ACCT-000631,B0258,charge_mismatch,CustCharge summary drifted from charge detail,2026-08-02T09:33:11+00:00
ACCT-000017,B0258,clean,,2026-08-02T09:33:11+00:00
ACCT-000370,B0258,clean,,2026-08-02T09:33:11+00:00
ACCT-000909,B0258,clean,,2026-08-02T09:33:11+00:00
ACCT-000910,B0258,clean,,2026-08-02T09:33:11+00:00
ACCT-000911,B0258,clean,,2026-08-02T09:33:11+00:00
