adjustments_id,account_id,batch_id,adjustments_amount,generated_at
ADS-000001,ACCT-000001,B0001,18.27,2026-07-12T19:44:37+00:00
ADS-000002,ACCT-000002,B0001,0.0,2026-07-12T19:44:37+00:00
ADS-000003,ACCT-000003,B0001,69.46,2026-07-12T19:44:37+00:00
ADS-000004,ACCT-000004,B0001,-20.23,2026-07-12T19:44:37+00:00
ADS-000005,ACCT-000005,B0001,0.0,2026-07-12T19:44:37+00:00
ADS-000006,ACCT-000006,B0001,0.0,2026-07-12T19:44:37+00:00
ADS-000007,ACCT-000007,B0001,-23.1,2026-07-12T19:44:37+00:00
ADS-000008,ACCT-000008,B0001,-9.78,2026-07-12T19:44:37+00:00
ADS-000009,ACCT-000009,B0001,-84.32,2026-07-12T19:44:37+00:00
ADS-000010,ACCT-000010,B0001,40.68,2026-07-12T19:44:37+00:00
ADS-000011,ACCT-000011,B0001,0.0,2026-07-12T19:44:37+00:00
ADS-000012,ACCT-000012,B0001,0.0,2026-07-12T19:44:37+00:00
ADS-000013,ACCT-000013,B0001,0.0,2026-07-12T19:44:37+00:00
ADS-000014,ACCT-000014,B0001,-36.05,2026-07-12T19:44:37+00:00
ADS-000015,ACCT-000015,B0001,-39.7,2026-07-12T19:44:37+00:00
ADS-000016,ACCT-000016,B0001,-31.2,2026-07-12T19:44:37+00:00
ADS-000017,ACCT-000017,B0001,21.72,2026-07-12T19:44:37+00:00
ADS-000018,ACCT-000018,B0001,0.0,2026-07-12T19:44:37+00:00
ADS-000019,ACCT-000019,B0001,4.6,2026-07-12T19:44:37+00:00
ADS-000020,ACCT-000020,B0001,2.96,2026-07-12T19:44:37+00:00
ADS-000021,ACCT-000021,B0001,0.0,2026-07-12T19:44:37+00:00
ADS-000022,ACCT-000022,B0001,8.59,2026-07-12T19:44:37+00:00
ADS-000023,ACCT-000023,B0001,0.0,2026-07-12T19:44:37+00:00
ADS-000024,ACCT-000024,B0001,-11.74,2026-07-12T19:44:37+00:00
ADS-000025,ACCT-000025,B0001,42.03,2026-07-12T19:44:37+00:00
ADS-000026,ACCT-000026,B0001,-21.17,2026-07-12T19:44:37+00:00
ADS-000027,ACCT-000027,B0001,11.41,2026-07-12T19:44:37+00:00
ADS-000028,ACCT-000028,B0001,39.55,2026-07-12T19:44:37+00:00
ADS-000029,ACCT-000029,B0001,14.84,2026-07-12T19:44:37+00:00
ADS-000030,ACCT-000030,B0001,8.12,2026-07-12T19:44:37+00:00
ADS-000031,ACCT-000031,B0001,0.0,2026-07-12T19:44:37+00:00
ADS-000032,ACCT-000032,B0001,10.38,2026-07-12T19:44:37+00:00
ADS-000033,ACCT-000033,B0001,0.0,2026-07-12T19:44:37+00:00
ADS-000034,ACCT-000034,B0001,46.22,2026-07-12T19:44:37+00:00
ADS-000035,ACCT-000035,B0001,0.0,2026-07-12T19:44:37+00:00
ADS-000036,ACCT-000036,B0001,0.0,2026-07-12T19:44:37+00:00
ADS-000037,ACCT-000037,B0001,-3.49,2026-07-12T19:44:37+00:00
ADS-000038,ACCT-000038,B0001,0.0,2026-07-12T19:44:37+00:00
ADS-000039,ACCT-000039,B0001,0.0,2026-07-12T19:44:37+00:00
ADS-000040,ACCT-000040,B0001,-12.57,2026-07-12T19:44:37+00:00
ADS-000041,ACCT-000041,B0001,-29.13,2026-07-12T19:44:37+00:00
ADS-000042,ACCT-000042,B0001,0.0,2026-07-12T19:44:37+00:00
ADS-000043,ACCT-000043,B0001,0.0,2026-07-12T19:44:37+00:00
ADS-000044,ACCT-000044,B0001,0.0,2026-07-12T19:44:37+00:00
ADS-000045,ACCT-000045,B0001,6.55,2026-07-12T19:44:37+00:00
ADS-000046,ACCT-000046,B0001,0.0,2026-07-12T19:44:37+00:00
ADS-000047,ACCT-000047,B0001,0.0,2026-07-12T19:44:37+00:00
ADS-000048,ACCT-000048,B0001,43.94,2026-07-12T19:44:37+00:00
ADS-000049,ACCT-000049,B0001,5.62,2026-07-12T19:44:37+00:00
ADS-000050,ACCT-000050,B0001,0.0,2026-07-12T19:44:37+00:00
ADS-000051,ACCT-000051,B0001,46.89,2026-07-12T19:44:37+00:00
ADS-000052,ACCT-000052,B0001,25.81,2026-07-12T19:44:37+00:00
ADS-000053,ACCT-000053,B0001,11.08,2026-07-12T19:44:37+00:00
ADS-000054,ACCT-000054,B0001,41.57,2026-07-12T19:44:37+00:00
ADS-000055,ACCT-000055,B0001,0.0,2026-07-12T19:44:37+00:00
ADS-000056,ACCT-000056,B0001,31.38,2026-07-12T19:44:37+00:00
ADS-000057,ACCT-000057,B0001,40.85,2026-07-12T19:44:37+00:00
ADS-000058,ACCT-000058,B0001,-41.28,2026-07-12T19:44:37+00:00
ADS-000059,ACCT-000059,B0001,0.0,2026-07-12T19:44:37+00:00
ADS-000060,ACCT-000060,B0001,-8.07,2026-07-12T19:44:37+00:00
ADS-000061,ACCT-000061,B0001,-49.75,2026-07-12T19:44:37+00:00
ADS-000062,ACCT-000062,B0001,79.93,2026-07-12T19:44:37+00:00
ADS-000063,ACCT-000063,B0001,31.58,2026-07-12T19:44:37+00:00
ADS-000064,ACCT-000064,B0001,0.8,2026-07-12T19:44:37+00:00
ADS-000065,ACCT-000065,B0001,31.51,2026-07-12T19:44:37+00:00
ADS-000066,ACCT-000066,B0001,23.05,2026-07-12T19:44:37+00:00
ADS-000067,ACCT-000067,B0001,-40.61,2026-07-12T19:44:37+00:00
ADS-000068,ACCT-000068,B0001,-13.73,2026-07-12T19:44:37+00:00
ADS-000069,ACCT-000069,B0001,23.11,2026-07-12T19:44:37+00:00
ADS-000070,ACCT-000070,B0001,-35.5,2026-07-12T19:44:37+00:00
ADS-000071,ACCT-000071,B0001,15.23,2026-07-12T19:44:37+00:00
ADS-000072,ACCT-000072,B0001,-48.4,2026-07-12T19:44:37+00:00
ADS-000073,ACCT-000073,B0001,-85.82,2026-07-12T19:44:37+00:00
ADS-000074,ACCT-000074,B0001,0.0,2026-07-12T19:44:37+00:00
ADS-000075,ACCT-000075,B0001,-10.4,2026-07-12T19:44:37+00:00
ADS-000076,ACCT-000076,B0001,31.48,2026-07-12T19:44:37+00:00
ADS-000077,ACCT-000077,B0001,0.0,2026-07-12T19:44:37+00:00
ADS-000078,ACCT-000078,B0001,5.55,2026-07-12T19:44:37+00:00
ADS-000079,ACCT-000079,B0001,35.08,2026-07-12T19:44:37+00:00
ADS-000080,ACCT-000080,B0001,72.38,2026-07-12T19:44:37+00:00
ADS-000081,ACCT-000081,B0001,-55.83,2026-07-12T19:44:37+00:00
ADS-000082,ACCT-000082,B0001,-16.04,2026-07-12T19:44:37+00:00
ADS-000083,ACCT-000083,B0001,0.0,2026-07-12T19:44:37+00:00
ADS-000084,ACCT-000084,B0001,-21.77,2026-07-12T19:44:37+00:00
ADS-000085,ACCT-000085,B0001,0.0,2026-07-12T19:44:37+00:00
ADS-000086,ACCT-000086,B0001,10.99,2026-07-12T19:44:37+00:00
ADS-000087,ACCT-000087,B0001,20.15,2026-07-12T19:44:37+00:00
ADS-000088,ACCT-000088,B0001,-54.48,2026-07-12T19:44:37+00:00
ADS-000089,ACCT-000089,B0001,-14.02,2026-07-12T19:44:37+00:00
ADS-000090,ACCT-000090,B0001,79.15,2026-07-12T19:44:37+00:00
ADS-000091,ACCT-000091,B0001,6.44,2026-07-12T19:44:37+00:00
ADS-000092,ACCT-000092,B0001,11.54,2026-07-12T19:44:37+00:00
ADS-000093,ACCT-000093,B0001,0.0,2026-07-12T19:44:37+00:00
ADS-000094,ACCT-000094,B0001,-54.37,2026-07-12T19:44:37+00:00
ADS-000095,ACCT-000095,B0001,-0.77,2026-07-12T19:44:37+00:00
ADS-000096,ACCT-000096,B0001,0.0,2026-07-12T19:44:37+00:00
ADS-000097,ACCT-000097,B0001,26.61,2026-07-12T19:44:37+00:00
ADS-000098,ACCT-000098,B0001,0.0,2026-07-12T19:44:37+00:00
ADS-000099,ACCT-000099,B0001,-10.79,2026-07-12T19:44:37+00:00
ADS-000100,ACCT-000100,B0001,14.55,2026-07-12T19:44:37+00:00
ADS-000101,ACCT-000101,B0001,-19.85,2026-07-12T19:44:37+00:00
ADS-000102,ACCT-000102,B0001,-10.1,2026-07-12T19:44:37+00:00
ADS-000103,ACCT-000103,B0001,0.0,2026-07-12T19:44:37+00:00
ADS-000104,ACCT-000104,B0001,0.0,2026-07-12T19:44:37+00:00
ADS-000105,ACCT-000105,B0001,-46.74,2026-07-12T19:44:37+00:00
ADS-000106,ACCT-000106,B0001,0.0,2026-07-12T19:44:37+00:00
ADS-000107,ACCT-000107,B0001,-45.15,2026-07-12T19:44:37+00:00
ADS-000108,ACCT-000108,B0001,9.09,2026-07-12T19:44:37+00:00
ADS-000109,ACCT-000109,B0001,-33.08,2026-07-12T19:44:37+00:00
ADS-000110,ACCT-000110,B0001,30.79,2026-07-12T19:44:37+00:00
ADS-000111,ACCT-000111,B0001,-48.9,2026-07-12T19:44:37+00:00
ADS-000112,ACCT-000112,B0001,33.83,2026-07-12T19:44:37+00:00
ADS-000113,ACCT-000113,B0001,-24.75,2026-07-12T19:44:37+00:00
ADS-000114,ACCT-000114,B0001,-17.18,2026-07-12T19:44:37+00:00
ADS-000115,ACCT-000115,B0001,0.0,2026-07-12T19:44:37+00:00
ADS-000116,ACCT-000116,B0001,-39.0,2026-07-12T19:44:37+00:00
ADS-000117,ACCT-000117,B0001,-4.97,2026-07-12T19:44:37+00:00
ADS-000118,ACCT-000118,B0001,0.0,2026-07-12T19:44:37+00:00
ADS-000119,ACCT-000119,B0001,48.0,2026-07-12T19:44:37+00:00
ADS-000120,ACCT-000120,B0001,8.6,2026-07-12T19:44:37+00:00
ADS-000121,ACCT-000070,B0002,0.89,2026-07-12T20:07:48+00:00
ADS-000122,ACCT-000111,B0002,28.58,2026-07-12T20:07:48+00:00
ADS-000123,ACCT-000083,B0002,0.0,2026-07-12T20:07:48+00:00
ADS-000124,ACCT-000079,B0002,26.63,2026-07-12T20:07:48+00:00
ADS-000125,ACCT-000072,B0002,24.58,2026-07-12T20:07:48+00:00
ADS-000126,ACCT-000027,B0002,16.39,2026-07-12T20:07:48+00:00
ADS-000127,ACCT-000023,B0002,49.51,2026-07-12T20:07:48+00:00
ADS-000128,ACCT-000016,B0002,0.0,2026-07-12T20:07:48+00:00
ADS-000129,ACCT-000041,B0002,0.0,2026-07-12T20:07:48+00:00
ADS-000130,ACCT-000042,B0002,-16.3,2026-07-12T20:07:48+00:00
ADS-000131,ACCT-000058,B0002,1.19,2026-07-12T20:07:48+00:00
ADS-000132,ACCT-000025,B0002,0.0,2026-07-12T20:07:48+00:00
ADS-000133,ACCT-000052,B0002,0.0,2026-07-12T20:07:48+00:00
ADS-000134,ACCT-000076,B0002,0.0,2026-07-12T20:07:48+00:00
ADS-000135,ACCT-000013,B0002,19.83,2026-07-12T20:07:48+00:00
ADS-000136,ACCT-000113,B0002,30.13,2026-07-12T20:07:48+00:00
ADS-000137,ACCT-000005,B0002,-26.09,2026-07-12T20:07:48+00:00
ADS-000138,ACCT-000037,B0002,47.01,2026-07-12T20:07:48+00:00
ADS-000139,ACCT-000001,B0002,19.37,2026-07-12T20:07:48+00:00
ADS-000140,ACCT-000107,B0002,-40.36,2026-07-12T20:07:48+00:00
ADS-000141,ACCT-000038,B0002,41.11,2026-07-12T20:07:48+00:00
ADS-000142,ACCT-000028,B0002,14.3,2026-07-12T20:07:48+00:00
ADS-000143,ACCT-000116,B0002,0.0,2026-07-12T20:07:48+00:00
ADS-000144,ACCT-000074,B0002,9.78,2026-07-12T20:07:48+00:00
ADS-000145,ACCT-000012,B0002,34.42,2026-07-12T20:07:48+00:00
ADS-000146,ACCT-000120,B0002,6.93,2026-07-12T20:07:48+00:00
ADS-000147,ACCT-000078,B0002,0.0,2026-07-12T20:07:48+00:00
ADS-000148,ACCT-000121,B0002,0.0,2026-07-12T20:07:48+00:00
ADS-000149,ACCT-000122,B0002,-71.18,2026-07-12T20:07:48+00:00
ADS-000150,ACCT-000103,B0003,-3.87,2026-07-12T21:41:14+00:00
ADS-000151,ACCT-000017,B0003,17.49,2026-07-12T21:41:14+00:00
ADS-000152,ACCT-000093,B0003,0.0,2026-07-12T21:41:14+00:00
ADS-000153,ACCT-000089,B0003,22.06,2026-07-12T21:41:14+00:00
ADS-000154,ACCT-000082,B0003,0.0,2026-07-12T21:41:14+00:00
ADS-000155,ACCT-000109,B0003,-19.66,2026-07-12T21:41:14+00:00
ADS-000156,ACCT-000066,B0003,26.24,2026-07-12T21:41:14+00:00
ADS-000157,ACCT-000024,B0003,0.0,2026-07-12T21:41:14+00:00
ADS-000158,ACCT-000010,B0003,-11.38,2026-07-12T21:41:14+00:00
ADS-000159,ACCT-000025,B0003,-33.33,2026-07-12T21:41:14+00:00
ADS-000160,ACCT-000114,B0003,-40.57,2026-07-12T21:41:14+00:00
ADS-000161,ACCT-000080,B0003,0.0,2026-07-12T21:41:14+00:00
ADS-000162,ACCT-000011,B0003,-6.04,2026-07-12T21:41:14+00:00
ADS-000163,ACCT-000018,B0003,31.63,2026-07-12T21:41:14+00:00
ADS-000164,ACCT-000029,B0003,0.0,2026-07-12T21:41:14+00:00
ADS-000165,ACCT-000096,B0003,3.87,2026-07-12T21:41:14+00:00
ADS-000166,ACCT-000100,B0003,37.54,2026-07-12T21:41:14+00:00
ADS-000167,ACCT-000084,B0003,-39.98,2026-07-12T21:41:14+00:00
ADS-000168,ACCT-000044,B0003,-26.77,2026-07-12T21:41:14+00:00
ADS-000169,ACCT-000046,B0003,-46.98,2026-07-12T21:41:14+00:00
ADS-000170,ACCT-000091,B0003,0.0,2026-07-12T21:41:14+00:00
ADS-000171,ACCT-000028,B0003,-19.03,2026-07-12T21:41:14+00:00
ADS-000172,ACCT-000112,B0003,0.0,2026-07-12T21:41:14+00:00
ADS-000173,ACCT-000038,B0003,0.0,2026-07-12T21:41:14+00:00
ADS-000174,ACCT-000085,B0003,-36.38,2026-07-12T21:41:14+00:00
ADS-000175,ACCT-000095,B0003,0.0,2026-07-12T21:41:14+00:00
ADS-000176,ACCT-000087,B0003,0.0,2026-07-12T21:41:14+00:00
ADS-000177,ACCT-000036,B0003,-12.06,2026-07-12T21:41:14+00:00
ADS-000178,ACCT-000053,B0003,-21.65,2026-07-12T21:41:14+00:00
ADS-000179,ACCT-000101,B0003,-51.11,2026-07-12T21:41:14+00:00
ADS-000180,ACCT-000033,B0003,0.0,2026-07-12T21:41:14+00:00
ADS-000181,ACCT-000121,B0003,0.0,2026-07-12T21:41:14+00:00
ADS-000182,ACCT-000123,B0003,3.91,2026-07-12T21:41:14+00:00
ADS-000183,ACCT-000124,B0003,-17.61,2026-07-12T21:41:14+00:00
ADS-000184,ACCT-000125,B0003,-78.38,2026-07-12T21:41:14+00:00
ADS-000185,ACCT-000126,B0003,0.0,2026-07-12T21:41:14+00:00
ADS-000186,ACCT-000064,B0004,54.84,2026-07-12T22:39:31+00:00
ADS-000187,ACCT-000034,B0004,-32.5,2026-07-12T22:39:31+00:00
ADS-000188,ACCT-000096,B0004,0.0,2026-07-12T22:39:31+00:00
ADS-000189,ACCT-000091,B0004,33.54,2026-07-12T22:39:31+00:00
ADS-000190,ACCT-000068,B0004,23.93,2026-07-12T22:39:31+00:00
ADS-000191,ACCT-000029,B0004,0.0,2026-07-12T22:39:31+00:00
ADS-000192,ACCT-000047,B0004,0.0,2026-07-12T22:39:31+00:00
ADS-000193,ACCT-000083,B0004,13.8,2026-07-12T22:39:31+00:00
ADS-000194,ACCT-000052,B0004,0.0,2026-07-12T22:39:31+00:00
ADS-000195,ACCT-000001,B0004,45.01,2026-07-12T22:39:31+00:00
ADS-000196,ACCT-000022,B0004,-48.16,2026-07-12T22:39:31+00:00
ADS-000197,ACCT-000016,B0004,44.81,2026-07-12T22:39:31+00:00
ADS-000198,ACCT-000102,B0004,17.61,2026-07-12T22:39:31+00:00
ADS-000199,ACCT-000113,B0004,-10.29,2026-07-12T22:39:31+00:00
ADS-000200,ACCT-000013,B0004,0.0,2026-07-12T22:39:31+00:00
ADS-000201,ACCT-000121,B0004,17.86,2026-07-12T22:39:31+00:00
ADS-000202,ACCT-000030,B0004,36.61,2026-07-12T22:39:31+00:00
ADS-000203,ACCT-000043,B0004,0.0,2026-07-12T22:39:31+00:00
ADS-000204,ACCT-000105,B0004,21.32,2026-07-12T22:39:31+00:00
ADS-000205,ACCT-000028,B0004,0.0,2026-07-12T22:39:31+00:00
ADS-000206,ACCT-000010,B0004,0.0,2026-07-12T22:39:31+00:00
ADS-000207,ACCT-000109,B0004,-20.49,2026-07-12T22:39:31+00:00
ADS-000208,ACCT-000103,B0004,37.63,2026-07-12T22:39:31+00:00
ADS-000209,ACCT-000125,B0004,0.0,2026-07-12T22:39:31+00:00
ADS-000210,ACCT-000046,B0004,12.42,2026-07-12T22:39:31+00:00
ADS-000211,ACCT-000114,B0004,0.0,2026-07-12T22:39:31+00:00
ADS-000212,ACCT-000011,B0004,20.06,2026-07-12T22:39:31+00:00
ADS-000213,ACCT-000089,B0004,-58.83,2026-07-12T22:39:31+00:00
ADS-000214,ACCT-000092,B0004,24.22,2026-07-12T22:39:31+00:00
ADS-000215,ACCT-000111,B0004,-40.1,2026-07-12T22:39:31+00:00
ADS-000216,ACCT-000079,B0004,37.34,2026-07-12T22:39:31+00:00
ADS-000217,ACCT-000127,B0004,43.22,2026-07-12T22:39:31+00:00
ADS-000218,ACCT-000128,B0004,9.98,2026-07-12T22:39:31+00:00
ADS-000219,ACCT-000073,B0005,0.0,2026-07-12T23:44:19+00:00
ADS-000220,ACCT-000115,B0005,0.0,2026-07-12T23:44:19+00:00
ADS-000221,ACCT-000017,B0005,0.0,2026-07-12T23:44:19+00:00
ADS-000222,ACCT-000043,B0005,11.74,2026-07-12T23:44:19+00:00
ADS-000223,ACCT-000050,B0005,0.0,2026-07-12T23:44:19+00:00
ADS-000224,ACCT-000083,B0005,2.06,2026-07-12T23:44:19+00:00
ADS-000225,ACCT-000070,B0005,0.0,2026-07-12T23:44:19+00:00
ADS-000226,ACCT-000075,B0005,0.0,2026-07-12T23:44:19+00:00
ADS-000227,ACCT-000012,B0005,-28.49,2026-07-12T23:44:19+00:00
ADS-000228,ACCT-000076,B0005,-25.35,2026-07-12T23:44:19+00:00
ADS-000229,ACCT-000128,B0005,-49.74,2026-07-12T23:44:19+00:00
ADS-000230,ACCT-000118,B0005,0.0,2026-07-12T23:44:19+00:00
ADS-000231,ACCT-000047,B0005,-9.15,2026-07-12T23:44:19+00:00
ADS-000232,ACCT-000031,B0005,15.06,2026-07-12T23:44:19+00:00
ADS-000233,ACCT-000093,B0005,12.32,2026-07-12T23:44:19+00:00
ADS-000234,ACCT-000049,B0005,0.0,2026-07-12T23:44:19+00:00
ADS-000235,ACCT-000057,B0005,0.0,2026-07-12T23:44:19+00:00
ADS-000236,ACCT-000097,B0005,-11.06,2026-07-12T23:44:19+00:00
ADS-000237,ACCT-000013,B0005,-25.69,2026-07-12T23:44:19+00:00
ADS-000238,ACCT-000005,B0005,0.0,2026-07-12T23:44:19+00:00
ADS-000239,ACCT-000074,B0005,0.0,2026-07-12T23:44:19+00:00
ADS-000240,ACCT-000104,B0005,9.53,2026-07-12T23:44:19+00:00
ADS-000241,ACCT-000086,B0005,49.46,2026-07-12T23:44:19+00:00
ADS-000242,ACCT-000018,B0005,-17.17,2026-07-12T23:44:19+00:00
ADS-000243,ACCT-000026,B0005,0.0,2026-07-12T23:44:19+00:00
ADS-000244,ACCT-000072,B0005,19.24,2026-07-12T23:44:19+00:00
ADS-000245,ACCT-000038,B0005,0.0,2026-07-12T23:44:19+00:00
ADS-000246,ACCT-000080,B0005,-30.88,2026-07-12T23:44:19+00:00
ADS-000247,ACCT-000114,B0005,-49.54,2026-07-12T23:44:19+00:00
ADS-000248,ACCT-000011,B0005,0.0,2026-07-12T23:44:19+00:00
ADS-000249,ACCT-000084,B0005,0.0,2026-07-12T23:44:19+00:00
ADS-000250,ACCT-000095,B0005,0.0,2026-07-12T23:44:19+00:00
ADS-000251,ACCT-000034,B0005,16.49,2026-07-12T23:44:19+00:00
ADS-000252,ACCT-000081,B0005,0.0,2026-07-12T23:44:19+00:00
ADS-000253,ACCT-000129,B0005,-12.94,2026-07-12T23:44:19+00:00
ADS-000254,ACCT-000130,B0005,0.0,2026-07-12T23:44:19+00:00
ADS-000255,ACCT-000048,B0006,-14.98,2026-07-14T22:50:00+00:00
ADS-000256,ACCT-000064,B0006,34.8,2026-07-14T22:50:00+00:00
ADS-000257,ACCT-000076,B0006,23.13,2026-07-14T22:50:00+00:00
ADS-000258,ACCT-000041,B0006,-30.09,2026-07-14T22:50:00+00:00
ADS-000259,ACCT-000052,B0006,40.33,2026-07-14T22:50:00+00:00
ADS-000260,ACCT-000011,B0006,10.93,2026-07-14T22:50:00+00:00
ADS-000261,ACCT-000047,B0006,0.0,2026-07-14T22:50:00+00:00
ADS-000262,ACCT-000034,B0006,-19.75,2026-07-14T22:50:00+00:00
ADS-000263,ACCT-000036,B0006,0.0,2026-07-14T22:50:00+00:00
ADS-000264,ACCT-000069,B0006,-42.91,2026-07-14T22:50:00+00:00
ADS-000265,ACCT-000124,B0006,10.73,2026-07-14T22:50:00+00:00
ADS-000266,ACCT-000039,B0006,36.05,2026-07-14T22:50:00+00:00
ADS-000267,ACCT-000090,B0006,0.0,2026-07-14T22:50:00+00:00
ADS-000268,ACCT-000129,B0006,-0.06,2026-07-14T22:50:00+00:00
ADS-000269,ACCT-000022,B0006,0.0,2026-07-14T22:50:00+00:00
ADS-000270,ACCT-000118,B0006,-37.83,2026-07-14T22:50:00+00:00
ADS-000271,ACCT-000105,B0006,-12.96,2026-07-14T22:50:00+00:00
ADS-000272,ACCT-000038,B0006,17.2,2026-07-14T22:50:00+00:00
ADS-000273,ACCT-000109,B0006,41.15,2026-07-14T22:50:00+00:00
ADS-000274,ACCT-000119,B0006,13.7,2026-07-14T22:50:00+00:00
ADS-000275,ACCT-000081,B0006,0.0,2026-07-14T22:50:00+00:00
ADS-000276,ACCT-000120,B0006,16.57,2026-07-14T22:50:00+00:00
ADS-000277,ACCT-000020,B0006,-24.1,2026-07-14T22:50:00+00:00
ADS-000278,ACCT-000057,B0006,0.0,2026-07-14T22:50:00+00:00
ADS-000279,ACCT-000033,B0006,-7.03,2026-07-14T22:50:00+00:00
ADS-000280,ACCT-000093,B0006,-11.29,2026-07-14T22:50:00+00:00
ADS-000281,ACCT-000112,B0006,5.16,2026-07-14T22:50:00+00:00
ADS-000282,ACCT-000088,B0006,0.0,2026-07-14T22:50:00+00:00
ADS-000283,ACCT-000131,B0006,0.0,2026-07-14T22:50:00+00:00
ADS-000284,ACCT-000132,B0006,4.33,2026-07-14T22:50:00+00:00
ADS-000285,ACCT-000133,B0006,-5.25,2026-07-14T22:50:00+00:00
ADS-000286,ACCT-000084,B0007,0.0,2026-07-14T23:44:01+00:00
ADS-000287,ACCT-000089,B0007,0.0,2026-07-14T23:44:01+00:00
ADS-000288,ACCT-000117,B0007,0.0,2026-07-14T23:44:01+00:00
ADS-000289,ACCT-000039,B0007,0.0,2026-07-14T23:44:01+00:00
ADS-000290,ACCT-000109,B0007,0.0,2026-07-14T23:44:01+00:00
ADS-000291,ACCT-000076,B0007,-24.46,2026-07-14T23:44:01+00:00
ADS-000292,ACCT-000037,B0007,-25.6,2026-07-14T23:44:01+00:00
ADS-000293,ACCT-000035,B0007,0.0,2026-07-14T23:44:01+00:00
ADS-000294,ACCT-000003,B0007,0.0,2026-07-14T23:44:01+00:00
ADS-000295,ACCT-000045,B0007,0.0,2026-07-14T23:44:01+00:00
ADS-000296,ACCT-000032,B0007,0.0,2026-07-14T23:44:01+00:00
ADS-000297,ACCT-000087,B0007,-43.19,2026-07-14T23:44:01+00:00
ADS-000298,ACCT-000115,B0007,0.76,2026-07-14T23:44:01+00:00
ADS-000299,ACCT-000128,B0007,19.97,2026-07-14T23:44:01+00:00
ADS-000300,ACCT-000057,B0007,-43.23,2026-07-14T23:44:01+00:00
ADS-000301,ACCT-000123,B0007,-58.69,2026-07-14T23:44:01+00:00
ADS-000302,ACCT-000120,B0007,74.85,2026-07-14T23:44:01+00:00
ADS-000303,ACCT-000053,B0007,0.0,2026-07-14T23:44:01+00:00
ADS-000304,ACCT-000006,B0007,0.0,2026-07-14T23:44:01+00:00
ADS-000305,ACCT-000088,B0007,-79.21,2026-07-14T23:44:01+00:00
ADS-000306,ACCT-000018,B0007,-15.45,2026-07-14T23:44:01+00:00
ADS-000307,ACCT-000067,B0007,15.36,2026-07-14T23:44:01+00:00
ADS-000308,ACCT-000105,B0007,11.63,2026-07-14T23:44:01+00:00
ADS-000309,ACCT-000101,B0007,24.74,2026-07-14T23:44:01+00:00
ADS-000310,ACCT-000127,B0007,0.0,2026-07-14T23:44:01+00:00
ADS-000311,ACCT-000134,B0007,-19.53,2026-07-14T23:44:01+00:00
ADS-000312,ACCT-000135,B0007,-21.1,2026-07-14T23:44:01+00:00
ADS-000313,ACCT-000136,B0007,10.15,2026-07-14T23:44:01+00:00
ADS-000314,ACCT-000137,B0007,0.0,2026-07-14T23:44:01+00:00
ADS-000315,ACCT-000133,B0008,0.0,2026-07-15T01:41:57+00:00
ADS-000316,ACCT-000105,B0008,0.0,2026-07-15T01:41:57+00:00
ADS-000317,ACCT-000126,B0008,0.0,2026-07-15T01:41:57+00:00
ADS-000318,ACCT-000026,B0008,0.0,2026-07-15T01:41:57+00:00
ADS-000319,ACCT-000032,B0008,24.79,2026-07-15T01:41:57+00:00
ADS-000320,ACCT-000084,B0008,0.0,2026-07-15T01:41:57+00:00
ADS-000321,ACCT-000008,B0008,17.16,2026-07-15T01:41:57+00:00
ADS-000322,ACCT-000024,B0008,-37.74,2026-07-15T01:41:57+00:00
ADS-000323,ACCT-000113,B0008,27.49,2026-07-15T01:41:57+00:00
ADS-000324,ACCT-000076,B0008,23.42,2026-07-15T01:41:57+00:00
ADS-000325,ACCT-000029,B0008,0.0,2026-07-15T01:41:57+00:00
ADS-000326,ACCT-000058,B0008,28.91,2026-07-15T01:41:57+00:00
ADS-000327,ACCT-000114,B0008,0.0,2026-07-15T01:41:57+00:00
ADS-000328,ACCT-000124,B0008,-42.71,2026-07-15T01:41:57+00:00
ADS-000329,ACCT-000115,B0008,0.0,2026-07-15T01:41:57+00:00
ADS-000330,ACCT-000132,B0008,19.68,2026-07-15T01:41:57+00:00
ADS-000331,ACCT-000006,B0008,0.0,2026-07-15T01:41:57+00:00
ADS-000332,ACCT-000127,B0008,0.0,2026-07-15T01:41:57+00:00
ADS-000333,ACCT-000069,B0008,-25.49,2026-07-15T01:41:57+00:00
ADS-000334,ACCT-000098,B0008,-40.28,2026-07-15T01:41:57+00:00
ADS-000335,ACCT-000063,B0008,-11.19,2026-07-15T01:41:57+00:00
ADS-000336,ACCT-000064,B0008,-29.69,2026-07-15T01:41:57+00:00
ADS-000337,ACCT-000030,B0008,0.0,2026-07-15T01:41:57+00:00
ADS-000338,ACCT-000083,B0008,0.0,2026-07-15T01:41:57+00:00
ADS-000339,ACCT-000081,B0008,0.0,2026-07-15T01:41:57+00:00
ADS-000340,ACCT-000033,B0008,0.0,2026-07-15T01:41:57+00:00
ADS-000341,ACCT-000077,B0008,4.6,2026-07-15T01:41:57+00:00
ADS-000342,ACCT-000051,B0008,0.0,2026-07-15T01:41:57+00:00
ADS-000343,ACCT-000130,B0008,-4.22,2026-07-15T01:41:57+00:00
ADS-000344,ACCT-000100,B0008,75.7,2026-07-15T01:41:57+00:00
ADS-000345,ACCT-000052,B0008,-33.47,2026-07-15T01:41:57+00:00
ADS-000346,ACCT-000138,B0008,0.0,2026-07-15T01:41:57+00:00
ADS-000347,ACCT-000139,B0008,14.94,2026-07-15T01:41:57+00:00
ADS-000348,ACCT-000140,B0008,49.7,2026-07-15T01:41:57+00:00
ADS-000349,ACCT-000081,B0009,10.71,2026-07-15T04:44:07+00:00
ADS-000350,ACCT-000029,B0009,42.6,2026-07-15T04:44:07+00:00
ADS-000351,ACCT-000057,B0009,-80.6,2026-07-15T04:44:07+00:00
ADS-000352,ACCT-000096,B0009,0.0,2026-07-15T04:44:07+00:00
ADS-000353,ACCT-000085,B0009,0.69,2026-07-15T04:44:07+00:00
ADS-000354,ACCT-000120,B0009,7.52,2026-07-15T04:44:07+00:00
ADS-000355,ACCT-000101,B0009,35.56,2026-07-15T04:44:07+00:00
ADS-000356,ACCT-000097,B0009,-11.21,2026-07-15T04:44:07+00:00
ADS-000357,ACCT-000079,B0009,21.15,2026-07-15T04:44:07+00:00
ADS-000358,ACCT-000137,B0009,29.59,2026-07-15T04:44:07+00:00
ADS-000359,ACCT-000071,B0009,0.0,2026-07-15T04:44:07+00:00
ADS-000360,ACCT-000005,B0009,-34.09,2026-07-15T04:44:07+00:00
ADS-000361,ACCT-000094,B0009,-26.25,2026-07-15T04:44:07+00:00
ADS-000362,ACCT-000063,B0009,30.93,2026-07-15T04:44:07+00:00
ADS-000363,ACCT-000128,B0009,7.86,2026-07-15T04:44:07+00:00
ADS-000364,ACCT-000068,B0009,0.0,2026-07-15T04:44:07+00:00
ADS-000365,ACCT-000048,B0009,19.59,2026-07-15T04:44:07+00:00
ADS-000366,ACCT-000087,B0009,-41.22,2026-07-15T04:44:07+00:00
ADS-000367,ACCT-000062,B0009,-8.15,2026-07-15T04:44:07+00:00
ADS-000368,ACCT-000091,B0009,47.83,2026-07-15T04:44:07+00:00
ADS-000369,ACCT-000092,B0009,-45.73,2026-07-15T04:44:07+00:00
ADS-000370,ACCT-000026,B0009,0.0,2026-07-15T04:44:07+00:00
ADS-000371,ACCT-000113,B0009,0.0,2026-07-15T04:44:07+00:00
ADS-000372,ACCT-000006,B0009,0.0,2026-07-15T04:44:07+00:00
ADS-000373,ACCT-000061,B0009,-46.75,2026-07-15T04:44:07+00:00
ADS-000374,ACCT-000108,B0009,-32.76,2026-07-15T04:44:07+00:00
ADS-000375,ACCT-000058,B0009,-25.46,2026-07-15T04:44:07+00:00
ADS-000376,ACCT-000067,B0009,0.0,2026-07-15T04:44:07+00:00
ADS-000377,ACCT-000055,B0009,0.0,2026-07-15T04:44:07+00:00
ADS-000378,ACCT-000119,B0009,1.72,2026-07-15T04:44:07+00:00
ADS-000379,ACCT-000141,B0009,70.25,2026-07-15T04:44:07+00:00
ADS-000380,ACCT-000142,B0009,-9.49,2026-07-15T04:44:07+00:00
ADS-000381,ACCT-000143,B0009,-46.69,2026-07-15T04:44:07+00:00
ADS-000382,ACCT-000063,B0010,0.0,2026-07-15T07:08:34+00:00
ADS-000383,ACCT-000103,B0010,0.0,2026-07-15T07:08:34+00:00
ADS-000384,ACCT-000052,B0010,0.0,2026-07-15T07:08:34+00:00
ADS-000385,ACCT-000041,B0010,0.0,2026-07-15T07:08:34+00:00
ADS-000386,ACCT-000076,B0010,49.35,2026-07-15T07:08:34+00:00
ADS-000387,ACCT-000075,B0010,68.13,2026-07-15T07:08:34+00:00
ADS-000388,ACCT-000095,B0010,8.04,2026-07-15T07:08:34+00:00
ADS-000389,ACCT-000003,B0010,-39.52,2026-07-15T07:08:34+00:00
ADS-000390,ACCT-000127,B0010,0.0,2026-07-15T07:08:34+00:00
ADS-000391,ACCT-000092,B0010,0.0,2026-07-15T07:08:34+00:00
ADS-000392,ACCT-000010,B0010,81.17,2026-07-15T07:08:34+00:00
ADS-000393,ACCT-000021,B0010,-3.01,2026-07-15T07:08:34+00:00
ADS-000394,ACCT-000136,B0010,0.0,2026-07-15T07:08:34+00:00
ADS-000395,ACCT-000061,B0010,27.7,2026-07-15T07:08:34+00:00
ADS-000396,ACCT-000119,B0010,0.0,2026-07-15T07:08:34+00:00
ADS-000397,ACCT-000002,B0010,23.32,2026-07-15T07:08:34+00:00
ADS-000398,ACCT-000053,B0010,-45.1,2026-07-15T07:08:34+00:00
ADS-000399,ACCT-000084,B0010,0.93,2026-07-15T07:08:34+00:00
ADS-000400,ACCT-000018,B0010,-44.02,2026-07-15T07:08:34+00:00
ADS-000401,ACCT-000074,B0010,0.0,2026-07-15T07:08:34+00:00
ADS-000402,ACCT-000143,B0010,-30.18,2026-07-15T07:08:34+00:00
ADS-000403,ACCT-000049,B0010,0.0,2026-07-15T07:08:34+00:00
ADS-000404,ACCT-000097,B0010,37.58,2026-07-15T07:08:34+00:00
ADS-000405,ACCT-000048,B0010,-1.59,2026-07-15T07:08:34+00:00
ADS-000406,ACCT-000039,B0010,50.0,2026-07-15T07:08:34+00:00
ADS-000407,ACCT-000038,B0010,0.0,2026-07-15T07:08:34+00:00
ADS-000408,ACCT-000006,B0010,-20.52,2026-07-15T07:08:34+00:00
ADS-000409,ACCT-000124,B0010,-51.21,2026-07-15T07:08:34+00:00
ADS-000410,ACCT-000137,B0010,-36.63,2026-07-15T07:08:34+00:00
ADS-000411,ACCT-000117,B0010,20.01,2026-07-15T07:08:34+00:00
ADS-000412,ACCT-000077,B0010,0.0,2026-07-15T07:08:34+00:00
ADS-000413,ACCT-000031,B0010,0.0,2026-07-15T07:08:34+00:00
ADS-000414,ACCT-000144,B0010,0.84,2026-07-15T07:08:34+00:00
ADS-000415,ACCT-000145,B0010,39.15,2026-07-15T07:08:34+00:00
ADS-000416,ACCT-000024,B0011,37.66,2026-07-15T09:27:10+00:00
ADS-000417,ACCT-000055,B0011,-26.96,2026-07-15T09:27:10+00:00
ADS-000418,ACCT-000107,B0011,79.35,2026-07-15T09:27:10+00:00
ADS-000419,ACCT-000086,B0011,42.5,2026-07-15T09:27:10+00:00
ADS-000420,ACCT-000088,B0011,-65.76,2026-07-15T09:27:10+00:00
ADS-000421,ACCT-000114,B0011,-28.41,2026-07-15T09:27:10+00:00
ADS-000422,ACCT-000133,B0011,20.86,2026-07-15T09:27:10+00:00
ADS-000423,ACCT-000058,B0011,-47.94,2026-07-15T09:27:10+00:00
ADS-000424,ACCT-000125,B0011,30.63,2026-07-15T09:27:10+00:00
ADS-000425,ACCT-000062,B0011,-12.78,2026-07-15T09:27:10+00:00
ADS-000426,ACCT-000077,B0011,0.0,2026-07-15T09:27:10+00:00
ADS-000427,ACCT-000116,B0011,0.0,2026-07-15T09:27:10+00:00
ADS-000428,ACCT-000059,B0011,27.4,2026-07-15T09:27:10+00:00
ADS-000429,ACCT-000016,B0011,-1.64,2026-07-15T09:27:10+00:00
ADS-000430,ACCT-000115,B0011,0.0,2026-07-15T09:27:10+00:00
ADS-000431,ACCT-000067,B0011,49.61,2026-07-15T09:27:10+00:00
ADS-000432,ACCT-000074,B0011,0.0,2026-07-15T09:27:10+00:00
ADS-000433,ACCT-000010,B0011,0.0,2026-07-15T09:27:10+00:00
ADS-000434,ACCT-000008,B0011,-31.3,2026-07-15T09:27:10+00:00
ADS-000435,ACCT-000050,B0011,-37.34,2026-07-15T09:27:10+00:00
ADS-000436,ACCT-000071,B0011,0.0,2026-07-15T09:27:10+00:00
ADS-000437,ACCT-000099,B0011,20.85,2026-07-15T09:27:10+00:00
ADS-000438,ACCT-000075,B0011,0.0,2026-07-15T09:27:10+00:00
ADS-000439,ACCT-000121,B0011,51.77,2026-07-15T09:27:10+00:00
ADS-000440,ACCT-000095,B0011,78.39,2026-07-15T09:27:10+00:00
ADS-000441,ACCT-000043,B0011,43.71,2026-07-15T09:27:10+00:00
ADS-000442,ACCT-000096,B0011,-25.99,2026-07-15T09:27:10+00:00
ADS-000443,ACCT-000030,B0011,80.2,2026-07-15T09:27:10+00:00
ADS-000444,ACCT-000073,B0011,10.05,2026-07-15T09:27:10+00:00
ADS-000445,ACCT-000068,B0011,-41.91,2026-07-15T09:27:10+00:00
ADS-000446,ACCT-000006,B0011,77.68,2026-07-15T09:27:10+00:00
ADS-000447,ACCT-000146,B0011,25.3,2026-07-15T09:27:10+00:00
ADS-000448,ACCT-000147,B0011,20.48,2026-07-15T09:27:10+00:00
ADS-000449,ACCT-000148,B0011,12.82,2026-07-15T09:27:10+00:00
ADS-000450,ACCT-000125,B0012,0.0,2026-07-15T11:08:21+00:00
ADS-000451,ACCT-000071,B0012,0.0,2026-07-15T11:08:21+00:00
ADS-000452,ACCT-000036,B0012,76.53,2026-07-15T11:08:21+00:00
ADS-000453,ACCT-000070,B0012,-40.16,2026-07-15T11:08:21+00:00
ADS-000454,ACCT-000020,B0012,29.48,2026-07-15T11:08:21+00:00
ADS-000455,ACCT-000081,B0012,-43.78,2026-07-15T11:08:21+00:00
ADS-000456,ACCT-000127,B0012,-55.25,2026-07-15T11:08:21+00:00
ADS-000457,ACCT-000035,B0012,0.0,2026-07-15T11:08:21+00:00
ADS-000458,ACCT-000078,B0012,24.99,2026-07-15T11:08:21+00:00
ADS-000459,ACCT-000093,B0012,-17.82,2026-07-15T11:08:21+00:00
ADS-000460,ACCT-000104,B0012,-44.44,2026-07-15T11:08:21+00:00
ADS-000461,ACCT-000105,B0012,0.0,2026-07-15T11:08:21+00:00
ADS-000462,ACCT-000108,B0012,-11.37,2026-07-15T11:08:21+00:00
ADS-000463,ACCT-000068,B0012,59.35,2026-07-15T11:08:21+00:00
ADS-000464,ACCT-000029,B0012,0.0,2026-07-15T11:08:21+00:00
ADS-000465,ACCT-000013,B0012,0.0,2026-07-15T11:08:21+00:00
ADS-000466,ACCT-000072,B0012,0.0,2026-07-15T11:08:21+00:00
ADS-000467,ACCT-000126,B0012,25.87,2026-07-15T11:08:21+00:00
ADS-000468,ACCT-000141,B0012,7.42,2026-07-15T11:08:21+00:00
ADS-000469,ACCT-000143,B0012,-78.72,2026-07-15T11:08:21+00:00
ADS-000470,ACCT-000034,B0012,9.96,2026-07-15T11:08:21+00:00
ADS-000471,ACCT-000027,B0012,-5.09,2026-07-15T11:08:21+00:00
ADS-000472,ACCT-000062,B0012,-7.45,2026-07-15T11:08:21+00:00
ADS-000473,ACCT-000073,B0012,0.0,2026-07-15T11:08:21+00:00
ADS-000474,ACCT-000045,B0012,-44.77,2026-07-15T11:08:21+00:00
ADS-000475,ACCT-000139,B0012,-8.88,2026-07-15T11:08:21+00:00
ADS-000476,ACCT-000149,B0012,39.79,2026-07-15T11:08:21+00:00
ADS-000477,ACCT-000150,B0012,7.43,2026-07-15T11:08:21+00:00
ADS-000478,ACCT-000151,B0012,-92.52,2026-07-15T11:08:21+00:00
ADS-000479,ACCT-000075,B0013,-0.07,2026-07-15T12:49:22+00:00
ADS-000480,ACCT-000123,B0013,77.59,2026-07-15T12:49:22+00:00
ADS-000481,ACCT-000013,B0013,23.24,2026-07-15T12:49:22+00:00
ADS-000482,ACCT-000050,B0013,-29.8,2026-07-15T12:49:22+00:00
ADS-000483,ACCT-000041,B0013,0.0,2026-07-15T12:49:22+00:00
ADS-000484,ACCT-000132,B0013,0.0,2026-07-15T12:49:22+00:00
ADS-000485,ACCT-000025,B0013,0.0,2026-07-15T12:49:22+00:00
ADS-000486,ACCT-000061,B0013,31.93,2026-07-15T12:49:22+00:00
ADS-000487,ACCT-000126,B0013,0.0,2026-07-15T12:49:22+00:00
ADS-000488,ACCT-000051,B0013,16.92,2026-07-15T12:49:22+00:00
ADS-000489,ACCT-000150,B0013,-8.05,2026-07-15T12:49:22+00:00
ADS-000490,ACCT-000059,B0013,0.0,2026-07-15T12:49:22+00:00
ADS-000491,ACCT-000121,B0013,-5.07,2026-07-15T12:49:22+00:00
ADS-000492,ACCT-000032,B0013,0.0,2026-07-15T12:49:22+00:00
ADS-000493,ACCT-000118,B0013,6.11,2026-07-15T12:49:22+00:00
ADS-000494,ACCT-000080,B0013,3.3,2026-07-15T12:49:22+00:00
ADS-000495,ACCT-000017,B0013,0.0,2026-07-15T12:49:22+00:00
ADS-000496,ACCT-000099,B0013,13.39,2026-07-15T12:49:22+00:00
ADS-000497,ACCT-000005,B0013,0.0,2026-07-15T12:49:22+00:00
ADS-000498,ACCT-000088,B0013,0.0,2026-07-15T12:49:22+00:00
ADS-000499,ACCT-000124,B0013,-28.65,2026-07-15T12:49:22+00:00
ADS-000500,ACCT-000115,B0013,58.01,2026-07-15T12:49:22+00:00
ADS-000501,ACCT-000056,B0013,13.1,2026-07-15T12:49:22+00:00
ADS-000502,ACCT-000014,B0013,22.81,2026-07-15T12:49:22+00:00
ADS-000503,ACCT-000120,B0013,0.0,2026-07-15T12:49:22+00:00
ADS-000504,ACCT-000083,B0013,48.65,2026-07-15T12:49:22+00:00
ADS-000505,ACCT-000101,B0013,0.0,2026-07-15T12:49:22+00:00
ADS-000506,ACCT-000102,B0013,-30.52,2026-07-15T12:49:22+00:00
ADS-000507,ACCT-000134,B0013,0.0,2026-07-15T12:49:22+00:00
ADS-000508,ACCT-000135,B0013,-6.1,2026-07-15T12:49:22+00:00
ADS-000509,ACCT-000098,B0013,14.65,2026-07-15T12:49:22+00:00
ADS-000510,ACCT-000106,B0013,0.0,2026-07-15T12:49:22+00:00
ADS-000511,ACCT-000007,B0013,3.12,2026-07-15T12:49:22+00:00
ADS-000512,ACCT-000012,B0013,38.1,2026-07-15T12:49:22+00:00
ADS-000513,ACCT-000060,B0013,19.03,2026-07-15T12:49:22+00:00
ADS-000514,ACCT-000152,B0013,0.0,2026-07-15T12:49:22+00:00
ADS-000515,ACCT-000153,B0013,0.0,2026-07-15T12:49:22+00:00
ADS-000516,ACCT-000154,B0013,26.48,2026-07-15T12:49:22+00:00
ADS-000517,ACCT-000049,B0014,-40.32,2026-07-15T14:43:18+00:00
ADS-000518,ACCT-000078,B0014,-46.09,2026-07-15T14:43:18+00:00
ADS-000519,ACCT-000148,B0014,0.0,2026-07-15T14:43:18+00:00
ADS-000520,ACCT-000093,B0014,-18.28,2026-07-15T14:43:18+00:00
ADS-000521,ACCT-000004,B0014,33.44,2026-07-15T14:43:18+00:00
ADS-000522,ACCT-000070,B0014,22.27,2026-07-15T14:43:18+00:00
ADS-000523,ACCT-000041,B0014,0.0,2026-07-15T14:43:18+00:00
ADS-000524,ACCT-000035,B0014,-21.6,2026-07-15T14:43:18+00:00
ADS-000525,ACCT-000007,B0014,-39.38,2026-07-15T14:43:18+00:00
ADS-000526,ACCT-000137,B0014,0.0,2026-07-15T14:43:18+00:00
ADS-000527,ACCT-000099,B0014,0.0,2026-07-15T14:43:18+00:00
ADS-000528,ACCT-000005,B0014,19.92,2026-07-15T14:43:18+00:00
ADS-000529,ACCT-000018,B0014,4.58,2026-07-15T14:43:18+00:00
ADS-000530,ACCT-000052,B0014,-3.69,2026-07-15T14:43:18+00:00
ADS-000531,ACCT-000086,B0014,0.0,2026-07-15T14:43:18+00:00
ADS-000532,ACCT-000083,B0014,-11.84,2026-07-15T14:43:18+00:00
ADS-000533,ACCT-000045,B0014,43.66,2026-07-15T14:43:18+00:00
ADS-000534,ACCT-000040,B0014,32.4,2026-07-15T14:43:18+00:00
ADS-000535,ACCT-000081,B0014,-4.11,2026-07-15T14:43:18+00:00
ADS-000536,ACCT-000069,B0014,-18.41,2026-07-15T14:43:18+00:00
ADS-000537,ACCT-000085,B0014,0.0,2026-07-15T14:43:18+00:00
ADS-000538,ACCT-000098,B0014,0.0,2026-07-15T14:43:18+00:00
ADS-000539,ACCT-000011,B0014,0.0,2026-07-15T14:43:18+00:00
ADS-000540,ACCT-000015,B0014,0.0,2026-07-15T14:43:18+00:00
ADS-000541,ACCT-000143,B0014,0.0,2026-07-15T14:43:18+00:00
ADS-000542,ACCT-000028,B0014,22.61,2026-07-15T14:43:18+00:00
ADS-000543,ACCT-000127,B0014,-41.98,2026-07-15T14:43:18+00:00
ADS-000544,ACCT-000019,B0014,-35.19,2026-07-15T14:43:18+00:00
ADS-000545,ACCT-000090,B0014,14.42,2026-07-15T14:43:18+00:00
ADS-000546,ACCT-000038,B0014,0.0,2026-07-15T14:43:18+00:00
ADS-000547,ACCT-000048,B0014,0.0,2026-07-15T14:43:18+00:00
ADS-000548,ACCT-000145,B0014,0.0,2026-07-15T14:43:18+00:00
ADS-000549,ACCT-000155,B0014,-17.46,2026-07-15T14:43:18+00:00
ADS-000550,ACCT-000156,B0014,-43.35,2026-07-15T14:43:18+00:00
ADS-000551,ACCT-000157,B0014,15.6,2026-07-15T14:43:18+00:00
ADS-000552,ACCT-000009,B0015,0.0,2026-07-15T16:14:57+00:00
ADS-000553,ACCT-000026,B0015,25.92,2026-07-15T16:14:57+00:00
ADS-000554,ACCT-000064,B0015,0.0,2026-07-15T16:14:57+00:00
ADS-000555,ACCT-000034,B0015,4.37,2026-07-15T16:14:57+00:00
ADS-000556,ACCT-000021,B0015,0.0,2026-07-15T16:14:57+00:00
ADS-000557,ACCT-000100,B0015,10.09,2026-07-15T16:14:57+00:00
ADS-000558,ACCT-000086,B0015,0.0,2026-07-15T16:14:57+00:00
ADS-000559,ACCT-000003,B0015,0.0,2026-07-15T16:14:57+00:00
ADS-000560,ACCT-000078,B0015,-27.15,2026-07-15T16:14:57+00:00
ADS-000561,ACCT-000069,B0015,-52.91,2026-07-15T16:14:57+00:00
ADS-000562,ACCT-000047,B0015,19.27,2026-07-15T16:14:57+00:00
ADS-000563,ACCT-000152,B0015,0.0,2026-07-15T16:14:57+00:00
ADS-000564,ACCT-000079,B0015,27.86,2026-07-15T16:14:57+00:00
ADS-000565,ACCT-000023,B0015,-25.54,2026-07-15T16:14:57+00:00
ADS-000566,ACCT-000001,B0015,0.0,2026-07-15T16:14:57+00:00
ADS-000567,ACCT-000061,B0015,-41.94,2026-07-15T16:14:57+00:00
ADS-000568,ACCT-000057,B0015,49.62,2026-07-15T16:14:57+00:00
ADS-000569,ACCT-000033,B0015,0.0,2026-07-15T16:14:57+00:00
ADS-000570,ACCT-000129,B0015,-41.43,2026-07-15T16:14:57+00:00
ADS-000571,ACCT-000123,B0015,-15.58,2026-07-15T16:14:57+00:00
ADS-000572,ACCT-000137,B0015,0.0,2026-07-15T16:14:57+00:00
ADS-000573,ACCT-000042,B0015,-35.22,2026-07-15T16:14:57+00:00
ADS-000574,ACCT-000036,B0015,0.0,2026-07-15T16:14:57+00:00
ADS-000575,ACCT-000116,B0015,0.0,2026-07-15T16:14:57+00:00
ADS-000576,ACCT-000140,B0015,-12.65,2026-07-15T16:14:57+00:00
ADS-000577,ACCT-000050,B0015,0.0,2026-07-15T16:14:57+00:00
ADS-000578,ACCT-000010,B0015,0.0,2026-07-15T16:14:57+00:00
ADS-000579,ACCT-000022,B0015,14.64,2026-07-15T16:14:57+00:00
ADS-000580,ACCT-000158,B0015,50.51,2026-07-15T16:14:57+00:00
ADS-000581,ACCT-000159,B0015,14.19,2026-07-15T16:14:57+00:00
ADS-000582,ACCT-000096,B0016,-12.02,2026-07-15T17:44:30+00:00
ADS-000583,ACCT-000060,B0016,0.0,2026-07-15T17:44:30+00:00
ADS-000584,ACCT-000130,B0016,3.5,2026-07-15T17:44:30+00:00
ADS-000585,ACCT-000027,B0016,0.0,2026-07-15T17:44:30+00:00
ADS-000586,ACCT-000035,B0016,-5.5,2026-07-15T17:44:30+00:00
ADS-000587,ACCT-000049,B0016,49.93,2026-07-15T17:44:30+00:00
ADS-000588,ACCT-000158,B0016,46.42,2026-07-15T17:44:30+00:00
ADS-000589,ACCT-000088,B0016,-69.27,2026-07-15T17:44:30+00:00
ADS-000590,ACCT-000001,B0016,0.0,2026-07-15T17:44:30+00:00
ADS-000591,ACCT-000037,B0016,0.0,2026-07-15T17:44:30+00:00
ADS-000592,ACCT-000077,B0016,56.11,2026-07-15T17:44:30+00:00
ADS-000593,ACCT-000144,B0016,0.0,2026-07-15T17:44:30+00:00
ADS-000594,ACCT-000092,B0016,-19.28,2026-07-15T17:44:30+00:00
ADS-000595,ACCT-000010,B0016,-15.75,2026-07-15T17:44:30+00:00
ADS-000596,ACCT-000090,B0016,0.0,2026-07-15T17:44:30+00:00
ADS-000597,ACCT-000147,B0016,19.23,2026-07-15T17:44:30+00:00
ADS-000598,ACCT-000070,B0016,33.78,2026-07-15T17:44:30+00:00
ADS-000599,ACCT-000039,B0016,-13.91,2026-07-15T17:44:30+00:00
ADS-000600,ACCT-000089,B0016,0.0,2026-07-15T17:44:30+00:00
ADS-000601,ACCT-000086,B0016,28.2,2026-07-15T17:44:30+00:00
ADS-000602,ACCT-000139,B0016,0.0,2026-07-15T17:44:30+00:00
ADS-000603,ACCT-000103,B0016,56.44,2026-07-15T17:44:30+00:00
ADS-000604,ACCT-000142,B0016,-25.68,2026-07-15T17:44:30+00:00
ADS-000605,ACCT-000036,B0016,0.0,2026-07-15T17:44:30+00:00
ADS-000606,ACCT-000117,B0016,47.2,2026-07-15T17:44:30+00:00
ADS-000607,ACCT-000112,B0016,0.44,2026-07-15T17:44:30+00:00
ADS-000608,ACCT-000121,B0016,-39.42,2026-07-15T17:44:30+00:00
ADS-000609,ACCT-000019,B0016,-30.38,2026-07-15T17:44:30+00:00
ADS-000610,ACCT-000128,B0016,65.95,2026-07-15T17:44:30+00:00
ADS-000611,ACCT-000093,B0016,-26.04,2026-07-15T17:44:30+00:00
ADS-000612,ACCT-000047,B0016,0.0,2026-07-15T17:44:30+00:00
ADS-000613,ACCT-000065,B0016,-44.09,2026-07-15T17:44:30+00:00
ADS-000614,ACCT-000160,B0016,9.49,2026-07-15T17:44:30+00:00
ADS-000615,ACCT-000161,B0016,0.0,2026-07-15T17:44:30+00:00
ADS-000616,ACCT-000148,B0017,0.0,2026-07-15T18:58:12+00:00
ADS-000617,ACCT-000019,B0017,-8.03,2026-07-15T18:58:12+00:00
ADS-000618,ACCT-000086,B0017,5.48,2026-07-15T18:58:12+00:00
ADS-000619,ACCT-000052,B0017,-13.48,2026-07-15T18:58:12+00:00
ADS-000620,ACCT-000049,B0017,0.0,2026-07-15T18:58:12+00:00
ADS-000621,ACCT-000154,B0017,-37.18,2026-07-15T18:58:12+00:00
ADS-000622,ACCT-000081,B0017,-8.35,2026-07-15T18:58:12+00:00
ADS-000623,ACCT-000119,B0017,0.0,2026-07-15T18:58:12+00:00
ADS-000624,ACCT-000157,B0017,0.0,2026-07-15T18:58:12+00:00
ADS-000625,ACCT-000037,B0017,36.53,2026-07-15T18:58:12+00:00
ADS-000626,ACCT-000011,B0017,36.81,2026-07-15T18:58:12+00:00
ADS-000627,ACCT-000137,B0017,0.0,2026-07-15T18:58:12+00:00
ADS-000628,ACCT-000055,B0017,-23.02,2026-07-15T18:58:12+00:00
ADS-000629,ACCT-000065,B0017,-15.12,2026-07-15T18:58:12+00:00
ADS-000630,ACCT-000009,B0017,45.09,2026-07-15T18:58:12+00:00
ADS-000631,ACCT-000075,B0017,-58.69,2026-07-15T18:58:12+00:00
ADS-000632,ACCT-000130,B0017,-6.49,2026-07-15T18:58:12+00:00
ADS-000633,ACCT-000128,B0017,45.37,2026-07-15T18:58:12+00:00
ADS-000634,ACCT-000108,B0017,-18.72,2026-07-15T18:58:12+00:00
ADS-000635,ACCT-000082,B0017,-15.39,2026-07-15T18:58:12+00:00
ADS-000636,ACCT-000017,B0017,-24.65,2026-07-15T18:58:12+00:00
ADS-000637,ACCT-000151,B0017,-5.78,2026-07-15T18:58:12+00:00
ADS-000638,ACCT-000139,B0017,0.0,2026-07-15T18:58:12+00:00
ADS-000639,ACCT-000107,B0017,28.25,2026-07-15T18:58:12+00:00
ADS-000640,ACCT-000044,B0017,0.0,2026-07-15T18:58:12+00:00
ADS-000641,ACCT-000095,B0017,0.0,2026-07-15T18:58:12+00:00
ADS-000642,ACCT-000048,B0017,0.0,2026-07-15T18:58:12+00:00
ADS-000643,ACCT-000138,B0017,-5.52,2026-07-15T18:58:12+00:00
ADS-000644,ACCT-000056,B0017,30.33,2026-07-15T18:58:12+00:00
ADS-000645,ACCT-000097,B0017,0.0,2026-07-15T18:58:12+00:00
ADS-000646,ACCT-000106,B0017,44.0,2026-07-15T18:58:12+00:00
ADS-000647,ACCT-000006,B0017,-6.17,2026-07-15T18:58:12+00:00
ADS-000648,ACCT-000124,B0017,16.39,2026-07-15T18:58:12+00:00
ADS-000649,ACCT-000127,B0017,-11.54,2026-07-15T18:58:12+00:00
ADS-000650,ACCT-000113,B0017,2.97,2026-07-15T18:58:12+00:00
ADS-000651,ACCT-000162,B0017,0.0,2026-07-15T18:58:12+00:00
ADS-000652,ACCT-000163,B0017,-11.96,2026-07-15T18:58:12+00:00
ADS-000653,ACCT-000164,B0017,16.35,2026-07-15T18:58:12+00:00
ADS-000654,ACCT-000152,B0018,-26.67,2026-07-15T20:08:35+00:00
ADS-000655,ACCT-000153,B0018,3.11,2026-07-15T20:08:35+00:00
ADS-000656,ACCT-000106,B0018,43.22,2026-07-15T20:08:35+00:00
ADS-000657,ACCT-000030,B0018,0.0,2026-07-15T20:08:35+00:00
ADS-000658,ACCT-000143,B0018,-51.65,2026-07-15T20:08:35+00:00
ADS-000659,ACCT-000011,B0018,54.15,2026-07-15T20:08:35+00:00
ADS-000660,ACCT-000095,B0018,-60.62,2026-07-15T20:08:35+00:00
ADS-000661,ACCT-000112,B0018,45.97,2026-07-15T20:08:35+00:00
ADS-000662,ACCT-000098,B0018,0.0,2026-07-15T20:08:35+00:00
ADS-000663,ACCT-000113,B0018,0.0,2026-07-15T20:08:35+00:00
ADS-000664,ACCT-000127,B0018,-37.63,2026-07-15T20:08:35+00:00
ADS-000665,ACCT-000104,B0018,-40.04,2026-07-15T20:08:35+00:00
ADS-000666,ACCT-000077,B0018,0.0,2026-07-15T20:08:35+00:00
ADS-000667,ACCT-000131,B0018,34.44,2026-07-15T20:08:35+00:00
ADS-000668,ACCT-000148,B0018,19.65,2026-07-15T20:08:35+00:00
ADS-000669,ACCT-000046,B0018,0.0,2026-07-15T20:08:35+00:00
ADS-000670,ACCT-000100,B0018,-17.55,2026-07-15T20:08:35+00:00
ADS-000671,ACCT-000111,B0018,47.34,2026-07-15T20:08:35+00:00
ADS-000672,ACCT-000058,B0018,16.49,2026-07-15T20:08:35+00:00
ADS-000673,ACCT-000158,B0018,0.0,2026-07-15T20:08:35+00:00
ADS-000674,ACCT-000124,B0018,26.76,2026-07-15T20:08:35+00:00
ADS-000675,ACCT-000099,B0018,0.0,2026-07-15T20:08:35+00:00
ADS-000676,ACCT-000140,B0018,25.57,2026-07-15T20:08:35+00:00
ADS-000677,ACCT-000054,B0018,-16.12,2026-07-15T20:08:35+00:00
ADS-000678,ACCT-000017,B0018,0.0,2026-07-15T20:08:35+00:00
ADS-000679,ACCT-000120,B0018,0.0,2026-07-15T20:08:35+00:00
ADS-000680,ACCT-000003,B0018,0.0,2026-07-15T20:08:35+00:00
ADS-000681,ACCT-000149,B0018,41.39,2026-07-15T20:08:35+00:00
ADS-000682,ACCT-000038,B0018,33.87,2026-07-15T20:08:35+00:00
ADS-000683,ACCT-000043,B0018,21.37,2026-07-15T20:08:35+00:00
ADS-000684,ACCT-000122,B0018,-15.13,2026-07-15T20:08:35+00:00
ADS-000685,ACCT-000102,B0018,0.0,2026-07-15T20:08:35+00:00
ADS-000686,ACCT-000045,B0018,-28.18,2026-07-15T20:08:35+00:00
ADS-000687,ACCT-000165,B0018,0.0,2026-07-15T20:08:35+00:00
ADS-000688,ACCT-000166,B0018,82.77,2026-07-15T20:08:35+00:00
ADS-000689,ACCT-000011,B0019,0.0,2026-07-15T21:28:51+00:00
ADS-000690,ACCT-000002,B0019,0.0,2026-07-15T21:28:51+00:00
ADS-000691,ACCT-000052,B0019,52.87,2026-07-15T21:28:51+00:00
ADS-000692,ACCT-000074,B0019,16.91,2026-07-15T21:28:51+00:00
ADS-000693,ACCT-000067,B0019,12.61,2026-07-15T21:28:51+00:00
ADS-000694,ACCT-000123,B0019,19.78,2026-07-15T21:28:51+00:00
ADS-000695,ACCT-000117,B0019,-3.79,2026-07-15T21:28:51+00:00
ADS-000696,ACCT-000129,B0019,-25.77,2026-07-15T21:28:51+00:00
ADS-000697,ACCT-000027,B0019,8.88,2026-07-15T21:28:51+00:00
ADS-000698,ACCT-000153,B0019,-47.5,2026-07-15T21:28:51+00:00
ADS-000699,ACCT-000093,B0019,-19.74,2026-07-15T21:28:51+00:00
ADS-000700,ACCT-000014,B0019,31.16,2026-07-15T21:28:51+00:00
ADS-000701,ACCT-000103,B0019,-4.4,2026-07-15T21:28:51+00:00
ADS-000702,ACCT-000134,B0019,5.75,2026-07-15T21:28:51+00:00
ADS-000703,ACCT-000054,B0019,-10.77,2026-07-15T21:28:51+00:00
ADS-000704,ACCT-000066,B0019,0.0,2026-07-15T21:28:51+00:00
ADS-000705,ACCT-000091,B0019,0.0,2026-07-15T21:28:51+00:00
ADS-000706,ACCT-000160,B0019,4.57,2026-07-15T21:28:51+00:00
ADS-000707,ACCT-000145,B0019,-7.5,2026-07-15T21:28:51+00:00
ADS-000708,ACCT-000082,B0019,9.73,2026-07-15T21:28:51+00:00
ADS-000709,ACCT-000047,B0019,0.0,2026-07-15T21:28:51+00:00
ADS-000710,ACCT-000130,B0019,0.0,2026-07-15T21:28:51+00:00
ADS-000711,ACCT-000031,B0019,66.73,2026-07-15T21:28:51+00:00
ADS-000712,ACCT-000164,B0019,0.0,2026-07-15T21:28:51+00:00
ADS-000713,ACCT-000086,B0019,14.31,2026-07-15T21:28:51+00:00
ADS-000714,ACCT-000113,B0019,-39.4,2026-07-15T21:28:51+00:00
ADS-000715,ACCT-000025,B0019,48.35,2026-07-15T21:28:51+00:00
ADS-000716,ACCT-000068,B0019,0.0,2026-07-15T21:28:51+00:00
ADS-000717,ACCT-000105,B0019,-12.52,2026-07-15T21:28:51+00:00
ADS-000718,ACCT-000056,B0019,-34.8,2026-07-15T21:28:51+00:00
ADS-000719,ACCT-000167,B0019,28.44,2026-07-15T21:28:51+00:00
ADS-000720,ACCT-000168,B0019,0.0,2026-07-15T21:28:51+00:00
ADS-000721,ACCT-000169,B0019,0.0,2026-07-15T21:28:51+00:00
ADS-000722,ACCT-000170,B0019,-4.55,2026-07-15T21:28:51+00:00
ADS-000723,ACCT-000144,B0020,0.0,2026-07-15T22:30:17+00:00
ADS-000724,ACCT-000117,B0020,9.9,2026-07-15T22:30:17+00:00
ADS-000725,ACCT-000126,B0020,0.0,2026-07-15T22:30:17+00:00
ADS-000726,ACCT-000085,B0020,33.84,2026-07-15T22:30:17+00:00
ADS-000727,ACCT-000122,B0020,-39.24,2026-07-15T22:30:17+00:00
ADS-000728,ACCT-000100,B0020,2.04,2026-07-15T22:30:17+00:00
ADS-000729,ACCT-000150,B0020,26.48,2026-07-15T22:30:17+00:00
ADS-000730,ACCT-000140,B0020,-63.07,2026-07-15T22:30:17+00:00
ADS-000731,ACCT-000131,B0020,45.27,2026-07-15T22:30:17+00:00
ADS-000732,ACCT-000095,B0020,-27.38,2026-07-15T22:30:17+00:00
ADS-000733,ACCT-000111,B0020,-6.98,2026-07-15T22:30:17+00:00
ADS-000734,ACCT-000129,B0020,33.81,2026-07-15T22:30:17+00:00
ADS-000735,ACCT-000136,B0020,-11.15,2026-07-15T22:30:17+00:00
ADS-000736,ACCT-000161,B0020,0.0,2026-07-15T22:30:17+00:00
ADS-000737,ACCT-000028,B0020,93.82,2026-07-15T22:30:17+00:00
ADS-000738,ACCT-000054,B0020,-29.94,2026-07-15T22:30:17+00:00
ADS-000739,ACCT-000079,B0020,39.59,2026-07-15T22:30:17+00:00
ADS-000740,ACCT-000046,B0020,0.0,2026-07-15T22:30:17+00:00
ADS-000741,ACCT-000070,B0020,-15.74,2026-07-15T22:30:17+00:00
ADS-000742,ACCT-000011,B0020,0.0,2026-07-15T22:30:17+00:00
ADS-000743,ACCT-000081,B0020,-11.29,2026-07-15T22:30:17+00:00
ADS-000744,ACCT-000169,B0020,0.0,2026-07-15T22:30:17+00:00
ADS-000745,ACCT-000088,B0020,45.03,2026-07-15T22:30:17+00:00
ADS-000746,ACCT-000005,B0020,30.68,2026-07-15T22:30:17+00:00
ADS-000747,ACCT-000066,B0020,-10.87,2026-07-15T22:30:17+00:00
ADS-000748,ACCT-000059,B0020,-67.69,2026-07-15T22:30:17+00:00
ADS-000749,ACCT-000134,B0020,-69.7,2026-07-15T22:30:17+00:00
ADS-000750,ACCT-000171,B0020,0.0,2026-07-15T22:30:17+00:00
ADS-000751,ACCT-000172,B0020,0.0,2026-07-15T22:30:17+00:00
ADS-000752,ACCT-000173,B0020,0.0,2026-07-15T22:30:17+00:00
ADS-000753,ACCT-000136,B0021,0.0,2026-07-15T23:31:36+00:00
ADS-000754,ACCT-000024,B0021,-30.7,2026-07-15T23:31:36+00:00
ADS-000755,ACCT-000116,B0021,-28.01,2026-07-15T23:31:36+00:00
ADS-000756,ACCT-000069,B0021,47.6,2026-07-15T23:31:36+00:00
ADS-000757,ACCT-000015,B0021,-46.43,2026-07-15T23:31:36+00:00
ADS-000758,ACCT-000092,B0021,0.0,2026-07-15T23:31:36+00:00
ADS-000759,ACCT-000042,B0021,-35.28,2026-07-15T23:31:36+00:00
ADS-000760,ACCT-000158,B0021,0.0,2026-07-15T23:31:36+00:00
ADS-000761,ACCT-000081,B0021,35.42,2026-07-15T23:31:36+00:00
ADS-000762,ACCT-000052,B0021,-26.51,2026-07-15T23:31:36+00:00
ADS-000763,ACCT-000153,B0021,-37.36,2026-07-15T23:31:36+00:00
ADS-000764,ACCT-000045,B0021,5.92,2026-07-15T23:31:36+00:00
ADS-000765,ACCT-000149,B0021,0.0,2026-07-15T23:31:36+00:00
ADS-000766,ACCT-000072,B0021,-0.57,2026-07-15T23:31:36+00:00
ADS-000767,ACCT-000138,B0021,0.0,2026-07-15T23:31:36+00:00
ADS-000768,ACCT-000103,B0021,34.9,2026-07-15T23:31:36+00:00
ADS-000769,ACCT-000096,B0021,29.49,2026-07-15T23:31:36+00:00
ADS-000770,ACCT-000157,B0021,0.0,2026-07-15T23:31:36+00:00
ADS-000771,ACCT-000019,B0021,54.5,2026-07-15T23:31:36+00:00
ADS-000772,ACCT-000139,B0021,0.0,2026-07-15T23:31:36+00:00
ADS-000773,ACCT-000086,B0021,-25.05,2026-07-15T23:31:36+00:00
ADS-000774,ACCT-000172,B0021,44.05,2026-07-15T23:31:36+00:00
ADS-000775,ACCT-000141,B0021,2.2,2026-07-15T23:31:36+00:00
ADS-000776,ACCT-000131,B0021,38.96,2026-07-15T23:31:36+00:00
ADS-000777,ACCT-000028,B0021,-48.26,2026-07-15T23:31:36+00:00
ADS-000778,ACCT-000135,B0021,0.0,2026-07-15T23:31:36+00:00
ADS-000779,ACCT-000108,B0021,57.99,2026-07-15T23:31:36+00:00
ADS-000780,ACCT-000082,B0021,4.76,2026-07-15T23:31:36+00:00
ADS-000781,ACCT-000167,B0021,0.0,2026-07-15T23:31:36+00:00
ADS-000782,ACCT-000093,B0021,85.67,2026-07-15T23:31:36+00:00
ADS-000783,ACCT-000030,B0021,-28.32,2026-07-15T23:31:36+00:00
ADS-000784,ACCT-000097,B0021,-41.97,2026-07-15T23:31:36+00:00
ADS-000785,ACCT-000174,B0021,8.97,2026-07-15T23:31:36+00:00
ADS-000786,ACCT-000175,B0021,41.42,2026-07-15T23:31:36+00:00
ADS-000787,ACCT-000176,B0021,0.0,2026-07-15T23:31:36+00:00
ADS-000788,ACCT-000177,B0021,0.0,2026-07-15T23:31:36+00:00
ADS-000789,ACCT-000084,B0022,21.7,2026-07-16T01:51:46+00:00
ADS-000790,ACCT-000014,B0022,-47.13,2026-07-16T01:51:46+00:00
ADS-000791,ACCT-000082,B0022,0.0,2026-07-16T01:51:46+00:00
ADS-000792,ACCT-000090,B0022,-59.3,2026-07-16T01:51:46+00:00
ADS-000793,ACCT-000112,B0022,36.95,2026-07-16T01:51:46+00:00
ADS-000794,ACCT-000063,B0022,0.0,2026-07-16T01:51:46+00:00
ADS-000795,ACCT-000088,B0022,34.3,2026-07-16T01:51:46+00:00
ADS-000796,ACCT-000108,B0022,-11.56,2026-07-16T01:51:46+00:00
ADS-000797,ACCT-000007,B0022,-23.41,2026-07-16T01:51:46+00:00
ADS-000798,ACCT-000172,B0022,-45.39,2026-07-16T01:51:46+00:00
ADS-000799,ACCT-000025,B0022,-14.13,2026-07-16T01:51:46+00:00
ADS-000800,ACCT-000174,B0022,0.0,2026-07-16T01:51:46+00:00
ADS-000801,ACCT-000104,B0022,-32.7,2026-07-16T01:51:46+00:00
ADS-000802,ACCT-000057,B0022,43.47,2026-07-16T01:51:46+00:00
ADS-000803,ACCT-000089,B0022,-11.3,2026-07-16T01:51:46+00:00
ADS-000804,ACCT-000137,B0022,5.98,2026-07-16T01:51:46+00:00
ADS-000805,ACCT-000154,B0022,10.43,2026-07-16T01:51:46+00:00
ADS-000806,ACCT-000148,B0022,-15.75,2026-07-16T01:51:46+00:00
ADS-000807,ACCT-000114,B0022,38.7,2026-07-16T01:51:46+00:00
ADS-000808,ACCT-000150,B0022,0.0,2026-07-16T01:51:46+00:00
ADS-000809,ACCT-000044,B0022,0.0,2026-07-16T01:51:46+00:00
ADS-000810,ACCT-000053,B0022,0.0,2026-07-16T01:51:46+00:00
ADS-000811,ACCT-000036,B0022,0.0,2026-07-16T01:51:46+00:00
ADS-000812,ACCT-000103,B0022,-23.67,2026-07-16T01:51:46+00:00
ADS-000813,ACCT-000070,B0022,-26.97,2026-07-16T01:51:46+00:00
ADS-000814,ACCT-000165,B0022,-41.55,2026-07-16T01:51:46+00:00
ADS-000815,ACCT-000178,B0022,2.44,2026-07-16T01:51:46+00:00
ADS-000816,ACCT-000179,B0022,29.81,2026-07-16T01:51:46+00:00
ADS-000817,ACCT-000132,B0023,-62.53,2026-07-16T04:53:53+00:00
ADS-000818,ACCT-000088,B0023,0.0,2026-07-16T04:53:53+00:00
ADS-000819,ACCT-000123,B0023,0.0,2026-07-16T04:53:53+00:00
ADS-000820,ACCT-000148,B0023,0.0,2026-07-16T04:53:53+00:00
ADS-000821,ACCT-000130,B0023,-19.64,2026-07-16T04:53:53+00:00
ADS-000822,ACCT-000104,B0023,-67.24,2026-07-16T04:53:53+00:00
ADS-000823,ACCT-000089,B0023,0.0,2026-07-16T04:53:53+00:00
ADS-000824,ACCT-000169,B0023,-47.56,2026-07-16T04:53:53+00:00
ADS-000825,ACCT-000048,B0023,20.01,2026-07-16T04:53:53+00:00
ADS-000826,ACCT-000155,B0023,-25.49,2026-07-16T04:53:53+00:00
ADS-000827,ACCT-000056,B0023,-18.22,2026-07-16T04:53:53+00:00
ADS-000828,ACCT-000081,B0023,-3.74,2026-07-16T04:53:53+00:00
ADS-000829,ACCT-000174,B0023,4.98,2026-07-16T04:53:53+00:00
ADS-000830,ACCT-000153,B0023,-42.79,2026-07-16T04:53:53+00:00
ADS-000831,ACCT-000058,B0023,67.51,2026-07-16T04:53:53+00:00
ADS-000832,ACCT-000063,B0023,-30.39,2026-07-16T04:53:53+00:00
ADS-000833,ACCT-000145,B0023,0.0,2026-07-16T04:53:53+00:00
ADS-000834,ACCT-000037,B0023,0.0,2026-07-16T04:53:53+00:00
ADS-000835,ACCT-000075,B0023,0.0,2026-07-16T04:53:53+00:00
ADS-000836,ACCT-000114,B0023,8.11,2026-07-16T04:53:53+00:00
ADS-000837,ACCT-000044,B0023,3.78,2026-07-16T04:53:53+00:00
ADS-000838,ACCT-000022,B0023,-55.95,2026-07-16T04:53:53+00:00
ADS-000839,ACCT-000156,B0023,-22.86,2026-07-16T04:53:53+00:00
ADS-000840,ACCT-000033,B0023,8.05,2026-07-16T04:53:53+00:00
ADS-000841,ACCT-000036,B0023,9.5,2026-07-16T04:53:53+00:00
ADS-000842,ACCT-000074,B0023,35.25,2026-07-16T04:53:53+00:00
ADS-000843,ACCT-000147,B0023,39.32,2026-07-16T04:53:53+00:00
ADS-000844,ACCT-000070,B0023,-48.16,2026-07-16T04:53:53+00:00
ADS-000845,ACCT-000115,B0023,0.0,2026-07-16T04:53:53+00:00
ADS-000846,ACCT-000136,B0023,-20.45,2026-07-16T04:53:53+00:00
ADS-000847,ACCT-000078,B0023,0.0,2026-07-16T04:53:53+00:00
ADS-000848,ACCT-000042,B0023,-68.06,2026-07-16T04:53:53+00:00
ADS-000849,ACCT-000030,B0023,0.0,2026-07-16T04:53:53+00:00
ADS-000850,ACCT-000034,B0023,0.0,2026-07-16T04:53:53+00:00
ADS-000851,ACCT-000062,B0023,0.0,2026-07-16T04:53:53+00:00
ADS-000852,ACCT-000180,B0023,6.04,2026-07-16T04:53:53+00:00
ADS-000853,ACCT-000181,B0023,0.0,2026-07-16T04:53:53+00:00
ADS-000854,ACCT-000182,B0023,0.0,2026-07-16T04:53:53+00:00
ADS-000855,ACCT-000039,B0024,-11.97,2026-07-16T07:18:19+00:00
ADS-000856,ACCT-000008,B0024,0.0,2026-07-16T07:18:19+00:00
ADS-000857,ACCT-000059,B0024,0.0,2026-07-16T07:18:19+00:00
ADS-000858,ACCT-000076,B0024,0.0,2026-07-16T07:18:19+00:00
ADS-000859,ACCT-000171,B0024,3.11,2026-07-16T07:18:19+00:00
ADS-000860,ACCT-000106,B0024,32.0,2026-07-16T07:18:19+00:00
ADS-000861,ACCT-000069,B0024,-22.6,2026-07-16T07:18:19+00:00
ADS-000862,ACCT-000057,B0024,42.8,2026-07-16T07:18:19+00:00
ADS-000863,ACCT-000001,B0024,27.94,2026-07-16T07:18:19+00:00
ADS-000864,ACCT-000074,B0024,-27.21,2026-07-16T07:18:19+00:00
ADS-000865,ACCT-000172,B0024,40.76,2026-07-16T07:18:19+00:00
ADS-000866,ACCT-000150,B0024,0.0,2026-07-16T07:18:19+00:00
ADS-000867,ACCT-000174,B0024,-2.94,2026-07-16T07:18:19+00:00
ADS-000868,ACCT-000142,B0024,29.75,2026-07-16T07:18:19+00:00
ADS-000869,ACCT-000011,B0024,0.0,2026-07-16T07:18:19+00:00
ADS-000870,ACCT-000181,B0024,-13.31,2026-07-16T07:18:19+00:00
ADS-000871,ACCT-000093,B0024,-33.38,2026-07-16T07:18:19+00:00
ADS-000872,ACCT-000079,B0024,4.59,2026-07-16T07:18:19+00:00
ADS-000873,ACCT-000062,B0024,-7.63,2026-07-16T07:18:19+00:00
ADS-000874,ACCT-000135,B0024,-8.84,2026-07-16T07:18:19+00:00
ADS-000875,ACCT-000089,B0024,-1.67,2026-07-16T07:18:19+00:00
ADS-000876,ACCT-000081,B0024,0.0,2026-07-16T07:18:19+00:00
ADS-000877,ACCT-000010,B0024,-33.12,2026-07-16T07:18:19+00:00
ADS-000878,ACCT-000180,B0024,14.19,2026-07-16T07:18:19+00:00
ADS-000879,ACCT-000163,B0024,-9.85,2026-07-16T07:18:19+00:00
ADS-000880,ACCT-000023,B0024,-76.28,2026-07-16T07:18:19+00:00
ADS-000881,ACCT-000121,B0024,-87.92,2026-07-16T07:18:19+00:00
ADS-000882,ACCT-000085,B0024,-38.17,2026-07-16T07:18:19+00:00
ADS-000883,ACCT-000183,B0024,-53.54,2026-07-16T07:18:19+00:00
ADS-000884,ACCT-000184,B0024,0.0,2026-07-16T07:18:19+00:00
ADS-000885,ACCT-000150,B0025,-41.57,2026-07-16T09:34:14+00:00
ADS-000886,ACCT-000066,B0025,-19.37,2026-07-16T09:34:14+00:00
ADS-000887,ACCT-000038,B0025,31.74,2026-07-16T09:34:14+00:00
ADS-000888,ACCT-000171,B0025,0.0,2026-07-16T09:34:14+00:00
ADS-000889,ACCT-000159,B0025,0.0,2026-07-16T09:34:14+00:00
ADS-000890,ACCT-000092,B0025,-2.75,2026-07-16T09:34:14+00:00
ADS-000891,ACCT-000162,B0025,32.69,2026-07-16T09:34:14+00:00
ADS-000892,ACCT-000121,B0025,19.71,2026-07-16T09:34:14+00:00
ADS-000893,ACCT-000049,B0025,16.9,2026-07-16T09:34:14+00:00
ADS-000894,ACCT-000018,B0025,7.62,2026-07-16T09:34:14+00:00
ADS-000895,ACCT-000026,B0025,0.0,2026-07-16T09:34:14+00:00
ADS-000896,ACCT-000115,B0025,0.0,2026-07-16T09:34:14+00:00
ADS-000897,ACCT-000119,B0025,0.0,2026-07-16T09:34:14+00:00
ADS-000898,ACCT-000005,B0025,0.0,2026-07-16T09:34:14+00:00
ADS-000899,ACCT-000006,B0025,-47.3,2026-07-16T09:34:14+00:00
ADS-000900,ACCT-000098,B0025,38.04,2026-07-16T09:34:14+00:00
ADS-000901,ACCT-000023,B0025,15.99,2026-07-16T09:34:14+00:00
ADS-000902,ACCT-000140,B0025,0.0,2026-07-16T09:34:14+00:00
ADS-000903,ACCT-000078,B0025,69.65,2026-07-16T09:34:14+00:00
ADS-000904,ACCT-000093,B0025,0.0,2026-07-16T09:34:14+00:00
ADS-000905,ACCT-000129,B0025,4.46,2026-07-16T09:34:14+00:00
ADS-000906,ACCT-000142,B0025,-25.4,2026-07-16T09:34:14+00:00
ADS-000907,ACCT-000114,B0025,0.0,2026-07-16T09:34:14+00:00
ADS-000908,ACCT-000165,B0025,-48.85,2026-07-16T09:34:14+00:00
ADS-000909,ACCT-000022,B0025,10.0,2026-07-16T09:34:14+00:00
ADS-000910,ACCT-000036,B0025,37.94,2026-07-16T09:34:14+00:00
ADS-000911,ACCT-000071,B0025,-11.49,2026-07-16T09:34:14+00:00
ADS-000912,ACCT-000185,B0025,27.04,2026-07-16T09:34:14+00:00
ADS-000913,ACCT-000186,B0025,5.48,2026-07-16T09:34:14+00:00
ADS-000914,ACCT-000187,B0025,12.97,2026-07-16T09:34:14+00:00
ADS-000915,ACCT-000188,B0025,-15.53,2026-07-16T09:34:14+00:00
ADS-000916,ACCT-000093,B0026,-23.48,2026-07-16T11:28:07+00:00
ADS-000917,ACCT-000187,B0026,-58.53,2026-07-16T11:28:07+00:00
ADS-000918,ACCT-000149,B0026,6.87,2026-07-16T11:28:07+00:00
ADS-000919,ACCT-000026,B0026,29.57,2026-07-16T11:28:07+00:00
ADS-000920,ACCT-000062,B0026,78.21,2026-07-16T11:28:07+00:00
ADS-000921,ACCT-000101,B0026,-9.79,2026-07-16T11:28:07+00:00
ADS-000922,ACCT-000177,B0026,-80.47,2026-07-16T11:28:07+00:00
ADS-000923,ACCT-000169,B0026,-1.31,2026-07-16T11:28:07+00:00
ADS-000924,ACCT-000100,B0026,-16.61,2026-07-16T11:28:07+00:00
ADS-000925,ACCT-000025,B0026,12.98,2026-07-16T11:28:07+00:00
ADS-000926,ACCT-000051,B0026,-34.46,2026-07-16T11:28:07+00:00
ADS-000927,ACCT-000011,B0026,-14.51,2026-07-16T11:28:07+00:00
ADS-000928,ACCT-000076,B0026,42.51,2026-07-16T11:28:07+00:00
ADS-000929,ACCT-000027,B0026,27.63,2026-07-16T11:28:07+00:00
ADS-000930,ACCT-000006,B0026,0.0,2026-07-16T11:28:07+00:00
ADS-000931,ACCT-000145,B0026,9.98,2026-07-16T11:28:07+00:00
ADS-000932,ACCT-000135,B0026,-68.44,2026-07-16T11:28:07+00:00
ADS-000933,ACCT-000120,B0026,0.0,2026-07-16T11:28:07+00:00
ADS-000934,ACCT-000113,B0026,-11.41,2026-07-16T11:28:07+00:00
ADS-000935,ACCT-000116,B0026,0.0,2026-07-16T11:28:07+00:00
ADS-000936,ACCT-000042,B0026,-46.37,2026-07-16T11:28:07+00:00
ADS-000937,ACCT-000058,B0026,-42.14,2026-07-16T11:28:07+00:00
ADS-000938,ACCT-000008,B0026,0.0,2026-07-16T11:28:07+00:00
ADS-000939,ACCT-000005,B0026,3.08,2026-07-16T11:28:07+00:00
ADS-000940,ACCT-000154,B0026,-73.02,2026-07-16T11:28:07+00:00
ADS-000941,ACCT-000146,B0026,38.52,2026-07-16T11:28:07+00:00
ADS-000942,ACCT-000168,B0026,29.77,2026-07-16T11:28:07+00:00
ADS-000943,ACCT-000105,B0026,0.0,2026-07-16T11:28:07+00:00
ADS-000944,ACCT-000044,B0026,0.0,2026-07-16T11:28:07+00:00
ADS-000945,ACCT-000160,B0026,64.96,2026-07-16T11:28:07+00:00
ADS-000946,ACCT-000018,B0026,5.4,2026-07-16T11:28:07+00:00
ADS-000947,ACCT-000181,B0026,64.36,2026-07-16T11:28:07+00:00
ADS-000948,ACCT-000030,B0026,-35.61,2026-07-16T11:28:07+00:00
ADS-000949,ACCT-000077,B0026,-6.73,2026-07-16T11:28:07+00:00
ADS-000950,ACCT-000152,B0026,-35.57,2026-07-16T11:28:07+00:00
ADS-000951,ACCT-000189,B0026,-19.92,2026-07-16T11:28:07+00:00
ADS-000952,ACCT-000190,B0026,-33.04,2026-07-16T11:28:07+00:00
ADS-000953,ACCT-000191,B0026,38.13,2026-07-16T11:28:07+00:00
ADS-000954,ACCT-000192,B0026,-11.25,2026-07-16T11:28:07+00:00
ADS-000955,ACCT-000127,B0027,0.0,2026-07-16T12:59:56+00:00
ADS-000956,ACCT-000166,B0027,57.25,2026-07-16T12:59:56+00:00
ADS-000957,ACCT-000129,B0027,11.5,2026-07-16T12:59:56+00:00
ADS-000958,ACCT-000157,B0027,23.22,2026-07-16T12:59:56+00:00
ADS-000959,ACCT-000035,B0027,0.0,2026-07-16T12:59:56+00:00
ADS-000960,ACCT-000135,B0027,32.27,2026-07-16T12:59:56+00:00
ADS-000961,ACCT-000132,B0027,-14.4,2026-07-16T12:59:56+00:00
ADS-000962,ACCT-000023,B0027,0.0,2026-07-16T12:59:56+00:00
ADS-000963,ACCT-000159,B0027,-7.83,2026-07-16T12:59:56+00:00
ADS-000964,ACCT-000179,B0027,36.96,2026-07-16T12:59:56+00:00
ADS-000965,ACCT-000024,B0027,-40.95,2026-07-16T12:59:56+00:00
ADS-000966,ACCT-000094,B0027,0.0,2026-07-16T12:59:56+00:00
ADS-000967,ACCT-000188,B0027,-62.88,2026-07-16T12:59:56+00:00
ADS-000968,ACCT-000040,B0027,0.0,2026-07-16T12:59:56+00:00
ADS-000969,ACCT-000078,B0027,43.65,2026-07-16T12:59:56+00:00
ADS-000970,ACCT-000176,B0027,-16.3,2026-07-16T12:59:56+00:00
ADS-000971,ACCT-000062,B0027,0.0,2026-07-16T12:59:56+00:00
ADS-000972,ACCT-000190,B0027,0.0,2026-07-16T12:59:56+00:00
ADS-000973,ACCT-000154,B0027,7.01,2026-07-16T12:59:56+00:00
ADS-000974,ACCT-000022,B0027,12.42,2026-07-16T12:59:56+00:00
ADS-000975,ACCT-000009,B0027,0.0,2026-07-16T12:59:56+00:00
ADS-000976,ACCT-000161,B0027,0.0,2026-07-16T12:59:56+00:00
ADS-000977,ACCT-000111,B0027,-8.41,2026-07-16T12:59:56+00:00
ADS-000978,ACCT-000155,B0027,0.0,2026-07-16T12:59:56+00:00
ADS-000979,ACCT-000102,B0027,-23.51,2026-07-16T12:59:56+00:00
ADS-000980,ACCT-000165,B0027,0.0,2026-07-16T12:59:56+00:00
ADS-000981,ACCT-000193,B0027,19.65,2026-07-16T12:59:56+00:00
ADS-000982,ACCT-000194,B0027,-41.97,2026-07-16T12:59:56+00:00
ADS-000983,ACCT-000166,B0028,-40.63,2026-07-16T15:05:52+00:00
ADS-000984,ACCT-000005,B0028,0.0,2026-07-16T15:05:52+00:00
ADS-000985,ACCT-000059,B0028,-41.07,2026-07-16T15:05:52+00:00
ADS-000986,ACCT-000080,B0028,-2.31,2026-07-16T15:05:52+00:00
ADS-000987,ACCT-000052,B0028,0.0,2026-07-16T15:05:52+00:00
ADS-000988,ACCT-000097,B0028,40.4,2026-07-16T15:05:52+00:00
ADS-000989,ACCT-000101,B0028,-27.54,2026-07-16T15:05:52+00:00
ADS-000990,ACCT-000084,B0028,-36.24,2026-07-16T15:05:52+00:00
ADS-000991,ACCT-000098,B0028,0.0,2026-07-16T15:05:52+00:00
ADS-000992,ACCT-000008,B0028,-45.28,2026-07-16T15:05:52+00:00
ADS-000993,ACCT-000119,B0028,7.97,2026-07-16T15:05:52+00:00
ADS-000994,ACCT-000071,B0028,0.0,2026-07-16T15:05:52+00:00
ADS-000995,ACCT-000163,B0028,-85.6,2026-07-16T15:05:52+00:00
ADS-000996,ACCT-000120,B0028,28.21,2026-07-16T15:05:52+00:00
ADS-000997,ACCT-000141,B0028,0.0,2026-07-16T15:05:52+00:00
ADS-000998,ACCT-000019,B0028,-34.28,2026-07-16T15:05:52+00:00
ADS-000999,ACCT-000159,B0028,26.62,2026-07-16T15:05:52+00:00
ADS-001000,ACCT-000142,B0028,24.4,2026-07-16T15:05:52+00:00
ADS-001001,ACCT-000127,B0028,-14.95,2026-07-16T15:05:52+00:00
ADS-001002,ACCT-000061,B0028,-76.62,2026-07-16T15:05:52+00:00
ADS-001003,ACCT-000125,B0028,0.0,2026-07-16T15:05:52+00:00
ADS-001004,ACCT-000132,B0028,-12.16,2026-07-16T15:05:52+00:00
ADS-001005,ACCT-000038,B0028,-24.04,2026-07-16T15:05:52+00:00
ADS-001006,ACCT-000100,B0028,-9.56,2026-07-16T15:05:52+00:00
ADS-001007,ACCT-000007,B0028,0.0,2026-07-16T15:05:52+00:00
ADS-001008,ACCT-000093,B0028,0.0,2026-07-16T15:05:52+00:00
ADS-001009,ACCT-000195,B0028,0.0,2026-07-16T15:05:52+00:00
ADS-001010,ACCT-000196,B0028,-9.33,2026-07-16T15:05:52+00:00
ADS-001011,ACCT-000197,B0028,-46.29,2026-07-16T15:05:52+00:00
ADS-001012,ACCT-000096,B0029,0.0,2026-07-16T16:47:43+00:00
ADS-001013,ACCT-000012,B0029,31.94,2026-07-16T16:47:43+00:00
ADS-001014,ACCT-000026,B0029,0.0,2026-07-16T16:47:43+00:00
ADS-001015,ACCT-000187,B0029,0.0,2026-07-16T16:47:43+00:00
ADS-001016,ACCT-000017,B0029,0.0,2026-07-16T16:47:43+00:00
ADS-001017,ACCT-000114,B0029,-6.5,2026-07-16T16:47:43+00:00
ADS-001018,ACCT-000032,B0029,1.79,2026-07-16T16:47:43+00:00
ADS-001019,ACCT-000103,B0029,-35.34,2026-07-16T16:47:43+00:00
ADS-001020,ACCT-000064,B0029,0.0,2026-07-16T16:47:43+00:00
ADS-001021,ACCT-000056,B0029,0.0,2026-07-16T16:47:43+00:00
ADS-001022,ACCT-000022,B0029,-83.41,2026-07-16T16:47:43+00:00
ADS-001023,ACCT-000003,B0029,35.78,2026-07-16T16:47:43+00:00
ADS-001024,ACCT-000009,B0029,-14.83,2026-07-16T16:47:43+00:00
ADS-001025,ACCT-000011,B0029,3.41,2026-07-16T16:47:43+00:00
ADS-001026,ACCT-000112,B0029,46.66,2026-07-16T16:47:43+00:00
ADS-001027,ACCT-000070,B0029,40.57,2026-07-16T16:47:43+00:00
ADS-001028,ACCT-000188,B0029,53.27,2026-07-16T16:47:43+00:00
ADS-001029,ACCT-000153,B0029,-7.82,2026-07-16T16:47:43+00:00
ADS-001030,ACCT-000110,B0029,-27.59,2026-07-16T16:47:43+00:00
ADS-001031,ACCT-000057,B0029,0.0,2026-07-16T16:47:43+00:00
ADS-001032,ACCT-000041,B0029,-1.99,2026-07-16T16:47:43+00:00
ADS-001033,ACCT-000172,B0029,-4.99,2026-07-16T16:47:43+00:00
ADS-001034,ACCT-000007,B0029,4.11,2026-07-16T16:47:43+00:00
ADS-001035,ACCT-000048,B0029,36.29,2026-07-16T16:47:43+00:00
ADS-001036,ACCT-000118,B0029,2.88,2026-07-16T16:47:43+00:00
ADS-001037,ACCT-000174,B0029,0.0,2026-07-16T16:47:43+00:00
ADS-001038,ACCT-000001,B0029,0.0,2026-07-16T16:47:43+00:00
ADS-001039,ACCT-000051,B0029,0.0,2026-07-16T16:47:43+00:00
ADS-001040,ACCT-000094,B0029,0.0,2026-07-16T16:47:43+00:00
ADS-001041,ACCT-000198,B0029,8.23,2026-07-16T16:47:43+00:00
ADS-001042,ACCT-000199,B0029,-17.31,2026-07-16T16:47:43+00:00
ADS-001043,ACCT-000200,B0029,34.0,2026-07-16T16:47:43+00:00
ADS-001044,ACCT-000154,B0030,0.0,2026-07-16T17:59:28+00:00
ADS-001045,ACCT-000188,B0030,-1.01,2026-07-16T17:59:28+00:00
ADS-001046,ACCT-000165,B0030,21.82,2026-07-16T17:59:28+00:00
ADS-001047,ACCT-000150,B0030,28.32,2026-07-16T17:59:28+00:00
ADS-001048,ACCT-000172,B0030,-59.04,2026-07-16T17:59:28+00:00
ADS-001049,ACCT-000115,B0030,-77.34,2026-07-16T17:59:28+00:00
ADS-001050,ACCT-000094,B0030,-55.36,2026-07-16T17:59:28+00:00
ADS-001051,ACCT-000148,B0030,0.0,2026-07-16T17:59:28+00:00
ADS-001052,ACCT-000002,B0030,47.34,2026-07-16T17:59:28+00:00
ADS-001053,ACCT-000164,B0030,-3.35,2026-07-16T17:59:28+00:00
ADS-001054,ACCT-000040,B0030,-13.73,2026-07-16T17:59:28+00:00
ADS-001055,ACCT-000072,B0030,-22.94,2026-07-16T17:59:28+00:00
ADS-001056,ACCT-000136,B0030,-14.44,2026-07-16T17:59:28+00:00
ADS-001057,ACCT-000166,B0030,7.78,2026-07-16T17:59:28+00:00
ADS-001058,ACCT-000088,B0030,6.09,2026-07-16T17:59:28+00:00
ADS-001059,ACCT-000047,B0030,0.0,2026-07-16T17:59:28+00:00
ADS-001060,ACCT-000162,B0030,0.0,2026-07-16T17:59:28+00:00
ADS-001061,ACCT-000098,B0030,19.93,2026-07-16T17:59:28+00:00
ADS-001062,ACCT-000178,B0030,-22.06,2026-07-16T17:59:28+00:00
ADS-001063,ACCT-000125,B0030,-33.9,2026-07-16T17:59:28+00:00
ADS-001064,ACCT-000041,B0030,-6.41,2026-07-16T17:59:28+00:00
ADS-001065,ACCT-000096,B0030,11.99,2026-07-16T17:59:28+00:00
ADS-001066,ACCT-000122,B0030,0.57,2026-07-16T17:59:28+00:00
ADS-001067,ACCT-000132,B0030,0.0,2026-07-16T17:59:28+00:00
ADS-001068,ACCT-000140,B0030,0.0,2026-07-16T17:59:28+00:00
ADS-001069,ACCT-000191,B0030,0.0,2026-07-16T17:59:28+00:00
ADS-001070,ACCT-000181,B0030,-57.16,2026-07-16T17:59:28+00:00
ADS-001071,ACCT-000159,B0030,-29.05,2026-07-16T17:59:28+00:00
ADS-001072,ACCT-000031,B0030,0.0,2026-07-16T17:59:28+00:00
ADS-001073,ACCT-000152,B0030,-21.52,2026-07-16T17:59:28+00:00
ADS-001074,ACCT-000161,B0030,-11.93,2026-07-16T17:59:28+00:00
ADS-001075,ACCT-000201,B0030,0.0,2026-07-16T17:59:28+00:00
ADS-001076,ACCT-000202,B0030,0.0,2026-07-16T17:59:28+00:00
ADS-001077,ACCT-000203,B0030,42.17,2026-07-16T17:59:28+00:00
ADS-001078,ACCT-000056,B0031,0.0,2026-07-16T19:15:28+00:00
ADS-001079,ACCT-000090,B0031,0.0,2026-07-16T19:15:28+00:00
ADS-001080,ACCT-000022,B0031,0.0,2026-07-16T19:15:28+00:00
ADS-001081,ACCT-000053,B0031,0.0,2026-07-16T19:15:28+00:00
ADS-001082,ACCT-000035,B0031,0.0,2026-07-16T19:15:28+00:00
ADS-001083,ACCT-000138,B0031,-37.09,2026-07-16T19:15:28+00:00
ADS-001084,ACCT-000008,B0031,0.0,2026-07-16T19:15:28+00:00
ADS-001085,ACCT-000155,B0031,0.0,2026-07-16T19:15:28+00:00
ADS-001086,ACCT-000067,B0031,0.0,2026-07-16T19:15:28+00:00
ADS-001087,ACCT-000203,B0031,0.0,2026-07-16T19:15:28+00:00
ADS-001088,ACCT-000185,B0031,-14.78,2026-07-16T19:15:28+00:00
ADS-001089,ACCT-000163,B0031,-28.17,2026-07-16T19:15:28+00:00
ADS-001090,ACCT-000064,B0031,67.34,2026-07-16T19:15:28+00:00
ADS-001091,ACCT-000157,B0031,-2.67,2026-07-16T19:15:28+00:00
ADS-001092,ACCT-000145,B0031,5.91,2026-07-16T19:15:28+00:00
ADS-001093,ACCT-000071,B0031,-49.33,2026-07-16T19:15:28+00:00
ADS-001094,ACCT-000154,B0031,16.87,2026-07-16T19:15:28+00:00
ADS-001095,ACCT-000196,B0031,-46.65,2026-07-16T19:15:28+00:00
ADS-001096,ACCT-000122,B0031,76.68,2026-07-16T19:15:28+00:00
ADS-001097,ACCT-000119,B0031,38.47,2026-07-16T19:15:28+00:00
ADS-001098,ACCT-000051,B0031,57.52,2026-07-16T19:15:28+00:00
ADS-001099,ACCT-000171,B0031,-10.68,2026-07-16T19:15:28+00:00
ADS-001100,ACCT-000137,B0031,3.76,2026-07-16T19:15:28+00:00
ADS-001101,ACCT-000181,B0031,0.0,2026-07-16T19:15:28+00:00
ADS-001102,ACCT-000162,B0031,0.0,2026-07-16T19:15:28+00:00
ADS-001103,ACCT-000021,B0031,-59.63,2026-07-16T19:15:28+00:00
ADS-001104,ACCT-000033,B0031,0.0,2026-07-16T19:15:28+00:00
ADS-001105,ACCT-000121,B0031,25.04,2026-07-16T19:15:28+00:00
ADS-001106,ACCT-000095,B0031,6.22,2026-07-16T19:15:28+00:00
ADS-001107,ACCT-000063,B0031,0.0,2026-07-16T19:15:28+00:00
ADS-001108,ACCT-000158,B0031,0.0,2026-07-16T19:15:28+00:00
ADS-001109,ACCT-000204,B0031,40.66,2026-07-16T19:15:28+00:00
ADS-001110,ACCT-000205,B0031,7.22,2026-07-16T19:15:28+00:00
ADS-001111,ACCT-000206,B0031,-4.17,2026-07-16T19:15:28+00:00
ADS-001112,ACCT-000207,B0031,-25.17,2026-07-16T19:15:28+00:00
ADS-001113,ACCT-000014,B0032,4.56,2026-07-16T20:25:14+00:00
ADS-001114,ACCT-000130,B0032,16.29,2026-07-16T20:25:14+00:00
ADS-001115,ACCT-000168,B0032,-80.54,2026-07-16T20:25:14+00:00
ADS-001116,ACCT-000050,B0032,0.0,2026-07-16T20:25:14+00:00
ADS-001117,ACCT-000104,B0032,9.94,2026-07-16T20:25:14+00:00
ADS-001118,ACCT-000058,B0032,-31.85,2026-07-16T20:25:14+00:00
ADS-001119,ACCT-000175,B0032,0.0,2026-07-16T20:25:14+00:00
ADS-001120,ACCT-000195,B0032,-17.46,2026-07-16T20:25:14+00:00
ADS-001121,ACCT-000170,B0032,0.0,2026-07-16T20:25:14+00:00
ADS-001122,ACCT-000206,B0032,-47.47,2026-07-16T20:25:14+00:00
ADS-001123,ACCT-000009,B0032,-51.6,2026-07-16T20:25:14+00:00
ADS-001124,ACCT-000042,B0032,-5.12,2026-07-16T20:25:14+00:00
ADS-001125,ACCT-000076,B0032,0.0,2026-07-16T20:25:14+00:00
ADS-001126,ACCT-000008,B0032,22.41,2026-07-16T20:25:14+00:00
ADS-001127,ACCT-000080,B0032,24.04,2026-07-16T20:25:14+00:00
ADS-001128,ACCT-000127,B0032,0.0,2026-07-16T20:25:14+00:00
ADS-001129,ACCT-000201,B0032,-5.02,2026-07-16T20:25:14+00:00
ADS-001130,ACCT-000128,B0032,0.0,2026-07-16T20:25:14+00:00
ADS-001131,ACCT-000033,B0032,0.0,2026-07-16T20:25:14+00:00
ADS-001132,ACCT-000056,B0032,-7.05,2026-07-16T20:25:14+00:00
ADS-001133,ACCT-000114,B0032,11.35,2026-07-16T20:25:14+00:00
ADS-001134,ACCT-000055,B0032,61.71,2026-07-16T20:25:14+00:00
ADS-001135,ACCT-000066,B0032,-44.03,2026-07-16T20:25:14+00:00
ADS-001136,ACCT-000094,B0032,0.0,2026-07-16T20:25:14+00:00
ADS-001137,ACCT-000005,B0032,21.05,2026-07-16T20:25:14+00:00
ADS-001138,ACCT-000003,B0032,0.0,2026-07-16T20:25:14+00:00
ADS-001139,ACCT-000208,B0032,-3.05,2026-07-16T20:25:14+00:00
ADS-001140,ACCT-000209,B0032,-12.97,2026-07-16T20:25:14+00:00
ADS-001141,ACCT-000110,B0033,-69.37,2026-07-16T21:31:03+00:00
ADS-001142,ACCT-000127,B0033,-31.83,2026-07-16T21:31:03+00:00
ADS-001143,ACCT-000063,B0033,0.0,2026-07-16T21:31:03+00:00
ADS-001144,ACCT-000051,B0033,5.72,2026-07-16T21:31:03+00:00
ADS-001145,ACCT-000030,B0033,-23.66,2026-07-16T21:31:03+00:00
ADS-001146,ACCT-000201,B0033,0.0,2026-07-16T21:31:03+00:00
ADS-001147,ACCT-000089,B0033,-41.95,2026-07-16T21:31:03+00:00
ADS-001148,ACCT-000050,B0033,0.0,2026-07-16T21:31:03+00:00
ADS-001149,ACCT-000049,B0033,0.0,2026-07-16T21:31:03+00:00
ADS-001150,ACCT-000035,B0033,0.77,2026-07-16T21:31:03+00:00
ADS-001151,ACCT-000093,B0033,-14.02,2026-07-16T21:31:03+00:00
ADS-001152,ACCT-000010,B0033,27.34,2026-07-16T21:31:03+00:00
ADS-001153,ACCT-000017,B0033,0.0,2026-07-16T21:31:03+00:00
ADS-001154,ACCT-000086,B0033,-29.71,2026-07-16T21:31:03+00:00
ADS-001155,ACCT-000163,B0033,-24.64,2026-07-16T21:31:03+00:00
ADS-001156,ACCT-000209,B0033,36.09,2026-07-16T21:31:03+00:00
ADS-001157,ACCT-000078,B0033,-3.48,2026-07-16T21:31:03+00:00
ADS-001158,ACCT-000152,B0033,-15.21,2026-07-16T21:31:03+00:00
ADS-001159,ACCT-000119,B0033,15.06,2026-07-16T21:31:03+00:00
ADS-001160,ACCT-000148,B0033,45.88,2026-07-16T21:31:03+00:00
ADS-001161,ACCT-000129,B0033,0.0,2026-07-16T21:31:03+00:00
ADS-001162,ACCT-000153,B0033,13.08,2026-07-16T21:31:03+00:00
ADS-001163,ACCT-000124,B0033,-13.93,2026-07-16T21:31:03+00:00
ADS-001164,ACCT-000208,B0033,-29.17,2026-07-16T21:31:03+00:00
ADS-001165,ACCT-000143,B0033,-49.13,2026-07-16T21:31:03+00:00
ADS-001166,ACCT-000197,B0033,-19.65,2026-07-16T21:31:03+00:00
ADS-001167,ACCT-000167,B0033,0.0,2026-07-16T21:31:03+00:00
ADS-001168,ACCT-000044,B0033,27.24,2026-07-16T21:31:03+00:00
ADS-001169,ACCT-000084,B0033,0.0,2026-07-16T21:31:03+00:00
ADS-001170,ACCT-000094,B0033,0.0,2026-07-16T21:31:03+00:00
ADS-001171,ACCT-000046,B0033,39.65,2026-07-16T21:31:03+00:00
ADS-001172,ACCT-000210,B0033,0.0,2026-07-16T21:31:03+00:00
ADS-001173,ACCT-000211,B0033,-9.54,2026-07-16T21:31:03+00:00
ADS-001174,ACCT-000212,B0033,-19.15,2026-07-16T21:31:03+00:00
ADS-001175,ACCT-000213,B0033,82.94,2026-07-16T21:31:03+00:00
ADS-001176,ACCT-000149,B0034,5.08,2026-07-16T22:51:41+00:00
ADS-001177,ACCT-000156,B0034,-5.97,2026-07-16T22:51:41+00:00
ADS-001178,ACCT-000159,B0034,0.0,2026-07-16T22:51:41+00:00
ADS-001179,ACCT-000201,B0034,-81.26,2026-07-16T22:51:41+00:00
ADS-001180,ACCT-000206,B0034,-9.2,2026-07-16T22:51:41+00:00
ADS-001181,ACCT-000069,B0034,-39.32,2026-07-16T22:51:41+00:00
ADS-001182,ACCT-000066,B0034,27.24,2026-07-16T22:51:41+00:00
ADS-001183,ACCT-000176,B0034,0.0,2026-07-16T22:51:41+00:00
ADS-001184,ACCT-000162,B0034,-3.77,2026-07-16T22:51:41+00:00
ADS-001185,ACCT-000010,B0034,-41.6,2026-07-16T22:51:41+00:00
ADS-001186,ACCT-000020,B0034,-25.96,2026-07-16T22:51:41+00:00
ADS-001187,ACCT-000059,B0034,0.0,2026-07-16T22:51:41+00:00
ADS-001188,ACCT-000187,B0034,-30.22,2026-07-16T22:51:41+00:00
ADS-001189,ACCT-000074,B0034,-8.46,2026-07-16T22:51:41+00:00
ADS-001190,ACCT-000111,B0034,-14.04,2026-07-16T22:51:41+00:00
ADS-001191,ACCT-000148,B0034,12.07,2026-07-16T22:51:41+00:00
ADS-001192,ACCT-000117,B0034,2.69,2026-07-16T22:51:41+00:00
ADS-001193,ACCT-000184,B0034,10.26,2026-07-16T22:51:41+00:00
ADS-001194,ACCT-000190,B0034,0.0,2026-07-16T22:51:41+00:00
ADS-001195,ACCT-000042,B0034,20.33,2026-07-16T22:51:41+00:00
ADS-001196,ACCT-000046,B0034,-55.64,2026-07-16T22:51:41+00:00
ADS-001197,ACCT-000079,B0034,-66.2,2026-07-16T22:51:41+00:00
ADS-001198,ACCT-000013,B0034,0.0,2026-07-16T22:51:41+00:00
ADS-001199,ACCT-000212,B0034,57.78,2026-07-16T22:51:41+00:00
ADS-001200,ACCT-000092,B0034,-40.33,2026-07-16T22:51:41+00:00
ADS-001201,ACCT-000182,B0034,30.21,2026-07-16T22:51:41+00:00
ADS-001202,ACCT-000086,B0034,34.48,2026-07-16T22:51:41+00:00
ADS-001203,ACCT-000209,B0034,35.21,2026-07-16T22:51:41+00:00
ADS-001204,ACCT-000061,B0034,-23.84,2026-07-16T22:51:41+00:00
ADS-001205,ACCT-000080,B0034,12.55,2026-07-16T22:51:41+00:00
ADS-001206,ACCT-000214,B0034,0.0,2026-07-16T22:51:41+00:00
ADS-001207,ACCT-000215,B0034,-9.24,2026-07-16T22:51:41+00:00
ADS-001208,ACCT-000095,B0035,-2.96,2026-07-16T23:52:31+00:00
ADS-001209,ACCT-000007,B0035,-42.95,2026-07-16T23:52:31+00:00
ADS-001210,ACCT-000043,B0035,-41.03,2026-07-16T23:52:31+00:00
ADS-001211,ACCT-000180,B0035,0.0,2026-07-16T23:52:31+00:00
ADS-001212,ACCT-000166,B0035,0.0,2026-07-16T23:52:31+00:00
ADS-001213,ACCT-000110,B0035,36.53,2026-07-16T23:52:31+00:00
ADS-001214,ACCT-000193,B0035,46.43,2026-07-16T23:52:31+00:00
ADS-001215,ACCT-000190,B0035,0.0,2026-07-16T23:52:31+00:00
ADS-001216,ACCT-000114,B0035,19.14,2026-07-16T23:52:31+00:00
ADS-001217,ACCT-000189,B0035,9.37,2026-07-16T23:52:31+00:00
ADS-001218,ACCT-000142,B0035,-26.38,2026-07-16T23:52:31+00:00
ADS-001219,ACCT-000133,B0035,0.0,2026-07-16T23:52:31+00:00
ADS-001220,ACCT-000104,B0035,-48.57,2026-07-16T23:52:31+00:00
ADS-001221,ACCT-000002,B0035,-19.14,2026-07-16T23:52:31+00:00
ADS-001222,ACCT-000197,B0035,-73.34,2026-07-16T23:52:31+00:00
ADS-001223,ACCT-000090,B0035,0.0,2026-07-16T23:52:31+00:00
ADS-001224,ACCT-000036,B0035,-15.13,2026-07-16T23:52:31+00:00
ADS-001225,ACCT-000199,B0035,40.28,2026-07-16T23:52:31+00:00
ADS-001226,ACCT-000113,B0035,11.52,2026-07-16T23:52:31+00:00
ADS-001227,ACCT-000112,B0035,10.61,2026-07-16T23:52:31+00:00
ADS-001228,ACCT-000179,B0035,0.0,2026-07-16T23:52:31+00:00
ADS-001229,ACCT-000109,B0035,-7.87,2026-07-16T23:52:31+00:00
ADS-001230,ACCT-000047,B0035,0.0,2026-07-16T23:52:31+00:00
ADS-001231,ACCT-000176,B0035,-27.73,2026-07-16T23:52:31+00:00
ADS-001232,ACCT-000102,B0035,4.8,2026-07-16T23:52:31+00:00
ADS-001233,ACCT-000124,B0035,-49.29,2026-07-16T23:52:31+00:00
ADS-001234,ACCT-000086,B0035,-87.9,2026-07-16T23:52:31+00:00
ADS-001235,ACCT-000116,B0035,31.81,2026-07-16T23:52:31+00:00
ADS-001236,ACCT-000137,B0035,0.0,2026-07-16T23:52:31+00:00
ADS-001237,ACCT-000107,B0035,47.43,2026-07-16T23:52:31+00:00
ADS-001238,ACCT-000082,B0035,-17.56,2026-07-16T23:52:31+00:00
ADS-001239,ACCT-000216,B0035,0.0,2026-07-16T23:52:31+00:00
ADS-001240,ACCT-000217,B0035,0.0,2026-07-16T23:52:31+00:00
ADS-001241,ACCT-000097,B0036,24.1,2026-07-17T01:55:24+00:00
ADS-001242,ACCT-000138,B0036,-12.51,2026-07-17T01:55:24+00:00
ADS-001243,ACCT-000216,B0036,-0.49,2026-07-17T01:55:24+00:00
ADS-001244,ACCT-000181,B0036,0.0,2026-07-17T01:55:24+00:00
ADS-001245,ACCT-000092,B0036,0.0,2026-07-17T01:55:24+00:00
ADS-001246,ACCT-000192,B0036,20.89,2026-07-17T01:55:24+00:00
ADS-001247,ACCT-000149,B0036,0.0,2026-07-17T01:55:24+00:00
ADS-001248,ACCT-000189,B0036,37.51,2026-07-17T01:55:24+00:00
ADS-001249,ACCT-000200,B0036,7.71,2026-07-17T01:55:24+00:00
ADS-001250,ACCT-000127,B0036,47.3,2026-07-17T01:55:24+00:00
ADS-001251,ACCT-000183,B0036,24.58,2026-07-17T01:55:24+00:00
ADS-001252,ACCT-000143,B0036,0.0,2026-07-17T01:55:24+00:00
ADS-001253,ACCT-000117,B0036,-89.48,2026-07-17T01:55:24+00:00
ADS-001254,ACCT-000012,B0036,0.0,2026-07-17T01:55:24+00:00
ADS-001255,ACCT-000041,B0036,59.78,2026-07-17T01:55:24+00:00
ADS-001256,ACCT-000196,B0036,-25.22,2026-07-17T01:55:24+00:00
ADS-001257,ACCT-000163,B0036,0.0,2026-07-17T01:55:24+00:00
ADS-001258,ACCT-000031,B0036,-48.58,2026-07-17T01:55:24+00:00
ADS-001259,ACCT-000169,B0036,0.0,2026-07-17T01:55:24+00:00
ADS-001260,ACCT-000159,B0036,0.0,2026-07-17T01:55:24+00:00
ADS-001261,ACCT-000111,B0036,0.0,2026-07-17T01:55:24+00:00
ADS-001262,ACCT-000119,B0036,0.54,2026-07-17T01:55:24+00:00
ADS-001263,ACCT-000151,B0036,-10.82,2026-07-17T01:55:24+00:00
ADS-001264,ACCT-000145,B0036,19.06,2026-07-17T01:55:24+00:00
ADS-001265,ACCT-000168,B0036,9.18,2026-07-17T01:55:24+00:00
ADS-001266,ACCT-000118,B0036,-30.71,2026-07-17T01:55:24+00:00
ADS-001267,ACCT-000218,B0036,-28.3,2026-07-17T01:55:24+00:00
ADS-001268,ACCT-000219,B0036,0.0,2026-07-17T01:55:24+00:00
ADS-001269,ACCT-000220,B0036,-40.41,2026-07-17T01:55:24+00:00
ADS-001270,ACCT-000221,B0036,-2.62,2026-07-17T01:55:24+00:00
ADS-001271,ACCT-000129,B0037,-3.43,2026-07-17T04:57:40+00:00
ADS-001272,ACCT-000031,B0037,22.99,2026-07-17T04:57:40+00:00
ADS-001273,ACCT-000060,B0037,0.0,2026-07-17T04:57:40+00:00
ADS-001274,ACCT-000213,B0037,0.0,2026-07-17T04:57:40+00:00
ADS-001275,ACCT-000218,B0037,-17.22,2026-07-17T04:57:40+00:00
ADS-001276,ACCT-000099,B0037,25.75,2026-07-17T04:57:40+00:00
ADS-001277,ACCT-000199,B0037,28.44,2026-07-17T04:57:40+00:00
ADS-001278,ACCT-000044,B0037,60.99,2026-07-17T04:57:40+00:00
ADS-001279,ACCT-000048,B0037,0.0,2026-07-17T04:57:40+00:00
ADS-001280,ACCT-000017,B0037,-11.58,2026-07-17T04:57:40+00:00
ADS-001281,ACCT-000052,B0037,-14.93,2026-07-17T04:57:40+00:00
ADS-001282,ACCT-000016,B0037,-51.4,2026-07-17T04:57:40+00:00
ADS-001283,ACCT-000108,B0037,30.59,2026-07-17T04:57:40+00:00
ADS-001284,ACCT-000035,B0037,0.0,2026-07-17T04:57:40+00:00
ADS-001285,ACCT-000059,B0037,35.38,2026-07-17T04:57:40+00:00
ADS-001286,ACCT-000138,B0037,-5.22,2026-07-17T04:57:40+00:00
ADS-001287,ACCT-000132,B0037,12.9,2026-07-17T04:57:40+00:00
ADS-001288,ACCT-000196,B0037,32.65,2026-07-17T04:57:40+00:00
ADS-001289,ACCT-000061,B0037,37.82,2026-07-17T04:57:40+00:00
ADS-001290,ACCT-000007,B0037,2.46,2026-07-17T04:57:40+00:00
ADS-001291,ACCT-000080,B0037,-16.03,2026-07-17T04:57:40+00:00
ADS-001292,ACCT-000179,B0037,39.21,2026-07-17T04:57:40+00:00
ADS-001293,ACCT-000103,B0037,13.37,2026-07-17T04:57:40+00:00
ADS-001294,ACCT-000205,B0037,31.42,2026-07-17T04:57:40+00:00
ADS-001295,ACCT-000022,B0037,62.28,2026-07-17T04:57:40+00:00
ADS-001296,ACCT-000133,B0037,0.0,2026-07-17T04:57:40+00:00
ADS-001297,ACCT-000207,B0037,-32.18,2026-07-17T04:57:40+00:00
ADS-001298,ACCT-000206,B0037,-32.07,2026-07-17T04:57:40+00:00
ADS-001299,ACCT-000222,B0037,66.91,2026-07-17T04:57:40+00:00
ADS-001300,ACCT-000223,B0037,0.0,2026-07-17T04:57:40+00:00
ADS-001301,ACCT-000224,B0037,0.0,2026-07-17T04:57:40+00:00
ADS-001302,ACCT-000225,B0037,0.0,2026-07-17T04:57:40+00:00
ADS-001303,ACCT-000200,B0038,16.69,2026-07-17T07:14:41+00:00
ADS-001304,ACCT-000106,B0038,0.0,2026-07-17T07:14:41+00:00
ADS-001305,ACCT-000189,B0038,3.14,2026-07-17T07:14:41+00:00
ADS-001306,ACCT-000172,B0038,43.72,2026-07-17T07:14:41+00:00
ADS-001307,ACCT-000212,B0038,13.48,2026-07-17T07:14:41+00:00
ADS-001308,ACCT-000111,B0038,25.4,2026-07-17T07:14:41+00:00
ADS-001309,ACCT-000088,B0038,-0.06,2026-07-17T07:14:41+00:00
ADS-001310,ACCT-000191,B0038,72.36,2026-07-17T07:14:41+00:00
ADS-001311,ACCT-000177,B0038,30.54,2026-07-17T07:14:41+00:00
ADS-001312,ACCT-000085,B0038,-14.25,2026-07-17T07:14:41+00:00
ADS-001313,ACCT-000083,B0038,0.0,2026-07-17T07:14:41+00:00
ADS-001314,ACCT-000033,B0038,0.0,2026-07-17T07:14:41+00:00
ADS-001315,ACCT-000142,B0038,25.86,2026-07-17T07:14:41+00:00
ADS-001316,ACCT-000063,B0038,41.23,2026-07-17T07:14:41+00:00
ADS-001317,ACCT-000195,B0038,-4.1,2026-07-17T07:14:41+00:00
ADS-001318,ACCT-000070,B0038,-41.33,2026-07-17T07:14:41+00:00
ADS-001319,ACCT-000133,B0038,0.0,2026-07-17T07:14:41+00:00
ADS-001320,ACCT-000107,B0038,4.41,2026-07-17T07:14:41+00:00
ADS-001321,ACCT-000028,B0038,0.0,2026-07-17T07:14:41+00:00
ADS-001322,ACCT-000011,B0038,66.84,2026-07-17T07:14:41+00:00
ADS-001323,ACCT-000171,B0038,0.0,2026-07-17T07:14:41+00:00
ADS-001324,ACCT-000024,B0038,-41.69,2026-07-17T07:14:41+00:00
ADS-001325,ACCT-000160,B0038,10.12,2026-07-17T07:14:41+00:00
ADS-001326,ACCT-000023,B0038,0.0,2026-07-17T07:14:41+00:00
ADS-001327,ACCT-000147,B0038,0.0,2026-07-17T07:14:41+00:00
ADS-001328,ACCT-000058,B0038,0.0,2026-07-17T07:14:41+00:00
ADS-001329,ACCT-000101,B0038,43.01,2026-07-17T07:14:41+00:00
ADS-001330,ACCT-000086,B0038,14.19,2026-07-17T07:14:41+00:00
ADS-001331,ACCT-000201,B0038,2.51,2026-07-17T07:14:41+00:00
ADS-001332,ACCT-000037,B0038,11.52,2026-07-17T07:14:41+00:00
ADS-001333,ACCT-000215,B0038,48.46,2026-07-17T07:14:41+00:00
ADS-001334,ACCT-000226,B0038,12.38,2026-07-17T07:14:41+00:00
ADS-001335,ACCT-000227,B0038,68.51,2026-07-17T07:14:41+00:00
ADS-001336,ACCT-000228,B0038,-13.91,2026-07-17T07:14:41+00:00
ADS-001337,ACCT-000104,B0039,0.0,2026-07-17T09:26:38+00:00
ADS-001338,ACCT-000075,B0039,-2.34,2026-07-17T09:26:38+00:00
ADS-001339,ACCT-000191,B0039,0.0,2026-07-17T09:26:38+00:00
ADS-001340,ACCT-000116,B0039,-30.11,2026-07-17T09:26:38+00:00
ADS-001341,ACCT-000052,B0039,-18.14,2026-07-17T09:26:38+00:00
ADS-001342,ACCT-000082,B0039,29.4,2026-07-17T09:26:38+00:00
ADS-001343,ACCT-000150,B0039,-20.07,2026-07-17T09:26:38+00:00
ADS-001344,ACCT-000040,B0039,0.0,2026-07-17T09:26:38+00:00
ADS-001345,ACCT-000056,B0039,-29.53,2026-07-17T09:26:38+00:00
ADS-001346,ACCT-000024,B0039,4.52,2026-07-17T09:26:38+00:00
ADS-001347,ACCT-000179,B0039,0.0,2026-07-17T09:26:38+00:00
ADS-001348,ACCT-000063,B0039,0.0,2026-07-17T09:26:38+00:00
ADS-001349,ACCT-000091,B0039,29.16,2026-07-17T09:26:38+00:00
ADS-001350,ACCT-000226,B0039,-45.6,2026-07-17T09:26:38+00:00
ADS-001351,ACCT-000010,B0039,-39.36,2026-07-17T09:26:38+00:00
ADS-001352,ACCT-000005,B0039,0.0,2026-07-17T09:26:38+00:00
ADS-001353,ACCT-000105,B0039,-4.08,2026-07-17T09:26:38+00:00
ADS-001354,ACCT-000225,B0039,0.0,2026-07-17T09:26:38+00:00
ADS-001355,ACCT-000134,B0039,-48.36,2026-07-17T09:26:38+00:00
ADS-001356,ACCT-000118,B0039,0.0,2026-07-17T09:26:38+00:00
ADS-001357,ACCT-000152,B0039,0.0,2026-07-17T09:26:38+00:00
ADS-001358,ACCT-000002,B0039,9.8,2026-07-17T09:26:38+00:00
ADS-001359,ACCT-000121,B0039,37.88,2026-07-17T09:26:38+00:00
ADS-001360,ACCT-000103,B0039,0.0,2026-07-17T09:26:38+00:00
ADS-001361,ACCT-000057,B0039,-39.56,2026-07-17T09:26:38+00:00
ADS-001362,ACCT-000092,B0039,34.38,2026-07-17T09:26:38+00:00
ADS-001363,ACCT-000195,B0039,11.33,2026-07-17T09:26:38+00:00
ADS-001364,ACCT-000021,B0039,-57.72,2026-07-17T09:26:38+00:00
ADS-001365,ACCT-000176,B0039,-33.16,2026-07-17T09:26:38+00:00
ADS-001366,ACCT-000065,B0039,-83.99,2026-07-17T09:26:38+00:00
ADS-001367,ACCT-000145,B0039,35.91,2026-07-17T09:26:38+00:00
ADS-001368,ACCT-000140,B0039,28.9,2026-07-17T09:26:38+00:00
ADS-001369,ACCT-000011,B0039,-11.53,2026-07-17T09:26:38+00:00
ADS-001370,ACCT-000031,B0039,0.0,2026-07-17T09:26:38+00:00
ADS-001371,ACCT-000141,B0039,-40.0,2026-07-17T09:26:38+00:00
ADS-001372,ACCT-000229,B0039,-8.68,2026-07-17T09:26:38+00:00
ADS-001373,ACCT-000230,B0039,22.8,2026-07-17T09:26:38+00:00
ADS-001374,ACCT-000203,B0040,0.0,2026-07-17T11:04:47+00:00
ADS-001375,ACCT-000011,B0040,0.0,2026-07-17T11:04:47+00:00
ADS-001376,ACCT-000118,B0040,0.0,2026-07-17T11:04:47+00:00
ADS-001377,ACCT-000047,B0040,0.0,2026-07-17T11:04:47+00:00
ADS-001378,ACCT-000220,B0040,16.12,2026-07-17T11:04:47+00:00
ADS-001379,ACCT-000115,B0040,0.0,2026-07-17T11:04:47+00:00
ADS-001380,ACCT-000207,B0040,37.72,2026-07-17T11:04:47+00:00
ADS-001381,ACCT-000056,B0040,59.58,2026-07-17T11:04:47+00:00
ADS-001382,ACCT-000082,B0040,41.31,2026-07-17T11:04:47+00:00
ADS-001383,ACCT-000167,B0040,-31.18,2026-07-17T11:04:47+00:00
ADS-001384,ACCT-000196,B0040,0.0,2026-07-17T11:04:47+00:00
ADS-001385,ACCT-000226,B0040,38.34,2026-07-17T11:04:47+00:00
ADS-001386,ACCT-000214,B0040,-25.25,2026-07-17T11:04:47+00:00
ADS-001387,ACCT-000176,B0040,-21.65,2026-07-17T11:04:47+00:00
ADS-001388,ACCT-000109,B0040,68.41,2026-07-17T11:04:47+00:00
ADS-001389,ACCT-000128,B0040,35.37,2026-07-17T11:04:47+00:00
ADS-001390,ACCT-000142,B0040,-26.47,2026-07-17T11:04:47+00:00
ADS-001391,ACCT-000210,B0040,47.19,2026-07-17T11:04:47+00:00
ADS-001392,ACCT-000230,B0040,-36.72,2026-07-17T11:04:47+00:00
ADS-001393,ACCT-000102,B0040,-29.96,2026-07-17T11:04:47+00:00
ADS-001394,ACCT-000087,B0040,-42.0,2026-07-17T11:04:47+00:00
ADS-001395,ACCT-000040,B0040,-17.14,2026-07-17T11:04:47+00:00
ADS-001396,ACCT-000124,B0040,-24.8,2026-07-17T11:04:47+00:00
ADS-001397,ACCT-000215,B0040,-42.14,2026-07-17T11:04:47+00:00
ADS-001398,ACCT-000104,B0040,-19.58,2026-07-17T11:04:47+00:00
ADS-001399,ACCT-000007,B0040,1.41,2026-07-17T11:04:47+00:00
ADS-001400,ACCT-000231,B0040,-55.75,2026-07-17T11:04:47+00:00
ADS-001401,ACCT-000232,B0040,7.83,2026-07-17T11:04:47+00:00
ADS-001402,ACCT-000233,B0040,-19.91,2026-07-17T11:04:47+00:00
ADS-001403,ACCT-000132,B0041,-42.95,2026-07-17T12:40:47+00:00
ADS-001404,ACCT-000181,B0041,20.39,2026-07-17T12:40:47+00:00
ADS-001405,ACCT-000084,B0041,-57.71,2026-07-17T12:40:47+00:00
ADS-001406,ACCT-000159,B0041,-48.76,2026-07-17T12:40:47+00:00
ADS-001407,ACCT-000179,B0041,-6.2,2026-07-17T12:40:47+00:00
ADS-001408,ACCT-000069,B0041,62.24,2026-07-17T12:40:47+00:00
ADS-001409,ACCT-000009,B0041,0.0,2026-07-17T12:40:47+00:00
ADS-001410,ACCT-000137,B0041,38.74,2026-07-17T12:40:47+00:00
ADS-001411,ACCT-000070,B0041,8.54,2026-07-17T12:40:47+00:00
ADS-001412,ACCT-000226,B0041,0.0,2026-07-17T12:40:47+00:00
ADS-001413,ACCT-000231,B0041,-27.8,2026-07-17T12:40:47+00:00
ADS-001414,ACCT-000203,B0041,0.0,2026-07-17T12:40:47+00:00
ADS-001415,ACCT-000199,B0041,7.35,2026-07-17T12:40:47+00:00
ADS-001416,ACCT-000049,B0041,-16.62,2026-07-17T12:40:47+00:00
ADS-001417,ACCT-000045,B0041,0.0,2026-07-17T12:40:47+00:00
ADS-001418,ACCT-000076,B0041,0.0,2026-07-17T12:40:47+00:00
ADS-001419,ACCT-000058,B0041,-34.36,2026-07-17T12:40:47+00:00
ADS-001420,ACCT-000119,B0041,0.0,2026-07-17T12:40:47+00:00
ADS-001421,ACCT-000200,B0041,0.0,2026-07-17T12:40:47+00:00
ADS-001422,ACCT-000127,B0041,0.0,2026-07-17T12:40:47+00:00
ADS-001423,ACCT-000158,B0041,-61.48,2026-07-17T12:40:47+00:00
ADS-001424,ACCT-000099,B0041,31.05,2026-07-17T12:40:47+00:00
ADS-001425,ACCT-000040,B0041,0.0,2026-07-17T12:40:47+00:00
ADS-001426,ACCT-000122,B0041,-35.5,2026-07-17T12:40:47+00:00
ADS-001427,ACCT-000081,B0041,0.0,2026-07-17T12:40:47+00:00
ADS-001428,ACCT-000115,B0041,0.0,2026-07-17T12:40:47+00:00
ADS-001429,ACCT-000193,B0041,0.0,2026-07-17T12:40:47+00:00
ADS-001430,ACCT-000029,B0041,-54.15,2026-07-17T12:40:47+00:00
ADS-001431,ACCT-000184,B0041,0.0,2026-07-17T12:40:47+00:00
ADS-001432,ACCT-000217,B0041,0.0,2026-07-17T12:40:47+00:00
ADS-001433,ACCT-000222,B0041,0.0,2026-07-17T12:40:47+00:00
ADS-001434,ACCT-000219,B0041,0.0,2026-07-17T12:40:47+00:00
ADS-001435,ACCT-000044,B0041,26.44,2026-07-17T12:40:47+00:00
ADS-001436,ACCT-000140,B0041,0.0,2026-07-17T12:40:47+00:00
ADS-001437,ACCT-000043,B0041,-70.39,2026-07-17T12:40:47+00:00
ADS-001438,ACCT-000234,B0041,0.0,2026-07-17T12:40:47+00:00
ADS-001439,ACCT-000235,B0041,0.0,2026-07-17T12:40:47+00:00
ADS-001440,ACCT-000236,B0041,0.0,2026-07-17T12:40:47+00:00
ADS-001441,ACCT-000237,B0041,76.36,2026-07-17T12:40:47+00:00
ADS-001442,ACCT-000109,B0042,0.0,2026-07-17T14:26:20+00:00
ADS-001443,ACCT-000221,B0042,-45.86,2026-07-17T14:26:20+00:00
ADS-001444,ACCT-000178,B0042,67.73,2026-07-17T14:26:20+00:00
ADS-001445,ACCT-000102,B0042,0.0,2026-07-17T14:26:20+00:00
ADS-001446,ACCT-000179,B0042,0.0,2026-07-17T14:26:20+00:00
ADS-001447,ACCT-000018,B0042,-8.99,2026-07-17T14:26:20+00:00
ADS-001448,ACCT-000097,B0042,8.62,2026-07-17T14:26:20+00:00
ADS-001449,ACCT-000151,B0042,-15.34,2026-07-17T14:26:20+00:00
ADS-001450,ACCT-000106,B0042,0.0,2026-07-17T14:26:20+00:00
ADS-001451,ACCT-000019,B0042,-48.51,2026-07-17T14:26:20+00:00
ADS-001452,ACCT-000211,B0042,-40.78,2026-07-17T14:26:20+00:00
ADS-001453,ACCT-000196,B0042,0.0,2026-07-17T14:26:20+00:00
ADS-001454,ACCT-000153,B0042,0.0,2026-07-17T14:26:20+00:00
ADS-001455,ACCT-000182,B0042,11.34,2026-07-17T14:26:20+00:00
ADS-001456,ACCT-000104,B0042,35.23,2026-07-17T14:26:20+00:00
ADS-001457,ACCT-000072,B0042,0.0,2026-07-17T14:26:20+00:00
ADS-001458,ACCT-000176,B0042,0.0,2026-07-17T14:26:20+00:00
ADS-001459,ACCT-000214,B0042,-30.72,2026-07-17T14:26:20+00:00
ADS-001460,ACCT-000126,B0042,-13.11,2026-07-17T14:26:20+00:00
ADS-001461,ACCT-000183,B0042,39.72,2026-07-17T14:26:20+00:00
ADS-001462,ACCT-000044,B0042,0.0,2026-07-17T14:26:20+00:00
ADS-001463,ACCT-000147,B0042,0.0,2026-07-17T14:26:20+00:00
ADS-001464,ACCT-000155,B0042,0.0,2026-07-17T14:26:20+00:00
ADS-001465,ACCT-000133,B0042,0.0,2026-07-17T14:26:20+00:00
ADS-001466,ACCT-000055,B0042,0.0,2026-07-17T14:26:20+00:00
ADS-001467,ACCT-000169,B0042,-77.31,2026-07-17T14:26:20+00:00
ADS-001468,ACCT-000162,B0042,31.92,2026-07-17T14:26:20+00:00
ADS-001469,ACCT-000016,B0042,-11.76,2026-07-17T14:26:20+00:00
ADS-001470,ACCT-000231,B0042,-40.28,2026-07-17T14:26:20+00:00
ADS-001471,ACCT-000238,B0042,19.27,2026-07-17T14:26:20+00:00
ADS-001472,ACCT-000239,B0042,-85.93,2026-07-17T14:26:20+00:00
ADS-001473,ACCT-000043,B0043,-5.35,2026-07-17T15:54:28+00:00
ADS-001474,ACCT-000049,B0043,0.0,2026-07-17T15:54:28+00:00
ADS-001475,ACCT-000143,B0043,67.87,2026-07-17T15:54:28+00:00
ADS-001476,ACCT-000070,B0043,24.78,2026-07-17T15:54:28+00:00
ADS-001477,ACCT-000021,B0043,37.05,2026-07-17T15:54:28+00:00
ADS-001478,ACCT-000140,B0043,-29.04,2026-07-17T15:54:28+00:00
ADS-001479,ACCT-000024,B0043,74.16,2026-07-17T15:54:28+00:00
ADS-001480,ACCT-000214,B0043,-11.17,2026-07-17T15:54:28+00:00
ADS-001481,ACCT-000173,B0043,-7.44,2026-07-17T15:54:28+00:00
ADS-001482,ACCT-000033,B0043,0.2,2026-07-17T15:54:28+00:00
ADS-001483,ACCT-000055,B0043,22.98,2026-07-17T15:54:28+00:00
ADS-001484,ACCT-000039,B0043,-19.53,2026-07-17T15:54:28+00:00
ADS-001485,ACCT-000158,B0043,4.15,2026-07-17T15:54:28+00:00
ADS-001486,ACCT-000080,B0043,28.25,2026-07-17T15:54:28+00:00
ADS-001487,ACCT-000187,B0043,3.57,2026-07-17T15:54:28+00:00
ADS-001488,ACCT-000130,B0043,46.77,2026-07-17T15:54:28+00:00
ADS-001489,ACCT-000121,B0043,-53.5,2026-07-17T15:54:28+00:00
ADS-001490,ACCT-000152,B0043,-14.3,2026-07-17T15:54:28+00:00
ADS-001491,ACCT-000213,B0043,-23.07,2026-07-17T15:54:28+00:00
ADS-001492,ACCT-000169,B0043,-4.49,2026-07-17T15:54:28+00:00
ADS-001493,ACCT-000011,B0043,0.0,2026-07-17T15:54:28+00:00
ADS-001494,ACCT-000094,B0043,0.0,2026-07-17T15:54:28+00:00
ADS-001495,ACCT-000063,B0043,0.0,2026-07-17T15:54:28+00:00
ADS-001496,ACCT-000082,B0043,-12.43,2026-07-17T15:54:28+00:00
ADS-001497,ACCT-000116,B0043,62.54,2026-07-17T15:54:28+00:00
ADS-001498,ACCT-000150,B0043,0.0,2026-07-17T15:54:28+00:00
ADS-001499,ACCT-000240,B0043,0.0,2026-07-17T15:54:28+00:00
ADS-001500,ACCT-000241,B0043,-40.62,2026-07-17T15:54:28+00:00
ADS-001501,ACCT-000242,B0043,0.27,2026-07-17T15:54:28+00:00
ADS-001502,ACCT-000181,B0044,-18.49,2026-07-17T17:03:02+00:00
ADS-001503,ACCT-000109,B0044,40.82,2026-07-17T17:03:02+00:00
ADS-001504,ACCT-000146,B0044,0.0,2026-07-17T17:03:02+00:00
ADS-001505,ACCT-000111,B0044,62.67,2026-07-17T17:03:02+00:00
ADS-001506,ACCT-000043,B0044,-11.37,2026-07-17T17:03:02+00:00
ADS-001507,ACCT-000121,B0044,30.26,2026-07-17T17:03:02+00:00
ADS-001508,ACCT-000062,B0044,9.27,2026-07-17T17:03:02+00:00
ADS-001509,ACCT-000219,B0044,1.77,2026-07-17T17:03:02+00:00
ADS-001510,ACCT-000218,B0044,-9.73,2026-07-17T17:03:02+00:00
ADS-001511,ACCT-000042,B0044,-24.82,2026-07-17T17:03:02+00:00
ADS-001512,ACCT-000045,B0044,-10.98,2026-07-17T17:03:02+00:00
ADS-001513,ACCT-000092,B0044,-24.2,2026-07-17T17:03:02+00:00
ADS-001514,ACCT-000141,B0044,40.43,2026-07-17T17:03:02+00:00
ADS-001515,ACCT-000123,B0044,9.7,2026-07-17T17:03:02+00:00
ADS-001516,ACCT-000056,B0044,0.0,2026-07-17T17:03:02+00:00
ADS-001517,ACCT-000054,B0044,-12.93,2026-07-17T17:03:02+00:00
ADS-001518,ACCT-000145,B0044,46.59,2026-07-17T17:03:02+00:00
ADS-001519,ACCT-000011,B0044,-31.25,2026-07-17T17:03:02+00:00
ADS-001520,ACCT-000207,B0044,0.0,2026-07-17T17:03:02+00:00
ADS-001521,ACCT-000079,B0044,26.75,2026-07-17T17:03:02+00:00
ADS-001522,ACCT-000030,B0044,69.19,2026-07-17T17:03:02+00:00
ADS-001523,ACCT-000003,B0044,-15.38,2026-07-17T17:03:02+00:00
ADS-001524,ACCT-000125,B0044,0.0,2026-07-17T17:03:02+00:00
ADS-001525,ACCT-000021,B0044,17.23,2026-07-17T17:03:02+00:00
ADS-001526,ACCT-000027,B0044,0.0,2026-07-17T17:03:02+00:00
ADS-001527,ACCT-000029,B0044,-83.88,2026-07-17T17:03:02+00:00
ADS-001528,ACCT-000171,B0044,0.0,2026-07-17T17:03:02+00:00
ADS-001529,ACCT-000186,B0044,0.0,2026-07-17T17:03:02+00:00
ADS-001530,ACCT-000087,B0044,9.06,2026-07-17T17:03:02+00:00
ADS-001531,ACCT-000233,B0044,25.03,2026-07-17T17:03:02+00:00
ADS-001532,ACCT-000040,B0044,7.52,2026-07-17T17:03:02+00:00
ADS-001533,ACCT-000139,B0044,0.0,2026-07-17T17:03:02+00:00
ADS-001534,ACCT-000091,B0044,0.0,2026-07-17T17:03:02+00:00
ADS-001535,ACCT-000175,B0044,20.12,2026-07-17T17:03:02+00:00
ADS-001536,ACCT-000243,B0044,0.0,2026-07-17T17:03:02+00:00
ADS-001537,ACCT-000244,B0044,0.0,2026-07-17T17:03:02+00:00
ADS-001538,ACCT-000022,B0045,-37.35,2026-07-17T18:32:26+00:00
ADS-001539,ACCT-000184,B0045,41.55,2026-07-17T18:32:26+00:00
ADS-001540,ACCT-000019,B0045,-34.51,2026-07-17T18:32:26+00:00
ADS-001541,ACCT-000166,B0045,43.98,2026-07-17T18:32:26+00:00
ADS-001542,ACCT-000171,B0045,-17.64,2026-07-17T18:32:26+00:00
ADS-001543,ACCT-000164,B0045,8.72,2026-07-17T18:32:26+00:00
ADS-001544,ACCT-000126,B0045,35.74,2026-07-17T18:32:26+00:00
ADS-001545,ACCT-000125,B0045,0.0,2026-07-17T18:32:26+00:00
ADS-001546,ACCT-000154,B0045,0.0,2026-07-17T18:32:26+00:00
ADS-001547,ACCT-000087,B0045,0.0,2026-07-17T18:32:26+00:00
ADS-001548,ACCT-000237,B0045,-5.38,2026-07-17T18:32:26+00:00
ADS-001549,ACCT-000044,B0045,0.0,2026-07-17T18:32:26+00:00
ADS-001550,ACCT-000111,B0045,0.0,2026-07-17T18:32:26+00:00
ADS-001551,ACCT-000168,B0045,-9.71,2026-07-17T18:32:26+00:00
ADS-001552,ACCT-000007,B0045,-86.21,2026-07-17T18:32:26+00:00
ADS-001553,ACCT-000015,B0045,0.0,2026-07-17T18:32:26+00:00
ADS-001554,ACCT-000181,B0045,-22.35,2026-07-17T18:32:26+00:00
ADS-001555,ACCT-000068,B0045,8.97,2026-07-17T18:32:26+00:00
ADS-001556,ACCT-000114,B0045,0.0,2026-07-17T18:32:26+00:00
ADS-001557,ACCT-000065,B0045,0.0,2026-07-17T18:32:26+00:00
ADS-001558,ACCT-000133,B0045,0.0,2026-07-17T18:32:26+00:00
ADS-001559,ACCT-000239,B0045,-23.67,2026-07-17T18:32:26+00:00
ADS-001560,ACCT-000063,B0045,-8.27,2026-07-17T18:32:26+00:00
ADS-001561,ACCT-000190,B0045,-44.55,2026-07-17T18:32:26+00:00
ADS-001562,ACCT-000081,B0045,-19.55,2026-07-17T18:32:26+00:00
ADS-001563,ACCT-000046,B0045,-44.87,2026-07-17T18:32:26+00:00
ADS-001564,ACCT-000244,B0045,-23.48,2026-07-17T18:32:26+00:00
ADS-001565,ACCT-000191,B0045,-14.91,2026-07-17T18:32:26+00:00
ADS-001566,ACCT-000092,B0045,-21.75,2026-07-17T18:32:26+00:00
ADS-001567,ACCT-000245,B0045,-25.28,2026-07-17T18:32:26+00:00
ADS-001568,ACCT-000246,B0045,0.0,2026-07-17T18:32:26+00:00
ADS-001569,ACCT-000247,B0045,0.0,2026-07-17T18:32:26+00:00
ADS-001570,ACCT-000062,B0046,-11.36,2026-07-17T20:00:13+00:00
ADS-001571,ACCT-000007,B0046,49.72,2026-07-17T20:00:13+00:00
ADS-001572,ACCT-000039,B0046,2.89,2026-07-17T20:00:13+00:00
ADS-001573,ACCT-000094,B0046,2.9,2026-07-17T20:00:13+00:00
ADS-001574,ACCT-000138,B0046,9.18,2026-07-17T20:00:13+00:00
ADS-001575,ACCT-000204,B0046,42.12,2026-07-17T20:00:13+00:00
ADS-001576,ACCT-000025,B0046,-36.07,2026-07-17T20:00:13+00:00
ADS-001577,ACCT-000155,B0046,0.0,2026-07-17T20:00:13+00:00
ADS-001578,ACCT-000172,B0046,-35.7,2026-07-17T20:00:13+00:00
ADS-001579,ACCT-000179,B0046,-22.72,2026-07-17T20:00:13+00:00
ADS-001580,ACCT-000246,B0046,48.54,2026-07-17T20:00:13+00:00
ADS-001581,ACCT-000140,B0046,-35.67,2026-07-17T20:00:13+00:00
ADS-001582,ACCT-000024,B0046,-11.28,2026-07-17T20:00:13+00:00
ADS-001583,ACCT-000227,B0046,-45.66,2026-07-17T20:00:13+00:00
ADS-001584,ACCT-000027,B0046,0.0,2026-07-17T20:00:13+00:00
ADS-001585,ACCT-000063,B0046,0.0,2026-07-17T20:00:13+00:00
ADS-001586,ACCT-000136,B0046,-16.6,2026-07-17T20:00:13+00:00
ADS-001587,ACCT-000074,B0046,-26.66,2026-07-17T20:00:13+00:00
ADS-001588,ACCT-000139,B0046,21.47,2026-07-17T20:00:13+00:00
ADS-001589,ACCT-000162,B0046,9.28,2026-07-17T20:00:13+00:00
ADS-001590,ACCT-000086,B0046,0.0,2026-07-17T20:00:13+00:00
ADS-001591,ACCT-000052,B0046,0.0,2026-07-17T20:00:13+00:00
ADS-001592,ACCT-000247,B0046,32.71,2026-07-17T20:00:13+00:00
ADS-001593,ACCT-000096,B0046,31.32,2026-07-17T20:00:13+00:00
ADS-001594,ACCT-000174,B0046,17.55,2026-07-17T20:00:13+00:00
ADS-001595,ACCT-000192,B0046,0.0,2026-07-17T20:00:13+00:00
ADS-001596,ACCT-000226,B0046,21.59,2026-07-17T20:00:13+00:00
ADS-001597,ACCT-000072,B0046,0.0,2026-07-17T20:00:13+00:00
ADS-001598,ACCT-000053,B0046,-20.38,2026-07-17T20:00:13+00:00
ADS-001599,ACCT-000188,B0046,-44.39,2026-07-17T20:00:13+00:00
ADS-001600,ACCT-000248,B0046,36.87,2026-07-17T20:00:13+00:00
ADS-001601,ACCT-000249,B0046,7.17,2026-07-17T20:00:13+00:00
ADS-001602,ACCT-000190,B0047,7.24,2026-07-17T21:00:58+00:00
ADS-001603,ACCT-000172,B0047,29.7,2026-07-17T21:00:58+00:00
ADS-001604,ACCT-000212,B0047,-48.32,2026-07-17T21:00:58+00:00
ADS-001605,ACCT-000123,B0047,-44.88,2026-07-17T21:00:58+00:00
ADS-001606,ACCT-000221,B0047,-14.75,2026-07-17T21:00:58+00:00
ADS-001607,ACCT-000079,B0047,-52.55,2026-07-17T21:00:58+00:00
ADS-001608,ACCT-000245,B0047,-4.73,2026-07-17T21:00:58+00:00
ADS-001609,ACCT-000138,B0047,11.43,2026-07-17T21:00:58+00:00
ADS-001610,ACCT-000164,B0047,-38.48,2026-07-17T21:00:58+00:00
ADS-001611,ACCT-000096,B0047,0.0,2026-07-17T21:00:58+00:00
ADS-001612,ACCT-000117,B0047,-22.2,2026-07-17T21:00:58+00:00
ADS-001613,ACCT-000140,B0047,-8.57,2026-07-17T21:00:58+00:00
ADS-001614,ACCT-000234,B0047,16.96,2026-07-17T21:00:58+00:00
ADS-001615,ACCT-000006,B0047,38.66,2026-07-17T21:00:58+00:00
ADS-001616,ACCT-000247,B0047,-0.58,2026-07-17T21:00:58+00:00
ADS-001617,ACCT-000122,B0047,85.17,2026-07-17T21:00:58+00:00
ADS-001618,ACCT-000003,B0047,-45.63,2026-07-17T21:00:58+00:00
ADS-001619,ACCT-000058,B0047,-48.85,2026-07-17T21:00:58+00:00
ADS-001620,ACCT-000120,B0047,0.0,2026-07-17T21:00:58+00:00
ADS-001621,ACCT-000081,B0047,-26.73,2026-07-17T21:00:58+00:00
ADS-001622,ACCT-000139,B0047,21.17,2026-07-17T21:00:58+00:00
ADS-001623,ACCT-000216,B0047,22.72,2026-07-17T21:00:58+00:00
ADS-001624,ACCT-000119,B0047,-44.59,2026-07-17T21:00:58+00:00
ADS-001625,ACCT-000004,B0047,0.0,2026-07-17T21:00:58+00:00
ADS-001626,ACCT-000191,B0047,1.3,2026-07-17T21:00:58+00:00
ADS-001627,ACCT-000158,B0047,13.22,2026-07-17T21:00:58+00:00
ADS-001628,ACCT-000052,B0047,-1.4,2026-07-17T21:00:58+00:00
ADS-001629,ACCT-000130,B0047,0.0,2026-07-17T21:00:58+00:00
ADS-001630,ACCT-000061,B0047,0.0,2026-07-17T21:00:58+00:00
ADS-001631,ACCT-000050,B0047,33.28,2026-07-17T21:00:58+00:00
ADS-001632,ACCT-000088,B0047,0.0,2026-07-17T21:00:58+00:00
ADS-001633,ACCT-000170,B0047,-37.03,2026-07-17T21:00:58+00:00
ADS-001634,ACCT-000109,B0047,14.05,2026-07-17T21:00:58+00:00
ADS-001635,ACCT-000250,B0047,10.08,2026-07-17T21:00:58+00:00
ADS-001636,ACCT-000251,B0047,-11.8,2026-07-17T21:00:58+00:00
ADS-001637,ACCT-000252,B0047,-20.0,2026-07-17T21:00:58+00:00
ADS-001638,ACCT-000043,B0048,0.0,2026-07-17T22:11:44+00:00
ADS-001639,ACCT-000170,B0048,0.0,2026-07-17T22:11:44+00:00
ADS-001640,ACCT-000187,B0048,2.0,2026-07-17T22:11:44+00:00
ADS-001641,ACCT-000119,B0048,-44.9,2026-07-17T22:11:44+00:00
ADS-001642,ACCT-000103,B0048,22.3,2026-07-17T22:11:44+00:00
ADS-001643,ACCT-000114,B0048,0.0,2026-07-17T22:11:44+00:00
ADS-001644,ACCT-000003,B0048,-34.15,2026-07-17T22:11:44+00:00
ADS-001645,ACCT-000046,B0048,8.49,2026-07-17T22:11:44+00:00
ADS-001646,ACCT-000035,B0048,0.0,2026-07-17T22:11:44+00:00
ADS-001647,ACCT-000059,B0048,-15.61,2026-07-17T22:11:44+00:00
ADS-001648,ACCT-000129,B0048,-38.5,2026-07-17T22:11:44+00:00
ADS-001649,ACCT-000247,B0048,70.75,2026-07-17T22:11:44+00:00
ADS-001650,ACCT-000026,B0048,0.0,2026-07-17T22:11:44+00:00
ADS-001651,ACCT-000116,B0048,8.96,2026-07-17T22:11:44+00:00
ADS-001652,ACCT-000198,B0048,7.46,2026-07-17T22:11:44+00:00
ADS-001653,ACCT-000061,B0048,-5.14,2026-07-17T22:11:44+00:00
ADS-001654,ACCT-000052,B0048,-28.57,2026-07-17T22:11:44+00:00
ADS-001655,ACCT-000229,B0048,-50.75,2026-07-17T22:11:44+00:00
ADS-001656,ACCT-000211,B0048,-8.72,2026-07-17T22:11:44+00:00
ADS-001657,ACCT-000117,B0048,46.79,2026-07-17T22:11:44+00:00
ADS-001658,ACCT-000106,B0048,9.78,2026-07-17T22:11:44+00:00
ADS-001659,ACCT-000160,B0048,0.0,2026-07-17T22:11:44+00:00
ADS-001660,ACCT-000087,B0048,-18.25,2026-07-17T22:11:44+00:00
ADS-001661,ACCT-000110,B0048,26.87,2026-07-17T22:11:44+00:00
ADS-001662,ACCT-000239,B0048,49.13,2026-07-17T22:11:44+00:00
ADS-001663,ACCT-000101,B0048,-15.35,2026-07-17T22:11:44+00:00
ADS-001664,ACCT-000029,B0048,-35.66,2026-07-17T22:11:44+00:00
ADS-001665,ACCT-000028,B0048,0.0,2026-07-17T22:11:44+00:00
ADS-001666,ACCT-000065,B0048,0.0,2026-07-17T22:11:44+00:00
ADS-001667,ACCT-000132,B0048,8.78,2026-07-17T22:11:44+00:00
ADS-001668,ACCT-000098,B0048,27.77,2026-07-17T22:11:44+00:00
ADS-001669,ACCT-000081,B0048,-24.95,2026-07-17T22:11:44+00:00
ADS-001670,ACCT-000140,B0048,0.0,2026-07-17T22:11:44+00:00
ADS-001671,ACCT-000095,B0048,-14.45,2026-07-17T22:11:44+00:00
ADS-001672,ACCT-000194,B0048,0.0,2026-07-17T22:11:44+00:00
ADS-001673,ACCT-000253,B0048,-35.3,2026-07-17T22:11:44+00:00
ADS-001674,ACCT-000254,B0048,0.0,2026-07-17T22:11:44+00:00
ADS-001675,ACCT-000255,B0048,0.0,2026-07-17T22:11:44+00:00
ADS-001676,ACCT-000256,B0048,-39.8,2026-07-17T22:11:44+00:00
ADS-001677,ACCT-000130,B0049,-65.57,2026-07-17T23:14:29+00:00
ADS-001678,ACCT-000117,B0049,0.0,2026-07-17T23:14:29+00:00
ADS-001679,ACCT-000059,B0049,0.0,2026-07-17T23:14:29+00:00
ADS-001680,ACCT-000197,B0049,0.0,2026-07-17T23:14:29+00:00
ADS-001681,ACCT-000132,B0049,0.0,2026-07-17T23:14:29+00:00
ADS-001682,ACCT-000145,B0049,-34.67,2026-07-17T23:14:29+00:00
ADS-001683,ACCT-000157,B0049,-59.37,2026-07-17T23:14:29+00:00
ADS-001684,ACCT-000137,B0049,-12.6,2026-07-17T23:14:29+00:00
ADS-001685,ACCT-000094,B0049,3.28,2026-07-17T23:14:29+00:00
ADS-001686,ACCT-000235,B0049,-35.39,2026-07-17T23:14:29+00:00
ADS-001687,ACCT-000143,B0049,0.0,2026-07-17T23:14:29+00:00
ADS-001688,ACCT-000021,B0049,0.0,2026-07-17T23:14:29+00:00
ADS-001689,ACCT-000128,B0049,32.87,2026-07-17T23:14:29+00:00
ADS-001690,ACCT-000005,B0049,-26.37,2026-07-17T23:14:29+00:00
ADS-001691,ACCT-000060,B0049,-15.23,2026-07-17T23:14:29+00:00
ADS-001692,ACCT-000011,B0049,0.0,2026-07-17T23:14:29+00:00
ADS-001693,ACCT-000179,B0049,0.0,2026-07-17T23:14:29+00:00
ADS-001694,ACCT-000002,B0049,0.0,2026-07-17T23:14:29+00:00
ADS-001695,ACCT-000242,B0049,0.0,2026-07-17T23:14:29+00:00
ADS-001696,ACCT-000135,B0049,0.0,2026-07-17T23:14:29+00:00
ADS-001697,ACCT-000093,B0049,-25.55,2026-07-17T23:14:29+00:00
ADS-001698,ACCT-000200,B0049,0.0,2026-07-17T23:14:29+00:00
ADS-001699,ACCT-000188,B0049,0.0,2026-07-17T23:14:29+00:00
ADS-001700,ACCT-000225,B0049,23.23,2026-07-17T23:14:29+00:00
ADS-001701,ACCT-000140,B0049,27.9,2026-07-17T23:14:29+00:00
ADS-001702,ACCT-000054,B0049,-41.43,2026-07-17T23:14:29+00:00
ADS-001703,ACCT-000257,B0049,82.42,2026-07-17T23:14:29+00:00
ADS-001704,ACCT-000258,B0049,19.0,2026-07-17T23:14:29+00:00
ADS-001705,ACCT-000259,B0049,33.61,2026-07-17T23:14:29+00:00
ADS-001706,ACCT-000260,B0049,0.0,2026-07-17T23:14:29+00:00
ADS-001707,ACCT-000110,B0050,-3.87,2026-07-18T00:52:21+00:00
ADS-001708,ACCT-000198,B0050,0.0,2026-07-18T00:52:21+00:00
ADS-001709,ACCT-000156,B0050,17.15,2026-07-18T00:52:21+00:00
ADS-001710,ACCT-000023,B0050,39.18,2026-07-18T00:52:21+00:00
ADS-001711,ACCT-000185,B0050,44.19,2026-07-18T00:52:21+00:00
ADS-001712,ACCT-000257,B0050,0.0,2026-07-18T00:52:21+00:00
ADS-001713,ACCT-000210,B0050,0.0,2026-07-18T00:52:21+00:00
ADS-001714,ACCT-000171,B0050,-22.64,2026-07-18T00:52:21+00:00
ADS-001715,ACCT-000208,B0050,-8.49,2026-07-18T00:52:21+00:00
ADS-001716,ACCT-000240,B0050,-19.96,2026-07-18T00:52:21+00:00
ADS-001717,ACCT-000229,B0050,36.53,2026-07-18T00:52:21+00:00
ADS-001718,ACCT-000177,B0050,0.0,2026-07-18T00:52:21+00:00
ADS-001719,ACCT-000016,B0050,0.0,2026-07-18T00:52:21+00:00
ADS-001720,ACCT-000124,B0050,0.0,2026-07-18T00:52:21+00:00
ADS-001721,ACCT-000161,B0050,0.0,2026-07-18T00:52:21+00:00
ADS-001722,ACCT-000213,B0050,38.79,2026-07-18T00:52:21+00:00
ADS-001723,ACCT-000010,B0050,-86.42,2026-07-18T00:52:21+00:00
ADS-001724,ACCT-000139,B0050,0.0,2026-07-18T00:52:21+00:00
ADS-001725,ACCT-000223,B0050,0.0,2026-07-18T00:52:21+00:00
ADS-001726,ACCT-000028,B0050,41.2,2026-07-18T00:52:21+00:00
ADS-001727,ACCT-000034,B0050,-53.08,2026-07-18T00:52:21+00:00
ADS-001728,ACCT-000183,B0050,1.42,2026-07-18T00:52:21+00:00
ADS-001729,ACCT-000206,B0050,0.0,2026-07-18T00:52:21+00:00
ADS-001730,ACCT-000205,B0050,35.11,2026-07-18T00:52:21+00:00
ADS-001731,ACCT-000162,B0050,20.97,2026-07-18T00:52:21+00:00
ADS-001732,ACCT-000261,B0050,39.15,2026-07-18T00:52:21+00:00
ADS-001733,ACCT-000262,B0050,7.51,2026-07-18T00:52:21+00:00
ADS-001734,ACCT-000263,B0050,0.0,2026-07-18T00:52:21+00:00
ADS-001735,ACCT-000264,B0050,9.85,2026-07-18T00:52:21+00:00
ADS-001736,ACCT-000083,B0051,-2.6,2026-07-18T03:49:24+00:00
ADS-001737,ACCT-000227,B0051,-40.55,2026-07-18T03:49:24+00:00
ADS-001738,ACCT-000043,B0051,0.0,2026-07-18T03:49:24+00:00
ADS-001739,ACCT-000044,B0051,3.57,2026-07-18T03:49:24+00:00
ADS-001740,ACCT-000011,B0051,0.0,2026-07-18T03:49:24+00:00
ADS-001741,ACCT-000201,B0051,2.71,2026-07-18T03:49:24+00:00
ADS-001742,ACCT-000211,B0051,0.0,2026-07-18T03:49:24+00:00
ADS-001743,ACCT-000038,B0051,0.0,2026-07-18T03:49:24+00:00
ADS-001744,ACCT-000045,B0051,0.0,2026-07-18T03:49:24+00:00
ADS-001745,ACCT-000165,B0051,31.4,2026-07-18T03:49:24+00:00
ADS-001746,ACCT-000196,B0051,4.1,2026-07-18T03:49:24+00:00
ADS-001747,ACCT-000124,B0051,0.0,2026-07-18T03:49:24+00:00
ADS-001748,ACCT-000210,B0051,49.37,2026-07-18T03:49:24+00:00
ADS-001749,ACCT-000106,B0051,0.0,2026-07-18T03:49:24+00:00
ADS-001750,ACCT-000118,B0051,-43.51,2026-07-18T03:49:24+00:00
ADS-001751,ACCT-000012,B0051,0.0,2026-07-18T03:49:24+00:00
ADS-001752,ACCT-000066,B0051,0.0,2026-07-18T03:49:24+00:00
ADS-001753,ACCT-000163,B0051,-18.3,2026-07-18T03:49:24+00:00
ADS-001754,ACCT-000206,B0051,31.1,2026-07-18T03:49:24+00:00
ADS-001755,ACCT-000120,B0051,-7.42,2026-07-18T03:49:24+00:00
ADS-001756,ACCT-000180,B0051,16.05,2026-07-18T03:49:24+00:00
ADS-001757,ACCT-000160,B0051,35.46,2026-07-18T03:49:24+00:00
ADS-001758,ACCT-000129,B0051,0.0,2026-07-18T03:49:24+00:00
ADS-001759,ACCT-000021,B0051,23.57,2026-07-18T03:49:24+00:00
ADS-001760,ACCT-000156,B0051,13.81,2026-07-18T03:49:24+00:00
ADS-001761,ACCT-000258,B0051,25.18,2026-07-18T03:49:24+00:00
ADS-001762,ACCT-000265,B0051,0.0,2026-07-18T03:49:24+00:00
ADS-001763,ACCT-000266,B0051,41.93,2026-07-18T03:49:24+00:00
ADS-001764,ACCT-000267,B0051,2.88,2026-07-18T03:49:24+00:00
ADS-001765,ACCT-000022,B0052,0.0,2026-07-18T05:58:36+00:00
ADS-001766,ACCT-000047,B0052,-2.23,2026-07-18T05:58:36+00:00
ADS-001767,ACCT-000192,B0052,-6.05,2026-07-18T05:58:36+00:00
ADS-001768,ACCT-000136,B0052,-10.1,2026-07-18T05:58:36+00:00
ADS-001769,ACCT-000066,B0052,13.26,2026-07-18T05:58:36+00:00
ADS-001770,ACCT-000175,B0052,0.0,2026-07-18T05:58:36+00:00
ADS-001771,ACCT-000157,B0052,-38.97,2026-07-18T05:58:36+00:00
ADS-001772,ACCT-000025,B0052,0.0,2026-07-18T05:58:36+00:00
ADS-001773,ACCT-000103,B0052,0.0,2026-07-18T05:58:36+00:00
ADS-001774,ACCT-000014,B0052,27.34,2026-07-18T05:58:36+00:00
ADS-001775,ACCT-000190,B0052,-11.35,2026-07-18T05:58:36+00:00
ADS-001776,ACCT-000067,B0052,87.53,2026-07-18T05:58:36+00:00
ADS-001777,ACCT-000096,B0052,17.18,2026-07-18T05:58:36+00:00
ADS-001778,ACCT-000089,B0052,-29.56,2026-07-18T05:58:36+00:00
ADS-001779,ACCT-000253,B0052,0.0,2026-07-18T05:58:36+00:00
ADS-001780,ACCT-000020,B0052,8.56,2026-07-18T05:58:36+00:00
ADS-001781,ACCT-000127,B0052,48.03,2026-07-18T05:58:36+00:00
ADS-001782,ACCT-000092,B0052,-32.99,2026-07-18T05:58:36+00:00
ADS-001783,ACCT-000073,B0052,44.85,2026-07-18T05:58:36+00:00
ADS-001784,ACCT-000239,B0052,1.8,2026-07-18T05:58:36+00:00
ADS-001785,ACCT-000129,B0052,0.0,2026-07-18T05:58:36+00:00
ADS-001786,ACCT-000182,B0052,-10.24,2026-07-18T05:58:36+00:00
ADS-001787,ACCT-000199,B0052,0.0,2026-07-18T05:58:36+00:00
ADS-001788,ACCT-000024,B0052,0.0,2026-07-18T05:58:36+00:00
ADS-001789,ACCT-000032,B0052,-23.83,2026-07-18T05:58:36+00:00
ADS-001790,ACCT-000031,B0052,18.7,2026-07-18T05:58:36+00:00
ADS-001791,ACCT-000213,B0052,0.0,2026-07-18T05:58:36+00:00
ADS-001792,ACCT-000030,B0052,0.0,2026-07-18T05:58:36+00:00
ADS-001793,ACCT-000033,B0052,31.48,2026-07-18T05:58:36+00:00
ADS-001794,ACCT-000040,B0052,-15.79,2026-07-18T05:58:36+00:00
ADS-001795,ACCT-000054,B0052,36.12,2026-07-18T05:58:36+00:00
ADS-001796,ACCT-000268,B0052,8.8,2026-07-18T05:58:36+00:00
ADS-001797,ACCT-000269,B0052,26.95,2026-07-18T05:58:36+00:00
ADS-001798,ACCT-000182,B0053,0.0,2026-07-18T07:51:11+00:00
ADS-001799,ACCT-000102,B0053,0.0,2026-07-18T07:51:11+00:00
ADS-001800,ACCT-000017,B0053,-32.98,2026-07-18T07:51:11+00:00
ADS-001801,ACCT-000239,B0053,39.06,2026-07-18T07:51:11+00:00
ADS-001802,ACCT-000186,B0053,0.79,2026-07-18T07:51:11+00:00
ADS-001803,ACCT-000207,B0053,3.95,2026-07-18T07:51:11+00:00
ADS-001804,ACCT-000087,B0053,6.42,2026-07-18T07:51:11+00:00
ADS-001805,ACCT-000119,B0053,36.59,2026-07-18T07:51:11+00:00
ADS-001806,ACCT-000140,B0053,-25.23,2026-07-18T07:51:11+00:00
ADS-001807,ACCT-000181,B0053,0.0,2026-07-18T07:51:11+00:00
ADS-001808,ACCT-000259,B0053,40.23,2026-07-18T07:51:11+00:00
ADS-001809,ACCT-000162,B0053,9.06,2026-07-18T07:51:11+00:00
ADS-001810,ACCT-000189,B0053,0.0,2026-07-18T07:51:11+00:00
ADS-001811,ACCT-000163,B0053,41.01,2026-07-18T07:51:11+00:00
ADS-001812,ACCT-000110,B0053,0.0,2026-07-18T07:51:11+00:00
ADS-001813,ACCT-000156,B0053,0.0,2026-07-18T07:51:11+00:00
ADS-001814,ACCT-000061,B0053,71.51,2026-07-18T07:51:11+00:00
ADS-001815,ACCT-000065,B0053,0.0,2026-07-18T07:51:11+00:00
ADS-001816,ACCT-000252,B0053,0.0,2026-07-18T07:51:11+00:00
ADS-001817,ACCT-000266,B0053,25.34,2026-07-18T07:51:11+00:00
ADS-001818,ACCT-000251,B0053,47.96,2026-07-18T07:51:11+00:00
ADS-001819,ACCT-000262,B0053,-41.25,2026-07-18T07:51:11+00:00
ADS-001820,ACCT-000203,B0053,19.74,2026-07-18T07:51:11+00:00
ADS-001821,ACCT-000260,B0053,-43.35,2026-07-18T07:51:11+00:00
ADS-001822,ACCT-000150,B0053,14.38,2026-07-18T07:51:11+00:00
ADS-001823,ACCT-000082,B0053,-6.98,2026-07-18T07:51:11+00:00
ADS-001824,ACCT-000128,B0053,0.0,2026-07-18T07:51:11+00:00
ADS-001825,ACCT-000183,B0053,-15.23,2026-07-18T07:51:11+00:00
ADS-001826,ACCT-000034,B0053,41.69,2026-07-18T07:51:11+00:00
ADS-001827,ACCT-000026,B0053,-19.76,2026-07-18T07:51:11+00:00
ADS-001828,ACCT-000135,B0053,-16.88,2026-07-18T07:51:11+00:00
ADS-001829,ACCT-000168,B0053,-0.64,2026-07-18T07:51:11+00:00
ADS-001830,ACCT-000270,B0053,24.52,2026-07-18T07:51:11+00:00
ADS-001831,ACCT-000271,B0053,31.5,2026-07-18T07:51:11+00:00
ADS-001832,ACCT-000029,B0054,-3.46,2026-07-18T09:16:58+00:00
ADS-001833,ACCT-000054,B0054,0.0,2026-07-18T09:16:58+00:00
ADS-001834,ACCT-000045,B0054,0.0,2026-07-18T09:16:58+00:00
ADS-001835,ACCT-000252,B0054,0.0,2026-07-18T09:16:58+00:00
ADS-001836,ACCT-000214,B0054,68.84,2026-07-18T09:16:58+00:00
ADS-001837,ACCT-000011,B0054,27.97,2026-07-18T09:16:58+00:00
ADS-001838,ACCT-000110,B0054,-76.49,2026-07-18T09:16:58+00:00
ADS-001839,ACCT-000122,B0054,35.0,2026-07-18T09:16:58+00:00
ADS-001840,ACCT-000234,B0054,-2.37,2026-07-18T09:16:58+00:00
ADS-001841,ACCT-000048,B0054,-33.84,2026-07-18T09:16:58+00:00
ADS-001842,ACCT-000267,B0054,0.0,2026-07-18T09:16:58+00:00
ADS-001843,ACCT-000007,B0054,-3.41,2026-07-18T09:16:58+00:00
ADS-001844,ACCT-000213,B0054,0.0,2026-07-18T09:16:58+00:00
ADS-001845,ACCT-000087,B0054,0.0,2026-07-18T09:16:58+00:00
ADS-001846,ACCT-000019,B0054,34.77,2026-07-18T09:16:58+00:00
ADS-001847,ACCT-000165,B0054,39.11,2026-07-18T09:16:58+00:00
ADS-001848,ACCT-000078,B0054,-28.27,2026-07-18T09:16:58+00:00
ADS-001849,ACCT-000056,B0054,17.3,2026-07-18T09:16:58+00:00
ADS-001850,ACCT-000186,B0054,-4.05,2026-07-18T09:16:58+00:00
ADS-001851,ACCT-000235,B0054,46.69,2026-07-18T09:16:58+00:00
ADS-001852,ACCT-000017,B0054,32.15,2026-07-18T09:16:58+00:00
ADS-001853,ACCT-000255,B0054,-27.73,2026-07-18T09:16:58+00:00
ADS-001854,ACCT-000059,B0054,-35.29,2026-07-18T09:16:58+00:00
ADS-001855,ACCT-000053,B0054,0.0,2026-07-18T09:16:58+00:00
ADS-001856,ACCT-000097,B0054,-1.18,2026-07-18T09:16:58+00:00
ADS-001857,ACCT-000174,B0054,4.43,2026-07-18T09:16:58+00:00
ADS-001858,ACCT-000272,B0054,46.45,2026-07-18T09:16:58+00:00
ADS-001859,ACCT-000273,B0054,41.22,2026-07-18T09:16:58+00:00
ADS-001860,ACCT-000274,B0054,0.0,2026-07-18T09:16:58+00:00
ADS-001861,ACCT-000275,B0054,-73.29,2026-07-18T09:16:58+00:00
ADS-001862,ACCT-000006,B0055,31.03,2026-07-18T10:45:26+00:00
ADS-001863,ACCT-000196,B0055,-22.7,2026-07-18T10:45:26+00:00
ADS-001864,ACCT-000180,B0055,-18.93,2026-07-18T10:45:26+00:00
ADS-001865,ACCT-000116,B0055,0.0,2026-07-18T10:45:26+00:00
ADS-001866,ACCT-000039,B0055,-17.82,2026-07-18T10:45:26+00:00
ADS-001867,ACCT-000201,B0055,43.79,2026-07-18T10:45:26+00:00
ADS-001868,ACCT-000228,B0055,0.0,2026-07-18T10:45:26+00:00
ADS-001869,ACCT-000091,B0055,-17.74,2026-07-18T10:45:26+00:00
ADS-001870,ACCT-000096,B0055,3.01,2026-07-18T10:45:26+00:00
ADS-001871,ACCT-000202,B0055,-3.65,2026-07-18T10:45:26+00:00
ADS-001872,ACCT-000247,B0055,0.0,2026-07-18T10:45:26+00:00
ADS-001873,ACCT-000179,B0055,-3.45,2026-07-18T10:45:26+00:00
ADS-001874,ACCT-000073,B0055,36.51,2026-07-18T10:45:26+00:00
ADS-001875,ACCT-000189,B0055,-22.93,2026-07-18T10:45:26+00:00
ADS-001876,ACCT-000128,B0055,0.0,2026-07-18T10:45:26+00:00
ADS-001877,ACCT-000198,B0055,58.74,2026-07-18T10:45:26+00:00
ADS-001878,ACCT-000129,B0055,0.0,2026-07-18T10:45:26+00:00
ADS-001879,ACCT-000266,B0055,-64.87,2026-07-18T10:45:26+00:00
ADS-001880,ACCT-000134,B0055,-11.6,2026-07-18T10:45:26+00:00
ADS-001881,ACCT-000079,B0055,7.2,2026-07-18T10:45:26+00:00
ADS-001882,ACCT-000178,B0055,18.49,2026-07-18T10:45:26+00:00
ADS-001883,ACCT-000124,B0055,0.0,2026-07-18T10:45:26+00:00
ADS-001884,ACCT-000095,B0055,-35.27,2026-07-18T10:45:26+00:00
ADS-001885,ACCT-000020,B0055,-50.01,2026-07-18T10:45:26+00:00
ADS-001886,ACCT-000140,B0055,-19.07,2026-07-18T10:45:26+00:00
ADS-001887,ACCT-000118,B0055,-88.55,2026-07-18T10:45:26+00:00
ADS-001888,ACCT-000157,B0055,-22.54,2026-07-18T10:45:26+00:00
ADS-001889,ACCT-000125,B0055,-5.94,2026-07-18T10:45:26+00:00
ADS-001890,ACCT-000276,B0055,-48.88,2026-07-18T10:45:26+00:00
ADS-001891,ACCT-000277,B0055,0.0,2026-07-18T10:45:26+00:00
ADS-001892,ACCT-000278,B0055,-18.32,2026-07-18T10:45:26+00:00
ADS-001893,ACCT-000279,B0055,0.0,2026-07-18T10:45:26+00:00
ADS-001894,ACCT-000032,B0056,0.0,2026-07-18T11:46:33+00:00
ADS-001895,ACCT-000035,B0056,-70.99,2026-07-18T11:46:33+00:00
ADS-001896,ACCT-000200,B0056,36.04,2026-07-18T11:46:33+00:00
ADS-001897,ACCT-000235,B0056,57.63,2026-07-18T11:46:33+00:00
ADS-001898,ACCT-000107,B0056,30.54,2026-07-18T11:46:33+00:00
ADS-001899,ACCT-000239,B0056,43.91,2026-07-18T11:46:33+00:00
ADS-001900,ACCT-000268,B0056,0.02,2026-07-18T11:46:33+00:00
ADS-001901,ACCT-000020,B0056,-51.3,2026-07-18T11:46:33+00:00
ADS-001902,ACCT-000012,B0056,-41.13,2026-07-18T11:46:33+00:00
ADS-001903,ACCT-000188,B0056,0.0,2026-07-18T11:46:33+00:00
ADS-001904,ACCT-000264,B0056,0.0,2026-07-18T11:46:33+00:00
ADS-001905,ACCT-000158,B0056,69.28,2026-07-18T11:46:33+00:00
ADS-001906,ACCT-000143,B0056,24.88,2026-07-18T11:46:33+00:00
ADS-001907,ACCT-000067,B0056,-3.37,2026-07-18T11:46:33+00:00
ADS-001908,ACCT-000192,B0056,0.0,2026-07-18T11:46:33+00:00
ADS-001909,ACCT-000278,B0056,6.48,2026-07-18T11:46:33+00:00
ADS-001910,ACCT-000273,B0056,41.82,2026-07-18T11:46:33+00:00
ADS-001911,ACCT-000233,B0056,10.93,2026-07-18T11:46:33+00:00
ADS-001912,ACCT-000086,B0056,-45.21,2026-07-18T11:46:33+00:00
ADS-001913,ACCT-000112,B0056,0.0,2026-07-18T11:46:33+00:00
ADS-001914,ACCT-000089,B0056,-18.39,2026-07-18T11:46:33+00:00
ADS-001915,ACCT-000198,B0056,23.67,2026-07-18T11:46:33+00:00
ADS-001916,ACCT-000174,B0056,6.35,2026-07-18T11:46:33+00:00
ADS-001917,ACCT-000134,B0056,22.76,2026-07-18T11:46:33+00:00
ADS-001918,ACCT-000108,B0056,10.48,2026-07-18T11:46:33+00:00
ADS-001919,ACCT-000139,B0056,-43.24,2026-07-18T11:46:33+00:00
ADS-001920,ACCT-000280,B0056,0.0,2026-07-18T11:46:33+00:00
ADS-001921,ACCT-000281,B0056,-24.39,2026-07-18T11:46:33+00:00
ADS-001922,ACCT-000227,B0057,29.44,2026-07-18T12:56:10+00:00
ADS-001923,ACCT-000072,B0057,35.0,2026-07-18T12:56:10+00:00
ADS-001924,ACCT-000209,B0057,0.0,2026-07-18T12:56:10+00:00
ADS-001925,ACCT-000181,B0057,0.0,2026-07-18T12:56:10+00:00
ADS-001926,ACCT-000207,B0057,9.97,2026-07-18T12:56:10+00:00
ADS-001927,ACCT-000243,B0057,-23.19,2026-07-18T12:56:10+00:00
ADS-001928,ACCT-000056,B0057,0.19,2026-07-18T12:56:10+00:00
ADS-001929,ACCT-000130,B0057,19.71,2026-07-18T12:56:10+00:00
ADS-001930,ACCT-000240,B0057,0.0,2026-07-18T12:56:10+00:00
ADS-001931,ACCT-000043,B0057,26.73,2026-07-18T12:56:10+00:00
ADS-001932,ACCT-000229,B0057,0.0,2026-07-18T12:56:10+00:00
ADS-001933,ACCT-000079,B0057,54.57,2026-07-18T12:56:10+00:00
ADS-001934,ACCT-000198,B0057,-25.36,2026-07-18T12:56:10+00:00
ADS-001935,ACCT-000180,B0057,16.56,2026-07-18T12:56:10+00:00
ADS-001936,ACCT-000174,B0057,37.19,2026-07-18T12:56:10+00:00
ADS-001937,ACCT-000235,B0057,20.87,2026-07-18T12:56:10+00:00
ADS-001938,ACCT-000236,B0057,-36.94,2026-07-18T12:56:10+00:00
ADS-001939,ACCT-000143,B0057,56.04,2026-07-18T12:56:10+00:00
ADS-001940,ACCT-000082,B0057,85.29,2026-07-18T12:56:10+00:00
ADS-001941,ACCT-000103,B0057,23.6,2026-07-18T12:56:10+00:00
ADS-001942,ACCT-000154,B0057,0.0,2026-07-18T12:56:10+00:00
ADS-001943,ACCT-000120,B0057,0.0,2026-07-18T12:56:10+00:00
ADS-001944,ACCT-000008,B0057,0.0,2026-07-18T12:56:10+00:00
ADS-001945,ACCT-000064,B0057,-82.8,2026-07-18T12:56:10+00:00
ADS-001946,ACCT-000034,B0057,12.87,2026-07-18T12:56:10+00:00
ADS-001947,ACCT-000014,B0057,0.0,2026-07-18T12:56:10+00:00
ADS-001948,ACCT-000151,B0057,0.0,2026-07-18T12:56:10+00:00
ADS-001949,ACCT-000188,B0057,31.71,2026-07-18T12:56:10+00:00
ADS-001950,ACCT-000208,B0057,-35.76,2026-07-18T12:56:10+00:00
ADS-001951,ACCT-000282,B0057,-41.47,2026-07-18T12:56:10+00:00
ADS-001952,ACCT-000283,B0057,-37.25,2026-07-18T12:56:10+00:00
ADS-001953,ACCT-000284,B0057,-17.64,2026-07-18T12:56:10+00:00
ADS-001954,ACCT-000285,B0057,0.0,2026-07-18T12:56:10+00:00
ADS-001955,ACCT-000162,B0058,13.17,2026-07-18T14:18:09+00:00
ADS-001956,ACCT-000274,B0058,0.0,2026-07-18T14:18:09+00:00
ADS-001957,ACCT-000092,B0058,-37.73,2026-07-18T14:18:09+00:00
ADS-001958,ACCT-000045,B0058,0.0,2026-07-18T14:18:09+00:00
ADS-001959,ACCT-000155,B0058,22.44,2026-07-18T14:18:09+00:00
ADS-001960,ACCT-000132,B0058,34.93,2026-07-18T14:18:09+00:00
ADS-001961,ACCT-000099,B0058,36.65,2026-07-18T14:18:09+00:00
ADS-001962,ACCT-000080,B0058,5.08,2026-07-18T14:18:09+00:00
ADS-001963,ACCT-000102,B0058,-75.62,2026-07-18T14:18:09+00:00
ADS-001964,ACCT-000119,B0058,0.0,2026-07-18T14:18:09+00:00
ADS-001965,ACCT-000054,B0058,-40.15,2026-07-18T14:18:09+00:00
ADS-001966,ACCT-000063,B0058,38.45,2026-07-18T14:18:09+00:00
ADS-001967,ACCT-000237,B0058,-19.33,2026-07-18T14:18:09+00:00
ADS-001968,ACCT-000270,B0058,-10.54,2026-07-18T14:18:09+00:00
ADS-001969,ACCT-000231,B0058,18.73,2026-07-18T14:18:09+00:00
ADS-001970,ACCT-000209,B0058,-12.76,2026-07-18T14:18:09+00:00
ADS-001971,ACCT-000205,B0058,19.2,2026-07-18T14:18:09+00:00
ADS-001972,ACCT-000009,B0058,0.0,2026-07-18T14:18:09+00:00
ADS-001973,ACCT-000184,B0058,0.0,2026-07-18T14:18:09+00:00
ADS-001974,ACCT-000245,B0058,0.0,2026-07-18T14:18:09+00:00
ADS-001975,ACCT-000136,B0058,18.03,2026-07-18T14:18:09+00:00
ADS-001976,ACCT-000056,B0058,9.02,2026-07-18T14:18:09+00:00
ADS-001977,ACCT-000157,B0058,-19.86,2026-07-18T14:18:09+00:00
ADS-001978,ACCT-000125,B0058,-24.53,2026-07-18T14:18:09+00:00
ADS-001979,ACCT-000032,B0058,0.0,2026-07-18T14:18:09+00:00
ADS-001980,ACCT-000144,B0058,-8.81,2026-07-18T14:18:09+00:00
ADS-001981,ACCT-000172,B0058,-12.42,2026-07-18T14:18:09+00:00
ADS-001982,ACCT-000286,B0058,-6.08,2026-07-18T14:18:09+00:00
ADS-001983,ACCT-000287,B0058,-60.93,2026-07-18T14:18:09+00:00
ADS-001984,ACCT-000193,B0059,21.61,2026-07-18T15:28:14+00:00
ADS-001985,ACCT-000031,B0059,-49.49,2026-07-18T15:28:14+00:00
ADS-001986,ACCT-000116,B0059,0.0,2026-07-18T15:28:14+00:00
ADS-001987,ACCT-000150,B0059,0.0,2026-07-18T15:28:14+00:00
ADS-001988,ACCT-000085,B0059,14.38,2026-07-18T15:28:14+00:00
ADS-001989,ACCT-000236,B0059,-56.25,2026-07-18T15:28:14+00:00
ADS-001990,ACCT-000081,B0059,-12.78,2026-07-18T15:28:14+00:00
ADS-001991,ACCT-000026,B0059,15.96,2026-07-18T15:28:14+00:00
ADS-001992,ACCT-000101,B0059,43.88,2026-07-18T15:28:14+00:00
ADS-001993,ACCT-000005,B0059,20.38,2026-07-18T15:28:14+00:00
ADS-001994,ACCT-000225,B0059,14.22,2026-07-18T15:28:14+00:00
ADS-001995,ACCT-000167,B0059,64.9,2026-07-18T15:28:14+00:00
ADS-001996,ACCT-000259,B0059,0.0,2026-07-18T15:28:14+00:00
ADS-001997,ACCT-000247,B0059,18.19,2026-07-18T15:28:14+00:00
ADS-001998,ACCT-000074,B0059,0.0,2026-07-18T15:28:14+00:00
ADS-001999,ACCT-000268,B0059,28.74,2026-07-18T15:28:14+00:00
ADS-002000,ACCT-000045,B0059,-28.17,2026-07-18T15:28:14+00:00
ADS-002001,ACCT-000278,B0059,-31.59,2026-07-18T15:28:14+00:00
ADS-002002,ACCT-000270,B0059,0.0,2026-07-18T15:28:14+00:00
ADS-002003,ACCT-000229,B0059,42.99,2026-07-18T15:28:14+00:00
ADS-002004,ACCT-000006,B0059,27.44,2026-07-18T15:28:14+00:00
ADS-002005,ACCT-000114,B0059,0.0,2026-07-18T15:28:14+00:00
ADS-002006,ACCT-000165,B0059,0.0,2026-07-18T15:28:14+00:00
ADS-002007,ACCT-000244,B0059,0.0,2026-07-18T15:28:14+00:00
ADS-002008,ACCT-000285,B0059,8.2,2026-07-18T15:28:14+00:00
ADS-002009,ACCT-000072,B0059,-47.56,2026-07-18T15:28:14+00:00
ADS-002010,ACCT-000002,B0059,84.89,2026-07-18T15:28:14+00:00
ADS-002011,ACCT-000141,B0059,-3.15,2026-07-18T15:28:14+00:00
ADS-002012,ACCT-000024,B0059,13.11,2026-07-18T15:28:14+00:00
ADS-002013,ACCT-000288,B0059,0.0,2026-07-18T15:28:14+00:00
ADS-002014,ACCT-000289,B0059,32.56,2026-07-18T15:28:14+00:00
ADS-002015,ACCT-000290,B0059,0.0,2026-07-18T15:28:14+00:00
ADS-002016,ACCT-000291,B0059,7.51,2026-07-18T15:28:14+00:00
ADS-002017,ACCT-000137,B0060,0.0,2026-07-18T16:26:39+00:00
ADS-002018,ACCT-000184,B0060,41.52,2026-07-18T16:26:39+00:00
ADS-002019,ACCT-000236,B0060,19.89,2026-07-18T16:26:39+00:00
ADS-002020,ACCT-000008,B0060,19.56,2026-07-18T16:26:39+00:00
ADS-002021,ACCT-000025,B0060,65.65,2026-07-18T16:26:39+00:00
ADS-002022,ACCT-000040,B0060,0.0,2026-07-18T16:26:39+00:00
ADS-002023,ACCT-000016,B0060,0.0,2026-07-18T16:26:39+00:00
ADS-002024,ACCT-000183,B0060,-46.95,2026-07-18T16:26:39+00:00
ADS-002025,ACCT-000004,B0060,0.0,2026-07-18T16:26:39+00:00
ADS-002026,ACCT-000225,B0060,-48.07,2026-07-18T16:26:39+00:00
ADS-002027,ACCT-000277,B0060,-31.59,2026-07-18T16:26:39+00:00
ADS-002028,ACCT-000034,B0060,-3.69,2026-07-18T16:26:39+00:00
ADS-002029,ACCT-000142,B0060,26.58,2026-07-18T16:26:39+00:00
ADS-002030,ACCT-000007,B0060,-7.67,2026-07-18T16:26:39+00:00
ADS-002031,ACCT-000056,B0060,29.78,2026-07-18T16:26:39+00:00
ADS-002032,ACCT-000055,B0060,11.87,2026-07-18T16:26:39+00:00
ADS-002033,ACCT-000077,B0060,-13.39,2026-07-18T16:26:39+00:00
ADS-002034,ACCT-000074,B0060,-13.32,2026-07-18T16:26:39+00:00
ADS-002035,ACCT-000224,B0060,9.13,2026-07-18T16:26:39+00:00
ADS-002036,ACCT-000228,B0060,91.8,2026-07-18T16:26:39+00:00
ADS-002037,ACCT-000064,B0060,-40.81,2026-07-18T16:26:39+00:00
ADS-002038,ACCT-000109,B0060,6.85,2026-07-18T16:26:39+00:00
ADS-002039,ACCT-000278,B0060,71.65,2026-07-18T16:26:39+00:00
ADS-002040,ACCT-000037,B0060,25.13,2026-07-18T16:26:39+00:00
ADS-002041,ACCT-000015,B0060,-19.98,2026-07-18T16:26:39+00:00
ADS-002042,ACCT-000018,B0060,-45.01,2026-07-18T16:26:39+00:00
ADS-002043,ACCT-000087,B0060,-36.62,2026-07-18T16:26:39+00:00
ADS-002044,ACCT-000258,B0060,-10.2,2026-07-18T16:26:39+00:00
ADS-002045,ACCT-000171,B0060,26.42,2026-07-18T16:26:39+00:00
ADS-002046,ACCT-000151,B0060,-24.44,2026-07-18T16:26:39+00:00
ADS-002047,ACCT-000242,B0060,27.74,2026-07-18T16:26:39+00:00
ADS-002048,ACCT-000239,B0060,0.0,2026-07-18T16:26:39+00:00
ADS-002049,ACCT-000125,B0060,-32.25,2026-07-18T16:26:39+00:00
ADS-002050,ACCT-000292,B0060,-21.02,2026-07-18T16:26:39+00:00
ADS-002051,ACCT-000293,B0060,-11.6,2026-07-18T16:26:39+00:00
ADS-002052,ACCT-000294,B0060,0.0,2026-07-18T16:26:39+00:00
ADS-002053,ACCT-000295,B0060,-18.47,2026-07-18T16:26:39+00:00
ADS-002054,ACCT-000112,B0061,-37.04,2026-07-18T17:29:59+00:00
ADS-002055,ACCT-000035,B0061,-2.14,2026-07-18T17:29:59+00:00
ADS-002056,ACCT-000003,B0061,42.16,2026-07-18T17:29:59+00:00
ADS-002057,ACCT-000084,B0061,41.35,2026-07-18T17:29:59+00:00
ADS-002058,ACCT-000214,B0061,30.56,2026-07-18T17:29:59+00:00
ADS-002059,ACCT-000053,B0061,52.0,2026-07-18T17:29:59+00:00
ADS-002060,ACCT-000049,B0061,0.0,2026-07-18T17:29:59+00:00
ADS-002061,ACCT-000108,B0061,-57.49,2026-07-18T17:29:59+00:00
ADS-002062,ACCT-000031,B0061,0.0,2026-07-18T17:29:59+00:00
ADS-002063,ACCT-000150,B0061,23.47,2026-07-18T17:29:59+00:00
ADS-002064,ACCT-000116,B0061,31.47,2026-07-18T17:29:59+00:00
ADS-002065,ACCT-000095,B0061,24.27,2026-07-18T17:29:59+00:00
ADS-002066,ACCT-000078,B0061,-7.86,2026-07-18T17:29:59+00:00
ADS-002067,ACCT-000222,B0061,0.0,2026-07-18T17:29:59+00:00
ADS-002068,ACCT-000011,B0061,0.0,2026-07-18T17:29:59+00:00
ADS-002069,ACCT-000161,B0061,0.0,2026-07-18T17:29:59+00:00
ADS-002070,ACCT-000231,B0061,-55.21,2026-07-18T17:29:59+00:00
ADS-002071,ACCT-000186,B0061,9.77,2026-07-18T17:29:59+00:00
ADS-002072,ACCT-000217,B0061,58.96,2026-07-18T17:29:59+00:00
ADS-002073,ACCT-000249,B0061,8.76,2026-07-18T17:29:59+00:00
ADS-002074,ACCT-000059,B0061,-10.44,2026-07-18T17:29:59+00:00
ADS-002075,ACCT-000118,B0061,-41.88,2026-07-18T17:29:59+00:00
ADS-002076,ACCT-000138,B0061,3.74,2026-07-18T17:29:59+00:00
ADS-002077,ACCT-000164,B0061,0.0,2026-07-18T17:29:59+00:00
ADS-002078,ACCT-000005,B0061,8.34,2026-07-18T17:29:59+00:00
ADS-002079,ACCT-000122,B0061,0.0,2026-07-18T17:29:59+00:00
ADS-002080,ACCT-000148,B0061,-8.37,2026-07-18T17:29:59+00:00
ADS-002081,ACCT-000009,B0061,0.0,2026-07-18T17:29:59+00:00
ADS-002082,ACCT-000283,B0061,3.69,2026-07-18T17:29:59+00:00
ADS-002083,ACCT-000296,B0061,0.0,2026-07-18T17:29:59+00:00
ADS-002084,ACCT-000297,B0061,34.45,2026-07-18T17:29:59+00:00
ADS-002085,ACCT-000298,B0061,0.0,2026-07-18T17:29:59+00:00
ADS-002086,ACCT-000185,B0062,22.21,2026-07-18T18:28:11+00:00
ADS-002087,ACCT-000198,B0062,-7.83,2026-07-18T18:28:11+00:00
ADS-002088,ACCT-000001,B0062,0.0,2026-07-18T18:28:11+00:00
ADS-002089,ACCT-000256,B0062,0.0,2026-07-18T18:28:11+00:00
ADS-002090,ACCT-000190,B0062,-45.31,2026-07-18T18:28:11+00:00
ADS-002091,ACCT-000196,B0062,24.26,2026-07-18T18:28:11+00:00
ADS-002092,ACCT-000211,B0062,37.16,2026-07-18T18:28:11+00:00
ADS-002093,ACCT-000049,B0062,27.12,2026-07-18T18:28:11+00:00
ADS-002094,ACCT-000174,B0062,43.2,2026-07-18T18:28:11+00:00
ADS-002095,ACCT-000144,B0062,0.0,2026-07-18T18:28:11+00:00
ADS-002096,ACCT-000003,B0062,9.86,2026-07-18T18:28:11+00:00
ADS-002097,ACCT-000038,B0062,48.65,2026-07-18T18:28:11+00:00
ADS-002098,ACCT-000175,B0062,31.56,2026-07-18T18:28:11+00:00
ADS-002099,ACCT-000218,B0062,-56.42,2026-07-18T18:28:11+00:00
ADS-002100,ACCT-000076,B0062,16.74,2026-07-18T18:28:11+00:00
ADS-002101,ACCT-000171,B0062,0.0,2026-07-18T18:28:11+00:00
ADS-002102,ACCT-000035,B0062,0.0,2026-07-18T18:28:11+00:00
ADS-002103,ACCT-000291,B0062,0.0,2026-07-18T18:28:11+00:00
ADS-002104,ACCT-000188,B0062,62.96,2026-07-18T18:28:11+00:00
ADS-002105,ACCT-000205,B0062,0.0,2026-07-18T18:28:11+00:00
ADS-002106,ACCT-000294,B0062,22.19,2026-07-18T18:28:11+00:00
ADS-002107,ACCT-000018,B0062,0.0,2026-07-18T18:28:11+00:00
ADS-002108,ACCT-000238,B0062,0.0,2026-07-18T18:28:11+00:00
ADS-002109,ACCT-000118,B0062,-40.39,2026-07-18T18:28:11+00:00
ADS-002110,ACCT-000272,B0062,-35.26,2026-07-18T18:28:11+00:00
ADS-002111,ACCT-000289,B0062,-43.78,2026-07-18T18:28:11+00:00
ADS-002112,ACCT-000121,B0062,3.66,2026-07-18T18:28:11+00:00
ADS-002113,ACCT-000163,B0062,0.0,2026-07-18T18:28:11+00:00
ADS-002114,ACCT-000239,B0062,0.0,2026-07-18T18:28:11+00:00
ADS-002115,ACCT-000146,B0062,0.0,2026-07-18T18:28:11+00:00
ADS-002116,ACCT-000170,B0062,32.3,2026-07-18T18:28:11+00:00
ADS-002117,ACCT-000299,B0062,-28.4,2026-07-18T18:28:11+00:00
ADS-002118,ACCT-000300,B0062,0.0,2026-07-18T18:28:11+00:00
ADS-002119,ACCT-000301,B0062,0.0,2026-07-18T18:28:11+00:00
ADS-002120,ACCT-000154,B0063,-60.4,2026-07-18T19:41:46+00:00
ADS-002121,ACCT-000076,B0063,-9.75,2026-07-18T19:41:46+00:00
ADS-002122,ACCT-000070,B0063,0.0,2026-07-18T19:41:46+00:00
ADS-002123,ACCT-000164,B0063,0.0,2026-07-18T19:41:46+00:00
ADS-002124,ACCT-000147,B0063,-42.69,2026-07-18T19:41:46+00:00
ADS-002125,ACCT-000197,B0063,-39.66,2026-07-18T19:41:46+00:00
ADS-002126,ACCT-000260,B0063,87.72,2026-07-18T19:41:46+00:00
ADS-002127,ACCT-000006,B0063,-33.0,2026-07-18T19:41:46+00:00
ADS-002128,ACCT-000085,B0063,10.05,2026-07-18T19:41:46+00:00
ADS-002129,ACCT-000248,B0063,-52.24,2026-07-18T19:41:46+00:00
ADS-002130,ACCT-000297,B0063,-38.09,2026-07-18T19:41:46+00:00
ADS-002131,ACCT-000099,B0063,89.9,2026-07-18T19:41:46+00:00
ADS-002132,ACCT-000250,B0063,-13.7,2026-07-18T19:41:46+00:00
ADS-002133,ACCT-000237,B0063,0.0,2026-07-18T19:41:46+00:00
ADS-002134,ACCT-000152,B0063,68.31,2026-07-18T19:41:46+00:00
ADS-002135,ACCT-000004,B0063,-65.63,2026-07-18T19:41:46+00:00
ADS-002136,ACCT-000239,B0063,0.0,2026-07-18T19:41:46+00:00
ADS-002137,ACCT-000236,B0063,-30.06,2026-07-18T19:41:46+00:00
ADS-002138,ACCT-000113,B0063,101.16,2026-07-18T19:41:46+00:00
ADS-002139,ACCT-000074,B0063,35.24,2026-07-18T19:41:46+00:00
ADS-002140,ACCT-000101,B0063,-17.68,2026-07-18T19:41:46+00:00
ADS-002141,ACCT-000026,B0063,39.29,2026-07-18T19:41:46+00:00
ADS-002142,ACCT-000168,B0063,-28.52,2026-07-18T19:41:46+00:00
ADS-002143,ACCT-000276,B0063,0.0,2026-07-18T19:41:46+00:00
ADS-002144,ACCT-000119,B0063,-39.32,2026-07-18T19:41:46+00:00
ADS-002145,ACCT-000241,B0063,40.0,2026-07-18T19:41:46+00:00
ADS-002146,ACCT-000175,B0063,-33.06,2026-07-18T19:41:46+00:00
ADS-002147,ACCT-000095,B0063,0.0,2026-07-18T19:41:46+00:00
ADS-002148,ACCT-000284,B0063,-34.16,2026-07-18T19:41:46+00:00
ADS-002149,ACCT-000092,B0063,0.0,2026-07-18T19:41:46+00:00
ADS-002150,ACCT-000047,B0063,0.0,2026-07-18T19:41:46+00:00
ADS-002151,ACCT-000233,B0063,45.01,2026-07-18T19:41:46+00:00
ADS-002152,ACCT-000016,B0063,0.0,2026-07-18T19:41:46+00:00
ADS-002153,ACCT-000126,B0063,41.98,2026-07-18T19:41:46+00:00
ADS-002154,ACCT-000302,B0063,-8.86,2026-07-18T19:41:46+00:00
ADS-002155,ACCT-000303,B0063,12.51,2026-07-18T19:41:46+00:00
ADS-002156,ACCT-000304,B0063,15.29,2026-07-18T19:41:46+00:00
ADS-002157,ACCT-000119,B0064,-14.72,2026-07-18T20:38:57+00:00
ADS-002158,ACCT-000053,B0064,0.0,2026-07-18T20:38:57+00:00
ADS-002159,ACCT-000026,B0064,12.96,2026-07-18T20:38:57+00:00
ADS-002160,ACCT-000165,B0064,39.05,2026-07-18T20:38:57+00:00
ADS-002161,ACCT-000083,B0064,49.69,2026-07-18T20:38:57+00:00
ADS-002162,ACCT-000278,B0064,-9.33,2026-07-18T20:38:57+00:00
ADS-002163,ACCT-000161,B0064,0.0,2026-07-18T20:38:57+00:00
ADS-002164,ACCT-000244,B0064,29.27,2026-07-18T20:38:57+00:00
ADS-002165,ACCT-000173,B0064,-17.18,2026-07-18T20:38:57+00:00
ADS-002166,ACCT-000214,B0064,39.92,2026-07-18T20:38:57+00:00
ADS-002167,ACCT-000060,B0064,47.08,2026-07-18T20:38:57+00:00
ADS-002168,ACCT-000023,B0064,14.64,2026-07-18T20:38:57+00:00
ADS-002169,ACCT-000113,B0064,-25.02,2026-07-18T20:38:57+00:00
ADS-002170,ACCT-000176,B0064,33.0,2026-07-18T20:38:57+00:00
ADS-002171,ACCT-000186,B0064,30.84,2026-07-18T20:38:57+00:00
ADS-002172,ACCT-000275,B0064,-0.08,2026-07-18T20:38:57+00:00
ADS-002173,ACCT-000055,B0064,-2.34,2026-07-18T20:38:57+00:00
ADS-002174,ACCT-000162,B0064,0.0,2026-07-18T20:38:57+00:00
ADS-002175,ACCT-000177,B0064,0.0,2026-07-18T20:38:57+00:00
ADS-002176,ACCT-000142,B0064,0.0,2026-07-18T20:38:57+00:00
ADS-002177,ACCT-000078,B0064,0.0,2026-07-18T20:38:57+00:00
ADS-002178,ACCT-000017,B0064,-36.99,2026-07-18T20:38:57+00:00
ADS-002179,ACCT-000074,B0064,0.0,2026-07-18T20:38:57+00:00
ADS-002180,ACCT-000248,B0064,-75.27,2026-07-18T20:38:57+00:00
ADS-002181,ACCT-000293,B0064,0.0,2026-07-18T20:38:57+00:00
ADS-002182,ACCT-000305,B0064,-28.96,2026-07-18T20:38:57+00:00
ADS-002183,ACCT-000306,B0064,-12.34,2026-07-18T20:38:57+00:00
ADS-002184,ACCT-000307,B0064,-17.21,2026-07-18T20:38:57+00:00
ADS-002185,ACCT-000139,B0065,-32.18,2026-07-18T21:42:31+00:00
ADS-002186,ACCT-000057,B0065,-7.78,2026-07-18T21:42:31+00:00
ADS-002187,ACCT-000046,B0065,0.0,2026-07-18T21:42:31+00:00
ADS-002188,ACCT-000144,B0065,-10.27,2026-07-18T21:42:31+00:00
ADS-002189,ACCT-000050,B0065,-2.96,2026-07-18T21:42:31+00:00
ADS-002190,ACCT-000235,B0065,28.03,2026-07-18T21:42:31+00:00
ADS-002191,ACCT-000177,B0065,0.0,2026-07-18T21:42:31+00:00
ADS-002192,ACCT-000110,B0065,6.07,2026-07-18T21:42:31+00:00
ADS-002193,ACCT-000211,B0065,0.0,2026-07-18T21:42:31+00:00
ADS-002194,ACCT-000238,B0065,0.0,2026-07-18T21:42:31+00:00
ADS-002195,ACCT-000102,B0065,0.0,2026-07-18T21:42:31+00:00
ADS-002196,ACCT-000216,B0065,51.64,2026-07-18T21:42:31+00:00
ADS-002197,ACCT-000137,B0065,0.0,2026-07-18T21:42:31+00:00
ADS-002198,ACCT-000252,B0065,0.0,2026-07-18T21:42:31+00:00
ADS-002199,ACCT-000243,B0065,-12.5,2026-07-18T21:42:31+00:00
ADS-002200,ACCT-000191,B0065,0.0,2026-07-18T21:42:31+00:00
ADS-002201,ACCT-000135,B0065,0.0,2026-07-18T21:42:31+00:00
ADS-002202,ACCT-000288,B0065,9.71,2026-07-18T21:42:31+00:00
ADS-002203,ACCT-000245,B0065,-13.36,2026-07-18T21:42:31+00:00
ADS-002204,ACCT-000085,B0065,0.0,2026-07-18T21:42:31+00:00
ADS-002205,ACCT-000249,B0065,-22.16,2026-07-18T21:42:31+00:00
ADS-002206,ACCT-000158,B0065,-48.56,2026-07-18T21:42:31+00:00
ADS-002207,ACCT-000306,B0065,48.25,2026-07-18T21:42:31+00:00
ADS-002208,ACCT-000182,B0065,0.0,2026-07-18T21:42:31+00:00
ADS-002209,ACCT-000239,B0065,0.0,2026-07-18T21:42:31+00:00
ADS-002210,ACCT-000269,B0065,0.0,2026-07-18T21:42:31+00:00
ADS-002211,ACCT-000108,B0065,19.22,2026-07-18T21:42:31+00:00
ADS-002212,ACCT-000293,B0065,0.0,2026-07-18T21:42:31+00:00
ADS-002213,ACCT-000122,B0065,0.0,2026-07-18T21:42:31+00:00
ADS-002214,ACCT-000308,B0065,0.0,2026-07-18T21:42:31+00:00
ADS-002215,ACCT-000309,B0065,-48.98,2026-07-18T21:42:31+00:00
ADS-002216,ACCT-000310,B0065,-15.89,2026-07-18T21:42:31+00:00
ADS-002217,ACCT-000296,B0066,-12.74,2026-07-18T22:42:02+00:00
ADS-002218,ACCT-000233,B0066,9.1,2026-07-18T22:42:02+00:00
ADS-002219,ACCT-000208,B0066,0.0,2026-07-18T22:42:02+00:00
ADS-002220,ACCT-000130,B0066,0.0,2026-07-18T22:42:02+00:00
ADS-002221,ACCT-000005,B0066,-20.79,2026-07-18T22:42:02+00:00
ADS-002222,ACCT-000027,B0066,-11.77,2026-07-18T22:42:02+00:00
ADS-002223,ACCT-000106,B0066,-49.86,2026-07-18T22:42:02+00:00
ADS-002224,ACCT-000237,B0066,-25.59,2026-07-18T22:42:02+00:00
ADS-002225,ACCT-000075,B0066,9.87,2026-07-18T22:42:02+00:00
ADS-002226,ACCT-000272,B0066,0.0,2026-07-18T22:42:02+00:00
ADS-002227,ACCT-000285,B0066,6.82,2026-07-18T22:42:02+00:00
ADS-002228,ACCT-000138,B0066,-40.8,2026-07-18T22:42:02+00:00
ADS-002229,ACCT-000104,B0066,-24.79,2026-07-18T22:42:02+00:00
ADS-002230,ACCT-000067,B0066,-41.51,2026-07-18T22:42:02+00:00
ADS-002231,ACCT-000161,B0066,-3.3,2026-07-18T22:42:02+00:00
ADS-002232,ACCT-000132,B0066,0.0,2026-07-18T22:42:02+00:00
ADS-002233,ACCT-000107,B0066,-2.7,2026-07-18T22:42:02+00:00
ADS-002234,ACCT-000271,B0066,47.08,2026-07-18T22:42:02+00:00
ADS-002235,ACCT-000060,B0066,0.0,2026-07-18T22:42:02+00:00
ADS-002236,ACCT-000117,B0066,35.62,2026-07-18T22:42:02+00:00
ADS-002237,ACCT-000074,B0066,-64.79,2026-07-18T22:42:02+00:00
ADS-002238,ACCT-000025,B0066,66.01,2026-07-18T22:42:02+00:00
ADS-002239,ACCT-000076,B0066,43.92,2026-07-18T22:42:02+00:00
ADS-002240,ACCT-000082,B0066,65.77,2026-07-18T22:42:02+00:00
ADS-002241,ACCT-000134,B0066,51.73,2026-07-18T22:42:02+00:00
ADS-002242,ACCT-000151,B0066,-15.75,2026-07-18T22:42:02+00:00
ADS-002243,ACCT-000214,B0066,-21.47,2026-07-18T22:42:02+00:00
ADS-002244,ACCT-000165,B0066,0.0,2026-07-18T22:42:02+00:00
ADS-002245,ACCT-000311,B0066,21.6,2026-07-18T22:42:02+00:00
ADS-002246,ACCT-000312,B0066,2.02,2026-07-18T22:42:02+00:00
ADS-002247,ACCT-000283,B0067,46.74,2026-07-18T23:44:12+00:00
ADS-002248,ACCT-000159,B0067,39.14,2026-07-18T23:44:12+00:00
ADS-002249,ACCT-000260,B0067,75.11,2026-07-18T23:44:12+00:00
ADS-002250,ACCT-000043,B0067,55.8,2026-07-18T23:44:12+00:00
ADS-002251,ACCT-000294,B0067,-11.63,2026-07-18T23:44:12+00:00
ADS-002252,ACCT-000199,B0067,0.0,2026-07-18T23:44:12+00:00
ADS-002253,ACCT-000302,B0067,0.0,2026-07-18T23:44:12+00:00
ADS-002254,ACCT-000091,B0067,43.46,2026-07-18T23:44:12+00:00
ADS-002255,ACCT-000071,B0067,17.08,2026-07-18T23:44:12+00:00
ADS-002256,ACCT-000045,B0067,0.0,2026-07-18T23:44:12+00:00
ADS-002257,ACCT-000272,B0067,-48.48,2026-07-18T23:44:12+00:00
ADS-002258,ACCT-000089,B0067,0.0,2026-07-18T23:44:12+00:00
ADS-002259,ACCT-000129,B0067,-5.82,2026-07-18T23:44:12+00:00
ADS-002260,ACCT-000150,B0067,2.17,2026-07-18T23:44:12+00:00
ADS-002261,ACCT-000066,B0067,-22.22,2026-07-18T23:44:12+00:00
ADS-002262,ACCT-000284,B0067,0.0,2026-07-18T23:44:12+00:00
ADS-002263,ACCT-000237,B0067,-67.44,2026-07-18T23:44:12+00:00
ADS-002264,ACCT-000093,B0067,0.0,2026-07-18T23:44:12+00:00
ADS-002265,ACCT-000140,B0067,-87.26,2026-07-18T23:44:12+00:00
ADS-002266,ACCT-000012,B0067,-13.72,2026-07-18T23:44:12+00:00
ADS-002267,ACCT-000265,B0067,-22.86,2026-07-18T23:44:12+00:00
ADS-002268,ACCT-000042,B0067,0.0,2026-07-18T23:44:12+00:00
ADS-002269,ACCT-000076,B0067,30.06,2026-07-18T23:44:12+00:00
ADS-002270,ACCT-000095,B0067,47.47,2026-07-18T23:44:12+00:00
ADS-002271,ACCT-000161,B0067,-41.5,2026-07-18T23:44:12+00:00
ADS-002272,ACCT-000198,B0067,-33.36,2026-07-18T23:44:12+00:00
ADS-002273,ACCT-000087,B0067,46.66,2026-07-18T23:44:12+00:00
ADS-002274,ACCT-000296,B0067,81.05,2026-07-18T23:44:12+00:00
ADS-002275,ACCT-000241,B0067,0.0,2026-07-18T23:44:12+00:00
ADS-002276,ACCT-000078,B0067,33.22,2026-07-18T23:44:12+00:00
ADS-002277,ACCT-000303,B0067,46.54,2026-07-18T23:44:12+00:00
ADS-002278,ACCT-000254,B0067,0.0,2026-07-18T23:44:12+00:00
ADS-002279,ACCT-000109,B0067,48.07,2026-07-18T23:44:12+00:00
ADS-002280,ACCT-000105,B0067,-71.64,2026-07-18T23:44:12+00:00
ADS-002281,ACCT-000313,B0067,6.59,2026-07-18T23:44:12+00:00
ADS-002282,ACCT-000314,B0067,0.0,2026-07-18T23:44:12+00:00
ADS-002283,ACCT-000117,B0068,0.0,2026-07-19T01:53:56+00:00
ADS-002284,ACCT-000126,B0068,-78.25,2026-07-19T01:53:56+00:00
ADS-002285,ACCT-000313,B0068,-15.18,2026-07-19T01:53:56+00:00
ADS-002286,ACCT-000182,B0068,15.99,2026-07-19T01:53:56+00:00
ADS-002287,ACCT-000059,B0068,0.0,2026-07-19T01:53:56+00:00
ADS-002288,ACCT-000094,B0068,-19.82,2026-07-19T01:53:56+00:00
ADS-002289,ACCT-000104,B0068,38.98,2026-07-19T01:53:56+00:00
ADS-002290,ACCT-000234,B0068,0.0,2026-07-19T01:53:56+00:00
ADS-002291,ACCT-000062,B0068,27.45,2026-07-19T01:53:56+00:00
ADS-002292,ACCT-000073,B0068,0.0,2026-07-19T01:53:56+00:00
ADS-002293,ACCT-000210,B0068,0.0,2026-07-19T01:53:56+00:00
ADS-002294,ACCT-000288,B0068,32.66,2026-07-19T01:53:56+00:00
ADS-002295,ACCT-000174,B0068,0.0,2026-07-19T01:53:56+00:00
ADS-002296,ACCT-000091,B0068,-92.17,2026-07-19T01:53:56+00:00
ADS-002297,ACCT-000287,B0068,-6.84,2026-07-19T01:53:56+00:00
ADS-002298,ACCT-000097,B0068,14.21,2026-07-19T01:53:56+00:00
ADS-002299,ACCT-000153,B0068,9.4,2026-07-19T01:53:56+00:00
ADS-002300,ACCT-000237,B0068,8.64,2026-07-19T01:53:56+00:00
ADS-002301,ACCT-000216,B0068,0.0,2026-07-19T01:53:56+00:00
ADS-002302,ACCT-000244,B0068,0.0,2026-07-19T01:53:56+00:00
ADS-002303,ACCT-000310,B0068,15.14,2026-07-19T01:53:56+00:00
ADS-002304,ACCT-000179,B0068,7.58,2026-07-19T01:53:56+00:00
ADS-002305,ACCT-000003,B0068,-0.34,2026-07-19T01:53:56+00:00
ADS-002306,ACCT-000240,B0068,-17.76,2026-07-19T01:53:56+00:00
ADS-002307,ACCT-000208,B0068,-7.7,2026-07-19T01:53:56+00:00
ADS-002308,ACCT-000290,B0068,0.0,2026-07-19T01:53:56+00:00
ADS-002309,ACCT-000149,B0068,0.0,2026-07-19T01:53:56+00:00
ADS-002310,ACCT-000312,B0068,2.17,2026-07-19T01:53:56+00:00
ADS-002311,ACCT-000017,B0068,-29.54,2026-07-19T01:53:56+00:00
ADS-002312,ACCT-000187,B0068,-35.35,2026-07-19T01:53:56+00:00
ADS-002313,ACCT-000232,B0068,0.0,2026-07-19T01:53:56+00:00
ADS-002314,ACCT-000188,B0068,-6.92,2026-07-19T01:53:56+00:00
ADS-002315,ACCT-000095,B0068,-27.74,2026-07-19T01:53:56+00:00
ADS-002316,ACCT-000168,B0068,-25.29,2026-07-19T01:53:56+00:00
ADS-002317,ACCT-000315,B0068,-17.4,2026-07-19T01:53:56+00:00
ADS-002318,ACCT-000316,B0068,24.42,2026-07-19T01:53:56+00:00
ADS-002319,ACCT-000317,B0068,13.75,2026-07-19T01:53:56+00:00
ADS-002320,ACCT-000318,B0068,-25.47,2026-07-19T01:53:56+00:00
ADS-002321,ACCT-000155,B0069,52.93,2026-07-19T05:15:16+00:00
ADS-002322,ACCT-000048,B0069,0.12,2026-07-19T05:15:16+00:00
ADS-002323,ACCT-000101,B0069,0.0,2026-07-19T05:15:16+00:00
ADS-002324,ACCT-000161,B0069,0.0,2026-07-19T05:15:16+00:00
ADS-002325,ACCT-000087,B0069,0.0,2026-07-19T05:15:16+00:00
ADS-002326,ACCT-000240,B0069,-9.73,2026-07-19T05:15:16+00:00
ADS-002327,ACCT-000300,B0069,21.79,2026-07-19T05:15:16+00:00
ADS-002328,ACCT-000254,B0069,-36.04,2026-07-19T05:15:16+00:00
ADS-002329,ACCT-000027,B0069,0.0,2026-07-19T05:15:16+00:00
ADS-002330,ACCT-000011,B0069,52.98,2026-07-19T05:15:16+00:00
ADS-002331,ACCT-000251,B0069,29.11,2026-07-19T05:15:16+00:00
ADS-002332,ACCT-000194,B0069,0.0,2026-07-19T05:15:16+00:00
ADS-002333,ACCT-000228,B0069,0.0,2026-07-19T05:15:16+00:00
ADS-002334,ACCT-000168,B0069,-3.18,2026-07-19T05:15:16+00:00
ADS-002335,ACCT-000204,B0069,-3.18,2026-07-19T05:15:16+00:00
ADS-002336,ACCT-000293,B0069,0.0,2026-07-19T05:15:16+00:00
ADS-002337,ACCT-000140,B0069,22.75,2026-07-19T05:15:16+00:00
ADS-002338,ACCT-000072,B0069,6.09,2026-07-19T05:15:16+00:00
ADS-002339,ACCT-000089,B0069,-21.94,2026-07-19T05:15:16+00:00
ADS-002340,ACCT-000009,B0069,-76.45,2026-07-19T05:15:16+00:00
ADS-002341,ACCT-000273,B0069,-40.03,2026-07-19T05:15:16+00:00
ADS-002342,ACCT-000176,B0069,0.0,2026-07-19T05:15:16+00:00
ADS-002343,ACCT-000029,B0069,-25.3,2026-07-19T05:15:16+00:00
ADS-002344,ACCT-000150,B0069,-15.36,2026-07-19T05:15:16+00:00
ADS-002345,ACCT-000302,B0069,-17.96,2026-07-19T05:15:16+00:00
ADS-002346,ACCT-000180,B0069,-34.98,2026-07-19T05:15:16+00:00
ADS-002347,ACCT-000319,B0069,-40.24,2026-07-19T05:15:16+00:00
ADS-002348,ACCT-000320,B0069,-79.04,2026-07-19T05:15:16+00:00
ADS-002349,ACCT-000321,B0069,-41.44,2026-07-19T05:15:16+00:00
ADS-002350,ACCT-000322,B0069,0.0,2026-07-19T05:15:16+00:00
ADS-002351,ACCT-000270,B0070,49.8,2026-07-19T07:38:37+00:00
ADS-002352,ACCT-000141,B0070,46.43,2026-07-19T07:38:37+00:00
ADS-002353,ACCT-000074,B0070,-22.15,2026-07-19T07:38:37+00:00
ADS-002354,ACCT-000125,B0070,-29.67,2026-07-19T07:38:37+00:00
ADS-002355,ACCT-000088,B0070,-50.5,2026-07-19T07:38:37+00:00
ADS-002356,ACCT-000129,B0070,0.0,2026-07-19T07:38:37+00:00
ADS-002357,ACCT-000245,B0070,-6.84,2026-07-19T07:38:37+00:00
ADS-002358,ACCT-000312,B0070,6.24,2026-07-19T07:38:37+00:00
ADS-002359,ACCT-000289,B0070,-29.98,2026-07-19T07:38:37+00:00
ADS-002360,ACCT-000247,B0070,-4.63,2026-07-19T07:38:37+00:00
ADS-002361,ACCT-000032,B0070,-37.41,2026-07-19T07:38:37+00:00
ADS-002362,ACCT-000003,B0070,0.0,2026-07-19T07:38:37+00:00
ADS-002363,ACCT-000092,B0070,-26.14,2026-07-19T07:38:37+00:00
ADS-002364,ACCT-000192,B0070,0.0,2026-07-19T07:38:37+00:00
ADS-002365,ACCT-000220,B0070,0.0,2026-07-19T07:38:37+00:00
ADS-002366,ACCT-000184,B0070,-4.08,2026-07-19T07:38:37+00:00
ADS-002367,ACCT-000126,B0070,46.83,2026-07-19T07:38:37+00:00
ADS-002368,ACCT-000098,B0070,43.15,2026-07-19T07:38:37+00:00
ADS-002369,ACCT-000272,B0070,-31.29,2026-07-19T07:38:37+00:00
ADS-002370,ACCT-000051,B0070,34.91,2026-07-19T07:38:37+00:00
ADS-002371,ACCT-000046,B0070,-36.97,2026-07-19T07:38:37+00:00
ADS-002372,ACCT-000201,B0070,-15.85,2026-07-19T07:38:37+00:00
ADS-002373,ACCT-000309,B0070,-22.72,2026-07-19T07:38:37+00:00
ADS-002374,ACCT-000024,B0070,19.01,2026-07-19T07:38:37+00:00
ADS-002375,ACCT-000018,B0070,0.0,2026-07-19T07:38:37+00:00
ADS-002376,ACCT-000254,B0070,-27.05,2026-07-19T07:38:37+00:00
ADS-002377,ACCT-000293,B0070,43.16,2026-07-19T07:38:37+00:00
ADS-002378,ACCT-000022,B0070,-26.87,2026-07-19T07:38:37+00:00
ADS-002379,ACCT-000299,B0070,-13.04,2026-07-19T07:38:37+00:00
ADS-002380,ACCT-000228,B0070,16.56,2026-07-19T07:38:37+00:00
ADS-002381,ACCT-000232,B0070,33.86,2026-07-19T07:38:37+00:00
ADS-002382,ACCT-000038,B0070,-9.7,2026-07-19T07:38:37+00:00
ADS-002383,ACCT-000323,B0070,-9.2,2026-07-19T07:38:37+00:00
ADS-002384,ACCT-000324,B0070,0.0,2026-07-19T07:38:37+00:00
ADS-002385,ACCT-000325,B0070,0.0,2026-07-19T07:38:37+00:00
ADS-002386,ACCT-000326,B0070,0.0,2026-07-19T07:38:37+00:00
ADS-002387,ACCT-000282,B0071,0.0,2026-07-19T09:46:09+00:00
ADS-002388,ACCT-000113,B0071,73.68,2026-07-19T09:46:09+00:00
ADS-002389,ACCT-000180,B0071,2.24,2026-07-19T09:46:09+00:00
ADS-002390,ACCT-000131,B0071,-21.27,2026-07-19T09:46:09+00:00
ADS-002391,ACCT-000097,B0071,0.0,2026-07-19T09:46:09+00:00
ADS-002392,ACCT-000015,B0071,0.0,2026-07-19T09:46:09+00:00
ADS-002393,ACCT-000158,B0071,0.0,2026-07-19T09:46:09+00:00
ADS-002394,ACCT-000104,B0071,20.89,2026-07-19T09:46:09+00:00
ADS-002395,ACCT-000067,B0071,0.0,2026-07-19T09:46:09+00:00
ADS-002396,ACCT-000183,B0071,17.38,2026-07-19T09:46:09+00:00
ADS-002397,ACCT-000071,B0071,0.0,2026-07-19T09:46:09+00:00
ADS-002398,ACCT-000012,B0071,-6.93,2026-07-19T09:46:09+00:00
ADS-002399,ACCT-000322,B0071,0.0,2026-07-19T09:46:09+00:00
ADS-002400,ACCT-000300,B0071,1.07,2026-07-19T09:46:09+00:00
ADS-002401,ACCT-000292,B0071,76.25,2026-07-19T09:46:09+00:00
ADS-002402,ACCT-000226,B0071,0.0,2026-07-19T09:46:09+00:00
ADS-002403,ACCT-000171,B0071,-2.51,2026-07-19T09:46:09+00:00
ADS-002404,ACCT-000206,B0071,0.0,2026-07-19T09:46:09+00:00
ADS-002405,ACCT-000018,B0071,-5.05,2026-07-19T09:46:09+00:00
ADS-002406,ACCT-000258,B0071,-14.24,2026-07-19T09:46:09+00:00
ADS-002407,ACCT-000192,B0071,2.98,2026-07-19T09:46:09+00:00
ADS-002408,ACCT-000056,B0071,0.0,2026-07-19T09:46:09+00:00
ADS-002409,ACCT-000271,B0071,0.0,2026-07-19T09:46:09+00:00
ADS-002410,ACCT-000058,B0071,-26.72,2026-07-19T09:46:09+00:00
ADS-002411,ACCT-000041,B0071,0.0,2026-07-19T09:46:09+00:00
ADS-002412,ACCT-000277,B0071,0.0,2026-07-19T09:46:09+00:00
ADS-002413,ACCT-000214,B0071,0.0,2026-07-19T09:46:09+00:00
ADS-002414,ACCT-000327,B0071,0.0,2026-07-19T09:46:09+00:00
ADS-002415,ACCT-000328,B0071,0.0,2026-07-19T09:46:09+00:00
ADS-002416,ACCT-000329,B0071,14.72,2026-07-19T09:46:09+00:00
ADS-002417,ACCT-000086,B0072,46.62,2026-07-19T11:05:49+00:00
ADS-002418,ACCT-000022,B0072,-10.44,2026-07-19T11:05:49+00:00
ADS-002419,ACCT-000279,B0072,0.0,2026-07-19T11:05:49+00:00
ADS-002420,ACCT-000046,B0072,0.0,2026-07-19T11:05:49+00:00
ADS-002421,ACCT-000304,B0072,29.47,2026-07-19T11:05:49+00:00
ADS-002422,ACCT-000130,B0072,34.63,2026-07-19T11:05:49+00:00
ADS-002423,ACCT-000157,B0072,0.35,2026-07-19T11:05:49+00:00
ADS-002424,ACCT-000256,B0072,38.81,2026-07-19T11:05:49+00:00
ADS-002425,ACCT-000105,B0072,0.0,2026-07-19T11:05:49+00:00
ADS-002426,ACCT-000149,B0072,-29.06,2026-07-19T11:05:49+00:00
ADS-002427,ACCT-000062,B0072,-56.72,2026-07-19T11:05:49+00:00
ADS-002428,ACCT-000002,B0072,-40.02,2026-07-19T11:05:49+00:00
ADS-002429,ACCT-000052,B0072,0.0,2026-07-19T11:05:49+00:00
ADS-002430,ACCT-000126,B0072,0.0,2026-07-19T11:05:49+00:00
ADS-002431,ACCT-000084,B0072,-35.06,2026-07-19T11:05:49+00:00
ADS-002432,ACCT-000050,B0072,24.99,2026-07-19T11:05:49+00:00
ADS-002433,ACCT-000178,B0072,0.0,2026-07-19T11:05:49+00:00
ADS-002434,ACCT-000005,B0072,-38.37,2026-07-19T11:05:49+00:00
ADS-002435,ACCT-000148,B0072,-54.66,2026-07-19T11:05:49+00:00
ADS-002436,ACCT-000018,B0072,13.49,2026-07-19T11:05:49+00:00
ADS-002437,ACCT-000227,B0072,-61.3,2026-07-19T11:05:49+00:00
ADS-002438,ACCT-000287,B0072,35.04,2026-07-19T11:05:49+00:00
ADS-002439,ACCT-000144,B0072,35.02,2026-07-19T11:05:49+00:00
ADS-002440,ACCT-000238,B0072,4.56,2026-07-19T11:05:49+00:00
ADS-002441,ACCT-000316,B0072,-42.12,2026-07-19T11:05:49+00:00
ADS-002442,ACCT-000030,B0072,0.0,2026-07-19T11:05:49+00:00
ADS-002443,ACCT-000330,B0072,31.61,2026-07-19T11:05:49+00:00
ADS-002444,ACCT-000331,B0072,20.8,2026-07-19T11:05:49+00:00
ADS-002445,ACCT-000332,B0072,18.72,2026-07-19T11:05:49+00:00
ADS-002446,ACCT-000328,B0073,-48.75,2026-07-19T12:12:06+00:00
ADS-002447,ACCT-000123,B0073,40.2,2026-07-19T12:12:06+00:00
ADS-002448,ACCT-000145,B0073,0.0,2026-07-19T12:12:06+00:00
ADS-002449,ACCT-000011,B0073,1.31,2026-07-19T12:12:06+00:00
ADS-002450,ACCT-000108,B0073,-25.49,2026-07-19T12:12:06+00:00
ADS-002451,ACCT-000001,B0073,0.0,2026-07-19T12:12:06+00:00
ADS-002452,ACCT-000306,B0073,38.33,2026-07-19T12:12:06+00:00
ADS-002453,ACCT-000193,B0073,0.0,2026-07-19T12:12:06+00:00
ADS-002454,ACCT-000125,B0073,-36.7,2026-07-19T12:12:06+00:00
ADS-002455,ACCT-000048,B0073,-39.28,2026-07-19T12:12:06+00:00
ADS-002456,ACCT-000237,B0073,0.0,2026-07-19T12:12:06+00:00
ADS-002457,ACCT-000321,B0073,0.0,2026-07-19T12:12:06+00:00
ADS-002458,ACCT-000114,B0073,11.34,2026-07-19T12:12:06+00:00
ADS-002459,ACCT-000221,B0073,6.57,2026-07-19T12:12:06+00:00
ADS-002460,ACCT-000090,B0073,-51.24,2026-07-19T12:12:06+00:00
ADS-002461,ACCT-000098,B0073,0.0,2026-07-19T12:12:06+00:00
ADS-002462,ACCT-000122,B0073,0.0,2026-07-19T12:12:06+00:00
ADS-002463,ACCT-000241,B0073,0.0,2026-07-19T12:12:06+00:00
ADS-002464,ACCT-000182,B0073,-22.4,2026-07-19T12:12:06+00:00
ADS-002465,ACCT-000157,B0073,-63.58,2026-07-19T12:12:06+00:00
ADS-002466,ACCT-000288,B0073,23.98,2026-07-19T12:12:06+00:00
ADS-002467,ACCT-000073,B0073,-12.78,2026-07-19T12:12:06+00:00
ADS-002468,ACCT-000033,B0073,0.0,2026-07-19T12:12:06+00:00
ADS-002469,ACCT-000210,B0073,-81.62,2026-07-19T12:12:06+00:00
ADS-002470,ACCT-000151,B0073,24.45,2026-07-19T12:12:06+00:00
ADS-002471,ACCT-000015,B0073,-5.98,2026-07-19T12:12:06+00:00
ADS-002472,ACCT-000249,B0073,-33.5,2026-07-19T12:12:06+00:00
ADS-002473,ACCT-000110,B0073,-3.31,2026-07-19T12:12:06+00:00
ADS-002474,ACCT-000100,B0073,-13.85,2026-07-19T12:12:06+00:00
ADS-002475,ACCT-000099,B0073,0.0,2026-07-19T12:12:06+00:00
ADS-002476,ACCT-000029,B0073,0.0,2026-07-19T12:12:06+00:00
ADS-002477,ACCT-000045,B0073,53.23,2026-07-19T12:12:06+00:00
ADS-002478,ACCT-000272,B0073,0.0,2026-07-19T12:12:06+00:00
ADS-002479,ACCT-000333,B0073,-6.25,2026-07-19T12:12:06+00:00
ADS-002480,ACCT-000334,B0073,43.48,2026-07-19T12:12:06+00:00
ADS-002481,ACCT-000235,B0074,-43.65,2026-07-19T13:59:55+00:00
ADS-002482,ACCT-000238,B0074,13.0,2026-07-19T13:59:55+00:00
ADS-002483,ACCT-000173,B0074,23.21,2026-07-19T13:59:55+00:00
ADS-002484,ACCT-000105,B0074,0.0,2026-07-19T13:59:55+00:00
ADS-002485,ACCT-000197,B0074,1.95,2026-07-19T13:59:55+00:00
ADS-002486,ACCT-000055,B0074,0.0,2026-07-19T13:59:55+00:00
ADS-002487,ACCT-000333,B0074,-12.32,2026-07-19T13:59:55+00:00
ADS-002488,ACCT-000204,B0074,32.13,2026-07-19T13:59:55+00:00
ADS-002489,ACCT-000332,B0074,-53.2,2026-07-19T13:59:55+00:00
ADS-002490,ACCT-000114,B0074,0.0,2026-07-19T13:59:55+00:00
ADS-002491,ACCT-000054,B0074,-4.55,2026-07-19T13:59:55+00:00
ADS-002492,ACCT-000222,B0074,0.0,2026-07-19T13:59:55+00:00
ADS-002493,ACCT-000280,B0074,0.0,2026-07-19T13:59:55+00:00
ADS-002494,ACCT-000276,B0074,46.18,2026-07-19T13:59:55+00:00
ADS-002495,ACCT-000062,B0074,0.0,2026-07-19T13:59:55+00:00
ADS-002496,ACCT-000304,B0074,36.21,2026-07-19T13:59:55+00:00
ADS-002497,ACCT-000031,B0074,91.76,2026-07-19T13:59:55+00:00
ADS-002498,ACCT-000195,B0074,0.0,2026-07-19T13:59:55+00:00
ADS-002499,ACCT-000176,B0074,52.68,2026-07-19T13:59:55+00:00
ADS-002500,ACCT-000246,B0074,49.28,2026-07-19T13:59:55+00:00
ADS-002501,ACCT-000154,B0074,46.59,2026-07-19T13:59:55+00:00
ADS-002502,ACCT-000299,B0074,-7.51,2026-07-19T13:59:55+00:00
ADS-002503,ACCT-000224,B0074,-23.48,2026-07-19T13:59:55+00:00
ADS-002504,ACCT-000179,B0074,43.7,2026-07-19T13:59:55+00:00
ADS-002505,ACCT-000230,B0074,0.0,2026-07-19T13:59:55+00:00
ADS-002506,ACCT-000320,B0074,48.61,2026-07-19T13:59:55+00:00
ADS-002507,ACCT-000228,B0074,0.0,2026-07-19T13:59:55+00:00
ADS-002508,ACCT-000310,B0074,36.47,2026-07-19T13:59:55+00:00
ADS-002509,ACCT-000008,B0074,16.4,2026-07-19T13:59:55+00:00
ADS-002510,ACCT-000335,B0074,28.89,2026-07-19T13:59:55+00:00
ADS-002511,ACCT-000336,B0074,42.94,2026-07-19T13:59:55+00:00
ADS-002512,ACCT-000337,B0074,-20.17,2026-07-19T13:59:55+00:00
ADS-002513,ACCT-000326,B0075,0.0,2026-07-19T14:59:57+00:00
ADS-002514,ACCT-000110,B0075,11.96,2026-07-19T14:59:57+00:00
ADS-002515,ACCT-000296,B0075,-23.57,2026-07-19T14:59:57+00:00
ADS-002516,ACCT-000190,B0075,11.75,2026-07-19T14:59:57+00:00
ADS-002517,ACCT-000168,B0075,26.08,2026-07-19T14:59:57+00:00
ADS-002518,ACCT-000094,B0075,58.69,2026-07-19T14:59:57+00:00
ADS-002519,ACCT-000312,B0075,0.0,2026-07-19T14:59:57+00:00
ADS-002520,ACCT-000001,B0075,-9.74,2026-07-19T14:59:57+00:00
ADS-002521,ACCT-000101,B0075,14.71,2026-07-19T14:59:57+00:00
ADS-002522,ACCT-000173,B0075,-35.52,2026-07-19T14:59:57+00:00
ADS-002523,ACCT-000276,B0075,3.2,2026-07-19T14:59:57+00:00
ADS-002524,ACCT-000086,B0075,-27.56,2026-07-19T14:59:57+00:00
ADS-002525,ACCT-000122,B0075,16.54,2026-07-19T14:59:57+00:00
ADS-002526,ACCT-000324,B0075,-44.81,2026-07-19T14:59:57+00:00
ADS-002527,ACCT-000266,B0075,0.0,2026-07-19T14:59:57+00:00
ADS-002528,ACCT-000285,B0075,46.53,2026-07-19T14:59:57+00:00
ADS-002529,ACCT-000013,B0075,-29.35,2026-07-19T14:59:57+00:00
ADS-002530,ACCT-000200,B0075,-23.11,2026-07-19T14:59:57+00:00
ADS-002531,ACCT-000192,B0075,0.0,2026-07-19T14:59:57+00:00
ADS-002532,ACCT-000247,B0075,-48.18,2026-07-19T14:59:57+00:00
ADS-002533,ACCT-000275,B0075,0.08,2026-07-19T14:59:57+00:00
ADS-002534,ACCT-000283,B0075,-15.79,2026-07-19T14:59:57+00:00
ADS-002535,ACCT-000064,B0075,15.41,2026-07-19T14:59:57+00:00
ADS-002536,ACCT-000007,B0075,-10.47,2026-07-19T14:59:57+00:00
ADS-002537,ACCT-000062,B0075,0.0,2026-07-19T14:59:57+00:00
ADS-002538,ACCT-000225,B0075,8.11,2026-07-19T14:59:57+00:00
ADS-002539,ACCT-000257,B0075,4.59,2026-07-19T14:59:57+00:00
ADS-002540,ACCT-000111,B0075,-14.85,2026-07-19T14:59:57+00:00
ADS-002541,ACCT-000085,B0075,15.19,2026-07-19T14:59:57+00:00
ADS-002542,ACCT-000158,B0075,-13.24,2026-07-19T14:59:57+00:00
ADS-002543,ACCT-000145,B0075,-27.66,2026-07-19T14:59:57+00:00
ADS-002544,ACCT-000056,B0075,47.63,2026-07-19T14:59:57+00:00
ADS-002545,ACCT-000105,B0075,8.03,2026-07-19T14:59:57+00:00
ADS-002546,ACCT-000144,B0075,0.0,2026-07-19T14:59:57+00:00
ADS-002547,ACCT-000338,B0075,17.42,2026-07-19T14:59:57+00:00
ADS-002548,ACCT-000339,B0075,0.0,2026-07-19T14:59:57+00:00
ADS-002549,ACCT-000340,B0075,44.24,2026-07-19T14:59:57+00:00
ADS-002550,ACCT-000341,B0075,0.0,2026-07-19T14:59:57+00:00
ADS-002551,ACCT-000293,B0076,-19.08,2026-07-19T16:00:40+00:00
ADS-002552,ACCT-000089,B0076,40.44,2026-07-19T16:00:40+00:00
ADS-002553,ACCT-000228,B0076,-42.71,2026-07-19T16:00:40+00:00
ADS-002554,ACCT-000204,B0076,-36.92,2026-07-19T16:00:40+00:00
ADS-002555,ACCT-000098,B0076,66.67,2026-07-19T16:00:40+00:00
ADS-002556,ACCT-000200,B0076,-5.16,2026-07-19T16:00:40+00:00
ADS-002557,ACCT-000070,B0076,-9.88,2026-07-19T16:00:40+00:00
ADS-002558,ACCT-000249,B0076,0.0,2026-07-19T16:00:40+00:00
ADS-002559,ACCT-000144,B0076,0.0,2026-07-19T16:00:40+00:00
ADS-002560,ACCT-000180,B0076,0.0,2026-07-19T16:00:40+00:00
ADS-002561,ACCT-000195,B0076,17.26,2026-07-19T16:00:40+00:00
ADS-002562,ACCT-000225,B0076,0.0,2026-07-19T16:00:40+00:00
ADS-002563,ACCT-000075,B0076,36.62,2026-07-19T16:00:40+00:00
ADS-002564,ACCT-000158,B0076,0.0,2026-07-19T16:00:40+00:00
ADS-002565,ACCT-000049,B0076,0.0,2026-07-19T16:00:40+00:00
ADS-002566,ACCT-000104,B0076,0.0,2026-07-19T16:00:40+00:00
ADS-002567,ACCT-000328,B0076,-29.13,2026-07-19T16:00:40+00:00
ADS-002568,ACCT-000174,B0076,-20.64,2026-07-19T16:00:40+00:00
ADS-002569,ACCT-000121,B0076,-32.1,2026-07-19T16:00:40+00:00
ADS-002570,ACCT-000156,B0076,-37.61,2026-07-19T16:00:40+00:00
ADS-002571,ACCT-000093,B0076,0.0,2026-07-19T16:00:40+00:00
ADS-002572,ACCT-000327,B0076,24.86,2026-07-19T16:00:40+00:00
ADS-002573,ACCT-000252,B0076,-88.61,2026-07-19T16:00:40+00:00
ADS-002574,ACCT-000095,B0076,-57.56,2026-07-19T16:00:40+00:00
ADS-002575,ACCT-000097,B0076,-18.04,2026-07-19T16:00:40+00:00
ADS-002576,ACCT-000062,B0076,0.0,2026-07-19T16:00:40+00:00
ADS-002577,ACCT-000021,B0076,23.43,2026-07-19T16:00:40+00:00
ADS-002578,ACCT-000287,B0076,71.87,2026-07-19T16:00:40+00:00
ADS-002579,ACCT-000209,B0076,0.0,2026-07-19T16:00:40+00:00
ADS-002580,ACCT-000323,B0076,-11.74,2026-07-19T16:00:40+00:00
ADS-002581,ACCT-000342,B0076,-1.67,2026-07-19T16:00:40+00:00
ADS-002582,ACCT-000343,B0076,17.35,2026-07-19T16:00:40+00:00
ADS-002583,ACCT-000344,B0076,-49.26,2026-07-19T16:00:40+00:00
ADS-002584,ACCT-000283,B0077,-42.43,2026-07-19T17:30:37+00:00
ADS-002585,ACCT-000268,B0077,0.0,2026-07-19T17:30:37+00:00
ADS-002586,ACCT-000295,B0077,-40.57,2026-07-19T17:30:37+00:00
ADS-002587,ACCT-000108,B0077,-6.93,2026-07-19T17:30:37+00:00
ADS-002588,ACCT-000056,B0077,-14.87,2026-07-19T17:30:37+00:00
ADS-002589,ACCT-000280,B0077,-35.67,2026-07-19T17:30:37+00:00
ADS-002590,ACCT-000081,B0077,23.74,2026-07-19T17:30:37+00:00
ADS-002591,ACCT-000216,B0077,29.31,2026-07-19T17:30:37+00:00
ADS-002592,ACCT-000071,B0077,-8.64,2026-07-19T17:30:37+00:00
ADS-002593,ACCT-000116,B0077,0.0,2026-07-19T17:30:37+00:00
ADS-002594,ACCT-000102,B0077,29.25,2026-07-19T17:30:37+00:00
ADS-002595,ACCT-000186,B0077,0.0,2026-07-19T17:30:37+00:00
ADS-002596,ACCT-000101,B0077,-15.61,2026-07-19T17:30:37+00:00
ADS-002597,ACCT-000050,B0077,23.08,2026-07-19T17:30:37+00:00
ADS-002598,ACCT-000136,B0077,-18.89,2026-07-19T17:30:37+00:00
ADS-002599,ACCT-000298,B0077,0.0,2026-07-19T17:30:37+00:00
ADS-002600,ACCT-000211,B0077,3.44,2026-07-19T17:30:37+00:00
ADS-002601,ACCT-000026,B0077,-44.4,2026-07-19T17:30:37+00:00
ADS-002602,ACCT-000274,B0077,-29.46,2026-07-19T17:30:37+00:00
ADS-002603,ACCT-000290,B0077,43.07,2026-07-19T17:30:37+00:00
ADS-002604,ACCT-000313,B0077,-37.52,2026-07-19T17:30:37+00:00
ADS-002605,ACCT-000289,B0077,0.0,2026-07-19T17:30:37+00:00
ADS-002606,ACCT-000244,B0077,4.21,2026-07-19T17:30:37+00:00
ADS-002607,ACCT-000093,B0077,0.0,2026-07-19T17:30:37+00:00
ADS-002608,ACCT-000223,B0077,-5.68,2026-07-19T17:30:37+00:00
ADS-002609,ACCT-000153,B0077,-38.39,2026-07-19T17:30:37+00:00
ADS-002610,ACCT-000141,B0077,17.13,2026-07-19T17:30:37+00:00
ADS-002611,ACCT-000345,B0077,41.0,2026-07-19T17:30:37+00:00
ADS-002612,ACCT-000346,B0077,-63.29,2026-07-19T17:30:37+00:00
ADS-002613,ACCT-000347,B0077,0.0,2026-07-19T17:30:37+00:00
ADS-002614,ACCT-000319,B0078,-82.78,2026-07-19T18:29:47+00:00
ADS-002615,ACCT-000086,B0078,33.89,2026-07-19T18:29:47+00:00
ADS-002616,ACCT-000151,B0078,10.66,2026-07-19T18:29:47+00:00
ADS-002617,ACCT-000092,B0078,22.53,2026-07-19T18:29:47+00:00
ADS-002618,ACCT-000172,B0078,0.0,2026-07-19T18:29:47+00:00
ADS-002619,ACCT-000078,B0078,-3.63,2026-07-19T18:29:47+00:00
ADS-002620,ACCT-000327,B0078,63.54,2026-07-19T18:29:47+00:00
ADS-002621,ACCT-000020,B0078,-8.55,2026-07-19T18:29:47+00:00
ADS-002622,ACCT-000003,B0078,-70.38,2026-07-19T18:29:47+00:00
ADS-002623,ACCT-000070,B0078,-77.25,2026-07-19T18:29:47+00:00
ADS-002624,ACCT-000109,B0078,0.0,2026-07-19T18:29:47+00:00
ADS-002625,ACCT-000087,B0078,0.0,2026-07-19T18:29:47+00:00
ADS-002626,ACCT-000031,B0078,-42.46,2026-07-19T18:29:47+00:00
ADS-002627,ACCT-000224,B0078,0.0,2026-07-19T18:29:47+00:00
ADS-002628,ACCT-000200,B0078,29.94,2026-07-19T18:29:47+00:00
ADS-002629,ACCT-000201,B0078,0.0,2026-07-19T18:29:47+00:00
ADS-002630,ACCT-000280,B0078,0.0,2026-07-19T18:29:47+00:00
ADS-002631,ACCT-000267,B0078,-16.56,2026-07-19T18:29:47+00:00
ADS-002632,ACCT-000098,B0078,-39.24,2026-07-19T18:29:47+00:00
ADS-002633,ACCT-000121,B0078,8.04,2026-07-19T18:29:47+00:00
ADS-002634,ACCT-000034,B0078,-67.06,2026-07-19T18:29:47+00:00
ADS-002635,ACCT-000301,B0078,0.0,2026-07-19T18:29:47+00:00
ADS-002636,ACCT-000132,B0078,8.11,2026-07-19T18:29:47+00:00
ADS-002637,ACCT-000125,B0078,-32.95,2026-07-19T18:29:47+00:00
ADS-002638,ACCT-000111,B0078,7.24,2026-07-19T18:29:47+00:00
ADS-002639,ACCT-000245,B0078,0.0,2026-07-19T18:29:47+00:00
ADS-002640,ACCT-000266,B0078,47.64,2026-07-19T18:29:47+00:00
ADS-002641,ACCT-000240,B0078,0.0,2026-07-19T18:29:47+00:00
ADS-002642,ACCT-000314,B0078,29.79,2026-07-19T18:29:47+00:00
ADS-002643,ACCT-000167,B0078,-7.49,2026-07-19T18:29:47+00:00
ADS-002644,ACCT-000062,B0078,0.0,2026-07-19T18:29:47+00:00
ADS-002645,ACCT-000196,B0078,13.45,2026-07-19T18:29:47+00:00
ADS-002646,ACCT-000179,B0078,-48.98,2026-07-19T18:29:47+00:00
ADS-002647,ACCT-000348,B0078,-22.86,2026-07-19T18:29:47+00:00
ADS-002648,ACCT-000349,B0078,-22.9,2026-07-19T18:29:47+00:00
ADS-002649,ACCT-000350,B0078,-32.83,2026-07-19T18:29:47+00:00
ADS-002650,ACCT-000351,B0078,3.87,2026-07-19T18:29:47+00:00
ADS-002651,ACCT-000230,B0079,13.56,2026-07-19T19:42:08+00:00
ADS-002652,ACCT-000184,B0079,-16.56,2026-07-19T19:42:08+00:00
ADS-002653,ACCT-000347,B0079,19.38,2026-07-19T19:42:08+00:00
ADS-002654,ACCT-000061,B0079,9.12,2026-07-19T19:42:08+00:00
ADS-002655,ACCT-000019,B0079,8.82,2026-07-19T19:42:08+00:00
ADS-002656,ACCT-000234,B0079,-44.55,2026-07-19T19:42:08+00:00
ADS-002657,ACCT-000050,B0079,-52.56,2026-07-19T19:42:08+00:00
ADS-002658,ACCT-000248,B0079,0.0,2026-07-19T19:42:08+00:00
ADS-002659,ACCT-000216,B0079,-14.47,2026-07-19T19:42:08+00:00
ADS-002660,ACCT-000198,B0079,46.31,2026-07-19T19:42:08+00:00
ADS-002661,ACCT-000255,B0079,-34.74,2026-07-19T19:42:08+00:00
ADS-002662,ACCT-000009,B0079,0.0,2026-07-19T19:42:08+00:00
ADS-002663,ACCT-000231,B0079,-1.87,2026-07-19T19:42:08+00:00
ADS-002664,ACCT-000099,B0079,0.0,2026-07-19T19:42:08+00:00
ADS-002665,ACCT-000325,B0079,-25.58,2026-07-19T19:42:08+00:00
ADS-002666,ACCT-000279,B0079,47.22,2026-07-19T19:42:08+00:00
ADS-002667,ACCT-000226,B0079,27.39,2026-07-19T19:42:08+00:00
ADS-002668,ACCT-000238,B0079,29.1,2026-07-19T19:42:08+00:00
ADS-002669,ACCT-000196,B0079,31.73,2026-07-19T19:42:08+00:00
ADS-002670,ACCT-000217,B0079,48.26,2026-07-19T19:42:08+00:00
ADS-002671,ACCT-000272,B0079,41.18,2026-07-19T19:42:08+00:00
ADS-002672,ACCT-000018,B0079,-5.12,2026-07-19T19:42:08+00:00
ADS-002673,ACCT-000183,B0079,34.4,2026-07-19T19:42:08+00:00
ADS-002674,ACCT-000117,B0079,37.94,2026-07-19T19:42:08+00:00
ADS-002675,ACCT-000284,B0079,0.0,2026-07-19T19:42:08+00:00
ADS-002676,ACCT-000098,B0079,-31.48,2026-07-19T19:42:08+00:00
ADS-002677,ACCT-000280,B0079,0.0,2026-07-19T19:42:08+00:00
ADS-002678,ACCT-000068,B0079,-14.27,2026-07-19T19:42:08+00:00
ADS-002679,ACCT-000247,B0079,3.67,2026-07-19T19:42:08+00:00
ADS-002680,ACCT-000311,B0079,-14.71,2026-07-19T19:42:08+00:00
ADS-002681,ACCT-000052,B0079,27.06,2026-07-19T19:42:08+00:00
ADS-002682,ACCT-000314,B0079,16.38,2026-07-19T19:42:08+00:00
ADS-002683,ACCT-000318,B0079,-70.07,2026-07-19T19:42:08+00:00
ADS-002684,ACCT-000352,B0079,0.0,2026-07-19T19:42:08+00:00
ADS-002685,ACCT-000353,B0079,28.18,2026-07-19T19:42:08+00:00
ADS-002686,ACCT-000328,B0080,-49.11,2026-07-19T20:39:07+00:00
ADS-002687,ACCT-000193,B0080,0.0,2026-07-19T20:39:07+00:00
ADS-002688,ACCT-000154,B0080,0.0,2026-07-19T20:39:07+00:00
ADS-002689,ACCT-000266,B0080,-8.13,2026-07-19T20:39:07+00:00
ADS-002690,ACCT-000239,B0080,0.0,2026-07-19T20:39:07+00:00
ADS-002691,ACCT-000120,B0080,-10.6,2026-07-19T20:39:07+00:00
ADS-002692,ACCT-000286,B0080,12.37,2026-07-19T20:39:07+00:00
ADS-002693,ACCT-000350,B0080,-25.71,2026-07-19T20:39:07+00:00
ADS-002694,ACCT-000274,B0080,0.0,2026-07-19T20:39:07+00:00
ADS-002695,ACCT-000083,B0080,0.0,2026-07-19T20:39:07+00:00
ADS-002696,ACCT-000090,B0080,-7.62,2026-07-19T20:39:07+00:00
ADS-002697,ACCT-000113,B0080,45.16,2026-07-19T20:39:07+00:00
ADS-002698,ACCT-000279,B0080,-78.15,2026-07-19T20:39:07+00:00
ADS-002699,ACCT-000028,B0080,27.07,2026-07-19T20:39:07+00:00
ADS-002700,ACCT-000102,B0080,20.16,2026-07-19T20:39:07+00:00
ADS-002701,ACCT-000207,B0080,-43.18,2026-07-19T20:39:07+00:00
ADS-002702,ACCT-000316,B0080,-33.8,2026-07-19T20:39:07+00:00
ADS-002703,ACCT-000321,B0080,75.41,2026-07-19T20:39:07+00:00
ADS-002704,ACCT-000085,B0080,0.0,2026-07-19T20:39:07+00:00
ADS-002705,ACCT-000345,B0080,51.42,2026-07-19T20:39:07+00:00
ADS-002706,ACCT-000217,B0080,-4.03,2026-07-19T20:39:07+00:00
ADS-002707,ACCT-000219,B0080,0.0,2026-07-19T20:39:07+00:00
ADS-002708,ACCT-000109,B0080,0.0,2026-07-19T20:39:07+00:00
ADS-002709,ACCT-000153,B0080,0.0,2026-07-19T20:39:07+00:00
ADS-002710,ACCT-000176,B0080,12.43,2026-07-19T20:39:07+00:00
ADS-002711,ACCT-000249,B0080,0.0,2026-07-19T20:39:07+00:00
ADS-002712,ACCT-000253,B0080,23.67,2026-07-19T20:39:07+00:00
ADS-002713,ACCT-000324,B0080,23.11,2026-07-19T20:39:07+00:00
ADS-002714,ACCT-000067,B0080,-52.43,2026-07-19T20:39:07+00:00
ADS-002715,ACCT-000013,B0080,-35.57,2026-07-19T20:39:07+00:00
ADS-002716,ACCT-000149,B0080,9.77,2026-07-19T20:39:07+00:00
ADS-002717,ACCT-000354,B0080,15.64,2026-07-19T20:39:07+00:00
ADS-002718,ACCT-000355,B0080,-6.7,2026-07-19T20:39:07+00:00
ADS-002719,ACCT-000356,B0080,0.0,2026-07-19T20:39:07+00:00
ADS-002720,ACCT-000357,B0080,0.0,2026-07-19T20:39:07+00:00
ADS-002721,ACCT-000139,B0081,-69.8,2026-07-19T21:43:13+00:00
ADS-002722,ACCT-000340,B0081,-23.93,2026-07-19T21:43:13+00:00
ADS-002723,ACCT-000294,B0081,0.0,2026-07-19T21:43:13+00:00
ADS-002724,ACCT-000300,B0081,-8.48,2026-07-19T21:43:13+00:00
ADS-002725,ACCT-000141,B0081,-3.68,2026-07-19T21:43:13+00:00
ADS-002726,ACCT-000112,B0081,-47.18,2026-07-19T21:43:13+00:00
ADS-002727,ACCT-000151,B0081,48.4,2026-07-19T21:43:13+00:00
ADS-002728,ACCT-000167,B0081,25.04,2026-07-19T21:43:13+00:00
ADS-002729,ACCT-000025,B0081,0.0,2026-07-19T21:43:13+00:00
ADS-002730,ACCT-000134,B0081,14.24,2026-07-19T21:43:13+00:00
ADS-002731,ACCT-000003,B0081,-42.51,2026-07-19T21:43:13+00:00
ADS-002732,ACCT-000275,B0081,0.0,2026-07-19T21:43:13+00:00
ADS-002733,ACCT-000240,B0081,61.29,2026-07-19T21:43:13+00:00
ADS-002734,ACCT-000247,B0081,44.83,2026-07-19T21:43:13+00:00
ADS-002735,ACCT-000102,B0081,33.8,2026-07-19T21:43:13+00:00
ADS-002736,ACCT-000228,B0081,-7.14,2026-07-19T21:43:13+00:00
ADS-002737,ACCT-000199,B0081,0.0,2026-07-19T21:43:13+00:00
ADS-002738,ACCT-000331,B0081,0.0,2026-07-19T21:43:13+00:00
ADS-002739,ACCT-000090,B0081,1.9,2026-07-19T21:43:13+00:00
ADS-002740,ACCT-000073,B0081,15.75,2026-07-19T21:43:13+00:00
ADS-002741,ACCT-000353,B0081,0.0,2026-07-19T21:43:13+00:00
ADS-002742,ACCT-000253,B0081,0.0,2026-07-19T21:43:13+00:00
ADS-002743,ACCT-000097,B0081,0.0,2026-07-19T21:43:13+00:00
ADS-002744,ACCT-000263,B0081,25.19,2026-07-19T21:43:13+00:00
ADS-002745,ACCT-000334,B0081,14.48,2026-07-19T21:43:13+00:00
ADS-002746,ACCT-000298,B0081,0.0,2026-07-19T21:43:13+00:00
ADS-002747,ACCT-000070,B0081,-39.11,2026-07-19T21:43:13+00:00
ADS-002748,ACCT-000315,B0081,-47.1,2026-07-19T21:43:13+00:00
ADS-002749,ACCT-000266,B0081,22.0,2026-07-19T21:43:13+00:00
ADS-002750,ACCT-000358,B0081,-0.53,2026-07-19T21:43:13+00:00
ADS-002751,ACCT-000359,B0081,17.88,2026-07-19T21:43:13+00:00
ADS-002752,ACCT-000360,B0081,41.71,2026-07-19T21:43:13+00:00
ADS-002753,ACCT-000361,B0081,-46.82,2026-07-19T21:43:13+00:00
ADS-002754,ACCT-000139,B0082,0.0,2026-07-19T22:42:47+00:00
ADS-002755,ACCT-000252,B0082,0.0,2026-07-19T22:42:47+00:00
ADS-002756,ACCT-000120,B0082,22.09,2026-07-19T22:42:47+00:00
ADS-002757,ACCT-000118,B0082,46.21,2026-07-19T22:42:47+00:00
ADS-002758,ACCT-000082,B0082,0.0,2026-07-19T22:42:47+00:00
ADS-002759,ACCT-000028,B0082,-25.42,2026-07-19T22:42:47+00:00
ADS-002760,ACCT-000286,B0082,35.27,2026-07-19T22:42:47+00:00
ADS-002761,ACCT-000211,B0082,-22.05,2026-07-19T22:42:47+00:00
ADS-002762,ACCT-000355,B0082,3.99,2026-07-19T22:42:47+00:00
ADS-002763,ACCT-000078,B0082,19.7,2026-07-19T22:42:47+00:00
ADS-002764,ACCT-000196,B0082,-22.56,2026-07-19T22:42:47+00:00
ADS-002765,ACCT-000091,B0082,65.76,2026-07-19T22:42:47+00:00
ADS-002766,ACCT-000181,B0082,13.89,2026-07-19T22:42:47+00:00
ADS-002767,ACCT-000175,B0082,-13.73,2026-07-19T22:42:47+00:00
ADS-002768,ACCT-000121,B0082,0.0,2026-07-19T22:42:47+00:00
ADS-002769,ACCT-000339,B0082,0.0,2026-07-19T22:42:47+00:00
ADS-002770,ACCT-000143,B0082,0.0,2026-07-19T22:42:47+00:00
ADS-002771,ACCT-000202,B0082,-43.26,2026-07-19T22:42:47+00:00
ADS-002772,ACCT-000122,B0082,0.0,2026-07-19T22:42:47+00:00
ADS-002773,ACCT-000094,B0082,24.08,2026-07-19T22:42:47+00:00
ADS-002774,ACCT-000225,B0082,-32.46,2026-07-19T22:42:47+00:00
ADS-002775,ACCT-000253,B0082,29.35,2026-07-19T22:42:47+00:00
ADS-002776,ACCT-000067,B0082,16.37,2026-07-19T22:42:47+00:00
ADS-002777,ACCT-000169,B0082,-29.2,2026-07-19T22:42:47+00:00
ADS-002778,ACCT-000342,B0082,-12.27,2026-07-19T22:42:47+00:00
ADS-002779,ACCT-000362,B0082,29.78,2026-07-19T22:42:47+00:00
ADS-002780,ACCT-000363,B0082,-35.26,2026-07-19T22:42:47+00:00
ADS-002781,ACCT-000364,B0082,0.0,2026-07-19T22:42:47+00:00
ADS-002782,ACCT-000020,B0083,17.04,2026-07-19T23:50:51+00:00
ADS-002783,ACCT-000244,B0083,0.0,2026-07-19T23:50:51+00:00
ADS-002784,ACCT-000355,B0083,32.85,2026-07-19T23:50:51+00:00
ADS-002785,ACCT-000265,B0083,36.56,2026-07-19T23:50:51+00:00
ADS-002786,ACCT-000117,B0083,0.0,2026-07-19T23:50:51+00:00
ADS-002787,ACCT-000237,B0083,0.0,2026-07-19T23:50:51+00:00
ADS-002788,ACCT-000081,B0083,-36.89,2026-07-19T23:50:51+00:00
ADS-002789,ACCT-000033,B0083,0.0,2026-07-19T23:50:51+00:00
ADS-002790,ACCT-000217,B0083,0.91,2026-07-19T23:50:51+00:00
ADS-002791,ACCT-000295,B0083,-47.1,2026-07-19T23:50:51+00:00
ADS-002792,ACCT-000125,B0083,0.0,2026-07-19T23:50:51+00:00
ADS-002793,ACCT-000332,B0083,0.0,2026-07-19T23:50:51+00:00
ADS-002794,ACCT-000106,B0083,0.0,2026-07-19T23:50:51+00:00
ADS-002795,ACCT-000162,B0083,-25.08,2026-07-19T23:50:51+00:00
ADS-002796,ACCT-000096,B0083,0.0,2026-07-19T23:50:51+00:00
ADS-002797,ACCT-000293,B0083,0.67,2026-07-19T23:50:51+00:00
ADS-002798,ACCT-000226,B0083,52.38,2026-07-19T23:50:51+00:00
ADS-002799,ACCT-000039,B0083,46.34,2026-07-19T23:50:51+00:00
ADS-002800,ACCT-000071,B0083,0.0,2026-07-19T23:50:51+00:00
ADS-002801,ACCT-000159,B0083,0.76,2026-07-19T23:50:51+00:00
ADS-002802,ACCT-000342,B0083,46.35,2026-07-19T23:50:51+00:00
ADS-002803,ACCT-000232,B0083,0.0,2026-07-19T23:50:51+00:00
ADS-002804,ACCT-000207,B0083,-34.22,2026-07-19T23:50:51+00:00
ADS-002805,ACCT-000266,B0083,32.9,2026-07-19T23:50:51+00:00
ADS-002806,ACCT-000356,B0083,15.56,2026-07-19T23:50:51+00:00
ADS-002807,ACCT-000053,B0083,1.4,2026-07-19T23:50:51+00:00
ADS-002808,ACCT-000143,B0083,-10.48,2026-07-19T23:50:51+00:00
ADS-002809,ACCT-000259,B0083,60.06,2026-07-19T23:50:51+00:00
ADS-002810,ACCT-000273,B0083,40.81,2026-07-19T23:50:51+00:00
ADS-002811,ACCT-000060,B0083,0.0,2026-07-19T23:50:51+00:00
ADS-002812,ACCT-000343,B0083,41.07,2026-07-19T23:50:51+00:00
ADS-002813,ACCT-000365,B0083,0.0,2026-07-19T23:50:51+00:00
ADS-002814,ACCT-000366,B0083,0.0,2026-07-19T23:50:51+00:00
ADS-002815,ACCT-000367,B0083,-36.55,2026-07-19T23:50:51+00:00
ADS-002816,ACCT-000368,B0083,-1.31,2026-07-19T23:50:51+00:00
ADS-002817,ACCT-000044,B0084,0.0,2026-07-20T02:13:30+00:00
ADS-002818,ACCT-000272,B0084,0.0,2026-07-20T02:13:30+00:00
ADS-002819,ACCT-000179,B0084,11.19,2026-07-20T02:13:30+00:00
ADS-002820,ACCT-000289,B0084,-20.77,2026-07-20T02:13:30+00:00
ADS-002821,ACCT-000304,B0084,-14.86,2026-07-20T02:13:30+00:00
ADS-002822,ACCT-000314,B0084,73.14,2026-07-20T02:13:30+00:00
ADS-002823,ACCT-000199,B0084,-22.39,2026-07-20T02:13:30+00:00
ADS-002824,ACCT-000022,B0084,-33.88,2026-07-20T02:13:30+00:00
ADS-002825,ACCT-000049,B0084,26.66,2026-07-20T02:13:30+00:00
ADS-002826,ACCT-000129,B0084,47.71,2026-07-20T02:13:30+00:00
ADS-002827,ACCT-000252,B0084,26.77,2026-07-20T02:13:30+00:00
ADS-002828,ACCT-000055,B0084,0.0,2026-07-20T02:13:30+00:00
ADS-002829,ACCT-000368,B0084,-12.5,2026-07-20T02:13:30+00:00
ADS-002830,ACCT-000324,B0084,13.37,2026-07-20T02:13:30+00:00
ADS-002831,ACCT-000257,B0084,35.31,2026-07-20T02:13:30+00:00
ADS-002832,ACCT-000317,B0084,0.0,2026-07-20T02:13:30+00:00
ADS-002833,ACCT-000157,B0084,-0.2,2026-07-20T02:13:30+00:00
ADS-002834,ACCT-000251,B0084,25.03,2026-07-20T02:13:30+00:00
ADS-002835,ACCT-000217,B0084,0.0,2026-07-20T02:13:30+00:00
ADS-002836,ACCT-000256,B0084,5.84,2026-07-20T02:13:30+00:00
ADS-002837,ACCT-000198,B0084,0.0,2026-07-20T02:13:30+00:00
ADS-002838,ACCT-000238,B0084,-22.27,2026-07-20T02:13:30+00:00
ADS-002839,ACCT-000351,B0084,-73.76,2026-07-20T02:13:30+00:00
ADS-002840,ACCT-000321,B0084,-10.94,2026-07-20T02:13:30+00:00
ADS-002841,ACCT-000048,B0084,0.0,2026-07-20T02:13:30+00:00
ADS-002842,ACCT-000353,B0084,0.0,2026-07-20T02:13:30+00:00
ADS-002843,ACCT-000151,B0084,0.0,2026-07-20T02:13:30+00:00
ADS-002844,ACCT-000104,B0084,0.0,2026-07-20T02:13:30+00:00
ADS-002845,ACCT-000369,B0084,13.29,2026-07-20T02:13:30+00:00
ADS-002846,ACCT-000370,B0084,0.0,2026-07-20T02:13:30+00:00
ADS-002847,ACCT-000248,B0085,80.98,2026-07-20T05:52:38+00:00
ADS-002848,ACCT-000358,B0085,0.0,2026-07-20T05:52:38+00:00
ADS-002849,ACCT-000346,B0085,-5.82,2026-07-20T05:52:38+00:00
ADS-002850,ACCT-000252,B0085,-43.25,2026-07-20T05:52:38+00:00
ADS-002851,ACCT-000345,B0085,42.14,2026-07-20T05:52:38+00:00
ADS-002852,ACCT-000274,B0085,-11.48,2026-07-20T05:52:38+00:00
ADS-002853,ACCT-000044,B0085,21.24,2026-07-20T05:52:38+00:00
ADS-002854,ACCT-000084,B0085,0.0,2026-07-20T05:52:38+00:00
ADS-002855,ACCT-000247,B0085,-80.03,2026-07-20T05:52:38+00:00
ADS-002856,ACCT-000019,B0085,-30.82,2026-07-20T05:52:38+00:00
ADS-002857,ACCT-000048,B0085,0.0,2026-07-20T05:52:38+00:00
ADS-002858,ACCT-000306,B0085,26.95,2026-07-20T05:52:38+00:00
ADS-002859,ACCT-000203,B0085,0.0,2026-07-20T05:52:38+00:00
ADS-002860,ACCT-000083,B0085,0.0,2026-07-20T05:52:38+00:00
ADS-002861,ACCT-000223,B0085,32.01,2026-07-20T05:52:38+00:00
ADS-002862,ACCT-000095,B0085,26.31,2026-07-20T05:52:38+00:00
ADS-002863,ACCT-000287,B0085,0.0,2026-07-20T05:52:38+00:00
ADS-002864,ACCT-000154,B0085,0.0,2026-07-20T05:52:38+00:00
ADS-002865,ACCT-000341,B0085,6.31,2026-07-20T05:52:38+00:00
ADS-002866,ACCT-000323,B0085,0.0,2026-07-20T05:52:38+00:00
ADS-002867,ACCT-000330,B0085,-32.38,2026-07-20T05:52:38+00:00
ADS-002868,ACCT-000152,B0085,0.0,2026-07-20T05:52:38+00:00
ADS-002869,ACCT-000009,B0085,25.42,2026-07-20T05:52:38+00:00
ADS-002870,ACCT-000008,B0085,36.72,2026-07-20T05:52:38+00:00
ADS-002871,ACCT-000080,B0085,53.44,2026-07-20T05:52:38+00:00
ADS-002872,ACCT-000023,B0085,44.63,2026-07-20T05:52:38+00:00
ADS-002873,ACCT-000258,B0085,-23.49,2026-07-20T05:52:38+00:00
ADS-002874,ACCT-000132,B0085,42.79,2026-07-20T05:52:38+00:00
ADS-002875,ACCT-000101,B0085,0.0,2026-07-20T05:52:38+00:00
ADS-002876,ACCT-000112,B0085,0.0,2026-07-20T05:52:38+00:00
ADS-002877,ACCT-000020,B0085,0.0,2026-07-20T05:52:38+00:00
ADS-002878,ACCT-000165,B0085,0.0,2026-07-20T05:52:38+00:00
ADS-002879,ACCT-000305,B0085,-36.96,2026-07-20T05:52:38+00:00
ADS-002880,ACCT-000222,B0085,28.19,2026-07-20T05:52:38+00:00
ADS-002881,ACCT-000322,B0085,0.0,2026-07-20T05:52:38+00:00
ADS-002882,ACCT-000371,B0085,69.44,2026-07-20T05:52:38+00:00
ADS-002883,ACCT-000372,B0085,35.87,2026-07-20T05:52:38+00:00
ADS-002884,ACCT-000373,B0085,0.0,2026-07-20T05:52:38+00:00
ADS-002885,ACCT-000010,B0086,-38.29,2026-07-20T08:43:59+00:00
ADS-002886,ACCT-000275,B0086,8.27,2026-07-20T08:43:59+00:00
ADS-002887,ACCT-000157,B0086,0.0,2026-07-20T08:43:59+00:00
ADS-002888,ACCT-000222,B0086,0.0,2026-07-20T08:43:59+00:00
ADS-002889,ACCT-000047,B0086,17.47,2026-07-20T08:43:59+00:00
ADS-002890,ACCT-000053,B0086,-34.35,2026-07-20T08:43:59+00:00
ADS-002891,ACCT-000202,B0086,0.0,2026-07-20T08:43:59+00:00
ADS-002892,ACCT-000207,B0086,0.0,2026-07-20T08:43:59+00:00
ADS-002893,ACCT-000070,B0086,-48.8,2026-07-20T08:43:59+00:00
ADS-002894,ACCT-000109,B0086,-13.77,2026-07-20T08:43:59+00:00
ADS-002895,ACCT-000051,B0086,10.54,2026-07-20T08:43:59+00:00
ADS-002896,ACCT-000092,B0086,49.14,2026-07-20T08:43:59+00:00
ADS-002897,ACCT-000261,B0086,0.0,2026-07-20T08:43:59+00:00
ADS-002898,ACCT-000300,B0086,-70.81,2026-07-20T08:43:59+00:00
ADS-002899,ACCT-000176,B0086,-54.99,2026-07-20T08:43:59+00:00
ADS-002900,ACCT-000188,B0086,-11.51,2026-07-20T08:43:59+00:00
ADS-002901,ACCT-000165,B0086,26.82,2026-07-20T08:43:59+00:00
ADS-002902,ACCT-000080,B0086,-2.72,2026-07-20T08:43:59+00:00
ADS-002903,ACCT-000086,B0086,0.0,2026-07-20T08:43:59+00:00
ADS-002904,ACCT-000152,B0086,-40.03,2026-07-20T08:43:59+00:00
ADS-002905,ACCT-000108,B0086,31.61,2026-07-20T08:43:59+00:00
ADS-002906,ACCT-000311,B0086,0.0,2026-07-20T08:43:59+00:00
ADS-002907,ACCT-000159,B0086,22.41,2026-07-20T08:43:59+00:00
ADS-002908,ACCT-000111,B0086,22.92,2026-07-20T08:43:59+00:00
ADS-002909,ACCT-000011,B0086,34.51,2026-07-20T08:43:59+00:00
ADS-002910,ACCT-000028,B0086,0.0,2026-07-20T08:43:59+00:00
ADS-002911,ACCT-000374,B0086,15.27,2026-07-20T08:43:59+00:00
ADS-002912,ACCT-000375,B0086,33.95,2026-07-20T08:43:59+00:00
ADS-002913,ACCT-000376,B0086,33.47,2026-07-20T08:43:59+00:00
ADS-002914,ACCT-000189,B0087,0.0,2026-07-20T11:38:03+00:00
ADS-002915,ACCT-000177,B0087,0.0,2026-07-20T11:38:03+00:00
ADS-002916,ACCT-000364,B0087,0.0,2026-07-20T11:38:03+00:00
ADS-002917,ACCT-000106,B0087,23.14,2026-07-20T11:38:03+00:00
ADS-002918,ACCT-000088,B0087,45.17,2026-07-20T11:38:03+00:00
ADS-002919,ACCT-000023,B0087,6.14,2026-07-20T11:38:03+00:00
ADS-002920,ACCT-000367,B0087,-35.09,2026-07-20T11:38:03+00:00
ADS-002921,ACCT-000195,B0087,-10.29,2026-07-20T11:38:03+00:00
ADS-002922,ACCT-000049,B0087,69.42,2026-07-20T11:38:03+00:00
ADS-002923,ACCT-000300,B0087,-9.0,2026-07-20T11:38:03+00:00
ADS-002924,ACCT-000021,B0087,0.8,2026-07-20T11:38:03+00:00
ADS-002925,ACCT-000136,B0087,-12.85,2026-07-20T11:38:03+00:00
ADS-002926,ACCT-000071,B0087,28.88,2026-07-20T11:38:03+00:00
ADS-002927,ACCT-000208,B0087,0.0,2026-07-20T11:38:03+00:00
ADS-002928,ACCT-000039,B0087,31.59,2026-07-20T11:38:03+00:00
ADS-002929,ACCT-000307,B0087,-16.02,2026-07-20T11:38:03+00:00
ADS-002930,ACCT-000224,B0087,0.0,2026-07-20T11:38:03+00:00
ADS-002931,ACCT-000284,B0087,0.0,2026-07-20T11:38:03+00:00
ADS-002932,ACCT-000265,B0087,19.43,2026-07-20T11:38:03+00:00
ADS-002933,ACCT-000244,B0087,-7.89,2026-07-20T11:38:03+00:00
ADS-002934,ACCT-000040,B0087,-66.24,2026-07-20T11:38:03+00:00
ADS-002935,ACCT-000215,B0087,44.18,2026-07-20T11:38:03+00:00
ADS-002936,ACCT-000055,B0087,0.0,2026-07-20T11:38:03+00:00
ADS-002937,ACCT-000128,B0087,-82.61,2026-07-20T11:38:03+00:00
ADS-002938,ACCT-000345,B0087,21.84,2026-07-20T11:38:03+00:00
ADS-002939,ACCT-000206,B0087,-0.77,2026-07-20T11:38:03+00:00
ADS-002940,ACCT-000139,B0087,0.0,2026-07-20T11:38:03+00:00
ADS-002941,ACCT-000102,B0087,-55.87,2026-07-20T11:38:03+00:00
ADS-002942,ACCT-000257,B0087,10.85,2026-07-20T11:38:03+00:00
ADS-002943,ACCT-000187,B0087,0.0,2026-07-20T11:38:03+00:00
ADS-002944,ACCT-000236,B0087,0.0,2026-07-20T11:38:03+00:00
ADS-002945,ACCT-000377,B0087,48.62,2026-07-20T11:38:03+00:00
ADS-002946,ACCT-000378,B0087,0.0,2026-07-20T11:38:03+00:00
ADS-002947,ACCT-000379,B0087,0.0,2026-07-20T11:38:03+00:00
ADS-002948,ACCT-000342,B0088,2.12,2026-07-20T13:51:08+00:00
ADS-002949,ACCT-000023,B0088,-46.85,2026-07-20T13:51:08+00:00
ADS-002950,ACCT-000104,B0088,45.58,2026-07-20T13:51:08+00:00
ADS-002951,ACCT-000306,B0088,9.61,2026-07-20T13:51:08+00:00
ADS-002952,ACCT-000230,B0088,0.0,2026-07-20T13:51:08+00:00
ADS-002953,ACCT-000136,B0088,-28.23,2026-07-20T13:51:08+00:00
ADS-002954,ACCT-000139,B0088,-41.79,2026-07-20T13:51:08+00:00
ADS-002955,ACCT-000249,B0088,-5.45,2026-07-20T13:51:08+00:00
ADS-002956,ACCT-000367,B0088,13.1,2026-07-20T13:51:08+00:00
ADS-002957,ACCT-000325,B0088,48.97,2026-07-20T13:51:08+00:00
ADS-002958,ACCT-000100,B0088,-44.41,2026-07-20T13:51:08+00:00
ADS-002959,ACCT-000351,B0088,0.0,2026-07-20T13:51:08+00:00
ADS-002960,ACCT-000376,B0088,-8.06,2026-07-20T13:51:08+00:00
ADS-002961,ACCT-000361,B0088,-35.53,2026-07-20T13:51:08+00:00
ADS-002962,ACCT-000179,B0088,-2.54,2026-07-20T13:51:08+00:00
ADS-002963,ACCT-000357,B0088,-45.36,2026-07-20T13:51:08+00:00
ADS-002964,ACCT-000267,B0088,0.0,2026-07-20T13:51:08+00:00
ADS-002965,ACCT-000315,B0088,20.87,2026-07-20T13:51:08+00:00
ADS-002966,ACCT-000229,B0088,-14.61,2026-07-20T13:51:08+00:00
ADS-002967,ACCT-000013,B0088,31.99,2026-07-20T13:51:08+00:00
ADS-002968,ACCT-000057,B0088,8.16,2026-07-20T13:51:08+00:00
ADS-002969,ACCT-000045,B0088,-5.56,2026-07-20T13:51:08+00:00
ADS-002970,ACCT-000180,B0088,0.0,2026-07-20T13:51:08+00:00
ADS-002971,ACCT-000010,B0088,18.15,2026-07-20T13:51:08+00:00
ADS-002972,ACCT-000156,B0088,0.0,2026-07-20T13:51:08+00:00
ADS-002973,ACCT-000061,B0088,0.0,2026-07-20T13:51:08+00:00
ADS-002974,ACCT-000141,B0088,29.33,2026-07-20T13:51:08+00:00
ADS-002975,ACCT-000157,B0088,0.0,2026-07-20T13:51:08+00:00
ADS-002976,ACCT-000207,B0088,-20.99,2026-07-20T13:51:08+00:00
ADS-002977,ACCT-000160,B0088,-12.6,2026-07-20T13:51:08+00:00
ADS-002978,ACCT-000187,B0088,14.52,2026-07-20T13:51:08+00:00
ADS-002979,ACCT-000303,B0088,-8.13,2026-07-20T13:51:08+00:00
ADS-002980,ACCT-000380,B0088,0.0,2026-07-20T13:51:08+00:00
ADS-002981,ACCT-000381,B0088,-18.51,2026-07-20T13:51:08+00:00
ADS-002982,ACCT-000382,B0088,-15.65,2026-07-20T13:51:08+00:00
ADS-002983,ACCT-000383,B0088,24.56,2026-07-20T13:51:08+00:00
ADS-002984,ACCT-000183,B0089,69.97,2026-07-20T15:46:17+00:00
ADS-002985,ACCT-000214,B0089,36.81,2026-07-20T15:46:17+00:00
ADS-002986,ACCT-000099,B0089,4.57,2026-07-20T15:46:17+00:00
ADS-002987,ACCT-000363,B0089,-25.82,2026-07-20T15:46:17+00:00
ADS-002988,ACCT-000177,B0089,0.0,2026-07-20T15:46:17+00:00
ADS-002989,ACCT-000150,B0089,0.0,2026-07-20T15:46:17+00:00
ADS-002990,ACCT-000010,B0089,0.0,2026-07-20T15:46:17+00:00
ADS-002991,ACCT-000182,B0089,72.52,2026-07-20T15:46:17+00:00
ADS-002992,ACCT-000229,B0089,0.0,2026-07-20T15:46:17+00:00
ADS-002993,ACCT-000073,B0089,0.0,2026-07-20T15:46:17+00:00
ADS-002994,ACCT-000359,B0089,26.44,2026-07-20T15:46:17+00:00
ADS-002995,ACCT-000097,B0089,-26.14,2026-07-20T15:46:17+00:00
ADS-002996,ACCT-000145,B0089,-20.89,2026-07-20T15:46:17+00:00
ADS-002997,ACCT-000323,B0089,7.44,2026-07-20T15:46:17+00:00
ADS-002998,ACCT-000088,B0089,-15.3,2026-07-20T15:46:17+00:00
ADS-002999,ACCT-000220,B0089,-56.0,2026-07-20T15:46:17+00:00
ADS-003000,ACCT-000348,B0089,0.0,2026-07-20T15:46:17+00:00
ADS-003001,ACCT-000049,B0089,-40.89,2026-07-20T15:46:17+00:00
ADS-003002,ACCT-000259,B0089,0.0,2026-07-20T15:46:17+00:00
ADS-003003,ACCT-000248,B0089,-11.7,2026-07-20T15:46:17+00:00
ADS-003004,ACCT-000115,B0089,0.0,2026-07-20T15:46:17+00:00
ADS-003005,ACCT-000318,B0089,0.0,2026-07-20T15:46:17+00:00
ADS-003006,ACCT-000187,B0089,-20.47,2026-07-20T15:46:17+00:00
ADS-003007,ACCT-000143,B0089,-67.8,2026-07-20T15:46:17+00:00
ADS-003008,ACCT-000037,B0089,0.0,2026-07-20T15:46:17+00:00
ADS-003009,ACCT-000224,B0089,0.0,2026-07-20T15:46:17+00:00
ADS-003010,ACCT-000017,B0089,0.0,2026-07-20T15:46:17+00:00
ADS-003011,ACCT-000287,B0089,-38.72,2026-07-20T15:46:17+00:00
ADS-003012,ACCT-000242,B0089,-36.62,2026-07-20T15:46:17+00:00
ADS-003013,ACCT-000272,B0089,-44.06,2026-07-20T15:46:17+00:00
ADS-003014,ACCT-000384,B0089,26.3,2026-07-20T15:46:17+00:00
ADS-003015,ACCT-000385,B0089,0.0,2026-07-20T15:46:17+00:00
ADS-003016,ACCT-000386,B0089,-74.69,2026-07-20T15:46:17+00:00
ADS-003017,ACCT-000187,B0090,44.87,2026-07-20T17:26:24+00:00
ADS-003018,ACCT-000113,B0090,0.0,2026-07-20T17:26:24+00:00
ADS-003019,ACCT-000076,B0090,-20.58,2026-07-20T17:26:24+00:00
ADS-003020,ACCT-000028,B0090,-28.67,2026-07-20T17:26:24+00:00
ADS-003021,ACCT-000106,B0090,0.0,2026-07-20T17:26:24+00:00
ADS-003022,ACCT-000157,B0090,0.0,2026-07-20T17:26:24+00:00
ADS-003023,ACCT-000342,B0090,0.0,2026-07-20T17:26:24+00:00
ADS-003024,ACCT-000037,B0090,32.05,2026-07-20T17:26:24+00:00
ADS-003025,ACCT-000193,B0090,32.72,2026-07-20T17:26:24+00:00
ADS-003026,ACCT-000313,B0090,0.0,2026-07-20T17:26:24+00:00
ADS-003027,ACCT-000141,B0090,-22.71,2026-07-20T17:26:24+00:00
ADS-003028,ACCT-000020,B0090,0.0,2026-07-20T17:26:24+00:00
ADS-003029,ACCT-000057,B0090,-1.45,2026-07-20T17:26:24+00:00
ADS-003030,ACCT-000357,B0090,-3.95,2026-07-20T17:26:24+00:00
ADS-003031,ACCT-000144,B0090,0.0,2026-07-20T17:26:24+00:00
ADS-003032,ACCT-000096,B0090,-41.42,2026-07-20T17:26:24+00:00
ADS-003033,ACCT-000333,B0090,0.0,2026-07-20T17:26:24+00:00
ADS-003034,ACCT-000283,B0090,0.0,2026-07-20T17:26:24+00:00
ADS-003035,ACCT-000124,B0090,0.0,2026-07-20T17:26:24+00:00
ADS-003036,ACCT-000221,B0090,31.19,2026-07-20T17:26:24+00:00
ADS-003037,ACCT-000347,B0090,-12.52,2026-07-20T17:26:24+00:00
ADS-003038,ACCT-000374,B0090,0.69,2026-07-20T17:26:24+00:00
ADS-003039,ACCT-000185,B0090,12.54,2026-07-20T17:26:24+00:00
ADS-003040,ACCT-000292,B0090,33.07,2026-07-20T17:26:24+00:00
ADS-003041,ACCT-000158,B0090,-33.76,2026-07-20T17:26:24+00:00
ADS-003042,ACCT-000326,B0090,-81.92,2026-07-20T17:26:24+00:00
ADS-003043,ACCT-000308,B0090,0.68,2026-07-20T17:26:24+00:00
ADS-003044,ACCT-000029,B0090,49.35,2026-07-20T17:26:24+00:00
ADS-003045,ACCT-000387,B0090,34.69,2026-07-20T17:26:24+00:00
ADS-003046,ACCT-000388,B0090,-14.32,2026-07-20T17:26:24+00:00
ADS-003047,ACCT-000203,B0091,28.21,2026-07-20T19:12:47+00:00
ADS-003048,ACCT-000387,B0091,8.09,2026-07-20T19:12:47+00:00
ADS-003049,ACCT-000131,B0091,-38.8,2026-07-20T19:12:47+00:00
ADS-003050,ACCT-000272,B0091,4.07,2026-07-20T19:12:47+00:00
ADS-003051,ACCT-000126,B0091,-65.05,2026-07-20T19:12:47+00:00
ADS-003052,ACCT-000209,B0091,-4.09,2026-07-20T19:12:47+00:00
ADS-003053,ACCT-000178,B0091,11.63,2026-07-20T19:12:47+00:00
ADS-003054,ACCT-000285,B0091,0.0,2026-07-20T19:12:47+00:00
ADS-003055,ACCT-000273,B0091,41.6,2026-07-20T19:12:47+00:00
ADS-003056,ACCT-000128,B0091,0.0,2026-07-20T19:12:47+00:00
ADS-003057,ACCT-000216,B0091,28.18,2026-07-20T19:12:47+00:00
ADS-003058,ACCT-000347,B0091,1.0,2026-07-20T19:12:47+00:00
ADS-003059,ACCT-000068,B0091,-38.06,2026-07-20T19:12:47+00:00
ADS-003060,ACCT-000306,B0091,-25.41,2026-07-20T19:12:47+00:00
ADS-003061,ACCT-000245,B0091,-36.45,2026-07-20T19:12:47+00:00
ADS-003062,ACCT-000124,B0091,-45.3,2026-07-20T19:12:47+00:00
ADS-003063,ACCT-000310,B0091,-7.27,2026-07-20T19:12:47+00:00
ADS-003064,ACCT-000327,B0091,0.0,2026-07-20T19:12:47+00:00
ADS-003065,ACCT-000162,B0091,-37.43,2026-07-20T19:12:47+00:00
ADS-003066,ACCT-000291,B0091,6.61,2026-07-20T19:12:47+00:00
ADS-003067,ACCT-000167,B0091,24.23,2026-07-20T19:12:47+00:00
ADS-003068,ACCT-000146,B0091,1.79,2026-07-20T19:12:47+00:00
ADS-003069,ACCT-000301,B0091,0.0,2026-07-20T19:12:47+00:00
ADS-003070,ACCT-000038,B0091,0.14,2026-07-20T19:12:47+00:00
ADS-003071,ACCT-000080,B0091,0.0,2026-07-20T19:12:47+00:00
ADS-003072,ACCT-000087,B0091,0.0,2026-07-20T19:12:47+00:00
ADS-003073,ACCT-000052,B0091,-24.72,2026-07-20T19:12:47+00:00
ADS-003074,ACCT-000230,B0091,-46.1,2026-07-20T19:12:47+00:00
ADS-003075,ACCT-000366,B0091,0.0,2026-07-20T19:12:47+00:00
ADS-003076,ACCT-000158,B0091,-5.25,2026-07-20T19:12:47+00:00
ADS-003077,ACCT-000305,B0091,0.0,2026-07-20T19:12:47+00:00
ADS-003078,ACCT-000170,B0091,-1.36,2026-07-20T19:12:47+00:00
ADS-003079,ACCT-000247,B0091,6.55,2026-07-20T19:12:47+00:00
ADS-003080,ACCT-000389,B0091,-15.22,2026-07-20T19:12:47+00:00
ADS-003081,ACCT-000390,B0091,0.0,2026-07-20T19:12:47+00:00
ADS-003082,ACCT-000316,B0092,0.0,2026-07-20T20:47:08+00:00
ADS-003083,ACCT-000198,B0092,-40.08,2026-07-20T20:47:08+00:00
ADS-003084,ACCT-000317,B0092,0.0,2026-07-20T20:47:08+00:00
ADS-003085,ACCT-000063,B0092,0.0,2026-07-20T20:47:08+00:00
ADS-003086,ACCT-000348,B0092,-29.16,2026-07-20T20:47:08+00:00
ADS-003087,ACCT-000221,B0092,0.0,2026-07-20T20:47:08+00:00
ADS-003088,ACCT-000373,B0092,-21.03,2026-07-20T20:47:08+00:00
ADS-003089,ACCT-000183,B0092,25.64,2026-07-20T20:47:08+00:00
ADS-003090,ACCT-000219,B0092,33.71,2026-07-20T20:47:08+00:00
ADS-003091,ACCT-000058,B0092,17.31,2026-07-20T20:47:08+00:00
ADS-003092,ACCT-000334,B0092,0.0,2026-07-20T20:47:08+00:00
ADS-003093,ACCT-000236,B0092,0.0,2026-07-20T20:47:08+00:00
ADS-003094,ACCT-000284,B0092,63.35,2026-07-20T20:47:08+00:00
ADS-003095,ACCT-000380,B0092,-18.35,2026-07-20T20:47:08+00:00
ADS-003096,ACCT-000387,B0092,0.0,2026-07-20T20:47:08+00:00
ADS-003097,ACCT-000383,B0092,38.24,2026-07-20T20:47:08+00:00
ADS-003098,ACCT-000086,B0092,-0.68,2026-07-20T20:47:08+00:00
ADS-003099,ACCT-000161,B0092,23.63,2026-07-20T20:47:08+00:00
ADS-003100,ACCT-000076,B0092,-21.78,2026-07-20T20:47:08+00:00
ADS-003101,ACCT-000248,B0092,42.37,2026-07-20T20:47:08+00:00
ADS-003102,ACCT-000067,B0092,0.0,2026-07-20T20:47:08+00:00
ADS-003103,ACCT-000164,B0092,26.78,2026-07-20T20:47:08+00:00
ADS-003104,ACCT-000009,B0092,22.84,2026-07-20T20:47:08+00:00
ADS-003105,ACCT-000237,B0092,-40.46,2026-07-20T20:47:08+00:00
ADS-003106,ACCT-000305,B0092,0.0,2026-07-20T20:47:08+00:00
ADS-003107,ACCT-000301,B0092,45.9,2026-07-20T20:47:08+00:00
ADS-003108,ACCT-000126,B0092,-7.4,2026-07-20T20:47:08+00:00
ADS-003109,ACCT-000391,B0092,77.12,2026-07-20T20:47:08+00:00
ADS-003110,ACCT-000392,B0092,44.41,2026-07-20T20:47:08+00:00
ADS-003111,ACCT-000050,B0093,32.91,2026-07-20T21:56:08+00:00
ADS-003112,ACCT-000077,B0093,-21.74,2026-07-20T21:56:08+00:00
ADS-003113,ACCT-000183,B0093,-18.91,2026-07-20T21:56:08+00:00
ADS-003114,ACCT-000238,B0093,10.51,2026-07-20T21:56:08+00:00
ADS-003115,ACCT-000236,B0093,0.0,2026-07-20T21:56:08+00:00
ADS-003116,ACCT-000054,B0093,36.83,2026-07-20T21:56:08+00:00
ADS-003117,ACCT-000081,B0093,0.0,2026-07-20T21:56:08+00:00
ADS-003118,ACCT-000221,B0093,-61.34,2026-07-20T21:56:08+00:00
ADS-003119,ACCT-000351,B0093,22.69,2026-07-20T21:56:08+00:00
ADS-003120,ACCT-000324,B0093,3.32,2026-07-20T21:56:08+00:00
ADS-003121,ACCT-000385,B0093,0.0,2026-07-20T21:56:08+00:00
ADS-003122,ACCT-000088,B0093,-18.97,2026-07-20T21:56:08+00:00
ADS-003123,ACCT-000219,B0093,0.0,2026-07-20T21:56:08+00:00
ADS-003124,ACCT-000141,B0093,-9.57,2026-07-20T21:56:08+00:00
ADS-003125,ACCT-000062,B0093,-41.26,2026-07-20T21:56:08+00:00
ADS-003126,ACCT-000200,B0093,-12.7,2026-07-20T21:56:08+00:00
ADS-003127,ACCT-000233,B0093,-22.56,2026-07-20T21:56:08+00:00
ADS-003128,ACCT-000375,B0093,80.66,2026-07-20T21:56:08+00:00
ADS-003129,ACCT-000182,B0093,0.0,2026-07-20T21:56:08+00:00
ADS-003130,ACCT-000392,B0093,11.29,2026-07-20T21:56:08+00:00
ADS-003131,ACCT-000014,B0093,0.0,2026-07-20T21:56:08+00:00
ADS-003132,ACCT-000023,B0093,0.0,2026-07-20T21:56:08+00:00
ADS-003133,ACCT-000044,B0093,0.0,2026-07-20T21:56:08+00:00
ADS-003134,ACCT-000312,B0093,0.0,2026-07-20T21:56:08+00:00
ADS-003135,ACCT-000161,B0093,-52.07,2026-07-20T21:56:08+00:00
ADS-003136,ACCT-000007,B0093,0.0,2026-07-20T21:56:08+00:00
ADS-003137,ACCT-000311,B0093,90.64,2026-07-20T21:56:08+00:00
ADS-003138,ACCT-000353,B0093,-11.43,2026-07-20T21:56:08+00:00
ADS-003139,ACCT-000249,B0093,0.0,2026-07-20T21:56:08+00:00
ADS-003140,ACCT-000393,B0093,24.49,2026-07-20T21:56:08+00:00
ADS-003141,ACCT-000394,B0093,29.68,2026-07-20T21:56:08+00:00
ADS-003142,ACCT-000395,B0093,-20.92,2026-07-20T21:56:08+00:00
ADS-003143,ACCT-000271,B0094,-28.3,2026-07-20T22:52:55+00:00
ADS-003144,ACCT-000352,B0094,0.0,2026-07-20T22:52:55+00:00
ADS-003145,ACCT-000198,B0094,-12.28,2026-07-20T22:52:55+00:00
ADS-003146,ACCT-000240,B0094,28.25,2026-07-20T22:52:55+00:00
ADS-003147,ACCT-000249,B0094,0.0,2026-07-20T22:52:55+00:00
ADS-003148,ACCT-000042,B0094,39.61,2026-07-20T22:52:55+00:00
ADS-003149,ACCT-000321,B0094,-21.88,2026-07-20T22:52:55+00:00
ADS-003150,ACCT-000027,B0094,48.61,2026-07-20T22:52:55+00:00
ADS-003151,ACCT-000107,B0094,0.0,2026-07-20T22:52:55+00:00
ADS-003152,ACCT-000328,B0094,0.0,2026-07-20T22:52:55+00:00
ADS-003153,ACCT-000390,B0094,0.0,2026-07-20T22:52:55+00:00
ADS-003154,ACCT-000068,B0094,5.13,2026-07-20T22:52:55+00:00
ADS-003155,ACCT-000038,B0094,6.57,2026-07-20T22:52:55+00:00
ADS-003156,ACCT-000226,B0094,-81.68,2026-07-20T22:52:55+00:00
ADS-003157,ACCT-000121,B0094,41.3,2026-07-20T22:52:55+00:00
ADS-003158,ACCT-000341,B0094,-25.79,2026-07-20T22:52:55+00:00
ADS-003159,ACCT-000064,B0094,17.88,2026-07-20T22:52:55+00:00
ADS-003160,ACCT-000065,B0094,0.0,2026-07-20T22:52:55+00:00
ADS-003161,ACCT-000152,B0094,10.19,2026-07-20T22:52:55+00:00
ADS-003162,ACCT-000367,B0094,0.0,2026-07-20T22:52:55+00:00
ADS-003163,ACCT-000325,B0094,70.41,2026-07-20T22:52:55+00:00
ADS-003164,ACCT-000217,B0094,32.55,2026-07-20T22:52:55+00:00
ADS-003165,ACCT-000301,B0094,-9.78,2026-07-20T22:52:55+00:00
ADS-003166,ACCT-000213,B0094,17.57,2026-07-20T22:52:55+00:00
ADS-003167,ACCT-000207,B0094,60.43,2026-07-20T22:52:55+00:00
ADS-003168,ACCT-000025,B0094,93.69,2026-07-20T22:52:55+00:00
ADS-003169,ACCT-000396,B0094,0.0,2026-07-20T22:52:55+00:00
ADS-003170,ACCT-000397,B0094,0.0,2026-07-20T22:52:55+00:00
ADS-003171,ACCT-000396,B0095,0.0,2026-07-20T23:49:56+00:00
ADS-003172,ACCT-000057,B0095,28.68,2026-07-20T23:49:56+00:00
ADS-003173,ACCT-000001,B0095,0.0,2026-07-20T23:49:56+00:00
ADS-003174,ACCT-000189,B0095,0.0,2026-07-20T23:49:56+00:00
ADS-003175,ACCT-000170,B0095,-19.08,2026-07-20T23:49:56+00:00
ADS-003176,ACCT-000300,B0095,-0.03,2026-07-20T23:49:56+00:00
ADS-003177,ACCT-000360,B0095,-9.34,2026-07-20T23:49:56+00:00
ADS-003178,ACCT-000359,B0095,0.55,2026-07-20T23:49:56+00:00
ADS-003179,ACCT-000381,B0095,-12.17,2026-07-20T23:49:56+00:00
ADS-003180,ACCT-000297,B0095,-78.68,2026-07-20T23:49:56+00:00
ADS-003181,ACCT-000257,B0095,42.97,2026-07-20T23:49:56+00:00
ADS-003182,ACCT-000193,B0095,0.0,2026-07-20T23:49:56+00:00
ADS-003183,ACCT-000166,B0095,-22.78,2026-07-20T23:49:56+00:00
ADS-003184,ACCT-000337,B0095,-17.49,2026-07-20T23:49:56+00:00
ADS-003185,ACCT-000279,B0095,6.16,2026-07-20T23:49:56+00:00
ADS-003186,ACCT-000325,B0095,-5.51,2026-07-20T23:49:56+00:00
ADS-003187,ACCT-000039,B0095,0.0,2026-07-20T23:49:56+00:00
ADS-003188,ACCT-000205,B0095,-73.85,2026-07-20T23:49:56+00:00
ADS-003189,ACCT-000362,B0095,-36.29,2026-07-20T23:49:56+00:00
ADS-003190,ACCT-000066,B0095,39.66,2026-07-20T23:49:56+00:00
ADS-003191,ACCT-000134,B0095,0.0,2026-07-20T23:49:56+00:00
ADS-003192,ACCT-000127,B0095,19.47,2026-07-20T23:49:56+00:00
ADS-003193,ACCT-000293,B0095,-80.26,2026-07-20T23:49:56+00:00
ADS-003194,ACCT-000283,B0095,15.44,2026-07-20T23:49:56+00:00
ADS-003195,ACCT-000228,B0095,-29.43,2026-07-20T23:49:56+00:00
ADS-003196,ACCT-000398,B0095,11.32,2026-07-20T23:49:56+00:00
ADS-003197,ACCT-000399,B0095,0.0,2026-07-20T23:49:56+00:00
ADS-003198,ACCT-000400,B0095,0.0,2026-07-20T23:49:56+00:00
ADS-003199,ACCT-000401,B0095,12.59,2026-07-20T23:49:56+00:00
ADS-003200,ACCT-000180,B0096,-31.89,2026-07-21T01:53:50+00:00
ADS-003201,ACCT-000071,B0096,0.0,2026-07-21T01:53:50+00:00
ADS-003202,ACCT-000013,B0096,-8.49,2026-07-21T01:53:50+00:00
ADS-003203,ACCT-000123,B0096,-52.76,2026-07-21T01:53:50+00:00
ADS-003204,ACCT-000073,B0096,0.0,2026-07-21T01:53:50+00:00
ADS-003205,ACCT-000352,B0096,-56.53,2026-07-21T01:53:50+00:00
ADS-003206,ACCT-000283,B0096,15.87,2026-07-21T01:53:50+00:00
ADS-003207,ACCT-000308,B0096,-9.16,2026-07-21T01:53:50+00:00
ADS-003208,ACCT-000032,B0096,-1.54,2026-07-21T01:53:50+00:00
ADS-003209,ACCT-000229,B0096,0.0,2026-07-21T01:53:50+00:00
ADS-003210,ACCT-000297,B0096,0.0,2026-07-21T01:53:50+00:00
ADS-003211,ACCT-000398,B0096,0.0,2026-07-21T01:53:50+00:00
ADS-003212,ACCT-000085,B0096,0.0,2026-07-21T01:53:50+00:00
ADS-003213,ACCT-000289,B0096,76.49,2026-07-21T01:53:50+00:00
ADS-003214,ACCT-000151,B0096,0.0,2026-07-21T01:53:50+00:00
ADS-003215,ACCT-000050,B0096,44.37,2026-07-21T01:53:50+00:00
ADS-003216,ACCT-000384,B0096,75.11,2026-07-21T01:53:50+00:00
ADS-003217,ACCT-000246,B0096,40.75,2026-07-21T01:53:50+00:00
ADS-003218,ACCT-000090,B0096,18.29,2026-07-21T01:53:50+00:00
ADS-003219,ACCT-000069,B0096,0.0,2026-07-21T01:53:50+00:00
ADS-003220,ACCT-000303,B0096,-35.22,2026-07-21T01:53:50+00:00
ADS-003221,ACCT-000171,B0096,0.0,2026-07-21T01:53:50+00:00
ADS-003222,ACCT-000278,B0096,0.0,2026-07-21T01:53:50+00:00
ADS-003223,ACCT-000120,B0096,0.0,2026-07-21T01:53:50+00:00
ADS-003224,ACCT-000159,B0096,14.78,2026-07-21T01:53:50+00:00
ADS-003225,ACCT-000014,B0096,-33.72,2026-07-21T01:53:50+00:00
ADS-003226,ACCT-000179,B0096,53.81,2026-07-21T01:53:50+00:00
ADS-003227,ACCT-000270,B0096,0.0,2026-07-21T01:53:50+00:00
ADS-003228,ACCT-000273,B0096,38.61,2026-07-21T01:53:50+00:00
ADS-003229,ACCT-000402,B0096,-36.06,2026-07-21T01:53:50+00:00
ADS-003230,ACCT-000403,B0096,64.69,2026-07-21T01:53:50+00:00
ADS-003231,ACCT-000404,B0096,39.3,2026-07-21T01:53:50+00:00
ADS-003232,ACCT-000046,B0097,26.11,2026-07-21T05:14:21+00:00
ADS-003233,ACCT-000037,B0097,-20.68,2026-07-21T05:14:21+00:00
ADS-003234,ACCT-000121,B0097,43.5,2026-07-21T05:14:21+00:00
ADS-003235,ACCT-000236,B0097,0.0,2026-07-21T05:14:21+00:00
ADS-003236,ACCT-000201,B0097,32.58,2026-07-21T05:14:21+00:00
ADS-003237,ACCT-000324,B0097,-25.26,2026-07-21T05:14:21+00:00
ADS-003238,ACCT-000384,B0097,-41.76,2026-07-21T05:14:21+00:00
ADS-003239,ACCT-000357,B0097,-6.64,2026-07-21T05:14:21+00:00
ADS-003240,ACCT-000117,B0097,37.73,2026-07-21T05:14:21+00:00
ADS-003241,ACCT-000295,B0097,-58.25,2026-07-21T05:14:21+00:00
ADS-003242,ACCT-000065,B0097,0.0,2026-07-21T05:14:21+00:00
ADS-003243,ACCT-000328,B0097,42.9,2026-07-21T05:14:21+00:00
ADS-003244,ACCT-000272,B0097,30.99,2026-07-21T05:14:21+00:00
ADS-003245,ACCT-000090,B0097,0.0,2026-07-21T05:14:21+00:00
ADS-003246,ACCT-000076,B0097,0.0,2026-07-21T05:14:21+00:00
ADS-003247,ACCT-000006,B0097,-58.64,2026-07-21T05:14:21+00:00
ADS-003248,ACCT-000401,B0097,0.0,2026-07-21T05:14:21+00:00
ADS-003249,ACCT-000207,B0097,-5.76,2026-07-21T05:14:21+00:00
ADS-003250,ACCT-000041,B0097,0.0,2026-07-21T05:14:21+00:00
ADS-003251,ACCT-000105,B0097,0.0,2026-07-21T05:14:21+00:00
ADS-003252,ACCT-000226,B0097,-1.14,2026-07-21T05:14:21+00:00
ADS-003253,ACCT-000332,B0097,-33.45,2026-07-21T05:14:21+00:00
ADS-003254,ACCT-000051,B0097,-8.96,2026-07-21T05:14:21+00:00
ADS-003255,ACCT-000237,B0097,0.0,2026-07-21T05:14:21+00:00
ADS-003256,ACCT-000310,B0097,-9.24,2026-07-21T05:14:21+00:00
ADS-003257,ACCT-000346,B0097,8.87,2026-07-21T05:14:21+00:00
ADS-003258,ACCT-000377,B0097,-38.76,2026-07-21T05:14:21+00:00
ADS-003259,ACCT-000027,B0097,0.0,2026-07-21T05:14:21+00:00
ADS-003260,ACCT-000220,B0097,-16.14,2026-07-21T05:14:21+00:00
ADS-003261,ACCT-000082,B0097,63.55,2026-07-21T05:14:21+00:00
ADS-003262,ACCT-000354,B0097,45.28,2026-07-21T05:14:21+00:00
ADS-003263,ACCT-000280,B0097,0.0,2026-07-21T05:14:21+00:00
ADS-003264,ACCT-000329,B0097,33.37,2026-07-21T05:14:21+00:00
ADS-003265,ACCT-000365,B0097,0.0,2026-07-21T05:14:21+00:00
ADS-003266,ACCT-000405,B0097,-21.72,2026-07-21T05:14:21+00:00
ADS-003267,ACCT-000406,B0097,28.19,2026-07-21T05:14:21+00:00
ADS-003268,ACCT-000066,B0098,0.0,2026-07-21T07:53:12+00:00
ADS-003269,ACCT-000071,B0098,0.0,2026-07-21T07:53:12+00:00
ADS-003270,ACCT-000195,B0098,0.0,2026-07-21T07:53:12+00:00
ADS-003271,ACCT-000275,B0098,0.0,2026-07-21T07:53:12+00:00
ADS-003272,ACCT-000301,B0098,-34.3,2026-07-21T07:53:12+00:00
ADS-003273,ACCT-000248,B0098,18.79,2026-07-21T07:53:12+00:00
ADS-003274,ACCT-000099,B0098,28.82,2026-07-21T07:53:12+00:00
ADS-003275,ACCT-000182,B0098,57.33,2026-07-21T07:53:12+00:00
ADS-003276,ACCT-000072,B0098,0.0,2026-07-21T07:53:12+00:00
ADS-003277,ACCT-000354,B0098,-17.21,2026-07-21T07:53:12+00:00
ADS-003278,ACCT-000303,B0098,2.57,2026-07-21T07:53:12+00:00
ADS-003279,ACCT-000388,B0098,55.32,2026-07-21T07:53:12+00:00
ADS-003280,ACCT-000328,B0098,-0.34,2026-07-21T07:53:12+00:00
ADS-003281,ACCT-000176,B0098,10.92,2026-07-21T07:53:12+00:00
ADS-003282,ACCT-000245,B0098,-27.07,2026-07-21T07:53:12+00:00
ADS-003283,ACCT-000390,B0098,24.86,2026-07-21T07:53:12+00:00
ADS-003284,ACCT-000392,B0098,-30.82,2026-07-21T07:53:12+00:00
ADS-003285,ACCT-000104,B0098,23.46,2026-07-21T07:53:12+00:00
ADS-003286,ACCT-000011,B0098,0.0,2026-07-21T07:53:12+00:00
ADS-003287,ACCT-000061,B0098,0.0,2026-07-21T07:53:12+00:00
ADS-003288,ACCT-000218,B0098,0.0,2026-07-21T07:53:12+00:00
ADS-003289,ACCT-000284,B0098,0.0,2026-07-21T07:53:12+00:00
ADS-003290,ACCT-000160,B0098,0.0,2026-07-21T07:53:12+00:00
ADS-003291,ACCT-000210,B0098,45.39,2026-07-21T07:53:12+00:00
ADS-003292,ACCT-000166,B0098,5.14,2026-07-21T07:53:12+00:00
ADS-003293,ACCT-000155,B0098,10.24,2026-07-21T07:53:12+00:00
ADS-003294,ACCT-000038,B0098,0.0,2026-07-21T07:53:12+00:00
ADS-003295,ACCT-000079,B0098,42.95,2026-07-21T07:53:12+00:00
ADS-003296,ACCT-000134,B0098,-51.79,2026-07-21T07:53:12+00:00
ADS-003297,ACCT-000319,B0098,2.57,2026-07-21T07:53:12+00:00
ADS-003298,ACCT-000168,B0098,0.0,2026-07-21T07:53:12+00:00
ADS-003299,ACCT-000407,B0098,0.0,2026-07-21T07:53:12+00:00
ADS-003300,ACCT-000408,B0098,-40.66,2026-07-21T07:53:12+00:00
ADS-003301,ACCT-000409,B0098,5.38,2026-07-21T07:53:12+00:00
ADS-003302,ACCT-000337,B0099,-8.02,2026-07-21T10:18:23+00:00
ADS-003303,ACCT-000013,B0099,-84.8,2026-07-21T10:18:23+00:00
ADS-003304,ACCT-000313,B0099,0.0,2026-07-21T10:18:23+00:00
ADS-003305,ACCT-000341,B0099,-26.7,2026-07-21T10:18:23+00:00
ADS-003306,ACCT-000127,B0099,-40.46,2026-07-21T10:18:23+00:00
ADS-003307,ACCT-000230,B0099,39.15,2026-07-21T10:18:23+00:00
ADS-003308,ACCT-000319,B0099,0.0,2026-07-21T10:18:23+00:00
ADS-003309,ACCT-000118,B0099,38.42,2026-07-21T10:18:23+00:00
ADS-003310,ACCT-000174,B0099,87.68,2026-07-21T10:18:23+00:00
ADS-003311,ACCT-000018,B0099,24.52,2026-07-21T10:18:23+00:00
ADS-003312,ACCT-000136,B0099,52.4,2026-07-21T10:18:23+00:00
ADS-003313,ACCT-000345,B0099,2.1,2026-07-21T10:18:23+00:00
ADS-003314,ACCT-000295,B0099,0.0,2026-07-21T10:18:23+00:00
ADS-003315,ACCT-000186,B0099,-40.84,2026-07-21T10:18:23+00:00
ADS-003316,ACCT-000189,B0099,0.0,2026-07-21T10:18:23+00:00
ADS-003317,ACCT-000193,B0099,37.2,2026-07-21T10:18:23+00:00
ADS-003318,ACCT-000079,B0099,-1.75,2026-07-21T10:18:23+00:00
ADS-003319,ACCT-000041,B0099,-36.16,2026-07-21T10:18:23+00:00
ADS-003320,ACCT-000187,B0099,12.64,2026-07-21T10:18:23+00:00
ADS-003321,ACCT-000099,B0099,0.0,2026-07-21T10:18:23+00:00
ADS-003322,ACCT-000078,B0099,-13.7,2026-07-21T10:18:23+00:00
ADS-003323,ACCT-000375,B0099,42.38,2026-07-21T10:18:23+00:00
ADS-003324,ACCT-000206,B0099,-10.62,2026-07-21T10:18:23+00:00
ADS-003325,ACCT-000208,B0099,-37.88,2026-07-21T10:18:23+00:00
ADS-003326,ACCT-000063,B0099,30.81,2026-07-21T10:18:23+00:00
ADS-003327,ACCT-000138,B0099,-28.22,2026-07-21T10:18:23+00:00
ADS-003328,ACCT-000256,B0099,10.43,2026-07-21T10:18:23+00:00
ADS-003329,ACCT-000395,B0099,-31.5,2026-07-21T10:18:23+00:00
ADS-003330,ACCT-000148,B0099,0.0,2026-07-21T10:18:23+00:00
ADS-003331,ACCT-000410,B0099,0.0,2026-07-21T10:18:23+00:00
ADS-003332,ACCT-000411,B0099,36.31,2026-07-21T10:18:23+00:00
ADS-003333,ACCT-000412,B0099,10.99,2026-07-21T10:18:23+00:00
ADS-003334,ACCT-000413,B0099,7.43,2026-07-21T10:18:23+00:00
ADS-003335,ACCT-000401,B0100,-5.07,2026-07-21T12:07:07+00:00
ADS-003336,ACCT-000241,B0100,32.69,2026-07-21T12:07:07+00:00
ADS-003337,ACCT-000288,B0100,24.41,2026-07-21T12:07:07+00:00
ADS-003338,ACCT-000185,B0100,-8.98,2026-07-21T12:07:07+00:00
ADS-003339,ACCT-000373,B0100,-75.01,2026-07-21T12:07:07+00:00
ADS-003340,ACCT-000194,B0100,-35.74,2026-07-21T12:07:07+00:00
ADS-003341,ACCT-000116,B0100,0.0,2026-07-21T12:07:07+00:00
ADS-003342,ACCT-000317,B0100,39.37,2026-07-21T12:07:07+00:00
ADS-003343,ACCT-000077,B0100,0.0,2026-07-21T12:07:07+00:00
ADS-003344,ACCT-000393,B0100,-17.79,2026-07-21T12:07:07+00:00
ADS-003345,ACCT-000206,B0100,-30.14,2026-07-21T12:07:07+00:00
ADS-003346,ACCT-000090,B0100,-46.48,2026-07-21T12:07:07+00:00
ADS-003347,ACCT-000153,B0100,0.0,2026-07-21T12:07:07+00:00
ADS-003348,ACCT-000214,B0100,0.0,2026-07-21T12:07:07+00:00
ADS-003349,ACCT-000052,B0100,62.41,2026-07-21T12:07:07+00:00
ADS-003350,ACCT-000269,B0100,0.0,2026-07-21T12:07:07+00:00
ADS-003351,ACCT-000133,B0100,0.0,2026-07-21T12:07:07+00:00
ADS-003352,ACCT-000382,B0100,0.0,2026-07-21T12:07:07+00:00
ADS-003353,ACCT-000396,B0100,28.81,2026-07-21T12:07:07+00:00
ADS-003354,ACCT-000072,B0100,33.48,2026-07-21T12:07:07+00:00
ADS-003355,ACCT-000306,B0100,-6.14,2026-07-21T12:07:07+00:00
ADS-003356,ACCT-000320,B0100,11.1,2026-07-21T12:07:07+00:00
ADS-003357,ACCT-000100,B0100,-43.8,2026-07-21T12:07:07+00:00
ADS-003358,ACCT-000291,B0100,21.72,2026-07-21T12:07:07+00:00
ADS-003359,ACCT-000271,B0100,4.95,2026-07-21T12:07:07+00:00
ADS-003360,ACCT-000285,B0100,0.0,2026-07-21T12:07:07+00:00
ADS-003361,ACCT-000058,B0100,15.21,2026-07-21T12:07:07+00:00
ADS-003362,ACCT-000365,B0100,0.0,2026-07-21T12:07:07+00:00
ADS-003363,ACCT-000414,B0100,48.22,2026-07-21T12:07:07+00:00
ADS-003364,ACCT-000415,B0100,33.46,2026-07-21T12:07:07+00:00
ADS-003365,ACCT-000405,B0101,-55.59,2026-07-21T14:32:06+00:00
ADS-003366,ACCT-000091,B0101,61.23,2026-07-21T14:32:06+00:00
ADS-003367,ACCT-000050,B0101,18.31,2026-07-21T14:32:06+00:00
ADS-003368,ACCT-000159,B0101,0.0,2026-07-21T14:32:06+00:00
ADS-003369,ACCT-000104,B0101,-47.05,2026-07-21T14:32:06+00:00
ADS-003370,ACCT-000010,B0101,-9.2,2026-07-21T14:32:06+00:00
ADS-003371,ACCT-000028,B0101,0.0,2026-07-21T14:32:06+00:00
ADS-003372,ACCT-000373,B0101,0.0,2026-07-21T14:32:06+00:00
ADS-003373,ACCT-000318,B0101,0.0,2026-07-21T14:32:06+00:00
ADS-003374,ACCT-000275,B0101,0.0,2026-07-21T14:32:06+00:00
ADS-003375,ACCT-000364,B0101,0.0,2026-07-21T14:32:06+00:00
ADS-003376,ACCT-000383,B0101,1.24,2026-07-21T14:32:06+00:00
ADS-003377,ACCT-000136,B0101,30.39,2026-07-21T14:32:06+00:00
ADS-003378,ACCT-000073,B0101,0.0,2026-07-21T14:32:06+00:00
ADS-003379,ACCT-000128,B0101,0.0,2026-07-21T14:32:06+00:00
ADS-003380,ACCT-000404,B0101,24.94,2026-07-21T14:32:06+00:00
ADS-003381,ACCT-000304,B0101,-13.94,2026-07-21T14:32:06+00:00
ADS-003382,ACCT-000309,B0101,1.09,2026-07-21T14:32:06+00:00
ADS-003383,ACCT-000160,B0101,-95.19,2026-07-21T14:32:06+00:00
ADS-003384,ACCT-000332,B0101,0.0,2026-07-21T14:32:06+00:00
ADS-003385,ACCT-000107,B0101,14.82,2026-07-21T14:32:06+00:00
ADS-003386,ACCT-000363,B0101,-48.76,2026-07-21T14:32:06+00:00
ADS-003387,ACCT-000204,B0101,-9.94,2026-07-21T14:32:06+00:00
ADS-003388,ACCT-000274,B0101,0.0,2026-07-21T14:32:06+00:00
ADS-003389,ACCT-000400,B0101,27.45,2026-07-21T14:32:06+00:00
ADS-003390,ACCT-000394,B0101,4.48,2026-07-21T14:32:06+00:00
ADS-003391,ACCT-000320,B0101,0.34,2026-07-21T14:32:06+00:00
ADS-003392,ACCT-000030,B0101,-24.49,2026-07-21T14:32:06+00:00
ADS-003393,ACCT-000353,B0101,0.0,2026-07-21T14:32:06+00:00
ADS-003394,ACCT-000237,B0101,77.52,2026-07-21T14:32:06+00:00
ADS-003395,ACCT-000261,B0101,0.0,2026-07-21T14:32:06+00:00
ADS-003396,ACCT-000262,B0101,0.0,2026-07-21T14:32:06+00:00
ADS-003397,ACCT-000416,B0101,75.06,2026-07-21T14:32:06+00:00
ADS-003398,ACCT-000417,B0101,-39.45,2026-07-21T14:32:06+00:00
ADS-003399,ACCT-000413,B0102,1.14,2026-07-21T16:17:34+00:00
ADS-003400,ACCT-000129,B0102,51.31,2026-07-21T16:17:34+00:00
ADS-003401,ACCT-000172,B0102,-1.77,2026-07-21T16:17:34+00:00
ADS-003402,ACCT-000377,B0102,0.0,2026-07-21T16:17:34+00:00
ADS-003403,ACCT-000196,B0102,0.0,2026-07-21T16:17:34+00:00
ADS-003404,ACCT-000398,B0102,0.0,2026-07-21T16:17:34+00:00
ADS-003405,ACCT-000292,B0102,0.0,2026-07-21T16:17:34+00:00
ADS-003406,ACCT-000303,B0102,45.54,2026-07-21T16:17:34+00:00
ADS-003407,ACCT-000311,B0102,-27.06,2026-07-21T16:17:34+00:00
ADS-003408,ACCT-000287,B0102,0.0,2026-07-21T16:17:34+00:00
ADS-003409,ACCT-000063,B0102,21.71,2026-07-21T16:17:34+00:00
ADS-003410,ACCT-000181,B0102,3.71,2026-07-21T16:17:34+00:00
ADS-003411,ACCT-000220,B0102,-34.55,2026-07-21T16:17:34+00:00
ADS-003412,ACCT-000326,B0102,8.62,2026-07-21T16:17:34+00:00
ADS-003413,ACCT-000156,B0102,2.66,2026-07-21T16:17:34+00:00
ADS-003414,ACCT-000290,B0102,5.95,2026-07-21T16:17:34+00:00
ADS-003415,ACCT-000194,B0102,25.54,2026-07-21T16:17:34+00:00
ADS-003416,ACCT-000026,B0102,28.33,2026-07-21T16:17:34+00:00
ADS-003417,ACCT-000213,B0102,0.0,2026-07-21T16:17:34+00:00
ADS-003418,ACCT-000323,B0102,-39.89,2026-07-21T16:17:34+00:00
ADS-003419,ACCT-000346,B0102,-19.51,2026-07-21T16:17:34+00:00
ADS-003420,ACCT-000328,B0102,4.52,2026-07-21T16:17:34+00:00
ADS-003421,ACCT-000178,B0102,-43.52,2026-07-21T16:17:34+00:00
ADS-003422,ACCT-000336,B0102,52.72,2026-07-21T16:17:34+00:00
ADS-003423,ACCT-000018,B0102,-35.98,2026-07-21T16:17:34+00:00
ADS-003424,ACCT-000099,B0102,-27.42,2026-07-21T16:17:34+00:00
ADS-003425,ACCT-000418,B0102,0.0,2026-07-21T16:17:34+00:00
ADS-003426,ACCT-000419,B0102,-3.83,2026-07-21T16:17:34+00:00
ADS-003427,ACCT-000420,B0102,-15.3,2026-07-21T16:17:34+00:00
ADS-003428,ACCT-000421,B0102,9.69,2026-07-21T16:17:34+00:00
ADS-003429,ACCT-000368,B0103,19.97,2026-07-21T17:51:00+00:00
ADS-003430,ACCT-000301,B0103,67.83,2026-07-21T17:51:00+00:00
ADS-003431,ACCT-000228,B0103,-36.66,2026-07-21T17:51:00+00:00
ADS-003432,ACCT-000408,B0103,0.0,2026-07-21T17:51:00+00:00
ADS-003433,ACCT-000026,B0103,-28.82,2026-07-21T17:51:00+00:00
ADS-003434,ACCT-000240,B0103,23.66,2026-07-21T17:51:00+00:00
ADS-003435,ACCT-000219,B0103,-21.33,2026-07-21T17:51:00+00:00
ADS-003436,ACCT-000185,B0103,50.8,2026-07-21T17:51:00+00:00
ADS-003437,ACCT-000147,B0103,0.0,2026-07-21T17:51:00+00:00
ADS-003438,ACCT-000005,B0103,0.0,2026-07-21T17:51:00+00:00
ADS-003439,ACCT-000145,B0103,-10.11,2026-07-21T17:51:00+00:00
ADS-003440,ACCT-000241,B0103,-25.92,2026-07-21T17:51:00+00:00
ADS-003441,ACCT-000403,B0103,-21.88,2026-07-21T17:51:00+00:00
ADS-003442,ACCT-000257,B0103,7.93,2026-07-21T17:51:00+00:00
ADS-003443,ACCT-000244,B0103,6.78,2026-07-21T17:51:00+00:00
ADS-003444,ACCT-000310,B0103,93.14,2026-07-21T17:51:00+00:00
ADS-003445,ACCT-000134,B0103,0.0,2026-07-21T17:51:00+00:00
ADS-003446,ACCT-000162,B0103,-30.93,2026-07-21T17:51:00+00:00
ADS-003447,ACCT-000348,B0103,0.0,2026-07-21T17:51:00+00:00
ADS-003448,ACCT-000003,B0103,13.19,2026-07-21T17:51:00+00:00
ADS-003449,ACCT-000388,B0103,0.0,2026-07-21T17:51:00+00:00
ADS-003450,ACCT-000102,B0103,-46.21,2026-07-21T17:51:00+00:00
ADS-003451,ACCT-000099,B0103,11.71,2026-07-21T17:51:00+00:00
ADS-003452,ACCT-000004,B0103,27.69,2026-07-21T17:51:00+00:00
ADS-003453,ACCT-000084,B0103,23.1,2026-07-21T17:51:00+00:00
ADS-003454,ACCT-000189,B0103,-25.34,2026-07-21T17:51:00+00:00
ADS-003455,ACCT-000080,B0103,17.24,2026-07-21T17:51:00+00:00
ADS-003456,ACCT-000316,B0103,-32.82,2026-07-21T17:51:00+00:00
ADS-003457,ACCT-000227,B0103,1.82,2026-07-21T17:51:00+00:00
ADS-003458,ACCT-000072,B0103,0.0,2026-07-21T17:51:00+00:00
ADS-003459,ACCT-000045,B0103,0.0,2026-07-21T17:51:00+00:00
ADS-003460,ACCT-000048,B0103,0.0,2026-07-21T17:51:00+00:00
ADS-003461,ACCT-000422,B0103,-61.1,2026-07-21T17:51:00+00:00
ADS-003462,ACCT-000423,B0103,43.29,2026-07-21T17:51:00+00:00
ADS-003463,ACCT-000219,B0104,-43.2,2026-07-21T19:06:40+00:00
ADS-003464,ACCT-000385,B0104,-51.93,2026-07-21T19:06:40+00:00
ADS-003465,ACCT-000051,B0104,-27.72,2026-07-21T19:06:40+00:00
ADS-003466,ACCT-000070,B0104,38.09,2026-07-21T19:06:40+00:00
ADS-003467,ACCT-000295,B0104,20.69,2026-07-21T19:06:40+00:00
ADS-003468,ACCT-000384,B0104,-41.81,2026-07-21T19:06:40+00:00
ADS-003469,ACCT-000351,B0104,0.0,2026-07-21T19:06:40+00:00
ADS-003470,ACCT-000099,B0104,38.72,2026-07-21T19:06:40+00:00
ADS-003471,ACCT-000172,B0104,0.0,2026-07-21T19:06:40+00:00
ADS-003472,ACCT-000262,B0104,0.0,2026-07-21T19:06:40+00:00
ADS-003473,ACCT-000009,B0104,25.11,2026-07-21T19:06:40+00:00
ADS-003474,ACCT-000363,B0104,11.99,2026-07-21T19:06:40+00:00
ADS-003475,ACCT-000316,B0104,-50.94,2026-07-21T19:06:40+00:00
ADS-003476,ACCT-000398,B0104,17.09,2026-07-21T19:06:40+00:00
ADS-003477,ACCT-000206,B0104,25.47,2026-07-21T19:06:40+00:00
ADS-003478,ACCT-000199,B0104,0.0,2026-07-21T19:06:40+00:00
ADS-003479,ACCT-000423,B0104,39.17,2026-07-21T19:06:40+00:00
ADS-003480,ACCT-000047,B0104,-0.56,2026-07-21T19:06:40+00:00
ADS-003481,ACCT-000102,B0104,0.0,2026-07-21T19:06:40+00:00
ADS-003482,ACCT-000077,B0104,44.59,2026-07-21T19:06:40+00:00
ADS-003483,ACCT-000388,B0104,-22.99,2026-07-21T19:06:40+00:00
ADS-003484,ACCT-000163,B0104,18.29,2026-07-21T19:06:40+00:00
ADS-003485,ACCT-000177,B0104,-11.52,2026-07-21T19:06:40+00:00
ADS-003486,ACCT-000171,B0104,79.1,2026-07-21T19:06:40+00:00
ADS-003487,ACCT-000243,B0104,-11.57,2026-07-21T19:06:40+00:00
ADS-003488,ACCT-000389,B0104,0.0,2026-07-21T19:06:40+00:00
ADS-003489,ACCT-000355,B0104,0.0,2026-07-21T19:06:40+00:00
ADS-003490,ACCT-000279,B0104,0.0,2026-07-21T19:06:40+00:00
ADS-003491,ACCT-000021,B0104,-17.11,2026-07-21T19:06:40+00:00
ADS-003492,ACCT-000084,B0104,0.0,2026-07-21T19:06:40+00:00
ADS-003493,ACCT-000227,B0104,-7.33,2026-07-21T19:06:40+00:00
ADS-003494,ACCT-000417,B0104,0.0,2026-07-21T19:06:40+00:00
ADS-003495,ACCT-000424,B0104,41.35,2026-07-21T19:06:40+00:00
ADS-003496,ACCT-000425,B0104,-1.53,2026-07-21T19:06:40+00:00
ADS-003497,ACCT-000206,B0105,-34.06,2026-07-21T20:41:36+00:00
ADS-003498,ACCT-000245,B0105,49.01,2026-07-21T20:41:36+00:00
ADS-003499,ACCT-000361,B0105,0.0,2026-07-21T20:41:36+00:00
ADS-003500,ACCT-000219,B0105,-38.39,2026-07-21T20:41:36+00:00
ADS-003501,ACCT-000211,B0105,-78.13,2026-07-21T20:41:36+00:00
ADS-003502,ACCT-000185,B0105,35.12,2026-07-21T20:41:36+00:00
ADS-003503,ACCT-000242,B0105,-33.17,2026-07-21T20:41:36+00:00
ADS-003504,ACCT-000188,B0105,0.0,2026-07-21T20:41:36+00:00
ADS-003505,ACCT-000378,B0105,-16.28,2026-07-21T20:41:36+00:00
ADS-003506,ACCT-000258,B0105,0.0,2026-07-21T20:41:36+00:00
ADS-003507,ACCT-000168,B0105,0.0,2026-07-21T20:41:36+00:00
ADS-003508,ACCT-000124,B0105,0.0,2026-07-21T20:41:36+00:00
ADS-003509,ACCT-000078,B0105,41.84,2026-07-21T20:41:36+00:00
ADS-003510,ACCT-000145,B0105,0.0,2026-07-21T20:41:36+00:00
ADS-003511,ACCT-000371,B0105,-16.6,2026-07-21T20:41:36+00:00
ADS-003512,ACCT-000131,B0105,12.53,2026-07-21T20:41:36+00:00
ADS-003513,ACCT-000008,B0105,3.99,2026-07-21T20:41:36+00:00
ADS-003514,ACCT-000357,B0105,-46.47,2026-07-21T20:41:36+00:00
ADS-003515,ACCT-000405,B0105,-46.85,2026-07-21T20:41:36+00:00
ADS-003516,ACCT-000031,B0105,-30.28,2026-07-21T20:41:36+00:00
ADS-003517,ACCT-000375,B0105,0.0,2026-07-21T20:41:36+00:00
ADS-003518,ACCT-000030,B0105,12.25,2026-07-21T20:41:36+00:00
ADS-003519,ACCT-000153,B0105,0.0,2026-07-21T20:41:36+00:00
ADS-003520,ACCT-000274,B0105,-37.87,2026-07-21T20:41:36+00:00
ADS-003521,ACCT-000037,B0105,22.02,2026-07-21T20:41:36+00:00
ADS-003522,ACCT-000222,B0105,0.0,2026-07-21T20:41:36+00:00
ADS-003523,ACCT-000419,B0105,0.0,2026-07-21T20:41:36+00:00
ADS-003524,ACCT-000079,B0105,0.0,2026-07-21T20:41:36+00:00
ADS-003525,ACCT-000214,B0105,0.0,2026-07-21T20:41:36+00:00
ADS-003526,ACCT-000298,B0105,9.51,2026-07-21T20:41:36+00:00
ADS-003527,ACCT-000426,B0105,-1.22,2026-07-21T20:41:36+00:00
ADS-003528,ACCT-000427,B0105,0.0,2026-07-21T20:41:36+00:00
ADS-003529,ACCT-000428,B0105,-11.15,2026-07-21T20:41:36+00:00
ADS-003530,ACCT-000227,B0106,0.0,2026-07-21T21:57:51+00:00
ADS-003531,ACCT-000091,B0106,6.25,2026-07-21T21:57:51+00:00
ADS-003532,ACCT-000229,B0106,-66.36,2026-07-21T21:57:51+00:00
ADS-003533,ACCT-000214,B0106,-36.66,2026-07-21T21:57:51+00:00
ADS-003534,ACCT-000310,B0106,0.0,2026-07-21T21:57:51+00:00
ADS-003535,ACCT-000109,B0106,-8.01,2026-07-21T21:57:51+00:00
ADS-003536,ACCT-000284,B0106,80.12,2026-07-21T21:57:51+00:00
ADS-003537,ACCT-000428,B0106,-32.72,2026-07-21T21:57:51+00:00
ADS-003538,ACCT-000105,B0106,17.9,2026-07-21T21:57:51+00:00
ADS-003539,ACCT-000192,B0106,3.87,2026-07-21T21:57:51+00:00
ADS-003540,ACCT-000426,B0106,21.27,2026-07-21T21:57:51+00:00
ADS-003541,ACCT-000346,B0106,-40.84,2026-07-21T21:57:51+00:00
ADS-003542,ACCT-000077,B0106,55.15,2026-07-21T21:57:51+00:00
ADS-003543,ACCT-000016,B0106,-7.66,2026-07-21T21:57:51+00:00
ADS-003544,ACCT-000093,B0106,6.73,2026-07-21T21:57:51+00:00
ADS-003545,ACCT-000419,B0106,33.09,2026-07-21T21:57:51+00:00
ADS-003546,ACCT-000041,B0106,5.07,2026-07-21T21:57:51+00:00
ADS-003547,ACCT-000230,B0106,-9.84,2026-07-21T21:57:51+00:00
ADS-003548,ACCT-000092,B0106,0.0,2026-07-21T21:57:51+00:00
ADS-003549,ACCT-000299,B0106,8.32,2026-07-21T21:57:51+00:00
ADS-003550,ACCT-000160,B0106,0.0,2026-07-21T21:57:51+00:00
ADS-003551,ACCT-000058,B0106,0.0,2026-07-21T21:57:51+00:00
ADS-003552,ACCT-000134,B0106,39.13,2026-07-21T21:57:51+00:00
ADS-003553,ACCT-000039,B0106,0.0,2026-07-21T21:57:51+00:00
ADS-003554,ACCT-000146,B0106,3.33,2026-07-21T21:57:51+00:00
ADS-003555,ACCT-000199,B0106,-7.74,2026-07-21T21:57:51+00:00
ADS-003556,ACCT-000021,B0106,53.33,2026-07-21T21:57:51+00:00
ADS-003557,ACCT-000033,B0106,-64.26,2026-07-21T21:57:51+00:00
ADS-003558,ACCT-000218,B0106,0.0,2026-07-21T21:57:51+00:00
ADS-003559,ACCT-000429,B0106,0.0,2026-07-21T21:57:51+00:00
ADS-003560,ACCT-000430,B0106,0.0,2026-07-21T21:57:51+00:00
ADS-003561,ACCT-000340,B0107,0.0,2026-07-21T22:54:38+00:00
ADS-003562,ACCT-000131,B0107,0.0,2026-07-21T22:54:38+00:00
ADS-003563,ACCT-000178,B0107,9.85,2026-07-21T22:54:38+00:00
ADS-003564,ACCT-000368,B0107,0.0,2026-07-21T22:54:38+00:00
ADS-003565,ACCT-000143,B0107,23.26,2026-07-21T22:54:38+00:00
ADS-003566,ACCT-000421,B0107,-16.03,2026-07-21T22:54:38+00:00
ADS-003567,ACCT-000007,B0107,0.0,2026-07-21T22:54:38+00:00
ADS-003568,ACCT-000142,B0107,-0.35,2026-07-21T22:54:38+00:00
ADS-003569,ACCT-000134,B0107,-64.52,2026-07-21T22:54:38+00:00
ADS-003570,ACCT-000209,B0107,0.0,2026-07-21T22:54:38+00:00
ADS-003571,ACCT-000006,B0107,19.11,2026-07-21T22:54:38+00:00
ADS-003572,ACCT-000344,B0107,43.94,2026-07-21T22:54:38+00:00
ADS-003573,ACCT-000033,B0107,0.0,2026-07-21T22:54:38+00:00
ADS-003574,ACCT-000225,B0107,0.0,2026-07-21T22:54:38+00:00
ADS-003575,ACCT-000242,B0107,-18.8,2026-07-21T22:54:38+00:00
ADS-003576,ACCT-000309,B0107,35.78,2026-07-21T22:54:38+00:00
ADS-003577,ACCT-000052,B0107,-5.93,2026-07-21T22:54:38+00:00
ADS-003578,ACCT-000179,B0107,29.06,2026-07-21T22:54:38+00:00
ADS-003579,ACCT-000224,B0107,5.64,2026-07-21T22:54:38+00:00
ADS-003580,ACCT-000195,B0107,0.0,2026-07-21T22:54:38+00:00
ADS-003581,ACCT-000232,B0107,-25.11,2026-07-21T22:54:38+00:00
ADS-003582,ACCT-000161,B0107,31.39,2026-07-21T22:54:38+00:00
ADS-003583,ACCT-000329,B0107,-13.07,2026-07-21T22:54:38+00:00
ADS-003584,ACCT-000041,B0107,0.0,2026-07-21T22:54:38+00:00
ADS-003585,ACCT-000305,B0107,26.98,2026-07-21T22:54:38+00:00
ADS-003586,ACCT-000108,B0107,-14.97,2026-07-21T22:54:38+00:00
ADS-003587,ACCT-000251,B0107,4.69,2026-07-21T22:54:38+00:00
ADS-003588,ACCT-000233,B0107,-10.03,2026-07-21T22:54:38+00:00
ADS-003589,ACCT-000020,B0107,26.74,2026-07-21T22:54:38+00:00
ADS-003590,ACCT-000015,B0107,-32.04,2026-07-21T22:54:38+00:00
ADS-003591,ACCT-000127,B0107,41.96,2026-07-21T22:54:38+00:00
ADS-003592,ACCT-000372,B0107,4.83,2026-07-21T22:54:38+00:00
ADS-003593,ACCT-000394,B0107,7.44,2026-07-21T22:54:38+00:00
ADS-003594,ACCT-000336,B0107,-11.57,2026-07-21T22:54:38+00:00
ADS-003595,ACCT-000431,B0107,-16.99,2026-07-21T22:54:38+00:00
ADS-003596,ACCT-000432,B0107,40.33,2026-07-21T22:54:38+00:00
ADS-003597,ACCT-000272,B0108,0.0,2026-07-21T23:50:35+00:00
ADS-003598,ACCT-000430,B0108,0.0,2026-07-21T23:50:35+00:00
ADS-003599,ACCT-000162,B0108,0.0,2026-07-21T23:50:35+00:00
ADS-003600,ACCT-000342,B0108,-47.52,2026-07-21T23:50:35+00:00
ADS-003601,ACCT-000387,B0108,-46.57,2026-07-21T23:50:35+00:00
ADS-003602,ACCT-000336,B0108,0.0,2026-07-21T23:50:35+00:00
ADS-003603,ACCT-000075,B0108,11.13,2026-07-21T23:50:35+00:00
ADS-003604,ACCT-000315,B0108,3.08,2026-07-21T23:50:35+00:00
ADS-003605,ACCT-000143,B0108,0.0,2026-07-21T23:50:35+00:00
ADS-003606,ACCT-000376,B0108,83.9,2026-07-21T23:50:35+00:00
ADS-003607,ACCT-000058,B0108,19.3,2026-07-21T23:50:35+00:00
ADS-003608,ACCT-000354,B0108,31.21,2026-07-21T23:50:35+00:00
ADS-003609,ACCT-000318,B0108,0.0,2026-07-21T23:50:35+00:00
ADS-003610,ACCT-000050,B0108,-4.53,2026-07-21T23:50:35+00:00
ADS-003611,ACCT-000182,B0108,-18.0,2026-07-21T23:50:35+00:00
ADS-003612,ACCT-000100,B0108,22.83,2026-07-21T23:50:35+00:00
ADS-003613,ACCT-000231,B0108,0.0,2026-07-21T23:50:35+00:00
ADS-003614,ACCT-000383,B0108,-24.28,2026-07-21T23:50:35+00:00
ADS-003615,ACCT-000221,B0108,0.0,2026-07-21T23:50:35+00:00
ADS-003616,ACCT-000417,B0108,-43.26,2026-07-21T23:50:35+00:00
ADS-003617,ACCT-000280,B0108,38.69,2026-07-21T23:50:35+00:00
ADS-003618,ACCT-000332,B0108,22.02,2026-07-21T23:50:35+00:00
ADS-003619,ACCT-000316,B0108,-6.93,2026-07-21T23:50:35+00:00
ADS-003620,ACCT-000307,B0108,69.71,2026-07-21T23:50:35+00:00
ADS-003621,ACCT-000094,B0108,-38.58,2026-07-21T23:50:35+00:00
ADS-003622,ACCT-000425,B0108,22.65,2026-07-21T23:50:35+00:00
ADS-003623,ACCT-000301,B0108,0.0,2026-07-21T23:50:35+00:00
ADS-003624,ACCT-000245,B0108,0.0,2026-07-21T23:50:35+00:00
ADS-003625,ACCT-000433,B0108,40.35,2026-07-21T23:50:35+00:00
ADS-003626,ACCT-000434,B0108,-34.6,2026-07-21T23:50:35+00:00
ADS-003627,ACCT-000238,B0109,-46.59,2026-07-22T01:52:33+00:00
ADS-003628,ACCT-000067,B0109,-10.08,2026-07-22T01:52:33+00:00
ADS-003629,ACCT-000412,B0109,0.0,2026-07-22T01:52:33+00:00
ADS-003630,ACCT-000240,B0109,-28.97,2026-07-22T01:52:33+00:00
ADS-003631,ACCT-000395,B0109,0.0,2026-07-22T01:52:33+00:00
ADS-003632,ACCT-000352,B0109,-12.5,2026-07-22T01:52:33+00:00
ADS-003633,ACCT-000434,B0109,21.5,2026-07-22T01:52:33+00:00
ADS-003634,ACCT-000164,B0109,-77.4,2026-07-22T01:52:33+00:00
ADS-003635,ACCT-000239,B0109,0.0,2026-07-22T01:52:33+00:00
ADS-003636,ACCT-000253,B0109,0.0,2026-07-22T01:52:33+00:00
ADS-003637,ACCT-000279,B0109,-15.72,2026-07-22T01:52:33+00:00
ADS-003638,ACCT-000012,B0109,-5.78,2026-07-22T01:52:33+00:00
ADS-003639,ACCT-000069,B0109,-22.42,2026-07-22T01:52:33+00:00
ADS-003640,ACCT-000184,B0109,15.9,2026-07-22T01:52:33+00:00
ADS-003641,ACCT-000393,B0109,-59.37,2026-07-22T01:52:33+00:00
ADS-003642,ACCT-000121,B0109,40.06,2026-07-22T01:52:33+00:00
ADS-003643,ACCT-000324,B0109,0.0,2026-07-22T01:52:33+00:00
ADS-003644,ACCT-000355,B0109,-28.64,2026-07-22T01:52:33+00:00
ADS-003645,ACCT-000194,B0109,43.89,2026-07-22T01:52:33+00:00
ADS-003646,ACCT-000401,B0109,-34.29,2026-07-22T01:52:33+00:00
ADS-003647,ACCT-000051,B0109,-70.82,2026-07-22T01:52:33+00:00
ADS-003648,ACCT-000152,B0109,0.0,2026-07-22T01:52:33+00:00
ADS-003649,ACCT-000156,B0109,6.18,2026-07-22T01:52:33+00:00
ADS-003650,ACCT-000168,B0109,-24.24,2026-07-22T01:52:33+00:00
ADS-003651,ACCT-000403,B0109,-9.05,2026-07-22T01:52:33+00:00
ADS-003652,ACCT-000171,B0109,24.19,2026-07-22T01:52:33+00:00
ADS-003653,ACCT-000435,B0109,-8.41,2026-07-22T01:52:33+00:00
ADS-003654,ACCT-000436,B0109,-57.78,2026-07-22T01:52:33+00:00
ADS-003655,ACCT-000171,B0110,-27.95,2026-07-22T05:12:58+00:00
ADS-003656,ACCT-000106,B0110,38.61,2026-07-22T05:12:58+00:00
ADS-003657,ACCT-000346,B0110,57.08,2026-07-22T05:12:58+00:00
ADS-003658,ACCT-000294,B0110,8.6,2026-07-22T05:12:58+00:00
ADS-003659,ACCT-000323,B0110,0.0,2026-07-22T05:12:58+00:00
ADS-003660,ACCT-000200,B0110,28.63,2026-07-22T05:12:58+00:00
ADS-003661,ACCT-000116,B0110,5.27,2026-07-22T05:12:58+00:00
ADS-003662,ACCT-000243,B0110,-19.05,2026-07-22T05:12:58+00:00
ADS-003663,ACCT-000349,B0110,-41.66,2026-07-22T05:12:58+00:00
ADS-003664,ACCT-000218,B0110,42.4,2026-07-22T05:12:58+00:00
ADS-003665,ACCT-000176,B0110,13.7,2026-07-22T05:12:58+00:00
ADS-003666,ACCT-000325,B0110,0.0,2026-07-22T05:12:58+00:00
ADS-003667,ACCT-000157,B0110,31.26,2026-07-22T05:12:58+00:00
ADS-003668,ACCT-000002,B0110,44.85,2026-07-22T05:12:58+00:00
ADS-003669,ACCT-000111,B0110,14.16,2026-07-22T05:12:58+00:00
ADS-003670,ACCT-000235,B0110,0.0,2026-07-22T05:12:58+00:00
ADS-003671,ACCT-000016,B0110,0.0,2026-07-22T05:12:58+00:00
ADS-003672,ACCT-000140,B0110,0.0,2026-07-22T05:12:58+00:00
ADS-003673,ACCT-000096,B0110,45.36,2026-07-22T05:12:58+00:00
ADS-003674,ACCT-000253,B0110,-75.21,2026-07-22T05:12:58+00:00
ADS-003675,ACCT-000414,B0110,37.14,2026-07-22T05:12:58+00:00
ADS-003676,ACCT-000042,B0110,-11.29,2026-07-22T05:12:58+00:00
ADS-003677,ACCT-000114,B0110,16.11,2026-07-22T05:12:58+00:00
ADS-003678,ACCT-000070,B0110,-7.94,2026-07-22T05:12:58+00:00
ADS-003679,ACCT-000285,B0110,22.7,2026-07-22T05:12:58+00:00
ADS-003680,ACCT-000103,B0110,-77.75,2026-07-22T05:12:58+00:00
ADS-003681,ACCT-000376,B0110,12.73,2026-07-22T05:12:58+00:00
ADS-003682,ACCT-000129,B0110,-22.57,2026-07-22T05:12:58+00:00
ADS-003683,ACCT-000100,B0110,0.46,2026-07-22T05:12:58+00:00
ADS-003684,ACCT-000101,B0110,-10.56,2026-07-22T05:12:58+00:00
ADS-003685,ACCT-000076,B0110,14.15,2026-07-22T05:12:58+00:00
ADS-003686,ACCT-000219,B0110,38.85,2026-07-22T05:12:58+00:00
ADS-003687,ACCT-000437,B0110,0.0,2026-07-22T05:12:58+00:00
ADS-003688,ACCT-000438,B0110,40.12,2026-07-22T05:12:58+00:00
ADS-003689,ACCT-000439,B0110,0.42,2026-07-22T05:12:58+00:00
ADS-003690,ACCT-000440,B0110,-56.03,2026-07-22T05:12:58+00:00
ADS-003691,ACCT-000012,B0111,6.13,2026-07-22T07:53:12+00:00
ADS-003692,ACCT-000147,B0111,-34.21,2026-07-22T07:53:12+00:00
ADS-003693,ACCT-000189,B0111,-50.22,2026-07-22T07:53:12+00:00
ADS-003694,ACCT-000106,B0111,-3.63,2026-07-22T07:53:12+00:00
ADS-003695,ACCT-000022,B0111,24.47,2026-07-22T07:53:12+00:00
ADS-003696,ACCT-000265,B0111,46.9,2026-07-22T07:53:12+00:00
ADS-003697,ACCT-000069,B0111,49.76,2026-07-22T07:53:12+00:00
ADS-003698,ACCT-000227,B0111,-86.68,2026-07-22T07:53:12+00:00
ADS-003699,ACCT-000325,B0111,0.0,2026-07-22T07:53:12+00:00
ADS-003700,ACCT-000304,B0111,-83.82,2026-07-22T07:53:12+00:00
ADS-003701,ACCT-000362,B0111,0.0,2026-07-22T07:53:12+00:00
ADS-003702,ACCT-000019,B0111,-64.19,2026-07-22T07:53:12+00:00
ADS-003703,ACCT-000142,B0111,-48.72,2026-07-22T07:53:12+00:00
ADS-003704,ACCT-000400,B0111,27.96,2026-07-22T07:53:12+00:00
ADS-003705,ACCT-000341,B0111,21.37,2026-07-22T07:53:12+00:00
ADS-003706,ACCT-000131,B0111,-48.95,2026-07-22T07:53:12+00:00
ADS-003707,ACCT-000313,B0111,40.19,2026-07-22T07:53:12+00:00
ADS-003708,ACCT-000384,B0111,1.46,2026-07-22T07:53:12+00:00
ADS-003709,ACCT-000289,B0111,0.0,2026-07-22T07:53:12+00:00
ADS-003710,ACCT-000169,B0111,27.57,2026-07-22T07:53:12+00:00
ADS-003711,ACCT-000267,B0111,21.15,2026-07-22T07:53:12+00:00
ADS-003712,ACCT-000308,B0111,32.52,2026-07-22T07:53:12+00:00
ADS-003713,ACCT-000020,B0111,32.89,2026-07-22T07:53:12+00:00
ADS-003714,ACCT-000137,B0111,22.02,2026-07-22T07:53:12+00:00
ADS-003715,ACCT-000340,B0111,0.0,2026-07-22T07:53:12+00:00
ADS-003716,ACCT-000215,B0111,-30.0,2026-07-22T07:53:12+00:00
ADS-003717,ACCT-000006,B0111,0.0,2026-07-22T07:53:12+00:00
ADS-003718,ACCT-000067,B0111,20.62,2026-07-22T07:53:12+00:00
ADS-003719,ACCT-000145,B0111,0.0,2026-07-22T07:53:12+00:00
ADS-003720,ACCT-000138,B0111,0.0,2026-07-22T07:53:12+00:00
ADS-003721,ACCT-000109,B0111,0.0,2026-07-22T07:53:12+00:00
ADS-003722,ACCT-000421,B0111,0.0,2026-07-22T07:53:12+00:00
ADS-003723,ACCT-000357,B0111,0.0,2026-07-22T07:53:12+00:00
ADS-003724,ACCT-000441,B0111,0.0,2026-07-22T07:53:12+00:00
ADS-003725,ACCT-000442,B0111,22.92,2026-07-22T07:53:12+00:00
ADS-003726,ACCT-000443,B0111,0.0,2026-07-22T07:53:12+00:00
ADS-003727,ACCT-000444,B0111,21.2,2026-07-22T07:53:12+00:00
ADS-003728,ACCT-000158,B0112,0.0,2026-07-22T10:17:35+00:00
ADS-003729,ACCT-000431,B0112,11.19,2026-07-22T10:17:35+00:00
ADS-003730,ACCT-000244,B0112,36.29,2026-07-22T10:17:35+00:00
ADS-003731,ACCT-000426,B0112,0.0,2026-07-22T10:17:35+00:00
ADS-003732,ACCT-000155,B0112,0.0,2026-07-22T10:17:35+00:00
ADS-003733,ACCT-000223,B0112,0.0,2026-07-22T10:17:35+00:00
ADS-003734,ACCT-000021,B0112,0.0,2026-07-22T10:17:35+00:00
ADS-003735,ACCT-000224,B0112,0.0,2026-07-22T10:17:35+00:00
ADS-003736,ACCT-000060,B0112,0.0,2026-07-22T10:17:35+00:00
ADS-003737,ACCT-000439,B0112,-11.44,2026-07-22T10:17:35+00:00
ADS-003738,ACCT-000374,B0112,-73.98,2026-07-22T10:17:35+00:00
ADS-003739,ACCT-000115,B0112,-24.14,2026-07-22T10:17:35+00:00
ADS-003740,ACCT-000135,B0112,-37.79,2026-07-22T10:17:35+00:00
ADS-003741,ACCT-000070,B0112,-26.39,2026-07-22T10:17:35+00:00
ADS-003742,ACCT-000397,B0112,0.0,2026-07-22T10:17:35+00:00
ADS-003743,ACCT-000352,B0112,-1.82,2026-07-22T10:17:35+00:00
ADS-003744,ACCT-000363,B0112,-7.08,2026-07-22T10:17:35+00:00
ADS-003745,ACCT-000247,B0112,0.0,2026-07-22T10:17:35+00:00
ADS-003746,ACCT-000044,B0112,0.0,2026-07-22T10:17:35+00:00
ADS-003747,ACCT-000279,B0112,0.0,2026-07-22T10:17:35+00:00
ADS-003748,ACCT-000343,B0112,0.0,2026-07-22T10:17:35+00:00
ADS-003749,ACCT-000401,B0112,24.84,2026-07-22T10:17:35+00:00
ADS-003750,ACCT-000011,B0112,30.42,2026-07-22T10:17:35+00:00
ADS-003751,ACCT-000153,B0112,0.0,2026-07-22T10:17:35+00:00
ADS-003752,ACCT-000346,B0112,43.42,2026-07-22T10:17:35+00:00
ADS-003753,ACCT-000239,B0112,-35.81,2026-07-22T10:17:35+00:00
ADS-003754,ACCT-000185,B0112,49.23,2026-07-22T10:17:35+00:00
ADS-003755,ACCT-000357,B0112,-4.85,2026-07-22T10:17:35+00:00
ADS-003756,ACCT-000280,B0112,0.0,2026-07-22T10:17:35+00:00
ADS-003757,ACCT-000257,B0112,0.0,2026-07-22T10:17:35+00:00
ADS-003758,ACCT-000184,B0112,0.0,2026-07-22T10:17:35+00:00
ADS-003759,ACCT-000445,B0112,-1.39,2026-07-22T10:17:35+00:00
ADS-003760,ACCT-000446,B0112,42.35,2026-07-22T10:17:35+00:00
ADS-003761,ACCT-000078,B0113,45.2,2026-07-22T12:10:56+00:00
ADS-003762,ACCT-000179,B0113,-28.79,2026-07-22T12:10:56+00:00
ADS-003763,ACCT-000227,B0113,22.58,2026-07-22T12:10:56+00:00
ADS-003764,ACCT-000436,B0113,-5.33,2026-07-22T12:10:56+00:00
ADS-003765,ACCT-000369,B0113,6.16,2026-07-22T12:10:56+00:00
ADS-003766,ACCT-000271,B0113,36.47,2026-07-22T12:10:56+00:00
ADS-003767,ACCT-000050,B0113,-11.64,2026-07-22T12:10:56+00:00
ADS-003768,ACCT-000353,B0113,0.0,2026-07-22T12:10:56+00:00
ADS-003769,ACCT-000161,B0113,0.0,2026-07-22T12:10:56+00:00
ADS-003770,ACCT-000344,B0113,-43.33,2026-07-22T12:10:56+00:00
ADS-003771,ACCT-000174,B0113,0.0,2026-07-22T12:10:56+00:00
ADS-003772,ACCT-000359,B0113,14.39,2026-07-22T12:10:56+00:00
ADS-003773,ACCT-000017,B0113,-0.78,2026-07-22T12:10:56+00:00
ADS-003774,ACCT-000356,B0113,-12.44,2026-07-22T12:10:56+00:00
ADS-003775,ACCT-000281,B0113,0.0,2026-07-22T12:10:56+00:00
ADS-003776,ACCT-000321,B0113,37.13,2026-07-22T12:10:56+00:00
ADS-003777,ACCT-000185,B0113,0.0,2026-07-22T12:10:56+00:00
ADS-003778,ACCT-000429,B0113,-54.2,2026-07-22T12:10:56+00:00
ADS-003779,ACCT-000255,B0113,-26.73,2026-07-22T12:10:56+00:00
ADS-003780,ACCT-000374,B0113,0.0,2026-07-22T12:10:56+00:00
ADS-003781,ACCT-000072,B0113,-49.31,2026-07-22T12:10:56+00:00
ADS-003782,ACCT-000141,B0113,0.0,2026-07-22T12:10:56+00:00
ADS-003783,ACCT-000125,B0113,-32.27,2026-07-22T12:10:56+00:00
ADS-003784,ACCT-000097,B0113,47.98,2026-07-22T12:10:56+00:00
ADS-003785,ACCT-000052,B0113,22.21,2026-07-22T12:10:56+00:00
ADS-003786,ACCT-000299,B0113,-17.19,2026-07-22T12:10:56+00:00
ADS-003787,ACCT-000154,B0113,74.12,2026-07-22T12:10:56+00:00
ADS-003788,ACCT-000446,B0113,-22.63,2026-07-22T12:10:56+00:00
ADS-003789,ACCT-000386,B0113,-39.2,2026-07-22T12:10:56+00:00
ADS-003790,ACCT-000447,B0113,0.0,2026-07-22T12:10:56+00:00
ADS-003791,ACCT-000448,B0113,0.0,2026-07-22T12:10:56+00:00
ADS-003792,ACCT-000230,B0114,-25.76,2026-07-22T14:32:45+00:00
ADS-003793,ACCT-000097,B0114,-13.0,2026-07-22T14:32:45+00:00
ADS-003794,ACCT-000181,B0114,-10.28,2026-07-22T14:32:45+00:00
ADS-003795,ACCT-000065,B0114,-38.68,2026-07-22T14:32:45+00:00
ADS-003796,ACCT-000126,B0114,-81.23,2026-07-22T14:32:45+00:00
ADS-003797,ACCT-000195,B0114,0.0,2026-07-22T14:32:45+00:00
ADS-003798,ACCT-000242,B0114,-42.34,2026-07-22T14:32:45+00:00
ADS-003799,ACCT-000158,B0114,-27.3,2026-07-22T14:32:45+00:00
ADS-003800,ACCT-000313,B0114,46.7,2026-07-22T14:32:45+00:00
ADS-003801,ACCT-000134,B0114,43.77,2026-07-22T14:32:45+00:00
ADS-003802,ACCT-000367,B0114,8.47,2026-07-22T14:32:45+00:00
ADS-003803,ACCT-000397,B0114,-49.11,2026-07-22T14:32:45+00:00
ADS-003804,ACCT-000089,B0114,41.17,2026-07-22T14:32:45+00:00
ADS-003805,ACCT-000032,B0114,0.0,2026-07-22T14:32:45+00:00
ADS-003806,ACCT-000154,B0114,0.0,2026-07-22T14:32:45+00:00
ADS-003807,ACCT-000336,B0114,-13.59,2026-07-22T14:32:45+00:00
ADS-003808,ACCT-000425,B0114,0.0,2026-07-22T14:32:45+00:00
ADS-003809,ACCT-000030,B0114,68.44,2026-07-22T14:32:45+00:00
ADS-003810,ACCT-000299,B0114,4.27,2026-07-22T14:32:45+00:00
ADS-003811,ACCT-000341,B0114,-54.36,2026-07-22T14:32:45+00:00
ADS-003812,ACCT-000143,B0114,23.15,2026-07-22T14:32:45+00:00
ADS-003813,ACCT-000054,B0114,-28.01,2026-07-22T14:32:45+00:00
ADS-003814,ACCT-000109,B0114,0.0,2026-07-22T14:32:45+00:00
ADS-003815,ACCT-000131,B0114,32.63,2026-07-22T14:32:45+00:00
ADS-003816,ACCT-000429,B0114,27.43,2026-07-22T14:32:45+00:00
ADS-003817,ACCT-000110,B0114,-11.07,2026-07-22T14:32:45+00:00
ADS-003818,ACCT-000159,B0114,9.57,2026-07-22T14:32:45+00:00
ADS-003819,ACCT-000057,B0114,-6.38,2026-07-22T14:32:45+00:00
ADS-003820,ACCT-000228,B0114,-19.36,2026-07-22T14:32:45+00:00
ADS-003821,ACCT-000321,B0114,38.31,2026-07-22T14:32:45+00:00
ADS-003822,ACCT-000314,B0114,-41.88,2026-07-22T14:32:45+00:00
ADS-003823,ACCT-000449,B0114,13.28,2026-07-22T14:32:45+00:00
ADS-003824,ACCT-000450,B0114,0.0,2026-07-22T14:32:45+00:00
ADS-003825,ACCT-000451,B0114,-12.24,2026-07-22T14:32:45+00:00
ADS-003826,ACCT-000452,B0114,15.63,2026-07-22T14:32:45+00:00
ADS-003827,ACCT-000316,B0115,-0.13,2026-07-22T16:16:12+00:00
ADS-003828,ACCT-000062,B0115,-17.82,2026-07-22T16:16:12+00:00
ADS-003829,ACCT-000128,B0115,47.89,2026-07-22T16:16:12+00:00
ADS-003830,ACCT-000091,B0115,-47.52,2026-07-22T16:16:12+00:00
ADS-003831,ACCT-000227,B0115,0.0,2026-07-22T16:16:12+00:00
ADS-003832,ACCT-000305,B0115,0.0,2026-07-22T16:16:12+00:00
ADS-003833,ACCT-000126,B0115,23.0,2026-07-22T16:16:12+00:00
ADS-003834,ACCT-000191,B0115,0.0,2026-07-22T16:16:12+00:00
ADS-003835,ACCT-000212,B0115,11.06,2026-07-22T16:16:12+00:00
ADS-003836,ACCT-000047,B0115,-17.49,2026-07-22T16:16:12+00:00
ADS-003837,ACCT-000363,B0115,0.0,2026-07-22T16:16:12+00:00
ADS-003838,ACCT-000124,B0115,0.0,2026-07-22T16:16:12+00:00
ADS-003839,ACCT-000252,B0115,45.66,2026-07-22T16:16:12+00:00
ADS-003840,ACCT-000432,B0115,0.0,2026-07-22T16:16:12+00:00
ADS-003841,ACCT-000373,B0115,-32.11,2026-07-22T16:16:12+00:00
ADS-003842,ACCT-000169,B0115,0.0,2026-07-22T16:16:12+00:00
ADS-003843,ACCT-000248,B0115,0.0,2026-07-22T16:16:12+00:00
ADS-003844,ACCT-000358,B0115,-62.75,2026-07-22T16:16:12+00:00
ADS-003845,ACCT-000003,B0115,-4.99,2026-07-22T16:16:12+00:00
ADS-003846,ACCT-000038,B0115,33.76,2026-07-22T16:16:12+00:00
ADS-003847,ACCT-000276,B0115,52.46,2026-07-22T16:16:12+00:00
ADS-003848,ACCT-000164,B0115,-85.21,2026-07-22T16:16:12+00:00
ADS-003849,ACCT-000006,B0115,-21.15,2026-07-22T16:16:12+00:00
ADS-003850,ACCT-000151,B0115,38.93,2026-07-22T16:16:12+00:00
ADS-003851,ACCT-000149,B0115,0.0,2026-07-22T16:16:12+00:00
ADS-003852,ACCT-000235,B0115,15.66,2026-07-22T16:16:12+00:00
ADS-003853,ACCT-000355,B0115,-38.81,2026-07-22T16:16:12+00:00
ADS-003854,ACCT-000120,B0115,19.56,2026-07-22T16:16:12+00:00
ADS-003855,ACCT-000213,B0115,-47.81,2026-07-22T16:16:12+00:00
ADS-003856,ACCT-000453,B0115,21.28,2026-07-22T16:16:12+00:00
ADS-003857,ACCT-000454,B0115,-66.83,2026-07-22T16:16:12+00:00
ADS-003858,ACCT-000455,B0115,-46.02,2026-07-22T16:16:12+00:00
ADS-003859,ACCT-000418,B0116,45.58,2026-07-22T17:47:50+00:00
ADS-003860,ACCT-000148,B0116,38.14,2026-07-22T17:47:50+00:00
ADS-003861,ACCT-000010,B0116,0.0,2026-07-22T17:47:50+00:00
ADS-003862,ACCT-000212,B0116,34.54,2026-07-22T17:47:50+00:00
ADS-003863,ACCT-000353,B0116,-86.2,2026-07-22T17:47:50+00:00
ADS-003864,ACCT-000411,B0116,0.0,2026-07-22T17:47:50+00:00
ADS-003865,ACCT-000029,B0116,0.0,2026-07-22T17:47:50+00:00
ADS-003866,ACCT-000124,B0116,-31.43,2026-07-22T17:47:50+00:00
ADS-003867,ACCT-000392,B0116,-14.78,2026-07-22T17:47:50+00:00
ADS-003868,ACCT-000321,B0116,0.0,2026-07-22T17:47:50+00:00
ADS-003869,ACCT-000234,B0116,-3.83,2026-07-22T17:47:50+00:00
ADS-003870,ACCT-000154,B0116,0.0,2026-07-22T17:47:50+00:00
ADS-003871,ACCT-000335,B0116,0.0,2026-07-22T17:47:50+00:00
ADS-003872,ACCT-000352,B0116,0.0,2026-07-22T17:47:50+00:00
ADS-003873,ACCT-000042,B0116,12.86,2026-07-22T17:47:50+00:00
ADS-003874,ACCT-000326,B0116,0.0,2026-07-22T17:47:50+00:00
ADS-003875,ACCT-000374,B0116,-9.86,2026-07-22T17:47:50+00:00
ADS-003876,ACCT-000312,B0116,40.31,2026-07-22T17:47:50+00:00
ADS-003877,ACCT-000247,B0116,24.1,2026-07-22T17:47:50+00:00
ADS-003878,ACCT-000267,B0116,8.79,2026-07-22T17:47:50+00:00
ADS-003879,ACCT-000120,B0116,9.75,2026-07-22T17:47:50+00:00
ADS-003880,ACCT-000143,B0116,0.0,2026-07-22T17:47:50+00:00
ADS-003881,ACCT-000358,B0116,-11.4,2026-07-22T17:47:50+00:00
ADS-003882,ACCT-000389,B0116,72.06,2026-07-22T17:47:50+00:00
ADS-003883,ACCT-000019,B0116,0.0,2026-07-22T17:47:50+00:00
ADS-003884,ACCT-000021,B0116,6.16,2026-07-22T17:47:50+00:00
ADS-003885,ACCT-000317,B0116,0.0,2026-07-22T17:47:50+00:00
ADS-003886,ACCT-000165,B0116,26.84,2026-07-22T17:47:50+00:00
ADS-003887,ACCT-000064,B0116,3.95,2026-07-22T17:47:50+00:00
ADS-003888,ACCT-000324,B0116,-20.77,2026-07-22T17:47:50+00:00
ADS-003889,ACCT-000037,B0116,11.17,2026-07-22T17:47:50+00:00
ADS-003890,ACCT-000188,B0116,18.34,2026-07-22T17:47:50+00:00
ADS-003891,ACCT-000243,B0116,-68.55,2026-07-22T17:47:50+00:00
ADS-003892,ACCT-000456,B0116,37.13,2026-07-22T17:47:50+00:00
ADS-003893,ACCT-000457,B0116,-4.51,2026-07-22T17:47:50+00:00
ADS-003894,ACCT-000458,B0116,2.1,2026-07-22T17:47:50+00:00
ADS-003895,ACCT-000459,B0116,47.6,2026-07-22T17:47:50+00:00
ADS-003896,ACCT-000050,B0117,3.46,2026-07-22T19:00:08+00:00
ADS-003897,ACCT-000324,B0117,0.0,2026-07-22T19:00:08+00:00
ADS-003898,ACCT-000352,B0117,47.24,2026-07-22T19:00:08+00:00
ADS-003899,ACCT-000130,B0117,0.0,2026-07-22T19:00:08+00:00
ADS-003900,ACCT-000009,B0117,-58.92,2026-07-22T19:00:08+00:00
ADS-003901,ACCT-000096,B0117,40.81,2026-07-22T19:00:08+00:00
ADS-003902,ACCT-000108,B0117,7.1,2026-07-22T19:00:08+00:00
ADS-003903,ACCT-000117,B0117,0.0,2026-07-22T19:00:08+00:00
ADS-003904,ACCT-000012,B0117,-4.94,2026-07-22T19:00:08+00:00
ADS-003905,ACCT-000088,B0117,-36.37,2026-07-22T19:00:08+00:00
ADS-003906,ACCT-000029,B0117,0.0,2026-07-22T19:00:08+00:00
ADS-003907,ACCT-000140,B0117,-20.46,2026-07-22T19:00:08+00:00
ADS-003908,ACCT-000262,B0117,-22.9,2026-07-22T19:00:08+00:00
ADS-003909,ACCT-000245,B0117,0.0,2026-07-22T19:00:08+00:00
ADS-003910,ACCT-000240,B0117,0.0,2026-07-22T19:00:08+00:00
ADS-003911,ACCT-000235,B0117,0.0,2026-07-22T19:00:08+00:00
ADS-003912,ACCT-000387,B0117,-23.21,2026-07-22T19:00:08+00:00
ADS-003913,ACCT-000445,B0117,0.0,2026-07-22T19:00:08+00:00
ADS-003914,ACCT-000133,B0117,36.35,2026-07-22T19:00:08+00:00
ADS-003915,ACCT-000444,B0117,-13.99,2026-07-22T19:00:08+00:00
ADS-003916,ACCT-000203,B0117,31.8,2026-07-22T19:00:08+00:00
ADS-003917,ACCT-000268,B0117,0.0,2026-07-22T19:00:08+00:00
ADS-003918,ACCT-000227,B0117,0.0,2026-07-22T19:00:08+00:00
ADS-003919,ACCT-000384,B0117,0.0,2026-07-22T19:00:08+00:00
ADS-003920,ACCT-000107,B0117,0.0,2026-07-22T19:00:08+00:00
ADS-003921,ACCT-000017,B0117,14.57,2026-07-22T19:00:08+00:00
ADS-003922,ACCT-000375,B0117,19.21,2026-07-22T19:00:08+00:00
ADS-003923,ACCT-000083,B0117,0.0,2026-07-22T19:00:08+00:00
ADS-003924,ACCT-000070,B0117,-23.41,2026-07-22T19:00:08+00:00
ADS-003925,ACCT-000159,B0117,12.12,2026-07-22T19:00:08+00:00
ADS-003926,ACCT-000458,B0117,46.73,2026-07-22T19:00:08+00:00
ADS-003927,ACCT-000460,B0117,-26.75,2026-07-22T19:00:08+00:00
ADS-003928,ACCT-000461,B0117,-4.23,2026-07-22T19:00:08+00:00
ADS-003929,ACCT-000359,B0118,80.7,2026-07-22T20:14:04+00:00
ADS-003930,ACCT-000420,B0118,0.0,2026-07-22T20:14:04+00:00
ADS-003931,ACCT-000334,B0118,0.0,2026-07-22T20:14:04+00:00
ADS-003932,ACCT-000391,B0118,13.63,2026-07-22T20:14:04+00:00
ADS-003933,ACCT-000404,B0118,-14.59,2026-07-22T20:14:04+00:00
ADS-003934,ACCT-000436,B0118,0.0,2026-07-22T20:14:04+00:00
ADS-003935,ACCT-000195,B0118,0.0,2026-07-22T20:14:04+00:00
ADS-003936,ACCT-000040,B0118,0.0,2026-07-22T20:14:04+00:00
ADS-003937,ACCT-000270,B0118,32.35,2026-07-22T20:14:04+00:00
ADS-003938,ACCT-000371,B0118,-23.19,2026-07-22T20:14:04+00:00
ADS-003939,ACCT-000376,B0118,0.97,2026-07-22T20:14:04+00:00
ADS-003940,ACCT-000192,B0118,34.52,2026-07-22T20:14:04+00:00
ADS-003941,ACCT-000303,B0118,-17.86,2026-07-22T20:14:04+00:00
ADS-003942,ACCT-000193,B0118,-33.86,2026-07-22T20:14:04+00:00
ADS-003943,ACCT-000422,B0118,72.74,2026-07-22T20:14:04+00:00
ADS-003944,ACCT-000162,B0118,0.0,2026-07-22T20:14:04+00:00
ADS-003945,ACCT-000229,B0118,-1.89,2026-07-22T20:14:04+00:00
ADS-003946,ACCT-000406,B0118,-10.66,2026-07-22T20:14:04+00:00
ADS-003947,ACCT-000310,B0118,-21.67,2026-07-22T20:14:04+00:00
ADS-003948,ACCT-000291,B0118,0.0,2026-07-22T20:14:04+00:00
ADS-003949,ACCT-000417,B0118,0.0,2026-07-22T20:14:04+00:00
ADS-003950,ACCT-000411,B0118,3.29,2026-07-22T20:14:04+00:00
ADS-003951,ACCT-000158,B0118,0.0,2026-07-22T20:14:04+00:00
ADS-003952,ACCT-000416,B0118,-12.96,2026-07-22T20:14:04+00:00
ADS-003953,ACCT-000021,B0118,-52.15,2026-07-22T20:14:04+00:00
ADS-003954,ACCT-000268,B0118,0.0,2026-07-22T20:14:04+00:00
ADS-003955,ACCT-000384,B0118,-42.02,2026-07-22T20:14:04+00:00
ADS-003956,ACCT-000462,B0118,-46.93,2026-07-22T20:14:04+00:00
ADS-003957,ACCT-000463,B0118,2.8,2026-07-22T20:14:04+00:00
ADS-003958,ACCT-000464,B0118,21.63,2026-07-22T20:14:04+00:00
ADS-003959,ACCT-000024,B0119,0.0,2026-07-22T21:35:46+00:00
ADS-003960,ACCT-000394,B0119,-13.27,2026-07-22T21:35:46+00:00
ADS-003961,ACCT-000105,B0119,0.87,2026-07-22T21:35:46+00:00
ADS-003962,ACCT-000285,B0119,15.73,2026-07-22T21:35:46+00:00
ADS-003963,ACCT-000378,B0119,-44.99,2026-07-22T21:35:46+00:00
ADS-003964,ACCT-000081,B0119,0.0,2026-07-22T21:35:46+00:00
ADS-003965,ACCT-000026,B0119,-48.83,2026-07-22T21:35:46+00:00
ADS-003966,ACCT-000047,B0119,-72.64,2026-07-22T21:35:46+00:00
ADS-003967,ACCT-000314,B0119,38.71,2026-07-22T21:35:46+00:00
ADS-003968,ACCT-000053,B0119,29.95,2026-07-22T21:35:46+00:00
ADS-003969,ACCT-000368,B0119,16.08,2026-07-22T21:35:46+00:00
ADS-003970,ACCT-000247,B0119,20.47,2026-07-22T21:35:46+00:00
ADS-003971,ACCT-000462,B0119,0.0,2026-07-22T21:35:46+00:00
ADS-003972,ACCT-000213,B0119,25.26,2026-07-22T21:35:46+00:00
ADS-003973,ACCT-000033,B0119,-8.61,2026-07-22T21:35:46+00:00
ADS-003974,ACCT-000431,B0119,-36.65,2026-07-22T21:35:46+00:00
ADS-003975,ACCT-000043,B0119,0.0,2026-07-22T21:35:46+00:00
ADS-003976,ACCT-000251,B0119,14.69,2026-07-22T21:35:46+00:00
ADS-003977,ACCT-000432,B0119,0.0,2026-07-22T21:35:46+00:00
ADS-003978,ACCT-000365,B0119,42.81,2026-07-22T21:35:46+00:00
ADS-003979,ACCT-000340,B0119,-47.14,2026-07-22T21:35:46+00:00
ADS-003980,ACCT-000437,B0119,-49.46,2026-07-22T21:35:46+00:00
ADS-003981,ACCT-000403,B0119,-52.72,2026-07-22T21:35:46+00:00
ADS-003982,ACCT-000027,B0119,0.0,2026-07-22T21:35:46+00:00
ADS-003983,ACCT-000035,B0119,40.17,2026-07-22T21:35:46+00:00
ADS-003984,ACCT-000189,B0119,17.81,2026-07-22T21:35:46+00:00
ADS-003985,ACCT-000106,B0119,25.3,2026-07-22T21:35:46+00:00
ADS-003986,ACCT-000353,B0119,0.0,2026-07-22T21:35:46+00:00
ADS-003987,ACCT-000048,B0119,0.0,2026-07-22T21:35:46+00:00
ADS-003988,ACCT-000165,B0119,38.19,2026-07-22T21:35:46+00:00
ADS-003989,ACCT-000465,B0119,0.0,2026-07-22T21:35:46+00:00
ADS-003990,ACCT-000466,B0119,-39.77,2026-07-22T21:35:46+00:00
ADS-003991,ACCT-000467,B0119,0.0,2026-07-22T21:35:46+00:00
ADS-003992,ACCT-000088,B0120,-56.96,2026-07-22T22:54:59+00:00
ADS-003993,ACCT-000033,B0120,0.0,2026-07-22T22:54:59+00:00
ADS-003994,ACCT-000005,B0120,0.0,2026-07-22T22:54:59+00:00
ADS-003995,ACCT-000071,B0120,-41.54,2026-07-22T22:54:59+00:00
ADS-003996,ACCT-000448,B0120,78.0,2026-07-22T22:54:59+00:00
ADS-003997,ACCT-000388,B0120,38.85,2026-07-22T22:54:59+00:00
ADS-003998,ACCT-000050,B0120,-27.21,2026-07-22T22:54:59+00:00
ADS-003999,ACCT-000462,B0120,-11.54,2026-07-22T22:54:59+00:00
ADS-004000,ACCT-000361,B0120,0.0,2026-07-22T22:54:59+00:00
ADS-004001,ACCT-000397,B0120,0.0,2026-07-22T22:54:59+00:00
ADS-004002,ACCT-000122,B0120,7.36,2026-07-22T22:54:59+00:00
ADS-004003,ACCT-000442,B0120,35.71,2026-07-22T22:54:59+00:00
ADS-004004,ACCT-000408,B0120,-46.93,2026-07-22T22:54:59+00:00
ADS-004005,ACCT-000465,B0120,-16.92,2026-07-22T22:54:59+00:00
ADS-004006,ACCT-000432,B0120,16.73,2026-07-22T22:54:59+00:00
ADS-004007,ACCT-000089,B0120,-40.69,2026-07-22T22:54:59+00:00
ADS-004008,ACCT-000156,B0120,0.0,2026-07-22T22:54:59+00:00
ADS-004009,ACCT-000305,B0120,-51.24,2026-07-22T22:54:59+00:00
ADS-004010,ACCT-000364,B0120,17.12,2026-07-22T22:54:59+00:00
ADS-004011,ACCT-000415,B0120,25.47,2026-07-22T22:54:59+00:00
ADS-004012,ACCT-000345,B0120,20.85,2026-07-22T22:54:59+00:00
ADS-004013,ACCT-000293,B0120,-39.78,2026-07-22T22:54:59+00:00
ADS-004014,ACCT-000440,B0120,28.32,2026-07-22T22:54:59+00:00
ADS-004015,ACCT-000195,B0120,0.0,2026-07-22T22:54:59+00:00
ADS-004016,ACCT-000418,B0120,21.83,2026-07-22T22:54:59+00:00
ADS-004017,ACCT-000183,B0120,0.0,2026-07-22T22:54:59+00:00
ADS-004018,ACCT-000171,B0120,0.0,2026-07-22T22:54:59+00:00
ADS-004019,ACCT-000182,B0120,0.0,2026-07-22T22:54:59+00:00
ADS-004020,ACCT-000009,B0120,53.21,2026-07-22T22:54:59+00:00
ADS-004021,ACCT-000139,B0120,0.0,2026-07-22T22:54:59+00:00
ADS-004022,ACCT-000468,B0120,0.0,2026-07-22T22:54:59+00:00
ADS-004023,ACCT-000469,B0120,-94.85,2026-07-22T22:54:59+00:00
ADS-004024,ACCT-000470,B0120,0.0,2026-07-22T22:54:59+00:00
ADS-004025,ACCT-000410,B0121,11.08,2026-07-22T23:56:13+00:00
ADS-004026,ACCT-000467,B0121,6.94,2026-07-22T23:56:13+00:00
ADS-004027,ACCT-000453,B0121,-38.42,2026-07-22T23:56:13+00:00
ADS-004028,ACCT-000139,B0121,-20.12,2026-07-22T23:56:13+00:00
ADS-004029,ACCT-000012,B0121,0.0,2026-07-22T23:56:13+00:00
ADS-004030,ACCT-000123,B0121,10.01,2026-07-22T23:56:13+00:00
ADS-004031,ACCT-000122,B0121,0.0,2026-07-22T23:56:13+00:00
ADS-004032,ACCT-000444,B0121,0.0,2026-07-22T23:56:13+00:00
ADS-004033,ACCT-000156,B0121,-9.79,2026-07-22T23:56:13+00:00
ADS-004034,ACCT-000065,B0121,0.0,2026-07-22T23:56:13+00:00
ADS-004035,ACCT-000281,B0121,9.28,2026-07-22T23:56:13+00:00
ADS-004036,ACCT-000190,B0121,-44.68,2026-07-22T23:56:13+00:00
ADS-004037,ACCT-000327,B0121,38.35,2026-07-22T23:56:13+00:00
ADS-004038,ACCT-000132,B0121,8.89,2026-07-22T23:56:13+00:00
ADS-004039,ACCT-000407,B0121,0.0,2026-07-22T23:56:13+00:00
ADS-004040,ACCT-000370,B0121,13.59,2026-07-22T23:56:13+00:00
ADS-004041,ACCT-000405,B0121,0.0,2026-07-22T23:56:13+00:00
ADS-004042,ACCT-000283,B0121,0.0,2026-07-22T23:56:13+00:00
ADS-004043,ACCT-000166,B0121,71.77,2026-07-22T23:56:13+00:00
ADS-004044,ACCT-000417,B0121,0.0,2026-07-22T23:56:13+00:00
ADS-004045,ACCT-000220,B0121,-18.16,2026-07-22T23:56:13+00:00
ADS-004046,ACCT-000366,B0121,-31.92,2026-07-22T23:56:13+00:00
ADS-004047,ACCT-000436,B0121,0.0,2026-07-22T23:56:13+00:00
ADS-004048,ACCT-000219,B0121,0.0,2026-07-22T23:56:13+00:00
ADS-004049,ACCT-000149,B0121,-10.27,2026-07-22T23:56:13+00:00
ADS-004050,ACCT-000466,B0121,-35.85,2026-07-22T23:56:13+00:00
ADS-004051,ACCT-000345,B0121,15.34,2026-07-22T23:56:13+00:00
ADS-004052,ACCT-000303,B0121,-0.71,2026-07-22T23:56:13+00:00
ADS-004053,ACCT-000354,B0121,-71.45,2026-07-22T23:56:13+00:00
ADS-004054,ACCT-000145,B0121,0.0,2026-07-22T23:56:13+00:00
ADS-004055,ACCT-000471,B0121,15.97,2026-07-22T23:56:13+00:00
ADS-004056,ACCT-000472,B0121,2.03,2026-07-22T23:56:13+00:00
ADS-004057,ACCT-000473,B0121,-21.42,2026-07-22T23:56:13+00:00
ADS-004058,ACCT-000474,B0121,0.0,2026-07-22T23:56:13+00:00
ADS-004059,ACCT-000295,B0122,0.0,2026-07-23T02:07:22+00:00
ADS-004060,ACCT-000077,B0122,-2.03,2026-07-23T02:07:22+00:00
ADS-004061,ACCT-000013,B0122,-5.06,2026-07-23T02:07:22+00:00
ADS-004062,ACCT-000065,B0122,48.79,2026-07-23T02:07:22+00:00
ADS-004063,ACCT-000416,B0122,-53.95,2026-07-23T02:07:22+00:00
ADS-004064,ACCT-000220,B0122,24.7,2026-07-23T02:07:22+00:00
ADS-004065,ACCT-000085,B0122,-1.52,2026-07-23T02:07:22+00:00
ADS-004066,ACCT-000397,B0122,2.67,2026-07-23T02:07:22+00:00
ADS-004067,ACCT-000388,B0122,8.26,2026-07-23T02:07:22+00:00
ADS-004068,ACCT-000371,B0122,0.0,2026-07-23T02:07:22+00:00
ADS-004069,ACCT-000068,B0122,3.76,2026-07-23T02:07:22+00:00
ADS-004070,ACCT-000396,B0122,0.0,2026-07-23T02:07:22+00:00
ADS-004071,ACCT-000340,B0122,62.81,2026-07-23T02:07:22+00:00
ADS-004072,ACCT-000200,B0122,-82.18,2026-07-23T02:07:22+00:00
ADS-004073,ACCT-000046,B0122,-9.72,2026-07-23T02:07:22+00:00
ADS-004074,ACCT-000066,B0122,30.33,2026-07-23T02:07:22+00:00
ADS-004075,ACCT-000223,B0122,52.27,2026-07-23T02:07:22+00:00
ADS-004076,ACCT-000262,B0122,0.0,2026-07-23T02:07:22+00:00
ADS-004077,ACCT-000131,B0122,27.85,2026-07-23T02:07:22+00:00
ADS-004078,ACCT-000334,B0122,32.76,2026-07-23T02:07:22+00:00
ADS-004079,ACCT-000342,B0122,35.02,2026-07-23T02:07:22+00:00
ADS-004080,ACCT-000132,B0122,-25.69,2026-07-23T02:07:22+00:00
ADS-004081,ACCT-000225,B0122,-2.11,2026-07-23T02:07:22+00:00
ADS-004082,ACCT-000235,B0122,0.0,2026-07-23T02:07:22+00:00
ADS-004083,ACCT-000284,B0122,4.03,2026-07-23T02:07:22+00:00
ADS-004084,ACCT-000339,B0122,18.81,2026-07-23T02:07:22+00:00
ADS-004085,ACCT-000197,B0122,-49.01,2026-07-23T02:07:22+00:00
ADS-004086,ACCT-000069,B0122,8.87,2026-07-23T02:07:22+00:00
ADS-004087,ACCT-000359,B0122,-31.1,2026-07-23T02:07:22+00:00
ADS-004088,ACCT-000281,B0122,47.55,2026-07-23T02:07:22+00:00
ADS-004089,ACCT-000282,B0122,-25.48,2026-07-23T02:07:22+00:00
ADS-004090,ACCT-000280,B0122,-24.7,2026-07-23T02:07:22+00:00
ADS-004091,ACCT-000094,B0122,0.0,2026-07-23T02:07:22+00:00
ADS-004092,ACCT-000475,B0122,0.0,2026-07-23T02:07:22+00:00
ADS-004093,ACCT-000476,B0122,3.1,2026-07-23T02:07:22+00:00
ADS-004094,ACCT-000477,B0122,-34.0,2026-07-23T02:07:22+00:00
ADS-004095,ACCT-000478,B0122,0.0,2026-07-23T02:07:22+00:00
ADS-004096,ACCT-000060,B0123,-8.81,2026-07-23T05:38:23+00:00
ADS-004097,ACCT-000370,B0123,0.0,2026-07-23T05:38:23+00:00
ADS-004098,ACCT-000449,B0123,0.0,2026-07-23T05:38:23+00:00
ADS-004099,ACCT-000368,B0123,0.0,2026-07-23T05:38:23+00:00
ADS-004100,ACCT-000377,B0123,91.23,2026-07-23T05:38:23+00:00
ADS-004101,ACCT-000073,B0123,0.0,2026-07-23T05:38:23+00:00
ADS-004102,ACCT-000151,B0123,11.15,2026-07-23T05:38:23+00:00
ADS-004103,ACCT-000382,B0123,-22.15,2026-07-23T05:38:23+00:00
ADS-004104,ACCT-000090,B0123,-27.45,2026-07-23T05:38:23+00:00
ADS-004105,ACCT-000240,B0123,46.28,2026-07-23T05:38:23+00:00
ADS-004106,ACCT-000315,B0123,0.0,2026-07-23T05:38:23+00:00
ADS-004107,ACCT-000208,B0123,0.0,2026-07-23T05:38:23+00:00
ADS-004108,ACCT-000367,B0123,0.0,2026-07-23T05:38:23+00:00
ADS-004109,ACCT-000209,B0123,0.0,2026-07-23T05:38:23+00:00
ADS-004110,ACCT-000373,B0123,4.53,2026-07-23T05:38:23+00:00
ADS-004111,ACCT-000403,B0123,0.0,2026-07-23T05:38:23+00:00
ADS-004112,ACCT-000044,B0123,15.88,2026-07-23T05:38:23+00:00
ADS-004113,ACCT-000160,B0123,-46.55,2026-07-23T05:38:23+00:00
ADS-004114,ACCT-000281,B0123,0.0,2026-07-23T05:38:23+00:00
ADS-004115,ACCT-000460,B0123,-13.8,2026-07-23T05:38:23+00:00
ADS-004116,ACCT-000171,B0123,-14.22,2026-07-23T05:38:23+00:00
ADS-004117,ACCT-000409,B0123,-38.91,2026-07-23T05:38:23+00:00
ADS-004118,ACCT-000426,B0123,0.0,2026-07-23T05:38:23+00:00
ADS-004119,ACCT-000133,B0123,-19.0,2026-07-23T05:38:23+00:00
ADS-004120,ACCT-000238,B0123,0.0,2026-07-23T05:38:23+00:00
ADS-004121,ACCT-000356,B0123,86.34,2026-07-23T05:38:23+00:00
ADS-004122,ACCT-000041,B0123,-21.73,2026-07-23T05:38:23+00:00
ADS-004123,ACCT-000316,B0123,-32.28,2026-07-23T05:38:23+00:00
ADS-004124,ACCT-000156,B0123,-28.28,2026-07-23T05:38:23+00:00
ADS-004125,ACCT-000325,B0123,46.64,2026-07-23T05:38:23+00:00
ADS-004126,ACCT-000009,B0123,0.0,2026-07-23T05:38:23+00:00
ADS-004127,ACCT-000109,B0123,18.61,2026-07-23T05:38:23+00:00
ADS-004128,ACCT-000479,B0123,0.0,2026-07-23T05:38:23+00:00
ADS-004129,ACCT-000480,B0123,0.0,2026-07-23T05:38:23+00:00
ADS-004130,ACCT-000229,B0124,12.2,2026-07-23T08:14:51+00:00
ADS-004131,ACCT-000276,B0124,35.79,2026-07-23T08:14:51+00:00
ADS-004132,ACCT-000201,B0124,0.0,2026-07-23T08:14:51+00:00
ADS-004133,ACCT-000383,B0124,-27.71,2026-07-23T08:14:51+00:00
ADS-004134,ACCT-000119,B0124,-37.5,2026-07-23T08:14:51+00:00
ADS-004135,ACCT-000031,B0124,16.77,2026-07-23T08:14:51+00:00
ADS-004136,ACCT-000134,B0124,0.0,2026-07-23T08:14:51+00:00
ADS-004137,ACCT-000443,B0124,-44.83,2026-07-23T08:14:51+00:00
ADS-004138,ACCT-000188,B0124,-18.38,2026-07-23T08:14:51+00:00
ADS-004139,ACCT-000137,B0124,17.24,2026-07-23T08:14:51+00:00
ADS-004140,ACCT-000377,B0124,27.21,2026-07-23T08:14:51+00:00
ADS-004141,ACCT-000208,B0124,-4.64,2026-07-23T08:14:51+00:00
ADS-004142,ACCT-000423,B0124,47.7,2026-07-23T08:14:51+00:00
ADS-004143,ACCT-000475,B0124,-14.06,2026-07-23T08:14:51+00:00
ADS-004144,ACCT-000168,B0124,-30.07,2026-07-23T08:14:51+00:00
ADS-004145,ACCT-000244,B0124,-57.11,2026-07-23T08:14:51+00:00
ADS-004146,ACCT-000096,B0124,0.0,2026-07-23T08:14:51+00:00
ADS-004147,ACCT-000402,B0124,0.0,2026-07-23T08:14:51+00:00
ADS-004148,ACCT-000297,B0124,0.0,2026-07-23T08:14:51+00:00
ADS-004149,ACCT-000274,B0124,0.0,2026-07-23T08:14:51+00:00
ADS-004150,ACCT-000198,B0124,0.0,2026-07-23T08:14:51+00:00
ADS-004151,ACCT-000285,B0124,-52.23,2026-07-23T08:14:51+00:00
ADS-004152,ACCT-000432,B0124,21.69,2026-07-23T08:14:51+00:00
ADS-004153,ACCT-000269,B0124,35.44,2026-07-23T08:14:51+00:00
ADS-004154,ACCT-000323,B0124,-41.01,2026-07-23T08:14:51+00:00
ADS-004155,ACCT-000481,B0124,-50.03,2026-07-23T08:14:51+00:00
ADS-004156,ACCT-000482,B0124,0.0,2026-07-23T08:14:51+00:00
ADS-004157,ACCT-000192,B0125,0.0,2026-07-23T10:38:22+00:00
ADS-004158,ACCT-000064,B0125,-73.96,2026-07-23T10:38:22+00:00
ADS-004159,ACCT-000043,B0125,-2.97,2026-07-23T10:38:22+00:00
ADS-004160,ACCT-000292,B0125,0.0,2026-07-23T10:38:22+00:00
ADS-004161,ACCT-000076,B0125,-30.13,2026-07-23T10:38:22+00:00
ADS-004162,ACCT-000408,B0125,23.67,2026-07-23T10:38:22+00:00
ADS-004163,ACCT-000406,B0125,48.64,2026-07-23T10:38:22+00:00
ADS-004164,ACCT-000063,B0125,13.47,2026-07-23T10:38:22+00:00
ADS-004165,ACCT-000137,B0125,-7.2,2026-07-23T10:38:22+00:00
ADS-004166,ACCT-000302,B0125,-11.27,2026-07-23T10:38:22+00:00
ADS-004167,ACCT-000254,B0125,-11.23,2026-07-23T10:38:22+00:00
ADS-004168,ACCT-000384,B0125,0.0,2026-07-23T10:38:22+00:00
ADS-004169,ACCT-000321,B0125,-37.13,2026-07-23T10:38:22+00:00
ADS-004170,ACCT-000437,B0125,-49.48,2026-07-23T10:38:22+00:00
ADS-004171,ACCT-000458,B0125,5.15,2026-07-23T10:38:22+00:00
ADS-004172,ACCT-000250,B0125,0.0,2026-07-23T10:38:22+00:00
ADS-004173,ACCT-000419,B0125,26.57,2026-07-23T10:38:22+00:00
ADS-004174,ACCT-000090,B0125,0.0,2026-07-23T10:38:22+00:00
ADS-004175,ACCT-000471,B0125,49.36,2026-07-23T10:38:22+00:00
ADS-004176,ACCT-000424,B0125,-40.82,2026-07-23T10:38:22+00:00
ADS-004177,ACCT-000447,B0125,0.0,2026-07-23T10:38:22+00:00
ADS-004178,ACCT-000048,B0125,-0.2,2026-07-23T10:38:22+00:00
ADS-004179,ACCT-000155,B0125,-27.3,2026-07-23T10:38:22+00:00
ADS-004180,ACCT-000340,B0125,86.28,2026-07-23T10:38:22+00:00
ADS-004181,ACCT-000034,B0125,-67.64,2026-07-23T10:38:22+00:00
ADS-004182,ACCT-000382,B0125,0.0,2026-07-23T10:38:22+00:00
ADS-004183,ACCT-000145,B0125,0.0,2026-07-23T10:38:22+00:00
ADS-004184,ACCT-000280,B0125,47.13,2026-07-23T10:38:22+00:00
ADS-004185,ACCT-000217,B0125,0.0,2026-07-23T10:38:22+00:00
ADS-004186,ACCT-000160,B0125,8.29,2026-07-23T10:38:22+00:00
ADS-004187,ACCT-000483,B0125,-40.32,2026-07-23T10:38:22+00:00
ADS-004188,ACCT-000484,B0125,0.0,2026-07-23T10:38:22+00:00
ADS-004189,ACCT-000485,B0125,-53.05,2026-07-23T10:38:22+00:00
ADS-004190,ACCT-000115,B0126,0.0,2026-07-23T12:20:03+00:00
ADS-004191,ACCT-000428,B0126,-16.37,2026-07-23T12:20:03+00:00
ADS-004192,ACCT-000180,B0126,8.3,2026-07-23T12:20:03+00:00
ADS-004193,ACCT-000094,B0126,0.0,2026-07-23T12:20:03+00:00
ADS-004194,ACCT-000295,B0126,-28.49,2026-07-23T12:20:03+00:00
ADS-004195,ACCT-000367,B0126,0.0,2026-07-23T12:20:03+00:00
ADS-004196,ACCT-000009,B0126,0.0,2026-07-23T12:20:03+00:00
ADS-004197,ACCT-000404,B0126,42.29,2026-07-23T12:20:03+00:00
ADS-004198,ACCT-000354,B0126,1.68,2026-07-23T12:20:03+00:00
ADS-004199,ACCT-000029,B0126,12.16,2026-07-23T12:20:03+00:00
ADS-004200,ACCT-000177,B0126,-27.47,2026-07-23T12:20:03+00:00
ADS-004201,ACCT-000132,B0126,-42.74,2026-07-23T12:20:03+00:00
ADS-004202,ACCT-000022,B0126,-22.84,2026-07-23T12:20:03+00:00
ADS-004203,ACCT-000258,B0126,27.55,2026-07-23T12:20:03+00:00
ADS-004204,ACCT-000063,B0126,25.08,2026-07-23T12:20:03+00:00
ADS-004205,ACCT-000085,B0126,61.6,2026-07-23T12:20:03+00:00
ADS-004206,ACCT-000187,B0126,24.25,2026-07-23T12:20:03+00:00
ADS-004207,ACCT-000412,B0126,49.58,2026-07-23T12:20:03+00:00
ADS-004208,ACCT-000344,B0126,-11.89,2026-07-23T12:20:03+00:00
ADS-004209,ACCT-000352,B0126,20.01,2026-07-23T12:20:03+00:00
ADS-004210,ACCT-000364,B0126,26.44,2026-07-23T12:20:03+00:00
ADS-004211,ACCT-000201,B0126,0.0,2026-07-23T12:20:03+00:00
ADS-004212,ACCT-000397,B0126,21.47,2026-07-23T12:20:03+00:00
ADS-004213,ACCT-000099,B0126,0.0,2026-07-23T12:20:03+00:00
ADS-004214,ACCT-000082,B0126,7.55,2026-07-23T12:20:03+00:00
ADS-004215,ACCT-000377,B0126,-15.43,2026-07-23T12:20:03+00:00
ADS-004216,ACCT-000371,B0126,47.86,2026-07-23T12:20:03+00:00
ADS-004217,ACCT-000393,B0126,-26.89,2026-07-23T12:20:03+00:00
ADS-004218,ACCT-000483,B0126,20.92,2026-07-23T12:20:03+00:00
ADS-004219,ACCT-000268,B0126,-40.11,2026-07-23T12:20:03+00:00
ADS-004220,ACCT-000486,B0126,0.0,2026-07-23T12:20:03+00:00
ADS-004221,ACCT-000487,B0126,0.0,2026-07-23T12:20:03+00:00
ADS-004222,ACCT-000488,B0126,45.4,2026-07-23T12:20:03+00:00
ADS-004223,ACCT-000489,B0126,17.59,2026-07-23T12:20:03+00:00
ADS-004224,ACCT-000467,B0127,0.0,2026-07-23T14:40:04+00:00
ADS-004225,ACCT-000359,B0127,50.74,2026-07-23T14:40:04+00:00
ADS-004226,ACCT-000168,B0127,-0.86,2026-07-23T14:40:04+00:00
ADS-004227,ACCT-000039,B0127,0.0,2026-07-23T14:40:04+00:00
ADS-004228,ACCT-000108,B0127,0.0,2026-07-23T14:40:04+00:00
ADS-004229,ACCT-000144,B0127,-8.37,2026-07-23T14:40:04+00:00
ADS-004230,ACCT-000269,B0127,0.0,2026-07-23T14:40:04+00:00
ADS-004231,ACCT-000452,B0127,8.26,2026-07-23T14:40:04+00:00
ADS-004232,ACCT-000196,B0127,0.0,2026-07-23T14:40:04+00:00
ADS-004233,ACCT-000107,B0127,-65.03,2026-07-23T14:40:04+00:00
ADS-004234,ACCT-000336,B0127,21.24,2026-07-23T14:40:04+00:00
ADS-004235,ACCT-000109,B0127,0.0,2026-07-23T14:40:04+00:00
ADS-004236,ACCT-000317,B0127,-13.2,2026-07-23T14:40:04+00:00
ADS-004237,ACCT-000084,B0127,0.0,2026-07-23T14:40:04+00:00
ADS-004238,ACCT-000321,B0127,-21.26,2026-07-23T14:40:04+00:00
ADS-004239,ACCT-000201,B0127,-5.95,2026-07-23T14:40:04+00:00
ADS-004240,ACCT-000379,B0127,13.27,2026-07-23T14:40:04+00:00
ADS-004241,ACCT-000253,B0127,0.0,2026-07-23T14:40:04+00:00
ADS-004242,ACCT-000357,B0127,0.0,2026-07-23T14:40:04+00:00
ADS-004243,ACCT-000368,B0127,0.0,2026-07-23T14:40:04+00:00
ADS-004244,ACCT-000024,B0127,-33.78,2026-07-23T14:40:04+00:00
ADS-004245,ACCT-000172,B0127,0.0,2026-07-23T14:40:04+00:00
ADS-004246,ACCT-000445,B0127,1.53,2026-07-23T14:40:04+00:00
ADS-004247,ACCT-000315,B0127,34.38,2026-07-23T14:40:04+00:00
ADS-004248,ACCT-000453,B0127,5.06,2026-07-23T14:40:04+00:00
ADS-004249,ACCT-000490,B0127,-30.7,2026-07-23T14:40:04+00:00
ADS-004250,ACCT-000491,B0127,-42.02,2026-07-23T14:40:04+00:00
ADS-004251,ACCT-000419,B0128,-9.82,2026-07-23T16:21:43+00:00
ADS-004252,ACCT-000386,B0128,11.26,2026-07-23T16:21:43+00:00
ADS-004253,ACCT-000235,B0128,24.07,2026-07-23T16:21:43+00:00
ADS-004254,ACCT-000417,B0128,0.0,2026-07-23T16:21:43+00:00
ADS-004255,ACCT-000093,B0128,40.78,2026-07-23T16:21:43+00:00
ADS-004256,ACCT-000490,B0128,54.35,2026-07-23T16:21:43+00:00
ADS-004257,ACCT-000416,B0128,0.0,2026-07-23T16:21:43+00:00
ADS-004258,ACCT-000155,B0128,-0.08,2026-07-23T16:21:43+00:00
ADS-004259,ACCT-000353,B0128,21.71,2026-07-23T16:21:43+00:00
ADS-004260,ACCT-000302,B0128,-25.89,2026-07-23T16:21:43+00:00
ADS-004261,ACCT-000429,B0128,0.0,2026-07-23T16:21:43+00:00
ADS-004262,ACCT-000414,B0128,-6.87,2026-07-23T16:21:43+00:00
ADS-004263,ACCT-000334,B0128,0.0,2026-07-23T16:21:43+00:00
ADS-004264,ACCT-000060,B0128,-28.63,2026-07-23T16:21:43+00:00
ADS-004265,ACCT-000124,B0128,2.61,2026-07-23T16:21:43+00:00
ADS-004266,ACCT-000267,B0128,0.0,2026-07-23T16:21:43+00:00
ADS-004267,ACCT-000128,B0128,0.0,2026-07-23T16:21:43+00:00
ADS-004268,ACCT-000312,B0128,42.2,2026-07-23T16:21:43+00:00
ADS-004269,ACCT-000310,B0128,19.7,2026-07-23T16:21:43+00:00
ADS-004270,ACCT-000193,B0128,0.0,2026-07-23T16:21:43+00:00
ADS-004271,ACCT-000299,B0128,-4.28,2026-07-23T16:21:43+00:00
ADS-004272,ACCT-000164,B0128,0.0,2026-07-23T16:21:43+00:00
ADS-004273,ACCT-000232,B0128,-34.52,2026-07-23T16:21:43+00:00
ADS-004274,ACCT-000450,B0128,0.0,2026-07-23T16:21:43+00:00
ADS-004275,ACCT-000234,B0128,14.52,2026-07-23T16:21:43+00:00
ADS-004276,ACCT-000370,B0128,0.0,2026-07-23T16:21:43+00:00
ADS-004277,ACCT-000357,B0128,-14.2,2026-07-23T16:21:43+00:00
ADS-004278,ACCT-000129,B0128,0.0,2026-07-23T16:21:43+00:00
ADS-004279,ACCT-000189,B0128,3.06,2026-07-23T16:21:43+00:00
ADS-004280,ACCT-000324,B0128,29.51,2026-07-23T16:21:43+00:00
ADS-004281,ACCT-000001,B0128,2.85,2026-07-23T16:21:43+00:00
ADS-004282,ACCT-000372,B0128,36.89,2026-07-23T16:21:43+00:00
ADS-004283,ACCT-000209,B0128,0.0,2026-07-23T16:21:43+00:00
ADS-004284,ACCT-000390,B0128,5.23,2026-07-23T16:21:43+00:00
ADS-004285,ACCT-000492,B0128,-31.28,2026-07-23T16:21:43+00:00
ADS-004286,ACCT-000493,B0128,0.0,2026-07-23T16:21:43+00:00
ADS-004287,ACCT-000494,B0128,-20.64,2026-07-23T16:21:43+00:00
ADS-004288,ACCT-000295,B0129,39.31,2026-07-23T17:54:22+00:00
ADS-004289,ACCT-000211,B0129,10.44,2026-07-23T17:54:22+00:00
ADS-004290,ACCT-000250,B0129,19.38,2026-07-23T17:54:22+00:00
ADS-004291,ACCT-000005,B0129,0.0,2026-07-23T17:54:22+00:00
ADS-004292,ACCT-000256,B0129,26.84,2026-07-23T17:54:22+00:00
ADS-004293,ACCT-000414,B0129,0.0,2026-07-23T17:54:22+00:00
ADS-004294,ACCT-000167,B0129,3.85,2026-07-23T17:54:22+00:00
ADS-004295,ACCT-000331,B0129,-29.63,2026-07-23T17:54:22+00:00
ADS-004296,ACCT-000392,B0129,0.0,2026-07-23T17:54:22+00:00
ADS-004297,ACCT-000346,B0129,15.38,2026-07-23T17:54:22+00:00
ADS-004298,ACCT-000059,B0129,0.48,2026-07-23T17:54:22+00:00
ADS-004299,ACCT-000466,B0129,-32.18,2026-07-23T17:54:22+00:00
ADS-004300,ACCT-000190,B0129,0.0,2026-07-23T17:54:22+00:00
ADS-004301,ACCT-000143,B0129,11.94,2026-07-23T17:54:22+00:00
ADS-004302,ACCT-000251,B0129,0.0,2026-07-23T17:54:22+00:00
ADS-004303,ACCT-000433,B0129,0.0,2026-07-23T17:54:22+00:00
ADS-004304,ACCT-000321,B0129,-20.56,2026-07-23T17:54:22+00:00
ADS-004305,ACCT-000063,B0129,19.42,2026-07-23T17:54:22+00:00
ADS-004306,ACCT-000009,B0129,-38.76,2026-07-23T17:54:22+00:00
ADS-004307,ACCT-000337,B0129,-18.04,2026-07-23T17:54:22+00:00
ADS-004308,ACCT-000177,B0129,29.14,2026-07-23T17:54:22+00:00
ADS-004309,ACCT-000218,B0129,-22.95,2026-07-23T17:54:22+00:00
ADS-004310,ACCT-000162,B0129,0.0,2026-07-23T17:54:22+00:00
ADS-004311,ACCT-000189,B0129,0.0,2026-07-23T17:54:22+00:00
ADS-004312,ACCT-000166,B0129,0.0,2026-07-23T17:54:22+00:00
ADS-004313,ACCT-000209,B0129,38.19,2026-07-23T17:54:22+00:00
ADS-004314,ACCT-000416,B0129,0.99,2026-07-23T17:54:22+00:00
ADS-004315,ACCT-000309,B0129,0.0,2026-07-23T17:54:22+00:00
ADS-004316,ACCT-000495,B0129,11.85,2026-07-23T17:54:22+00:00
ADS-004317,ACCT-000496,B0129,-24.37,2026-07-23T17:54:22+00:00
ADS-004318,ACCT-000497,B0129,0.0,2026-07-23T17:54:22+00:00
ADS-004319,ACCT-000468,B0130,0.0,2026-07-23T19:02:10+00:00
ADS-004320,ACCT-000323,B0130,-37.37,2026-07-23T19:02:10+00:00
ADS-004321,ACCT-000292,B0130,0.0,2026-07-23T19:02:10+00:00
ADS-004322,ACCT-000496,B0130,-9.26,2026-07-23T19:02:10+00:00
ADS-004323,ACCT-000362,B0130,38.92,2026-07-23T19:02:10+00:00
ADS-004324,ACCT-000432,B0130,22.14,2026-07-23T19:02:10+00:00
ADS-004325,ACCT-000289,B0130,40.94,2026-07-23T19:02:10+00:00
ADS-004326,ACCT-000245,B0130,-38.23,2026-07-23T19:02:10+00:00
ADS-004327,ACCT-000235,B0130,54.35,2026-07-23T19:02:10+00:00
ADS-004328,ACCT-000242,B0130,0.0,2026-07-23T19:02:10+00:00
ADS-004329,ACCT-000039,B0130,0.0,2026-07-23T19:02:10+00:00
ADS-004330,ACCT-000166,B0130,0.0,2026-07-23T19:02:10+00:00
ADS-004331,ACCT-000437,B0130,0.0,2026-07-23T19:02:10+00:00
ADS-004332,ACCT-000471,B0130,16.56,2026-07-23T19:02:10+00:00
ADS-004333,ACCT-000113,B0130,0.0,2026-07-23T19:02:10+00:00
ADS-004334,ACCT-000115,B0130,-13.66,2026-07-23T19:02:10+00:00
ADS-004335,ACCT-000173,B0130,72.97,2026-07-23T19:02:10+00:00
ADS-004336,ACCT-000325,B0130,0.0,2026-07-23T19:02:10+00:00
ADS-004337,ACCT-000219,B0130,13.05,2026-07-23T19:02:10+00:00
ADS-004338,ACCT-000197,B0130,35.44,2026-07-23T19:02:10+00:00
ADS-004339,ACCT-000350,B0130,0.0,2026-07-23T19:02:10+00:00
ADS-004340,ACCT-000095,B0130,77.2,2026-07-23T19:02:10+00:00
ADS-004341,ACCT-000431,B0130,-75.76,2026-07-23T19:02:10+00:00
ADS-004342,ACCT-000274,B0130,31.0,2026-07-23T19:02:10+00:00
ADS-004343,ACCT-000473,B0130,57.19,2026-07-23T19:02:10+00:00
ADS-004344,ACCT-000251,B0130,18.06,2026-07-23T19:02:10+00:00
ADS-004345,ACCT-000125,B0130,57.03,2026-07-23T19:02:10+00:00
ADS-004346,ACCT-000319,B0130,25.47,2026-07-23T19:02:10+00:00
ADS-004347,ACCT-000180,B0130,0.0,2026-07-23T19:02:10+00:00
ADS-004348,ACCT-000498,B0130,-13.35,2026-07-23T19:02:10+00:00
ADS-004349,ACCT-000499,B0130,10.42,2026-07-23T19:02:10+00:00
ADS-004350,ACCT-000071,B0131,0.0,2026-07-23T20:35:00+00:00
ADS-004351,ACCT-000270,B0131,0.0,2026-07-23T20:35:00+00:00
ADS-004352,ACCT-000275,B0131,0.0,2026-07-23T20:35:00+00:00
ADS-004353,ACCT-000280,B0131,40.44,2026-07-23T20:35:00+00:00
ADS-004354,ACCT-000137,B0131,20.7,2026-07-23T20:35:00+00:00
ADS-004355,ACCT-000360,B0131,-10.09,2026-07-23T20:35:00+00:00
ADS-004356,ACCT-000257,B0131,0.0,2026-07-23T20:35:00+00:00
ADS-004357,ACCT-000100,B0131,-40.76,2026-07-23T20:35:00+00:00
ADS-004358,ACCT-000312,B0131,-13.15,2026-07-23T20:35:00+00:00
ADS-004359,ACCT-000337,B0131,1.14,2026-07-23T20:35:00+00:00
ADS-004360,ACCT-000327,B0131,-36.79,2026-07-23T20:35:00+00:00
ADS-004361,ACCT-000373,B0131,0.0,2026-07-23T20:35:00+00:00
ADS-004362,ACCT-000096,B0131,26.65,2026-07-23T20:35:00+00:00
ADS-004363,ACCT-000049,B0131,0.0,2026-07-23T20:35:00+00:00
ADS-004364,ACCT-000028,B0131,42.07,2026-07-23T20:35:00+00:00
ADS-004365,ACCT-000126,B0131,47.06,2026-07-23T20:35:00+00:00
ADS-004366,ACCT-000059,B0131,0.0,2026-07-23T20:35:00+00:00
ADS-004367,ACCT-000041,B0131,0.0,2026-07-23T20:35:00+00:00
ADS-004368,ACCT-000476,B0131,7.9,2026-07-23T20:35:00+00:00
ADS-004369,ACCT-000263,B0131,-17.45,2026-07-23T20:35:00+00:00
ADS-004370,ACCT-000348,B0131,0.0,2026-07-23T20:35:00+00:00
ADS-004371,ACCT-000068,B0131,-16.62,2026-07-23T20:35:00+00:00
ADS-004372,ACCT-000057,B0131,0.0,2026-07-23T20:35:00+00:00
ADS-004373,ACCT-000084,B0131,0.0,2026-07-23T20:35:00+00:00
ADS-004374,ACCT-000433,B0131,13.54,2026-07-23T20:35:00+00:00
ADS-004375,ACCT-000078,B0131,0.0,2026-07-23T20:35:00+00:00
ADS-004376,ACCT-000393,B0131,0.0,2026-07-23T20:35:00+00:00
ADS-004377,ACCT-000340,B0131,0.0,2026-07-23T20:35:00+00:00
ADS-004378,ACCT-000111,B0131,44.1,2026-07-23T20:35:00+00:00
ADS-004379,ACCT-000117,B0131,93.8,2026-07-23T20:35:00+00:00
ADS-004380,ACCT-000284,B0131,0.88,2026-07-23T20:35:00+00:00
ADS-004381,ACCT-000388,B0131,41.93,2026-07-23T20:35:00+00:00
ADS-004382,ACCT-000321,B0131,24.08,2026-07-23T20:35:00+00:00
ADS-004383,ACCT-000500,B0131,-60.49,2026-07-23T20:35:00+00:00
ADS-004384,ACCT-000501,B0131,40.68,2026-07-23T20:35:00+00:00
ADS-004385,ACCT-000017,B0132,0.0,2026-07-23T21:58:50+00:00
ADS-004386,ACCT-000399,B0132,-35.7,2026-07-23T21:58:50+00:00
ADS-004387,ACCT-000022,B0132,16.75,2026-07-23T21:58:50+00:00
ADS-004388,ACCT-000162,B0132,42.17,2026-07-23T21:58:50+00:00
ADS-004389,ACCT-000372,B0132,-12.1,2026-07-23T21:58:50+00:00
ADS-004390,ACCT-000211,B0132,41.23,2026-07-23T21:58:50+00:00
ADS-004391,ACCT-000033,B0132,0.0,2026-07-23T21:58:50+00:00
ADS-004392,ACCT-000438,B0132,-30.26,2026-07-23T21:58:50+00:00
ADS-004393,ACCT-000073,B0132,13.37,2026-07-23T21:58:50+00:00
ADS-004394,ACCT-000486,B0132,-31.01,2026-07-23T21:58:50+00:00
ADS-004395,ACCT-000488,B0132,0.0,2026-07-23T21:58:50+00:00
ADS-004396,ACCT-000151,B0132,14.2,2026-07-23T21:58:50+00:00
ADS-004397,ACCT-000439,B0132,0.0,2026-07-23T21:58:50+00:00
ADS-004398,ACCT-000402,B0132,-39.67,2026-07-23T21:58:50+00:00
ADS-004399,ACCT-000392,B0132,0.0,2026-07-23T21:58:50+00:00
ADS-004400,ACCT-000403,B0132,4.8,2026-07-23T21:58:50+00:00
ADS-004401,ACCT-000411,B0132,0.0,2026-07-23T21:58:50+00:00
ADS-004402,ACCT-000357,B0132,0.0,2026-07-23T21:58:50+00:00
ADS-004403,ACCT-000291,B0132,12.0,2026-07-23T21:58:50+00:00
ADS-004404,ACCT-000288,B0132,-10.54,2026-07-23T21:58:50+00:00
ADS-004405,ACCT-000299,B0132,24.67,2026-07-23T21:58:50+00:00
ADS-004406,ACCT-000247,B0132,27.09,2026-07-23T21:58:50+00:00
ADS-004407,ACCT-000322,B0132,73.61,2026-07-23T21:58:50+00:00
ADS-004408,ACCT-000112,B0132,6.27,2026-07-23T21:58:50+00:00
ADS-004409,ACCT-000164,B0132,0.0,2026-07-23T21:58:50+00:00
ADS-004410,ACCT-000343,B0132,-101.16,2026-07-23T21:58:50+00:00
ADS-004411,ACCT-000227,B0132,-41.15,2026-07-23T21:58:50+00:00
ADS-004412,ACCT-000165,B0132,24.45,2026-07-23T21:58:50+00:00
ADS-004413,ACCT-000019,B0132,0.0,2026-07-23T21:58:50+00:00
ADS-004414,ACCT-000502,B0132,0.0,2026-07-23T21:58:50+00:00
ADS-004415,ACCT-000503,B0132,-2.94,2026-07-23T21:58:50+00:00
ADS-004416,ACCT-000504,B0132,35.58,2026-07-23T21:58:50+00:00
ADS-004417,ACCT-000239,B0133,-34.22,2026-07-23T22:57:28+00:00
ADS-004418,ACCT-000342,B0133,0.0,2026-07-23T22:57:28+00:00
ADS-004419,ACCT-000382,B0133,0.0,2026-07-23T22:57:28+00:00
ADS-004420,ACCT-000355,B0133,0.0,2026-07-23T22:57:28+00:00
ADS-004421,ACCT-000380,B0133,-3.62,2026-07-23T22:57:28+00:00
ADS-004422,ACCT-000353,B0133,-15.54,2026-07-23T22:57:28+00:00
ADS-004423,ACCT-000228,B0133,-20.02,2026-07-23T22:57:28+00:00
ADS-004424,ACCT-000325,B0133,0.0,2026-07-23T22:57:28+00:00
ADS-004425,ACCT-000405,B0133,4.71,2026-07-23T22:57:28+00:00
ADS-004426,ACCT-000344,B0133,7.42,2026-07-23T22:57:28+00:00
ADS-004427,ACCT-000144,B0133,0.0,2026-07-23T22:57:28+00:00
ADS-004428,ACCT-000309,B0133,-30.28,2026-07-23T22:57:28+00:00
ADS-004429,ACCT-000293,B0133,23.57,2026-07-23T22:57:28+00:00
ADS-004430,ACCT-000481,B0133,21.78,2026-07-23T22:57:28+00:00
ADS-004431,ACCT-000047,B0133,0.0,2026-07-23T22:57:28+00:00
ADS-004432,ACCT-000005,B0133,0.0,2026-07-23T22:57:28+00:00
ADS-004433,ACCT-000086,B0133,0.0,2026-07-23T22:57:28+00:00
ADS-004434,ACCT-000424,B0133,-27.5,2026-07-23T22:57:28+00:00
ADS-004435,ACCT-000396,B0133,20.13,2026-07-23T22:57:28+00:00
ADS-004436,ACCT-000490,B0133,-24.87,2026-07-23T22:57:28+00:00
ADS-004437,ACCT-000423,B0133,-18.71,2026-07-23T22:57:28+00:00
ADS-004438,ACCT-000231,B0133,-41.75,2026-07-23T22:57:28+00:00
ADS-004439,ACCT-000070,B0133,-33.84,2026-07-23T22:57:28+00:00
ADS-004440,ACCT-000321,B0133,-0.53,2026-07-23T22:57:28+00:00
ADS-004441,ACCT-000048,B0133,0.0,2026-07-23T22:57:28+00:00
ADS-004442,ACCT-000092,B0133,-10.59,2026-07-23T22:57:28+00:00
ADS-004443,ACCT-000414,B0133,-48.42,2026-07-23T22:57:28+00:00
ADS-004444,ACCT-000223,B0133,40.23,2026-07-23T22:57:28+00:00
ADS-004445,ACCT-000165,B0133,-58.09,2026-07-23T22:57:28+00:00
ADS-004446,ACCT-000400,B0133,0.0,2026-07-23T22:57:28+00:00
ADS-004447,ACCT-000254,B0133,0.0,2026-07-23T22:57:28+00:00
ADS-004448,ACCT-000214,B0133,11.46,2026-07-23T22:57:28+00:00
ADS-004449,ACCT-000256,B0133,-48.79,2026-07-23T22:57:28+00:00
ADS-004450,ACCT-000505,B0133,39.12,2026-07-23T22:57:28+00:00
ADS-004451,ACCT-000506,B0133,0.0,2026-07-23T22:57:28+00:00
ADS-004452,ACCT-000507,B0133,-6.86,2026-07-23T22:57:28+00:00
ADS-004453,ACCT-000508,B0133,29.42,2026-07-23T22:57:28+00:00
ADS-004454,ACCT-000226,B0134,18.52,2026-07-23T23:58:01+00:00
ADS-004455,ACCT-000332,B0134,26.87,2026-07-23T23:58:01+00:00
ADS-004456,ACCT-000228,B0134,-31.47,2026-07-23T23:58:01+00:00
ADS-004457,ACCT-000342,B0134,-0.06,2026-07-23T23:58:01+00:00
ADS-004458,ACCT-000449,B0134,0.0,2026-07-23T23:58:01+00:00
ADS-004459,ACCT-000371,B0134,33.32,2026-07-23T23:58:01+00:00
ADS-004460,ACCT-000425,B0134,39.28,2026-07-23T23:58:01+00:00
ADS-004461,ACCT-000281,B0134,0.0,2026-07-23T23:58:01+00:00
ADS-004462,ACCT-000134,B0134,-26.2,2026-07-23T23:58:01+00:00
ADS-004463,ACCT-000240,B0134,0.0,2026-07-23T23:58:01+00:00
ADS-004464,ACCT-000270,B0134,-22.16,2026-07-23T23:58:01+00:00
ADS-004465,ACCT-000077,B0134,-25.9,2026-07-23T23:58:01+00:00
ADS-004466,ACCT-000508,B0134,10.33,2026-07-23T23:58:01+00:00
ADS-004467,ACCT-000492,B0134,24.86,2026-07-23T23:58:01+00:00
ADS-004468,ACCT-000473,B0134,0.0,2026-07-23T23:58:01+00:00
ADS-004469,ACCT-000411,B0134,-2.07,2026-07-23T23:58:01+00:00
ADS-004470,ACCT-000050,B0134,30.21,2026-07-23T23:58:01+00:00
ADS-004471,ACCT-000202,B0134,0.0,2026-07-23T23:58:01+00:00
ADS-004472,ACCT-000023,B0134,-2.45,2026-07-23T23:58:01+00:00
ADS-004473,ACCT-000406,B0134,0.0,2026-07-23T23:58:01+00:00
ADS-004474,ACCT-000027,B0134,0.0,2026-07-23T23:58:01+00:00
ADS-004475,ACCT-000434,B0134,-36.16,2026-07-23T23:58:01+00:00
ADS-004476,ACCT-000286,B0134,34.76,2026-07-23T23:58:01+00:00
ADS-004477,ACCT-000407,B0134,2.48,2026-07-23T23:58:01+00:00
ADS-004478,ACCT-000422,B0134,-40.37,2026-07-23T23:58:01+00:00
ADS-004479,ACCT-000355,B0134,0.0,2026-07-23T23:58:01+00:00
ADS-004480,ACCT-000353,B0134,0.0,2026-07-23T23:58:01+00:00
ADS-004481,ACCT-000303,B0134,0.0,2026-07-23T23:58:01+00:00
ADS-004482,ACCT-000483,B0134,-73.3,2026-07-23T23:58:01+00:00
ADS-004483,ACCT-000137,B0134,-11.01,2026-07-23T23:58:01+00:00
ADS-004484,ACCT-000509,B0134,0.0,2026-07-23T23:58:01+00:00
ADS-004485,ACCT-000510,B0134,0.0,2026-07-23T23:58:01+00:00
ADS-004486,ACCT-000511,B0134,-19.21,2026-07-23T23:58:01+00:00
ADS-004487,ACCT-000512,B0134,-31.29,2026-07-23T23:58:01+00:00
ADS-004488,ACCT-000303,B0135,-16.16,2026-07-24T02:31:52+00:00
ADS-004489,ACCT-000509,B0135,0.0,2026-07-24T02:31:52+00:00
ADS-004490,ACCT-000354,B0135,0.0,2026-07-24T02:31:52+00:00
ADS-004491,ACCT-000426,B0135,-34.57,2026-07-24T02:31:52+00:00
ADS-004492,ACCT-000298,B0135,0.0,2026-07-24T02:31:52+00:00
ADS-004493,ACCT-000001,B0135,0.0,2026-07-24T02:31:52+00:00
ADS-004494,ACCT-000384,B0135,0.0,2026-07-24T02:31:52+00:00
ADS-004495,ACCT-000069,B0135,-42.65,2026-07-24T02:31:52+00:00
ADS-004496,ACCT-000160,B0135,37.14,2026-07-24T02:31:52+00:00
ADS-004497,ACCT-000106,B0135,0.0,2026-07-24T02:31:52+00:00
ADS-004498,ACCT-000179,B0135,-25.8,2026-07-24T02:31:52+00:00
ADS-004499,ACCT-000408,B0135,0.0,2026-07-24T02:31:52+00:00
ADS-004500,ACCT-000407,B0135,-49.89,2026-07-24T02:31:52+00:00
ADS-004501,ACCT-000271,B0135,0.0,2026-07-24T02:31:52+00:00
ADS-004502,ACCT-000244,B0135,-56.92,2026-07-24T02:31:52+00:00
ADS-004503,ACCT-000418,B0135,-43.53,2026-07-24T02:31:52+00:00
ADS-004504,ACCT-000234,B0135,24.76,2026-07-24T02:31:52+00:00
ADS-004505,ACCT-000431,B0135,36.82,2026-07-24T02:31:52+00:00
ADS-004506,ACCT-000021,B0135,8.5,2026-07-24T02:31:52+00:00
ADS-004507,ACCT-000342,B0135,0.0,2026-07-24T02:31:52+00:00
ADS-004508,ACCT-000292,B0135,-46.13,2026-07-24T02:31:52+00:00
ADS-004509,ACCT-000424,B0135,0.0,2026-07-24T02:31:52+00:00
ADS-004510,ACCT-000371,B0135,0.0,2026-07-24T02:31:52+00:00
ADS-004511,ACCT-000291,B0135,-5.09,2026-07-24T02:31:52+00:00
ADS-004512,ACCT-000395,B0135,33.74,2026-07-24T02:31:52+00:00
ADS-004513,ACCT-000507,B0135,-12.67,2026-07-24T02:31:52+00:00
ADS-004514,ACCT-000228,B0135,23.6,2026-07-24T02:31:52+00:00
ADS-004515,ACCT-000360,B0135,-18.81,2026-07-24T02:31:52+00:00
ADS-004516,ACCT-000413,B0135,0.0,2026-07-24T02:31:52+00:00
ADS-004517,ACCT-000513,B0135,47.22,2026-07-24T02:31:52+00:00
ADS-004518,ACCT-000514,B0135,0.0,2026-07-24T02:31:52+00:00
ADS-004519,ACCT-000515,B0135,13.11,2026-07-24T02:31:52+00:00
ADS-004520,ACCT-000516,B0135,-37.53,2026-07-24T02:31:52+00:00
ADS-004521,ACCT-000362,B0136,0.0,2026-07-24T05:42:36+00:00
ADS-004522,ACCT-000514,B0136,29.87,2026-07-24T05:42:36+00:00
ADS-004523,ACCT-000064,B0136,39.27,2026-07-24T05:42:36+00:00
ADS-004524,ACCT-000268,B0136,-12.71,2026-07-24T05:42:36+00:00
ADS-004525,ACCT-000396,B0136,25.01,2026-07-24T05:42:36+00:00
ADS-004526,ACCT-000427,B0136,-89.76,2026-07-24T05:42:36+00:00
ADS-004527,ACCT-000136,B0136,-62.91,2026-07-24T05:42:36+00:00
ADS-004528,ACCT-000325,B0136,6.66,2026-07-24T05:42:36+00:00
ADS-004529,ACCT-000072,B0136,0.0,2026-07-24T05:42:36+00:00
ADS-004530,ACCT-000211,B0136,18.48,2026-07-24T05:42:36+00:00
ADS-004531,ACCT-000475,B0136,0.0,2026-07-24T05:42:36+00:00
ADS-004532,ACCT-000055,B0136,68.32,2026-07-24T05:42:36+00:00
ADS-004533,ACCT-000048,B0136,19.94,2026-07-24T05:42:36+00:00
ADS-004534,ACCT-000385,B0136,-48.99,2026-07-24T05:42:36+00:00
ADS-004535,ACCT-000052,B0136,-64.27,2026-07-24T05:42:36+00:00
ADS-004536,ACCT-000260,B0136,0.0,2026-07-24T05:42:36+00:00
ADS-004537,ACCT-000257,B0136,0.0,2026-07-24T05:42:36+00:00
ADS-004538,ACCT-000197,B0136,-19.93,2026-07-24T05:42:36+00:00
ADS-004539,ACCT-000513,B0136,2.64,2026-07-24T05:42:36+00:00
ADS-004540,ACCT-000419,B0136,16.9,2026-07-24T05:42:36+00:00
ADS-004541,ACCT-000001,B0136,-7.29,2026-07-24T05:42:36+00:00
ADS-004542,ACCT-000035,B0136,0.0,2026-07-24T05:42:36+00:00
ADS-004543,ACCT-000112,B0136,0.0,2026-07-24T05:42:36+00:00
ADS-004544,ACCT-000150,B0136,0.0,2026-07-24T05:42:36+00:00
ADS-004545,ACCT-000301,B0136,9.62,2026-07-24T05:42:36+00:00
ADS-004546,ACCT-000111,B0136,12.15,2026-07-24T05:42:36+00:00
ADS-004547,ACCT-000517,B0136,17.43,2026-07-24T05:42:36+00:00
ADS-004548,ACCT-000518,B0136,0.0,2026-07-24T05:42:36+00:00
ADS-004549,ACCT-000519,B0136,0.0,2026-07-24T05:42:36+00:00
ADS-004550,ACCT-000520,B0136,23.03,2026-07-24T05:42:36+00:00
ADS-004551,ACCT-000051,B0137,10.94,2026-07-24T08:11:04+00:00
ADS-004552,ACCT-000451,B0137,24.78,2026-07-24T08:11:04+00:00
ADS-004553,ACCT-000387,B0137,0.0,2026-07-24T08:11:04+00:00
ADS-004554,ACCT-000491,B0137,36.14,2026-07-24T08:11:04+00:00
ADS-004555,ACCT-000132,B0137,18.85,2026-07-24T08:11:04+00:00
ADS-004556,ACCT-000155,B0137,-9.0,2026-07-24T08:11:04+00:00
ADS-004557,ACCT-000418,B0137,-48.38,2026-07-24T08:11:04+00:00
ADS-004558,ACCT-000444,B0137,-6.79,2026-07-24T08:11:04+00:00
ADS-004559,ACCT-000254,B0137,-7.65,2026-07-24T08:11:04+00:00
ADS-004560,ACCT-000057,B0137,-6.76,2026-07-24T08:11:04+00:00
ADS-004561,ACCT-000163,B0137,11.94,2026-07-24T08:11:04+00:00
ADS-004562,ACCT-000234,B0137,-55.03,2026-07-24T08:11:04+00:00
ADS-004563,ACCT-000473,B0137,-44.52,2026-07-24T08:11:04+00:00
ADS-004564,ACCT-000107,B0137,0.0,2026-07-24T08:11:04+00:00
ADS-004565,ACCT-000078,B0137,0.0,2026-07-24T08:11:04+00:00
ADS-004566,ACCT-000439,B0137,1.43,2026-07-24T08:11:04+00:00
ADS-004567,ACCT-000191,B0137,-46.39,2026-07-24T08:11:04+00:00
ADS-004568,ACCT-000343,B0137,0.0,2026-07-24T08:11:04+00:00
ADS-004569,ACCT-000076,B0137,-45.97,2026-07-24T08:11:04+00:00
ADS-004570,ACCT-000232,B0137,-39.93,2026-07-24T08:11:04+00:00
ADS-004571,ACCT-000008,B0137,-13.68,2026-07-24T08:11:04+00:00
ADS-004572,ACCT-000177,B0137,0.0,2026-07-24T08:11:04+00:00
ADS-004573,ACCT-000055,B0137,5.69,2026-07-24T08:11:04+00:00
ADS-004574,ACCT-000292,B0137,51.57,2026-07-24T08:11:04+00:00
ADS-004575,ACCT-000352,B0137,11.2,2026-07-24T08:11:04+00:00
ADS-004576,ACCT-000410,B0137,25.21,2026-07-24T08:11:04+00:00
ADS-004577,ACCT-000001,B0137,-2.49,2026-07-24T08:11:04+00:00
ADS-004578,ACCT-000156,B0137,-35.37,2026-07-24T08:11:04+00:00
ADS-004579,ACCT-000298,B0137,0.0,2026-07-24T08:11:04+00:00
ADS-004580,ACCT-000036,B0137,10.39,2026-07-24T08:11:04+00:00
ADS-004581,ACCT-000241,B0137,0.0,2026-07-24T08:11:04+00:00
ADS-004582,ACCT-000230,B0137,-29.1,2026-07-24T08:11:04+00:00
ADS-004583,ACCT-000521,B0137,-3.11,2026-07-24T08:11:04+00:00
ADS-004584,ACCT-000522,B0137,0.0,2026-07-24T08:11:04+00:00
ADS-004585,ACCT-000471,B0138,22.89,2026-07-24T10:32:12+00:00
ADS-004586,ACCT-000171,B0138,-4.9,2026-07-24T10:32:12+00:00
ADS-004587,ACCT-000345,B0138,36.9,2026-07-24T10:32:12+00:00
ADS-004588,ACCT-000055,B0138,33.67,2026-07-24T10:32:12+00:00
ADS-004589,ACCT-000456,B0138,20.83,2026-07-24T10:32:12+00:00
ADS-004590,ACCT-000135,B0138,19.09,2026-07-24T10:32:12+00:00
ADS-004591,ACCT-000441,B0138,-41.76,2026-07-24T10:32:12+00:00
ADS-004592,ACCT-000472,B0138,4.66,2026-07-24T10:32:12+00:00
ADS-004593,ACCT-000367,B0138,-31.36,2026-07-24T10:32:12+00:00
ADS-004594,ACCT-000008,B0138,32.65,2026-07-24T10:32:12+00:00
ADS-004595,ACCT-000322,B0138,0.0,2026-07-24T10:32:12+00:00
ADS-004596,ACCT-000098,B0138,-5.79,2026-07-24T10:32:12+00:00
ADS-004597,ACCT-000218,B0138,2.74,2026-07-24T10:32:12+00:00
ADS-004598,ACCT-000137,B0138,4.9,2026-07-24T10:32:12+00:00
ADS-004599,ACCT-000460,B0138,39.51,2026-07-24T10:32:12+00:00
ADS-004600,ACCT-000316,B0138,-36.98,2026-07-24T10:32:12+00:00
ADS-004601,ACCT-000202,B0138,-47.75,2026-07-24T10:32:12+00:00
ADS-004602,ACCT-000522,B0138,20.65,2026-07-24T10:32:12+00:00
ADS-004603,ACCT-000252,B0138,36.2,2026-07-24T10:32:12+00:00
ADS-004604,ACCT-000225,B0138,0.0,2026-07-24T10:32:12+00:00
ADS-004605,ACCT-000504,B0138,69.01,2026-07-24T10:32:12+00:00
ADS-004606,ACCT-000315,B0138,0.0,2026-07-24T10:32:12+00:00
ADS-004607,ACCT-000493,B0138,0.0,2026-07-24T10:32:12+00:00
ADS-004608,ACCT-000301,B0138,46.59,2026-07-24T10:32:12+00:00
ADS-004609,ACCT-000190,B0138,-20.15,2026-07-24T10:32:12+00:00
ADS-004610,ACCT-000509,B0138,-41.57,2026-07-24T10:32:12+00:00
ADS-004611,ACCT-000464,B0138,0.0,2026-07-24T10:32:12+00:00
ADS-004612,ACCT-000233,B0138,-47.44,2026-07-24T10:32:12+00:00
ADS-004613,ACCT-000006,B0138,42.77,2026-07-24T10:32:12+00:00
ADS-004614,ACCT-000186,B0138,-45.67,2026-07-24T10:32:12+00:00
ADS-004615,ACCT-000392,B0138,23.47,2026-07-24T10:32:12+00:00
ADS-004616,ACCT-000100,B0138,21.86,2026-07-24T10:32:12+00:00
ADS-004617,ACCT-000224,B0138,6.17,2026-07-24T10:32:12+00:00
ADS-004618,ACCT-000371,B0138,25.78,2026-07-24T10:32:12+00:00
ADS-004619,ACCT-000149,B0138,-49.53,2026-07-24T10:32:12+00:00
ADS-004620,ACCT-000523,B0138,4.08,2026-07-24T10:32:12+00:00
ADS-004621,ACCT-000524,B0138,-43.31,2026-07-24T10:32:12+00:00
ADS-004622,ACCT-000525,B0138,3.02,2026-07-24T10:32:12+00:00
ADS-004623,ACCT-000526,B0138,-68.37,2026-07-24T10:32:12+00:00
ADS-004624,ACCT-000160,B0139,0.0,2026-07-24T12:14:28+00:00
ADS-004625,ACCT-000159,B0139,-9.5,2026-07-24T12:14:28+00:00
ADS-004626,ACCT-000134,B0139,0.0,2026-07-24T12:14:28+00:00
ADS-004627,ACCT-000303,B0139,79.66,2026-07-24T12:14:28+00:00
ADS-004628,ACCT-000056,B0139,-8.4,2026-07-24T12:14:28+00:00
ADS-004629,ACCT-000511,B0139,0.0,2026-07-24T12:14:28+00:00
ADS-004630,ACCT-000217,B0139,22.19,2026-07-24T12:14:28+00:00
ADS-004631,ACCT-000406,B0139,-0.23,2026-07-24T12:14:28+00:00
ADS-004632,ACCT-000223,B0139,0.0,2026-07-24T12:14:28+00:00
ADS-004633,ACCT-000357,B0139,-10.22,2026-07-24T12:14:28+00:00
ADS-004634,ACCT-000169,B0139,0.0,2026-07-24T12:14:28+00:00
ADS-004635,ACCT-000206,B0139,0.0,2026-07-24T12:14:28+00:00
ADS-004636,ACCT-000395,B0139,-2.56,2026-07-24T12:14:28+00:00
ADS-004637,ACCT-000433,B0139,0.0,2026-07-24T12:14:28+00:00
ADS-004638,ACCT-000404,B0139,26.29,2026-07-24T12:14:28+00:00
ADS-004639,ACCT-000423,B0139,17.7,2026-07-24T12:14:28+00:00
ADS-004640,ACCT-000102,B0139,0.0,2026-07-24T12:14:28+00:00
ADS-004641,ACCT-000100,B0139,53.77,2026-07-24T12:14:28+00:00
ADS-004642,ACCT-000372,B0139,76.97,2026-07-24T12:14:28+00:00
ADS-004643,ACCT-000119,B0139,-21.55,2026-07-24T12:14:28+00:00
ADS-004644,ACCT-000023,B0139,0.0,2026-07-24T12:14:28+00:00
ADS-004645,ACCT-000410,B0139,35.5,2026-07-24T12:14:28+00:00
ADS-004646,ACCT-000413,B0139,-20.47,2026-07-24T12:14:28+00:00
ADS-004647,ACCT-000344,B0139,-18.86,2026-07-24T12:14:28+00:00
ADS-004648,ACCT-000480,B0139,52.14,2026-07-24T12:14:28+00:00
ADS-004649,ACCT-000450,B0139,2.34,2026-07-24T12:14:28+00:00
ADS-004650,ACCT-000058,B0139,49.27,2026-07-24T12:14:28+00:00
ADS-004651,ACCT-000059,B0139,0.0,2026-07-24T12:14:28+00:00
ADS-004652,ACCT-000467,B0139,7.57,2026-07-24T12:14:28+00:00
ADS-004653,ACCT-000035,B0139,-5.78,2026-07-24T12:14:28+00:00
ADS-004654,ACCT-000224,B0139,-1.96,2026-07-24T12:14:28+00:00
ADS-004655,ACCT-000104,B0139,0.0,2026-07-24T12:14:28+00:00
ADS-004656,ACCT-000133,B0139,-0.05,2026-07-24T12:14:28+00:00
ADS-004657,ACCT-000527,B0139,10.93,2026-07-24T12:14:28+00:00
ADS-004658,ACCT-000528,B0139,67.35,2026-07-24T12:14:28+00:00
ADS-004659,ACCT-000529,B0139,0.0,2026-07-24T12:14:28+00:00
ADS-004660,ACCT-000530,B0139,54.31,2026-07-24T12:14:28+00:00
ADS-004661,ACCT-000128,B0140,-35.35,2026-07-24T14:19:23+00:00
ADS-004662,ACCT-000119,B0140,0.0,2026-07-24T14:19:23+00:00
ADS-004663,ACCT-000022,B0140,44.6,2026-07-24T14:19:23+00:00
ADS-004664,ACCT-000505,B0140,0.0,2026-07-24T14:19:23+00:00
ADS-004665,ACCT-000314,B0140,12.59,2026-07-24T14:19:23+00:00
ADS-004666,ACCT-000238,B0140,2.88,2026-07-24T14:19:23+00:00
ADS-004667,ACCT-000402,B0140,0.0,2026-07-24T14:19:23+00:00
ADS-004668,ACCT-000221,B0140,-12.38,2026-07-24T14:19:23+00:00
ADS-004669,ACCT-000170,B0140,37.32,2026-07-24T14:19:23+00:00
ADS-004670,ACCT-000275,B0140,0.0,2026-07-24T14:19:23+00:00
ADS-004671,ACCT-000133,B0140,39.33,2026-07-24T14:19:23+00:00
ADS-004672,ACCT-000214,B0140,59.09,2026-07-24T14:19:23+00:00
ADS-004673,ACCT-000283,B0140,0.0,2026-07-24T14:19:23+00:00
ADS-004674,ACCT-000044,B0140,0.0,2026-07-24T14:19:23+00:00
ADS-004675,ACCT-000529,B0140,0.0,2026-07-24T14:19:23+00:00
ADS-004676,ACCT-000419,B0140,32.12,2026-07-24T14:19:23+00:00
ADS-004677,ACCT-000447,B0140,-31.14,2026-07-24T14:19:23+00:00
ADS-004678,ACCT-000448,B0140,35.96,2026-07-24T14:19:23+00:00
ADS-004679,ACCT-000311,B0140,-38.53,2026-07-24T14:19:23+00:00
ADS-004680,ACCT-000200,B0140,-35.21,2026-07-24T14:19:23+00:00
ADS-004681,ACCT-000471,B0140,-12.03,2026-07-24T14:19:23+00:00
ADS-004682,ACCT-000181,B0140,-28.29,2026-07-24T14:19:23+00:00
ADS-004683,ACCT-000235,B0140,29.4,2026-07-24T14:19:23+00:00
ADS-004684,ACCT-000118,B0140,0.0,2026-07-24T14:19:23+00:00
ADS-004685,ACCT-000436,B0140,19.6,2026-07-24T14:19:23+00:00
ADS-004686,ACCT-000288,B0140,0.0,2026-07-24T14:19:23+00:00
ADS-004687,ACCT-000233,B0140,22.85,2026-07-24T14:19:23+00:00
ADS-004688,ACCT-000464,B0140,20.58,2026-07-24T14:19:23+00:00
ADS-004689,ACCT-000357,B0140,0.0,2026-07-24T14:19:23+00:00
ADS-004690,ACCT-000261,B0140,0.0,2026-07-24T14:19:23+00:00
ADS-004691,ACCT-000463,B0140,14.55,2026-07-24T14:19:23+00:00
ADS-004692,ACCT-000531,B0140,65.78,2026-07-24T14:19:23+00:00
ADS-004693,ACCT-000532,B0140,-23.68,2026-07-24T14:19:23+00:00
ADS-004694,ACCT-000533,B0140,-46.79,2026-07-24T14:19:23+00:00
ADS-004695,ACCT-000534,B0140,0.0,2026-07-24T14:19:23+00:00
ADS-004696,ACCT-000391,B0141,45.84,2026-07-24T15:52:26+00:00
ADS-004697,ACCT-000305,B0141,0.0,2026-07-24T15:52:26+00:00
ADS-004698,ACCT-000452,B0141,-5.54,2026-07-24T15:52:26+00:00
ADS-004699,ACCT-000512,B0141,0.0,2026-07-24T15:52:26+00:00
ADS-004700,ACCT-000157,B0141,-37.4,2026-07-24T15:52:26+00:00
ADS-004701,ACCT-000341,B0141,1.88,2026-07-24T15:52:26+00:00
ADS-004702,ACCT-000492,B0141,32.99,2026-07-24T15:52:26+00:00
ADS-004703,ACCT-000373,B0141,24.19,2026-07-24T15:52:26+00:00
ADS-004704,ACCT-000196,B0141,37.43,2026-07-24T15:52:26+00:00
ADS-004705,ACCT-000471,B0141,24.69,2026-07-24T15:52:26+00:00
ADS-004706,ACCT-000491,B0141,0.0,2026-07-24T15:52:26+00:00
ADS-004707,ACCT-000091,B0141,0.0,2026-07-24T15:52:26+00:00
ADS-004708,ACCT-000527,B0141,17.21,2026-07-24T15:52:26+00:00
ADS-004709,ACCT-000167,B0141,-10.85,2026-07-24T15:52:26+00:00
ADS-004710,ACCT-000018,B0141,0.0,2026-07-24T15:52:26+00:00
ADS-004711,ACCT-000075,B0141,23.26,2026-07-24T15:52:26+00:00
ADS-004712,ACCT-000019,B0141,3.12,2026-07-24T15:52:26+00:00
ADS-004713,ACCT-000307,B0141,34.21,2026-07-24T15:52:26+00:00
ADS-004714,ACCT-000192,B0141,0.0,2026-07-24T15:52:26+00:00
ADS-004715,ACCT-000468,B0141,11.59,2026-07-24T15:52:26+00:00
ADS-004716,ACCT-000533,B0141,-7.33,2026-07-24T15:52:26+00:00
ADS-004717,ACCT-000206,B0141,-9.97,2026-07-24T15:52:26+00:00
ADS-004718,ACCT-000461,B0141,0.0,2026-07-24T15:52:26+00:00
ADS-004719,ACCT-000028,B0141,-48.9,2026-07-24T15:52:26+00:00
ADS-004720,ACCT-000123,B0141,2.51,2026-07-24T15:52:26+00:00
ADS-004721,ACCT-000338,B0141,-6.36,2026-07-24T15:52:26+00:00
ADS-004722,ACCT-000078,B0141,36.69,2026-07-24T15:52:26+00:00
ADS-004723,ACCT-000322,B0141,45.49,2026-07-24T15:52:26+00:00
ADS-004724,ACCT-000535,B0141,-52.49,2026-07-24T15:52:26+00:00
ADS-004725,ACCT-000536,B0141,0.0,2026-07-24T15:52:26+00:00
ADS-004726,ACCT-000537,B0141,4.77,2026-07-24T15:52:26+00:00
ADS-004727,ACCT-000538,B0141,-38.3,2026-07-24T15:52:26+00:00
ADS-004728,ACCT-000297,B0142,63.77,2026-07-24T17:22:13+00:00
ADS-004729,ACCT-000396,B0142,-33.27,2026-07-24T17:22:13+00:00
ADS-004730,ACCT-000449,B0142,0.0,2026-07-24T17:22:13+00:00
ADS-004731,ACCT-000225,B0142,-46.04,2026-07-24T17:22:13+00:00
ADS-004732,ACCT-000455,B0142,-44.93,2026-07-24T17:22:13+00:00
ADS-004733,ACCT-000185,B0142,0.0,2026-07-24T17:22:13+00:00
ADS-004734,ACCT-000340,B0142,32.41,2026-07-24T17:22:13+00:00
ADS-004735,ACCT-000175,B0142,45.42,2026-07-24T17:22:13+00:00
ADS-004736,ACCT-000215,B0142,25.8,2026-07-24T17:22:13+00:00
ADS-004737,ACCT-000398,B0142,35.47,2026-07-24T17:22:13+00:00
ADS-004738,ACCT-000058,B0142,-15.93,2026-07-24T17:22:13+00:00
ADS-004739,ACCT-000035,B0142,-5.05,2026-07-24T17:22:13+00:00
ADS-004740,ACCT-000442,B0142,42.7,2026-07-24T17:22:13+00:00
ADS-004741,ACCT-000502,B0142,24.49,2026-07-24T17:22:13+00:00
ADS-004742,ACCT-000217,B0142,-20.99,2026-07-24T17:22:13+00:00
ADS-004743,ACCT-000508,B0142,32.57,2026-07-24T17:22:13+00:00
ADS-004744,ACCT-000028,B0142,40.66,2026-07-24T17:22:13+00:00
ADS-004745,ACCT-000243,B0142,0.0,2026-07-24T17:22:13+00:00
ADS-004746,ACCT-000308,B0142,21.23,2026-07-24T17:22:13+00:00
ADS-004747,ACCT-000337,B0142,0.56,2026-07-24T17:22:13+00:00
ADS-004748,ACCT-000431,B0142,-41.9,2026-07-24T17:22:13+00:00
ADS-004749,ACCT-000096,B0142,12.66,2026-07-24T17:22:13+00:00
ADS-004750,ACCT-000080,B0142,0.0,2026-07-24T17:22:13+00:00
ADS-004751,ACCT-000146,B0142,-10.15,2026-07-24T17:22:13+00:00
ADS-004752,ACCT-000023,B0142,6.5,2026-07-24T17:22:13+00:00
ADS-004753,ACCT-000539,B0142,21.62,2026-07-24T17:22:13+00:00
ADS-004754,ACCT-000540,B0142,19.65,2026-07-24T17:22:13+00:00
ADS-004755,ACCT-000522,B0143,0.0,2026-07-24T18:54:21+00:00
ADS-004756,ACCT-000521,B0143,0.85,2026-07-24T18:54:21+00:00
ADS-004757,ACCT-000329,B0143,30.9,2026-07-24T18:54:21+00:00
ADS-004758,ACCT-000145,B0143,28.24,2026-07-24T18:54:21+00:00
ADS-004759,ACCT-000028,B0143,0.0,2026-07-24T18:54:21+00:00
ADS-004760,ACCT-000017,B0143,-26.38,2026-07-24T18:54:21+00:00
ADS-004761,ACCT-000432,B0143,-43.9,2026-07-24T18:54:21+00:00
ADS-004762,ACCT-000277,B0143,59.05,2026-07-24T18:54:21+00:00
ADS-004763,ACCT-000451,B0143,-14.51,2026-07-24T18:54:21+00:00
ADS-004764,ACCT-000184,B0143,55.29,2026-07-24T18:54:21+00:00
ADS-004765,ACCT-000359,B0143,24.93,2026-07-24T18:54:21+00:00
ADS-004766,ACCT-000015,B0143,1.16,2026-07-24T18:54:21+00:00
ADS-004767,ACCT-000353,B0143,0.09,2026-07-24T18:54:21+00:00
ADS-004768,ACCT-000331,B0143,0.0,2026-07-24T18:54:21+00:00
ADS-004769,ACCT-000350,B0143,-1.5,2026-07-24T18:54:21+00:00
ADS-004770,ACCT-000518,B0143,0.0,2026-07-24T18:54:21+00:00
ADS-004771,ACCT-000455,B0143,26.47,2026-07-24T18:54:21+00:00
ADS-004772,ACCT-000249,B0143,21.45,2026-07-24T18:54:21+00:00
ADS-004773,ACCT-000114,B0143,-17.35,2026-07-24T18:54:21+00:00
ADS-004774,ACCT-000226,B0143,-26.28,2026-07-24T18:54:21+00:00
ADS-004775,ACCT-000012,B0143,-13.68,2026-07-24T18:54:21+00:00
ADS-004776,ACCT-000155,B0143,0.0,2026-07-24T18:54:21+00:00
ADS-004777,ACCT-000442,B0143,-48.86,2026-07-24T18:54:21+00:00
ADS-004778,ACCT-000219,B0143,-55.65,2026-07-24T18:54:21+00:00
ADS-004779,ACCT-000410,B0143,13.44,2026-07-24T18:54:21+00:00
ADS-004780,ACCT-000074,B0143,31.85,2026-07-24T18:54:21+00:00
ADS-004781,ACCT-000541,B0143,-51.89,2026-07-24T18:54:21+00:00
ADS-004782,ACCT-000542,B0143,48.69,2026-07-24T18:54:21+00:00
ADS-004783,ACCT-000543,B0143,-42.45,2026-07-24T18:54:21+00:00
ADS-004784,ACCT-000392,B0144,14.64,2026-07-24T20:12:52+00:00
ADS-004785,ACCT-000187,B0144,8.66,2026-07-24T20:12:52+00:00
ADS-004786,ACCT-000303,B0144,-0.42,2026-07-24T20:12:52+00:00
ADS-004787,ACCT-000260,B0144,22.83,2026-07-24T20:12:52+00:00
ADS-004788,ACCT-000083,B0144,44.75,2026-07-24T20:12:52+00:00
ADS-004789,ACCT-000185,B0144,21.99,2026-07-24T20:12:52+00:00
ADS-004790,ACCT-000298,B0144,2.37,2026-07-24T20:12:52+00:00
ADS-004791,ACCT-000204,B0144,-18.25,2026-07-24T20:12:52+00:00
ADS-004792,ACCT-000398,B0144,-47.92,2026-07-24T20:12:52+00:00
ADS-004793,ACCT-000026,B0144,22.45,2026-07-24T20:12:52+00:00
ADS-004794,ACCT-000262,B0144,0.0,2026-07-24T20:12:52+00:00
ADS-004795,ACCT-000173,B0144,0.0,2026-07-24T20:12:52+00:00
ADS-004796,ACCT-000417,B0144,-18.68,2026-07-24T20:12:52+00:00
ADS-004797,ACCT-000071,B0144,89.38,2026-07-24T20:12:52+00:00
ADS-004798,ACCT-000241,B0144,0.0,2026-07-24T20:12:52+00:00
ADS-004799,ACCT-000345,B0144,-27.58,2026-07-24T20:12:52+00:00
ADS-004800,ACCT-000086,B0144,-5.04,2026-07-24T20:12:52+00:00
ADS-004801,ACCT-000093,B0144,43.4,2026-07-24T20:12:52+00:00
ADS-004802,ACCT-000355,B0144,0.0,2026-07-24T20:12:52+00:00
ADS-004803,ACCT-000182,B0144,-20.86,2026-07-24T20:12:52+00:00
ADS-004804,ACCT-000376,B0144,0.0,2026-07-24T20:12:52+00:00
ADS-004805,ACCT-000024,B0144,0.0,2026-07-24T20:12:52+00:00
ADS-004806,ACCT-000343,B0144,-20.29,2026-07-24T20:12:52+00:00
ADS-004807,ACCT-000023,B0144,2.82,2026-07-24T20:12:52+00:00
ADS-004808,ACCT-000532,B0144,-84.94,2026-07-24T20:12:52+00:00
ADS-004809,ACCT-000104,B0144,23.41,2026-07-24T20:12:52+00:00
ADS-004810,ACCT-000164,B0144,-70.96,2026-07-24T20:12:52+00:00
ADS-004811,ACCT-000544,B0144,-43.41,2026-07-24T20:12:52+00:00
ADS-004812,ACCT-000545,B0144,58.37,2026-07-24T20:12:52+00:00
ADS-004813,ACCT-000546,B0144,0.0,2026-07-24T20:12:52+00:00
ADS-004814,ACCT-000547,B0144,35.49,2026-07-24T20:12:52+00:00
ADS-004815,ACCT-000382,B0145,0.0,2026-07-24T21:34:35+00:00
ADS-004816,ACCT-000461,B0145,0.0,2026-07-24T21:34:35+00:00
ADS-004817,ACCT-000334,B0145,83.9,2026-07-24T21:34:35+00:00
ADS-004818,ACCT-000158,B0145,38.16,2026-07-24T21:34:35+00:00
ADS-004819,ACCT-000500,B0145,-38.53,2026-07-24T21:34:35+00:00
ADS-004820,ACCT-000499,B0145,0.0,2026-07-24T21:34:35+00:00
ADS-004821,ACCT-000485,B0145,-25.03,2026-07-24T21:34:35+00:00
ADS-004822,ACCT-000361,B0145,38.73,2026-07-24T21:34:35+00:00
ADS-004823,ACCT-000013,B0145,40.21,2026-07-24T21:34:35+00:00
ADS-004824,ACCT-000178,B0145,-47.27,2026-07-24T21:34:35+00:00
ADS-004825,ACCT-000484,B0145,0.0,2026-07-24T21:34:35+00:00
ADS-004826,ACCT-000511,B0145,-41.0,2026-07-24T21:34:35+00:00
ADS-004827,ACCT-000207,B0145,64.7,2026-07-24T21:34:35+00:00
ADS-004828,ACCT-000373,B0145,0.0,2026-07-24T21:34:35+00:00
ADS-004829,ACCT-000099,B0145,-11.52,2026-07-24T21:34:35+00:00
ADS-004830,ACCT-000295,B0145,-15.8,2026-07-24T21:34:35+00:00
ADS-004831,ACCT-000064,B0145,43.13,2026-07-24T21:34:35+00:00
ADS-004832,ACCT-000314,B0145,-30.52,2026-07-24T21:34:35+00:00
ADS-004833,ACCT-000102,B0145,-23.88,2026-07-24T21:34:35+00:00
ADS-004834,ACCT-000399,B0145,0.0,2026-07-24T21:34:35+00:00
ADS-004835,ACCT-000449,B0145,-24.46,2026-07-24T21:34:35+00:00
ADS-004836,ACCT-000090,B0145,-28.11,2026-07-24T21:34:35+00:00
ADS-004837,ACCT-000472,B0145,0.61,2026-07-24T21:34:35+00:00
ADS-004838,ACCT-000268,B0145,0.0,2026-07-24T21:34:35+00:00
ADS-004839,ACCT-000151,B0145,-17.08,2026-07-24T21:34:35+00:00
ADS-004840,ACCT-000296,B0145,0.0,2026-07-24T21:34:35+00:00
ADS-004841,ACCT-000014,B0145,28.04,2026-07-24T21:34:35+00:00
ADS-004842,ACCT-000197,B0145,-5.66,2026-07-24T21:34:35+00:00
ADS-004843,ACCT-000447,B0145,-17.81,2026-07-24T21:34:35+00:00
ADS-004844,ACCT-000523,B0145,32.21,2026-07-24T21:34:35+00:00
ADS-004845,ACCT-000059,B0145,0.0,2026-07-24T21:34:35+00:00
ADS-004846,ACCT-000496,B0145,-44.12,2026-07-24T21:34:35+00:00
ADS-004847,ACCT-000384,B0145,-34.02,2026-07-24T21:34:35+00:00
ADS-004848,ACCT-000453,B0145,-45.03,2026-07-24T21:34:35+00:00
ADS-004849,ACCT-000548,B0145,-22.62,2026-07-24T21:34:35+00:00
ADS-004850,ACCT-000549,B0145,-49.48,2026-07-24T21:34:35+00:00
ADS-004851,ACCT-000550,B0145,0.0,2026-07-24T21:34:35+00:00
ADS-004852,ACCT-000167,B0146,0.0,2026-07-24T22:55:06+00:00
ADS-004853,ACCT-000303,B0146,65.48,2026-07-24T22:55:06+00:00
ADS-004854,ACCT-000012,B0146,60.58,2026-07-24T22:55:06+00:00
ADS-004855,ACCT-000543,B0146,0.0,2026-07-24T22:55:06+00:00
ADS-004856,ACCT-000207,B0146,-15.23,2026-07-24T22:55:06+00:00
ADS-004857,ACCT-000283,B0146,-38.27,2026-07-24T22:55:06+00:00
ADS-004858,ACCT-000318,B0146,72.5,2026-07-24T22:55:06+00:00
ADS-004859,ACCT-000117,B0146,36.94,2026-07-24T22:55:06+00:00
ADS-004860,ACCT-000502,B0146,-6.58,2026-07-24T22:55:06+00:00
ADS-004861,ACCT-000124,B0146,-24.78,2026-07-24T22:55:06+00:00
ADS-004862,ACCT-000327,B0146,9.5,2026-07-24T22:55:06+00:00
ADS-004863,ACCT-000104,B0146,0.0,2026-07-24T22:55:06+00:00
ADS-004864,ACCT-000308,B0146,0.0,2026-07-24T22:55:06+00:00
ADS-004865,ACCT-000077,B0146,-71.72,2026-07-24T22:55:06+00:00
ADS-004866,ACCT-000549,B0146,32.6,2026-07-24T22:55:06+00:00
ADS-004867,ACCT-000359,B0146,43.75,2026-07-24T22:55:06+00:00
ADS-004868,ACCT-000278,B0146,-66.79,2026-07-24T22:55:06+00:00
ADS-004869,ACCT-000130,B0146,-33.27,2026-07-24T22:55:06+00:00
ADS-004870,ACCT-000202,B0146,0.0,2026-07-24T22:55:06+00:00
ADS-004871,ACCT-000050,B0146,-29.66,2026-07-24T22:55:06+00:00
ADS-004872,ACCT-000274,B0146,-17.01,2026-07-24T22:55:06+00:00
ADS-004873,ACCT-000119,B0146,0.0,2026-07-24T22:55:06+00:00
ADS-004874,ACCT-000192,B0146,0.0,2026-07-24T22:55:06+00:00
ADS-004875,ACCT-000538,B0146,-1.7,2026-07-24T22:55:06+00:00
ADS-004876,ACCT-000195,B0146,-28.8,2026-07-24T22:55:06+00:00
ADS-004877,ACCT-000299,B0146,0.0,2026-07-24T22:55:06+00:00
ADS-004878,ACCT-000375,B0146,-76.74,2026-07-24T22:55:06+00:00
ADS-004879,ACCT-000511,B0146,-20.58,2026-07-24T22:55:06+00:00
ADS-004880,ACCT-000519,B0146,-7.48,2026-07-24T22:55:06+00:00
ADS-004881,ACCT-000248,B0146,-2.68,2026-07-24T22:55:06+00:00
ADS-004882,ACCT-000455,B0146,9.28,2026-07-24T22:55:06+00:00
ADS-004883,ACCT-000411,B0146,8.26,2026-07-24T22:55:06+00:00
ADS-004884,ACCT-000113,B0146,10.37,2026-07-24T22:55:06+00:00
ADS-004885,ACCT-000384,B0146,10.28,2026-07-24T22:55:06+00:00
ADS-004886,ACCT-000551,B0146,16.0,2026-07-24T22:55:06+00:00
ADS-004887,ACCT-000552,B0146,46.32,2026-07-24T22:55:06+00:00
ADS-004888,ACCT-000209,B0147,-13.72,2026-07-24T23:57:31+00:00
ADS-004889,ACCT-000246,B0147,-51.02,2026-07-24T23:57:31+00:00
ADS-004890,ACCT-000444,B0147,0.0,2026-07-24T23:57:31+00:00
ADS-004891,ACCT-000299,B0147,38.67,2026-07-24T23:57:31+00:00
ADS-004892,ACCT-000398,B0147,0.0,2026-07-24T23:57:31+00:00
ADS-004893,ACCT-000448,B0147,0.0,2026-07-24T23:57:31+00:00
ADS-004894,ACCT-000411,B0147,-30.27,2026-07-24T23:57:31+00:00
ADS-004895,ACCT-000109,B0147,60.88,2026-07-24T23:57:31+00:00
ADS-004896,ACCT-000529,B0147,-48.81,2026-07-24T23:57:31+00:00
ADS-004897,ACCT-000242,B0147,-19.17,2026-07-24T23:57:31+00:00
ADS-004898,ACCT-000083,B0147,27.63,2026-07-24T23:57:31+00:00
ADS-004899,ACCT-000143,B0147,0.0,2026-07-24T23:57:31+00:00
ADS-004900,ACCT-000317,B0147,15.89,2026-07-24T23:57:31+00:00
ADS-004901,ACCT-000426,B0147,24.72,2026-07-24T23:57:31+00:00
ADS-004902,ACCT-000513,B0147,0.0,2026-07-24T23:57:31+00:00
ADS-004903,ACCT-000031,B0147,-10.09,2026-07-24T23:57:31+00:00
ADS-004904,ACCT-000067,B0147,0.0,2026-07-24T23:57:31+00:00
ADS-004905,ACCT-000284,B0147,-5.81,2026-07-24T23:57:31+00:00
ADS-004906,ACCT-000244,B0147,0.0,2026-07-24T23:57:31+00:00
ADS-004907,ACCT-000483,B0147,0.0,2026-07-24T23:57:31+00:00
ADS-004908,ACCT-000217,B0147,5.31,2026-07-24T23:57:31+00:00
ADS-004909,ACCT-000074,B0147,-15.72,2026-07-24T23:57:31+00:00
ADS-004910,ACCT-000332,B0147,-5.64,2026-07-24T23:57:31+00:00
ADS-004911,ACCT-000410,B0147,0.0,2026-07-24T23:57:31+00:00
ADS-004912,ACCT-000461,B0147,51.42,2026-07-24T23:57:31+00:00
ADS-004913,ACCT-000525,B0147,12.17,2026-07-24T23:57:31+00:00
ADS-004914,ACCT-000219,B0147,32.58,2026-07-24T23:57:31+00:00
ADS-004915,ACCT-000181,B0147,70.37,2026-07-24T23:57:31+00:00
ADS-004916,ACCT-000228,B0147,-24.25,2026-07-24T23:57:31+00:00
ADS-004917,ACCT-000499,B0147,-32.03,2026-07-24T23:57:31+00:00
ADS-004918,ACCT-000413,B0147,-28.5,2026-07-24T23:57:31+00:00
ADS-004919,ACCT-000155,B0147,0.0,2026-07-24T23:57:31+00:00
ADS-004920,ACCT-000471,B0147,0.0,2026-07-24T23:57:31+00:00
ADS-004921,ACCT-000553,B0147,0.0,2026-07-24T23:57:31+00:00
ADS-004922,ACCT-000554,B0147,-7.72,2026-07-24T23:57:31+00:00
ADS-004923,ACCT-000555,B0147,4.92,2026-07-24T23:57:31+00:00
ADS-004924,ACCT-000006,B0148,26.27,2026-07-25T02:25:23+00:00
ADS-004925,ACCT-000390,B0148,35.59,2026-07-25T02:25:23+00:00
ADS-004926,ACCT-000477,B0148,26.45,2026-07-25T02:25:23+00:00
ADS-004927,ACCT-000211,B0148,61.44,2026-07-25T02:25:23+00:00
ADS-004928,ACCT-000461,B0148,-21.81,2026-07-25T02:25:23+00:00
ADS-004929,ACCT-000088,B0148,-52.59,2026-07-25T02:25:23+00:00
ADS-004930,ACCT-000038,B0148,0.0,2026-07-25T02:25:23+00:00
ADS-004931,ACCT-000428,B0148,-10.56,2026-07-25T02:25:23+00:00
ADS-004932,ACCT-000320,B0148,0.0,2026-07-25T02:25:23+00:00
ADS-004933,ACCT-000151,B0148,49.98,2026-07-25T02:25:23+00:00
ADS-004934,ACCT-000399,B0148,0.0,2026-07-25T02:25:23+00:00
ADS-004935,ACCT-000529,B0148,0.0,2026-07-25T02:25:23+00:00
ADS-004936,ACCT-000044,B0148,68.74,2026-07-25T02:25:23+00:00
ADS-004937,ACCT-000448,B0148,11.8,2026-07-25T02:25:23+00:00
ADS-004938,ACCT-000070,B0148,0.0,2026-07-25T02:25:23+00:00
ADS-004939,ACCT-000297,B0148,61.57,2026-07-25T02:25:23+00:00
ADS-004940,ACCT-000079,B0148,41.44,2026-07-25T02:25:23+00:00
ADS-004941,ACCT-000253,B0148,-21.73,2026-07-25T02:25:23+00:00
ADS-004942,ACCT-000456,B0148,3.95,2026-07-25T02:25:23+00:00
ADS-004943,ACCT-000193,B0148,11.1,2026-07-25T02:25:23+00:00
ADS-004944,ACCT-000538,B0148,19.4,2026-07-25T02:25:23+00:00
ADS-004945,ACCT-000022,B0148,-10.95,2026-07-25T02:25:23+00:00
ADS-004946,ACCT-000246,B0148,-40.29,2026-07-25T02:25:23+00:00
ADS-004947,ACCT-000426,B0148,-14.63,2026-07-25T02:25:23+00:00
ADS-004948,ACCT-000213,B0148,33.04,2026-07-25T02:25:23+00:00
ADS-004949,ACCT-000455,B0148,-15.13,2026-07-25T02:25:23+00:00
ADS-004950,ACCT-000419,B0148,-46.05,2026-07-25T02:25:23+00:00
ADS-004951,ACCT-000121,B0148,-27.71,2026-07-25T02:25:23+00:00
ADS-004952,ACCT-000556,B0148,0.0,2026-07-25T02:25:23+00:00
ADS-004953,ACCT-000557,B0148,-25.16,2026-07-25T02:25:23+00:00
ADS-004954,ACCT-000303,B0149,40.31,2026-07-25T05:27:49+00:00
ADS-004955,ACCT-000232,B0149,-6.42,2026-07-25T05:27:49+00:00
ADS-004956,ACCT-000299,B0149,40.9,2026-07-25T05:27:49+00:00
ADS-004957,ACCT-000409,B0149,-9.41,2026-07-25T05:27:49+00:00
ADS-004958,ACCT-000550,B0149,-47.26,2026-07-25T05:27:49+00:00
ADS-004959,ACCT-000507,B0149,0.0,2026-07-25T05:27:49+00:00
ADS-004960,ACCT-000320,B0149,-49.96,2026-07-25T05:27:49+00:00
ADS-004961,ACCT-000329,B0149,0.0,2026-07-25T05:27:49+00:00
ADS-004962,ACCT-000146,B0149,0.81,2026-07-25T05:27:49+00:00
ADS-004963,ACCT-000540,B0149,0.0,2026-07-25T05:27:49+00:00
ADS-004964,ACCT-000373,B0149,-6.65,2026-07-25T05:27:49+00:00
ADS-004965,ACCT-000300,B0149,85.01,2026-07-25T05:27:49+00:00
ADS-004966,ACCT-000206,B0149,49.2,2026-07-25T05:27:49+00:00
ADS-004967,ACCT-000509,B0149,44.49,2026-07-25T05:27:49+00:00
ADS-004968,ACCT-000226,B0149,-4.44,2026-07-25T05:27:49+00:00
ADS-004969,ACCT-000490,B0149,-41.07,2026-07-25T05:27:49+00:00
ADS-004970,ACCT-000034,B0149,40.47,2026-07-25T05:27:49+00:00
ADS-004971,ACCT-000170,B0149,0.0,2026-07-25T05:27:49+00:00
ADS-004972,ACCT-000514,B0149,-13.85,2026-07-25T05:27:49+00:00
ADS-004973,ACCT-000072,B0149,49.54,2026-07-25T05:27:49+00:00
ADS-004974,ACCT-000118,B0149,-22.26,2026-07-25T05:27:49+00:00
ADS-004975,ACCT-000090,B0149,-42.12,2026-07-25T05:27:49+00:00
ADS-004976,ACCT-000486,B0149,0.0,2026-07-25T05:27:49+00:00
ADS-004977,ACCT-000104,B0149,23.9,2026-07-25T05:27:49+00:00
ADS-004978,ACCT-000330,B0149,0.0,2026-07-25T05:27:49+00:00
ADS-004979,ACCT-000508,B0149,-46.14,2026-07-25T05:27:49+00:00
ADS-004980,ACCT-000278,B0149,65.87,2026-07-25T05:27:49+00:00
ADS-004981,ACCT-000512,B0149,-25.48,2026-07-25T05:27:49+00:00
ADS-004982,ACCT-000337,B0149,0.0,2026-07-25T05:27:49+00:00
ADS-004983,ACCT-000198,B0149,0.0,2026-07-25T05:27:49+00:00
ADS-004984,ACCT-000558,B0149,-22.89,2026-07-25T05:27:49+00:00
ADS-004985,ACCT-000559,B0149,83.0,2026-07-25T05:27:49+00:00
ADS-004986,ACCT-000560,B0149,-66.06,2026-07-25T05:27:49+00:00
ADS-004987,ACCT-000561,B0149,-44.68,2026-07-25T05:27:49+00:00
ADS-004988,ACCT-000408,B0150,-42.03,2026-07-25T07:32:50+00:00
ADS-004989,ACCT-000326,B0150,40.75,2026-07-25T07:32:50+00:00
ADS-004990,ACCT-000547,B0150,0.0,2026-07-25T07:32:50+00:00
ADS-004991,ACCT-000176,B0150,35.09,2026-07-25T07:32:50+00:00
ADS-004992,ACCT-000133,B0150,0.0,2026-07-25T07:32:50+00:00
ADS-004993,ACCT-000124,B0150,-10.94,2026-07-25T07:32:50+00:00
ADS-004994,ACCT-000037,B0150,-49.08,2026-07-25T07:32:50+00:00
ADS-004995,ACCT-000206,B0150,0.0,2026-07-25T07:32:50+00:00
ADS-004996,ACCT-000077,B0150,9.9,2026-07-25T07:32:50+00:00
ADS-004997,ACCT-000181,B0150,59.88,2026-07-25T07:32:50+00:00
ADS-004998,ACCT-000527,B0150,0.23,2026-07-25T07:32:50+00:00
ADS-004999,ACCT-000030,B0150,-24.49,2026-07-25T07:32:50+00:00
ADS-005000,ACCT-000294,B0150,1.75,2026-07-25T07:32:50+00:00
ADS-005001,ACCT-000458,B0150,-9.51,2026-07-25T07:32:50+00:00
ADS-005002,ACCT-000064,B0150,-32.22,2026-07-25T07:32:50+00:00
ADS-005003,ACCT-000553,B0150,0.0,2026-07-25T07:32:50+00:00
ADS-005004,ACCT-000365,B0150,-20.63,2026-07-25T07:32:50+00:00
ADS-005005,ACCT-000203,B0150,-38.08,2026-07-25T07:32:50+00:00
ADS-005006,ACCT-000555,B0150,0.0,2026-07-25T07:32:50+00:00
ADS-005007,ACCT-000232,B0150,34.79,2026-07-25T07:32:50+00:00
ADS-005008,ACCT-000487,B0150,42.3,2026-07-25T07:32:50+00:00
ADS-005009,ACCT-000510,B0150,0.0,2026-07-25T07:32:50+00:00
ADS-005010,ACCT-000218,B0150,0.0,2026-07-25T07:32:50+00:00
ADS-005011,ACCT-000533,B0150,24.89,2026-07-25T07:32:50+00:00
ADS-005012,ACCT-000195,B0150,-27.97,2026-07-25T07:32:50+00:00
ADS-005013,ACCT-000515,B0150,48.77,2026-07-25T07:32:50+00:00
ADS-005014,ACCT-000035,B0150,-41.04,2026-07-25T07:32:50+00:00
ADS-005015,ACCT-000299,B0150,0.0,2026-07-25T07:32:50+00:00
ADS-005016,ACCT-000511,B0150,20.34,2026-07-25T07:32:50+00:00
ADS-005017,ACCT-000281,B0150,18.24,2026-07-25T07:32:50+00:00
ADS-005018,ACCT-000145,B0150,26.12,2026-07-25T07:32:50+00:00
ADS-005019,ACCT-000476,B0150,12.4,2026-07-25T07:32:50+00:00
ADS-005020,ACCT-000418,B0150,33.41,2026-07-25T07:32:50+00:00
ADS-005021,ACCT-000423,B0150,0.0,2026-07-25T07:32:50+00:00
ADS-005022,ACCT-000562,B0150,-1.52,2026-07-25T07:32:50+00:00
ADS-005023,ACCT-000563,B0150,-39.67,2026-07-25T07:32:50+00:00
ADS-005024,ACCT-000564,B0150,0.0,2026-07-25T07:32:50+00:00
ADS-005025,ACCT-000290,B0151,19.48,2026-07-25T09:30:00+00:00
ADS-005026,ACCT-000303,B0151,0.0,2026-07-25T09:30:00+00:00
ADS-005027,ACCT-000551,B0151,-13.6,2026-07-25T09:30:00+00:00
ADS-005028,ACCT-000217,B0151,36.18,2026-07-25T09:30:00+00:00
ADS-005029,ACCT-000539,B0151,28.66,2026-07-25T09:30:00+00:00
ADS-005030,ACCT-000363,B0151,11.79,2026-07-25T09:30:00+00:00
ADS-005031,ACCT-000068,B0151,9.44,2026-07-25T09:30:00+00:00
ADS-005032,ACCT-000319,B0151,42.45,2026-07-25T09:30:00+00:00
ADS-005033,ACCT-000056,B0151,-24.66,2026-07-25T09:30:00+00:00
ADS-005034,ACCT-000103,B0151,0.0,2026-07-25T09:30:00+00:00
ADS-005035,ACCT-000313,B0151,15.38,2026-07-25T09:30:00+00:00
ADS-005036,ACCT-000536,B0151,-27.17,2026-07-25T09:30:00+00:00
ADS-005037,ACCT-000504,B0151,0.0,2026-07-25T09:30:00+00:00
ADS-005038,ACCT-000206,B0151,-52.02,2026-07-25T09:30:00+00:00
ADS-005039,ACCT-000169,B0151,0.0,2026-07-25T09:30:00+00:00
ADS-005040,ACCT-000321,B0151,-1.21,2026-07-25T09:30:00+00:00
ADS-005041,ACCT-000473,B0151,0.0,2026-07-25T09:30:00+00:00
ADS-005042,ACCT-000067,B0151,-17.64,2026-07-25T09:30:00+00:00
ADS-005043,ACCT-000512,B0151,0.0,2026-07-25T09:30:00+00:00
ADS-005044,ACCT-000191,B0151,-5.34,2026-07-25T09:30:00+00:00
ADS-005045,ACCT-000432,B0151,-9.49,2026-07-25T09:30:00+00:00
ADS-005046,ACCT-000416,B0151,-9.2,2026-07-25T09:30:00+00:00
ADS-005047,ACCT-000487,B0151,-38.82,2026-07-25T09:30:00+00:00
ADS-005048,ACCT-000004,B0151,0.0,2026-07-25T09:30:00+00:00
ADS-005049,ACCT-000114,B0151,-15.24,2026-07-25T09:30:00+00:00
ADS-005050,ACCT-000565,B0151,31.86,2026-07-25T09:30:00+00:00
ADS-005051,ACCT-000566,B0151,-2.13,2026-07-25T09:30:00+00:00
ADS-005052,ACCT-000567,B0151,0.0,2026-07-25T09:30:00+00:00
ADS-005053,ACCT-000568,B0151,8.92,2026-07-25T09:30:00+00:00
ADS-005054,ACCT-000562,B0152,-32.53,2026-07-25T10:53:14+00:00
ADS-005055,ACCT-000480,B0152,-9.83,2026-07-25T10:53:14+00:00
ADS-005056,ACCT-000117,B0152,82.61,2026-07-25T10:53:14+00:00
ADS-005057,ACCT-000170,B0152,27.61,2026-07-25T10:53:14+00:00
ADS-005058,ACCT-000518,B0152,-21.39,2026-07-25T10:53:14+00:00
ADS-005059,ACCT-000151,B0152,-54.14,2026-07-25T10:53:14+00:00
ADS-005060,ACCT-000050,B0152,-12.21,2026-07-25T10:53:14+00:00
ADS-005061,ACCT-000346,B0152,-29.23,2026-07-25T10:53:14+00:00
ADS-005062,ACCT-000205,B0152,49.29,2026-07-25T10:53:14+00:00
ADS-005063,ACCT-000200,B0152,-49.08,2026-07-25T10:53:14+00:00
ADS-005064,ACCT-000275,B0152,45.59,2026-07-25T10:53:14+00:00
ADS-005065,ACCT-000387,B0152,11.22,2026-07-25T10:53:14+00:00
ADS-005066,ACCT-000412,B0152,33.93,2026-07-25T10:53:14+00:00
ADS-005067,ACCT-000425,B0152,-29.71,2026-07-25T10:53:14+00:00
ADS-005068,ACCT-000372,B0152,-0.94,2026-07-25T10:53:14+00:00
ADS-005069,ACCT-000424,B0152,-14.0,2026-07-25T10:53:14+00:00
ADS-005070,ACCT-000254,B0152,50.86,2026-07-25T10:53:14+00:00
ADS-005071,ACCT-000178,B0152,21.85,2026-07-25T10:53:14+00:00
ADS-005072,ACCT-000179,B0152,0.0,2026-07-25T10:53:14+00:00
ADS-005073,ACCT-000534,B0152,-45.7,2026-07-25T10:53:14+00:00
ADS-005074,ACCT-000353,B0152,-27.6,2026-07-25T10:53:14+00:00
ADS-005075,ACCT-000124,B0152,70.59,2026-07-25T10:53:14+00:00
ADS-005076,ACCT-000268,B0152,0.0,2026-07-25T10:53:14+00:00
ADS-005077,ACCT-000492,B0152,0.0,2026-07-25T10:53:14+00:00
ADS-005078,ACCT-000109,B0152,-9.69,2026-07-25T10:53:14+00:00
ADS-005079,ACCT-000375,B0152,0.0,2026-07-25T10:53:14+00:00
ADS-005080,ACCT-000538,B0152,22.8,2026-07-25T10:53:14+00:00
ADS-005081,ACCT-000184,B0152,-27.04,2026-07-25T10:53:14+00:00
ADS-005082,ACCT-000475,B0152,0.0,2026-07-25T10:53:14+00:00
ADS-005083,ACCT-000082,B0152,0.0,2026-07-25T10:53:14+00:00
ADS-005084,ACCT-000123,B0152,-21.76,2026-07-25T10:53:14+00:00
ADS-005085,ACCT-000421,B0152,-25.43,2026-07-25T10:53:14+00:00
ADS-005086,ACCT-000485,B0152,0.0,2026-07-25T10:53:14+00:00
ADS-005087,ACCT-000055,B0152,0.0,2026-07-25T10:53:14+00:00
ADS-005088,ACCT-000180,B0152,11.92,2026-07-25T10:53:14+00:00
ADS-005089,ACCT-000569,B0152,-57.76,2026-07-25T10:53:14+00:00
ADS-005090,ACCT-000570,B0152,-27.68,2026-07-25T10:53:14+00:00
ADS-005091,ACCT-000571,B0152,-16.01,2026-07-25T10:53:14+00:00
ADS-005092,ACCT-000005,B0153,-2.8,2026-07-25T11:58:32+00:00
ADS-005093,ACCT-000221,B0153,3.76,2026-07-25T11:58:32+00:00
ADS-005094,ACCT-000149,B0153,0.0,2026-07-25T11:58:32+00:00
ADS-005095,ACCT-000352,B0153,0.0,2026-07-25T11:58:32+00:00
ADS-005096,ACCT-000174,B0153,14.99,2026-07-25T11:58:32+00:00
ADS-005097,ACCT-000313,B0153,5.09,2026-07-25T11:58:32+00:00
ADS-005098,ACCT-000142,B0153,0.0,2026-07-25T11:58:32+00:00
ADS-005099,ACCT-000472,B0153,-27.38,2026-07-25T11:58:32+00:00
ADS-005100,ACCT-000531,B0153,0.94,2026-07-25T11:58:32+00:00
ADS-005101,ACCT-000444,B0153,14.76,2026-07-25T11:58:32+00:00
ADS-005102,ACCT-000137,B0153,0.0,2026-07-25T11:58:32+00:00
ADS-005103,ACCT-000216,B0153,0.0,2026-07-25T11:58:32+00:00
ADS-005104,ACCT-000038,B0153,13.89,2026-07-25T11:58:32+00:00
ADS-005105,ACCT-000113,B0153,56.78,2026-07-25T11:58:32+00:00
ADS-005106,ACCT-000287,B0153,7.31,2026-07-25T11:58:32+00:00
ADS-005107,ACCT-000505,B0153,-27.66,2026-07-25T11:58:32+00:00
ADS-005108,ACCT-000286,B0153,0.0,2026-07-25T11:58:32+00:00
ADS-005109,ACCT-000213,B0153,-75.9,2026-07-25T11:58:32+00:00
ADS-005110,ACCT-000382,B0153,-12.68,2026-07-25T11:58:32+00:00
ADS-005111,ACCT-000159,B0153,15.05,2026-07-25T11:58:32+00:00
ADS-005112,ACCT-000181,B0153,17.17,2026-07-25T11:58:32+00:00
ADS-005113,ACCT-000415,B0153,-26.66,2026-07-25T11:58:32+00:00
ADS-005114,ACCT-000008,B0153,-0.58,2026-07-25T11:58:32+00:00
ADS-005115,ACCT-000125,B0153,0.0,2026-07-25T11:58:32+00:00
ADS-005116,ACCT-000045,B0153,42.73,2026-07-25T11:58:32+00:00
ADS-005117,ACCT-000111,B0153,28.65,2026-07-25T11:58:32+00:00
ADS-005118,ACCT-000380,B0153,0.0,2026-07-25T11:58:32+00:00
ADS-005119,ACCT-000391,B0153,-38.4,2026-07-25T11:58:32+00:00
ADS-005120,ACCT-000409,B0153,28.86,2026-07-25T11:58:32+00:00
ADS-005121,ACCT-000401,B0153,-2.23,2026-07-25T11:58:32+00:00
ADS-005122,ACCT-000572,B0153,0.0,2026-07-25T11:58:32+00:00
ADS-005123,ACCT-000573,B0153,7.83,2026-07-25T11:58:32+00:00
ADS-005124,ACCT-000416,B0154,-23.86,2026-07-25T13:25:01+00:00
ADS-005125,ACCT-000131,B0154,-45.82,2026-07-25T13:25:01+00:00
ADS-005126,ACCT-000086,B0154,-6.06,2026-07-25T13:25:01+00:00
ADS-005127,ACCT-000155,B0154,0.0,2026-07-25T13:25:01+00:00
ADS-005128,ACCT-000090,B0154,0.0,2026-07-25T13:25:01+00:00
ADS-005129,ACCT-000262,B0154,-19.32,2026-07-25T13:25:01+00:00
ADS-005130,ACCT-000330,B0154,18.89,2026-07-25T13:25:01+00:00
ADS-005131,ACCT-000043,B0154,44.98,2026-07-25T13:25:01+00:00
ADS-005132,ACCT-000219,B0154,-83.62,2026-07-25T13:25:01+00:00
ADS-005133,ACCT-000074,B0154,-29.0,2026-07-25T13:25:01+00:00
ADS-005134,ACCT-000414,B0154,-34.8,2026-07-25T13:25:01+00:00
ADS-005135,ACCT-000140,B0154,0.0,2026-07-25T13:25:01+00:00
ADS-005136,ACCT-000013,B0154,38.5,2026-07-25T13:25:01+00:00
ADS-005137,ACCT-000286,B0154,-28.65,2026-07-25T13:25:01+00:00
ADS-005138,ACCT-000558,B0154,8.99,2026-07-25T13:25:01+00:00
ADS-005139,ACCT-000336,B0154,-2.55,2026-07-25T13:25:01+00:00
ADS-005140,ACCT-000101,B0154,-59.28,2026-07-25T13:25:01+00:00
ADS-005141,ACCT-000476,B0154,0.0,2026-07-25T13:25:01+00:00
ADS-005142,ACCT-000463,B0154,38.89,2026-07-25T13:25:01+00:00
ADS-005143,ACCT-000218,B0154,29.67,2026-07-25T13:25:01+00:00
ADS-005144,ACCT-000303,B0154,0.0,2026-07-25T13:25:01+00:00
ADS-005145,ACCT-000343,B0154,23.32,2026-07-25T13:25:01+00:00
ADS-005146,ACCT-000510,B0154,-88.51,2026-07-25T13:25:01+00:00
ADS-005147,ACCT-000028,B0154,12.64,2026-07-25T13:25:01+00:00
ADS-005148,ACCT-000316,B0154,11.73,2026-07-25T13:25:01+00:00
ADS-005149,ACCT-000109,B0154,44.99,2026-07-25T13:25:01+00:00
ADS-005150,ACCT-000056,B0154,0.0,2026-07-25T13:25:01+00:00
ADS-005151,ACCT-000353,B0154,-38.47,2026-07-25T13:25:01+00:00
ADS-005152,ACCT-000331,B0154,30.52,2026-07-25T13:25:01+00:00
ADS-005153,ACCT-000464,B0154,-25.83,2026-07-25T13:25:01+00:00
ADS-005154,ACCT-000290,B0154,0.0,2026-07-25T13:25:01+00:00
ADS-005155,ACCT-000480,B0154,19.92,2026-07-25T13:25:01+00:00
ADS-005156,ACCT-000018,B0154,0.0,2026-07-25T13:25:01+00:00
ADS-005157,ACCT-000486,B0154,-1.77,2026-07-25T13:25:01+00:00
ADS-005158,ACCT-000574,B0154,0.0,2026-07-25T13:25:01+00:00
ADS-005159,ACCT-000575,B0154,-63.12,2026-07-25T13:25:01+00:00
ADS-005160,ACCT-000576,B0154,-20.78,2026-07-25T13:25:01+00:00
ADS-005161,ACCT-000553,B0155,0.0,2026-07-25T14:45:16+00:00
ADS-005162,ACCT-000502,B0155,-12.81,2026-07-25T14:45:16+00:00
ADS-005163,ACCT-000303,B0155,-89.21,2026-07-25T14:45:16+00:00
ADS-005164,ACCT-000182,B0155,28.9,2026-07-25T14:45:16+00:00
ADS-005165,ACCT-000443,B0155,-17.95,2026-07-25T14:45:16+00:00
ADS-005166,ACCT-000547,B0155,-26.57,2026-07-25T14:45:16+00:00
ADS-005167,ACCT-000010,B0155,-64.72,2026-07-25T14:45:16+00:00
ADS-005168,ACCT-000299,B0155,13.43,2026-07-25T14:45:16+00:00
ADS-005169,ACCT-000166,B0155,0.0,2026-07-25T14:45:16+00:00
ADS-005170,ACCT-000535,B0155,0.0,2026-07-25T14:45:16+00:00
ADS-005171,ACCT-000325,B0155,-66.17,2026-07-25T14:45:16+00:00
ADS-005172,ACCT-000360,B0155,-48.19,2026-07-25T14:45:16+00:00
ADS-005173,ACCT-000070,B0155,-38.58,2026-07-25T14:45:16+00:00
ADS-005174,ACCT-000229,B0155,0.0,2026-07-25T14:45:16+00:00
ADS-005175,ACCT-000114,B0155,-18.35,2026-07-25T14:45:16+00:00
ADS-005176,ACCT-000466,B0155,3.23,2026-07-25T14:45:16+00:00
ADS-005177,ACCT-000052,B0155,85.58,2026-07-25T14:45:16+00:00
ADS-005178,ACCT-000357,B0155,-21.56,2026-07-25T14:45:16+00:00
ADS-005179,ACCT-000474,B0155,16.57,2026-07-25T14:45:16+00:00
ADS-005180,ACCT-000258,B0155,41.85,2026-07-25T14:45:16+00:00
ADS-005181,ACCT-000220,B0155,0.0,2026-07-25T14:45:16+00:00
ADS-005182,ACCT-000311,B0155,22.08,2026-07-25T14:45:16+00:00
ADS-005183,ACCT-000376,B0155,0.0,2026-07-25T14:45:16+00:00
ADS-005184,ACCT-000277,B0155,68.59,2026-07-25T14:45:16+00:00
ADS-005185,ACCT-000029,B0155,-18.26,2026-07-25T14:45:16+00:00
ADS-005186,ACCT-000446,B0155,-2.54,2026-07-25T14:45:16+00:00
ADS-005187,ACCT-000225,B0155,-0.8,2026-07-25T14:45:16+00:00
ADS-005188,ACCT-000423,B0155,-14.54,2026-07-25T14:45:16+00:00
ADS-005189,ACCT-000433,B0155,15.77,2026-07-25T14:45:16+00:00
ADS-005190,ACCT-000555,B0155,-26.66,2026-07-25T14:45:16+00:00
ADS-005191,ACCT-000326,B0155,0.99,2026-07-25T14:45:16+00:00
ADS-005192,ACCT-000450,B0155,28.95,2026-07-25T14:45:16+00:00
ADS-005193,ACCT-000194,B0155,0.0,2026-07-25T14:45:16+00:00
ADS-005194,ACCT-000415,B0155,24.23,2026-07-25T14:45:16+00:00
ADS-005195,ACCT-000577,B0155,22.94,2026-07-25T14:45:16+00:00
ADS-005196,ACCT-000578,B0155,0.0,2026-07-25T14:45:16+00:00
ADS-005197,ACCT-000579,B0155,22.79,2026-07-25T14:45:16+00:00
ADS-005198,ACCT-000192,B0156,19.4,2026-07-25T15:58:42+00:00
ADS-005199,ACCT-000578,B0156,14.75,2026-07-25T15:58:42+00:00
ADS-005200,ACCT-000414,B0156,0.0,2026-07-25T15:58:42+00:00
ADS-005201,ACCT-000286,B0156,3.02,2026-07-25T15:58:42+00:00
ADS-005202,ACCT-000138,B0156,0.0,2026-07-25T15:58:42+00:00
ADS-005203,ACCT-000264,B0156,5.16,2026-07-25T15:58:42+00:00
ADS-005204,ACCT-000268,B0156,-8.59,2026-07-25T15:58:42+00:00
ADS-005205,ACCT-000003,B0156,0.0,2026-07-25T15:58:42+00:00
ADS-005206,ACCT-000564,B0156,26.92,2026-07-25T15:58:42+00:00
ADS-005207,ACCT-000388,B0156,7.39,2026-07-25T15:58:42+00:00
ADS-005208,ACCT-000156,B0156,28.1,2026-07-25T15:58:42+00:00
ADS-005209,ACCT-000207,B0156,-19.27,2026-07-25T15:58:42+00:00
ADS-005210,ACCT-000130,B0156,35.1,2026-07-25T15:58:42+00:00
ADS-005211,ACCT-000172,B0156,75.86,2026-07-25T15:58:42+00:00
ADS-005212,ACCT-000563,B0156,-10.31,2026-07-25T15:58:42+00:00
ADS-005213,ACCT-000146,B0156,31.37,2026-07-25T15:58:42+00:00
ADS-005214,ACCT-000262,B0156,-28.08,2026-07-25T15:58:42+00:00
ADS-005215,ACCT-000513,B0156,0.0,2026-07-25T15:58:42+00:00
ADS-005216,ACCT-000001,B0156,0.0,2026-07-25T15:58:42+00:00
ADS-005217,ACCT-000342,B0156,-16.47,2026-07-25T15:58:42+00:00
ADS-005218,ACCT-000401,B0156,-15.48,2026-07-25T15:58:42+00:00
ADS-005219,ACCT-000173,B0156,5.75,2026-07-25T15:58:42+00:00
ADS-005220,ACCT-000084,B0156,0.0,2026-07-25T15:58:42+00:00
ADS-005221,ACCT-000234,B0156,0.0,2026-07-25T15:58:42+00:00
ADS-005222,ACCT-000393,B0156,0.0,2026-07-25T15:58:42+00:00
ADS-005223,ACCT-000051,B0156,0.0,2026-07-25T15:58:42+00:00
ADS-005224,ACCT-000104,B0156,-21.63,2026-07-25T15:58:42+00:00
ADS-005225,ACCT-000324,B0156,-20.2,2026-07-25T15:58:42+00:00
ADS-005226,ACCT-000017,B0156,24.93,2026-07-25T15:58:42+00:00
ADS-005227,ACCT-000580,B0156,-29.13,2026-07-25T15:58:42+00:00
ADS-005228,ACCT-000581,B0156,0.0,2026-07-25T15:58:42+00:00
ADS-005229,ACCT-000582,B0156,38.32,2026-07-25T15:58:42+00:00
ADS-005230,ACCT-000583,B0156,-30.11,2026-07-25T15:58:42+00:00
ADS-005231,ACCT-000513,B0157,0.0,2026-07-25T16:57:53+00:00
ADS-005232,ACCT-000392,B0157,6.25,2026-07-25T16:57:53+00:00
ADS-005233,ACCT-000039,B0157,-37.4,2026-07-25T16:57:53+00:00
ADS-005234,ACCT-000165,B0157,0.0,2026-07-25T16:57:53+00:00
ADS-005235,ACCT-000192,B0157,44.71,2026-07-25T16:57:53+00:00
ADS-005236,ACCT-000184,B0157,49.02,2026-07-25T16:57:53+00:00
ADS-005237,ACCT-000413,B0157,0.0,2026-07-25T16:57:53+00:00
ADS-005238,ACCT-000304,B0157,-25.54,2026-07-25T16:57:53+00:00
ADS-005239,ACCT-000123,B0157,0.0,2026-07-25T16:57:53+00:00
ADS-005240,ACCT-000552,B0157,35.51,2026-07-25T16:57:53+00:00
ADS-005241,ACCT-000228,B0157,38.89,2026-07-25T16:57:53+00:00
ADS-005242,ACCT-000072,B0157,-7.02,2026-07-25T16:57:53+00:00
ADS-005243,ACCT-000260,B0157,21.79,2026-07-25T16:57:53+00:00
ADS-005244,ACCT-000500,B0157,3.41,2026-07-25T16:57:53+00:00
ADS-005245,ACCT-000244,B0157,0.0,2026-07-25T16:57:53+00:00
ADS-005246,ACCT-000194,B0157,44.54,2026-07-25T16:57:53+00:00
ADS-005247,ACCT-000196,B0157,-16.21,2026-07-25T16:57:53+00:00
ADS-005248,ACCT-000055,B0157,0.0,2026-07-25T16:57:53+00:00
ADS-005249,ACCT-000042,B0157,41.15,2026-07-25T16:57:53+00:00
ADS-005250,ACCT-000543,B0157,-5.34,2026-07-25T16:57:53+00:00
ADS-005251,ACCT-000274,B0157,-65.03,2026-07-25T16:57:53+00:00
ADS-005252,ACCT-000246,B0157,0.0,2026-07-25T16:57:53+00:00
ADS-005253,ACCT-000540,B0157,0.0,2026-07-25T16:57:53+00:00
ADS-005254,ACCT-000499,B0157,12.34,2026-07-25T16:57:53+00:00
ADS-005255,ACCT-000518,B0157,27.74,2026-07-25T16:57:53+00:00
ADS-005256,ACCT-000539,B0157,-2.06,2026-07-25T16:57:53+00:00
ADS-005257,ACCT-000226,B0157,49.69,2026-07-25T16:57:53+00:00
ADS-005258,ACCT-000201,B0157,43.16,2026-07-25T16:57:53+00:00
ADS-005259,ACCT-000560,B0157,20.31,2026-07-25T16:57:53+00:00
ADS-005260,ACCT-000044,B0157,0.0,2026-07-25T16:57:53+00:00
ADS-005261,ACCT-000464,B0157,0.0,2026-07-25T16:57:53+00:00
ADS-005262,ACCT-000436,B0157,20.08,2026-07-25T16:57:53+00:00
ADS-005263,ACCT-000105,B0157,51.26,2026-07-25T16:57:53+00:00
ADS-005264,ACCT-000584,B0157,78.7,2026-07-25T16:57:53+00:00
ADS-005265,ACCT-000585,B0157,-19.25,2026-07-25T16:57:53+00:00
ADS-005266,ACCT-000586,B0157,30.69,2026-07-25T16:57:53+00:00
ADS-005267,ACCT-000587,B0157,0.0,2026-07-25T16:57:53+00:00
ADS-005268,ACCT-000179,B0158,-29.24,2026-07-25T17:57:28+00:00
ADS-005269,ACCT-000462,B0158,0.0,2026-07-25T17:57:28+00:00
ADS-005270,ACCT-000276,B0158,-44.3,2026-07-25T17:57:28+00:00
ADS-005271,ACCT-000037,B0158,0.0,2026-07-25T17:57:28+00:00
ADS-005272,ACCT-000054,B0158,-40.09,2026-07-25T17:57:28+00:00
ADS-005273,ACCT-000364,B0158,-54.31,2026-07-25T17:57:28+00:00
ADS-005274,ACCT-000213,B0158,-33.61,2026-07-25T17:57:28+00:00
ADS-005275,ACCT-000277,B0158,-7.34,2026-07-25T17:57:28+00:00
ADS-005276,ACCT-000095,B0158,-33.67,2026-07-25T17:57:28+00:00
ADS-005277,ACCT-000163,B0158,0.0,2026-07-25T17:57:28+00:00
ADS-005278,ACCT-000267,B0158,2.52,2026-07-25T17:57:28+00:00
ADS-005279,ACCT-000305,B0158,0.0,2026-07-25T17:57:28+00:00
ADS-005280,ACCT-000033,B0158,0.0,2026-07-25T17:57:28+00:00
ADS-005281,ACCT-000357,B0158,-23.12,2026-07-25T17:57:28+00:00
ADS-005282,ACCT-000447,B0158,40.01,2026-07-25T17:57:28+00:00
ADS-005283,ACCT-000452,B0158,10.47,2026-07-25T17:57:28+00:00
ADS-005284,ACCT-000453,B0158,0.0,2026-07-25T17:57:28+00:00
ADS-005285,ACCT-000549,B0158,0.0,2026-07-25T17:57:28+00:00
ADS-005286,ACCT-000006,B0158,0.0,2026-07-25T17:57:28+00:00
ADS-005287,ACCT-000112,B0158,-30.22,2026-07-25T17:57:28+00:00
ADS-005288,ACCT-000063,B0158,0.0,2026-07-25T17:57:28+00:00
ADS-005289,ACCT-000123,B0158,0.0,2026-07-25T17:57:28+00:00
ADS-005290,ACCT-000582,B0158,11.66,2026-07-25T17:57:28+00:00
ADS-005291,ACCT-000576,B0158,19.75,2026-07-25T17:57:28+00:00
ADS-005292,ACCT-000479,B0158,-10.35,2026-07-25T17:57:28+00:00
ADS-005293,ACCT-000580,B0158,27.12,2026-07-25T17:57:28+00:00
ADS-005294,ACCT-000347,B0158,-48.64,2026-07-25T17:57:28+00:00
ADS-005295,ACCT-000552,B0158,0.0,2026-07-25T17:57:28+00:00
ADS-005296,ACCT-000588,B0158,6.2,2026-07-25T17:57:28+00:00
ADS-005297,ACCT-000589,B0158,9.94,2026-07-25T17:57:28+00:00
ADS-005298,ACCT-000590,B0158,48.28,2026-07-25T17:57:28+00:00
ADS-005299,ACCT-000591,B0158,0.0,2026-07-25T17:57:28+00:00
ADS-005300,ACCT-000496,B0159,6.62,2026-07-25T19:02:39+00:00
ADS-005301,ACCT-000274,B0159,0.0,2026-07-25T19:02:39+00:00
ADS-005302,ACCT-000198,B0159,51.84,2026-07-25T19:02:39+00:00
ADS-005303,ACCT-000397,B0159,25.83,2026-07-25T19:02:39+00:00
ADS-005304,ACCT-000069,B0159,0.0,2026-07-25T19:02:39+00:00
ADS-005305,ACCT-000064,B0159,-3.6,2026-07-25T19:02:39+00:00
ADS-005306,ACCT-000280,B0159,10.39,2026-07-25T19:02:39+00:00
ADS-005307,ACCT-000158,B0159,48.39,2026-07-25T19:02:39+00:00
ADS-005308,ACCT-000236,B0159,11.62,2026-07-25T19:02:39+00:00
ADS-005309,ACCT-000028,B0159,45.73,2026-07-25T19:02:39+00:00
ADS-005310,ACCT-000439,B0159,-17.06,2026-07-25T19:02:39+00:00
ADS-005311,ACCT-000542,B0159,28.93,2026-07-25T19:02:39+00:00
ADS-005312,ACCT-000117,B0159,0.0,2026-07-25T19:02:39+00:00
ADS-005313,ACCT-000097,B0159,0.0,2026-07-25T19:02:39+00:00
ADS-005314,ACCT-000333,B0159,-38.63,2026-07-25T19:02:39+00:00
ADS-005315,ACCT-000546,B0159,1.63,2026-07-25T19:02:39+00:00
ADS-005316,ACCT-000295,B0159,-34.19,2026-07-25T19:02:39+00:00
ADS-005317,ACCT-000327,B0159,34.58,2026-07-25T19:02:39+00:00
ADS-005318,ACCT-000292,B0159,-81.58,2026-07-25T19:02:39+00:00
ADS-005319,ACCT-000533,B0159,30.17,2026-07-25T19:02:39+00:00
ADS-005320,ACCT-000174,B0159,-33.96,2026-07-25T19:02:39+00:00
ADS-005321,ACCT-000461,B0159,40.04,2026-07-25T19:02:39+00:00
ADS-005322,ACCT-000187,B0159,-39.24,2026-07-25T19:02:39+00:00
ADS-005323,ACCT-000223,B0159,-48.79,2026-07-25T19:02:39+00:00
ADS-005324,ACCT-000376,B0159,36.16,2026-07-25T19:02:39+00:00
ADS-005325,ACCT-000061,B0159,-40.78,2026-07-25T19:02:39+00:00
ADS-005326,ACCT-000554,B0159,17.08,2026-07-25T19:02:39+00:00
ADS-005327,ACCT-000320,B0159,0.0,2026-07-25T19:02:39+00:00
ADS-005328,ACCT-000381,B0159,-27.83,2026-07-25T19:02:39+00:00
ADS-005329,ACCT-000404,B0159,0.0,2026-07-25T19:02:39+00:00
ADS-005330,ACCT-000078,B0159,-17.99,2026-07-25T19:02:39+00:00
ADS-005331,ACCT-000220,B0159,0.0,2026-07-25T19:02:39+00:00
ADS-005332,ACCT-000024,B0159,-43.25,2026-07-25T19:02:39+00:00
ADS-005333,ACCT-000359,B0159,26.43,2026-07-25T19:02:39+00:00
ADS-005334,ACCT-000199,B0159,-47.88,2026-07-25T19:02:39+00:00
ADS-005335,ACCT-000592,B0159,6.4,2026-07-25T19:02:39+00:00
ADS-005336,ACCT-000593,B0159,0.0,2026-07-25T19:02:39+00:00
ADS-005337,ACCT-000219,B0160,6.36,2026-07-25T20:26:20+00:00
ADS-005338,ACCT-000443,B0160,-1.89,2026-07-25T20:26:20+00:00
ADS-005339,ACCT-000392,B0160,-20.68,2026-07-25T20:26:20+00:00
ADS-005340,ACCT-000376,B0160,-9.11,2026-07-25T20:26:20+00:00
ADS-005341,ACCT-000023,B0160,36.8,2026-07-25T20:26:20+00:00
ADS-005342,ACCT-000030,B0160,-0.22,2026-07-25T20:26:20+00:00
ADS-005343,ACCT-000483,B0160,-41.61,2026-07-25T20:26:20+00:00
ADS-005344,ACCT-000071,B0160,0.0,2026-07-25T20:26:20+00:00
ADS-005345,ACCT-000579,B0160,40.76,2026-07-25T20:26:20+00:00
ADS-005346,ACCT-000428,B0160,-0.43,2026-07-25T20:26:20+00:00
ADS-005347,ACCT-000072,B0160,-26.39,2026-07-25T20:26:20+00:00
ADS-005348,ACCT-000268,B0160,65.55,2026-07-25T20:26:20+00:00
ADS-005349,ACCT-000500,B0160,-0.32,2026-07-25T20:26:20+00:00
ADS-005350,ACCT-000481,B0160,-6.67,2026-07-25T20:26:20+00:00
ADS-005351,ACCT-000329,B0160,0.0,2026-07-25T20:26:20+00:00
ADS-005352,ACCT-000096,B0160,-22.66,2026-07-25T20:26:20+00:00
ADS-005353,ACCT-000377,B0160,5.49,2026-07-25T20:26:20+00:00
ADS-005354,ACCT-000109,B0160,-43.98,2026-07-25T20:26:20+00:00
ADS-005355,ACCT-000247,B0160,0.0,2026-07-25T20:26:20+00:00
ADS-005356,ACCT-000180,B0160,3.1,2026-07-25T20:26:20+00:00
ADS-005357,ACCT-000574,B0160,-34.24,2026-07-25T20:26:20+00:00
ADS-005358,ACCT-000098,B0160,-7.28,2026-07-25T20:26:20+00:00
ADS-005359,ACCT-000240,B0160,0.0,2026-07-25T20:26:20+00:00
ADS-005360,ACCT-000120,B0160,-27.6,2026-07-25T20:26:20+00:00
ADS-005361,ACCT-000470,B0160,-14.25,2026-07-25T20:26:20+00:00
ADS-005362,ACCT-000250,B0160,0.0,2026-07-25T20:26:20+00:00
ADS-005363,ACCT-000383,B0160,2.2,2026-07-25T20:26:20+00:00
ADS-005364,ACCT-000043,B0160,0.0,2026-07-25T20:26:20+00:00
ADS-005365,ACCT-000368,B0160,0.0,2026-07-25T20:26:20+00:00
ADS-005366,ACCT-000312,B0160,-15.51,2026-07-25T20:26:20+00:00
ADS-005367,ACCT-000594,B0160,17.69,2026-07-25T20:26:20+00:00
ADS-005368,ACCT-000595,B0160,0.0,2026-07-25T20:26:20+00:00
ADS-005369,ACCT-000596,B0160,0.0,2026-07-25T20:26:20+00:00
ADS-005370,ACCT-000272,B0161,-32.05,2026-07-25T21:23:51+00:00
ADS-005371,ACCT-000473,B0161,3.7,2026-07-25T21:23:51+00:00
ADS-005372,ACCT-000554,B0161,-30.22,2026-07-25T21:23:51+00:00
ADS-005373,ACCT-000409,B0161,29.46,2026-07-25T21:23:51+00:00
ADS-005374,ACCT-000318,B0161,26.02,2026-07-25T21:23:51+00:00
ADS-005375,ACCT-000589,B0161,-25.75,2026-07-25T21:23:51+00:00
ADS-005376,ACCT-000214,B0161,-4.29,2026-07-25T21:23:51+00:00
ADS-005377,ACCT-000408,B0161,0.0,2026-07-25T21:23:51+00:00
ADS-005378,ACCT-000184,B0161,0.0,2026-07-25T21:23:51+00:00
ADS-005379,ACCT-000564,B0161,0.0,2026-07-25T21:23:51+00:00
ADS-005380,ACCT-000078,B0161,0.0,2026-07-25T21:23:51+00:00
ADS-005381,ACCT-000132,B0161,0.0,2026-07-25T21:23:51+00:00
ADS-005382,ACCT-000339,B0161,-7.3,2026-07-25T21:23:51+00:00
ADS-005383,ACCT-000265,B0161,0.0,2026-07-25T21:23:51+00:00
ADS-005384,ACCT-000313,B0161,0.0,2026-07-25T21:23:51+00:00
ADS-005385,ACCT-000006,B0161,-31.55,2026-07-25T21:23:51+00:00
ADS-005386,ACCT-000066,B0161,26.55,2026-07-25T21:23:51+00:00
ADS-005387,ACCT-000470,B0161,-1.27,2026-07-25T21:23:51+00:00
ADS-005388,ACCT-000459,B0161,12.59,2026-07-25T21:23:51+00:00
ADS-005389,ACCT-000225,B0161,18.92,2026-07-25T21:23:51+00:00
ADS-005390,ACCT-000491,B0161,0.0,2026-07-25T21:23:51+00:00
ADS-005391,ACCT-000092,B0161,0.0,2026-07-25T21:23:51+00:00
ADS-005392,ACCT-000062,B0161,-38.29,2026-07-25T21:23:51+00:00
ADS-005393,ACCT-000110,B0161,-41.97,2026-07-25T21:23:51+00:00
ADS-005394,ACCT-000590,B0161,27.58,2026-07-25T21:23:51+00:00
ADS-005395,ACCT-000155,B0161,38.85,2026-07-25T21:23:51+00:00
ADS-005396,ACCT-000315,B0161,0.0,2026-07-25T21:23:51+00:00
ADS-005397,ACCT-000524,B0161,0.0,2026-07-25T21:23:51+00:00
ADS-005398,ACCT-000466,B0161,0.0,2026-07-25T21:23:51+00:00
ADS-005399,ACCT-000429,B0161,-15.72,2026-07-25T21:23:51+00:00
ADS-005400,ACCT-000096,B0161,-6.44,2026-07-25T21:23:51+00:00
ADS-005401,ACCT-000597,B0161,-20.74,2026-07-25T21:23:51+00:00
ADS-005402,ACCT-000598,B0161,-29.61,2026-07-25T21:23:51+00:00
ADS-005403,ACCT-000599,B0161,-14.99,2026-07-25T21:23:51+00:00
ADS-005404,ACCT-000387,B0162,-48.84,2026-07-25T22:24:24+00:00
ADS-005405,ACCT-000047,B0162,0.0,2026-07-25T22:24:24+00:00
ADS-005406,ACCT-000094,B0162,-11.58,2026-07-25T22:24:24+00:00
ADS-005407,ACCT-000301,B0162,46.33,2026-07-25T22:24:24+00:00
ADS-005408,ACCT-000282,B0162,-39.29,2026-07-25T22:24:24+00:00
ADS-005409,ACCT-000378,B0162,1.83,2026-07-25T22:24:24+00:00
ADS-005410,ACCT-000054,B0162,0.0,2026-07-25T22:24:24+00:00
ADS-005411,ACCT-000422,B0162,-5.89,2026-07-25T22:24:24+00:00
ADS-005412,ACCT-000209,B0162,1.15,2026-07-25T22:24:24+00:00
ADS-005413,ACCT-000104,B0162,0.0,2026-07-25T22:24:24+00:00
ADS-005414,ACCT-000020,B0162,0.0,2026-07-25T22:24:24+00:00
ADS-005415,ACCT-000075,B0162,32.24,2026-07-25T22:24:24+00:00
ADS-005416,ACCT-000223,B0162,0.38,2026-07-25T22:24:24+00:00
ADS-005417,ACCT-000398,B0162,-7.33,2026-07-25T22:24:24+00:00
ADS-005418,ACCT-000187,B0162,-1.49,2026-07-25T22:24:24+00:00
ADS-005419,ACCT-000305,B0162,0.0,2026-07-25T22:24:24+00:00
ADS-005420,ACCT-000212,B0162,-13.56,2026-07-25T22:24:24+00:00
ADS-005421,ACCT-000101,B0162,-30.27,2026-07-25T22:24:24+00:00
ADS-005422,ACCT-000550,B0162,-21.26,2026-07-25T22:24:24+00:00
ADS-005423,ACCT-000161,B0162,12.86,2026-07-25T22:24:24+00:00
ADS-005424,ACCT-000163,B0162,-8.09,2026-07-25T22:24:24+00:00
ADS-005425,ACCT-000532,B0162,-2.44,2026-07-25T22:24:24+00:00
ADS-005426,ACCT-000211,B0162,21.55,2026-07-25T22:24:24+00:00
ADS-005427,ACCT-000241,B0162,0.0,2026-07-25T22:24:24+00:00
ADS-005428,ACCT-000535,B0162,0.0,2026-07-25T22:24:24+00:00
ADS-005429,ACCT-000250,B0162,-24.16,2026-07-25T22:24:24+00:00
ADS-005430,ACCT-000410,B0162,16.71,2026-07-25T22:24:24+00:00
ADS-005431,ACCT-000013,B0162,-6.96,2026-07-25T22:24:24+00:00
ADS-005432,ACCT-000096,B0162,0.0,2026-07-25T22:24:24+00:00
ADS-005433,ACCT-000168,B0162,-22.61,2026-07-25T22:24:24+00:00
ADS-005434,ACCT-000600,B0162,-48.36,2026-07-25T22:24:24+00:00
ADS-005435,ACCT-000601,B0162,49.02,2026-07-25T22:24:24+00:00
ADS-005436,ACCT-000389,B0163,0.0,2026-07-25T23:28:02+00:00
ADS-005437,ACCT-000487,B0163,-7.35,2026-07-25T23:28:02+00:00
ADS-005438,ACCT-000301,B0163,13.83,2026-07-25T23:28:02+00:00
ADS-005439,ACCT-000600,B0163,0.0,2026-07-25T23:28:02+00:00
ADS-005440,ACCT-000418,B0163,45.66,2026-07-25T23:28:02+00:00
ADS-005441,ACCT-000047,B0163,0.0,2026-07-25T23:28:02+00:00
ADS-005442,ACCT-000398,B0163,0.0,2026-07-25T23:28:02+00:00
ADS-005443,ACCT-000499,B0163,7.34,2026-07-25T23:28:02+00:00
ADS-005444,ACCT-000084,B0163,-35.74,2026-07-25T23:28:02+00:00
ADS-005445,ACCT-000011,B0163,0.0,2026-07-25T23:28:02+00:00
ADS-005446,ACCT-000048,B0163,-3.92,2026-07-25T23:28:02+00:00
ADS-005447,ACCT-000290,B0163,42.56,2026-07-25T23:28:02+00:00
ADS-005448,ACCT-000015,B0163,-20.86,2026-07-25T23:28:02+00:00
ADS-005449,ACCT-000063,B0163,9.87,2026-07-25T23:28:02+00:00
ADS-005450,ACCT-000120,B0163,0.0,2026-07-25T23:28:02+00:00
ADS-005451,ACCT-000510,B0163,18.64,2026-07-25T23:28:02+00:00
ADS-005452,ACCT-000585,B0163,79.18,2026-07-25T23:28:02+00:00
ADS-005453,ACCT-000377,B0163,0.0,2026-07-25T23:28:02+00:00
ADS-005454,ACCT-000106,B0163,1.05,2026-07-25T23:28:02+00:00
ADS-005455,ACCT-000148,B0163,0.0,2026-07-25T23:28:02+00:00
ADS-005456,ACCT-000270,B0163,31.77,2026-07-25T23:28:02+00:00
ADS-005457,ACCT-000393,B0163,0.0,2026-07-25T23:28:02+00:00
ADS-005458,ACCT-000222,B0163,57.89,2026-07-25T23:28:02+00:00
ADS-005459,ACCT-000450,B0163,24.76,2026-07-25T23:28:02+00:00
ADS-005460,ACCT-000200,B0163,-30.86,2026-07-25T23:28:02+00:00
ADS-005461,ACCT-000584,B0163,-23.04,2026-07-25T23:28:02+00:00
ADS-005462,ACCT-000052,B0163,0.0,2026-07-25T23:28:02+00:00
ADS-005463,ACCT-000221,B0163,0.0,2026-07-25T23:28:02+00:00
ADS-005464,ACCT-000421,B0163,49.21,2026-07-25T23:28:02+00:00
ADS-005465,ACCT-000095,B0163,-12.68,2026-07-25T23:28:02+00:00
ADS-005466,ACCT-000349,B0163,-21.32,2026-07-25T23:28:02+00:00
ADS-005467,ACCT-000289,B0163,0.0,2026-07-25T23:28:02+00:00
ADS-005468,ACCT-000274,B0163,14.42,2026-07-25T23:28:02+00:00
ADS-005469,ACCT-000551,B0163,0.0,2026-07-25T23:28:02+00:00
ADS-005470,ACCT-000602,B0163,-20.23,2026-07-25T23:28:02+00:00
ADS-005471,ACCT-000603,B0163,0.0,2026-07-25T23:28:02+00:00
ADS-005472,ACCT-000155,B0164,-18.04,2026-07-26T01:06:52+00:00
ADS-005473,ACCT-000302,B0164,37.27,2026-07-26T01:06:52+00:00
ADS-005474,ACCT-000366,B0164,-34.72,2026-07-26T01:06:52+00:00
ADS-005475,ACCT-000505,B0164,0.0,2026-07-26T01:06:52+00:00
ADS-005476,ACCT-000238,B0164,26.38,2026-07-26T01:06:52+00:00
ADS-005477,ACCT-000031,B0164,0.0,2026-07-26T01:06:52+00:00
ADS-005478,ACCT-000014,B0164,-73.62,2026-07-26T01:06:52+00:00
ADS-005479,ACCT-000126,B0164,-24.56,2026-07-26T01:06:52+00:00
ADS-005480,ACCT-000481,B0164,0.0,2026-07-26T01:06:52+00:00
ADS-005481,ACCT-000315,B0164,-17.54,2026-07-26T01:06:52+00:00
ADS-005482,ACCT-000045,B0164,0.0,2026-07-26T01:06:52+00:00
ADS-005483,ACCT-000390,B0164,50.82,2026-07-26T01:06:52+00:00
ADS-005484,ACCT-000541,B0164,-33.42,2026-07-26T01:06:52+00:00
ADS-005485,ACCT-000379,B0164,-68.24,2026-07-26T01:06:52+00:00
ADS-005486,ACCT-000527,B0164,-2.45,2026-07-26T01:06:52+00:00
ADS-005487,ACCT-000575,B0164,-69.9,2026-07-26T01:06:52+00:00
ADS-005488,ACCT-000001,B0164,0.0,2026-07-26T01:06:52+00:00
ADS-005489,ACCT-000474,B0164,0.0,2026-07-26T01:06:52+00:00
ADS-005490,ACCT-000385,B0164,0.0,2026-07-26T01:06:52+00:00
ADS-005491,ACCT-000015,B0164,30.78,2026-07-26T01:06:52+00:00
ADS-005492,ACCT-000557,B0164,64.64,2026-07-26T01:06:52+00:00
ADS-005493,ACCT-000114,B0164,0.0,2026-07-26T01:06:52+00:00
ADS-005494,ACCT-000009,B0164,0.0,2026-07-26T01:06:52+00:00
ADS-005495,ACCT-000268,B0164,-4.88,2026-07-26T01:06:52+00:00
ADS-005496,ACCT-000272,B0164,45.57,2026-07-26T01:06:52+00:00
ADS-005497,ACCT-000396,B0164,6.03,2026-07-26T01:06:52+00:00
ADS-005498,ACCT-000604,B0164,0.0,2026-07-26T01:06:52+00:00
ADS-005499,ACCT-000605,B0164,35.12,2026-07-26T01:06:52+00:00
ADS-005500,ACCT-000606,B0164,12.58,2026-07-26T01:06:52+00:00
ADS-005501,ACCT-000348,B0165,22.47,2026-07-26T04:53:01+00:00
ADS-005502,ACCT-000010,B0165,-23.23,2026-07-26T04:53:01+00:00
ADS-005503,ACCT-000366,B0165,14.94,2026-07-26T04:53:01+00:00
ADS-005504,ACCT-000354,B0165,17.91,2026-07-26T04:53:01+00:00
ADS-005505,ACCT-000386,B0165,56.74,2026-07-26T04:53:01+00:00
ADS-005506,ACCT-000145,B0165,88.02,2026-07-26T04:53:01+00:00
ADS-005507,ACCT-000484,B0165,-3.0,2026-07-26T04:53:01+00:00
ADS-005508,ACCT-000158,B0165,0.0,2026-07-26T04:53:01+00:00
ADS-005509,ACCT-000414,B0165,-45.52,2026-07-26T04:53:01+00:00
ADS-005510,ACCT-000576,B0165,29.38,2026-07-26T04:53:01+00:00
ADS-005511,ACCT-000331,B0165,-26.72,2026-07-26T04:53:01+00:00
ADS-005512,ACCT-000356,B0165,0.0,2026-07-26T04:53:01+00:00
ADS-005513,ACCT-000585,B0165,88.64,2026-07-26T04:53:01+00:00
ADS-005514,ACCT-000603,B0165,0.0,2026-07-26T04:53:01+00:00
ADS-005515,ACCT-000541,B0165,-1.66,2026-07-26T04:53:01+00:00
ADS-005516,ACCT-000593,B0165,0.0,2026-07-26T04:53:01+00:00
ADS-005517,ACCT-000476,B0165,0.0,2026-07-26T04:53:01+00:00
ADS-005518,ACCT-000406,B0165,72.17,2026-07-26T04:53:01+00:00
ADS-005519,ACCT-000505,B0165,0.0,2026-07-26T04:53:01+00:00
ADS-005520,ACCT-000315,B0165,-69.54,2026-07-26T04:53:01+00:00
ADS-005521,ACCT-000599,B0165,29.43,2026-07-26T04:53:01+00:00
ADS-005522,ACCT-000003,B0165,46.39,2026-07-26T04:53:01+00:00
ADS-005523,ACCT-000477,B0165,-4.28,2026-07-26T04:53:01+00:00
ADS-005524,ACCT-000060,B0165,0.0,2026-07-26T04:53:01+00:00
ADS-005525,ACCT-000395,B0165,-52.08,2026-07-26T04:53:01+00:00
ADS-005526,ACCT-000029,B0165,26.33,2026-07-26T04:53:01+00:00
ADS-005527,ACCT-000274,B0165,17.62,2026-07-26T04:53:01+00:00
ADS-005528,ACCT-000232,B0165,7.82,2026-07-26T04:53:01+00:00
ADS-005529,ACCT-000213,B0165,-81.47,2026-07-26T04:53:01+00:00
ADS-005530,ACCT-000514,B0165,-38.43,2026-07-26T04:53:01+00:00
ADS-005531,ACCT-000555,B0165,49.45,2026-07-26T04:53:01+00:00
ADS-005532,ACCT-000328,B0165,13.7,2026-07-26T04:53:01+00:00
ADS-005533,ACCT-000474,B0165,28.01,2026-07-26T04:53:01+00:00
ADS-005534,ACCT-000363,B0165,-36.75,2026-07-26T04:53:01+00:00
ADS-005535,ACCT-000252,B0165,0.0,2026-07-26T04:53:01+00:00
ADS-005536,ACCT-000607,B0165,0.0,2026-07-26T04:53:01+00:00
ADS-005537,ACCT-000608,B0165,75.32,2026-07-26T04:53:01+00:00
ADS-005538,ACCT-000609,B0165,41.81,2026-07-26T04:53:01+00:00
ADS-005539,ACCT-000610,B0165,-42.86,2026-07-26T04:53:01+00:00
ADS-005540,ACCT-000083,B0166,0.0,2026-07-26T07:31:56+00:00
ADS-005541,ACCT-000085,B0166,-19.32,2026-07-26T07:31:56+00:00
ADS-005542,ACCT-000564,B0166,-85.81,2026-07-26T07:31:56+00:00
ADS-005543,ACCT-000581,B0166,0.0,2026-07-26T07:31:56+00:00
ADS-005544,ACCT-000462,B0166,-10.89,2026-07-26T07:31:56+00:00
ADS-005545,ACCT-000322,B0166,-15.86,2026-07-26T07:31:56+00:00
ADS-005546,ACCT-000346,B0166,-61.97,2026-07-26T07:31:56+00:00
ADS-005547,ACCT-000368,B0166,42.45,2026-07-26T07:31:56+00:00
ADS-005548,ACCT-000196,B0166,0.11,2026-07-26T07:31:56+00:00
ADS-005549,ACCT-000312,B0166,0.0,2026-07-26T07:31:56+00:00
ADS-005550,ACCT-000415,B0166,-49.86,2026-07-26T07:31:56+00:00
ADS-005551,ACCT-000561,B0166,1.68,2026-07-26T07:31:56+00:00
ADS-005552,ACCT-000247,B0166,-44.92,2026-07-26T07:31:56+00:00
ADS-005553,ACCT-000235,B0166,0.0,2026-07-26T07:31:56+00:00
ADS-005554,ACCT-000192,B0166,0.0,2026-07-26T07:31:56+00:00
ADS-005555,ACCT-000376,B0166,-30.48,2026-07-26T07:31:56+00:00
ADS-005556,ACCT-000082,B0166,0.0,2026-07-26T07:31:56+00:00
ADS-005557,ACCT-000205,B0166,33.24,2026-07-26T07:31:56+00:00
ADS-005558,ACCT-000543,B0166,-59.36,2026-07-26T07:31:56+00:00
ADS-005559,ACCT-000267,B0166,26.9,2026-07-26T07:31:56+00:00
ADS-005560,ACCT-000241,B0166,-6.01,2026-07-26T07:31:56+00:00
ADS-005561,ACCT-000143,B0166,33.89,2026-07-26T07:31:56+00:00
ADS-005562,ACCT-000492,B0166,41.83,2026-07-26T07:31:56+00:00
ADS-005563,ACCT-000344,B0166,-19.96,2026-07-26T07:31:56+00:00
ADS-005564,ACCT-000063,B0166,-68.68,2026-07-26T07:31:56+00:00
ADS-005565,ACCT-000495,B0166,-1.04,2026-07-26T07:31:56+00:00
ADS-005566,ACCT-000481,B0166,0.0,2026-07-26T07:31:56+00:00
ADS-005567,ACCT-000611,B0166,-6.99,2026-07-26T07:31:56+00:00
ADS-005568,ACCT-000612,B0166,-49.32,2026-07-26T07:31:56+00:00
ADS-005569,ACCT-000012,B0167,-23.8,2026-07-26T09:52:17+00:00
ADS-005570,ACCT-000021,B0167,38.57,2026-07-26T09:52:17+00:00
ADS-005571,ACCT-000501,B0167,10.08,2026-07-26T09:52:17+00:00
ADS-005572,ACCT-000565,B0167,45.23,2026-07-26T09:52:17+00:00
ADS-005573,ACCT-000589,B0167,0.0,2026-07-26T09:52:17+00:00
ADS-005574,ACCT-000220,B0167,2.11,2026-07-26T09:52:17+00:00
ADS-005575,ACCT-000198,B0167,33.58,2026-07-26T09:52:17+00:00
ADS-005576,ACCT-000563,B0167,47.32,2026-07-26T09:52:17+00:00
ADS-005577,ACCT-000398,B0167,0.0,2026-07-26T09:52:17+00:00
ADS-005578,ACCT-000056,B0167,42.2,2026-07-26T09:52:17+00:00
ADS-005579,ACCT-000008,B0167,41.59,2026-07-26T09:52:17+00:00
ADS-005580,ACCT-000298,B0167,32.43,2026-07-26T09:52:17+00:00
ADS-005581,ACCT-000160,B0167,13.36,2026-07-26T09:52:17+00:00
ADS-005582,ACCT-000193,B0167,-2.78,2026-07-26T09:52:17+00:00
ADS-005583,ACCT-000330,B0167,-14.27,2026-07-26T09:52:17+00:00
ADS-005584,ACCT-000493,B0167,25.39,2026-07-26T09:52:17+00:00
ADS-005585,ACCT-000424,B0167,5.21,2026-07-26T09:52:17+00:00
ADS-005586,ACCT-000088,B0167,-10.49,2026-07-26T09:52:17+00:00
ADS-005587,ACCT-000293,B0167,27.51,2026-07-26T09:52:17+00:00
ADS-005588,ACCT-000218,B0167,0.0,2026-07-26T09:52:17+00:00
ADS-005589,ACCT-000284,B0167,7.5,2026-07-26T09:52:17+00:00
ADS-005590,ACCT-000480,B0167,0.0,2026-07-26T09:52:17+00:00
ADS-005591,ACCT-000512,B0167,-21.96,2026-07-26T09:52:17+00:00
ADS-005592,ACCT-000264,B0167,0.0,2026-07-26T09:52:17+00:00
ADS-005593,ACCT-000348,B0167,0.0,2026-07-26T09:52:17+00:00
ADS-005594,ACCT-000036,B0167,80.55,2026-07-26T09:52:17+00:00
ADS-005595,ACCT-000190,B0167,0.0,2026-07-26T09:52:17+00:00
ADS-005596,ACCT-000007,B0167,33.55,2026-07-26T09:52:17+00:00
ADS-005597,ACCT-000613,B0167,0.0,2026-07-26T09:52:17+00:00
ADS-005598,ACCT-000614,B0167,0.0,2026-07-26T09:52:17+00:00
ADS-005599,ACCT-000615,B0167,39.47,2026-07-26T09:52:17+00:00
ADS-005600,ACCT-000616,B0167,11.99,2026-07-26T09:52:17+00:00
ADS-005601,ACCT-000098,B0168,-23.94,2026-07-26T11:14:47+00:00
ADS-005602,ACCT-000236,B0168,-45.99,2026-07-26T11:14:47+00:00
ADS-005603,ACCT-000060,B0168,-8.43,2026-07-26T11:14:47+00:00
ADS-005604,ACCT-000202,B0168,-28.34,2026-07-26T11:14:47+00:00
ADS-005605,ACCT-000563,B0168,0.0,2026-07-26T11:14:47+00:00
ADS-005606,ACCT-000043,B0168,-3.51,2026-07-26T11:14:47+00:00
ADS-005607,ACCT-000499,B0168,26.24,2026-07-26T11:14:47+00:00
ADS-005608,ACCT-000603,B0168,0.0,2026-07-26T11:14:47+00:00
ADS-005609,ACCT-000200,B0168,41.38,2026-07-26T11:14:47+00:00
ADS-005610,ACCT-000010,B0168,0.0,2026-07-26T11:14:47+00:00
ADS-005611,ACCT-000145,B0168,-8.24,2026-07-26T11:14:47+00:00
ADS-005612,ACCT-000599,B0168,28.58,2026-07-26T11:14:47+00:00
ADS-005613,ACCT-000532,B0168,25.09,2026-07-26T11:14:47+00:00
ADS-005614,ACCT-000284,B0168,-3.77,2026-07-26T11:14:47+00:00
ADS-005615,ACCT-000545,B0168,0.0,2026-07-26T11:14:47+00:00
ADS-005616,ACCT-000405,B0168,92.75,2026-07-26T11:14:47+00:00
ADS-005617,ACCT-000146,B0168,0.0,2026-07-26T11:14:47+00:00
ADS-005618,ACCT-000456,B0168,-2.86,2026-07-26T11:14:47+00:00
ADS-005619,ACCT-000153,B0168,-8.39,2026-07-26T11:14:47+00:00
ADS-005620,ACCT-000366,B0168,10.34,2026-07-26T11:14:47+00:00
ADS-005621,ACCT-000095,B0168,-1.51,2026-07-26T11:14:47+00:00
ADS-005622,ACCT-000434,B0168,42.94,2026-07-26T11:14:47+00:00
ADS-005623,ACCT-000108,B0168,0.0,2026-07-26T11:14:47+00:00
ADS-005624,ACCT-000600,B0168,-76.41,2026-07-26T11:14:47+00:00
ADS-005625,ACCT-000386,B0168,-16.94,2026-07-26T11:14:47+00:00
ADS-005626,ACCT-000500,B0168,0.0,2026-07-26T11:14:47+00:00
ADS-005627,ACCT-000501,B0168,34.12,2026-07-26T11:14:47+00:00
ADS-005628,ACCT-000206,B0168,0.0,2026-07-26T11:14:47+00:00
ADS-005629,ACCT-000402,B0168,11.79,2026-07-26T11:14:47+00:00
ADS-005630,ACCT-000224,B0168,0.0,2026-07-26T11:14:47+00:00
ADS-005631,ACCT-000152,B0168,-16.53,2026-07-26T11:14:47+00:00
ADS-005632,ACCT-000617,B0168,0.0,2026-07-26T11:14:47+00:00
ADS-005633,ACCT-000618,B0168,24.34,2026-07-26T11:14:47+00:00
ADS-005634,ACCT-000619,B0168,102.46,2026-07-26T11:14:47+00:00
ADS-005635,ACCT-000415,B0169,-48.05,2026-07-26T12:36:38+00:00
ADS-005636,ACCT-000616,B0169,-68.69,2026-07-26T12:36:38+00:00
ADS-005637,ACCT-000166,B0169,53.51,2026-07-26T12:36:38+00:00
ADS-005638,ACCT-000243,B0169,0.0,2026-07-26T12:36:38+00:00
ADS-005639,ACCT-000372,B0169,13.2,2026-07-26T12:36:38+00:00
ADS-005640,ACCT-000393,B0169,46.72,2026-07-26T12:36:38+00:00
ADS-005641,ACCT-000267,B0169,-15.34,2026-07-26T12:36:38+00:00
ADS-005642,ACCT-000516,B0169,0.0,2026-07-26T12:36:38+00:00
ADS-005643,ACCT-000215,B0169,-9.09,2026-07-26T12:36:38+00:00
ADS-005644,ACCT-000064,B0169,0.0,2026-07-26T12:36:38+00:00
ADS-005645,ACCT-000498,B0169,-24.94,2026-07-26T12:36:38+00:00
ADS-005646,ACCT-000581,B0169,-30.49,2026-07-26T12:36:38+00:00
ADS-005647,ACCT-000549,B0169,38.28,2026-07-26T12:36:38+00:00
ADS-005648,ACCT-000561,B0169,-66.76,2026-07-26T12:36:38+00:00
ADS-005649,ACCT-000424,B0169,-39.8,2026-07-26T12:36:38+00:00
ADS-005650,ACCT-000077,B0169,-64.26,2026-07-26T12:36:38+00:00
ADS-005651,ACCT-000010,B0169,0.0,2026-07-26T12:36:38+00:00
ADS-005652,ACCT-000017,B0169,0.0,2026-07-26T12:36:38+00:00
ADS-005653,ACCT-000337,B0169,69.47,2026-07-26T12:36:38+00:00
ADS-005654,ACCT-000048,B0169,-75.92,2026-07-26T12:36:38+00:00
ADS-005655,ACCT-000369,B0169,-13.68,2026-07-26T12:36:38+00:00
ADS-005656,ACCT-000039,B0169,-72.79,2026-07-26T12:36:38+00:00
ADS-005657,ACCT-000577,B0169,83.43,2026-07-26T12:36:38+00:00
ADS-005658,ACCT-000317,B0169,-14.79,2026-07-26T12:36:38+00:00
ADS-005659,ACCT-000420,B0169,44.3,2026-07-26T12:36:38+00:00
ADS-005660,ACCT-000330,B0169,0.0,2026-07-26T12:36:38+00:00
ADS-005661,ACCT-000019,B0169,0.0,2026-07-26T12:36:38+00:00
ADS-005662,ACCT-000547,B0169,0.0,2026-07-26T12:36:38+00:00
ADS-005663,ACCT-000093,B0169,-79.62,2026-07-26T12:36:38+00:00
ADS-005664,ACCT-000620,B0169,13.33,2026-07-26T12:36:38+00:00
ADS-005665,ACCT-000621,B0169,0.0,2026-07-26T12:36:38+00:00
ADS-005666,ACCT-000622,B0169,25.1,2026-07-26T12:36:38+00:00
ADS-005667,ACCT-000431,B0170,0.0,2026-07-26T14:25:16+00:00
ADS-005668,ACCT-000513,B0170,0.0,2026-07-26T14:25:16+00:00
ADS-005669,ACCT-000427,B0170,0.0,2026-07-26T14:25:16+00:00
ADS-005670,ACCT-000284,B0170,-33.33,2026-07-26T14:25:16+00:00
ADS-005671,ACCT-000208,B0170,29.19,2026-07-26T14:25:16+00:00
ADS-005672,ACCT-000122,B0170,-3.12,2026-07-26T14:25:16+00:00
ADS-005673,ACCT-000221,B0170,-10.11,2026-07-26T14:25:16+00:00
ADS-005674,ACCT-000379,B0170,-24.39,2026-07-26T14:25:16+00:00
ADS-005675,ACCT-000606,B0170,19.17,2026-07-26T14:25:16+00:00
ADS-005676,ACCT-000588,B0170,0.0,2026-07-26T14:25:16+00:00
ADS-005677,ACCT-000147,B0170,0.0,2026-07-26T14:25:16+00:00
ADS-005678,ACCT-000580,B0170,0.0,2026-07-26T14:25:16+00:00
ADS-005679,ACCT-000452,B0170,34.55,2026-07-26T14:25:16+00:00
ADS-005680,ACCT-000457,B0170,-45.5,2026-07-26T14:25:16+00:00
ADS-005681,ACCT-000509,B0170,0.0,2026-07-26T14:25:16+00:00
ADS-005682,ACCT-000079,B0170,-47.4,2026-07-26T14:25:16+00:00
ADS-005683,ACCT-000421,B0170,0.0,2026-07-26T14:25:16+00:00
ADS-005684,ACCT-000405,B0170,-17.38,2026-07-26T14:25:16+00:00
ADS-005685,ACCT-000255,B0170,0.0,2026-07-26T14:25:16+00:00
ADS-005686,ACCT-000598,B0170,32.33,2026-07-26T14:25:16+00:00
ADS-005687,ACCT-000530,B0170,67.55,2026-07-26T14:25:16+00:00
ADS-005688,ACCT-000470,B0170,-9.42,2026-07-26T14:25:16+00:00
ADS-005689,ACCT-000160,B0170,-5.79,2026-07-26T14:25:16+00:00
ADS-005690,ACCT-000447,B0170,53.82,2026-07-26T14:25:16+00:00
ADS-005691,ACCT-000037,B0170,0.0,2026-07-26T14:25:16+00:00
ADS-005692,ACCT-000343,B0170,-50.34,2026-07-26T14:25:16+00:00
ADS-005693,ACCT-000347,B0170,21.14,2026-07-26T14:25:16+00:00
ADS-005694,ACCT-000202,B0170,-21.39,2026-07-26T14:25:16+00:00
ADS-005695,ACCT-000150,B0170,-35.58,2026-07-26T14:25:16+00:00
ADS-005696,ACCT-000395,B0170,0.0,2026-07-26T14:25:16+00:00
ADS-005697,ACCT-000235,B0170,0.0,2026-07-26T14:25:16+00:00
ADS-005698,ACCT-000303,B0170,0.0,2026-07-26T14:25:16+00:00
ADS-005699,ACCT-000517,B0170,31.23,2026-07-26T14:25:16+00:00
ADS-005700,ACCT-000623,B0170,0.0,2026-07-26T14:25:16+00:00
ADS-005701,ACCT-000624,B0170,47.56,2026-07-26T14:25:16+00:00
ADS-005702,ACCT-000625,B0170,-7.24,2026-07-26T14:25:16+00:00
ADS-005703,ACCT-000626,B0170,-52.34,2026-07-26T14:25:16+00:00
ADS-005704,ACCT-000268,B0171,0.0,2026-07-26T15:36:59+00:00
ADS-005705,ACCT-000443,B0171,-41.55,2026-07-26T15:36:59+00:00
ADS-005706,ACCT-000246,B0171,0.0,2026-07-26T15:36:59+00:00
ADS-005707,ACCT-000161,B0171,0.0,2026-07-26T15:36:59+00:00
ADS-005708,ACCT-000414,B0171,32.83,2026-07-26T15:36:59+00:00
ADS-005709,ACCT-000580,B0171,-37.6,2026-07-26T15:36:59+00:00
ADS-005710,ACCT-000536,B0171,0.0,2026-07-26T15:36:59+00:00
ADS-005711,ACCT-000271,B0171,21.26,2026-07-26T15:36:59+00:00
ADS-005712,ACCT-000195,B0171,0.0,2026-07-26T15:36:59+00:00
ADS-005713,ACCT-000065,B0171,-6.27,2026-07-26T15:36:59+00:00
ADS-005714,ACCT-000397,B0171,-29.04,2026-07-26T15:36:59+00:00
ADS-005715,ACCT-000423,B0171,0.0,2026-07-26T15:36:59+00:00
ADS-005716,ACCT-000042,B0171,30.17,2026-07-26T15:36:59+00:00
ADS-005717,ACCT-000343,B0171,0.0,2026-07-26T15:36:59+00:00
ADS-005718,ACCT-000452,B0171,0.0,2026-07-26T15:36:59+00:00
ADS-005719,ACCT-000584,B0171,0.0,2026-07-26T15:36:59+00:00
ADS-005720,ACCT-000162,B0171,0.0,2026-07-26T15:36:59+00:00
ADS-005721,ACCT-000326,B0171,10.81,2026-07-26T15:36:59+00:00
ADS-005722,ACCT-000448,B0171,0.0,2026-07-26T15:36:59+00:00
ADS-005723,ACCT-000058,B0171,9.11,2026-07-26T15:36:59+00:00
ADS-005724,ACCT-000182,B0171,-55.41,2026-07-26T15:36:59+00:00
ADS-005725,ACCT-000553,B0171,-43.59,2026-07-26T15:36:59+00:00
ADS-005726,ACCT-000157,B0171,12.25,2026-07-26T15:36:59+00:00
ADS-005727,ACCT-000255,B0171,0.0,2026-07-26T15:36:59+00:00
ADS-005728,ACCT-000557,B0171,30.24,2026-07-26T15:36:59+00:00
ADS-005729,ACCT-000085,B0171,-22.21,2026-07-26T15:36:59+00:00
ADS-005730,ACCT-000385,B0171,0.0,2026-07-26T15:36:59+00:00
ADS-005731,ACCT-000166,B0171,-19.03,2026-07-26T15:36:59+00:00
ADS-005732,ACCT-000090,B0171,11.08,2026-07-26T15:36:59+00:00
ADS-005733,ACCT-000551,B0171,34.58,2026-07-26T15:36:59+00:00
ADS-005734,ACCT-000171,B0171,50.8,2026-07-26T15:36:59+00:00
ADS-005735,ACCT-000613,B0171,0.0,2026-07-26T15:36:59+00:00
ADS-005736,ACCT-000627,B0171,-18.36,2026-07-26T15:36:59+00:00
ADS-005737,ACCT-000628,B0171,-30.27,2026-07-26T15:36:59+00:00
ADS-005738,ACCT-000629,B0171,14.14,2026-07-26T15:36:59+00:00
ADS-005739,ACCT-000630,B0171,32.29,2026-07-26T15:36:59+00:00
ADS-005740,ACCT-000218,B0172,-57.91,2026-07-26T16:51:27+00:00
ADS-005741,ACCT-000377,B0172,0.0,2026-07-26T16:51:27+00:00
ADS-005742,ACCT-000077,B0172,0.88,2026-07-26T16:51:27+00:00
ADS-005743,ACCT-000028,B0172,51.21,2026-07-26T16:51:27+00:00
ADS-005744,ACCT-000554,B0172,-30.58,2026-07-26T16:51:27+00:00
ADS-005745,ACCT-000322,B0172,52.81,2026-07-26T16:51:27+00:00
ADS-005746,ACCT-000589,B0172,26.87,2026-07-26T16:51:27+00:00
ADS-005747,ACCT-000319,B0172,39.12,2026-07-26T16:51:27+00:00
ADS-005748,ACCT-000343,B0172,0.0,2026-07-26T16:51:27+00:00
ADS-005749,ACCT-000234,B0172,0.0,2026-07-26T16:51:27+00:00
ADS-005750,ACCT-000407,B0172,46.11,2026-07-26T16:51:27+00:00
ADS-005751,ACCT-000543,B0172,-25.92,2026-07-26T16:51:27+00:00
ADS-005752,ACCT-000447,B0172,23.94,2026-07-26T16:51:27+00:00
ADS-005753,ACCT-000080,B0172,40.42,2026-07-26T16:51:27+00:00
ADS-005754,ACCT-000555,B0172,-50.04,2026-07-26T16:51:27+00:00
ADS-005755,ACCT-000302,B0172,-62.75,2026-07-26T16:51:27+00:00
ADS-005756,ACCT-000590,B0172,0.0,2026-07-26T16:51:27+00:00
ADS-005757,ACCT-000553,B0172,64.77,2026-07-26T16:51:27+00:00
ADS-005758,ACCT-000618,B0172,0.0,2026-07-26T16:51:27+00:00
ADS-005759,ACCT-000076,B0172,-13.35,2026-07-26T16:51:27+00:00
ADS-005760,ACCT-000346,B0172,-17.35,2026-07-26T16:51:27+00:00
ADS-005761,ACCT-000490,B0172,-27.43,2026-07-26T16:51:27+00:00
ADS-005762,ACCT-000609,B0172,-35.71,2026-07-26T16:51:27+00:00
ADS-005763,ACCT-000448,B0172,-2.97,2026-07-26T16:51:27+00:00
ADS-005764,ACCT-000151,B0172,0.0,2026-07-26T16:51:27+00:00
ADS-005765,ACCT-000278,B0172,34.88,2026-07-26T16:51:27+00:00
ADS-005766,ACCT-000069,B0172,33.34,2026-07-26T16:51:27+00:00
ADS-005767,ACCT-000456,B0172,-44.53,2026-07-26T16:51:27+00:00
ADS-005768,ACCT-000132,B0172,0.0,2026-07-26T16:51:27+00:00
ADS-005769,ACCT-000475,B0172,-39.16,2026-07-26T16:51:27+00:00
ADS-005770,ACCT-000631,B0172,10.54,2026-07-26T16:51:27+00:00
ADS-005771,ACCT-000632,B0172,0.0,2026-07-26T16:51:27+00:00
ADS-005772,ACCT-000633,B0172,-41.71,2026-07-26T16:51:27+00:00
ADS-005773,ACCT-000634,B0172,25.06,2026-07-26T16:51:27+00:00
ADS-005774,ACCT-000316,B0173,10.37,2026-07-26T17:56:11+00:00
ADS-005775,ACCT-000310,B0173,-37.64,2026-07-26T17:56:11+00:00
ADS-005776,ACCT-000617,B0173,-34.87,2026-07-26T17:56:11+00:00
ADS-005777,ACCT-000454,B0173,-49.55,2026-07-26T17:56:11+00:00
ADS-005778,ACCT-000025,B0173,0.0,2026-07-26T17:56:11+00:00
ADS-005779,ACCT-000153,B0173,-32.04,2026-07-26T17:56:11+00:00
ADS-005780,ACCT-000612,B0173,-17.36,2026-07-26T17:56:11+00:00
ADS-005781,ACCT-000161,B0173,13.87,2026-07-26T17:56:11+00:00
ADS-005782,ACCT-000160,B0173,39.61,2026-07-26T17:56:11+00:00
ADS-005783,ACCT-000023,B0173,-14.28,2026-07-26T17:56:11+00:00
ADS-005784,ACCT-000395,B0173,67.97,2026-07-26T17:56:11+00:00
ADS-005785,ACCT-000204,B0173,0.0,2026-07-26T17:56:11+00:00
ADS-005786,ACCT-000287,B0173,-28.45,2026-07-26T17:56:11+00:00
ADS-005787,ACCT-000221,B0173,29.86,2026-07-26T17:56:11+00:00
ADS-005788,ACCT-000290,B0173,0.0,2026-07-26T17:56:11+00:00
ADS-005789,ACCT-000608,B0173,19.87,2026-07-26T17:56:11+00:00
ADS-005790,ACCT-000338,B0173,-10.0,2026-07-26T17:56:11+00:00
ADS-005791,ACCT-000331,B0173,0.0,2026-07-26T17:56:11+00:00
ADS-005792,ACCT-000466,B0173,0.0,2026-07-26T17:56:11+00:00
ADS-005793,ACCT-000283,B0173,53.23,2026-07-26T17:56:11+00:00
ADS-005794,ACCT-000537,B0173,0.0,2026-07-26T17:56:11+00:00
ADS-005795,ACCT-000462,B0173,0.0,2026-07-26T17:56:11+00:00
ADS-005796,ACCT-000363,B0173,-19.75,2026-07-26T17:56:11+00:00
ADS-005797,ACCT-000491,B0173,0.0,2026-07-26T17:56:11+00:00
ADS-005798,ACCT-000410,B0173,0.0,2026-07-26T17:56:11+00:00
ADS-005799,ACCT-000268,B0173,-11.41,2026-07-26T17:56:11+00:00
ADS-005800,ACCT-000581,B0173,0.0,2026-07-26T17:56:11+00:00
ADS-005801,ACCT-000553,B0173,0.0,2026-07-26T17:56:11+00:00
ADS-005802,ACCT-000635,B0173,59.81,2026-07-26T17:56:11+00:00
ADS-005803,ACCT-000636,B0173,-30.45,2026-07-26T17:56:11+00:00
ADS-005804,ACCT-000637,B0173,25.11,2026-07-26T17:56:11+00:00
ADS-005805,ACCT-000429,B0174,-9.12,2026-07-26T19:01:49+00:00
ADS-005806,ACCT-000077,B0174,0.0,2026-07-26T19:01:49+00:00
ADS-005807,ACCT-000017,B0174,23.93,2026-07-26T19:01:49+00:00
ADS-005808,ACCT-000228,B0174,-59.58,2026-07-26T19:01:49+00:00
ADS-005809,ACCT-000435,B0174,19.62,2026-07-26T19:01:49+00:00
ADS-005810,ACCT-000565,B0174,-18.1,2026-07-26T19:01:49+00:00
ADS-005811,ACCT-000259,B0174,0.0,2026-07-26T19:01:49+00:00
ADS-005812,ACCT-000342,B0174,45.8,2026-07-26T19:01:49+00:00
ADS-005813,ACCT-000089,B0174,-81.23,2026-07-26T19:01:49+00:00
ADS-005814,ACCT-000397,B0174,0.0,2026-07-26T19:01:49+00:00
ADS-005815,ACCT-000226,B0174,0.0,2026-07-26T19:01:49+00:00
ADS-005816,ACCT-000126,B0174,0.0,2026-07-26T19:01:49+00:00
ADS-005817,ACCT-000625,B0174,-15.53,2026-07-26T19:01:49+00:00
ADS-005818,ACCT-000616,B0174,42.33,2026-07-26T19:01:49+00:00
ADS-005819,ACCT-000168,B0174,0.0,2026-07-26T19:01:49+00:00
ADS-005820,ACCT-000573,B0174,0.0,2026-07-26T19:01:49+00:00
ADS-005821,ACCT-000206,B0174,-42.12,2026-07-26T19:01:49+00:00
ADS-005822,ACCT-000325,B0174,0.0,2026-07-26T19:01:49+00:00
ADS-005823,ACCT-000490,B0174,2.95,2026-07-26T19:01:49+00:00
ADS-005824,ACCT-000295,B0174,0.0,2026-07-26T19:01:49+00:00
ADS-005825,ACCT-000578,B0174,0.0,2026-07-26T19:01:49+00:00
ADS-005826,ACCT-000219,B0174,-0.61,2026-07-26T19:01:49+00:00
ADS-005827,ACCT-000341,B0174,22.55,2026-07-26T19:01:49+00:00
ADS-005828,ACCT-000567,B0174,63.41,2026-07-26T19:01:49+00:00
ADS-005829,ACCT-000564,B0174,0.0,2026-07-26T19:01:49+00:00
ADS-005830,ACCT-000422,B0174,-70.29,2026-07-26T19:01:49+00:00
ADS-005831,ACCT-000224,B0174,-8.1,2026-07-26T19:01:49+00:00
ADS-005832,ACCT-000011,B0174,26.68,2026-07-26T19:01:49+00:00
ADS-005833,ACCT-000339,B0174,41.06,2026-07-26T19:01:49+00:00
ADS-005834,ACCT-000208,B0174,50.04,2026-07-26T19:01:49+00:00
ADS-005835,ACCT-000638,B0174,35.47,2026-07-26T19:01:49+00:00
ADS-005836,ACCT-000639,B0174,0.0,2026-07-26T19:01:49+00:00
ADS-005837,ACCT-000640,B0174,0.0,2026-07-26T19:01:49+00:00
ADS-005838,ACCT-000136,B0175,11.26,2026-07-26T20:29:08+00:00
ADS-005839,ACCT-000003,B0175,44.9,2026-07-26T20:29:08+00:00
ADS-005840,ACCT-000598,B0175,0.0,2026-07-26T20:29:08+00:00
ADS-005841,ACCT-000546,B0175,49.98,2026-07-26T20:29:08+00:00
ADS-005842,ACCT-000279,B0175,-6.92,2026-07-26T20:29:08+00:00
ADS-005843,ACCT-000622,B0175,-55.04,2026-07-26T20:29:08+00:00
ADS-005844,ACCT-000242,B0175,-1.17,2026-07-26T20:29:08+00:00
ADS-005845,ACCT-000069,B0175,-11.17,2026-07-26T20:29:08+00:00
ADS-005846,ACCT-000297,B0175,-10.92,2026-07-26T20:29:08+00:00
ADS-005847,ACCT-000282,B0175,0.0,2026-07-26T20:29:08+00:00
ADS-005848,ACCT-000153,B0175,-4.7,2026-07-26T20:29:08+00:00
ADS-005849,ACCT-000572,B0175,0.0,2026-07-26T20:29:08+00:00
ADS-005850,ACCT-000344,B0175,-39.0,2026-07-26T20:29:08+00:00
ADS-005851,ACCT-000078,B0175,24.37,2026-07-26T20:29:08+00:00
ADS-005852,ACCT-000354,B0175,0.0,2026-07-26T20:29:08+00:00
ADS-005853,ACCT-000321,B0175,17.2,2026-07-26T20:29:08+00:00
ADS-005854,ACCT-000189,B0175,-2.62,2026-07-26T20:29:08+00:00
ADS-005855,ACCT-000346,B0175,30.87,2026-07-26T20:29:08+00:00
ADS-005856,ACCT-000071,B0175,-3.58,2026-07-26T20:29:08+00:00
ADS-005857,ACCT-000404,B0175,8.78,2026-07-26T20:29:08+00:00
ADS-005858,ACCT-000341,B0175,0.0,2026-07-26T20:29:08+00:00
ADS-005859,ACCT-000131,B0175,10.07,2026-07-26T20:29:08+00:00
ADS-005860,ACCT-000212,B0175,-11.55,2026-07-26T20:29:08+00:00
ADS-005861,ACCT-000301,B0175,-6.64,2026-07-26T20:29:08+00:00
ADS-005862,ACCT-000574,B0175,33.6,2026-07-26T20:29:08+00:00
ADS-005863,ACCT-000039,B0175,0.0,2026-07-26T20:29:08+00:00
ADS-005864,ACCT-000453,B0175,0.0,2026-07-26T20:29:08+00:00
ADS-005865,ACCT-000322,B0175,30.53,2026-07-26T20:29:08+00:00
ADS-005866,ACCT-000052,B0175,0.0,2026-07-26T20:29:08+00:00
ADS-005867,ACCT-000641,B0175,1.92,2026-07-26T20:29:08+00:00
ADS-005868,ACCT-000642,B0175,0.0,2026-07-26T20:29:08+00:00
ADS-005869,ACCT-000643,B0175,-36.91,2026-07-26T20:29:08+00:00
ADS-005870,ACCT-000644,B0175,-43.99,2026-07-26T20:29:08+00:00
ADS-005871,ACCT-000565,B0176,38.52,2026-07-26T21:26:49+00:00
ADS-005872,ACCT-000035,B0176,-30.95,2026-07-26T21:26:49+00:00
ADS-005873,ACCT-000149,B0176,17.7,2026-07-26T21:26:49+00:00
ADS-005874,ACCT-000480,B0176,-6.33,2026-07-26T21:26:49+00:00
ADS-005875,ACCT-000643,B0176,-44.69,2026-07-26T21:26:49+00:00
ADS-005876,ACCT-000054,B0176,-2.81,2026-07-26T21:26:49+00:00
ADS-005877,ACCT-000154,B0176,0.0,2026-07-26T21:26:49+00:00
ADS-005878,ACCT-000084,B0176,-16.74,2026-07-26T21:26:49+00:00
ADS-005879,ACCT-000273,B0176,0.0,2026-07-26T21:26:49+00:00
ADS-005880,ACCT-000463,B0176,0.0,2026-07-26T21:26:49+00:00
ADS-005881,ACCT-000407,B0176,-6.9,2026-07-26T21:26:49+00:00
ADS-005882,ACCT-000589,B0176,30.88,2026-07-26T21:26:49+00:00
ADS-005883,ACCT-000491,B0176,0.0,2026-07-26T21:26:49+00:00
ADS-005884,ACCT-000520,B0176,0.0,2026-07-26T21:26:49+00:00
ADS-005885,ACCT-000148,B0176,0.0,2026-07-26T21:26:49+00:00
ADS-005886,ACCT-000618,B0176,0.0,2026-07-26T21:26:49+00:00
ADS-005887,ACCT-000366,B0176,-39.12,2026-07-26T21:26:49+00:00
ADS-005888,ACCT-000139,B0176,0.0,2026-07-26T21:26:49+00:00
ADS-005889,ACCT-000083,B0176,0.0,2026-07-26T21:26:49+00:00
ADS-005890,ACCT-000243,B0176,5.46,2026-07-26T21:26:49+00:00
ADS-005891,ACCT-000531,B0176,0.0,2026-07-26T21:26:49+00:00
ADS-005892,ACCT-000147,B0176,-6.45,2026-07-26T21:26:49+00:00
ADS-005893,ACCT-000620,B0176,0.0,2026-07-26T21:26:49+00:00
ADS-005894,ACCT-000261,B0176,-37.17,2026-07-26T21:26:49+00:00
ADS-005895,ACCT-000087,B0176,0.0,2026-07-26T21:26:49+00:00
ADS-005896,ACCT-000360,B0176,-22.91,2026-07-26T21:26:49+00:00
ADS-005897,ACCT-000016,B0176,21.04,2026-07-26T21:26:49+00:00
ADS-005898,ACCT-000313,B0176,29.01,2026-07-26T21:26:49+00:00
ADS-005899,ACCT-000180,B0176,-36.87,2026-07-26T21:26:49+00:00
ADS-005900,ACCT-000563,B0176,-3.15,2026-07-26T21:26:49+00:00
ADS-005901,ACCT-000178,B0176,19.55,2026-07-26T21:26:49+00:00
ADS-005902,ACCT-000645,B0176,0.0,2026-07-26T21:26:49+00:00
ADS-005903,ACCT-000646,B0176,14.2,2026-07-26T21:26:49+00:00
ADS-005904,ACCT-000647,B0176,0.0,2026-07-26T21:26:49+00:00
ADS-005905,ACCT-000648,B0176,-60.96,2026-07-26T21:26:49+00:00
ADS-005906,ACCT-000014,B0177,18.99,2026-07-26T22:28:44+00:00
ADS-005907,ACCT-000618,B0177,-19.79,2026-07-26T22:28:44+00:00
ADS-005908,ACCT-000497,B0177,-51.7,2026-07-26T22:28:44+00:00
ADS-005909,ACCT-000605,B0177,-5.84,2026-07-26T22:28:44+00:00
ADS-005910,ACCT-000243,B0177,2.39,2026-07-26T22:28:44+00:00
ADS-005911,ACCT-000598,B0177,18.47,2026-07-26T22:28:44+00:00
ADS-005912,ACCT-000075,B0177,27.13,2026-07-26T22:28:44+00:00
ADS-005913,ACCT-000444,B0177,0.0,2026-07-26T22:28:44+00:00
ADS-005914,ACCT-000113,B0177,0.0,2026-07-26T22:28:44+00:00
ADS-005915,ACCT-000421,B0177,70.47,2026-07-26T22:28:44+00:00
ADS-005916,ACCT-000538,B0177,-29.98,2026-07-26T22:28:44+00:00
ADS-005917,ACCT-000506,B0177,-80.85,2026-07-26T22:28:44+00:00
ADS-005918,ACCT-000115,B0177,0.0,2026-07-26T22:28:44+00:00
ADS-005919,ACCT-000409,B0177,0.0,2026-07-26T22:28:44+00:00
ADS-005920,ACCT-000446,B0177,-3.06,2026-07-26T22:28:44+00:00
ADS-005921,ACCT-000219,B0177,-67.59,2026-07-26T22:28:44+00:00
ADS-005922,ACCT-000367,B0177,1.72,2026-07-26T22:28:44+00:00
ADS-005923,ACCT-000494,B0177,0.0,2026-07-26T22:28:44+00:00
ADS-005924,ACCT-000422,B0177,19.25,2026-07-26T22:28:44+00:00
ADS-005925,ACCT-000186,B0177,0.0,2026-07-26T22:28:44+00:00
ADS-005926,ACCT-000509,B0177,22.5,2026-07-26T22:28:44+00:00
ADS-005927,ACCT-000532,B0177,0.0,2026-07-26T22:28:44+00:00
ADS-005928,ACCT-000230,B0177,-12.53,2026-07-26T22:28:44+00:00
ADS-005929,ACCT-000441,B0177,56.52,2026-07-26T22:28:44+00:00
ADS-005930,ACCT-000510,B0177,52.03,2026-07-26T22:28:44+00:00
ADS-005931,ACCT-000382,B0177,-5.02,2026-07-26T22:28:44+00:00
ADS-005932,ACCT-000077,B0177,-12.54,2026-07-26T22:28:44+00:00
ADS-005933,ACCT-000355,B0177,16.87,2026-07-26T22:28:44+00:00
ADS-005934,ACCT-000089,B0177,37.28,2026-07-26T22:28:44+00:00
ADS-005935,ACCT-000577,B0177,46.71,2026-07-26T22:28:44+00:00
ADS-005936,ACCT-000408,B0177,0.0,2026-07-26T22:28:44+00:00
ADS-005937,ACCT-000354,B0177,-42.52,2026-07-26T22:28:44+00:00
ADS-005938,ACCT-000571,B0177,-10.91,2026-07-26T22:28:44+00:00
ADS-005939,ACCT-000513,B0177,23.25,2026-07-26T22:28:44+00:00
ADS-005940,ACCT-000649,B0177,0.0,2026-07-26T22:28:44+00:00
ADS-005941,ACCT-000650,B0177,0.0,2026-07-26T22:28:44+00:00
ADS-005942,ACCT-000427,B0178,33.35,2026-07-26T23:29:39+00:00
ADS-005943,ACCT-000294,B0178,0.0,2026-07-26T23:29:39+00:00
ADS-005944,ACCT-000216,B0178,0.0,2026-07-26T23:29:39+00:00
ADS-005945,ACCT-000525,B0178,20.57,2026-07-26T23:29:39+00:00
ADS-005946,ACCT-000597,B0178,-60.6,2026-07-26T23:29:39+00:00
ADS-005947,ACCT-000500,B0178,-35.72,2026-07-26T23:29:39+00:00
ADS-005948,ACCT-000297,B0178,45.55,2026-07-26T23:29:39+00:00
ADS-005949,ACCT-000259,B0178,0.0,2026-07-26T23:29:39+00:00
ADS-005950,ACCT-000502,B0178,20.36,2026-07-26T23:29:39+00:00
ADS-005951,ACCT-000197,B0178,0.0,2026-07-26T23:29:39+00:00
ADS-005952,ACCT-000567,B0178,0.0,2026-07-26T23:29:39+00:00
ADS-005953,ACCT-000361,B0178,-13.13,2026-07-26T23:29:39+00:00
ADS-005954,ACCT-000092,B0178,0.0,2026-07-26T23:29:39+00:00
ADS-005955,ACCT-000517,B0178,31.74,2026-07-26T23:29:39+00:00
ADS-005956,ACCT-000538,B0178,-4.92,2026-07-26T23:29:39+00:00
ADS-005957,ACCT-000009,B0178,-88.37,2026-07-26T23:29:39+00:00
ADS-005958,ACCT-000533,B0178,97.09,2026-07-26T23:29:39+00:00
ADS-005959,ACCT-000488,B0178,-46.39,2026-07-26T23:29:39+00:00
ADS-005960,ACCT-000061,B0178,0.0,2026-07-26T23:29:39+00:00
ADS-005961,ACCT-000648,B0178,-45.34,2026-07-26T23:29:39+00:00
ADS-005962,ACCT-000249,B0178,0.0,2026-07-26T23:29:39+00:00
ADS-005963,ACCT-000255,B0178,63.31,2026-07-26T23:29:39+00:00
ADS-005964,ACCT-000101,B0178,-10.24,2026-07-26T23:29:39+00:00
ADS-005965,ACCT-000053,B0178,-36.87,2026-07-26T23:29:39+00:00
ADS-005966,ACCT-000545,B0178,47.78,2026-07-26T23:29:39+00:00
ADS-005967,ACCT-000146,B0178,1.3,2026-07-26T23:29:39+00:00
ADS-005968,ACCT-000321,B0178,-15.1,2026-07-26T23:29:39+00:00
ADS-005969,ACCT-000281,B0178,0.0,2026-07-26T23:29:39+00:00
ADS-005970,ACCT-000592,B0178,0.0,2026-07-26T23:29:39+00:00
ADS-005971,ACCT-000078,B0178,34.56,2026-07-26T23:29:39+00:00
ADS-005972,ACCT-000651,B0178,-15.61,2026-07-26T23:29:39+00:00
ADS-005973,ACCT-000652,B0178,6.27,2026-07-26T23:29:39+00:00
ADS-005974,ACCT-000653,B0178,0.0,2026-07-26T23:29:39+00:00
ADS-005975,ACCT-000348,B0179,15.85,2026-07-27T01:09:35+00:00
ADS-005976,ACCT-000103,B0179,32.14,2026-07-27T01:09:35+00:00
ADS-005977,ACCT-000047,B0179,20.38,2026-07-27T01:09:35+00:00
ADS-005978,ACCT-000510,B0179,0.0,2026-07-27T01:09:35+00:00
ADS-005979,ACCT-000354,B0179,0.0,2026-07-27T01:09:35+00:00
ADS-005980,ACCT-000429,B0179,-25.13,2026-07-27T01:09:35+00:00
ADS-005981,ACCT-000115,B0179,0.0,2026-07-27T01:09:35+00:00
ADS-005982,ACCT-000597,B0179,0.0,2026-07-27T01:09:35+00:00
ADS-005983,ACCT-000601,B0179,-37.72,2026-07-27T01:09:35+00:00
ADS-005984,ACCT-000125,B0179,-20.78,2026-07-27T01:09:35+00:00
ADS-005985,ACCT-000126,B0179,-15.1,2026-07-27T01:09:35+00:00
ADS-005986,ACCT-000542,B0179,43.87,2026-07-27T01:09:35+00:00
ADS-005987,ACCT-000089,B0179,13.0,2026-07-27T01:09:35+00:00
ADS-005988,ACCT-000467,B0179,0.0,2026-07-27T01:09:35+00:00
ADS-005989,ACCT-000220,B0179,0.0,2026-07-27T01:09:35+00:00
ADS-005990,ACCT-000614,B0179,-11.94,2026-07-27T01:09:35+00:00
ADS-005991,ACCT-000014,B0179,-41.89,2026-07-27T01:09:35+00:00
ADS-005992,ACCT-000216,B0179,-35.12,2026-07-27T01:09:35+00:00
ADS-005993,ACCT-000022,B0179,-14.46,2026-07-27T01:09:35+00:00
ADS-005994,ACCT-000083,B0179,-42.16,2026-07-27T01:09:35+00:00
ADS-005995,ACCT-000356,B0179,0.0,2026-07-27T01:09:35+00:00
ADS-005996,ACCT-000525,B0179,56.13,2026-07-27T01:09:35+00:00
ADS-005997,ACCT-000296,B0179,0.0,2026-07-27T01:09:35+00:00
ADS-005998,ACCT-000610,B0179,21.92,2026-07-27T01:09:35+00:00
ADS-005999,ACCT-000389,B0179,21.56,2026-07-27T01:09:35+00:00
ADS-006000,ACCT-000466,B0179,-17.09,2026-07-27T01:09:35+00:00
ADS-006001,ACCT-000051,B0179,0.0,2026-07-27T01:09:35+00:00
ADS-006002,ACCT-000076,B0179,0.0,2026-07-27T01:09:35+00:00
ADS-006003,ACCT-000021,B0179,34.5,2026-07-27T01:09:35+00:00
ADS-006004,ACCT-000519,B0179,14.22,2026-07-27T01:09:35+00:00
ADS-006005,ACCT-000639,B0179,0.0,2026-07-27T01:09:35+00:00
ADS-006006,ACCT-000123,B0179,-43.79,2026-07-27T01:09:35+00:00
ADS-006007,ACCT-000654,B0179,30.42,2026-07-27T01:09:35+00:00
ADS-006008,ACCT-000655,B0179,0.0,2026-07-27T01:09:35+00:00
ADS-006009,ACCT-000656,B0179,27.13,2026-07-27T01:09:35+00:00
ADS-006010,ACCT-000657,B0179,8.22,2026-07-27T01:09:35+00:00
ADS-006011,ACCT-000632,B0180,0.0,2026-07-27T05:04:49+00:00
ADS-006012,ACCT-000543,B0180,0.0,2026-07-27T05:04:49+00:00
ADS-006013,ACCT-000392,B0180,-44.11,2026-07-27T05:04:49+00:00
ADS-006014,ACCT-000068,B0180,9.58,2026-07-27T05:04:49+00:00
ADS-006015,ACCT-000621,B0180,0.0,2026-07-27T05:04:49+00:00
ADS-006016,ACCT-000509,B0180,0.0,2026-07-27T05:04:49+00:00
ADS-006017,ACCT-000404,B0180,0.0,2026-07-27T05:04:49+00:00
ADS-006018,ACCT-000616,B0180,21.68,2026-07-27T05:04:49+00:00
ADS-006019,ACCT-000035,B0180,-17.91,2026-07-27T05:04:49+00:00
ADS-006020,ACCT-000165,B0180,-56.57,2026-07-27T05:04:49+00:00
ADS-006021,ACCT-000147,B0180,-34.5,2026-07-27T05:04:49+00:00
ADS-006022,ACCT-000456,B0180,-26.75,2026-07-27T05:04:49+00:00
ADS-006023,ACCT-000140,B0180,40.11,2026-07-27T05:04:49+00:00
ADS-006024,ACCT-000010,B0180,13.93,2026-07-27T05:04:49+00:00
ADS-006025,ACCT-000426,B0180,0.0,2026-07-27T05:04:49+00:00
ADS-006026,ACCT-000620,B0180,13.65,2026-07-27T05:04:49+00:00
ADS-006027,ACCT-000022,B0180,0.0,2026-07-27T05:04:49+00:00
ADS-006028,ACCT-000562,B0180,-6.01,2026-07-27T05:04:49+00:00
ADS-006029,ACCT-000577,B0180,-25.87,2026-07-27T05:04:49+00:00
ADS-006030,ACCT-000415,B0180,48.86,2026-07-27T05:04:49+00:00
ADS-006031,ACCT-000100,B0180,80.36,2026-07-27T05:04:49+00:00
ADS-006032,ACCT-000603,B0180,0.0,2026-07-27T05:04:49+00:00
ADS-006033,ACCT-000653,B0180,-19.48,2026-07-27T05:04:49+00:00
ADS-006034,ACCT-000459,B0180,41.62,2026-07-27T05:04:49+00:00
ADS-006035,ACCT-000357,B0180,0.0,2026-07-27T05:04:49+00:00
ADS-006036,ACCT-000592,B0180,0.0,2026-07-27T05:04:49+00:00
ADS-006037,ACCT-000446,B0180,0.0,2026-07-27T05:04:49+00:00
ADS-006038,ACCT-000328,B0180,11.73,2026-07-27T05:04:49+00:00
ADS-006039,ACCT-000023,B0180,31.21,2026-07-27T05:04:49+00:00
ADS-006040,ACCT-000658,B0180,0.0,2026-07-27T05:04:49+00:00
ADS-006041,ACCT-000659,B0180,18.96,2026-07-27T05:04:49+00:00
ADS-006042,ACCT-000660,B0180,1.76,2026-07-27T05:04:49+00:00
ADS-006043,ACCT-000470,B0181,16.66,2026-07-27T08:53:05+00:00
ADS-006044,ACCT-000479,B0181,32.84,2026-07-27T08:53:05+00:00
ADS-006045,ACCT-000363,B0181,0.0,2026-07-27T08:53:05+00:00
ADS-006046,ACCT-000328,B0181,15.68,2026-07-27T08:53:05+00:00
ADS-006047,ACCT-000591,B0181,-4.28,2026-07-27T08:53:05+00:00
ADS-006048,ACCT-000463,B0181,1.38,2026-07-27T08:53:05+00:00
ADS-006049,ACCT-000352,B0181,-22.03,2026-07-27T08:53:05+00:00
ADS-006050,ACCT-000659,B0181,-13.67,2026-07-27T08:53:05+00:00
ADS-006051,ACCT-000085,B0181,-63.44,2026-07-27T08:53:05+00:00
ADS-006052,ACCT-000158,B0181,-15.2,2026-07-27T08:53:05+00:00
ADS-006053,ACCT-000429,B0181,-48.66,2026-07-27T08:53:05+00:00
ADS-006054,ACCT-000142,B0181,0.0,2026-07-27T08:53:05+00:00
ADS-006055,ACCT-000428,B0181,10.53,2026-07-27T08:53:05+00:00
ADS-006056,ACCT-000062,B0181,23.64,2026-07-27T08:53:05+00:00
ADS-006057,ACCT-000023,B0181,0.0,2026-07-27T08:53:05+00:00
ADS-006058,ACCT-000017,B0181,9.63,2026-07-27T08:53:05+00:00
ADS-006059,ACCT-000053,B0181,60.42,2026-07-27T08:53:05+00:00
ADS-006060,ACCT-000281,B0181,-12.8,2026-07-27T08:53:05+00:00
ADS-006061,ACCT-000050,B0181,64.9,2026-07-27T08:53:05+00:00
ADS-006062,ACCT-000521,B0181,20.28,2026-07-27T08:53:05+00:00
ADS-006063,ACCT-000397,B0181,-40.82,2026-07-27T08:53:05+00:00
ADS-006064,ACCT-000343,B0181,0.0,2026-07-27T08:53:05+00:00
ADS-006065,ACCT-000474,B0181,44.87,2026-07-27T08:53:05+00:00
ADS-006066,ACCT-000411,B0181,16.68,2026-07-27T08:53:05+00:00
ADS-006067,ACCT-000574,B0181,0.0,2026-07-27T08:53:05+00:00
ADS-006068,ACCT-000353,B0181,0.0,2026-07-27T08:53:05+00:00
ADS-006069,ACCT-000554,B0181,-67.27,2026-07-27T08:53:05+00:00
ADS-006070,ACCT-000382,B0181,0.0,2026-07-27T08:53:05+00:00
ADS-006071,ACCT-000458,B0181,14.52,2026-07-27T08:53:05+00:00
ADS-006072,ACCT-000623,B0181,0.0,2026-07-27T08:53:05+00:00
ADS-006073,ACCT-000661,B0181,0.0,2026-07-27T08:53:05+00:00
ADS-006074,ACCT-000662,B0181,48.08,2026-07-27T08:53:05+00:00
ADS-006075,ACCT-000663,B0181,1.68,2026-07-27T08:53:05+00:00
ADS-006076,ACCT-000144,B0182,-26.09,2026-07-27T12:13:42+00:00
ADS-006077,ACCT-000036,B0182,0.0,2026-07-27T12:13:42+00:00
ADS-006078,ACCT-000472,B0182,-8.56,2026-07-27T12:13:42+00:00
ADS-006079,ACCT-000010,B0182,0.0,2026-07-27T12:13:42+00:00
ADS-006080,ACCT-000433,B0182,-68.72,2026-07-27T12:13:42+00:00
ADS-006081,ACCT-000127,B0182,0.0,2026-07-27T12:13:42+00:00
ADS-006082,ACCT-000559,B0182,49.53,2026-07-27T12:13:42+00:00
ADS-006083,ACCT-000591,B0182,26.65,2026-07-27T12:13:42+00:00
ADS-006084,ACCT-000470,B0182,0.0,2026-07-27T12:13:42+00:00
ADS-006085,ACCT-000463,B0182,0.0,2026-07-27T12:13:42+00:00
ADS-006086,ACCT-000305,B0182,-38.53,2026-07-27T12:13:42+00:00
ADS-006087,ACCT-000316,B0182,0.0,2026-07-27T12:13:42+00:00
ADS-006088,ACCT-000011,B0182,31.62,2026-07-27T12:13:42+00:00
ADS-006089,ACCT-000070,B0182,-7.93,2026-07-27T12:13:42+00:00
ADS-006090,ACCT-000415,B0182,46.78,2026-07-27T12:13:42+00:00
ADS-006091,ACCT-000271,B0182,55.64,2026-07-27T12:13:42+00:00
ADS-006092,ACCT-000398,B0182,22.23,2026-07-27T12:13:42+00:00
ADS-006093,ACCT-000258,B0182,0.0,2026-07-27T12:13:42+00:00
ADS-006094,ACCT-000327,B0182,-37.57,2026-07-27T12:13:42+00:00
ADS-006095,ACCT-000227,B0182,-5.95,2026-07-27T12:13:42+00:00
ADS-006096,ACCT-000233,B0182,5.62,2026-07-27T12:13:42+00:00
ADS-006097,ACCT-000212,B0182,39.76,2026-07-27T12:13:42+00:00
ADS-006098,ACCT-000028,B0182,-39.82,2026-07-27T12:13:42+00:00
ADS-006099,ACCT-000424,B0182,8.59,2026-07-27T12:13:42+00:00
ADS-006100,ACCT-000349,B0182,-69.55,2026-07-27T12:13:42+00:00
ADS-006101,ACCT-000587,B0182,14.36,2026-07-27T12:13:42+00:00
ADS-006102,ACCT-000105,B0182,-9.97,2026-07-27T12:13:42+00:00
ADS-006103,ACCT-000145,B0182,-42.79,2026-07-27T12:13:42+00:00
ADS-006104,ACCT-000664,B0182,0.0,2026-07-27T12:13:42+00:00
ADS-006105,ACCT-000665,B0182,54.18,2026-07-27T12:13:42+00:00
ADS-006106,ACCT-000666,B0182,-35.41,2026-07-27T12:13:42+00:00
ADS-006107,ACCT-000589,B0183,-49.82,2026-07-27T15:21:36+00:00
ADS-006108,ACCT-000540,B0183,4.14,2026-07-27T15:21:36+00:00
ADS-006109,ACCT-000439,B0183,26.34,2026-07-27T15:21:36+00:00
ADS-006110,ACCT-000389,B0183,29.62,2026-07-27T15:21:36+00:00
ADS-006111,ACCT-000580,B0183,2.55,2026-07-27T15:21:36+00:00
ADS-006112,ACCT-000240,B0183,3.1,2026-07-27T15:21:36+00:00
ADS-006113,ACCT-000545,B0183,-28.35,2026-07-27T15:21:36+00:00
ADS-006114,ACCT-000508,B0183,8.75,2026-07-27T15:21:36+00:00
ADS-006115,ACCT-000270,B0183,-40.11,2026-07-27T15:21:36+00:00
ADS-006116,ACCT-000131,B0183,-35.98,2026-07-27T15:21:36+00:00
ADS-006117,ACCT-000144,B0183,20.81,2026-07-27T15:21:36+00:00
ADS-006118,ACCT-000460,B0183,48.63,2026-07-27T15:21:36+00:00
ADS-006119,ACCT-000029,B0183,-54.89,2026-07-27T15:21:36+00:00
ADS-006120,ACCT-000041,B0183,-18.6,2026-07-27T15:21:36+00:00
ADS-006121,ACCT-000522,B0183,-18.12,2026-07-27T15:21:36+00:00
ADS-006122,ACCT-000111,B0183,-35.31,2026-07-27T15:21:36+00:00
ADS-006123,ACCT-000572,B0183,-42.61,2026-07-27T15:21:36+00:00
ADS-006124,ACCT-000331,B0183,0.0,2026-07-27T15:21:36+00:00
ADS-006125,ACCT-000051,B0183,-18.44,2026-07-27T15:21:36+00:00
ADS-006126,ACCT-000107,B0183,62.6,2026-07-27T15:21:36+00:00
ADS-006127,ACCT-000149,B0183,50.22,2026-07-27T15:21:36+00:00
ADS-006128,ACCT-000467,B0183,0.0,2026-07-27T15:21:36+00:00
ADS-006129,ACCT-000008,B0183,6.17,2026-07-27T15:21:36+00:00
ADS-006130,ACCT-000276,B0183,0.0,2026-07-27T15:21:36+00:00
ADS-006131,ACCT-000649,B0183,8.93,2026-07-27T15:21:36+00:00
ADS-006132,ACCT-000047,B0183,1.93,2026-07-27T15:21:36+00:00
ADS-006133,ACCT-000499,B0183,-34.25,2026-07-27T15:21:36+00:00
ADS-006134,ACCT-000596,B0183,0.0,2026-07-27T15:21:36+00:00
ADS-006135,ACCT-000667,B0183,-46.34,2026-07-27T15:21:36+00:00
ADS-006136,ACCT-000668,B0183,0.0,2026-07-27T15:21:36+00:00
ADS-006137,ACCT-000638,B0184,65.65,2026-07-27T17:16:16+00:00
ADS-006138,ACCT-000442,B0184,-76.24,2026-07-27T17:16:16+00:00
ADS-006139,ACCT-000489,B0184,-0.53,2026-07-27T17:16:16+00:00
ADS-006140,ACCT-000200,B0184,63.53,2026-07-27T17:16:16+00:00
ADS-006141,ACCT-000371,B0184,2.99,2026-07-27T17:16:16+00:00
ADS-006142,ACCT-000015,B0184,-7.07,2026-07-27T17:16:16+00:00
ADS-006143,ACCT-000388,B0184,-30.14,2026-07-27T17:16:16+00:00
ADS-006144,ACCT-000383,B0184,20.4,2026-07-27T17:16:16+00:00
ADS-006145,ACCT-000666,B0184,0.0,2026-07-27T17:16:16+00:00
ADS-006146,ACCT-000215,B0184,-46.67,2026-07-27T17:16:16+00:00
ADS-006147,ACCT-000624,B0184,38.3,2026-07-27T17:16:16+00:00
ADS-006148,ACCT-000276,B0184,-27.33,2026-07-27T17:16:16+00:00
ADS-006149,ACCT-000274,B0184,42.22,2026-07-27T17:16:16+00:00
ADS-006150,ACCT-000235,B0184,-39.14,2026-07-27T17:16:16+00:00
ADS-006151,ACCT-000447,B0184,0.0,2026-07-27T17:16:16+00:00
ADS-006152,ACCT-000337,B0184,39.03,2026-07-27T17:16:16+00:00
ADS-006153,ACCT-000062,B0184,0.0,2026-07-27T17:16:16+00:00
ADS-006154,ACCT-000026,B0184,-15.54,2026-07-27T17:16:16+00:00
ADS-006155,ACCT-000560,B0184,3.12,2026-07-27T17:16:16+00:00
ADS-006156,ACCT-000529,B0184,0.0,2026-07-27T17:16:16+00:00
ADS-006157,ACCT-000410,B0184,-35.4,2026-07-27T17:16:16+00:00
ADS-006158,ACCT-000461,B0184,-10.98,2026-07-27T17:16:16+00:00
ADS-006159,ACCT-000289,B0184,20.95,2026-07-27T17:16:16+00:00
ADS-006160,ACCT-000668,B0184,-15.41,2026-07-27T17:16:16+00:00
ADS-006161,ACCT-000291,B0184,44.29,2026-07-27T17:16:16+00:00
ADS-006162,ACCT-000409,B0184,-58.13,2026-07-27T17:16:16+00:00
ADS-006163,ACCT-000272,B0184,0.0,2026-07-27T17:16:16+00:00
ADS-006164,ACCT-000054,B0184,0.0,2026-07-27T17:16:16+00:00
ADS-006165,ACCT-000003,B0184,0.0,2026-07-27T17:16:16+00:00
ADS-006166,ACCT-000347,B0184,0.0,2026-07-27T17:16:16+00:00
ADS-006167,ACCT-000095,B0184,29.18,2026-07-27T17:16:16+00:00
ADS-006168,ACCT-000626,B0184,14.17,2026-07-27T17:16:16+00:00
ADS-006169,ACCT-000399,B0184,-63.5,2026-07-27T17:16:16+00:00
ADS-006170,ACCT-000669,B0184,44.95,2026-07-27T17:16:16+00:00
ADS-006171,ACCT-000670,B0184,16.72,2026-07-27T17:16:16+00:00
ADS-006172,ACCT-000521,B0185,0.0,2026-07-27T18:55:01+00:00
ADS-006173,ACCT-000633,B0185,-49.25,2026-07-27T18:55:01+00:00
ADS-006174,ACCT-000379,B0185,-5.22,2026-07-27T18:55:01+00:00
ADS-006175,ACCT-000414,B0185,0.0,2026-07-27T18:55:01+00:00
ADS-006176,ACCT-000528,B0185,-8.21,2026-07-27T18:55:01+00:00
ADS-006177,ACCT-000207,B0185,0.0,2026-07-27T18:55:01+00:00
ADS-006178,ACCT-000223,B0185,-15.54,2026-07-27T18:55:01+00:00
ADS-006179,ACCT-000470,B0185,0.0,2026-07-27T18:55:01+00:00
ADS-006180,ACCT-000085,B0185,8.32,2026-07-27T18:55:01+00:00
ADS-006181,ACCT-000169,B0185,0.0,2026-07-27T18:55:01+00:00
ADS-006182,ACCT-000338,B0185,0.0,2026-07-27T18:55:01+00:00
ADS-006183,ACCT-000200,B0185,-34.05,2026-07-27T18:55:01+00:00
ADS-006184,ACCT-000361,B0185,76.41,2026-07-27T18:55:01+00:00
ADS-006185,ACCT-000066,B0185,29.74,2026-07-27T18:55:01+00:00
ADS-006186,ACCT-000091,B0185,0.0,2026-07-27T18:55:01+00:00
ADS-006187,ACCT-000300,B0185,41.07,2026-07-27T18:55:01+00:00
ADS-006188,ACCT-000657,B0185,11.3,2026-07-27T18:55:01+00:00
ADS-006189,ACCT-000217,B0185,0.0,2026-07-27T18:55:01+00:00
ADS-006190,ACCT-000331,B0185,-22.8,2026-07-27T18:55:01+00:00
ADS-006191,ACCT-000183,B0185,23.86,2026-07-27T18:55:01+00:00
ADS-006192,ACCT-000635,B0185,-81.5,2026-07-27T18:55:01+00:00
ADS-006193,ACCT-000419,B0185,-26.7,2026-07-27T18:55:01+00:00
ADS-006194,ACCT-000347,B0185,10.39,2026-07-27T18:55:01+00:00
ADS-006195,ACCT-000377,B0185,24.72,2026-07-27T18:55:01+00:00
ADS-006196,ACCT-000374,B0185,4.34,2026-07-27T18:55:01+00:00
ADS-006197,ACCT-000013,B0185,6.58,2026-07-27T18:55:01+00:00
ADS-006198,ACCT-000307,B0185,34.66,2026-07-27T18:55:01+00:00
ADS-006199,ACCT-000073,B0185,16.08,2026-07-27T18:55:01+00:00
ADS-006200,ACCT-000074,B0185,0.0,2026-07-27T18:55:01+00:00
ADS-006201,ACCT-000671,B0185,0.0,2026-07-27T18:55:01+00:00
ADS-006202,ACCT-000672,B0185,0.0,2026-07-27T18:55:01+00:00
ADS-006203,ACCT-000673,B0185,44.49,2026-07-27T18:55:01+00:00
ADS-006204,ACCT-000674,B0185,81.79,2026-07-27T18:55:01+00:00
ADS-006205,ACCT-000116,B0186,36.66,2026-07-27T20:15:40+00:00
ADS-006206,ACCT-000668,B0186,-23.1,2026-07-27T20:15:40+00:00
ADS-006207,ACCT-000456,B0186,-8.44,2026-07-27T20:15:40+00:00
ADS-006208,ACCT-000249,B0186,16.56,2026-07-27T20:15:40+00:00
ADS-006209,ACCT-000274,B0186,23.9,2026-07-27T20:15:40+00:00
ADS-006210,ACCT-000084,B0186,-31.16,2026-07-27T20:15:40+00:00
ADS-006211,ACCT-000418,B0186,0.0,2026-07-27T20:15:40+00:00
ADS-006212,ACCT-000655,B0186,0.0,2026-07-27T20:15:40+00:00
ADS-006213,ACCT-000098,B0186,43.26,2026-07-27T20:15:40+00:00
ADS-006214,ACCT-000520,B0186,2.09,2026-07-27T20:15:40+00:00
ADS-006215,ACCT-000195,B0186,-45.24,2026-07-27T20:15:40+00:00
ADS-006216,ACCT-000031,B0186,0.0,2026-07-27T20:15:40+00:00
ADS-006217,ACCT-000021,B0186,14.67,2026-07-27T20:15:40+00:00
ADS-006218,ACCT-000068,B0186,0.0,2026-07-27T20:15:40+00:00
ADS-006219,ACCT-000061,B0186,-59.3,2026-07-27T20:15:40+00:00
ADS-006220,ACCT-000204,B0186,44.07,2026-07-27T20:15:40+00:00
ADS-006221,ACCT-000591,B0186,0.0,2026-07-27T20:15:40+00:00
ADS-006222,ACCT-000254,B0186,0.0,2026-07-27T20:15:40+00:00
ADS-006223,ACCT-000444,B0186,0.0,2026-07-27T20:15:40+00:00
ADS-006224,ACCT-000109,B0186,-15.25,2026-07-27T20:15:40+00:00
ADS-006225,ACCT-000110,B0186,0.0,2026-07-27T20:15:40+00:00
ADS-006226,ACCT-000627,B0186,-18.67,2026-07-27T20:15:40+00:00
ADS-006227,ACCT-000570,B0186,0.0,2026-07-27T20:15:40+00:00
ADS-006228,ACCT-000495,B0186,-27.04,2026-07-27T20:15:40+00:00
ADS-006229,ACCT-000349,B0186,43.38,2026-07-27T20:15:40+00:00
ADS-006230,ACCT-000050,B0186,0.0,2026-07-27T20:15:40+00:00
ADS-006231,ACCT-000131,B0186,0.0,2026-07-27T20:15:40+00:00
ADS-006232,ACCT-000675,B0186,-24.55,2026-07-27T20:15:40+00:00
ADS-006233,ACCT-000676,B0186,10.74,2026-07-27T20:15:40+00:00
ADS-006234,ACCT-000602,B0187,0.0,2026-07-27T21:36:02+00:00
ADS-006235,ACCT-000313,B0187,0.0,2026-07-27T21:36:02+00:00
ADS-006236,ACCT-000482,B0187,-4.1,2026-07-27T21:36:02+00:00
ADS-006237,ACCT-000292,B0187,4.97,2026-07-27T21:36:02+00:00
ADS-006238,ACCT-000415,B0187,0.0,2026-07-27T21:36:02+00:00
ADS-006239,ACCT-000220,B0187,34.02,2026-07-27T21:36:02+00:00
ADS-006240,ACCT-000056,B0187,-33.66,2026-07-27T21:36:02+00:00
ADS-006241,ACCT-000510,B0187,-25.38,2026-07-27T21:36:02+00:00
ADS-006242,ACCT-000589,B0187,0.0,2026-07-27T21:36:02+00:00
ADS-006243,ACCT-000206,B0187,0.0,2026-07-27T21:36:02+00:00
ADS-006244,ACCT-000168,B0187,0.0,2026-07-27T21:36:02+00:00
ADS-006245,ACCT-000507,B0187,-20.23,2026-07-27T21:36:02+00:00
ADS-006246,ACCT-000434,B0187,18.38,2026-07-27T21:36:02+00:00
ADS-006247,ACCT-000544,B0187,-20.13,2026-07-27T21:36:02+00:00
ADS-006248,ACCT-000199,B0187,41.7,2026-07-27T21:36:02+00:00
ADS-006249,ACCT-000552,B0187,0.0,2026-07-27T21:36:02+00:00
ADS-006250,ACCT-000594,B0187,24.63,2026-07-27T21:36:02+00:00
ADS-006251,ACCT-000569,B0187,26.92,2026-07-27T21:36:02+00:00
ADS-006252,ACCT-000018,B0187,-11.53,2026-07-27T21:36:02+00:00
ADS-006253,ACCT-000467,B0187,5.74,2026-07-27T21:36:02+00:00
ADS-006254,ACCT-000671,B0187,0.0,2026-07-27T21:36:02+00:00
ADS-006255,ACCT-000353,B0187,0.0,2026-07-27T21:36:02+00:00
ADS-006256,ACCT-000523,B0187,3.57,2026-07-27T21:36:02+00:00
ADS-006257,ACCT-000422,B0187,11.19,2026-07-27T21:36:02+00:00
ADS-006258,ACCT-000661,B0187,0.0,2026-07-27T21:36:02+00:00
ADS-006259,ACCT-000356,B0187,-29.97,2026-07-27T21:36:02+00:00
ADS-006260,ACCT-000677,B0187,-43.61,2026-07-27T21:36:02+00:00
ADS-006261,ACCT-000678,B0187,-15.32,2026-07-27T21:36:02+00:00
ADS-006262,ACCT-000679,B0187,0.44,2026-07-27T21:36:02+00:00
ADS-006263,ACCT-000680,B0187,0.0,2026-07-27T21:36:02+00:00
ADS-006264,ACCT-000253,B0188,-47.16,2026-07-27T22:54:25+00:00
ADS-006265,ACCT-000356,B0188,12.65,2026-07-27T22:54:25+00:00
ADS-006266,ACCT-000465,B0188,0.0,2026-07-27T22:54:25+00:00
ADS-006267,ACCT-000304,B0188,-13.88,2026-07-27T22:54:25+00:00
ADS-006268,ACCT-000050,B0188,42.42,2026-07-27T22:54:25+00:00
ADS-006269,ACCT-000099,B0188,-58.94,2026-07-27T22:54:25+00:00
ADS-006270,ACCT-000077,B0188,28.15,2026-07-27T22:54:25+00:00
ADS-006271,ACCT-000168,B0188,23.39,2026-07-27T22:54:25+00:00
ADS-006272,ACCT-000002,B0188,0.0,2026-07-27T22:54:25+00:00
ADS-006273,ACCT-000479,B0188,-7.17,2026-07-27T22:54:25+00:00
ADS-006274,ACCT-000280,B0188,0.0,2026-07-27T22:54:25+00:00
ADS-006275,ACCT-000068,B0188,0.0,2026-07-27T22:54:25+00:00
ADS-006276,ACCT-000574,B0188,0.0,2026-07-27T22:54:25+00:00
ADS-006277,ACCT-000351,B0188,-68.58,2026-07-27T22:54:25+00:00
ADS-006278,ACCT-000158,B0188,-10.28,2026-07-27T22:54:25+00:00
ADS-006279,ACCT-000519,B0188,0.0,2026-07-27T22:54:25+00:00
ADS-006280,ACCT-000075,B0188,-45.79,2026-07-27T22:54:25+00:00
ADS-006281,ACCT-000182,B0188,34.19,2026-07-27T22:54:25+00:00
ADS-006282,ACCT-000335,B0188,0.0,2026-07-27T22:54:25+00:00
ADS-006283,ACCT-000506,B0188,0.0,2026-07-27T22:54:25+00:00
ADS-006284,ACCT-000142,B0188,-4.11,2026-07-27T22:54:25+00:00
ADS-006285,ACCT-000033,B0188,-5.06,2026-07-27T22:54:25+00:00
ADS-006286,ACCT-000394,B0188,35.46,2026-07-27T22:54:25+00:00
ADS-006287,ACCT-000326,B0188,7.97,2026-07-27T22:54:25+00:00
ADS-006288,ACCT-000621,B0188,-26.08,2026-07-27T22:54:25+00:00
ADS-006289,ACCT-000387,B0188,-28.94,2026-07-27T22:54:25+00:00
ADS-006290,ACCT-000674,B0188,16.26,2026-07-27T22:54:25+00:00
ADS-006291,ACCT-000331,B0188,16.82,2026-07-27T22:54:25+00:00
ADS-006292,ACCT-000681,B0188,0.0,2026-07-27T22:54:25+00:00
ADS-006293,ACCT-000682,B0188,0.0,2026-07-27T22:54:25+00:00
ADS-006294,ACCT-000683,B0188,0.0,2026-07-27T22:54:25+00:00
ADS-006295,ACCT-000369,B0189,0.0,2026-07-27T23:57:07+00:00
ADS-006296,ACCT-000383,B0189,11.65,2026-07-27T23:57:07+00:00
ADS-006297,ACCT-000426,B0189,0.0,2026-07-27T23:57:07+00:00
ADS-006298,ACCT-000398,B0189,0.0,2026-07-27T23:57:07+00:00
ADS-006299,ACCT-000327,B0189,0.0,2026-07-27T23:57:07+00:00
ADS-006300,ACCT-000156,B0189,0.0,2026-07-27T23:57:07+00:00
ADS-006301,ACCT-000329,B0189,0.0,2026-07-27T23:57:07+00:00
ADS-006302,ACCT-000185,B0189,6.34,2026-07-27T23:57:07+00:00
ADS-006303,ACCT-000664,B0189,15.75,2026-07-27T23:57:07+00:00
ADS-006304,ACCT-000016,B0189,93.74,2026-07-27T23:57:07+00:00
ADS-006305,ACCT-000683,B0189,0.0,2026-07-27T23:57:07+00:00
ADS-006306,ACCT-000371,B0189,-37.8,2026-07-27T23:57:07+00:00
ADS-006307,ACCT-000147,B0189,0.0,2026-07-27T23:57:07+00:00
ADS-006308,ACCT-000659,B0189,0.0,2026-07-27T23:57:07+00:00
ADS-006309,ACCT-000624,B0189,-8.98,2026-07-27T23:57:07+00:00
ADS-006310,ACCT-000182,B0189,44.57,2026-07-27T23:57:07+00:00
ADS-006311,ACCT-000560,B0189,-1.17,2026-07-27T23:57:07+00:00
ADS-006312,ACCT-000114,B0189,-13.81,2026-07-27T23:57:07+00:00
ADS-006313,ACCT-000574,B0189,23.03,2026-07-27T23:57:07+00:00
ADS-006314,ACCT-000159,B0189,11.3,2026-07-27T23:57:07+00:00
ADS-006315,ACCT-000175,B0189,0.0,2026-07-27T23:57:07+00:00
ADS-006316,ACCT-000636,B0189,0.0,2026-07-27T23:57:07+00:00
ADS-006317,ACCT-000580,B0189,-40.9,2026-07-27T23:57:07+00:00
ADS-006318,ACCT-000215,B0189,48.73,2026-07-27T23:57:07+00:00
ADS-006319,ACCT-000103,B0189,0.0,2026-07-27T23:57:07+00:00
ADS-006320,ACCT-000015,B0189,0.0,2026-07-27T23:57:07+00:00
ADS-006321,ACCT-000078,B0189,43.78,2026-07-27T23:57:07+00:00
ADS-006322,ACCT-000487,B0189,-66.09,2026-07-27T23:57:07+00:00
ADS-006323,ACCT-000684,B0189,-18.9,2026-07-27T23:57:07+00:00
ADS-006324,ACCT-000685,B0189,-46.2,2026-07-27T23:57:07+00:00
ADS-006325,ACCT-000686,B0189,0.0,2026-07-27T23:57:07+00:00
ADS-006326,ACCT-000385,B0190,0.0,2026-07-28T02:08:32+00:00
ADS-006327,ACCT-000262,B0190,30.99,2026-07-28T02:08:32+00:00
ADS-006328,ACCT-000477,B0190,0.0,2026-07-28T02:08:32+00:00
ADS-006329,ACCT-000585,B0190,43.18,2026-07-28T02:08:32+00:00
ADS-006330,ACCT-000117,B0190,0.0,2026-07-28T02:08:32+00:00
ADS-006331,ACCT-000106,B0190,-28.01,2026-07-28T02:08:32+00:00
ADS-006332,ACCT-000365,B0190,0.0,2026-07-28T02:08:32+00:00
ADS-006333,ACCT-000513,B0190,-9.67,2026-07-28T02:08:32+00:00
ADS-006334,ACCT-000237,B0190,0.0,2026-07-28T02:08:32+00:00
ADS-006335,ACCT-000007,B0190,-41.61,2026-07-28T02:08:32+00:00
ADS-006336,ACCT-000317,B0190,46.77,2026-07-28T02:08:32+00:00
ADS-006337,ACCT-000392,B0190,-46.98,2026-07-28T02:08:32+00:00
ADS-006338,ACCT-000024,B0190,-9.06,2026-07-28T02:08:32+00:00
ADS-006339,ACCT-000490,B0190,0.0,2026-07-28T02:08:32+00:00
ADS-006340,ACCT-000139,B0190,-77.91,2026-07-28T02:08:32+00:00
ADS-006341,ACCT-000246,B0190,33.75,2026-07-28T02:08:32+00:00
ADS-006342,ACCT-000077,B0190,-21.23,2026-07-28T02:08:32+00:00
ADS-006343,ACCT-000387,B0190,26.47,2026-07-28T02:08:32+00:00
ADS-006344,ACCT-000579,B0190,-16.72,2026-07-28T02:08:32+00:00
ADS-006345,ACCT-000074,B0190,95.59,2026-07-28T02:08:32+00:00
ADS-006346,ACCT-000206,B0190,48.6,2026-07-28T02:08:32+00:00
ADS-006347,ACCT-000073,B0190,0.0,2026-07-28T02:08:32+00:00
ADS-006348,ACCT-000196,B0190,-55.37,2026-07-28T02:08:32+00:00
ADS-006349,ACCT-000058,B0190,-43.12,2026-07-28T02:08:32+00:00
ADS-006350,ACCT-000051,B0190,-3.0,2026-07-28T02:08:32+00:00
ADS-006351,ACCT-000126,B0190,0.0,2026-07-28T02:08:32+00:00
ADS-006352,ACCT-000687,B0190,63.94,2026-07-28T02:08:32+00:00
ADS-006353,ACCT-000688,B0190,-16.99,2026-07-28T02:08:32+00:00
ADS-006354,ACCT-000689,B0190,0.0,2026-07-28T02:08:32+00:00
ADS-006355,ACCT-000690,B0190,0.0,2026-07-28T02:08:32+00:00
ADS-006356,ACCT-000025,B0191,0.0,2026-07-28T05:28:23+00:00
ADS-006357,ACCT-000471,B0191,-35.92,2026-07-28T05:28:23+00:00
ADS-006358,ACCT-000146,B0191,-27.98,2026-07-28T05:28:23+00:00
ADS-006359,ACCT-000454,B0191,0.0,2026-07-28T05:28:23+00:00
ADS-006360,ACCT-000157,B0191,-22.86,2026-07-28T05:28:23+00:00
ADS-006361,ACCT-000388,B0191,20.08,2026-07-28T05:28:23+00:00
ADS-006362,ACCT-000298,B0191,-35.09,2026-07-28T05:28:23+00:00
ADS-006363,ACCT-000153,B0191,29.06,2026-07-28T05:28:23+00:00
ADS-006364,ACCT-000456,B0191,35.8,2026-07-28T05:28:23+00:00
ADS-006365,ACCT-000506,B0191,0.0,2026-07-28T05:28:23+00:00
ADS-006366,ACCT-000523,B0191,-27.18,2026-07-28T05:28:23+00:00
ADS-006367,ACCT-000278,B0191,-44.21,2026-07-28T05:28:23+00:00
ADS-006368,ACCT-000433,B0191,0.0,2026-07-28T05:28:23+00:00
ADS-006369,ACCT-000387,B0191,29.49,2026-07-28T05:28:23+00:00
ADS-006370,ACCT-000646,B0191,15.66,2026-07-28T05:28:23+00:00
ADS-006371,ACCT-000151,B0191,0.0,2026-07-28T05:28:23+00:00
ADS-006372,ACCT-000420,B0191,0.0,2026-07-28T05:28:23+00:00
ADS-006373,ACCT-000014,B0191,47.31,2026-07-28T05:28:23+00:00
ADS-006374,ACCT-000689,B0191,0.0,2026-07-28T05:28:23+00:00
ADS-006375,ACCT-000484,B0191,37.74,2026-07-28T05:28:23+00:00
ADS-006376,ACCT-000007,B0191,-3.27,2026-07-28T05:28:23+00:00
ADS-006377,ACCT-000287,B0191,-45.67,2026-07-28T05:28:23+00:00
ADS-006378,ACCT-000600,B0191,-6.5,2026-07-28T05:28:23+00:00
ADS-006379,ACCT-000333,B0191,-23.95,2026-07-28T05:28:23+00:00
ADS-006380,ACCT-000690,B0191,0.0,2026-07-28T05:28:23+00:00
ADS-006381,ACCT-000679,B0191,0.0,2026-07-28T05:28:23+00:00
ADS-006382,ACCT-000399,B0191,0.0,2026-07-28T05:28:23+00:00
ADS-006383,ACCT-000587,B0191,0.0,2026-07-28T05:28:23+00:00
ADS-006384,ACCT-000337,B0191,41.61,2026-07-28T05:28:23+00:00
ADS-006385,ACCT-000691,B0191,7.16,2026-07-28T05:28:23+00:00
ADS-006386,ACCT-000692,B0191,-29.65,2026-07-28T05:28:23+00:00
ADS-006387,ACCT-000693,B0191,-15.3,2026-07-28T05:28:23+00:00
ADS-006388,ACCT-000597,B0192,0.0,2026-07-28T08:00:05+00:00
ADS-006389,ACCT-000371,B0192,0.0,2026-07-28T08:00:05+00:00
ADS-006390,ACCT-000176,B0192,-22.01,2026-07-28T08:00:05+00:00
ADS-006391,ACCT-000523,B0192,-5.06,2026-07-28T08:00:05+00:00
ADS-006392,ACCT-000607,B0192,73.13,2026-07-28T08:00:05+00:00
ADS-006393,ACCT-000143,B0192,8.01,2026-07-28T08:00:05+00:00
ADS-006394,ACCT-000423,B0192,30.5,2026-07-28T08:00:05+00:00
ADS-006395,ACCT-000261,B0192,0.0,2026-07-28T08:00:05+00:00
ADS-006396,ACCT-000271,B0192,-83.36,2026-07-28T08:00:05+00:00
ADS-006397,ACCT-000172,B0192,0.0,2026-07-28T08:00:05+00:00
ADS-006398,ACCT-000670,B0192,0.0,2026-07-28T08:00:05+00:00
ADS-006399,ACCT-000593,B0192,8.76,2026-07-28T08:00:05+00:00
ADS-006400,ACCT-000227,B0192,0.0,2026-07-28T08:00:05+00:00
ADS-006401,ACCT-000147,B0192,-30.33,2026-07-28T08:00:05+00:00
ADS-006402,ACCT-000096,B0192,2.37,2026-07-28T08:00:05+00:00
ADS-006403,ACCT-000517,B0192,17.77,2026-07-28T08:00:05+00:00
ADS-006404,ACCT-000615,B0192,-17.5,2026-07-28T08:00:05+00:00
ADS-006405,ACCT-000617,B0192,17.07,2026-07-28T08:00:05+00:00
ADS-006406,ACCT-000487,B0192,0.0,2026-07-28T08:00:05+00:00
ADS-006407,ACCT-000069,B0192,-5.34,2026-07-28T08:00:05+00:00
ADS-006408,ACCT-000263,B0192,-53.04,2026-07-28T08:00:05+00:00
ADS-006409,ACCT-000007,B0192,-12.04,2026-07-28T08:00:05+00:00
ADS-006410,ACCT-000358,B0192,0.36,2026-07-28T08:00:05+00:00
ADS-006411,ACCT-000082,B0192,0.0,2026-07-28T08:00:05+00:00
ADS-006412,ACCT-000629,B0192,27.39,2026-07-28T08:00:05+00:00
ADS-006413,ACCT-000063,B0192,-45.17,2026-07-28T08:00:05+00:00
ADS-006414,ACCT-000179,B0192,0.0,2026-07-28T08:00:05+00:00
ADS-006415,ACCT-000330,B0192,41.57,2026-07-28T08:00:05+00:00
ADS-006416,ACCT-000536,B0192,-2.5,2026-07-28T08:00:05+00:00
ADS-006417,ACCT-000554,B0192,0.0,2026-07-28T08:00:05+00:00
ADS-006418,ACCT-000653,B0192,32.18,2026-07-28T08:00:05+00:00
ADS-006419,ACCT-000527,B0192,-12.13,2026-07-28T08:00:05+00:00
ADS-006420,ACCT-000550,B0192,0.0,2026-07-28T08:00:05+00:00
ADS-006421,ACCT-000333,B0192,-39.95,2026-07-28T08:00:05+00:00
ADS-006422,ACCT-000694,B0192,0.0,2026-07-28T08:00:05+00:00
ADS-006423,ACCT-000695,B0192,9.61,2026-07-28T08:00:05+00:00
ADS-006424,ACCT-000696,B0192,0.0,2026-07-28T08:00:05+00:00
ADS-006425,ACCT-000697,B0192,43.68,2026-07-28T08:00:05+00:00
ADS-006426,ACCT-000246,B0193,0.0,2026-07-28T10:39:22+00:00
ADS-006427,ACCT-000665,B0193,57.2,2026-07-28T10:39:22+00:00
ADS-006428,ACCT-000523,B0193,36.44,2026-07-28T10:39:22+00:00
ADS-006429,ACCT-000123,B0193,0.0,2026-07-28T10:39:22+00:00
ADS-006430,ACCT-000025,B0193,-13.12,2026-07-28T10:39:22+00:00
ADS-006431,ACCT-000685,B0193,-26.04,2026-07-28T10:39:22+00:00
ADS-006432,ACCT-000086,B0193,8.54,2026-07-28T10:39:22+00:00
ADS-006433,ACCT-000126,B0193,0.0,2026-07-28T10:39:22+00:00
ADS-006434,ACCT-000664,B0193,-40.33,2026-07-28T10:39:22+00:00
ADS-006435,ACCT-000304,B0193,12.82,2026-07-28T10:39:22+00:00
ADS-006436,ACCT-000070,B0193,-23.95,2026-07-28T10:39:22+00:00
ADS-006437,ACCT-000605,B0193,2.85,2026-07-28T10:39:22+00:00
ADS-006438,ACCT-000189,B0193,21.9,2026-07-28T10:39:22+00:00
ADS-006439,ACCT-000308,B0193,8.55,2026-07-28T10:39:22+00:00
ADS-006440,ACCT-000310,B0193,1.26,2026-07-28T10:39:22+00:00
ADS-006441,ACCT-000481,B0193,53.38,2026-07-28T10:39:22+00:00
ADS-006442,ACCT-000185,B0193,0.0,2026-07-28T10:39:22+00:00
ADS-006443,ACCT-000550,B0193,0.0,2026-07-28T10:39:22+00:00
ADS-006444,ACCT-000393,B0193,0.0,2026-07-28T10:39:22+00:00
ADS-006445,ACCT-000289,B0193,-46.25,2026-07-28T10:39:22+00:00
ADS-006446,ACCT-000697,B0193,20.07,2026-07-28T10:39:22+00:00
ADS-006447,ACCT-000064,B0193,-5.62,2026-07-28T10:39:22+00:00
ADS-006448,ACCT-000354,B0193,16.42,2026-07-28T10:39:22+00:00
ADS-006449,ACCT-000419,B0193,-11.31,2026-07-28T10:39:22+00:00
ADS-006450,ACCT-000001,B0193,0.0,2026-07-28T10:39:22+00:00
ADS-006451,ACCT-000153,B0193,-46.31,2026-07-28T10:39:22+00:00
ADS-006452,ACCT-000214,B0193,-28.38,2026-07-28T10:39:22+00:00
ADS-006453,ACCT-000162,B0193,0.0,2026-07-28T10:39:22+00:00
ADS-006454,ACCT-000591,B0193,0.0,2026-07-28T10:39:22+00:00
ADS-006455,ACCT-000485,B0193,-29.96,2026-07-28T10:39:22+00:00
ADS-006456,ACCT-000552,B0193,0.0,2026-07-28T10:39:22+00:00
ADS-006457,ACCT-000386,B0193,3.5,2026-07-28T10:39:22+00:00
ADS-006458,ACCT-000501,B0193,-8.13,2026-07-28T10:39:22+00:00
ADS-006459,ACCT-000290,B0193,-45.65,2026-07-28T10:39:22+00:00
ADS-006460,ACCT-000263,B0193,9.3,2026-07-28T10:39:22+00:00
ADS-006461,ACCT-000698,B0193,-42.12,2026-07-28T10:39:22+00:00
ADS-006462,ACCT-000699,B0193,-22.6,2026-07-28T10:39:22+00:00
ADS-006463,ACCT-000700,B0193,18.13,2026-07-28T10:39:22+00:00
ADS-006464,ACCT-000041,B0194,0.0,2026-07-28T12:49:44+00:00
ADS-006465,ACCT-000381,B0194,49.59,2026-07-28T12:49:44+00:00
ADS-006466,ACCT-000355,B0194,4.17,2026-07-28T12:49:44+00:00
ADS-006467,ACCT-000377,B0194,-11.59,2026-07-28T12:49:44+00:00
ADS-006468,ACCT-000599,B0194,10.17,2026-07-28T12:49:44+00:00
ADS-006469,ACCT-000439,B0194,32.13,2026-07-28T12:49:44+00:00
ADS-006470,ACCT-000598,B0194,-33.54,2026-07-28T12:49:44+00:00
ADS-006471,ACCT-000379,B0194,-15.35,2026-07-28T12:49:44+00:00
ADS-006472,ACCT-000243,B0194,37.23,2026-07-28T12:49:44+00:00
ADS-006473,ACCT-000242,B0194,29.25,2026-07-28T12:49:44+00:00
ADS-006474,ACCT-000072,B0194,46.56,2026-07-28T12:49:44+00:00
ADS-006475,ACCT-000595,B0194,-37.21,2026-07-28T12:49:44+00:00
ADS-006476,ACCT-000060,B0194,-33.1,2026-07-28T12:49:44+00:00
ADS-006477,ACCT-000162,B0194,0.0,2026-07-28T12:49:44+00:00
ADS-006478,ACCT-000631,B0194,0.0,2026-07-28T12:49:44+00:00
ADS-006479,ACCT-000125,B0194,0.0,2026-07-28T12:49:44+00:00
ADS-006480,ACCT-000371,B0194,62.87,2026-07-28T12:49:44+00:00
ADS-006481,ACCT-000339,B0194,0.0,2026-07-28T12:49:44+00:00
ADS-006482,ACCT-000280,B0194,-8.54,2026-07-28T12:49:44+00:00
ADS-006483,ACCT-000466,B0194,47.19,2026-07-28T12:49:44+00:00
ADS-006484,ACCT-000138,B0194,27.35,2026-07-28T12:49:44+00:00
ADS-006485,ACCT-000360,B0194,-4.92,2026-07-28T12:49:44+00:00
ADS-006486,ACCT-000390,B0194,-17.89,2026-07-28T12:49:44+00:00
ADS-006487,ACCT-000035,B0194,37.57,2026-07-28T12:49:44+00:00
ADS-006488,ACCT-000580,B0194,0.0,2026-07-28T12:49:44+00:00
ADS-006489,ACCT-000457,B0194,0.0,2026-07-28T12:49:44+00:00
ADS-006490,ACCT-000249,B0194,0.0,2026-07-28T12:49:44+00:00
ADS-006491,ACCT-000530,B0194,-12.32,2026-07-28T12:49:44+00:00
ADS-006492,ACCT-000342,B0194,2.5,2026-07-28T12:49:44+00:00
ADS-006493,ACCT-000470,B0194,0.0,2026-07-28T12:49:44+00:00
ADS-006494,ACCT-000212,B0194,44.75,2026-07-28T12:49:44+00:00
ADS-006495,ACCT-000506,B0194,36.44,2026-07-28T12:49:44+00:00
ADS-006496,ACCT-000346,B0194,0.0,2026-07-28T12:49:44+00:00
ADS-006497,ACCT-000701,B0194,-1.39,2026-07-28T12:49:44+00:00
ADS-006498,ACCT-000702,B0194,0.0,2026-07-28T12:49:44+00:00
ADS-006499,ACCT-000703,B0194,0.0,2026-07-28T12:49:44+00:00
ADS-006500,ACCT-000704,B0194,-29.82,2026-07-28T12:49:44+00:00
ADS-006501,ACCT-000515,B0195,0.0,2026-07-28T15:13:37+00:00
ADS-006502,ACCT-000305,B0195,-5.9,2026-07-28T15:13:37+00:00
ADS-006503,ACCT-000064,B0195,70.43,2026-07-28T15:13:37+00:00
ADS-006504,ACCT-000144,B0195,-30.62,2026-07-28T15:13:37+00:00
ADS-006505,ACCT-000023,B0195,0.0,2026-07-28T15:13:37+00:00
ADS-006506,ACCT-000096,B0195,0.0,2026-07-28T15:13:37+00:00
ADS-006507,ACCT-000334,B0195,-8.03,2026-07-28T15:13:37+00:00
ADS-006508,ACCT-000171,B0195,0.0,2026-07-28T15:13:37+00:00
ADS-006509,ACCT-000703,B0195,38.69,2026-07-28T15:13:37+00:00
ADS-006510,ACCT-000367,B0195,-32.38,2026-07-28T15:13:37+00:00
ADS-006511,ACCT-000656,B0195,76.22,2026-07-28T15:13:37+00:00
ADS-006512,ACCT-000411,B0195,0.0,2026-07-28T15:13:37+00:00
ADS-006513,ACCT-000146,B0195,44.03,2026-07-28T15:13:37+00:00
ADS-006514,ACCT-000375,B0195,0.0,2026-07-28T15:13:37+00:00
ADS-006515,ACCT-000149,B0195,-24.62,2026-07-28T15:13:37+00:00
ADS-006516,ACCT-000652,B0195,-52.43,2026-07-28T15:13:37+00:00
ADS-006517,ACCT-000497,B0195,2.92,2026-07-28T15:13:37+00:00
ADS-006518,ACCT-000347,B0195,6.75,2026-07-28T15:13:37+00:00
ADS-006519,ACCT-000495,B0195,18.58,2026-07-28T15:13:37+00:00
ADS-006520,ACCT-000128,B0195,13.81,2026-07-28T15:13:37+00:00
ADS-006521,ACCT-000697,B0195,17.12,2026-07-28T15:13:37+00:00
ADS-006522,ACCT-000425,B0195,2.02,2026-07-28T15:13:37+00:00
ADS-006523,ACCT-000132,B0195,-31.11,2026-07-28T15:13:37+00:00
ADS-006524,ACCT-000327,B0195,-43.35,2026-07-28T15:13:37+00:00
ADS-006525,ACCT-000642,B0195,0.0,2026-07-28T15:13:37+00:00
ADS-006526,ACCT-000218,B0195,24.01,2026-07-28T15:13:37+00:00
ADS-006527,ACCT-000636,B0195,7.9,2026-07-28T15:13:37+00:00
ADS-006528,ACCT-000433,B0195,0.0,2026-07-28T15:13:37+00:00
ADS-006529,ACCT-000427,B0195,37.19,2026-07-28T15:13:37+00:00
ADS-006530,ACCT-000705,B0195,-17.1,2026-07-28T15:13:37+00:00
ADS-006531,ACCT-000706,B0195,0.0,2026-07-28T15:13:37+00:00
ADS-006532,ACCT-000363,B0196,-4.05,2026-07-28T16:56:41+00:00
ADS-006533,ACCT-000491,B0196,13.71,2026-07-28T16:56:41+00:00
ADS-006534,ACCT-000342,B0196,-13.32,2026-07-28T16:56:41+00:00
ADS-006535,ACCT-000556,B0196,0.0,2026-07-28T16:56:41+00:00
ADS-006536,ACCT-000447,B0196,0.0,2026-07-28T16:56:41+00:00
ADS-006537,ACCT-000706,B0196,-25.79,2026-07-28T16:56:41+00:00
ADS-006538,ACCT-000031,B0196,0.0,2026-07-28T16:56:41+00:00
ADS-006539,ACCT-000660,B0196,-26.63,2026-07-28T16:56:41+00:00
ADS-006540,ACCT-000444,B0196,36.68,2026-07-28T16:56:41+00:00
ADS-006541,ACCT-000252,B0196,-18.38,2026-07-28T16:56:41+00:00
ADS-006542,ACCT-000264,B0196,-8.92,2026-07-28T16:56:41+00:00
ADS-006543,ACCT-000046,B0196,0.0,2026-07-28T16:56:41+00:00
ADS-006544,ACCT-000092,B0196,0.0,2026-07-28T16:56:41+00:00
ADS-006545,ACCT-000285,B0196,0.0,2026-07-28T16:56:41+00:00
ADS-006546,ACCT-000407,B0196,-19.74,2026-07-28T16:56:41+00:00
ADS-006547,ACCT-000260,B0196,0.0,2026-07-28T16:56:41+00:00
ADS-006548,ACCT-000698,B0196,0.0,2026-07-28T16:56:41+00:00
ADS-006549,ACCT-000499,B0196,-14.73,2026-07-28T16:56:41+00:00
ADS-006550,ACCT-000028,B0196,-49.7,2026-07-28T16:56:41+00:00
ADS-006551,ACCT-000420,B0196,-18.82,2026-07-28T16:56:41+00:00
ADS-006552,ACCT-000129,B0196,12.8,2026-07-28T16:56:41+00:00
ADS-006553,ACCT-000502,B0196,-7.53,2026-07-28T16:56:41+00:00
ADS-006554,ACCT-000301,B0196,0.0,2026-07-28T16:56:41+00:00
ADS-006555,ACCT-000692,B0196,-3.55,2026-07-28T16:56:41+00:00
ADS-006556,ACCT-000569,B0196,46.82,2026-07-28T16:56:41+00:00
ADS-006557,ACCT-000595,B0196,-49.0,2026-07-28T16:56:41+00:00
ADS-006558,ACCT-000305,B0196,33.6,2026-07-28T16:56:41+00:00
ADS-006559,ACCT-000510,B0196,-22.51,2026-07-28T16:56:41+00:00
ADS-006560,ACCT-000181,B0196,-15.27,2026-07-28T16:56:41+00:00
ADS-006561,ACCT-000487,B0196,0.0,2026-07-28T16:56:41+00:00
ADS-006562,ACCT-000045,B0196,0.0,2026-07-28T16:56:41+00:00
ADS-006563,ACCT-000707,B0196,0.0,2026-07-28T16:56:41+00:00
ADS-006564,ACCT-000708,B0196,0.0,2026-07-28T16:56:41+00:00
ADS-006565,ACCT-000709,B0196,-29.54,2026-07-28T16:56:41+00:00
ADS-006566,ACCT-000710,B0196,-41.49,2026-07-28T16:56:41+00:00
ADS-006567,ACCT-000535,B0197,33.69,2026-07-28T18:09:35+00:00
ADS-006568,ACCT-000449,B0197,-6.45,2026-07-28T18:09:35+00:00
ADS-006569,ACCT-000572,B0197,-55.3,2026-07-28T18:09:35+00:00
ADS-006570,ACCT-000079,B0197,44.96,2026-07-28T18:09:35+00:00
ADS-006571,ACCT-000011,B0197,-7.57,2026-07-28T18:09:35+00:00
ADS-006572,ACCT-000131,B0197,0.0,2026-07-28T18:09:35+00:00
ADS-006573,ACCT-000501,B0197,76.98,2026-07-28T18:09:35+00:00
ADS-006574,ACCT-000081,B0197,31.87,2026-07-28T18:09:35+00:00
ADS-006575,ACCT-000681,B0197,-14.16,2026-07-28T18:09:35+00:00
ADS-006576,ACCT-000432,B0197,-41.13,2026-07-28T18:09:35+00:00
ADS-006577,ACCT-000324,B0197,0.0,2026-07-28T18:09:35+00:00
ADS-006578,ACCT-000639,B0197,3.83,2026-07-28T18:09:35+00:00
ADS-006579,ACCT-000453,B0197,44.84,2026-07-28T18:09:35+00:00
ADS-006580,ACCT-000569,B0197,0.0,2026-07-28T18:09:35+00:00
ADS-006581,ACCT-000650,B0197,0.0,2026-07-28T18:09:35+00:00
ADS-006582,ACCT-000338,B0197,-0.1,2026-07-28T18:09:35+00:00
ADS-006583,ACCT-000207,B0197,19.77,2026-07-28T18:09:35+00:00
ADS-006584,ACCT-000171,B0197,-43.99,2026-07-28T18:09:35+00:00
ADS-006585,ACCT-000682,B0197,41.34,2026-07-28T18:09:35+00:00
ADS-006586,ACCT-000686,B0197,0.0,2026-07-28T18:09:35+00:00
ADS-006587,ACCT-000218,B0197,31.02,2026-07-28T18:09:35+00:00
ADS-006588,ACCT-000610,B0197,-47.39,2026-07-28T18:09:35+00:00
ADS-006589,ACCT-000503,B0197,-19.48,2026-07-28T18:09:35+00:00
ADS-006590,ACCT-000410,B0197,-45.52,2026-07-28T18:09:35+00:00
ADS-006591,ACCT-000618,B0197,-27.79,2026-07-28T18:09:35+00:00
ADS-006592,ACCT-000711,B0197,79.97,2026-07-28T18:09:35+00:00
ADS-006593,ACCT-000712,B0197,31.55,2026-07-28T18:09:35+00:00
ADS-006594,ACCT-000713,B0197,-17.22,2026-07-28T18:09:35+00:00
ADS-006595,ACCT-000714,B0197,-12.52,2026-07-28T18:09:35+00:00
ADS-006596,ACCT-000394,B0198,0.0,2026-07-28T19:58:49+00:00
ADS-006597,ACCT-000636,B0198,-39.85,2026-07-28T19:58:49+00:00
ADS-006598,ACCT-000254,B0198,0.0,2026-07-28T19:58:49+00:00
ADS-006599,ACCT-000218,B0198,0.0,2026-07-28T19:58:49+00:00
ADS-006600,ACCT-000527,B0198,-25.46,2026-07-28T19:58:49+00:00
ADS-006601,ACCT-000134,B0198,0.0,2026-07-28T19:58:49+00:00
ADS-006602,ACCT-000564,B0198,41.53,2026-07-28T19:58:49+00:00
ADS-006603,ACCT-000592,B0198,14.96,2026-07-28T19:58:49+00:00
ADS-006604,ACCT-000401,B0198,0.0,2026-07-28T19:58:49+00:00
ADS-006605,ACCT-000590,B0198,-38.45,2026-07-28T19:58:49+00:00
ADS-006606,ACCT-000451,B0198,89.73,2026-07-28T19:58:49+00:00
ADS-006607,ACCT-000066,B0198,24.99,2026-07-28T19:58:49+00:00
ADS-006608,ACCT-000437,B0198,44.07,2026-07-28T19:58:49+00:00
ADS-006609,ACCT-000309,B0198,-6.23,2026-07-28T19:58:49+00:00
ADS-006610,ACCT-000580,B0198,17.76,2026-07-28T19:58:49+00:00
ADS-006611,ACCT-000440,B0198,26.01,2026-07-28T19:58:49+00:00
ADS-006612,ACCT-000562,B0198,63.11,2026-07-28T19:58:49+00:00
ADS-006613,ACCT-000204,B0198,0.0,2026-07-28T19:58:49+00:00
ADS-006614,ACCT-000393,B0198,0.0,2026-07-28T19:58:49+00:00
ADS-006615,ACCT-000099,B0198,-16.74,2026-07-28T19:58:49+00:00
ADS-006616,ACCT-000206,B0198,4.12,2026-07-28T19:58:49+00:00
ADS-006617,ACCT-000557,B0198,-14.27,2026-07-28T19:58:49+00:00
ADS-006618,ACCT-000151,B0198,-6.24,2026-07-28T19:58:49+00:00
ADS-006619,ACCT-000187,B0198,37.19,2026-07-28T19:58:49+00:00
ADS-006620,ACCT-000096,B0198,0.0,2026-07-28T19:58:49+00:00
ADS-006621,ACCT-000635,B0198,7.09,2026-07-28T19:58:49+00:00
ADS-006622,ACCT-000138,B0198,-23.84,2026-07-28T19:58:49+00:00
ADS-006623,ACCT-000267,B0198,0.0,2026-07-28T19:58:49+00:00
ADS-006624,ACCT-000448,B0198,0.0,2026-07-28T19:58:49+00:00
ADS-006625,ACCT-000715,B0198,-7.87,2026-07-28T19:58:49+00:00
ADS-006626,ACCT-000716,B0198,0.0,2026-07-28T19:58:49+00:00
ADS-006627,ACCT-000717,B0198,0.0,2026-07-28T19:58:49+00:00
ADS-006628,ACCT-000718,B0198,0.0,2026-07-28T19:58:49+00:00
ADS-006629,ACCT-000480,B0199,0.0,2026-07-28T21:08:40+00:00
ADS-006630,ACCT-000526,B0199,-61.0,2026-07-28T21:08:40+00:00
ADS-006631,ACCT-000574,B0199,0.0,2026-07-28T21:08:40+00:00
ADS-006632,ACCT-000091,B0199,-41.92,2026-07-28T21:08:40+00:00
ADS-006633,ACCT-000028,B0199,14.04,2026-07-28T21:08:40+00:00
ADS-006634,ACCT-000614,B0199,34.61,2026-07-28T21:08:40+00:00
ADS-006635,ACCT-000081,B0199,37.14,2026-07-28T21:08:40+00:00
ADS-006636,ACCT-000482,B0199,-37.61,2026-07-28T21:08:40+00:00
ADS-006637,ACCT-000112,B0199,18.62,2026-07-28T21:08:40+00:00
ADS-006638,ACCT-000180,B0199,0.0,2026-07-28T21:08:40+00:00
ADS-006639,ACCT-000474,B0199,-20.85,2026-07-28T21:08:40+00:00
ADS-006640,ACCT-000531,B0199,-12.25,2026-07-28T21:08:40+00:00
ADS-006641,ACCT-000445,B0199,29.18,2026-07-28T21:08:40+00:00
ADS-006642,ACCT-000694,B0199,0.0,2026-07-28T21:08:40+00:00
ADS-006643,ACCT-000163,B0199,15.23,2026-07-28T21:08:40+00:00
ADS-006644,ACCT-000563,B0199,18.28,2026-07-28T21:08:40+00:00
ADS-006645,ACCT-000129,B0199,0.0,2026-07-28T21:08:40+00:00
ADS-006646,ACCT-000214,B0199,44.92,2026-07-28T21:08:40+00:00
ADS-006647,ACCT-000101,B0199,0.0,2026-07-28T21:08:40+00:00
ADS-006648,ACCT-000543,B0199,40.27,2026-07-28T21:08:40+00:00
ADS-006649,ACCT-000189,B0199,-3.6,2026-07-28T21:08:40+00:00
ADS-006650,ACCT-000094,B0199,-46.81,2026-07-28T21:08:40+00:00
ADS-006651,ACCT-000607,B0199,5.37,2026-07-28T21:08:40+00:00
ADS-006652,ACCT-000603,B0199,26.92,2026-07-28T21:08:40+00:00
ADS-006653,ACCT-000449,B0199,37.71,2026-07-28T21:08:40+00:00
ADS-006654,ACCT-000697,B0199,0.0,2026-07-28T21:08:40+00:00
ADS-006655,ACCT-000638,B0199,46.81,2026-07-28T21:08:40+00:00
ADS-006656,ACCT-000443,B0199,0.0,2026-07-28T21:08:40+00:00
ADS-006657,ACCT-000300,B0199,-28.76,2026-07-28T21:08:40+00:00
ADS-006658,ACCT-000440,B0199,34.08,2026-07-28T21:08:40+00:00
ADS-006659,ACCT-000304,B0199,0.0,2026-07-28T21:08:40+00:00
ADS-006660,ACCT-000380,B0199,-15.72,2026-07-28T21:08:40+00:00
ADS-006661,ACCT-000714,B0199,-12.19,2026-07-28T21:08:40+00:00
ADS-006662,ACCT-000328,B0199,-51.65,2026-07-28T21:08:40+00:00
ADS-006663,ACCT-000719,B0199,12.9,2026-07-28T21:08:40+00:00
ADS-006664,ACCT-000720,B0199,0.0,2026-07-28T21:08:40+00:00
ADS-006665,ACCT-000721,B0199,13.15,2026-07-28T21:08:40+00:00
ADS-006666,ACCT-000722,B0199,7.66,2026-07-28T21:08:40+00:00
ADS-006667,ACCT-000393,B0200,4.83,2026-07-28T22:32:08+00:00
ADS-006668,ACCT-000102,B0200,0.0,2026-07-28T22:32:08+00:00
ADS-006669,ACCT-000675,B0200,50.11,2026-07-28T22:32:08+00:00
ADS-006670,ACCT-000621,B0200,-26.88,2026-07-28T22:32:08+00:00
ADS-006671,ACCT-000550,B0200,-44.92,2026-07-28T22:32:08+00:00
ADS-006672,ACCT-000221,B0200,-16.28,2026-07-28T22:32:08+00:00
ADS-006673,ACCT-000700,B0200,26.98,2026-07-28T22:32:08+00:00
ADS-006674,ACCT-000689,B0200,-17.52,2026-07-28T22:32:08+00:00
ADS-006675,ACCT-000629,B0200,62.39,2026-07-28T22:32:08+00:00
ADS-006676,ACCT-000055,B0200,-33.49,2026-07-28T22:32:08+00:00
ADS-006677,ACCT-000640,B0200,-43.39,2026-07-28T22:32:08+00:00
ADS-006678,ACCT-000434,B0200,-25.26,2026-07-28T22:32:08+00:00
ADS-006679,ACCT-000625,B0200,0.0,2026-07-28T22:32:08+00:00
ADS-006680,ACCT-000486,B0200,19.73,2026-07-28T22:32:08+00:00
ADS-006681,ACCT-000681,B0200,22.93,2026-07-28T22:32:08+00:00
ADS-006682,ACCT-000575,B0200,-24.99,2026-07-28T22:32:08+00:00
ADS-006683,ACCT-000132,B0200,87.1,2026-07-28T22:32:08+00:00
ADS-006684,ACCT-000698,B0200,37.24,2026-07-28T22:32:08+00:00
ADS-006685,ACCT-000211,B0200,23.12,2026-07-28T22:32:08+00:00
ADS-006686,ACCT-000029,B0200,62.22,2026-07-28T22:32:08+00:00
ADS-006687,ACCT-000295,B0200,0.0,2026-07-28T22:32:08+00:00
ADS-006688,ACCT-000482,B0200,-21.94,2026-07-28T22:32:08+00:00
ADS-006689,ACCT-000064,B0200,-68.33,2026-07-28T22:32:08+00:00
ADS-006690,ACCT-000502,B0200,6.71,2026-07-28T22:32:08+00:00
ADS-006691,ACCT-000408,B0200,-57.55,2026-07-28T22:32:08+00:00
ADS-006692,ACCT-000657,B0200,18.75,2026-07-28T22:32:08+00:00
ADS-006693,ACCT-000595,B0200,-19.4,2026-07-28T22:32:08+00:00
ADS-006694,ACCT-000723,B0200,0.0,2026-07-28T22:32:08+00:00
ADS-006695,ACCT-000724,B0200,25.42,2026-07-28T22:32:08+00:00
ADS-006696,ACCT-000684,B0201,0.0,2026-07-28T23:53:30+00:00
ADS-006697,ACCT-000262,B0201,-60.7,2026-07-28T23:53:30+00:00
ADS-006698,ACCT-000661,B0201,-24.31,2026-07-28T23:53:30+00:00
ADS-006699,ACCT-000532,B0201,-0.97,2026-07-28T23:53:30+00:00
ADS-006700,ACCT-000597,B0201,34.1,2026-07-28T23:53:30+00:00
ADS-006701,ACCT-000424,B0201,7.15,2026-07-28T23:53:30+00:00
ADS-006702,ACCT-000268,B0201,0.0,2026-07-28T23:53:30+00:00
ADS-006703,ACCT-000536,B0201,56.04,2026-07-28T23:53:30+00:00
ADS-006704,ACCT-000671,B0201,49.81,2026-07-28T23:53:30+00:00
ADS-006705,ACCT-000070,B0201,0.0,2026-07-28T23:53:30+00:00
ADS-006706,ACCT-000319,B0201,0.0,2026-07-28T23:53:30+00:00
ADS-006707,ACCT-000451,B0201,-25.24,2026-07-28T23:53:30+00:00
ADS-006708,ACCT-000648,B0201,-30.43,2026-07-28T23:53:30+00:00
ADS-006709,ACCT-000717,B0201,0.0,2026-07-28T23:53:30+00:00
ADS-006710,ACCT-000636,B0201,0.0,2026-07-28T23:53:30+00:00
ADS-006711,ACCT-000246,B0201,7.16,2026-07-28T23:53:30+00:00
ADS-006712,ACCT-000236,B0201,0.0,2026-07-28T23:53:30+00:00
ADS-006713,ACCT-000446,B0201,0.0,2026-07-28T23:53:30+00:00
ADS-006714,ACCT-000110,B0201,-6.25,2026-07-28T23:53:30+00:00
ADS-006715,ACCT-000386,B0201,8.76,2026-07-28T23:53:30+00:00
ADS-006716,ACCT-000567,B0201,-48.17,2026-07-28T23:53:30+00:00
ADS-006717,ACCT-000618,B0201,-46.02,2026-07-28T23:53:30+00:00
ADS-006718,ACCT-000035,B0201,1.5,2026-07-28T23:53:30+00:00
ADS-006719,ACCT-000080,B0201,-24.6,2026-07-28T23:53:30+00:00
ADS-006720,ACCT-000657,B0201,-16.99,2026-07-28T23:53:30+00:00
ADS-006721,ACCT-000101,B0201,-28.85,2026-07-28T23:53:30+00:00
ADS-006722,ACCT-000436,B0201,-20.1,2026-07-28T23:53:30+00:00
ADS-006723,ACCT-000242,B0201,-63.25,2026-07-28T23:53:30+00:00
ADS-006724,ACCT-000480,B0201,-19.87,2026-07-28T23:53:30+00:00
ADS-006725,ACCT-000725,B0201,-14.81,2026-07-28T23:53:30+00:00
ADS-006726,ACCT-000726,B0201,7.34,2026-07-28T23:53:30+00:00
ADS-006727,ACCT-000727,B0201,38.64,2026-07-28T23:53:30+00:00
ADS-006728,ACCT-000274,B0202,0.0,2026-07-29T01:51:00+00:00
ADS-006729,ACCT-000558,B0202,-10.38,2026-07-29T01:51:00+00:00
ADS-006730,ACCT-000392,B0202,21.67,2026-07-29T01:51:00+00:00
ADS-006731,ACCT-000472,B0202,19.96,2026-07-29T01:51:00+00:00
ADS-006732,ACCT-000723,B0202,-29.77,2026-07-29T01:51:00+00:00
ADS-006733,ACCT-000383,B0202,-10.88,2026-07-29T01:51:00+00:00
ADS-006734,ACCT-000256,B0202,-18.22,2026-07-29T01:51:00+00:00
ADS-006735,ACCT-000372,B0202,-6.17,2026-07-29T01:51:00+00:00
ADS-006736,ACCT-000039,B0202,20.81,2026-07-29T01:51:00+00:00
ADS-006737,ACCT-000597,B0202,0.0,2026-07-29T01:51:00+00:00
ADS-006738,ACCT-000415,B0202,-37.48,2026-07-29T01:51:00+00:00
ADS-006739,ACCT-000342,B0202,46.36,2026-07-29T01:51:00+00:00
ADS-006740,ACCT-000362,B0202,0.0,2026-07-29T01:51:00+00:00
ADS-006741,ACCT-000071,B0202,-19.83,2026-07-29T01:51:00+00:00
ADS-006742,ACCT-000530,B0202,-57.08,2026-07-29T01:51:00+00:00
ADS-006743,ACCT-000483,B0202,48.08,2026-07-29T01:51:00+00:00
ADS-006744,ACCT-000194,B0202,45.51,2026-07-29T01:51:00+00:00
ADS-006745,ACCT-000337,B0202,27.31,2026-07-29T01:51:00+00:00
ADS-006746,ACCT-000250,B0202,13.11,2026-07-29T01:51:00+00:00
ADS-006747,ACCT-000509,B0202,0.0,2026-07-29T01:51:00+00:00
ADS-006748,ACCT-000575,B0202,-53.15,2026-07-29T01:51:00+00:00
ADS-006749,ACCT-000141,B0202,0.0,2026-07-29T01:51:00+00:00
ADS-006750,ACCT-000379,B0202,23.02,2026-07-29T01:51:00+00:00
ADS-006751,ACCT-000189,B0202,7.62,2026-07-29T01:51:00+00:00
ADS-006752,ACCT-000643,B0202,47.62,2026-07-29T01:51:00+00:00
ADS-006753,ACCT-000055,B0202,0.0,2026-07-29T01:51:00+00:00
ADS-006754,ACCT-000434,B0202,20.33,2026-07-29T01:51:00+00:00
ADS-006755,ACCT-000409,B0202,0.13,2026-07-29T01:51:00+00:00
ADS-006756,ACCT-000663,B0202,23.99,2026-07-29T01:51:00+00:00
ADS-006757,ACCT-000667,B0202,7.53,2026-07-29T01:51:00+00:00
ADS-006758,ACCT-000523,B0202,0.0,2026-07-29T01:51:00+00:00
ADS-006759,ACCT-000110,B0202,0.0,2026-07-29T01:51:00+00:00
ADS-006760,ACCT-000051,B0202,0.0,2026-07-29T01:51:00+00:00
ADS-006761,ACCT-000443,B0202,13.3,2026-07-29T01:51:00+00:00
ADS-006762,ACCT-000728,B0202,0.0,2026-07-29T01:51:00+00:00
ADS-006763,ACCT-000729,B0202,23.07,2026-07-29T01:51:00+00:00
ADS-006764,ACCT-000730,B0202,0.0,2026-07-29T01:51:00+00:00
ADS-006765,ACCT-000553,B0203,-10.63,2026-07-29T05:14:32+00:00
ADS-006766,ACCT-000099,B0203,-71.61,2026-07-29T05:14:32+00:00
ADS-006767,ACCT-000212,B0203,0.0,2026-07-29T05:14:32+00:00
ADS-006768,ACCT-000426,B0203,-25.24,2026-07-29T05:14:32+00:00
ADS-006769,ACCT-000273,B0203,4.7,2026-07-29T05:14:32+00:00
ADS-006770,ACCT-000345,B0203,49.89,2026-07-29T05:14:32+00:00
ADS-006771,ACCT-000092,B0203,-23.95,2026-07-29T05:14:32+00:00
ADS-006772,ACCT-000289,B0203,0.0,2026-07-29T05:14:32+00:00
ADS-006773,ACCT-000188,B0203,0.0,2026-07-29T05:14:32+00:00
ADS-006774,ACCT-000333,B0203,-21.92,2026-07-29T05:14:32+00:00
ADS-006775,ACCT-000042,B0203,23.65,2026-07-29T05:14:32+00:00
ADS-006776,ACCT-000196,B0203,-93.76,2026-07-29T05:14:32+00:00
ADS-006777,ACCT-000230,B0203,-20.05,2026-07-29T05:14:32+00:00
ADS-006778,ACCT-000691,B0203,-26.65,2026-07-29T05:14:32+00:00
ADS-006779,ACCT-000256,B0203,24.94,2026-07-29T05:14:32+00:00
ADS-006780,ACCT-000063,B0203,0.0,2026-07-29T05:14:32+00:00
ADS-006781,ACCT-000496,B0203,0.0,2026-07-29T05:14:32+00:00
ADS-006782,ACCT-000175,B0203,0.0,2026-07-29T05:14:32+00:00
ADS-006783,ACCT-000202,B0203,0.0,2026-07-29T05:14:32+00:00
ADS-006784,ACCT-000507,B0203,-41.61,2026-07-29T05:14:32+00:00
ADS-006785,ACCT-000222,B0203,32.01,2026-07-29T05:14:32+00:00
ADS-006786,ACCT-000380,B0203,0.0,2026-07-29T05:14:32+00:00
ADS-006787,ACCT-000207,B0203,0.0,2026-07-29T05:14:32+00:00
ADS-006788,ACCT-000353,B0203,40.22,2026-07-29T05:14:32+00:00
ADS-006789,ACCT-000509,B0203,0.0,2026-07-29T05:14:32+00:00
ADS-006790,ACCT-000475,B0203,0.0,2026-07-29T05:14:32+00:00
ADS-006791,ACCT-000525,B0203,0.0,2026-07-29T05:14:32+00:00
ADS-006792,ACCT-000492,B0203,0.0,2026-07-29T05:14:32+00:00
ADS-006793,ACCT-000210,B0203,0.25,2026-07-29T05:14:32+00:00
ADS-006794,ACCT-000136,B0203,4.19,2026-07-29T05:14:32+00:00
ADS-006795,ACCT-000530,B0203,-40.32,2026-07-29T05:14:32+00:00
ADS-006796,ACCT-000731,B0203,0.0,2026-07-29T05:14:32+00:00
ADS-006797,ACCT-000732,B0203,19.57,2026-07-29T05:14:32+00:00
ADS-006798,ACCT-000733,B0203,3.0,2026-07-29T05:14:32+00:00
ADS-006799,ACCT-000220,B0204,-10.45,2026-07-29T08:03:24+00:00
ADS-006800,ACCT-000156,B0204,0.0,2026-07-29T08:03:24+00:00
ADS-006801,ACCT-000537,B0204,13.47,2026-07-29T08:03:24+00:00
ADS-006802,ACCT-000112,B0204,-44.58,2026-07-29T08:03:24+00:00
ADS-006803,ACCT-000474,B0204,0.0,2026-07-29T08:03:24+00:00
ADS-006804,ACCT-000494,B0204,-60.76,2026-07-29T08:03:24+00:00
ADS-006805,ACCT-000081,B0204,40.27,2026-07-29T08:03:24+00:00
ADS-006806,ACCT-000411,B0204,38.69,2026-07-29T08:03:24+00:00
ADS-006807,ACCT-000142,B0204,0.0,2026-07-29T08:03:24+00:00
ADS-006808,ACCT-000626,B0204,-48.98,2026-07-29T08:03:24+00:00
ADS-006809,ACCT-000373,B0204,0.0,2026-07-29T08:03:24+00:00
ADS-006810,ACCT-000674,B0204,40.63,2026-07-29T08:03:24+00:00
ADS-006811,ACCT-000446,B0204,0.0,2026-07-29T08:03:24+00:00
ADS-006812,ACCT-000710,B0204,1.49,2026-07-29T08:03:24+00:00
ADS-006813,ACCT-000021,B0204,44.69,2026-07-29T08:03:24+00:00
ADS-006814,ACCT-000273,B0204,-0.25,2026-07-29T08:03:24+00:00
ADS-006815,ACCT-000300,B0204,20.61,2026-07-29T08:03:24+00:00
ADS-006816,ACCT-000590,B0204,-2.42,2026-07-29T08:03:24+00:00
ADS-006817,ACCT-000241,B0204,-47.93,2026-07-29T08:03:24+00:00
ADS-006818,ACCT-000029,B0204,17.54,2026-07-29T08:03:24+00:00
ADS-006819,ACCT-000567,B0204,0.0,2026-07-29T08:03:24+00:00
ADS-006820,ACCT-000635,B0204,0.0,2026-07-29T08:03:24+00:00
ADS-006821,ACCT-000404,B0204,-18.06,2026-07-29T08:03:24+00:00
ADS-006822,ACCT-000284,B0204,42.38,2026-07-29T08:03:24+00:00
ADS-006823,ACCT-000500,B0204,-69.8,2026-07-29T08:03:24+00:00
ADS-006824,ACCT-000105,B0204,3.6,2026-07-29T08:03:24+00:00
ADS-006825,ACCT-000122,B0204,-15.9,2026-07-29T08:03:24+00:00
ADS-006826,ACCT-000734,B0204,0.0,2026-07-29T08:03:24+00:00
ADS-006827,ACCT-000735,B0204,-6.69,2026-07-29T08:03:24+00:00
ADS-006828,ACCT-000736,B0204,0.0,2026-07-29T08:03:24+00:00
ADS-006829,ACCT-000595,B0205,-19.31,2026-07-29T11:00:58+00:00
ADS-006830,ACCT-000213,B0205,-7.34,2026-07-29T11:00:58+00:00
ADS-006831,ACCT-000732,B0205,16.07,2026-07-29T11:00:58+00:00
ADS-006832,ACCT-000525,B0205,-34.76,2026-07-29T11:00:58+00:00
ADS-006833,ACCT-000696,B0205,-38.67,2026-07-29T11:00:58+00:00
ADS-006834,ACCT-000326,B0205,-8.36,2026-07-29T11:00:58+00:00
ADS-006835,ACCT-000409,B0205,2.9,2026-07-29T11:00:58+00:00
ADS-006836,ACCT-000485,B0205,23.39,2026-07-29T11:00:58+00:00
ADS-006837,ACCT-000591,B0205,-6.31,2026-07-29T11:00:58+00:00
ADS-006838,ACCT-000118,B0205,-49.11,2026-07-29T11:00:58+00:00
ADS-006839,ACCT-000590,B0205,68.89,2026-07-29T11:00:58+00:00
ADS-006840,ACCT-000092,B0205,0.0,2026-07-29T11:00:58+00:00
ADS-006841,ACCT-000237,B0205,0.0,2026-07-29T11:00:58+00:00
ADS-006842,ACCT-000009,B0205,43.92,2026-07-29T11:00:58+00:00
ADS-006843,ACCT-000709,B0205,12.19,2026-07-29T11:00:58+00:00
ADS-006844,ACCT-000186,B0205,0.0,2026-07-29T11:00:58+00:00
ADS-006845,ACCT-000407,B0205,3.03,2026-07-29T11:00:58+00:00
ADS-006846,ACCT-000276,B0205,-75.06,2026-07-29T11:00:58+00:00
ADS-006847,ACCT-000703,B0205,-32.08,2026-07-29T11:00:58+00:00
ADS-006848,ACCT-000634,B0205,-5.19,2026-07-29T11:00:58+00:00
ADS-006849,ACCT-000587,B0205,72.87,2026-07-29T11:00:58+00:00
ADS-006850,ACCT-000581,B0205,-12.96,2026-07-29T11:00:58+00:00
ADS-006851,ACCT-000540,B0205,-47.77,2026-07-29T11:00:58+00:00
ADS-006852,ACCT-000082,B0205,0.0,2026-07-29T11:00:58+00:00
ADS-006853,ACCT-000080,B0205,-0.89,2026-07-29T11:00:58+00:00
ADS-006854,ACCT-000664,B0205,19.14,2026-07-29T11:00:58+00:00
ADS-006855,ACCT-000177,B0205,0.0,2026-07-29T11:00:58+00:00
ADS-006856,ACCT-000169,B0205,1.81,2026-07-29T11:00:58+00:00
ADS-006857,ACCT-000135,B0205,0.0,2026-07-29T11:00:58+00:00
ADS-006858,ACCT-000311,B0205,0.0,2026-07-29T11:00:58+00:00
ADS-006859,ACCT-000654,B0205,-37.84,2026-07-29T11:00:58+00:00
ADS-006860,ACCT-000461,B0205,0.0,2026-07-29T11:00:58+00:00
ADS-006861,ACCT-000737,B0205,0.0,2026-07-29T11:00:58+00:00
ADS-006862,ACCT-000738,B0205,-43.16,2026-07-29T11:00:58+00:00
ADS-006863,ACCT-000739,B0205,14.96,2026-07-29T11:00:58+00:00
ADS-006864,ACCT-000688,B0206,0.0,2026-07-29T13:12:34+00:00
ADS-006865,ACCT-000069,B0206,0.0,2026-07-29T13:12:34+00:00
ADS-006866,ACCT-000706,B0206,12.11,2026-07-29T13:12:34+00:00
ADS-006867,ACCT-000601,B0206,4.16,2026-07-29T13:12:34+00:00
ADS-006868,ACCT-000721,B0206,-33.13,2026-07-29T13:12:34+00:00
ADS-006869,ACCT-000173,B0206,-13.54,2026-07-29T13:12:34+00:00
ADS-006870,ACCT-000172,B0206,-14.57,2026-07-29T13:12:34+00:00
ADS-006871,ACCT-000418,B0206,0.0,2026-07-29T13:12:34+00:00
ADS-006872,ACCT-000478,B0206,0.0,2026-07-29T13:12:34+00:00
ADS-006873,ACCT-000304,B0206,4.22,2026-07-29T13:12:34+00:00
ADS-006874,ACCT-000001,B0206,0.0,2026-07-29T13:12:34+00:00
ADS-006875,ACCT-000474,B0206,4.73,2026-07-29T13:12:34+00:00
ADS-006876,ACCT-000337,B0206,0.0,2026-07-29T13:12:34+00:00
ADS-006877,ACCT-000117,B0206,0.0,2026-07-29T13:12:34+00:00
ADS-006878,ACCT-000160,B0206,-7.08,2026-07-29T13:12:34+00:00
ADS-006879,ACCT-000505,B0206,-9.18,2026-07-29T13:12:34+00:00
ADS-006880,ACCT-000350,B0206,19.46,2026-07-29T13:12:34+00:00
ADS-006881,ACCT-000522,B0206,-46.36,2026-07-29T13:12:34+00:00
ADS-006882,ACCT-000287,B0206,-29.15,2026-07-29T13:12:34+00:00
ADS-006883,ACCT-000464,B0206,1.08,2026-07-29T13:12:34+00:00
ADS-006884,ACCT-000063,B0206,0.0,2026-07-29T13:12:34+00:00
ADS-006885,ACCT-000215,B0206,7.4,2026-07-29T13:12:34+00:00
ADS-006886,ACCT-000501,B0206,0.0,2026-07-29T13:12:34+00:00
ADS-006887,ACCT-000133,B0206,13.74,2026-07-29T13:12:34+00:00
ADS-006888,ACCT-000165,B0206,0.0,2026-07-29T13:12:34+00:00
ADS-006889,ACCT-000701,B0206,0.0,2026-07-29T13:12:34+00:00
ADS-006890,ACCT-000619,B0206,53.8,2026-07-29T13:12:34+00:00
ADS-006891,ACCT-000213,B0206,0.0,2026-07-29T13:12:34+00:00
ADS-006892,ACCT-000224,B0206,-37.46,2026-07-29T13:12:34+00:00
ADS-006893,ACCT-000600,B0206,-33.39,2026-07-29T13:12:34+00:00
ADS-006894,ACCT-000121,B0206,0.0,2026-07-29T13:12:34+00:00
ADS-006895,ACCT-000091,B0206,35.68,2026-07-29T13:12:34+00:00
ADS-006896,ACCT-000711,B0206,82.16,2026-07-29T13:12:34+00:00
ADS-006897,ACCT-000740,B0206,-11.65,2026-07-29T13:12:34+00:00
ADS-006898,ACCT-000741,B0206,-15.57,2026-07-29T13:12:34+00:00
ADS-006899,ACCT-000742,B0206,0.0,2026-07-29T13:12:34+00:00
ADS-006900,ACCT-000743,B0206,-43.1,2026-07-29T13:12:34+00:00
ADS-006901,ACCT-000479,B0207,0.0,2026-07-29T15:26:33+00:00
ADS-006902,ACCT-000589,B0207,0.0,2026-07-29T15:26:33+00:00
ADS-006903,ACCT-000189,B0207,33.99,2026-07-29T15:26:33+00:00
ADS-006904,ACCT-000231,B0207,25.23,2026-07-29T15:26:33+00:00
ADS-006905,ACCT-000485,B0207,-27.39,2026-07-29T15:26:33+00:00
ADS-006906,ACCT-000076,B0207,0.0,2026-07-29T15:26:33+00:00
ADS-006907,ACCT-000398,B0207,0.0,2026-07-29T15:26:33+00:00
ADS-006908,ACCT-000277,B0207,5.91,2026-07-29T15:26:33+00:00
ADS-006909,ACCT-000033,B0207,-0.64,2026-07-29T15:26:33+00:00
ADS-006910,ACCT-000066,B0207,0.0,2026-07-29T15:26:33+00:00
ADS-006911,ACCT-000657,B0207,13.35,2026-07-29T15:26:33+00:00
ADS-006912,ACCT-000714,B0207,-0.15,2026-07-29T15:26:33+00:00
ADS-006913,ACCT-000169,B0207,0.0,2026-07-29T15:26:33+00:00
ADS-006914,ACCT-000401,B0207,0.0,2026-07-29T15:26:33+00:00
ADS-006915,ACCT-000209,B0207,-30.72,2026-07-29T15:26:33+00:00
ADS-006916,ACCT-000664,B0207,-11.97,2026-07-29T15:26:33+00:00
ADS-006917,ACCT-000386,B0207,58.75,2026-07-29T15:26:33+00:00
ADS-006918,ACCT-000146,B0207,48.23,2026-07-29T15:26:33+00:00
ADS-006919,ACCT-000429,B0207,0.0,2026-07-29T15:26:33+00:00
ADS-006920,ACCT-000407,B0207,0.0,2026-07-29T15:26:33+00:00
ADS-006921,ACCT-000442,B0207,5.32,2026-07-29T15:26:33+00:00
ADS-006922,ACCT-000193,B0207,0.0,2026-07-29T15:26:33+00:00
ADS-006923,ACCT-000138,B0207,-3.7,2026-07-29T15:26:33+00:00
ADS-006924,ACCT-000250,B0207,0.0,2026-07-29T15:26:33+00:00
ADS-006925,ACCT-000414,B0207,0.0,2026-07-29T15:26:33+00:00
ADS-006926,ACCT-000625,B0207,41.49,2026-07-29T15:26:33+00:00
ADS-006927,ACCT-000458,B0207,5.38,2026-07-29T15:26:33+00:00
ADS-006928,ACCT-000230,B0207,0.0,2026-07-29T15:26:33+00:00
ADS-006929,ACCT-000521,B0207,-80.43,2026-07-29T15:26:33+00:00
ADS-006930,ACCT-000364,B0207,42.26,2026-07-29T15:26:33+00:00
ADS-006931,ACCT-000296,B0207,0.0,2026-07-29T15:26:33+00:00
ADS-006932,ACCT-000242,B0207,9.66,2026-07-29T15:26:33+00:00
ADS-006933,ACCT-000716,B0207,-36.28,2026-07-29T15:26:33+00:00
ADS-006934,ACCT-000375,B0207,-75.03,2026-07-29T15:26:33+00:00
ADS-006935,ACCT-000720,B0207,-40.01,2026-07-29T15:26:33+00:00
ADS-006936,ACCT-000744,B0207,0.0,2026-07-29T15:26:33+00:00
ADS-006937,ACCT-000745,B0207,-86.15,2026-07-29T15:26:33+00:00
ADS-006938,ACCT-000355,B0208,-5.59,2026-07-29T16:48:04+00:00
ADS-006939,ACCT-000058,B0208,0.0,2026-07-29T16:48:04+00:00
ADS-006940,ACCT-000508,B0208,-33.55,2026-07-29T16:48:04+00:00
ADS-006941,ACCT-000094,B0208,0.0,2026-07-29T16:48:04+00:00
ADS-006942,ACCT-000123,B0208,-39.95,2026-07-29T16:48:04+00:00
ADS-006943,ACCT-000311,B0208,-45.92,2026-07-29T16:48:04+00:00
ADS-006944,ACCT-000212,B0208,0.0,2026-07-29T16:48:04+00:00
ADS-006945,ACCT-000150,B0208,15.27,2026-07-29T16:48:04+00:00
ADS-006946,ACCT-000485,B0208,-37.99,2026-07-29T16:48:04+00:00
ADS-006947,ACCT-000641,B0208,52.93,2026-07-29T16:48:04+00:00
ADS-006948,ACCT-000014,B0208,0.0,2026-07-29T16:48:04+00:00
ADS-006949,ACCT-000670,B0208,50.96,2026-07-29T16:48:04+00:00
ADS-006950,ACCT-000146,B0208,17.82,2026-07-29T16:48:04+00:00
ADS-006951,ACCT-000613,B0208,3.32,2026-07-29T16:48:04+00:00
ADS-006952,ACCT-000192,B0208,-23.89,2026-07-29T16:48:04+00:00
ADS-006953,ACCT-000516,B0208,9.68,2026-07-29T16:48:04+00:00
ADS-006954,ACCT-000668,B0208,0.0,2026-07-29T16:48:04+00:00
ADS-006955,ACCT-000364,B0208,-49.9,2026-07-29T16:48:04+00:00
ADS-006956,ACCT-000361,B0208,-0.06,2026-07-29T16:48:04+00:00
ADS-006957,ACCT-000352,B0208,-9.51,2026-07-29T16:48:04+00:00
ADS-006958,ACCT-000530,B0208,-26.95,2026-07-29T16:48:04+00:00
ADS-006959,ACCT-000452,B0208,-28.18,2026-07-29T16:48:04+00:00
ADS-006960,ACCT-000725,B0208,-53.52,2026-07-29T16:48:04+00:00
ADS-006961,ACCT-000114,B0208,13.33,2026-07-29T16:48:04+00:00
ADS-006962,ACCT-000685,B0208,0.0,2026-07-29T16:48:04+00:00
ADS-006963,ACCT-000371,B0208,0.0,2026-07-29T16:48:04+00:00
ADS-006964,ACCT-000746,B0208,0.0,2026-07-29T16:48:04+00:00
ADS-006965,ACCT-000747,B0208,-23.2,2026-07-29T16:48:04+00:00
ADS-006966,ACCT-000748,B0208,55.16,2026-07-29T16:48:04+00:00
ADS-006967,ACCT-000643,B0209,29.67,2026-07-29T18:02:22+00:00
ADS-006968,ACCT-000196,B0209,72.27,2026-07-29T18:02:22+00:00
ADS-006969,ACCT-000229,B0209,0.0,2026-07-29T18:02:22+00:00
ADS-006970,ACCT-000066,B0209,18.88,2026-07-29T18:02:22+00:00
ADS-006971,ACCT-000334,B0209,-18.69,2026-07-29T18:02:22+00:00
ADS-006972,ACCT-000147,B0209,-18.75,2026-07-29T18:02:22+00:00
ADS-006973,ACCT-000387,B0209,54.65,2026-07-29T18:02:22+00:00
ADS-006974,ACCT-000563,B0209,-5.75,2026-07-29T18:02:22+00:00
ADS-006975,ACCT-000405,B0209,3.58,2026-07-29T18:02:22+00:00
ADS-006976,ACCT-000487,B0209,-27.2,2026-07-29T18:02:22+00:00
ADS-006977,ACCT-000232,B0209,-48.43,2026-07-29T18:02:22+00:00
ADS-006978,ACCT-000282,B0209,0.0,2026-07-29T18:02:22+00:00
ADS-006979,ACCT-000490,B0209,-49.14,2026-07-29T18:02:22+00:00
ADS-006980,ACCT-000647,B0209,0.0,2026-07-29T18:02:22+00:00
ADS-006981,ACCT-000140,B0209,16.13,2026-07-29T18:02:22+00:00
ADS-006982,ACCT-000071,B0209,0.0,2026-07-29T18:02:22+00:00
ADS-006983,ACCT-000707,B0209,0.0,2026-07-29T18:02:22+00:00
ADS-006984,ACCT-000084,B0209,35.4,2026-07-29T18:02:22+00:00
ADS-006985,ACCT-000383,B0209,0.0,2026-07-29T18:02:22+00:00
ADS-006986,ACCT-000678,B0209,-81.63,2026-07-29T18:02:22+00:00
ADS-006987,ACCT-000510,B0209,0.59,2026-07-29T18:02:22+00:00
ADS-006988,ACCT-000195,B0209,29.06,2026-07-29T18:02:22+00:00
ADS-006989,ACCT-000215,B0209,23.67,2026-07-29T18:02:22+00:00
ADS-006990,ACCT-000622,B0209,-33.52,2026-07-29T18:02:22+00:00
ADS-006991,ACCT-000015,B0209,0.0,2026-07-29T18:02:22+00:00
ADS-006992,ACCT-000359,B0209,22.79,2026-07-29T18:02:22+00:00
ADS-006993,ACCT-000742,B0209,55.82,2026-07-29T18:02:22+00:00
ADS-006994,ACCT-000749,B0209,-32.72,2026-07-29T18:02:22+00:00
ADS-006995,ACCT-000750,B0209,34.05,2026-07-29T18:02:22+00:00
ADS-006996,ACCT-000751,B0209,-8.85,2026-07-29T18:02:22+00:00
ADS-006997,ACCT-000702,B0210,9.15,2026-07-29T19:51:18+00:00
ADS-006998,ACCT-000169,B0210,26.68,2026-07-29T19:51:18+00:00
ADS-006999,ACCT-000276,B0210,0.0,2026-07-29T19:51:18+00:00
ADS-007000,ACCT-000585,B0210,0.0,2026-07-29T19:51:18+00:00
ADS-007001,ACCT-000489,B0210,12.81,2026-07-29T19:51:18+00:00
ADS-007002,ACCT-000448,B0210,0.0,2026-07-29T19:51:18+00:00
ADS-007003,ACCT-000590,B0210,-25.67,2026-07-29T19:51:18+00:00
ADS-007004,ACCT-000176,B0210,-58.92,2026-07-29T19:51:18+00:00
ADS-007005,ACCT-000301,B0210,-35.6,2026-07-29T19:51:18+00:00
ADS-007006,ACCT-000545,B0210,15.42,2026-07-29T19:51:18+00:00
ADS-007007,ACCT-000388,B0210,0.0,2026-07-29T19:51:18+00:00
ADS-007008,ACCT-000652,B0210,0.0,2026-07-29T19:51:18+00:00
ADS-007009,ACCT-000226,B0210,3.44,2026-07-29T19:51:18+00:00
ADS-007010,ACCT-000432,B0210,-0.09,2026-07-29T19:51:18+00:00
ADS-007011,ACCT-000362,B0210,0.0,2026-07-29T19:51:18+00:00
ADS-007012,ACCT-000579,B0210,-80.52,2026-07-29T19:51:18+00:00
ADS-007013,ACCT-000041,B0210,-11.05,2026-07-29T19:51:18+00:00
ADS-007014,ACCT-000612,B0210,0.0,2026-07-29T19:51:18+00:00
ADS-007015,ACCT-000006,B0210,-39.23,2026-07-29T19:51:18+00:00
ADS-007016,ACCT-000566,B0210,7.99,2026-07-29T19:51:18+00:00
ADS-007017,ACCT-000234,B0210,-31.08,2026-07-29T19:51:18+00:00
ADS-007018,ACCT-000342,B0210,-3.77,2026-07-29T19:51:18+00:00
ADS-007019,ACCT-000179,B0210,-61.46,2026-07-29T19:51:18+00:00
ADS-007020,ACCT-000380,B0210,0.0,2026-07-29T19:51:18+00:00
ADS-007021,ACCT-000674,B0210,-2.03,2026-07-29T19:51:18+00:00
ADS-007022,ACCT-000351,B0210,0.0,2026-07-29T19:51:18+00:00
ADS-007023,ACCT-000182,B0210,0.0,2026-07-29T19:51:18+00:00
ADS-007024,ACCT-000752,B0210,-27.15,2026-07-29T19:51:18+00:00
ADS-007025,ACCT-000753,B0210,20.94,2026-07-29T19:51:18+00:00
ADS-007026,ACCT-000521,B0211,11.03,2026-07-29T20:44:55+00:00
ADS-007027,ACCT-000554,B0211,0.0,2026-07-29T20:44:55+00:00
ADS-007028,ACCT-000326,B0211,-60.91,2026-07-29T20:44:55+00:00
ADS-007029,ACCT-000297,B0211,28.83,2026-07-29T20:44:55+00:00
ADS-007030,ACCT-000539,B0211,0.0,2026-07-29T20:44:55+00:00
ADS-007031,ACCT-000217,B0211,0.0,2026-07-29T20:44:55+00:00
ADS-007032,ACCT-000313,B0211,0.0,2026-07-29T20:44:55+00:00
ADS-007033,ACCT-000421,B0211,-28.81,2026-07-29T20:44:55+00:00
ADS-007034,ACCT-000206,B0211,28.83,2026-07-29T20:44:55+00:00
ADS-007035,ACCT-000438,B0211,-21.19,2026-07-29T20:44:55+00:00
ADS-007036,ACCT-000169,B0211,-7.64,2026-07-29T20:44:55+00:00
ADS-007037,ACCT-000240,B0211,-3.76,2026-07-29T20:44:55+00:00
ADS-007038,ACCT-000596,B0211,0.0,2026-07-29T20:44:55+00:00
ADS-007039,ACCT-000026,B0211,10.44,2026-07-29T20:44:55+00:00
ADS-007040,ACCT-000062,B0211,-62.28,2026-07-29T20:44:55+00:00
ADS-007041,ACCT-000096,B0211,-0.92,2026-07-29T20:44:55+00:00
ADS-007042,ACCT-000053,B0211,19.04,2026-07-29T20:44:55+00:00
ADS-007043,ACCT-000704,B0211,-4.84,2026-07-29T20:44:55+00:00
ADS-007044,ACCT-000309,B0211,-56.6,2026-07-29T20:44:55+00:00
ADS-007045,ACCT-000617,B0211,0.0,2026-07-29T20:44:55+00:00
ADS-007046,ACCT-000451,B0211,0.0,2026-07-29T20:44:55+00:00
ADS-007047,ACCT-000531,B0211,0.0,2026-07-29T20:44:55+00:00
ADS-007048,ACCT-000650,B0211,24.61,2026-07-29T20:44:55+00:00
ADS-007049,ACCT-000716,B0211,0.0,2026-07-29T20:44:55+00:00
ADS-007050,ACCT-000594,B0211,35.84,2026-07-29T20:44:55+00:00
ADS-007051,ACCT-000035,B0211,21.33,2026-07-29T20:44:55+00:00
ADS-007052,ACCT-000644,B0211,0.0,2026-07-29T20:44:55+00:00
ADS-007053,ACCT-000276,B0211,20.33,2026-07-29T20:44:55+00:00
ADS-007054,ACCT-000743,B0211,-23.39,2026-07-29T20:44:55+00:00
ADS-007055,ACCT-000754,B0211,-13.03,2026-07-29T20:44:55+00:00
ADS-007056,ACCT-000755,B0211,0.0,2026-07-29T20:44:55+00:00
ADS-007057,ACCT-000756,B0211,0.0,2026-07-29T20:44:55+00:00
ADS-007058,ACCT-000095,B0212,6.31,2026-07-29T21:52:47+00:00
ADS-007059,ACCT-000646,B0212,-35.1,2026-07-29T21:52:47+00:00
ADS-007060,ACCT-000229,B0212,0.0,2026-07-29T21:52:47+00:00
ADS-007061,ACCT-000272,B0212,-83.94,2026-07-29T21:52:47+00:00
ADS-007062,ACCT-000127,B0212,-41.5,2026-07-29T21:52:47+00:00
ADS-007063,ACCT-000324,B0212,-80.4,2026-07-29T21:52:47+00:00
ADS-007064,ACCT-000224,B0212,-4.44,2026-07-29T21:52:47+00:00
ADS-007065,ACCT-000401,B0212,-59.75,2026-07-29T21:52:47+00:00
ADS-007066,ACCT-000541,B0212,-8.19,2026-07-29T21:52:47+00:00
ADS-007067,ACCT-000310,B0212,-42.21,2026-07-29T21:52:47+00:00
ADS-007068,ACCT-000240,B0212,14.42,2026-07-29T21:52:47+00:00
ADS-007069,ACCT-000036,B0212,-29.8,2026-07-29T21:52:47+00:00
ADS-007070,ACCT-000085,B0212,9.49,2026-07-29T21:52:47+00:00
ADS-007071,ACCT-000145,B0212,0.0,2026-07-29T21:52:47+00:00
ADS-007072,ACCT-000319,B0212,0.0,2026-07-29T21:52:47+00:00
ADS-007073,ACCT-000703,B0212,16.68,2026-07-29T21:52:47+00:00
ADS-007074,ACCT-000619,B0212,-16.06,2026-07-29T21:52:47+00:00
ADS-007075,ACCT-000390,B0212,0.0,2026-07-29T21:52:47+00:00
ADS-007076,ACCT-000323,B0212,19.15,2026-07-29T21:52:47+00:00
ADS-007077,ACCT-000169,B0212,26.93,2026-07-29T21:52:47+00:00
ADS-007078,ACCT-000153,B0212,16.34,2026-07-29T21:52:47+00:00
ADS-007079,ACCT-000594,B0212,0.0,2026-07-29T21:52:47+00:00
ADS-007080,ACCT-000146,B0212,38.68,2026-07-29T21:52:47+00:00
ADS-007081,ACCT-000691,B0212,0.0,2026-07-29T21:52:47+00:00
ADS-007082,ACCT-000007,B0212,13.1,2026-07-29T21:52:47+00:00
ADS-007083,ACCT-000520,B0212,46.28,2026-07-29T21:52:47+00:00
ADS-007084,ACCT-000232,B0212,15.99,2026-07-29T21:52:47+00:00
ADS-007085,ACCT-000196,B0212,0.0,2026-07-29T21:52:47+00:00
ADS-007086,ACCT-000123,B0212,0.0,2026-07-29T21:52:47+00:00
ADS-007087,ACCT-000294,B0212,0.0,2026-07-29T21:52:47+00:00
ADS-007088,ACCT-000705,B0212,11.92,2026-07-29T21:52:47+00:00
ADS-007089,ACCT-000352,B0212,0.0,2026-07-29T21:52:47+00:00
ADS-007090,ACCT-000535,B0212,-22.63,2026-07-29T21:52:47+00:00
ADS-007091,ACCT-000757,B0212,23.77,2026-07-29T21:52:47+00:00
ADS-007092,ACCT-000758,B0212,38.46,2026-07-29T21:52:47+00:00
ADS-007093,ACCT-000044,B0213,-23.46,2026-07-29T22:54:01+00:00
ADS-007094,ACCT-000152,B0213,-15.68,2026-07-29T22:54:01+00:00
ADS-007095,ACCT-000664,B0213,-54.02,2026-07-29T22:54:01+00:00
ADS-007096,ACCT-000345,B0213,0.0,2026-07-29T22:54:01+00:00
ADS-007097,ACCT-000677,B0213,38.1,2026-07-29T22:54:01+00:00
ADS-007098,ACCT-000564,B0213,0.0,2026-07-29T22:54:01+00:00
ADS-007099,ACCT-000056,B0213,-91.21,2026-07-29T22:54:01+00:00
ADS-007100,ACCT-000444,B0213,38.8,2026-07-29T22:54:01+00:00
ADS-007101,ACCT-000731,B0213,0.0,2026-07-29T22:54:01+00:00
ADS-007102,ACCT-000753,B0213,41.41,2026-07-29T22:54:01+00:00
ADS-007103,ACCT-000623,B0213,0.0,2026-07-29T22:54:01+00:00
ADS-007104,ACCT-000594,B0213,41.16,2026-07-29T22:54:01+00:00
ADS-007105,ACCT-000070,B0213,-34.8,2026-07-29T22:54:01+00:00
ADS-007106,ACCT-000280,B0213,0.0,2026-07-29T22:54:01+00:00
ADS-007107,ACCT-000271,B0213,-5.46,2026-07-29T22:54:01+00:00
ADS-007108,ACCT-000478,B0213,-24.51,2026-07-29T22:54:01+00:00
ADS-007109,ACCT-000635,B0213,0.0,2026-07-29T22:54:01+00:00
ADS-007110,ACCT-000531,B0213,-16.83,2026-07-29T22:54:01+00:00
ADS-007111,ACCT-000732,B0213,-49.12,2026-07-29T22:54:01+00:00
ADS-007112,ACCT-000382,B0213,0.0,2026-07-29T22:54:01+00:00
ADS-007113,ACCT-000457,B0213,-29.31,2026-07-29T22:54:01+00:00
ADS-007114,ACCT-000266,B0213,0.0,2026-07-29T22:54:01+00:00
ADS-007115,ACCT-000627,B0213,0.0,2026-07-29T22:54:01+00:00
ADS-007116,ACCT-000743,B0213,6.42,2026-07-29T22:54:01+00:00
ADS-007117,ACCT-000146,B0213,34.24,2026-07-29T22:54:01+00:00
ADS-007118,ACCT-000041,B0213,33.0,2026-07-29T22:54:01+00:00
ADS-007119,ACCT-000654,B0213,0.0,2026-07-29T22:54:01+00:00
ADS-007120,ACCT-000031,B0213,49.04,2026-07-29T22:54:01+00:00
ADS-007121,ACCT-000147,B0213,0.12,2026-07-29T22:54:01+00:00
ADS-007122,ACCT-000304,B0213,30.11,2026-07-29T22:54:01+00:00
ADS-007123,ACCT-000158,B0213,0.0,2026-07-29T22:54:01+00:00
ADS-007124,ACCT-000090,B0213,-10.63,2026-07-29T22:54:01+00:00
ADS-007125,ACCT-000663,B0213,-48.66,2026-07-29T22:54:01+00:00
ADS-007126,ACCT-000759,B0213,-16.61,2026-07-29T22:54:01+00:00
ADS-007127,ACCT-000760,B0213,-23.67,2026-07-29T22:54:01+00:00
ADS-007128,ACCT-000761,B0213,0.0,2026-07-29T22:54:01+00:00
ADS-007129,ACCT-000762,B0213,45.32,2026-07-29T22:54:01+00:00
ADS-007130,ACCT-000685,B0214,-18.26,2026-07-29T23:55:25+00:00
ADS-007131,ACCT-000029,B0214,0.0,2026-07-29T23:55:25+00:00
ADS-007132,ACCT-000333,B0214,4.04,2026-07-29T23:55:25+00:00
ADS-007133,ACCT-000105,B0214,-78.71,2026-07-29T23:55:25+00:00
ADS-007134,ACCT-000731,B0214,14.35,2026-07-29T23:55:25+00:00
ADS-007135,ACCT-000681,B0214,35.97,2026-07-29T23:55:25+00:00
ADS-007136,ACCT-000235,B0214,38.73,2026-07-29T23:55:25+00:00
ADS-007137,ACCT-000340,B0214,8.12,2026-07-29T23:55:25+00:00
ADS-007138,ACCT-000182,B0214,31.33,2026-07-29T23:55:25+00:00
ADS-007139,ACCT-000025,B0214,0.0,2026-07-29T23:55:25+00:00
ADS-007140,ACCT-000307,B0214,37.0,2026-07-29T23:55:25+00:00
ADS-007141,ACCT-000652,B0214,0.0,2026-07-29T23:55:25+00:00
ADS-007142,ACCT-000066,B0214,-26.91,2026-07-29T23:55:25+00:00
ADS-007143,ACCT-000713,B0214,0.0,2026-07-29T23:55:25+00:00
ADS-007144,ACCT-000382,B0214,47.92,2026-07-29T23:55:25+00:00
ADS-007145,ACCT-000071,B0214,-21.36,2026-07-29T23:55:25+00:00
ADS-007146,ACCT-000565,B0214,36.35,2026-07-29T23:55:25+00:00
ADS-007147,ACCT-000178,B0214,47.74,2026-07-29T23:55:25+00:00
ADS-007148,ACCT-000195,B0214,6.17,2026-07-29T23:55:25+00:00
ADS-007149,ACCT-000497,B0214,-29.18,2026-07-29T23:55:25+00:00
ADS-007150,ACCT-000433,B0214,-3.46,2026-07-29T23:55:25+00:00
ADS-007151,ACCT-000048,B0214,-24.52,2026-07-29T23:55:25+00:00
ADS-007152,ACCT-000254,B0214,0.0,2026-07-29T23:55:25+00:00
ADS-007153,ACCT-000288,B0214,7.64,2026-07-29T23:55:25+00:00
ADS-007154,ACCT-000141,B0214,0.0,2026-07-29T23:55:25+00:00
ADS-007155,ACCT-000637,B0214,-16.87,2026-07-29T23:55:25+00:00
ADS-007156,ACCT-000429,B0214,-34.94,2026-07-29T23:55:25+00:00
ADS-007157,ACCT-000258,B0214,72.42,2026-07-29T23:55:25+00:00
ADS-007158,ACCT-000763,B0214,33.38,2026-07-29T23:55:25+00:00
ADS-007159,ACCT-000764,B0214,-26.7,2026-07-29T23:55:25+00:00
ADS-007160,ACCT-000765,B0214,-8.65,2026-07-29T23:55:25+00:00
ADS-007161,ACCT-000766,B0214,0.0,2026-07-29T23:55:25+00:00
ADS-007162,ACCT-000139,B0215,0.0,2026-07-30T01:43:52+00:00
ADS-007163,ACCT-000350,B0215,48.21,2026-07-30T01:43:52+00:00
ADS-007164,ACCT-000689,B0215,0.0,2026-07-30T01:43:52+00:00
ADS-007165,ACCT-000313,B0215,39.51,2026-07-30T01:43:52+00:00
ADS-007166,ACCT-000655,B0215,0.0,2026-07-30T01:43:52+00:00
ADS-007167,ACCT-000067,B0215,-9.75,2026-07-30T01:43:52+00:00
ADS-007168,ACCT-000699,B0215,0.0,2026-07-30T01:43:52+00:00
ADS-007169,ACCT-000520,B0215,0.0,2026-07-30T01:43:52+00:00
ADS-007170,ACCT-000195,B0215,52.19,2026-07-30T01:43:52+00:00
ADS-007171,ACCT-000507,B0215,-3.57,2026-07-30T01:43:52+00:00
ADS-007172,ACCT-000757,B0215,0.0,2026-07-30T01:43:52+00:00
ADS-007173,ACCT-000390,B0215,10.99,2026-07-30T01:43:52+00:00
ADS-007174,ACCT-000330,B0215,-7.61,2026-07-30T01:43:52+00:00
ADS-007175,ACCT-000583,B0215,-9.64,2026-07-30T01:43:52+00:00
ADS-007176,ACCT-000227,B0215,25.78,2026-07-30T01:43:52+00:00
ADS-007177,ACCT-000476,B0215,-13.27,2026-07-30T01:43:52+00:00
ADS-007178,ACCT-000691,B0215,-18.23,2026-07-30T01:43:52+00:00
ADS-007179,ACCT-000146,B0215,0.0,2026-07-30T01:43:52+00:00
ADS-007180,ACCT-000015,B0215,22.22,2026-07-30T01:43:52+00:00
ADS-007181,ACCT-000750,B0215,35.18,2026-07-30T01:43:52+00:00
ADS-007182,ACCT-000040,B0215,-43.16,2026-07-30T01:43:52+00:00
ADS-007183,ACCT-000548,B0215,30.11,2026-07-30T01:43:52+00:00
ADS-007184,ACCT-000478,B0215,-47.6,2026-07-30T01:43:52+00:00
ADS-007185,ACCT-000651,B0215,0.0,2026-07-30T01:43:52+00:00
ADS-007186,ACCT-000682,B0215,40.95,2026-07-30T01:43:52+00:00
ADS-007187,ACCT-000405,B0215,-1.82,2026-07-30T01:43:52+00:00
ADS-007188,ACCT-000462,B0215,46.79,2026-07-30T01:43:52+00:00
ADS-007189,ACCT-000767,B0215,-18.66,2026-07-30T01:43:52+00:00
ADS-007190,ACCT-000768,B0215,36.48,2026-07-30T01:43:52+00:00
ADS-007191,ACCT-000361,B0216,9.04,2026-07-30T04:51:22+00:00
ADS-007192,ACCT-000641,B0216,44.68,2026-07-30T04:51:22+00:00
ADS-007193,ACCT-000677,B0216,0.0,2026-07-30T04:51:22+00:00
ADS-007194,ACCT-000087,B0216,0.0,2026-07-30T04:51:22+00:00
ADS-007195,ACCT-000492,B0216,49.34,2026-07-30T04:51:22+00:00
ADS-007196,ACCT-000506,B0216,-7.25,2026-07-30T04:51:22+00:00
ADS-007197,ACCT-000110,B0216,5.53,2026-07-30T04:51:22+00:00
ADS-007198,ACCT-000470,B0216,-27.16,2026-07-30T04:51:22+00:00
ADS-007199,ACCT-000292,B0216,36.09,2026-07-30T04:51:22+00:00
ADS-007200,ACCT-000711,B0216,0.0,2026-07-30T04:51:22+00:00
ADS-007201,ACCT-000457,B0216,-28.26,2026-07-30T04:51:22+00:00
ADS-007202,ACCT-000053,B0216,0.0,2026-07-30T04:51:22+00:00
ADS-007203,ACCT-000471,B0216,50.94,2026-07-30T04:51:22+00:00
ADS-007204,ACCT-000138,B0216,-13.95,2026-07-30T04:51:22+00:00
ADS-007205,ACCT-000709,B0216,-8.01,2026-07-30T04:51:22+00:00
ADS-007206,ACCT-000600,B0216,-44.86,2026-07-30T04:51:22+00:00
ADS-007207,ACCT-000289,B0216,0.0,2026-07-30T04:51:22+00:00
ADS-007208,ACCT-000238,B0216,40.3,2026-07-30T04:51:22+00:00
ADS-007209,ACCT-000136,B0216,-45.14,2026-07-30T04:51:22+00:00
ADS-007210,ACCT-000682,B0216,-22.39,2026-07-30T04:51:22+00:00
ADS-007211,ACCT-000424,B0216,-4.4,2026-07-30T04:51:22+00:00
ADS-007212,ACCT-000054,B0216,-0.66,2026-07-30T04:51:22+00:00
ADS-007213,ACCT-000181,B0216,-28.44,2026-07-30T04:51:22+00:00
ADS-007214,ACCT-000587,B0216,23.69,2026-07-30T04:51:22+00:00
ADS-007215,ACCT-000551,B0216,-22.9,2026-07-30T04:51:22+00:00
ADS-007216,ACCT-000599,B0216,-44.14,2026-07-30T04:51:22+00:00
ADS-007217,ACCT-000023,B0216,4.72,2026-07-30T04:51:22+00:00
ADS-007218,ACCT-000602,B0216,-45.04,2026-07-30T04:51:22+00:00
ADS-007219,ACCT-000030,B0216,0.0,2026-07-30T04:51:22+00:00
ADS-007220,ACCT-000203,B0216,0.0,2026-07-30T04:51:22+00:00
ADS-007221,ACCT-000769,B0216,0.0,2026-07-30T04:51:22+00:00
ADS-007222,ACCT-000770,B0216,-30.86,2026-07-30T04:51:22+00:00
ADS-007223,ACCT-000771,B0216,0.0,2026-07-30T04:51:22+00:00
ADS-007224,ACCT-000659,B0217,0.0,2026-07-30T07:29:51+00:00
ADS-007225,ACCT-000222,B0217,66.76,2026-07-30T07:29:51+00:00
ADS-007226,ACCT-000486,B0217,0.0,2026-07-30T07:29:51+00:00
ADS-007227,ACCT-000297,B0217,0.0,2026-07-30T07:29:51+00:00
ADS-007228,ACCT-000514,B0217,-41.66,2026-07-30T07:29:51+00:00
ADS-007229,ACCT-000002,B0217,0.0,2026-07-30T07:29:51+00:00
ADS-007230,ACCT-000556,B0217,0.0,2026-07-30T07:29:51+00:00
ADS-007231,ACCT-000108,B0217,6.38,2026-07-30T07:29:51+00:00
ADS-007232,ACCT-000476,B0217,41.14,2026-07-30T07:29:51+00:00
ADS-007233,ACCT-000047,B0217,-1.09,2026-07-30T07:29:51+00:00
ADS-007234,ACCT-000477,B0217,-79.16,2026-07-30T07:29:51+00:00
ADS-007235,ACCT-000439,B0217,59.24,2026-07-30T07:29:51+00:00
ADS-007236,ACCT-000364,B0217,22.21,2026-07-30T07:29:51+00:00
ADS-007237,ACCT-000693,B0217,40.23,2026-07-30T07:29:51+00:00
ADS-007238,ACCT-000550,B0217,40.97,2026-07-30T07:29:51+00:00
ADS-007239,ACCT-000112,B0217,48.92,2026-07-30T07:29:51+00:00
ADS-007240,ACCT-000688,B0217,0.0,2026-07-30T07:29:51+00:00
ADS-007241,ACCT-000577,B0217,0.0,2026-07-30T07:29:51+00:00
ADS-007242,ACCT-000242,B0217,-5.15,2026-07-30T07:29:51+00:00
ADS-007243,ACCT-000561,B0217,23.8,2026-07-30T07:29:51+00:00
ADS-007244,ACCT-000387,B0217,13.35,2026-07-30T07:29:51+00:00
ADS-007245,ACCT-000114,B0217,-63.54,2026-07-30T07:29:51+00:00
ADS-007246,ACCT-000326,B0217,42.94,2026-07-30T07:29:51+00:00
ADS-007247,ACCT-000060,B0217,28.53,2026-07-30T07:29:51+00:00
ADS-007248,ACCT-000218,B0217,-3.96,2026-07-30T07:29:51+00:00
ADS-007249,ACCT-000430,B0217,-7.67,2026-07-30T07:29:51+00:00
ADS-007250,ACCT-000772,B0217,-38.68,2026-07-30T07:29:51+00:00
ADS-007251,ACCT-000773,B0217,33.22,2026-07-30T07:29:51+00:00
ADS-007252,ACCT-000774,B0217,4.14,2026-07-30T07:29:51+00:00
ADS-007253,ACCT-000775,B0217,-30.95,2026-07-30T07:29:51+00:00
ADS-007254,ACCT-000360,B0218,30.67,2026-07-30T09:59:49+00:00
ADS-007255,ACCT-000251,B0218,24.56,2026-07-30T09:59:49+00:00
ADS-007256,ACCT-000684,B0218,-24.36,2026-07-30T09:59:49+00:00
ADS-007257,ACCT-000087,B0218,0.0,2026-07-30T09:59:49+00:00
ADS-007258,ACCT-000060,B0218,56.08,2026-07-30T09:59:49+00:00
ADS-007259,ACCT-000562,B0218,-13.39,2026-07-30T09:59:49+00:00
ADS-007260,ACCT-000417,B0218,-30.98,2026-07-30T09:59:49+00:00
ADS-007261,ACCT-000504,B0218,0.0,2026-07-30T09:59:49+00:00
ADS-007262,ACCT-000183,B0218,-24.83,2026-07-30T09:59:49+00:00
ADS-007263,ACCT-000014,B0218,0.0,2026-07-30T09:59:49+00:00
ADS-007264,ACCT-000666,B0218,-28.61,2026-07-30T09:59:49+00:00
ADS-007265,ACCT-000351,B0218,-29.83,2026-07-30T09:59:49+00:00
ADS-007266,ACCT-000326,B0218,-11.22,2026-07-30T09:59:49+00:00
ADS-007267,ACCT-000768,B0218,0.0,2026-07-30T09:59:49+00:00
ADS-007268,ACCT-000343,B0218,46.65,2026-07-30T09:59:49+00:00
ADS-007269,ACCT-000061,B0218,17.69,2026-07-30T09:59:49+00:00
ADS-007270,ACCT-000773,B0218,-18.95,2026-07-30T09:59:49+00:00
ADS-007271,ACCT-000391,B0218,-18.69,2026-07-30T09:59:49+00:00
ADS-007272,ACCT-000415,B0218,-5.09,2026-07-30T09:59:49+00:00
ADS-007273,ACCT-000384,B0218,7.95,2026-07-30T09:59:49+00:00
ADS-007274,ACCT-000760,B0218,40.2,2026-07-30T09:59:49+00:00
ADS-007275,ACCT-000151,B0218,10.84,2026-07-30T09:59:49+00:00
ADS-007276,ACCT-000329,B0218,0.0,2026-07-30T09:59:49+00:00
ADS-007277,ACCT-000020,B0218,0.0,2026-07-30T09:59:49+00:00
ADS-007278,ACCT-000044,B0218,0.0,2026-07-30T09:59:49+00:00
ADS-007279,ACCT-000747,B0218,-27.19,2026-07-30T09:59:49+00:00
ADS-007280,ACCT-000765,B0218,-48.92,2026-07-30T09:59:49+00:00
ADS-007281,ACCT-000149,B0218,39.34,2026-07-30T09:59:49+00:00
ADS-007282,ACCT-000776,B0218,46.05,2026-07-30T09:59:49+00:00
ADS-007283,ACCT-000777,B0218,27.71,2026-07-30T09:59:49+00:00
ADS-007284,ACCT-000778,B0218,0.0,2026-07-30T09:59:49+00:00
ADS-007285,ACCT-000503,B0219,0.0,2026-07-30T11:54:27+00:00
ADS-007286,ACCT-000349,B0219,29.85,2026-07-30T11:54:27+00:00
ADS-007287,ACCT-000343,B0219,0.0,2026-07-30T11:54:27+00:00
ADS-007288,ACCT-000145,B0219,-75.04,2026-07-30T11:54:27+00:00
ADS-007289,ACCT-000208,B0219,5.33,2026-07-30T11:54:27+00:00
ADS-007290,ACCT-000523,B0219,59.01,2026-07-30T11:54:27+00:00
ADS-007291,ACCT-000213,B0219,2.97,2026-07-30T11:54:27+00:00
ADS-007292,ACCT-000623,B0219,12.91,2026-07-30T11:54:27+00:00
ADS-007293,ACCT-000547,B0219,37.09,2026-07-30T11:54:27+00:00
ADS-007294,ACCT-000508,B0219,77.88,2026-07-30T11:54:27+00:00
ADS-007295,ACCT-000299,B0219,-36.43,2026-07-30T11:54:27+00:00
ADS-007296,ACCT-000687,B0219,-21.03,2026-07-30T11:54:27+00:00
ADS-007297,ACCT-000672,B0219,35.07,2026-07-30T11:54:27+00:00
ADS-007298,ACCT-000417,B0219,0.0,2026-07-30T11:54:27+00:00
ADS-007299,ACCT-000077,B0219,-47.16,2026-07-30T11:54:27+00:00
ADS-007300,ACCT-000595,B0219,31.68,2026-07-30T11:54:27+00:00
ADS-007301,ACCT-000384,B0219,-65.36,2026-07-30T11:54:27+00:00
ADS-007302,ACCT-000340,B0219,6.62,2026-07-30T11:54:27+00:00
ADS-007303,ACCT-000257,B0219,-21.55,2026-07-30T11:54:27+00:00
ADS-007304,ACCT-000732,B0219,23.87,2026-07-30T11:54:27+00:00
ADS-007305,ACCT-000235,B0219,0.0,2026-07-30T11:54:27+00:00
ADS-007306,ACCT-000325,B0219,-60.32,2026-07-30T11:54:27+00:00
ADS-007307,ACCT-000603,B0219,60.27,2026-07-30T11:54:27+00:00
ADS-007308,ACCT-000763,B0219,-23.11,2026-07-30T11:54:27+00:00
ADS-007309,ACCT-000220,B0219,28.4,2026-07-30T11:54:27+00:00
ADS-007310,ACCT-000727,B0219,-9.96,2026-07-30T11:54:27+00:00
ADS-007311,ACCT-000025,B0219,-10.52,2026-07-30T11:54:27+00:00
ADS-007312,ACCT-000474,B0219,30.58,2026-07-30T11:54:27+00:00
ADS-007313,ACCT-000740,B0219,-22.43,2026-07-30T11:54:27+00:00
ADS-007314,ACCT-000459,B0219,-40.02,2026-07-30T11:54:27+00:00
ADS-007315,ACCT-000120,B0219,-1.44,2026-07-30T11:54:27+00:00
ADS-007316,ACCT-000019,B0219,0.0,2026-07-30T11:54:27+00:00
ADS-007317,ACCT-000565,B0219,6.64,2026-07-30T11:54:27+00:00
ADS-007318,ACCT-000779,B0219,0.0,2026-07-30T11:54:27+00:00
ADS-007319,ACCT-000780,B0219,-3.78,2026-07-30T11:54:27+00:00
ADS-007320,ACCT-000781,B0219,-49.61,2026-07-30T11:54:27+00:00
ADS-007321,ACCT-000782,B0219,-26.7,2026-07-30T11:54:27+00:00
ADS-007322,ACCT-000123,B0220,-30.1,2026-07-30T13:40:47+00:00
ADS-007323,ACCT-000502,B0220,0.7,2026-07-30T13:40:47+00:00
ADS-007324,ACCT-000376,B0220,0.0,2026-07-30T13:40:47+00:00
ADS-007325,ACCT-000316,B0220,-28.28,2026-07-30T13:40:47+00:00
ADS-007326,ACCT-000031,B0220,26.77,2026-07-30T13:40:47+00:00
ADS-007327,ACCT-000046,B0220,-36.26,2026-07-30T13:40:47+00:00
ADS-007328,ACCT-000288,B0220,21.54,2026-07-30T13:40:47+00:00
ADS-007329,ACCT-000501,B0220,0.0,2026-07-30T13:40:47+00:00
ADS-007330,ACCT-000398,B0220,-5.57,2026-07-30T13:40:47+00:00
ADS-007331,ACCT-000575,B0220,6.53,2026-07-30T13:40:47+00:00
ADS-007332,ACCT-000247,B0220,55.41,2026-07-30T13:40:47+00:00
ADS-007333,ACCT-000624,B0220,0.0,2026-07-30T13:40:47+00:00
ADS-007334,ACCT-000347,B0220,-10.78,2026-07-30T13:40:47+00:00
ADS-007335,ACCT-000257,B0220,0.0,2026-07-30T13:40:47+00:00
ADS-007336,ACCT-000274,B0220,0.0,2026-07-30T13:40:47+00:00
ADS-007337,ACCT-000356,B0220,9.54,2026-07-30T13:40:47+00:00
ADS-007338,ACCT-000092,B0220,71.95,2026-07-30T13:40:47+00:00
ADS-007339,ACCT-000394,B0220,7.33,2026-07-30T13:40:47+00:00
ADS-007340,ACCT-000418,B0220,68.45,2026-07-30T13:40:47+00:00
ADS-007341,ACCT-000654,B0220,0.0,2026-07-30T13:40:47+00:00
ADS-007342,ACCT-000751,B0220,45.87,2026-07-30T13:40:47+00:00
ADS-007343,ACCT-000101,B0220,0.0,2026-07-30T13:40:47+00:00
ADS-007344,ACCT-000371,B0220,0.0,2026-07-30T13:40:47+00:00
ADS-007345,ACCT-000631,B0220,0.0,2026-07-30T13:40:47+00:00
ADS-007346,ACCT-000730,B0220,0.0,2026-07-30T13:40:47+00:00
ADS-007347,ACCT-000138,B0220,-38.84,2026-07-30T13:40:47+00:00
ADS-007348,ACCT-000049,B0220,33.56,2026-07-30T13:40:47+00:00
ADS-007349,ACCT-000072,B0220,0.0,2026-07-30T13:40:47+00:00
ADS-007350,ACCT-000276,B0220,0.0,2026-07-30T13:40:47+00:00
ADS-007351,ACCT-000364,B0220,0.0,2026-07-30T13:40:47+00:00
ADS-007352,ACCT-000540,B0220,0.0,2026-07-30T13:40:47+00:00
ADS-007353,ACCT-000275,B0220,-29.7,2026-07-30T13:40:47+00:00
ADS-007354,ACCT-000533,B0220,84.08,2026-07-30T13:40:47+00:00
ADS-007355,ACCT-000617,B0220,0.0,2026-07-30T13:40:47+00:00
ADS-007356,ACCT-000156,B0220,51.54,2026-07-30T13:40:47+00:00
ADS-007357,ACCT-000783,B0220,-2.52,2026-07-30T13:40:47+00:00
ADS-007358,ACCT-000784,B0220,-19.08,2026-07-30T13:40:47+00:00
ADS-007359,ACCT-000785,B0220,0.0,2026-07-30T13:40:47+00:00
ADS-007360,ACCT-000786,B0220,-26.91,2026-07-30T13:40:47+00:00
ADS-007361,ACCT-000379,B0221,0.0,2026-07-30T15:46:40+00:00
ADS-007362,ACCT-000536,B0221,-34.45,2026-07-30T15:46:40+00:00
ADS-007363,ACCT-000445,B0221,-24.06,2026-07-30T15:46:40+00:00
ADS-007364,ACCT-000058,B0221,-69.39,2026-07-30T15:46:40+00:00
ADS-007365,ACCT-000331,B0221,14.07,2026-07-30T15:46:40+00:00
ADS-007366,ACCT-000503,B0221,-25.49,2026-07-30T15:46:40+00:00
ADS-007367,ACCT-000299,B0221,0.0,2026-07-30T15:46:40+00:00
ADS-007368,ACCT-000664,B0221,50.66,2026-07-30T15:46:40+00:00
ADS-007369,ACCT-000444,B0221,-28.92,2026-07-30T15:46:40+00:00
ADS-007370,ACCT-000457,B0221,7.27,2026-07-30T15:46:40+00:00
ADS-007371,ACCT-000094,B0221,4.83,2026-07-30T15:46:40+00:00
ADS-007372,ACCT-000394,B0221,-61.92,2026-07-30T15:46:40+00:00
ADS-007373,ACCT-000352,B0221,-49.79,2026-07-30T15:46:40+00:00
ADS-007374,ACCT-000159,B0221,-8.52,2026-07-30T15:46:40+00:00
ADS-007375,ACCT-000634,B0221,31.54,2026-07-30T15:46:40+00:00
ADS-007376,ACCT-000364,B0221,21.59,2026-07-30T15:46:40+00:00
ADS-007377,ACCT-000204,B0221,36.6,2026-07-30T15:46:40+00:00
ADS-007378,ACCT-000447,B0221,-35.76,2026-07-30T15:46:40+00:00
ADS-007379,ACCT-000375,B0221,-30.52,2026-07-30T15:46:40+00:00
ADS-007380,ACCT-000542,B0221,-72.24,2026-07-30T15:46:40+00:00
ADS-007381,ACCT-000448,B0221,-11.91,2026-07-30T15:46:40+00:00
ADS-007382,ACCT-000213,B0221,0.0,2026-07-30T15:46:40+00:00
ADS-007383,ACCT-000527,B0221,0.0,2026-07-30T15:46:40+00:00
ADS-007384,ACCT-000396,B0221,25.6,2026-07-30T15:46:40+00:00
ADS-007385,ACCT-000302,B0221,-32.48,2026-07-30T15:46:40+00:00
ADS-007386,ACCT-000057,B0221,-9.33,2026-07-30T15:46:40+00:00
ADS-007387,ACCT-000312,B0221,0.0,2026-07-30T15:46:40+00:00
ADS-007388,ACCT-000323,B0221,0.0,2026-07-30T15:46:40+00:00
ADS-007389,ACCT-000787,B0221,0.0,2026-07-30T15:46:40+00:00
ADS-007390,ACCT-000788,B0221,42.89,2026-07-30T15:46:40+00:00
ADS-007391,ACCT-000267,B0222,30.09,2026-07-30T17:17:19+00:00
ADS-007392,ACCT-000041,B0222,0.0,2026-07-30T17:17:19+00:00
ADS-007393,ACCT-000502,B0222,41.38,2026-07-30T17:17:19+00:00
ADS-007394,ACCT-000312,B0222,0.0,2026-07-30T17:17:19+00:00
ADS-007395,ACCT-000260,B0222,-30.6,2026-07-30T17:17:19+00:00
ADS-007396,ACCT-000458,B0222,0.0,2026-07-30T17:17:19+00:00
ADS-007397,ACCT-000772,B0222,-17.74,2026-07-30T17:17:19+00:00
ADS-007398,ACCT-000534,B0222,-15.17,2026-07-30T17:17:19+00:00
ADS-007399,ACCT-000529,B0222,0.0,2026-07-30T17:17:19+00:00
ADS-007400,ACCT-000152,B0222,8.93,2026-07-30T17:17:19+00:00
ADS-007401,ACCT-000250,B0222,25.01,2026-07-30T17:17:19+00:00
ADS-007402,ACCT-000462,B0222,-75.02,2026-07-30T17:17:19+00:00
ADS-007403,ACCT-000084,B0222,-33.83,2026-07-30T17:17:19+00:00
ADS-007404,ACCT-000036,B0222,-38.48,2026-07-30T17:17:19+00:00
ADS-007405,ACCT-000208,B0222,-40.03,2026-07-30T17:17:19+00:00
ADS-007406,ACCT-000591,B0222,0.0,2026-07-30T17:17:19+00:00
ADS-007407,ACCT-000525,B0222,-25.79,2026-07-30T17:17:19+00:00
ADS-007408,ACCT-000762,B0222,-5.45,2026-07-30T17:17:19+00:00
ADS-007409,ACCT-000255,B0222,-44.84,2026-07-30T17:17:19+00:00
ADS-007410,ACCT-000262,B0222,32.56,2026-07-30T17:17:19+00:00
ADS-007411,ACCT-000355,B0222,-2.96,2026-07-30T17:17:19+00:00
ADS-007412,ACCT-000678,B0222,-28.14,2026-07-30T17:17:19+00:00
ADS-007413,ACCT-000715,B0222,-32.91,2026-07-30T17:17:19+00:00
ADS-007414,ACCT-000613,B0222,-49.37,2026-07-30T17:17:19+00:00
ADS-007415,ACCT-000589,B0222,0.0,2026-07-30T17:17:19+00:00
ADS-007416,ACCT-000338,B0222,0.0,2026-07-30T17:17:19+00:00
ADS-007417,ACCT-000658,B0222,-45.1,2026-07-30T17:17:19+00:00
ADS-007418,ACCT-000091,B0222,-12.39,2026-07-30T17:17:19+00:00
ADS-007419,ACCT-000789,B0222,16.91,2026-07-30T17:17:19+00:00
ADS-007420,ACCT-000790,B0222,-46.4,2026-07-30T17:17:19+00:00
ADS-007421,ACCT-000791,B0222,-80.45,2026-07-30T17:17:19+00:00
ADS-007422,ACCT-000792,B0222,25.83,2026-07-30T17:17:19+00:00
ADS-007423,ACCT-000634,B0223,29.11,2026-07-30T18:53:37+00:00
ADS-007424,ACCT-000588,B0223,6.5,2026-07-30T18:53:37+00:00
ADS-007425,ACCT-000766,B0223,30.7,2026-07-30T18:53:37+00:00
ADS-007426,ACCT-000770,B0223,-28.22,2026-07-30T18:53:37+00:00
ADS-007427,ACCT-000708,B0223,2.93,2026-07-30T18:53:37+00:00
ADS-007428,ACCT-000475,B0223,25.14,2026-07-30T18:53:37+00:00
ADS-007429,ACCT-000466,B0223,-30.2,2026-07-30T18:53:37+00:00
ADS-007430,ACCT-000006,B0223,13.55,2026-07-30T18:53:37+00:00
ADS-007431,ACCT-000749,B0223,45.23,2026-07-30T18:53:37+00:00
ADS-007432,ACCT-000236,B0223,14.79,2026-07-30T18:53:37+00:00
ADS-007433,ACCT-000552,B0223,-0.42,2026-07-30T18:53:37+00:00
ADS-007434,ACCT-000218,B0223,71.86,2026-07-30T18:53:37+00:00
ADS-007435,ACCT-000593,B0223,-7.95,2026-07-30T18:53:37+00:00
ADS-007436,ACCT-000270,B0223,-20.36,2026-07-30T18:53:37+00:00
ADS-007437,ACCT-000045,B0223,-25.86,2026-07-30T18:53:37+00:00
ADS-007438,ACCT-000211,B0223,-37.1,2026-07-30T18:53:37+00:00
ADS-007439,ACCT-000436,B0223,-44.43,2026-07-30T18:53:37+00:00
ADS-007440,ACCT-000380,B0223,21.03,2026-07-30T18:53:37+00:00
ADS-007441,ACCT-000611,B0223,0.0,2026-07-30T18:53:37+00:00
ADS-007442,ACCT-000735,B0223,28.69,2026-07-30T18:53:37+00:00
ADS-007443,ACCT-000220,B0223,0.0,2026-07-30T18:53:37+00:00
ADS-007444,ACCT-000120,B0223,-54.41,2026-07-30T18:53:37+00:00
ADS-007445,ACCT-000332,B0223,0.0,2026-07-30T18:53:37+00:00
ADS-007446,ACCT-000142,B0223,0.0,2026-07-30T18:53:37+00:00
ADS-007447,ACCT-000345,B0223,0.0,2026-07-30T18:53:37+00:00
ADS-007448,ACCT-000793,B0223,33.41,2026-07-30T18:53:37+00:00
ADS-007449,ACCT-000794,B0223,-14.93,2026-07-30T18:53:37+00:00
ADS-007450,ACCT-000795,B0223,0.0,2026-07-30T18:53:37+00:00
ADS-007451,ACCT-000796,B0223,0.0,2026-07-30T18:53:37+00:00
ADS-007452,ACCT-000131,B0224,21.55,2026-07-30T20:12:12+00:00
ADS-007453,ACCT-000275,B0224,0.0,2026-07-30T20:12:12+00:00
ADS-007454,ACCT-000756,B0224,-34.05,2026-07-30T20:12:12+00:00
ADS-007455,ACCT-000345,B0224,31.83,2026-07-30T20:12:12+00:00
ADS-007456,ACCT-000500,B0224,0.0,2026-07-30T20:12:12+00:00
ADS-007457,ACCT-000656,B0224,0.0,2026-07-30T20:12:12+00:00
ADS-007458,ACCT-000732,B0224,41.72,2026-07-30T20:12:12+00:00
ADS-007459,ACCT-000196,B0224,34.5,2026-07-30T20:12:12+00:00
ADS-007460,ACCT-000041,B0224,0.0,2026-07-30T20:12:12+00:00
ADS-007461,ACCT-000022,B0224,27.87,2026-07-30T20:12:12+00:00
ADS-007462,ACCT-000400,B0224,3.92,2026-07-30T20:12:12+00:00
ADS-007463,ACCT-000263,B0224,0.0,2026-07-30T20:12:12+00:00
ADS-007464,ACCT-000516,B0224,-46.66,2026-07-30T20:12:12+00:00
ADS-007465,ACCT-000257,B0224,23.06,2026-07-30T20:12:12+00:00
ADS-007466,ACCT-000662,B0224,-0.61,2026-07-30T20:12:12+00:00
ADS-007467,ACCT-000668,B0224,-31.91,2026-07-30T20:12:12+00:00
ADS-007468,ACCT-000070,B0224,8.35,2026-07-30T20:12:12+00:00
ADS-007469,ACCT-000776,B0224,-36.01,2026-07-30T20:12:12+00:00
ADS-007470,ACCT-000675,B0224,0.0,2026-07-30T20:12:12+00:00
ADS-007471,ACCT-000051,B0224,25.05,2026-07-30T20:12:12+00:00
ADS-007472,ACCT-000436,B0224,0.0,2026-07-30T20:12:12+00:00
ADS-007473,ACCT-000736,B0224,59.42,2026-07-30T20:12:12+00:00
ADS-007474,ACCT-000281,B0224,-21.61,2026-07-30T20:12:12+00:00
ADS-007475,ACCT-000692,B0224,80.67,2026-07-30T20:12:12+00:00
ADS-007476,ACCT-000029,B0224,8.41,2026-07-30T20:12:12+00:00
ADS-007477,ACCT-000181,B0224,-49.86,2026-07-30T20:12:12+00:00
ADS-007478,ACCT-000637,B0224,0.0,2026-07-30T20:12:12+00:00
ADS-007479,ACCT-000511,B0224,37.92,2026-07-30T20:12:12+00:00
ADS-007480,ACCT-000797,B0224,-42.61,2026-07-30T20:12:12+00:00
ADS-007481,ACCT-000798,B0224,-14.28,2026-07-30T20:12:12+00:00
ADS-007482,ACCT-000799,B0224,0.0,2026-07-30T20:12:12+00:00
ADS-007483,ACCT-000800,B0224,45.32,2026-07-30T20:12:12+00:00
ADS-007484,ACCT-000396,B0225,9.71,2026-07-30T21:40:20+00:00
ADS-007485,ACCT-000728,B0225,-12.37,2026-07-30T21:40:20+00:00
ADS-007486,ACCT-000603,B0225,13.09,2026-07-30T21:40:20+00:00
ADS-007487,ACCT-000798,B0225,8.34,2026-07-30T21:40:20+00:00
ADS-007488,ACCT-000062,B0225,-44.52,2026-07-30T21:40:20+00:00
ADS-007489,ACCT-000359,B0225,8.89,2026-07-30T21:40:20+00:00
ADS-007490,ACCT-000565,B0225,-45.29,2026-07-30T21:40:20+00:00
ADS-007491,ACCT-000609,B0225,-4.73,2026-07-30T21:40:20+00:00
ADS-007492,ACCT-000491,B0225,0.0,2026-07-30T21:40:20+00:00
ADS-007493,ACCT-000167,B0225,-35.83,2026-07-30T21:40:20+00:00
ADS-007494,ACCT-000543,B0225,0.0,2026-07-30T21:40:20+00:00
ADS-007495,ACCT-000729,B0225,-17.35,2026-07-30T21:40:20+00:00
ADS-007496,ACCT-000178,B0225,-22.83,2026-07-30T21:40:20+00:00
ADS-007497,ACCT-000341,B0225,31.6,2026-07-30T21:40:20+00:00
ADS-007498,ACCT-000081,B0225,27.89,2026-07-30T21:40:20+00:00
ADS-007499,ACCT-000692,B0225,0.0,2026-07-30T21:40:20+00:00
ADS-007500,ACCT-000496,B0225,39.78,2026-07-30T21:40:20+00:00
ADS-007501,ACCT-000395,B0225,0.0,2026-07-30T21:40:20+00:00
ADS-007502,ACCT-000506,B0225,32.39,2026-07-30T21:40:20+00:00
ADS-007503,ACCT-000439,B0225,0.0,2026-07-30T21:40:20+00:00
ADS-007504,ACCT-000112,B0225,-29.79,2026-07-30T21:40:20+00:00
ADS-007505,ACCT-000568,B0225,17.72,2026-07-30T21:40:20+00:00
ADS-007506,ACCT-000500,B0225,0.0,2026-07-30T21:40:20+00:00
ADS-007507,ACCT-000649,B0225,11.58,2026-07-30T21:40:20+00:00
ADS-007508,ACCT-000105,B0225,0.0,2026-07-30T21:40:20+00:00
ADS-007509,ACCT-000765,B0225,-28.21,2026-07-30T21:40:20+00:00
ADS-007510,ACCT-000544,B0225,0.0,2026-07-30T21:40:20+00:00
ADS-007511,ACCT-000531,B0225,0.0,2026-07-30T21:40:20+00:00
ADS-007512,ACCT-000301,B0225,9.77,2026-07-30T21:40:20+00:00
ADS-007513,ACCT-000075,B0225,10.29,2026-07-30T21:40:20+00:00
ADS-007514,ACCT-000801,B0225,28.12,2026-07-30T21:40:20+00:00
ADS-007515,ACCT-000802,B0225,10.86,2026-07-30T21:40:20+00:00
ADS-007516,ACCT-000803,B0225,0.0,2026-07-30T21:40:20+00:00
ADS-007517,ACCT-000804,B0225,0.0,2026-07-30T21:40:20+00:00
ADS-007518,ACCT-000216,B0226,0.0,2026-07-30T22:57:50+00:00
ADS-007519,ACCT-000639,B0226,0.0,2026-07-30T22:57:50+00:00
ADS-007520,ACCT-000134,B0226,35.46,2026-07-30T22:57:50+00:00
ADS-007521,ACCT-000348,B0226,0.0,2026-07-30T22:57:50+00:00
ADS-007522,ACCT-000730,B0226,21.12,2026-07-30T22:57:50+00:00
ADS-007523,ACCT-000597,B0226,28.01,2026-07-30T22:57:50+00:00
ADS-007524,ACCT-000619,B0226,-12.72,2026-07-30T22:57:50+00:00
ADS-007525,ACCT-000394,B0226,12.46,2026-07-30T22:57:50+00:00
ADS-007526,ACCT-000545,B0226,-12.24,2026-07-30T22:57:50+00:00
ADS-007527,ACCT-000429,B0226,0.0,2026-07-30T22:57:50+00:00
ADS-007528,ACCT-000474,B0226,32.32,2026-07-30T22:57:50+00:00
ADS-007529,ACCT-000573,B0226,-23.82,2026-07-30T22:57:50+00:00
ADS-007530,ACCT-000320,B0226,0.0,2026-07-30T22:57:50+00:00
ADS-007531,ACCT-000223,B0226,47.76,2026-07-30T22:57:50+00:00
ADS-007532,ACCT-000136,B0226,-22.08,2026-07-30T22:57:50+00:00
ADS-007533,ACCT-000423,B0226,29.32,2026-07-30T22:57:50+00:00
ADS-007534,ACCT-000288,B0226,0.0,2026-07-30T22:57:50+00:00
ADS-007535,ACCT-000433,B0226,0.0,2026-07-30T22:57:50+00:00
ADS-007536,ACCT-000031,B0226,62.7,2026-07-30T22:57:50+00:00
ADS-007537,ACCT-000722,B0226,25.1,2026-07-30T22:57:50+00:00
ADS-007538,ACCT-000052,B0226,0.0,2026-07-30T22:57:50+00:00
ADS-007539,ACCT-000110,B0226,2.11,2026-07-30T22:57:50+00:00
ADS-007540,ACCT-000428,B0226,0.0,2026-07-30T22:57:50+00:00
ADS-007541,ACCT-000351,B0226,-0.24,2026-07-30T22:57:50+00:00
ADS-007542,ACCT-000451,B0226,-31.24,2026-07-30T22:57:50+00:00
ADS-007543,ACCT-000526,B0226,-15.39,2026-07-30T22:57:50+00:00
ADS-007544,ACCT-000638,B0226,-8.44,2026-07-30T22:57:50+00:00
ADS-007545,ACCT-000153,B0226,-6.23,2026-07-30T22:57:50+00:00
ADS-007546,ACCT-000805,B0226,0.0,2026-07-30T22:57:50+00:00
ADS-007547,ACCT-000806,B0226,19.0,2026-07-30T22:57:50+00:00
ADS-007548,ACCT-000273,B0227,13.56,2026-07-30T23:59:47+00:00
ADS-007549,ACCT-000266,B0227,-17.5,2026-07-30T23:59:47+00:00
ADS-007550,ACCT-000004,B0227,-49.36,2026-07-30T23:59:47+00:00
ADS-007551,ACCT-000218,B0227,0.0,2026-07-30T23:59:47+00:00
ADS-007552,ACCT-000781,B0227,28.61,2026-07-30T23:59:47+00:00
ADS-007553,ACCT-000101,B0227,-34.93,2026-07-30T23:59:47+00:00
ADS-007554,ACCT-000773,B0227,41.0,2026-07-30T23:59:47+00:00
ADS-007555,ACCT-000624,B0227,0.0,2026-07-30T23:59:47+00:00
ADS-007556,ACCT-000377,B0227,47.0,2026-07-30T23:59:47+00:00
ADS-007557,ACCT-000683,B0227,-26.91,2026-07-30T23:59:47+00:00
ADS-007558,ACCT-000296,B0227,0.0,2026-07-30T23:59:47+00:00
ADS-007559,ACCT-000713,B0227,-20.93,2026-07-30T23:59:47+00:00
ADS-007560,ACCT-000658,B0227,58.21,2026-07-30T23:59:47+00:00
ADS-007561,ACCT-000441,B0227,-71.84,2026-07-30T23:59:47+00:00
ADS-007562,ACCT-000618,B0227,31.36,2026-07-30T23:59:47+00:00
ADS-007563,ACCT-000744,B0227,-20.65,2026-07-30T23:59:47+00:00
ADS-007564,ACCT-000768,B0227,0.0,2026-07-30T23:59:47+00:00
ADS-007565,ACCT-000735,B0227,37.61,2026-07-30T23:59:47+00:00
ADS-007566,ACCT-000610,B0227,0.0,2026-07-30T23:59:47+00:00
ADS-007567,ACCT-000229,B0227,-37.32,2026-07-30T23:59:47+00:00
ADS-007568,ACCT-000594,B0227,0.0,2026-07-30T23:59:47+00:00
ADS-007569,ACCT-000785,B0227,-45.26,2026-07-30T23:59:47+00:00
ADS-007570,ACCT-000541,B0227,-38.41,2026-07-30T23:59:47+00:00
ADS-007571,ACCT-000724,B0227,-31.71,2026-07-30T23:59:47+00:00
ADS-007572,ACCT-000574,B0227,0.0,2026-07-30T23:59:47+00:00
ADS-007573,ACCT-000112,B0227,-46.43,2026-07-30T23:59:47+00:00
ADS-007574,ACCT-000295,B0227,0.0,2026-07-30T23:59:47+00:00
ADS-007575,ACCT-000520,B0227,10.97,2026-07-30T23:59:47+00:00
ADS-007576,ACCT-000116,B0227,0.0,2026-07-30T23:59:47+00:00
ADS-007577,ACCT-000807,B0227,0.0,2026-07-30T23:59:47+00:00
ADS-007578,ACCT-000808,B0227,-14.92,2026-07-30T23:59:47+00:00
ADS-007579,ACCT-000809,B0227,0.0,2026-07-30T23:59:47+00:00
ADS-007580,ACCT-000675,B0228,4.83,2026-07-31T03:19:22+00:00
ADS-007581,ACCT-000688,B0228,3.94,2026-07-31T03:19:22+00:00
ADS-007582,ACCT-000718,B0228,9.35,2026-07-31T03:19:22+00:00
ADS-007583,ACCT-000093,B0228,-68.0,2026-07-31T03:19:22+00:00
ADS-007584,ACCT-000195,B0228,-19.64,2026-07-31T03:19:22+00:00
ADS-007585,ACCT-000644,B0228,21.08,2026-07-31T03:19:22+00:00
ADS-007586,ACCT-000783,B0228,-1.71,2026-07-31T03:19:22+00:00
ADS-007587,ACCT-000542,B0228,58.47,2026-07-31T03:19:22+00:00
ADS-007588,ACCT-000454,B0228,0.0,2026-07-31T03:19:22+00:00
ADS-007589,ACCT-000292,B0228,36.99,2026-07-31T03:19:22+00:00
ADS-007590,ACCT-000551,B0228,0.12,2026-07-31T03:19:22+00:00
ADS-007591,ACCT-000150,B0228,-9.48,2026-07-31T03:19:22+00:00
ADS-007592,ACCT-000493,B0228,0.0,2026-07-31T03:19:22+00:00
ADS-007593,ACCT-000383,B0228,-78.34,2026-07-31T03:19:22+00:00
ADS-007594,ACCT-000673,B0228,22.35,2026-07-31T03:19:22+00:00
ADS-007595,ACCT-000361,B0228,12.99,2026-07-31T03:19:22+00:00
ADS-007596,ACCT-000277,B0228,0.0,2026-07-31T03:19:22+00:00
ADS-007597,ACCT-000331,B0228,0.0,2026-07-31T03:19:22+00:00
ADS-007598,ACCT-000538,B0228,0.0,2026-07-31T03:19:22+00:00
ADS-007599,ACCT-000565,B0228,-0.81,2026-07-31T03:19:22+00:00
ADS-007600,ACCT-000217,B0228,44.38,2026-07-31T03:19:22+00:00
ADS-007601,ACCT-000198,B0228,0.0,2026-07-31T03:19:22+00:00
ADS-007602,ACCT-000476,B0228,36.18,2026-07-31T03:19:22+00:00
ADS-007603,ACCT-000744,B0228,2.64,2026-07-31T03:19:22+00:00
ADS-007604,ACCT-000479,B0228,-13.84,2026-07-31T03:19:22+00:00
ADS-007605,ACCT-000205,B0228,0.0,2026-07-31T03:19:22+00:00
ADS-007606,ACCT-000121,B0228,40.57,2026-07-31T03:19:22+00:00
ADS-007607,ACCT-000695,B0228,4.76,2026-07-31T03:19:22+00:00
ADS-007608,ACCT-000199,B0228,52.2,2026-07-31T03:19:22+00:00
ADS-007609,ACCT-000245,B0228,0.0,2026-07-31T03:19:22+00:00
ADS-007610,ACCT-000439,B0228,60.36,2026-07-31T03:19:22+00:00
ADS-007611,ACCT-000407,B0228,-1.25,2026-07-31T03:19:22+00:00
ADS-007612,ACCT-000345,B0228,-40.58,2026-07-31T03:19:22+00:00
ADS-007613,ACCT-000810,B0228,0.0,2026-07-31T03:19:22+00:00
ADS-007614,ACCT-000811,B0228,-11.53,2026-07-31T03:19:22+00:00
ADS-007615,ACCT-000812,B0228,48.91,2026-07-31T03:19:22+00:00
ADS-007616,ACCT-000724,B0229,-29.74,2026-07-31T06:28:26+00:00
ADS-007617,ACCT-000072,B0229,0.0,2026-07-31T06:28:26+00:00
ADS-007618,ACCT-000538,B0229,0.0,2026-07-31T06:28:26+00:00
ADS-007619,ACCT-000055,B0229,18.05,2026-07-31T06:28:26+00:00
ADS-007620,ACCT-000467,B0229,8.94,2026-07-31T06:28:26+00:00
ADS-007621,ACCT-000550,B0229,0.0,2026-07-31T06:28:26+00:00
ADS-007622,ACCT-000312,B0229,-16.78,2026-07-31T06:28:26+00:00
ADS-007623,ACCT-000602,B0229,48.98,2026-07-31T06:28:26+00:00
ADS-007624,ACCT-000648,B0229,0.0,2026-07-31T06:28:26+00:00
ADS-007625,ACCT-000776,B0229,-49.07,2026-07-31T06:28:26+00:00
ADS-007626,ACCT-000198,B0229,22.43,2026-07-31T06:28:26+00:00
ADS-007627,ACCT-000270,B0229,0.0,2026-07-31T06:28:26+00:00
ADS-007628,ACCT-000231,B0229,-38.55,2026-07-31T06:28:26+00:00
ADS-007629,ACCT-000686,B0229,-16.7,2026-07-31T06:28:26+00:00
ADS-007630,ACCT-000576,B0229,17.12,2026-07-31T06:28:26+00:00
ADS-007631,ACCT-000184,B0229,8.53,2026-07-31T06:28:26+00:00
ADS-007632,ACCT-000601,B0229,0.0,2026-07-31T06:28:26+00:00
ADS-007633,ACCT-000414,B0229,21.31,2026-07-31T06:28:26+00:00
ADS-007634,ACCT-000802,B0229,-34.31,2026-07-31T06:28:26+00:00
ADS-007635,ACCT-000485,B0229,11.48,2026-07-31T06:28:26+00:00
ADS-007636,ACCT-000496,B0229,-9.59,2026-07-31T06:28:26+00:00
ADS-007637,ACCT-000028,B0229,39.64,2026-07-31T06:28:26+00:00
ADS-007638,ACCT-000078,B0229,17.01,2026-07-31T06:28:26+00:00
ADS-007639,ACCT-000681,B0229,-63.3,2026-07-31T06:28:26+00:00
ADS-007640,ACCT-000544,B0229,0.0,2026-07-31T06:28:26+00:00
ADS-007641,ACCT-000541,B0229,-35.96,2026-07-31T06:28:26+00:00
ADS-007642,ACCT-000478,B0229,5.92,2026-07-31T06:28:26+00:00
ADS-007643,ACCT-000813,B0229,0.0,2026-07-31T06:28:26+00:00
ADS-007644,ACCT-000814,B0229,18.39,2026-07-31T06:28:26+00:00
ADS-007645,ACCT-000815,B0229,3.04,2026-07-31T06:28:26+00:00
ADS-007646,ACCT-000816,B0229,-19.76,2026-07-31T06:28:26+00:00
ADS-007647,ACCT-000519,B0230,-53.66,2026-07-31T09:24:47+00:00
ADS-007648,ACCT-000696,B0230,34.46,2026-07-31T09:24:47+00:00
ADS-007649,ACCT-000172,B0230,0.0,2026-07-31T09:24:47+00:00
ADS-007650,ACCT-000347,B0230,-27.46,2026-07-31T09:24:47+00:00
ADS-007651,ACCT-000752,B0230,54.6,2026-07-31T09:24:47+00:00
ADS-007652,ACCT-000198,B0230,0.0,2026-07-31T09:24:47+00:00
ADS-007653,ACCT-000359,B0230,-22.57,2026-07-31T09:24:47+00:00
ADS-007654,ACCT-000205,B0230,20.87,2026-07-31T09:24:47+00:00
ADS-007655,ACCT-000323,B0230,21.38,2026-07-31T09:24:47+00:00
ADS-007656,ACCT-000218,B0230,0.0,2026-07-31T09:24:47+00:00
ADS-007657,ACCT-000044,B0230,-37.51,2026-07-31T09:24:47+00:00
ADS-007658,ACCT-000278,B0230,0.0,2026-07-31T09:24:47+00:00
ADS-007659,ACCT-000302,B0230,45.16,2026-07-31T09:24:47+00:00
ADS-007660,ACCT-000254,B0230,36.94,2026-07-31T09:24:47+00:00
ADS-007661,ACCT-000795,B0230,70.46,2026-07-31T09:24:47+00:00
ADS-007662,ACCT-000571,B0230,35.51,2026-07-31T09:24:47+00:00
ADS-007663,ACCT-000454,B0230,0.0,2026-07-31T09:24:47+00:00
ADS-007664,ACCT-000649,B0230,0.0,2026-07-31T09:24:47+00:00
ADS-007665,ACCT-000495,B0230,0.0,2026-07-31T09:24:47+00:00
ADS-007666,ACCT-000797,B0230,-20.54,2026-07-31T09:24:47+00:00
ADS-007667,ACCT-000637,B0230,-37.3,2026-07-31T09:24:47+00:00
ADS-007668,ACCT-000600,B0230,0.0,2026-07-31T09:24:47+00:00
ADS-007669,ACCT-000015,B0230,0.0,2026-07-31T09:24:47+00:00
ADS-007670,ACCT-000289,B0230,0.0,2026-07-31T09:24:47+00:00
ADS-007671,ACCT-000504,B0230,-14.07,2026-07-31T09:24:47+00:00
ADS-007672,ACCT-000164,B0230,0.0,2026-07-31T09:24:47+00:00
ADS-007673,ACCT-000351,B0230,-33.64,2026-07-31T09:24:47+00:00
ADS-007674,ACCT-000817,B0230,49.27,2026-07-31T09:24:47+00:00
ADS-007675,ACCT-000818,B0230,0.0,2026-07-31T09:24:47+00:00
ADS-007676,ACCT-000136,B0231,33.36,2026-07-31T11:37:38+00:00
ADS-007677,ACCT-000265,B0231,18.28,2026-07-31T11:37:38+00:00
ADS-007678,ACCT-000350,B0231,-14.77,2026-07-31T11:37:38+00:00
ADS-007679,ACCT-000383,B0231,32.16,2026-07-31T11:37:38+00:00
ADS-007680,ACCT-000487,B0231,-20.7,2026-07-31T11:37:38+00:00
ADS-007681,ACCT-000390,B0231,0.0,2026-07-31T11:37:38+00:00
ADS-007682,ACCT-000217,B0231,0.0,2026-07-31T11:37:38+00:00
ADS-007683,ACCT-000683,B0231,0.0,2026-07-31T11:37:38+00:00
ADS-007684,ACCT-000179,B0231,-28.53,2026-07-31T11:37:38+00:00
ADS-007685,ACCT-000637,B0231,0.0,2026-07-31T11:37:38+00:00
ADS-007686,ACCT-000470,B0231,0.0,2026-07-31T11:37:38+00:00
ADS-007687,ACCT-000059,B0231,14.23,2026-07-31T11:37:38+00:00
ADS-007688,ACCT-000221,B0231,-2.71,2026-07-31T11:37:38+00:00
ADS-007689,ACCT-000004,B0231,0.0,2026-07-31T11:37:38+00:00
ADS-007690,ACCT-000716,B0231,32.51,2026-07-31T11:37:38+00:00
ADS-007691,ACCT-000323,B0231,-33.51,2026-07-31T11:37:38+00:00
ADS-007692,ACCT-000514,B0231,6.56,2026-07-31T11:37:38+00:00
ADS-007693,ACCT-000212,B0231,0.0,2026-07-31T11:37:38+00:00
ADS-007694,ACCT-000581,B0231,0.0,2026-07-31T11:37:38+00:00
ADS-007695,ACCT-000459,B0231,-25.12,2026-07-31T11:37:38+00:00
ADS-007696,ACCT-000815,B0231,52.87,2026-07-31T11:37:38+00:00
ADS-007697,ACCT-000625,B0231,-1.25,2026-07-31T11:37:38+00:00
ADS-007698,ACCT-000385,B0231,9.36,2026-07-31T11:37:38+00:00
ADS-007699,ACCT-000482,B0231,0.0,2026-07-31T11:37:38+00:00
ADS-007700,ACCT-000124,B0231,0.0,2026-07-31T11:37:38+00:00
ADS-007701,ACCT-000819,B0231,-3.62,2026-07-31T11:37:38+00:00
ADS-007702,ACCT-000820,B0231,12.53,2026-07-31T11:37:38+00:00
ADS-007703,ACCT-000821,B0231,-35.74,2026-07-31T11:37:38+00:00
ADS-007704,ACCT-000631,B0232,-38.12,2026-07-31T13:44:53+00:00
ADS-007705,ACCT-000582,B0232,-2.19,2026-07-31T13:44:53+00:00
ADS-007706,ACCT-000707,B0232,52.5,2026-07-31T13:44:53+00:00
ADS-007707,ACCT-000322,B0232,11.88,2026-07-31T13:44:53+00:00
ADS-007708,ACCT-000712,B0232,19.91,2026-07-31T13:44:53+00:00
ADS-007709,ACCT-000635,B0232,32.17,2026-07-31T13:44:53+00:00
ADS-007710,ACCT-000745,B0232,15.3,2026-07-31T13:44:53+00:00
ADS-007711,ACCT-000026,B0232,7.15,2026-07-31T13:44:53+00:00
ADS-007712,ACCT-000701,B0232,0.0,2026-07-31T13:44:53+00:00
ADS-007713,ACCT-000493,B0232,1.68,2026-07-31T13:44:53+00:00
ADS-007714,ACCT-000614,B0232,68.19,2026-07-31T13:44:53+00:00
ADS-007715,ACCT-000147,B0232,-32.05,2026-07-31T13:44:53+00:00
ADS-007716,ACCT-000729,B0232,7.96,2026-07-31T13:44:53+00:00
ADS-007717,ACCT-000155,B0232,-41.97,2026-07-31T13:44:53+00:00
ADS-007718,ACCT-000260,B0232,0.0,2026-07-31T13:44:53+00:00
ADS-007719,ACCT-000618,B0232,0.0,2026-07-31T13:44:53+00:00
ADS-007720,ACCT-000468,B0232,-24.3,2026-07-31T13:44:53+00:00
ADS-007721,ACCT-000779,B0232,0.0,2026-07-31T13:44:53+00:00
ADS-007722,ACCT-000119,B0232,-27.3,2026-07-31T13:44:53+00:00
ADS-007723,ACCT-000577,B0232,-18.57,2026-07-31T13:44:53+00:00
ADS-007724,ACCT-000065,B0232,0.0,2026-07-31T13:44:53+00:00
ADS-007725,ACCT-000747,B0232,0.0,2026-07-31T13:44:53+00:00
ADS-007726,ACCT-000517,B0232,-42.45,2026-07-31T13:44:53+00:00
ADS-007727,ACCT-000679,B0232,0.0,2026-07-31T13:44:53+00:00
ADS-007728,ACCT-000138,B0232,0.0,2026-07-31T13:44:53+00:00
ADS-007729,ACCT-000158,B0232,-12.64,2026-07-31T13:44:53+00:00
ADS-007730,ACCT-000357,B0232,0.0,2026-07-31T13:44:53+00:00
ADS-007731,ACCT-000597,B0232,22.46,2026-07-31T13:44:53+00:00
ADS-007732,ACCT-000473,B0232,0.0,2026-07-31T13:44:53+00:00
ADS-007733,ACCT-000221,B0232,-32.05,2026-07-31T13:44:53+00:00
ADS-007734,ACCT-000443,B0232,18.44,2026-07-31T13:44:53+00:00
ADS-007735,ACCT-000822,B0232,0.0,2026-07-31T13:44:53+00:00
ADS-007736,ACCT-000823,B0232,0.0,2026-07-31T13:44:53+00:00
ADS-007737,ACCT-000824,B0232,-9.31,2026-07-31T13:44:53+00:00
ADS-007738,ACCT-000739,B0233,-2.55,2026-07-31T15:56:36+00:00
ADS-007739,ACCT-000760,B0233,80.13,2026-07-31T15:56:36+00:00
ADS-007740,ACCT-000803,B0233,65.21,2026-07-31T15:56:36+00:00
ADS-007741,ACCT-000570,B0233,-10.2,2026-07-31T15:56:36+00:00
ADS-007742,ACCT-000290,B0233,0.0,2026-07-31T15:56:36+00:00
ADS-007743,ACCT-000308,B0233,0.0,2026-07-31T15:56:36+00:00
ADS-007744,ACCT-000356,B0233,38.12,2026-07-31T15:56:36+00:00
ADS-007745,ACCT-000748,B0233,0.0,2026-07-31T15:56:36+00:00
ADS-007746,ACCT-000206,B0233,0.0,2026-07-31T15:56:36+00:00
ADS-007747,ACCT-000547,B0233,0.0,2026-07-31T15:56:36+00:00
ADS-007748,ACCT-000629,B0233,13.64,2026-07-31T15:56:36+00:00
ADS-007749,ACCT-000484,B0233,-43.91,2026-07-31T15:56:36+00:00
ADS-007750,ACCT-000209,B0233,0.0,2026-07-31T15:56:36+00:00
ADS-007751,ACCT-000454,B0233,34.5,2026-07-31T15:56:36+00:00
ADS-007752,ACCT-000678,B0233,35.88,2026-07-31T15:56:36+00:00
ADS-007753,ACCT-000391,B0233,-4.32,2026-07-31T15:56:36+00:00
ADS-007754,ACCT-000030,B0233,0.0,2026-07-31T15:56:36+00:00
ADS-007755,ACCT-000412,B0233,-51.98,2026-07-31T15:56:36+00:00
ADS-007756,ACCT-000020,B0233,-19.25,2026-07-31T15:56:36+00:00
ADS-007757,ACCT-000668,B0233,0.0,2026-07-31T15:56:36+00:00
ADS-007758,ACCT-000759,B0233,0.75,2026-07-31T15:56:36+00:00
ADS-007759,ACCT-000076,B0233,0.0,2026-07-31T15:56:36+00:00
ADS-007760,ACCT-000718,B0233,12.42,2026-07-31T15:56:36+00:00
ADS-007761,ACCT-000632,B0233,41.06,2026-07-31T15:56:36+00:00
ADS-007762,ACCT-000021,B0233,-8.99,2026-07-31T15:56:36+00:00
ADS-007763,ACCT-000588,B0233,0.0,2026-07-31T15:56:36+00:00
ADS-007764,ACCT-000388,B0233,-45.18,2026-07-31T15:56:36+00:00
ADS-007765,ACCT-000332,B0233,14.95,2026-07-31T15:56:36+00:00
ADS-007766,ACCT-000491,B0233,96.21,2026-07-31T15:56:36+00:00
ADS-007767,ACCT-000733,B0233,27.02,2026-07-31T15:56:36+00:00
ADS-007768,ACCT-000271,B0233,-25.95,2026-07-31T15:56:36+00:00
ADS-007769,ACCT-000382,B0233,15.87,2026-07-31T15:56:36+00:00
ADS-007770,ACCT-000666,B0233,2.1,2026-07-31T15:56:36+00:00
ADS-007771,ACCT-000825,B0233,0.0,2026-07-31T15:56:36+00:00
ADS-007772,ACCT-000826,B0233,-16.14,2026-07-31T15:56:36+00:00
ADS-007773,ACCT-000827,B0233,4.34,2026-07-31T15:56:36+00:00
ADS-007774,ACCT-000215,B0234,36.21,2026-07-31T17:23:41+00:00
ADS-007775,ACCT-000032,B0234,21.45,2026-07-31T17:23:41+00:00
ADS-007776,ACCT-000280,B0234,0.25,2026-07-31T17:23:41+00:00
ADS-007777,ACCT-000572,B0234,-44.56,2026-07-31T17:23:41+00:00
ADS-007778,ACCT-000279,B0234,-9.34,2026-07-31T17:23:41+00:00
ADS-007779,ACCT-000545,B0234,47.48,2026-07-31T17:23:41+00:00
ADS-007780,ACCT-000675,B0234,11.06,2026-07-31T17:23:41+00:00
ADS-007781,ACCT-000588,B0234,0.0,2026-07-31T17:23:41+00:00
ADS-007782,ACCT-000499,B0234,42.61,2026-07-31T17:23:41+00:00
ADS-007783,ACCT-000761,B0234,15.32,2026-07-31T17:23:41+00:00
ADS-007784,ACCT-000631,B0234,27.16,2026-07-31T17:23:41+00:00
ADS-007785,ACCT-000770,B0234,0.0,2026-07-31T17:23:41+00:00
ADS-007786,ACCT-000686,B0234,-8.97,2026-07-31T17:23:41+00:00
ADS-007787,ACCT-000522,B0234,25.4,2026-07-31T17:23:41+00:00
ADS-007788,ACCT-000681,B0234,0.0,2026-07-31T17:23:41+00:00
ADS-007789,ACCT-000108,B0234,0.0,2026-07-31T17:23:41+00:00
ADS-007790,ACCT-000789,B0234,0.0,2026-07-31T17:23:41+00:00
ADS-007791,ACCT-000194,B0234,36.61,2026-07-31T17:23:41+00:00
ADS-007792,ACCT-000660,B0234,44.66,2026-07-31T17:23:41+00:00
ADS-007793,ACCT-000779,B0234,-16.42,2026-07-31T17:23:41+00:00
ADS-007794,ACCT-000777,B0234,0.0,2026-07-31T17:23:41+00:00
ADS-007795,ACCT-000813,B0234,12.84,2026-07-31T17:23:41+00:00
ADS-007796,ACCT-000544,B0234,-14.15,2026-07-31T17:23:41+00:00
ADS-007797,ACCT-000060,B0234,32.16,2026-07-31T17:23:41+00:00
ADS-007798,ACCT-000647,B0234,0.0,2026-07-31T17:23:41+00:00
ADS-007799,ACCT-000237,B0234,-48.19,2026-07-31T17:23:41+00:00
ADS-007800,ACCT-000578,B0234,-38.58,2026-07-31T17:23:41+00:00
ADS-007801,ACCT-000489,B0234,-11.69,2026-07-31T17:23:41+00:00
ADS-007802,ACCT-000828,B0234,0.0,2026-07-31T17:23:41+00:00
ADS-007803,ACCT-000829,B0234,0.0,2026-07-31T17:23:41+00:00
ADS-007804,ACCT-000830,B0234,21.09,2026-07-31T17:23:41+00:00
ADS-007805,ACCT-000831,B0234,-7.58,2026-07-31T17:23:41+00:00
ADS-007806,ACCT-000756,B0235,-31.2,2026-07-31T18:50:57+00:00
ADS-007807,ACCT-000069,B0235,-59.01,2026-07-31T18:50:57+00:00
ADS-007808,ACCT-000773,B0235,4.25,2026-07-31T18:50:57+00:00
ADS-007809,ACCT-000695,B0235,21.22,2026-07-31T18:50:57+00:00
ADS-007810,ACCT-000702,B0235,39.87,2026-07-31T18:50:57+00:00
ADS-007811,ACCT-000260,B0235,76.75,2026-07-31T18:50:57+00:00
ADS-007812,ACCT-000696,B0235,-49.75,2026-07-31T18:50:57+00:00
ADS-007813,ACCT-000733,B0235,-20.76,2026-07-31T18:50:57+00:00
ADS-007814,ACCT-000739,B0235,29.67,2026-07-31T18:50:57+00:00
ADS-007815,ACCT-000653,B0235,38.49,2026-07-31T18:50:57+00:00
ADS-007816,ACCT-000517,B0235,8.89,2026-07-31T18:50:57+00:00
ADS-007817,ACCT-000800,B0235,0.0,2026-07-31T18:50:57+00:00
ADS-007818,ACCT-000383,B0235,-1.97,2026-07-31T18:50:57+00:00
ADS-007819,ACCT-000682,B0235,-27.4,2026-07-31T18:50:57+00:00
ADS-007820,ACCT-000207,B0235,33.48,2026-07-31T18:50:57+00:00
ADS-007821,ACCT-000504,B0235,40.08,2026-07-31T18:50:57+00:00
ADS-007822,ACCT-000747,B0235,0.0,2026-07-31T18:50:57+00:00
ADS-007823,ACCT-000323,B0235,-2.66,2026-07-31T18:50:57+00:00
ADS-007824,ACCT-000085,B0235,0.0,2026-07-31T18:50:57+00:00
ADS-007825,ACCT-000077,B0235,-53.53,2026-07-31T18:50:57+00:00
ADS-007826,ACCT-000550,B0235,41.12,2026-07-31T18:50:57+00:00
ADS-007827,ACCT-000121,B0235,0.0,2026-07-31T18:50:57+00:00
ADS-007828,ACCT-000303,B0235,0.0,2026-07-31T18:50:57+00:00
ADS-007829,ACCT-000329,B0235,0.0,2026-07-31T18:50:57+00:00
ADS-007830,ACCT-000380,B0235,0.0,2026-07-31T18:50:57+00:00
ADS-007831,ACCT-000832,B0235,0.0,2026-07-31T18:50:57+00:00
ADS-007832,ACCT-000833,B0235,40.77,2026-07-31T18:50:57+00:00
ADS-007833,ACCT-000834,B0235,41.89,2026-07-31T18:50:57+00:00
ADS-007834,ACCT-000835,B0235,2.08,2026-07-31T18:50:57+00:00
ADS-007835,ACCT-000439,B0236,0.0,2026-07-31T20:15:34+00:00
ADS-007836,ACCT-000683,B0236,0.0,2026-07-31T20:15:34+00:00
ADS-007837,ACCT-000482,B0236,29.01,2026-07-31T20:15:34+00:00
ADS-007838,ACCT-000023,B0236,20.65,2026-07-31T20:15:34+00:00
ADS-007839,ACCT-000600,B0236,25.77,2026-07-31T20:15:34+00:00
ADS-007840,ACCT-000200,B0236,-68.47,2026-07-31T20:15:34+00:00
ADS-007841,ACCT-000518,B0236,-65.43,2026-07-31T20:15:34+00:00
ADS-007842,ACCT-000303,B0236,47.16,2026-07-31T20:15:34+00:00
ADS-007843,ACCT-000179,B0236,-2.11,2026-07-31T20:15:34+00:00
ADS-007844,ACCT-000241,B0236,-48.78,2026-07-31T20:15:34+00:00
ADS-007845,ACCT-000806,B0236,0.0,2026-07-31T20:15:34+00:00
ADS-007846,ACCT-000174,B0236,18.14,2026-07-31T20:15:34+00:00
ADS-007847,ACCT-000118,B0236,0.0,2026-07-31T20:15:34+00:00
ADS-007848,ACCT-000774,B0236,0.0,2026-07-31T20:15:34+00:00
ADS-007849,ACCT-000443,B0236,-19.14,2026-07-31T20:15:34+00:00
ADS-007850,ACCT-000639,B0236,0.0,2026-07-31T20:15:34+00:00
ADS-007851,ACCT-000606,B0236,0.0,2026-07-31T20:15:34+00:00
ADS-007852,ACCT-000499,B0236,-70.93,2026-07-31T20:15:34+00:00
ADS-007853,ACCT-000082,B0236,81.16,2026-07-31T20:15:34+00:00
ADS-007854,ACCT-000773,B0236,16.48,2026-07-31T20:15:34+00:00
ADS-007855,ACCT-000363,B0236,-2.6,2026-07-31T20:15:34+00:00
ADS-007856,ACCT-000055,B0236,1.61,2026-07-31T20:15:34+00:00
ADS-007857,ACCT-000137,B0236,-60.29,2026-07-31T20:15:34+00:00
ADS-007858,ACCT-000204,B0236,0.0,2026-07-31T20:15:34+00:00
ADS-007859,ACCT-000677,B0236,0.0,2026-07-31T20:15:34+00:00
ADS-007860,ACCT-000344,B0236,0.0,2026-07-31T20:15:34+00:00
ADS-007861,ACCT-000742,B0236,0.0,2026-07-31T20:15:34+00:00
ADS-007862,ACCT-000369,B0236,0.0,2026-07-31T20:15:34+00:00
ADS-007863,ACCT-000631,B0236,14.78,2026-07-31T20:15:34+00:00
ADS-007864,ACCT-000170,B0236,0.0,2026-07-31T20:15:34+00:00
ADS-007865,ACCT-000836,B0236,0.0,2026-07-31T20:15:34+00:00
ADS-007866,ACCT-000837,B0236,-5.26,2026-07-31T20:15:34+00:00
ADS-007867,ACCT-000838,B0236,21.97,2026-07-31T20:15:34+00:00
ADS-007868,ACCT-000652,B0237,-31.3,2026-07-31T21:35:30+00:00
ADS-007869,ACCT-000706,B0237,26.4,2026-07-31T21:35:30+00:00
ADS-007870,ACCT-000719,B0237,0.0,2026-07-31T21:35:30+00:00
ADS-007871,ACCT-000405,B0237,0.0,2026-07-31T21:35:30+00:00
ADS-007872,ACCT-000275,B0237,-10.28,2026-07-31T21:35:30+00:00
ADS-007873,ACCT-000478,B0237,33.05,2026-07-31T21:35:30+00:00
ADS-007874,ACCT-000347,B0237,12.11,2026-07-31T21:35:30+00:00
ADS-007875,ACCT-000003,B0237,-23.94,2026-07-31T21:35:30+00:00
ADS-007876,ACCT-000250,B0237,41.88,2026-07-31T21:35:30+00:00
ADS-007877,ACCT-000392,B0237,0.0,2026-07-31T21:35:30+00:00
ADS-007878,ACCT-000661,B0237,0.0,2026-07-31T21:35:30+00:00
ADS-007879,ACCT-000537,B0237,-68.24,2026-07-31T21:35:30+00:00
ADS-007880,ACCT-000088,B0237,0.0,2026-07-31T21:35:30+00:00
ADS-007881,ACCT-000762,B0237,4.95,2026-07-31T21:35:30+00:00
ADS-007882,ACCT-000545,B0237,42.98,2026-07-31T21:35:30+00:00
ADS-007883,ACCT-000493,B0237,0.0,2026-07-31T21:35:30+00:00
ADS-007884,ACCT-000594,B0237,-25.87,2026-07-31T21:35:30+00:00
ADS-007885,ACCT-000684,B0237,6.76,2026-07-31T21:35:30+00:00
ADS-007886,ACCT-000168,B0237,97.71,2026-07-31T21:35:30+00:00
ADS-007887,ACCT-000029,B0237,0.0,2026-07-31T21:35:30+00:00
ADS-007888,ACCT-000342,B0237,0.0,2026-07-31T21:35:30+00:00
ADS-007889,ACCT-000263,B0237,7.09,2026-07-31T21:35:30+00:00
ADS-007890,ACCT-000151,B0237,0.0,2026-07-31T21:35:30+00:00
ADS-007891,ACCT-000780,B0237,75.93,2026-07-31T21:35:30+00:00
ADS-007892,ACCT-000306,B0237,-25.46,2026-07-31T21:35:30+00:00
ADS-007893,ACCT-000709,B0237,-2.71,2026-07-31T21:35:30+00:00
ADS-007894,ACCT-000839,B0237,0.0,2026-07-31T21:35:30+00:00
ADS-007895,ACCT-000840,B0237,-48.8,2026-07-31T21:35:30+00:00
ADS-007896,ACCT-000841,B0237,-42.56,2026-07-31T21:35:30+00:00
ADS-007897,ACCT-000083,B0238,-6.82,2026-07-31T22:53:48+00:00
ADS-007898,ACCT-000240,B0238,-3.71,2026-07-31T22:53:48+00:00
ADS-007899,ACCT-000377,B0238,-30.35,2026-07-31T22:53:48+00:00
ADS-007900,ACCT-000237,B0238,0.0,2026-07-31T22:53:48+00:00
ADS-007901,ACCT-000547,B0238,4.46,2026-07-31T22:53:48+00:00
ADS-007902,ACCT-000445,B0238,0.0,2026-07-31T22:53:48+00:00
ADS-007903,ACCT-000156,B0238,0.0,2026-07-31T22:53:48+00:00
ADS-007904,ACCT-000217,B0238,-49.82,2026-07-31T22:53:48+00:00
ADS-007905,ACCT-000137,B0238,-18.62,2026-07-31T22:53:48+00:00
ADS-007906,ACCT-000747,B0238,15.65,2026-07-31T22:53:48+00:00
ADS-007907,ACCT-000370,B0238,26.14,2026-07-31T22:53:48+00:00
ADS-007908,ACCT-000175,B0238,-14.13,2026-07-31T22:53:48+00:00
ADS-007909,ACCT-000161,B0238,24.83,2026-07-31T22:53:48+00:00
ADS-007910,ACCT-000056,B0238,33.79,2026-07-31T22:53:48+00:00
ADS-007911,ACCT-000674,B0238,-48.45,2026-07-31T22:53:48+00:00
ADS-007912,ACCT-000380,B0238,17.5,2026-07-31T22:53:48+00:00
ADS-007913,ACCT-000187,B0238,0.0,2026-07-31T22:53:48+00:00
ADS-007914,ACCT-000705,B0238,50.72,2026-07-31T22:53:48+00:00
ADS-007915,ACCT-000793,B0238,-41.75,2026-07-31T22:53:48+00:00
ADS-007916,ACCT-000303,B0238,0.0,2026-07-31T22:53:48+00:00
ADS-007917,ACCT-000584,B0238,25.73,2026-07-31T22:53:48+00:00
ADS-007918,ACCT-000080,B0238,0.0,2026-07-31T22:53:48+00:00
ADS-007919,ACCT-000831,B0238,0.0,2026-07-31T22:53:48+00:00
ADS-007920,ACCT-000253,B0238,-33.33,2026-07-31T22:53:48+00:00
ADS-007921,ACCT-000358,B0238,29.95,2026-07-31T22:53:48+00:00
ADS-007922,ACCT-000422,B0238,8.18,2026-07-31T22:53:48+00:00
ADS-007923,ACCT-000842,B0238,61.62,2026-07-31T22:53:48+00:00
ADS-007924,ACCT-000843,B0238,6.25,2026-07-31T22:53:48+00:00
ADS-007925,ACCT-000844,B0238,0.0,2026-07-31T22:53:48+00:00
ADS-007926,ACCT-000845,B0238,-20.64,2026-07-31T22:53:48+00:00
ADS-007927,ACCT-000784,B0239,55.08,2026-07-31T23:55:05+00:00
ADS-007928,ACCT-000473,B0239,-0.74,2026-07-31T23:55:05+00:00
ADS-007929,ACCT-000130,B0239,-11.53,2026-07-31T23:55:05+00:00
ADS-007930,ACCT-000028,B0239,-36.71,2026-07-31T23:55:05+00:00
ADS-007931,ACCT-000250,B0239,0.0,2026-07-31T23:55:05+00:00
ADS-007932,ACCT-000187,B0239,-20.26,2026-07-31T23:55:05+00:00
ADS-007933,ACCT-000683,B0239,0.0,2026-07-31T23:55:05+00:00
ADS-007934,ACCT-000255,B0239,27.74,2026-07-31T23:55:05+00:00
ADS-007935,ACCT-000699,B0239,0.0,2026-07-31T23:55:05+00:00
ADS-007936,ACCT-000314,B0239,45.55,2026-07-31T23:55:05+00:00
ADS-007937,ACCT-000378,B0239,0.0,2026-07-31T23:55:05+00:00
ADS-007938,ACCT-000545,B0239,43.38,2026-07-31T23:55:05+00:00
ADS-007939,ACCT-000032,B0239,0.0,2026-07-31T23:55:05+00:00
ADS-007940,ACCT-000832,B0239,0.0,2026-07-31T23:55:05+00:00
ADS-007941,ACCT-000615,B0239,0.0,2026-07-31T23:55:05+00:00
ADS-007942,ACCT-000588,B0239,-32.92,2026-07-31T23:55:05+00:00
ADS-007943,ACCT-000586,B0239,0.0,2026-07-31T23:55:05+00:00
ADS-007944,ACCT-000382,B0239,-28.49,2026-07-31T23:55:05+00:00
ADS-007945,ACCT-000753,B0239,-36.15,2026-07-31T23:55:05+00:00
ADS-007946,ACCT-000222,B0239,0.0,2026-07-31T23:55:05+00:00
ADS-007947,ACCT-000772,B0239,0.0,2026-07-31T23:55:05+00:00
ADS-007948,ACCT-000337,B0239,-23.16,2026-07-31T23:55:05+00:00
ADS-007949,ACCT-000729,B0239,62.07,2026-07-31T23:55:05+00:00
ADS-007950,ACCT-000648,B0239,0.0,2026-07-31T23:55:05+00:00
ADS-007951,ACCT-000786,B0239,-30.92,2026-07-31T23:55:05+00:00
ADS-007952,ACCT-000158,B0239,0.9,2026-07-31T23:55:05+00:00
ADS-007953,ACCT-000348,B0239,28.13,2026-07-31T23:55:05+00:00
ADS-007954,ACCT-000846,B0239,0.0,2026-07-31T23:55:05+00:00
ADS-007955,ACCT-000847,B0239,-25.81,2026-07-31T23:55:05+00:00
ADS-007956,ACCT-000464,B0240,-21.65,2026-08-01T02:02:12+00:00
ADS-007957,ACCT-000005,B0240,42.4,2026-08-01T02:02:12+00:00
ADS-007958,ACCT-000703,B0240,56.13,2026-08-01T02:02:12+00:00
ADS-007959,ACCT-000781,B0240,10.17,2026-08-01T02:02:12+00:00
ADS-007960,ACCT-000133,B0240,1.21,2026-08-01T02:02:12+00:00
ADS-007961,ACCT-000753,B0240,-67.73,2026-08-01T02:02:12+00:00
ADS-007962,ACCT-000396,B0240,14.64,2026-08-01T02:02:12+00:00
ADS-007963,ACCT-000497,B0240,0.0,2026-08-01T02:02:12+00:00
ADS-007964,ACCT-000445,B0240,9.89,2026-08-01T02:02:12+00:00
ADS-007965,ACCT-000339,B0240,0.0,2026-08-01T02:02:12+00:00
ADS-007966,ACCT-000035,B0240,39.67,2026-08-01T02:02:12+00:00
ADS-007967,ACCT-000723,B0240,-79.9,2026-08-01T02:02:12+00:00
ADS-007968,ACCT-000475,B0240,-15.63,2026-08-01T02:02:12+00:00
ADS-007969,ACCT-000575,B0240,-1.61,2026-08-01T02:02:12+00:00
ADS-007970,ACCT-000640,B0240,-52.51,2026-08-01T02:02:12+00:00
ADS-007971,ACCT-000799,B0240,-37.42,2026-08-01T02:02:12+00:00
ADS-007972,ACCT-000471,B0240,0.0,2026-08-01T02:02:12+00:00
ADS-007973,ACCT-000370,B0240,-16.03,2026-08-01T02:02:12+00:00
ADS-007974,ACCT-000237,B0240,0.0,2026-08-01T02:02:12+00:00
ADS-007975,ACCT-000071,B0240,5.65,2026-08-01T02:02:12+00:00
ADS-007976,ACCT-000094,B0240,-47.03,2026-08-01T02:02:12+00:00
ADS-007977,ACCT-000084,B0240,90.41,2026-08-01T02:02:12+00:00
ADS-007978,ACCT-000726,B0240,0.0,2026-08-01T02:02:12+00:00
ADS-007979,ACCT-000053,B0240,0.0,2026-08-01T02:02:12+00:00
ADS-007980,ACCT-000672,B0240,-20.14,2026-08-01T02:02:12+00:00
ADS-007981,ACCT-000545,B0240,-16.23,2026-08-01T02:02:12+00:00
ADS-007982,ACCT-000623,B0240,34.28,2026-08-01T02:02:12+00:00
ADS-007983,ACCT-000271,B0240,0.0,2026-08-01T02:02:12+00:00
ADS-007984,ACCT-000584,B0240,-31.0,2026-08-01T02:02:12+00:00
ADS-007985,ACCT-000759,B0240,74.18,2026-08-01T02:02:12+00:00
ADS-007986,ACCT-000299,B0240,-26.17,2026-08-01T02:02:12+00:00
ADS-007987,ACCT-000254,B0240,-9.54,2026-08-01T02:02:12+00:00
ADS-007988,ACCT-000536,B0240,-41.23,2026-08-01T02:02:12+00:00
ADS-007989,ACCT-000326,B0240,1.97,2026-08-01T02:02:12+00:00
ADS-007990,ACCT-000848,B0240,14.27,2026-08-01T02:02:12+00:00
ADS-007991,ACCT-000849,B0240,0.0,2026-08-01T02:02:12+00:00
ADS-007992,ACCT-000306,B0241,-13.72,2026-08-01T05:39:41+00:00
ADS-007993,ACCT-000309,B0241,1.03,2026-08-01T05:39:41+00:00
ADS-007994,ACCT-000654,B0241,0.0,2026-08-01T05:39:41+00:00
ADS-007995,ACCT-000069,B0241,34.39,2026-08-01T05:39:41+00:00
ADS-007996,ACCT-000564,B0241,-46.97,2026-08-01T05:39:41+00:00
ADS-007997,ACCT-000658,B0241,-40.33,2026-08-01T05:39:41+00:00
ADS-007998,ACCT-000644,B0241,-19.71,2026-08-01T05:39:41+00:00
ADS-007999,ACCT-000397,B0241,55.42,2026-08-01T05:39:41+00:00
ADS-008000,ACCT-000009,B0241,26.09,2026-08-01T05:39:41+00:00
ADS-008001,ACCT-000113,B0241,0.0,2026-08-01T05:39:41+00:00
ADS-008002,ACCT-000228,B0241,-10.05,2026-08-01T05:39:41+00:00
ADS-008003,ACCT-000665,B0241,0.0,2026-08-01T05:39:41+00:00
ADS-008004,ACCT-000045,B0241,0.0,2026-08-01T05:39:41+00:00
ADS-008005,ACCT-000801,B0241,-33.88,2026-08-01T05:39:41+00:00
ADS-008006,ACCT-000171,B0241,0.0,2026-08-01T05:39:41+00:00
ADS-008007,ACCT-000601,B0241,24.92,2026-08-01T05:39:41+00:00
ADS-008008,ACCT-000395,B0241,10.53,2026-08-01T05:39:41+00:00
ADS-008009,ACCT-000122,B0241,6.09,2026-08-01T05:39:41+00:00
ADS-008010,ACCT-000162,B0241,63.76,2026-08-01T05:39:41+00:00
ADS-008011,ACCT-000569,B0241,23.88,2026-08-01T05:39:41+00:00
ADS-008012,ACCT-000570,B0241,-55.87,2026-08-01T05:39:41+00:00
ADS-008013,ACCT-000192,B0241,0.0,2026-08-01T05:39:41+00:00
ADS-008014,ACCT-000327,B0241,-18.91,2026-08-01T05:39:41+00:00
ADS-008015,ACCT-000753,B0241,94.32,2026-08-01T05:39:41+00:00
ADS-008016,ACCT-000433,B0241,-1.08,2026-08-01T05:39:41+00:00
ADS-008017,ACCT-000850,B0241,0.0,2026-08-01T05:39:41+00:00
ADS-008018,ACCT-000851,B0241,-14.18,2026-08-01T05:39:41+00:00
ADS-008019,ACCT-000852,B0241,-26.17,2026-08-01T05:39:41+00:00
ADS-008020,ACCT-000853,B0241,-42.52,2026-08-01T05:39:41+00:00
ADS-008021,ACCT-000739,B0242,6.44,2026-08-01T08:06:52+00:00
ADS-008022,ACCT-000300,B0242,-6.78,2026-08-01T08:06:52+00:00
ADS-008023,ACCT-000229,B0242,0.0,2026-08-01T08:06:52+00:00
ADS-008024,ACCT-000407,B0242,-10.27,2026-08-01T08:06:52+00:00
ADS-008025,ACCT-000672,B0242,-0.3,2026-08-01T08:06:52+00:00
ADS-008026,ACCT-000821,B0242,47.2,2026-08-01T08:06:52+00:00
ADS-008027,ACCT-000843,B0242,0.0,2026-08-01T08:06:52+00:00
ADS-008028,ACCT-000375,B0242,0.0,2026-08-01T08:06:52+00:00
ADS-008029,ACCT-000455,B0242,0.0,2026-08-01T08:06:52+00:00
ADS-008030,ACCT-000697,B0242,0.0,2026-08-01T08:06:52+00:00
ADS-008031,ACCT-000433,B0242,46.86,2026-08-01T08:06:52+00:00
ADS-008032,ACCT-000056,B0242,23.6,2026-08-01T08:06:52+00:00
ADS-008033,ACCT-000463,B0242,0.0,2026-08-01T08:06:52+00:00
ADS-008034,ACCT-000138,B0242,0.0,2026-08-01T08:06:52+00:00
ADS-008035,ACCT-000206,B0242,-19.35,2026-08-01T08:06:52+00:00
ADS-008036,ACCT-000616,B0242,0.0,2026-08-01T08:06:52+00:00
ADS-008037,ACCT-000709,B0242,-39.57,2026-08-01T08:06:52+00:00
ADS-008038,ACCT-000691,B0242,0.0,2026-08-01T08:06:52+00:00
ADS-008039,ACCT-000715,B0242,-12.91,2026-08-01T08:06:52+00:00
ADS-008040,ACCT-000057,B0242,-48.35,2026-08-01T08:06:52+00:00
ADS-008041,ACCT-000488,B0242,-1.74,2026-08-01T08:06:52+00:00
ADS-008042,ACCT-000405,B0242,-22.66,2026-08-01T08:06:52+00:00
ADS-008043,ACCT-000114,B0242,-19.18,2026-08-01T08:06:52+00:00
ADS-008044,ACCT-000510,B0242,0.0,2026-08-01T08:06:52+00:00
ADS-008045,ACCT-000493,B0242,0.0,2026-08-01T08:06:52+00:00
ADS-008046,ACCT-000745,B0242,-41.68,2026-08-01T08:06:52+00:00
ADS-008047,ACCT-000554,B0242,0.0,2026-08-01T08:06:52+00:00
ADS-008048,ACCT-000434,B0242,0.0,2026-08-01T08:06:52+00:00
ADS-008049,ACCT-000854,B0242,14.99,2026-08-01T08:06:52+00:00
ADS-008050,ACCT-000855,B0242,0.0,2026-08-01T08:06:52+00:00
ADS-008051,ACCT-000856,B0242,48.26,2026-08-01T08:06:52+00:00
ADS-008052,ACCT-000857,B0242,42.22,2026-08-01T08:06:52+00:00
ADS-008053,ACCT-000527,B0243,20.92,2026-08-01T10:14:46+00:00
ADS-008054,ACCT-000393,B0243,0.0,2026-08-01T10:14:46+00:00
ADS-008055,ACCT-000267,B0243,0.0,2026-08-01T10:14:46+00:00
ADS-008056,ACCT-000372,B0243,0.0,2026-08-01T10:14:46+00:00
ADS-008057,ACCT-000297,B0243,58.87,2026-08-01T10:14:46+00:00
ADS-008058,ACCT-000635,B0243,0.0,2026-08-01T10:14:46+00:00
ADS-008059,ACCT-000845,B0243,-34.25,2026-08-01T10:14:46+00:00
ADS-008060,ACCT-000381,B0243,0.0,2026-08-01T10:14:46+00:00
ADS-008061,ACCT-000419,B0243,-45.18,2026-08-01T10:14:46+00:00
ADS-008062,ACCT-000260,B0243,-14.97,2026-08-01T10:14:46+00:00
ADS-008063,ACCT-000773,B0243,-35.77,2026-08-01T10:14:46+00:00
ADS-008064,ACCT-000702,B0243,39.26,2026-08-01T10:14:46+00:00
ADS-008065,ACCT-000840,B0243,-15.95,2026-08-01T10:14:46+00:00
ADS-008066,ACCT-000253,B0243,0.0,2026-08-01T10:14:46+00:00
ADS-008067,ACCT-000485,B0243,0.0,2026-08-01T10:14:46+00:00
ADS-008068,ACCT-000247,B0243,-58.77,2026-08-01T10:14:46+00:00
ADS-008069,ACCT-000697,B0243,28.62,2026-08-01T10:14:46+00:00
ADS-008070,ACCT-000529,B0243,0.0,2026-08-01T10:14:46+00:00
ADS-008071,ACCT-000284,B0243,29.08,2026-08-01T10:14:46+00:00
ADS-008072,ACCT-000245,B0243,-72.87,2026-08-01T10:14:46+00:00
ADS-008073,ACCT-000103,B0243,0.0,2026-08-01T10:14:46+00:00
ADS-008074,ACCT-000543,B0243,0.0,2026-08-01T10:14:46+00:00
ADS-008075,ACCT-000150,B0243,4.5,2026-08-01T10:14:46+00:00
ADS-008076,ACCT-000823,B0243,48.65,2026-08-01T10:14:46+00:00
ADS-008077,ACCT-000107,B0243,-13.11,2026-08-01T10:14:46+00:00
ADS-008078,ACCT-000130,B0243,0.0,2026-08-01T10:14:46+00:00
ADS-008079,ACCT-000151,B0243,-2.11,2026-08-01T10:14:46+00:00
ADS-008080,ACCT-000761,B0243,-7.71,2026-08-01T10:14:46+00:00
ADS-008081,ACCT-000471,B0243,-20.11,2026-08-01T10:14:46+00:00
ADS-008082,ACCT-000509,B0243,-8.36,2026-08-01T10:14:46+00:00
ADS-008083,ACCT-000319,B0243,-32.99,2026-08-01T10:14:46+00:00
ADS-008084,ACCT-000858,B0243,0.0,2026-08-01T10:14:46+00:00
ADS-008085,ACCT-000859,B0243,-45.12,2026-08-01T10:14:46+00:00
ADS-008086,ACCT-000860,B0243,0.0,2026-08-01T10:14:46+00:00
ADS-008087,ACCT-000833,B0244,-42.12,2026-08-01T11:39:25+00:00
ADS-008088,ACCT-000388,B0244,0.0,2026-08-01T11:39:25+00:00
ADS-008089,ACCT-000193,B0244,0.0,2026-08-01T11:39:25+00:00
ADS-008090,ACCT-000818,B0244,49.07,2026-08-01T11:39:25+00:00
ADS-008091,ACCT-000594,B0244,9.74,2026-08-01T11:39:25+00:00
ADS-008092,ACCT-000078,B0244,88.32,2026-08-01T11:39:25+00:00
ADS-008093,ACCT-000843,B0244,-29.09,2026-08-01T11:39:25+00:00
ADS-008094,ACCT-000572,B0244,48.83,2026-08-01T11:39:25+00:00
ADS-008095,ACCT-000478,B0244,0.0,2026-08-01T11:39:25+00:00
ADS-008096,ACCT-000401,B0244,-22.7,2026-08-01T11:39:25+00:00
ADS-008097,ACCT-000345,B0244,0.0,2026-08-01T11:39:25+00:00
ADS-008098,ACCT-000697,B0244,-29.5,2026-08-01T11:39:25+00:00
ADS-008099,ACCT-000445,B0244,1.23,2026-08-01T11:39:25+00:00
ADS-008100,ACCT-000032,B0244,0.0,2026-08-01T11:39:25+00:00
ADS-008101,ACCT-000814,B0244,0.0,2026-08-01T11:39:25+00:00
ADS-008102,ACCT-000609,B0244,0.0,2026-08-01T11:39:25+00:00
ADS-008103,ACCT-000689,B0244,0.0,2026-08-01T11:39:25+00:00
ADS-008104,ACCT-000506,B0244,0.0,2026-08-01T11:39:25+00:00
ADS-008105,ACCT-000569,B0244,-2.23,2026-08-01T11:39:25+00:00
ADS-008106,ACCT-000286,B0244,-2.53,2026-08-01T11:39:25+00:00
ADS-008107,ACCT-000120,B0244,-81.58,2026-08-01T11:39:25+00:00
ADS-008108,ACCT-000490,B0244,0.0,2026-08-01T11:39:25+00:00
ADS-008109,ACCT-000534,B0244,0.0,2026-08-01T11:39:25+00:00
ADS-008110,ACCT-000045,B0244,0.0,2026-08-01T11:39:25+00:00
ADS-008111,ACCT-000308,B0244,38.41,2026-08-01T11:39:25+00:00
ADS-008112,ACCT-000024,B0244,0.0,2026-08-01T11:39:25+00:00
ADS-008113,ACCT-000556,B0244,-0.83,2026-08-01T11:39:25+00:00
ADS-008114,ACCT-000095,B0244,0.0,2026-08-01T11:39:25+00:00
ADS-008115,ACCT-000278,B0244,45.29,2026-08-01T11:39:25+00:00
ADS-008116,ACCT-000815,B0244,-40.38,2026-08-01T11:39:25+00:00
ADS-008117,ACCT-000708,B0244,21.05,2026-08-01T11:39:25+00:00
ADS-008118,ACCT-000225,B0244,4.07,2026-08-01T11:39:25+00:00
ADS-008119,ACCT-000861,B0244,0.0,2026-08-01T11:39:25+00:00
ADS-008120,ACCT-000862,B0244,-20.36,2026-08-01T11:39:25+00:00
ADS-008121,ACCT-000863,B0244,-4.73,2026-08-01T11:39:25+00:00
ADS-008122,ACCT-000864,B0244,-32.79,2026-08-01T11:39:25+00:00
ADS-008123,ACCT-000202,B0245,-5.82,2026-08-01T13:01:03+00:00
ADS-008124,ACCT-000025,B0245,5.26,2026-08-01T13:01:03+00:00
ADS-008125,ACCT-000667,B0245,86.86,2026-08-01T13:01:03+00:00
ADS-008126,ACCT-000550,B0245,24.97,2026-08-01T13:01:03+00:00
ADS-008127,ACCT-000372,B0245,0.0,2026-08-01T13:01:03+00:00
ADS-008128,ACCT-000203,B0245,-7.73,2026-08-01T13:01:03+00:00
ADS-008129,ACCT-000431,B0245,0.0,2026-08-01T13:01:03+00:00
ADS-008130,ACCT-000253,B0245,5.68,2026-08-01T13:01:03+00:00
ADS-008131,ACCT-000261,B0245,3.12,2026-08-01T13:01:03+00:00
ADS-008132,ACCT-000782,B0245,-23.36,2026-08-01T13:01:03+00:00
ADS-008133,ACCT-000050,B0245,0.0,2026-08-01T13:01:03+00:00
ADS-008134,ACCT-000344,B0245,66.74,2026-08-01T13:01:03+00:00
ADS-008135,ACCT-000197,B0245,-24.95,2026-08-01T13:01:03+00:00
ADS-008136,ACCT-000498,B0245,0.0,2026-08-01T13:01:03+00:00
ADS-008137,ACCT-000754,B0245,0.19,2026-08-01T13:01:03+00:00
ADS-008138,ACCT-000653,B0245,-20.34,2026-08-01T13:01:03+00:00
ADS-008139,ACCT-000204,B0245,-6.43,2026-08-01T13:01:03+00:00
ADS-008140,ACCT-000749,B0245,16.77,2026-08-01T13:01:03+00:00
ADS-008141,ACCT-000160,B0245,28.13,2026-08-01T13:01:03+00:00
ADS-008142,ACCT-000488,B0245,9.16,2026-08-01T13:01:03+00:00
ADS-008143,ACCT-000569,B0245,0.0,2026-08-01T13:01:03+00:00
ADS-008144,ACCT-000826,B0245,47.12,2026-08-01T13:01:03+00:00
ADS-008145,ACCT-000053,B0245,-31.79,2026-08-01T13:01:03+00:00
ADS-008146,ACCT-000775,B0245,0.0,2026-08-01T13:01:03+00:00
ADS-008147,ACCT-000564,B0245,24.29,2026-08-01T13:01:03+00:00
ADS-008148,ACCT-000026,B0245,0.0,2026-08-01T13:01:03+00:00
ADS-008149,ACCT-000566,B0245,3.65,2026-08-01T13:01:03+00:00
ADS-008150,ACCT-000680,B0245,-25.21,2026-08-01T13:01:03+00:00
ADS-008151,ACCT-000229,B0245,0.0,2026-08-01T13:01:03+00:00
ADS-008152,ACCT-000436,B0245,49.75,2026-08-01T13:01:03+00:00
ADS-008153,ACCT-000817,B0245,40.54,2026-08-01T13:01:03+00:00
ADS-008154,ACCT-000865,B0245,0.0,2026-08-01T13:01:03+00:00
ADS-008155,ACCT-000866,B0245,-48.93,2026-08-01T13:01:03+00:00
ADS-008156,ACCT-000857,B0246,-5.96,2026-08-01T14:43:21+00:00
ADS-008157,ACCT-000585,B0246,0.0,2026-08-01T14:43:21+00:00
ADS-008158,ACCT-000651,B0246,7.57,2026-08-01T14:43:21+00:00
ADS-008159,ACCT-000377,B0246,0.0,2026-08-01T14:43:21+00:00
ADS-008160,ACCT-000532,B0246,-47.32,2026-08-01T14:43:21+00:00
ADS-008161,ACCT-000592,B0246,-0.4,2026-08-01T14:43:21+00:00
ADS-008162,ACCT-000475,B0246,19.78,2026-08-01T14:43:21+00:00
ADS-008163,ACCT-000641,B0246,0.0,2026-08-01T14:43:21+00:00
ADS-008164,ACCT-000842,B0246,0.0,2026-08-01T14:43:21+00:00
ADS-008165,ACCT-000615,B0246,95.65,2026-08-01T14:43:21+00:00
ADS-008166,ACCT-000678,B0246,22.78,2026-08-01T14:43:21+00:00
ADS-008167,ACCT-000564,B0246,-56.31,2026-08-01T14:43:21+00:00
ADS-008168,ACCT-000272,B0246,0.0,2026-08-01T14:43:21+00:00
ADS-008169,ACCT-000385,B0246,67.72,2026-08-01T14:43:21+00:00
ADS-008170,ACCT-000575,B0246,0.0,2026-08-01T14:43:21+00:00
ADS-008171,ACCT-000531,B0246,-2.56,2026-08-01T14:43:21+00:00
ADS-008172,ACCT-000133,B0246,5.95,2026-08-01T14:43:21+00:00
ADS-008173,ACCT-000431,B0246,-29.8,2026-08-01T14:43:21+00:00
ADS-008174,ACCT-000200,B0246,17.27,2026-08-01T14:43:21+00:00
ADS-008175,ACCT-000477,B0246,-41.46,2026-08-01T14:43:21+00:00
ADS-008176,ACCT-000306,B0246,48.31,2026-08-01T14:43:21+00:00
ADS-008177,ACCT-000727,B0246,-36.41,2026-08-01T14:43:21+00:00
ADS-008178,ACCT-000197,B0246,-18.01,2026-08-01T14:43:21+00:00
ADS-008179,ACCT-000824,B0246,-26.65,2026-08-01T14:43:21+00:00
ADS-008180,ACCT-000273,B0246,0.0,2026-08-01T14:43:21+00:00
ADS-008181,ACCT-000427,B0246,0.0,2026-08-01T14:43:21+00:00
ADS-008182,ACCT-000835,B0246,0.0,2026-08-01T14:43:21+00:00
ADS-008183,ACCT-000159,B0246,19.0,2026-08-01T14:43:21+00:00
ADS-008184,ACCT-000140,B0246,7.45,2026-08-01T14:43:21+00:00
ADS-008185,ACCT-000760,B0246,-24.42,2026-08-01T14:43:21+00:00
ADS-008186,ACCT-000867,B0246,-12.85,2026-08-01T14:43:21+00:00
ADS-008187,ACCT-000868,B0246,2.25,2026-08-01T14:43:21+00:00
ADS-008188,ACCT-000869,B0246,0.0,2026-08-01T14:43:21+00:00
ADS-008189,ACCT-000870,B0246,-49.05,2026-08-01T14:43:21+00:00
ADS-008190,ACCT-000829,B0247,-15.23,2026-08-01T15:54:48+00:00
ADS-008191,ACCT-000557,B0247,5.43,2026-08-01T15:54:48+00:00
ADS-008192,ACCT-000845,B0247,-28.19,2026-08-01T15:54:48+00:00
ADS-008193,ACCT-000295,B0247,40.52,2026-08-01T15:54:48+00:00
ADS-008194,ACCT-000349,B0247,27.45,2026-08-01T15:54:48+00:00
ADS-008195,ACCT-000162,B0247,-50.76,2026-08-01T15:54:48+00:00
ADS-008196,ACCT-000744,B0247,0.0,2026-08-01T15:54:48+00:00
ADS-008197,ACCT-000101,B0247,0.0,2026-08-01T15:54:48+00:00
ADS-008198,ACCT-000601,B0247,7.06,2026-08-01T15:54:48+00:00
ADS-008199,ACCT-000227,B0247,35.89,2026-08-01T15:54:48+00:00
ADS-008200,ACCT-000735,B0247,-19.83,2026-08-01T15:54:48+00:00
ADS-008201,ACCT-000739,B0247,-27.45,2026-08-01T15:54:48+00:00
ADS-008202,ACCT-000383,B0247,-18.05,2026-08-01T15:54:48+00:00
ADS-008203,ACCT-000602,B0247,0.0,2026-08-01T15:54:48+00:00
ADS-008204,ACCT-000138,B0247,0.0,2026-08-01T15:54:48+00:00
ADS-008205,ACCT-000618,B0247,101.24,2026-08-01T15:54:48+00:00
ADS-008206,ACCT-000766,B0247,-60.39,2026-08-01T15:54:48+00:00
ADS-008207,ACCT-000839,B0247,55.7,2026-08-01T15:54:48+00:00
ADS-008208,ACCT-000054,B0247,43.09,2026-08-01T15:54:48+00:00
ADS-008209,ACCT-000646,B0247,-2.94,2026-08-01T15:54:48+00:00
ADS-008210,ACCT-000603,B0247,0.0,2026-08-01T15:54:48+00:00
ADS-008211,ACCT-000588,B0247,0.0,2026-08-01T15:54:48+00:00
ADS-008212,ACCT-000841,B0247,-3.12,2026-08-01T15:54:48+00:00
ADS-008213,ACCT-000804,B0247,0.0,2026-08-01T15:54:48+00:00
ADS-008214,ACCT-000808,B0247,55.94,2026-08-01T15:54:48+00:00
ADS-008215,ACCT-000770,B0247,0.0,2026-08-01T15:54:48+00:00
ADS-008216,ACCT-000371,B0247,-4.76,2026-08-01T15:54:48+00:00
ADS-008217,ACCT-000816,B0247,-22.43,2026-08-01T15:54:48+00:00
ADS-008218,ACCT-000413,B0247,-16.68,2026-08-01T15:54:48+00:00
ADS-008219,ACCT-000231,B0247,77.8,2026-08-01T15:54:48+00:00
ADS-008220,ACCT-000268,B0247,0.0,2026-08-01T15:54:48+00:00
ADS-008221,ACCT-000474,B0247,18.68,2026-08-01T15:54:48+00:00
ADS-008222,ACCT-000542,B0247,0.0,2026-08-01T15:54:48+00:00
ADS-008223,ACCT-000086,B0247,18.43,2026-08-01T15:54:48+00:00
ADS-008224,ACCT-000871,B0247,38.77,2026-08-01T15:54:48+00:00
ADS-008225,ACCT-000872,B0247,0.0,2026-08-01T15:54:48+00:00
ADS-008226,ACCT-000827,B0248,0.0,2026-08-01T16:52:14+00:00
ADS-008227,ACCT-000214,B0248,0.0,2026-08-01T16:52:14+00:00
ADS-008228,ACCT-000334,B0248,0.0,2026-08-01T16:52:14+00:00
ADS-008229,ACCT-000448,B0248,20.48,2026-08-01T16:52:14+00:00
ADS-008230,ACCT-000837,B0248,-10.52,2026-08-01T16:52:14+00:00
ADS-008231,ACCT-000120,B0248,31.89,2026-08-01T16:52:14+00:00
ADS-008232,ACCT-000551,B0248,5.91,2026-08-01T16:52:14+00:00
ADS-008233,ACCT-000242,B0248,-29.71,2026-08-01T16:52:14+00:00
ADS-008234,ACCT-000224,B0248,1.29,2026-08-01T16:52:14+00:00
ADS-008235,ACCT-000617,B0248,-82.4,2026-08-01T16:52:14+00:00
ADS-008236,ACCT-000810,B0248,0.0,2026-08-01T16:52:14+00:00
ADS-008237,ACCT-000304,B0248,0.0,2026-08-01T16:52:14+00:00
ADS-008238,ACCT-000762,B0248,0.0,2026-08-01T16:52:14+00:00
ADS-008239,ACCT-000623,B0248,0.0,2026-08-01T16:52:14+00:00
ADS-008240,ACCT-000466,B0248,0.0,2026-08-01T16:52:14+00:00
ADS-008241,ACCT-000552,B0248,-19.38,2026-08-01T16:52:14+00:00
ADS-008242,ACCT-000142,B0248,0.0,2026-08-01T16:52:14+00:00
ADS-008243,ACCT-000436,B0248,20.0,2026-08-01T16:52:14+00:00
ADS-008244,ACCT-000126,B0248,-11.81,2026-08-01T16:52:14+00:00
ADS-008245,ACCT-000075,B0248,-34.91,2026-08-01T16:52:14+00:00
ADS-008246,ACCT-000179,B0248,6.5,2026-08-01T16:52:14+00:00
ADS-008247,ACCT-000381,B0248,-22.2,2026-08-01T16:52:14+00:00
ADS-008248,ACCT-000431,B0248,-0.99,2026-08-01T16:52:14+00:00
ADS-008249,ACCT-000770,B0248,-37.71,2026-08-01T16:52:14+00:00
ADS-008250,ACCT-000092,B0248,39.51,2026-08-01T16:52:14+00:00
ADS-008251,ACCT-000228,B0248,-22.43,2026-08-01T16:52:14+00:00
ADS-008252,ACCT-000538,B0248,8.59,2026-08-01T16:52:14+00:00
ADS-008253,ACCT-000667,B0248,0.0,2026-08-01T16:52:14+00:00
ADS-008254,ACCT-000429,B0248,-38.89,2026-08-01T16:52:14+00:00
ADS-008255,ACCT-000869,B0248,46.87,2026-08-01T16:52:14+00:00
ADS-008256,ACCT-000196,B0248,0.0,2026-08-01T16:52:14+00:00
ADS-008257,ACCT-000006,B0248,-7.24,2026-08-01T16:52:14+00:00
ADS-008258,ACCT-000873,B0248,-45.46,2026-08-01T16:52:14+00:00
ADS-008259,ACCT-000874,B0248,14.27,2026-08-01T16:52:14+00:00
ADS-008260,ACCT-000875,B0248,0.0,2026-08-01T16:52:14+00:00
ADS-008261,ACCT-000876,B0248,0.0,2026-08-01T16:52:14+00:00
ADS-008262,ACCT-000813,B0249,0.0,2026-08-01T17:54:56+00:00
ADS-008263,ACCT-000811,B0249,31.02,2026-08-01T17:54:56+00:00
ADS-008264,ACCT-000501,B0249,88.48,2026-08-01T17:54:56+00:00
ADS-008265,ACCT-000704,B0249,45.88,2026-08-01T17:54:56+00:00
ADS-008266,ACCT-000554,B0249,4.74,2026-08-01T17:54:56+00:00
ADS-008267,ACCT-000666,B0249,0.0,2026-08-01T17:54:56+00:00
ADS-008268,ACCT-000446,B0249,0.0,2026-08-01T17:54:56+00:00
ADS-008269,ACCT-000013,B0249,7.16,2026-08-01T17:54:56+00:00
ADS-008270,ACCT-000562,B0249,0.0,2026-08-01T17:54:56+00:00
ADS-008271,ACCT-000766,B0249,-18.35,2026-08-01T17:54:56+00:00
ADS-008272,ACCT-000422,B0249,24.69,2026-08-01T17:54:56+00:00
ADS-008273,ACCT-000219,B0249,-12.55,2026-08-01T17:54:56+00:00
ADS-008274,ACCT-000796,B0249,0.0,2026-08-01T17:54:56+00:00
ADS-008275,ACCT-000205,B0249,0.0,2026-08-01T17:54:56+00:00
ADS-008276,ACCT-000029,B0249,0.0,2026-08-01T17:54:56+00:00
ADS-008277,ACCT-000687,B0249,0.0,2026-08-01T17:54:56+00:00
ADS-008278,ACCT-000160,B0249,-48.57,2026-08-01T17:54:56+00:00
ADS-008279,ACCT-000019,B0249,-42.57,2026-08-01T17:54:56+00:00
ADS-008280,ACCT-000069,B0249,-2.22,2026-08-01T17:54:56+00:00
ADS-008281,ACCT-000127,B0249,35.1,2026-08-01T17:54:56+00:00
ADS-008282,ACCT-000521,B0249,-26.2,2026-08-01T17:54:56+00:00
ADS-008283,ACCT-000224,B0249,34.8,2026-08-01T17:54:56+00:00
ADS-008284,ACCT-000808,B0249,24.04,2026-08-01T17:54:56+00:00
ADS-008285,ACCT-000386,B0249,-0.92,2026-08-01T17:54:56+00:00
ADS-008286,ACCT-000074,B0249,0.0,2026-08-01T17:54:56+00:00
ADS-008287,ACCT-000877,B0249,-25.8,2026-08-01T17:54:56+00:00
ADS-008288,ACCT-000878,B0249,35.76,2026-08-01T17:54:56+00:00
ADS-008289,ACCT-000879,B0249,29.3,2026-08-01T17:54:56+00:00
ADS-008290,ACCT-000880,B0249,-26.7,2026-08-01T17:54:56+00:00
ADS-008291,ACCT-000866,B0250,37.16,2026-08-01T18:57:28+00:00
ADS-008292,ACCT-000102,B0250,0.0,2026-08-01T18:57:28+00:00
ADS-008293,ACCT-000350,B0250,-0.07,2026-08-01T18:57:28+00:00
ADS-008294,ACCT-000557,B0250,23.05,2026-08-01T18:57:28+00:00
ADS-008295,ACCT-000162,B0250,30.71,2026-08-01T18:57:28+00:00
ADS-008296,ACCT-000451,B0250,5.9,2026-08-01T18:57:28+00:00
ADS-008297,ACCT-000446,B0250,30.28,2026-08-01T18:57:28+00:00
ADS-008298,ACCT-000459,B0250,0.0,2026-08-01T18:57:28+00:00
ADS-008299,ACCT-000001,B0250,0.0,2026-08-01T18:57:28+00:00
ADS-008300,ACCT-000378,B0250,0.0,2026-08-01T18:57:28+00:00
ADS-008301,ACCT-000513,B0250,0.0,2026-08-01T18:57:28+00:00
ADS-008302,ACCT-000651,B0250,0.0,2026-08-01T18:57:28+00:00
ADS-008303,ACCT-000405,B0250,14.94,2026-08-01T18:57:28+00:00
ADS-008304,ACCT-000698,B0250,-23.73,2026-08-01T18:57:28+00:00
ADS-008305,ACCT-000619,B0250,40.31,2026-08-01T18:57:28+00:00
ADS-008306,ACCT-000218,B0250,24.22,2026-08-01T18:57:28+00:00
ADS-008307,ACCT-000433,B0250,-49.48,2026-08-01T18:57:28+00:00
ADS-008308,ACCT-000564,B0250,53.19,2026-08-01T18:57:28+00:00
ADS-008309,ACCT-000734,B0250,66.66,2026-08-01T18:57:28+00:00
ADS-008310,ACCT-000879,B0250,-5.99,2026-08-01T18:57:28+00:00
ADS-008311,ACCT-000725,B0250,0.0,2026-08-01T18:57:28+00:00
ADS-008312,ACCT-000592,B0250,0.0,2026-08-01T18:57:28+00:00
ADS-008313,ACCT-000810,B0250,0.0,2026-08-01T18:57:28+00:00
ADS-008314,ACCT-000463,B0250,-30.11,2026-08-01T18:57:28+00:00
ADS-008315,ACCT-000812,B0250,26.75,2026-08-01T18:57:28+00:00
ADS-008316,ACCT-000479,B0250,37.13,2026-08-01T18:57:28+00:00
ADS-008317,ACCT-000881,B0250,27.57,2026-08-01T18:57:28+00:00
ADS-008318,ACCT-000882,B0250,-12.43,2026-08-01T18:57:28+00:00
ADS-008319,ACCT-000883,B0250,-37.54,2026-08-01T18:57:28+00:00
ADS-008320,ACCT-000138,B0251,0.0,2026-08-01T20:08:34+00:00
ADS-008321,ACCT-000130,B0251,35.72,2026-08-01T20:08:34+00:00
ADS-008322,ACCT-000436,B0251,-31.94,2026-08-01T20:08:34+00:00
ADS-008323,ACCT-000537,B0251,-35.85,2026-08-01T20:08:34+00:00
ADS-008324,ACCT-000350,B0251,0.0,2026-08-01T20:08:34+00:00
ADS-008325,ACCT-000066,B0251,6.67,2026-08-01T20:08:34+00:00
ADS-008326,ACCT-000746,B0251,0.0,2026-08-01T20:08:34+00:00
ADS-008327,ACCT-000383,B0251,3.55,2026-08-01T20:08:34+00:00
ADS-008328,ACCT-000129,B0251,48.14,2026-08-01T20:08:34+00:00
ADS-008329,ACCT-000629,B0251,-6.69,2026-08-01T20:08:34+00:00
ADS-008330,ACCT-000711,B0251,1.98,2026-08-01T20:08:34+00:00
ADS-008331,ACCT-000875,B0251,0.0,2026-08-01T20:08:34+00:00
ADS-008332,ACCT-000283,B0251,85.53,2026-08-01T20:08:34+00:00
ADS-008333,ACCT-000397,B0251,18.88,2026-08-01T20:08:34+00:00
ADS-008334,ACCT-000476,B0251,0.0,2026-08-01T20:08:34+00:00
ADS-008335,ACCT-000253,B0251,0.0,2026-08-01T20:08:34+00:00
ADS-008336,ACCT-000549,B0251,15.7,2026-08-01T20:08:34+00:00
ADS-008337,ACCT-000345,B0251,-31.6,2026-08-01T20:08:34+00:00
ADS-008338,ACCT-000563,B0251,0.0,2026-08-01T20:08:34+00:00
ADS-008339,ACCT-000670,B0251,-38.35,2026-08-01T20:08:34+00:00
ADS-008340,ACCT-000599,B0251,17.66,2026-08-01T20:08:34+00:00
ADS-008341,ACCT-000702,B0251,0.0,2026-08-01T20:08:34+00:00
ADS-008342,ACCT-000761,B0251,0.0,2026-08-01T20:08:34+00:00
ADS-008343,ACCT-000645,B0251,-18.22,2026-08-01T20:08:34+00:00
ADS-008344,ACCT-000469,B0251,-27.93,2026-08-01T20:08:34+00:00
ADS-008345,ACCT-000601,B0251,61.83,2026-08-01T20:08:34+00:00
ADS-008346,ACCT-000190,B0251,0.0,2026-08-01T20:08:34+00:00
ADS-008347,ACCT-000125,B0251,5.08,2026-08-01T20:08:34+00:00
ADS-008348,ACCT-000558,B0251,15.85,2026-08-01T20:08:34+00:00
ADS-008349,ACCT-000396,B0251,16.23,2026-08-01T20:08:34+00:00
ADS-008350,ACCT-000859,B0251,0.0,2026-08-01T20:08:34+00:00
ADS-008351,ACCT-000803,B0251,0.0,2026-08-01T20:08:34+00:00
ADS-008352,ACCT-000884,B0251,0.0,2026-08-01T20:08:34+00:00
ADS-008353,ACCT-000885,B0251,0.0,2026-08-01T20:08:34+00:00
ADS-008354,ACCT-000886,B0251,-40.89,2026-08-01T20:08:34+00:00
ADS-008355,ACCT-000887,B0251,7.26,2026-08-01T20:08:34+00:00
ADS-008356,ACCT-000024,B0252,32.07,2026-08-01T21:22:36+00:00
ADS-008357,ACCT-000080,B0252,-48.49,2026-08-01T21:22:36+00:00
ADS-008358,ACCT-000844,B0252,0.0,2026-08-01T21:22:36+00:00
ADS-008359,ACCT-000353,B0252,37.96,2026-08-01T21:22:36+00:00
ADS-008360,ACCT-000247,B0252,-7.25,2026-08-01T21:22:36+00:00
ADS-008361,ACCT-000489,B0252,-55.57,2026-08-01T21:22:36+00:00
ADS-008362,ACCT-000367,B0252,54.52,2026-08-01T21:22:36+00:00
ADS-008363,ACCT-000075,B0252,-2.55,2026-08-01T21:22:36+00:00
ADS-008364,ACCT-000760,B0252,0.0,2026-08-01T21:22:36+00:00
ADS-008365,ACCT-000722,B0252,-82.5,2026-08-01T21:22:36+00:00
ADS-008366,ACCT-000349,B0252,-12.79,2026-08-01T21:22:36+00:00
ADS-008367,ACCT-000013,B0252,-35.14,2026-08-01T21:22:36+00:00
ADS-008368,ACCT-000726,B0252,48.79,2026-08-01T21:22:36+00:00
ADS-008369,ACCT-000654,B0252,-48.11,2026-08-01T21:22:36+00:00
ADS-008370,ACCT-000209,B0252,0.0,2026-08-01T21:22:36+00:00
ADS-008371,ACCT-000413,B0252,26.72,2026-08-01T21:22:36+00:00
ADS-008372,ACCT-000288,B0252,-20.65,2026-08-01T21:22:36+00:00
ADS-008373,ACCT-000282,B0252,-18.87,2026-08-01T21:22:36+00:00
ADS-008374,ACCT-000862,B0252,0.5,2026-08-01T21:22:36+00:00
ADS-008375,ACCT-000764,B0252,0.0,2026-08-01T21:22:36+00:00
ADS-008376,ACCT-000408,B0252,-30.16,2026-08-01T21:22:36+00:00
ADS-008377,ACCT-000548,B0252,-54.96,2026-08-01T21:22:36+00:00
ADS-008378,ACCT-000378,B0252,-35.89,2026-08-01T21:22:36+00:00
ADS-008379,ACCT-000667,B0252,-8.82,2026-08-01T21:22:36+00:00
ADS-008380,ACCT-000803,B0252,24.64,2026-08-01T21:22:36+00:00
ADS-008381,ACCT-000255,B0252,0.0,2026-08-01T21:22:36+00:00
ADS-008382,ACCT-000638,B0252,55.84,2026-08-01T21:22:36+00:00
ADS-008383,ACCT-000888,B0252,0.0,2026-08-01T21:22:36+00:00
ADS-008384,ACCT-000889,B0252,-55.02,2026-08-01T21:22:36+00:00
ADS-008385,ACCT-000890,B0252,0.0,2026-08-01T21:22:36+00:00
ADS-008386,ACCT-000891,B0252,0.0,2026-08-01T21:22:36+00:00
ADS-008387,ACCT-000174,B0253,63.14,2026-08-01T22:25:20+00:00
ADS-008388,ACCT-000527,B0253,0.0,2026-08-01T22:25:20+00:00
ADS-008389,ACCT-000024,B0253,0.0,2026-08-01T22:25:20+00:00
ADS-008390,ACCT-000874,B0253,-4.96,2026-08-01T22:25:20+00:00
ADS-008391,ACCT-000245,B0253,7.97,2026-08-01T22:25:20+00:00
ADS-008392,ACCT-000309,B0253,-10.1,2026-08-01T22:25:20+00:00
ADS-008393,ACCT-000394,B0253,0.0,2026-08-01T22:25:20+00:00
ADS-008394,ACCT-000861,B0253,0.0,2026-08-01T22:25:20+00:00
ADS-008395,ACCT-000186,B0253,-17.94,2026-08-01T22:25:20+00:00
ADS-008396,ACCT-000460,B0253,-51.61,2026-08-01T22:25:20+00:00
ADS-008397,ACCT-000023,B0253,-3.34,2026-08-01T22:25:20+00:00
ADS-008398,ACCT-000626,B0253,0.0,2026-08-01T22:25:20+00:00
ADS-008399,ACCT-000059,B0253,25.08,2026-08-01T22:25:20+00:00
ADS-008400,ACCT-000284,B0253,-37.1,2026-08-01T22:25:20+00:00
ADS-008401,ACCT-000289,B0253,-5.63,2026-08-01T22:25:20+00:00
ADS-008402,ACCT-000083,B0253,0.0,2026-08-01T22:25:20+00:00
ADS-008403,ACCT-000816,B0253,0.0,2026-08-01T22:25:20+00:00
ADS-008404,ACCT-000849,B0253,0.0,2026-08-01T22:25:20+00:00
ADS-008405,ACCT-000482,B0253,44.8,2026-08-01T22:25:20+00:00
ADS-008406,ACCT-000431,B0253,-23.9,2026-08-01T22:25:20+00:00
ADS-008407,ACCT-000696,B0253,13.27,2026-08-01T22:25:20+00:00
ADS-008408,ACCT-000625,B0253,-39.81,2026-08-01T22:25:20+00:00
ADS-008409,ACCT-000010,B0253,56.18,2026-08-01T22:25:20+00:00
ADS-008410,ACCT-000688,B0253,-1.25,2026-08-01T22:25:20+00:00
ADS-008411,ACCT-000865,B0253,3.36,2026-08-01T22:25:20+00:00
ADS-008412,ACCT-000636,B0253,0.0,2026-08-01T22:25:20+00:00
ADS-008413,ACCT-000007,B0253,0.0,2026-08-01T22:25:20+00:00
ADS-008414,ACCT-000408,B0253,0.0,2026-08-01T22:25:20+00:00
ADS-008415,ACCT-000892,B0253,74.01,2026-08-01T22:25:20+00:00
ADS-008416,ACCT-000893,B0253,33.27,2026-08-01T22:25:20+00:00
ADS-008417,ACCT-000894,B0253,47.78,2026-08-01T22:25:20+00:00
ADS-008418,ACCT-000274,B0254,0.0,2026-08-01T23:27:02+00:00
ADS-008419,ACCT-000868,B0254,0.0,2026-08-01T23:27:02+00:00
ADS-008420,ACCT-000339,B0254,0.0,2026-08-01T23:27:02+00:00
ADS-008421,ACCT-000484,B0254,-39.1,2026-08-01T23:27:02+00:00
ADS-008422,ACCT-000815,B0254,26.77,2026-08-01T23:27:02+00:00
ADS-008423,ACCT-000429,B0254,0.0,2026-08-01T23:27:02+00:00
ADS-008424,ACCT-000159,B0254,-15.56,2026-08-01T23:27:02+00:00
ADS-008425,ACCT-000377,B0254,0.0,2026-08-01T23:27:02+00:00
ADS-008426,ACCT-000776,B0254,-49.85,2026-08-01T23:27:02+00:00
ADS-008427,ACCT-000463,B0254,10.46,2026-08-01T23:27:02+00:00
ADS-008428,ACCT-000398,B0254,0.0,2026-08-01T23:27:02+00:00
ADS-008429,ACCT-000749,B0254,72.64,2026-08-01T23:27:02+00:00
ADS-008430,ACCT-000066,B0254,91.79,2026-08-01T23:27:02+00:00
ADS-008431,ACCT-000153,B0254,0.0,2026-08-01T23:27:02+00:00
ADS-008432,ACCT-000453,B0254,44.43,2026-08-01T23:27:02+00:00
ADS-008433,ACCT-000259,B0254,0.0,2026-08-01T23:27:02+00:00
ADS-008434,ACCT-000506,B0254,7.1,2026-08-01T23:27:02+00:00
ADS-008435,ACCT-000663,B0254,0.0,2026-08-01T23:27:02+00:00
ADS-008436,ACCT-000345,B0254,19.41,2026-08-01T23:27:02+00:00
ADS-008437,ACCT-000304,B0254,25.74,2026-08-01T23:27:02+00:00
ADS-008438,ACCT-000555,B0254,0.0,2026-08-01T23:27:02+00:00
ADS-008439,ACCT-000761,B0254,-9.29,2026-08-01T23:27:02+00:00
ADS-008440,ACCT-000047,B0254,-76.09,2026-08-01T23:27:02+00:00
ADS-008441,ACCT-000295,B0254,-24.06,2026-08-01T23:27:02+00:00
ADS-008442,ACCT-000177,B0254,-6.56,2026-08-01T23:27:02+00:00
ADS-008443,ACCT-000556,B0254,33.21,2026-08-01T23:27:02+00:00
ADS-008444,ACCT-000676,B0254,5.38,2026-08-01T23:27:02+00:00
ADS-008445,ACCT-000064,B0254,-20.57,2026-08-01T23:27:02+00:00
ADS-008446,ACCT-000895,B0254,0.0,2026-08-01T23:27:02+00:00
ADS-008447,ACCT-000896,B0254,40.16,2026-08-01T23:27:02+00:00
ADS-008448,ACCT-000897,B0254,-46.31,2026-08-01T23:27:02+00:00
ADS-008449,ACCT-000898,B0254,0.0,2026-08-01T23:27:02+00:00
ADS-008450,ACCT-000403,B0255,11.36,2026-08-02T01:05:33+00:00
ADS-008451,ACCT-000885,B0255,0.0,2026-08-02T01:05:33+00:00
ADS-008452,ACCT-000392,B0255,0.0,2026-08-02T01:05:33+00:00
ADS-008453,ACCT-000171,B0255,-36.86,2026-08-02T01:05:33+00:00
ADS-008454,ACCT-000093,B0255,0.0,2026-08-02T01:05:33+00:00
ADS-008455,ACCT-000534,B0255,0.0,2026-08-02T01:05:33+00:00
ADS-008456,ACCT-000293,B0255,117.57,2026-08-02T01:05:33+00:00
ADS-008457,ACCT-000055,B0255,0.0,2026-08-02T01:05:33+00:00
ADS-008458,ACCT-000097,B0255,0.2,2026-08-02T01:05:33+00:00
ADS-008459,ACCT-000446,B0255,-26.58,2026-08-02T01:05:33+00:00
ADS-008460,ACCT-000024,B0255,-10.07,2026-08-02T01:05:33+00:00
ADS-008461,ACCT-000558,B0255,0.0,2026-08-02T01:05:33+00:00
ADS-008462,ACCT-000643,B0255,-23.09,2026-08-02T01:05:33+00:00
ADS-008463,ACCT-000007,B0255,50.2,2026-08-02T01:05:33+00:00
ADS-008464,ACCT-000719,B0255,22.99,2026-08-02T01:05:33+00:00
ADS-008465,ACCT-000147,B0255,0.0,2026-08-02T01:05:33+00:00
ADS-008466,ACCT-000484,B0255,0.0,2026-08-02T01:05:33+00:00
ADS-008467,ACCT-000386,B0255,-14.99,2026-08-02T01:05:33+00:00
ADS-008468,ACCT-000828,B0255,29.64,2026-08-02T01:05:33+00:00
ADS-008469,ACCT-000523,B0255,-36.29,2026-08-02T01:05:33+00:00
ADS-008470,ACCT-000872,B0255,38.35,2026-08-02T01:05:33+00:00
ADS-008471,ACCT-000557,B0255,-46.76,2026-08-02T01:05:33+00:00
ADS-008472,ACCT-000391,B0255,39.11,2026-08-02T01:05:33+00:00
ADS-008473,ACCT-000400,B0255,27.45,2026-08-02T01:05:33+00:00
ADS-008474,ACCT-000149,B0255,49.62,2026-08-02T01:05:33+00:00
ADS-008475,ACCT-000442,B0255,0.0,2026-08-02T01:05:33+00:00
ADS-008476,ACCT-000298,B0255,12.94,2026-08-02T01:05:33+00:00
ADS-008477,ACCT-000587,B0255,0.0,2026-08-02T01:05:33+00:00
ADS-008478,ACCT-000638,B0255,-19.89,2026-08-02T01:05:33+00:00
ADS-008479,ACCT-000122,B0255,0.0,2026-08-02T01:05:33+00:00
ADS-008480,ACCT-000851,B0255,-48.38,2026-08-02T01:05:33+00:00
ADS-008481,ACCT-000274,B0255,-41.33,2026-08-02T01:05:33+00:00
ADS-008482,ACCT-000354,B0255,48.38,2026-08-02T01:05:33+00:00
ADS-008483,ACCT-000092,B0255,-30.13,2026-08-02T01:05:33+00:00
ADS-008484,ACCT-000899,B0255,0.0,2026-08-02T01:05:33+00:00
ADS-008485,ACCT-000900,B0255,-26.43,2026-08-02T01:05:33+00:00
ADS-008486,ACCT-000901,B0255,0.0,2026-08-02T01:05:33+00:00
ADS-008487,ACCT-000902,B0255,18.87,2026-08-02T01:05:33+00:00
ADS-008488,ACCT-000650,B0256,0.0,2026-08-02T04:49:17+00:00
ADS-008489,ACCT-000684,B0256,47.04,2026-08-02T04:49:17+00:00
ADS-008490,ACCT-000449,B0256,48.46,2026-08-02T04:49:17+00:00
ADS-008491,ACCT-000337,B0256,-4.6,2026-08-02T04:49:17+00:00
ADS-008492,ACCT-000584,B0256,0.0,2026-08-02T04:49:17+00:00
ADS-008493,ACCT-000429,B0256,45.85,2026-08-02T04:49:17+00:00
ADS-008494,ACCT-000502,B0256,-33.91,2026-08-02T04:49:17+00:00
ADS-008495,ACCT-000217,B0256,32.72,2026-08-02T04:49:17+00:00
ADS-008496,ACCT-000477,B0256,0.0,2026-08-02T04:49:17+00:00
ADS-008497,ACCT-000685,B0256,26.95,2026-08-02T04:49:17+00:00
ADS-008498,ACCT-000262,B0256,0.17,2026-08-02T04:49:17+00:00
ADS-008499,ACCT-000839,B0256,11.52,2026-08-02T04:49:17+00:00
ADS-008500,ACCT-000422,B0256,7.32,2026-08-02T04:49:17+00:00
ADS-008501,ACCT-000758,B0256,0.0,2026-08-02T04:49:17+00:00
ADS-008502,ACCT-000882,B0256,-21.67,2026-08-02T04:49:17+00:00
ADS-008503,ACCT-000110,B0256,0.0,2026-08-02T04:49:17+00:00
ADS-008504,ACCT-000062,B0256,-5.02,2026-08-02T04:49:17+00:00
ADS-008505,ACCT-000686,B0256,44.09,2026-08-02T04:49:17+00:00
ADS-008506,ACCT-000779,B0256,-7.18,2026-08-02T04:49:17+00:00
ADS-008507,ACCT-000182,B0256,0.0,2026-08-02T04:49:17+00:00
ADS-008508,ACCT-000320,B0256,-24.03,2026-08-02T04:49:17+00:00
ADS-008509,ACCT-000508,B0256,0.0,2026-08-02T04:49:17+00:00
ADS-008510,ACCT-000057,B0256,2.16,2026-08-02T04:49:17+00:00
ADS-008511,ACCT-000728,B0256,0.48,2026-08-02T04:49:17+00:00
ADS-008512,ACCT-000768,B0256,0.0,2026-08-02T04:49:17+00:00
ADS-008513,ACCT-000791,B0256,0.0,2026-08-02T04:49:17+00:00
ADS-008514,ACCT-000276,B0256,-11.26,2026-08-02T04:49:17+00:00
ADS-008515,ACCT-000519,B0256,48.22,2026-08-02T04:49:17+00:00
ADS-008516,ACCT-000336,B0256,-37.4,2026-08-02T04:49:17+00:00
ADS-008517,ACCT-000892,B0256,-57.85,2026-08-02T04:49:17+00:00
ADS-008518,ACCT-000203,B0256,20.79,2026-08-02T04:49:17+00:00
ADS-008519,ACCT-000121,B0256,-32.35,2026-08-02T04:49:17+00:00
ADS-008520,ACCT-000903,B0256,0.0,2026-08-02T04:49:17+00:00
ADS-008521,ACCT-000904,B0256,-6.23,2026-08-02T04:49:17+00:00
ADS-008522,ACCT-000505,B0257,27.78,2026-08-02T07:28:24+00:00
ADS-008523,ACCT-000884,B0257,-54.21,2026-08-02T07:28:24+00:00
ADS-008524,ACCT-000389,B0257,0.0,2026-08-02T07:28:24+00:00
ADS-008525,ACCT-000194,B0257,0.0,2026-08-02T07:28:24+00:00
ADS-008526,ACCT-000714,B0257,-0.79,2026-08-02T07:28:24+00:00
ADS-008527,ACCT-000133,B0257,0.0,2026-08-02T07:28:24+00:00
ADS-008528,ACCT-000562,B0257,13.16,2026-08-02T07:28:24+00:00
ADS-008529,ACCT-000091,B0257,-27.86,2026-08-02T07:28:24+00:00
ADS-008530,ACCT-000586,B0257,20.32,2026-08-02T07:28:24+00:00
ADS-008531,ACCT-000167,B0257,15.93,2026-08-02T07:28:24+00:00
ADS-008532,ACCT-000704,B0257,23.94,2026-08-02T07:28:24+00:00
ADS-008533,ACCT-000376,B0257,0.38,2026-08-02T07:28:24+00:00
ADS-008534,ACCT-000391,B0257,-30.28,2026-08-02T07:28:24+00:00
ADS-008535,ACCT-000175,B0257,0.0,2026-08-02T07:28:24+00:00
ADS-008536,ACCT-000047,B0257,-20.01,2026-08-02T07:28:24+00:00
ADS-008537,ACCT-000026,B0257,-17.32,2026-08-02T07:28:24+00:00
ADS-008538,ACCT-000348,B0257,-10.63,2026-08-02T07:28:24+00:00
ADS-008539,ACCT-000485,B0257,0.0,2026-08-02T07:28:24+00:00
ADS-008540,ACCT-000469,B0257,2.06,2026-08-02T07:28:24+00:00
ADS-008541,ACCT-000220,B0257,-21.48,2026-08-02T07:28:24+00:00
ADS-008542,ACCT-000846,B0257,-70.25,2026-08-02T07:28:24+00:00
ADS-008543,ACCT-000598,B0257,0.0,2026-08-02T07:28:24+00:00
ADS-008544,ACCT-000180,B0257,-41.43,2026-08-02T07:28:24+00:00
ADS-008545,ACCT-000169,B0257,7.25,2026-08-02T07:28:24+00:00
ADS-008546,ACCT-000698,B0257,-27.11,2026-08-02T07:28:24+00:00
ADS-008547,ACCT-000682,B0257,22.14,2026-08-02T07:28:24+00:00
ADS-008548,ACCT-000535,B0257,43.7,2026-08-02T07:28:24+00:00
ADS-008549,ACCT-000726,B0257,-6.97,2026-08-02T07:28:24+00:00
ADS-008550,ACCT-000235,B0257,0.0,2026-08-02T07:28:24+00:00
ADS-008551,ACCT-000530,B0257,16.38,2026-08-02T07:28:24+00:00
ADS-008552,ACCT-000033,B0257,-62.28,2026-08-02T07:28:24+00:00
ADS-008553,ACCT-000118,B0257,0.0,2026-08-02T07:28:24+00:00
ADS-008554,ACCT-000905,B0257,5.37,2026-08-02T07:28:24+00:00
ADS-008555,ACCT-000906,B0257,-11.39,2026-08-02T07:28:24+00:00
ADS-008556,ACCT-000907,B0257,-64.06,2026-08-02T07:28:24+00:00
ADS-008557,ACCT-000908,B0257,45.66,2026-08-02T07:28:24+00:00
ADS-008558,ACCT-000627,B0258,25.33,2026-08-02T09:33:11+00:00
ADS-008559,ACCT-000691,B0258,-44.12,2026-08-02T09:33:11+00:00
ADS-008560,ACCT-000493,B0258,-24.19,2026-08-02T09:33:11+00:00
ADS-008561,ACCT-000683,B0258,0.0,2026-08-02T09:33:11+00:00
ADS-008562,ACCT-000721,B0258,39.57,2026-08-02T09:33:11+00:00
ADS-008563,ACCT-000237,B0258,0.0,2026-08-02T09:33:11+00:00
ADS-008564,ACCT-000587,B0258,-53.55,2026-08-02T09:33:11+00:00
ADS-008565,ACCT-000152,B0258,0.0,2026-08-02T09:33:11+00:00
ADS-008566,ACCT-000900,B0258,20.86,2026-08-02T09:33:11+00:00
ADS-008567,ACCT-000685,B0258,0.0,2026-08-02T09:33:11+00:00
ADS-008568,ACCT-000220,B0258,-20.0,2026-08-02T09:33:11+00:00
ADS-008569,ACCT-000614,B0258,-54.76,2026-08-02T09:33:11+00:00
ADS-008570,ACCT-000144,B0258,81.99,2026-08-02T09:33:11+00:00
ADS-008571,ACCT-000769,B0258,0.0,2026-08-02T09:33:11+00:00
ADS-008572,ACCT-000201,B0258,-28.27,2026-08-02T09:33:11+00:00
ADS-008573,ACCT-000206,B0258,24.07,2026-08-02T09:33:11+00:00
ADS-008574,ACCT-000760,B0258,17.99,2026-08-02T09:33:11+00:00
ADS-008575,ACCT-000418,B0258,-57.72,2026-08-02T09:33:11+00:00
ADS-008576,ACCT-000409,B0258,-15.3,2026-08-02T09:33:11+00:00
ADS-008577,ACCT-000460,B0258,0.0,2026-08-02T09:33:11+00:00
ADS-008578,ACCT-000660,B0258,-5.1,2026-08-02T09:33:11+00:00
ADS-008579,ACCT-000708,B0258,0.0,2026-08-02T09:33:11+00:00
ADS-008580,ACCT-000321,B0258,-15.59,2026-08-02T09:33:11+00:00
ADS-008581,ACCT-000480,B0258,0.0,2026-08-02T09:33:11+00:00
ADS-008582,ACCT-000406,B0258,0.0,2026-08-02T09:33:11+00:00
ADS-008583,ACCT-000631,B0258,-20.69,2026-08-02T09:33:11+00:00
ADS-008584,ACCT-000017,B0258,42.57,2026-08-02T09:33:11+00:00
ADS-008585,ACCT-000370,B0258,66.26,2026-08-02T09:33:11+00:00
ADS-008586,ACCT-000909,B0258,-29.58,2026-08-02T09:33:11+00:00
ADS-008587,ACCT-000910,B0258,-36.67,2026-08-02T09:33:11+00:00
ADS-008588,ACCT-000911,B0258,0.0,2026-08-02T09:33:11+00:00
ADS-008589,ACCT-000349,B0259,-26.27,2026-08-02T11:12:00+00:00
ADS-008590,ACCT-000580,B0259,44.79,2026-08-02T11:12:00+00:00
ADS-008591,ACCT-000550,B0259,0.0,2026-08-02T11:12:00+00:00
ADS-008592,ACCT-000449,B0259,-17.26,2026-08-02T11:12:00+00:00
ADS-008593,ACCT-000596,B0259,-4.92,2026-08-02T11:12:00+00:00
ADS-008594,ACCT-000223,B0259,0.0,2026-08-02T11:12:00+00:00
ADS-008595,ACCT-000774,B0259,-37.34,2026-08-02T11:12:00+00:00
ADS-008596,ACCT-000584,B0259,0.0,2026-08-02T11:12:00+00:00
ADS-008597,ACCT-000525,B0259,-18.68,2026-08-02T11:12:00+00:00
ADS-008598,ACCT-000842,B0259,-44.9,2026-08-02T11:12:00+00:00
ADS-008599,ACCT-000413,B0259,32.22,2026-08-02T11:12:00+00:00
ADS-008600,ACCT-000373,B0259,79.73,2026-08-02T11:12:00+00:00
ADS-008601,ACCT-000558,B0259,-47.08,2026-08-02T11:12:00+00:00
ADS-008602,ACCT-000743,B0259,-32.43,2026-08-02T11:12:00+00:00
ADS-008603,ACCT-000622,B0259,2.38,2026-08-02T11:12:00+00:00
ADS-008604,ACCT-000897,B0259,31.28,2026-08-02T11:12:00+00:00
ADS-008605,ACCT-000401,B0259,-10.8,2026-08-02T11:12:00+00:00
ADS-008606,ACCT-000808,B0259,0.0,2026-08-02T11:12:00+00:00
ADS-008607,ACCT-000447,B0259,0.0,2026-08-02T11:12:00+00:00
ADS-008608,ACCT-000693,B0259,-65.42,2026-08-02T11:12:00+00:00
ADS-008609,ACCT-000169,B0259,28.96,2026-08-02T11:12:00+00:00
ADS-008610,ACCT-000524,B0259,-5.64,2026-08-02T11:12:00+00:00
ADS-008611,ACCT-000046,B0259,78.91,2026-08-02T11:12:00+00:00
ADS-008612,ACCT-000461,B0259,0.0,2026-08-02T11:12:00+00:00
ADS-008613,ACCT-000628,B0259,25.22,2026-08-02T11:12:00+00:00
ADS-008614,ACCT-000633,B0259,0.0,2026-08-02T11:12:00+00:00
ADS-008615,ACCT-000896,B0259,-54.48,2026-08-02T11:12:00+00:00
ADS-008616,ACCT-000279,B0259,30.89,2026-08-02T11:12:00+00:00
ADS-008617,ACCT-000912,B0259,0.0,2026-08-02T11:12:00+00:00
ADS-008618,ACCT-000913,B0259,-22.54,2026-08-02T11:12:00+00:00
ADS-008619,ACCT-000914,B0259,-36.16,2026-08-02T11:12:00+00:00
ADS-008620,ACCT-000133,B0260,-3.68,2026-08-02T12:33:33+00:00
ADS-008621,ACCT-000813,B0260,21.97,2026-08-02T12:33:33+00:00
ADS-008622,ACCT-000011,B0260,43.35,2026-08-02T12:33:33+00:00
ADS-008623,ACCT-000581,B0260,6.33,2026-08-02T12:33:33+00:00
ADS-008624,ACCT-000621,B0260,13.22,2026-08-02T12:33:33+00:00
ADS-008625,ACCT-000318,B0260,-16.22,2026-08-02T12:33:33+00:00
ADS-008626,ACCT-000494,B0260,26.03,2026-08-02T12:33:33+00:00
ADS-008627,ACCT-000566,B0260,0.0,2026-08-02T12:33:33+00:00
ADS-008628,ACCT-000748,B0260,-10.48,2026-08-02T12:33:33+00:00
ADS-008629,ACCT-000447,B0260,-3.79,2026-08-02T12:33:33+00:00
ADS-008630,ACCT-000528,B0260,0.0,2026-08-02T12:33:33+00:00
ADS-008631,ACCT-000858,B0260,0.0,2026-08-02T12:33:33+00:00
ADS-008632,ACCT-000372,B0260,-8.64,2026-08-02T12:33:33+00:00
ADS-008633,ACCT-000367,B0260,0.0,2026-08-02T12:33:33+00:00
ADS-008634,ACCT-000878,B0260,-6.6,2026-08-02T12:33:33+00:00
ADS-008635,ACCT-000284,B0260,-38.63,2026-08-02T12:33:33+00:00
ADS-008636,ACCT-000413,B0260,0.0,2026-08-02T12:33:33+00:00
ADS-008637,ACCT-000356,B0260,30.63,2026-08-02T12:33:33+00:00
ADS-008638,ACCT-000608,B0260,13.32,2026-08-02T12:33:33+00:00
ADS-008639,ACCT-000897,B0260,47.65,2026-08-02T12:33:33+00:00
ADS-008640,ACCT-000685,B0260,36.31,2026-08-02T12:33:33+00:00
ADS-008641,ACCT-000399,B0260,0.0,2026-08-02T12:33:33+00:00
ADS-008642,ACCT-000817,B0260,3.41,2026-08-02T12:33:33+00:00
ADS-008643,ACCT-000738,B0260,16.83,2026-08-02T12:33:33+00:00
ADS-008644,ACCT-000365,B0260,19.06,2026-08-02T12:33:33+00:00
ADS-008645,ACCT-000225,B0260,0.0,2026-08-02T12:33:33+00:00
ADS-008646,ACCT-000723,B0260,46.08,2026-08-02T12:33:33+00:00
ADS-008647,ACCT-000915,B0260,-6.11,2026-08-02T12:33:33+00:00
ADS-008648,ACCT-000916,B0260,-0.63,2026-08-02T12:33:33+00:00
ADS-008649,ACCT-000917,B0260,35.33,2026-08-02T12:33:33+00:00
ADS-008650,ACCT-000610,B0261,-7.75,2026-08-02T14:24:44+00:00
ADS-008651,ACCT-000533,B0261,-42.61,2026-08-02T14:24:44+00:00
ADS-008652,ACCT-000428,B0261,0.0,2026-08-02T14:24:44+00:00
ADS-008653,ACCT-000220,B0261,37.07,2026-08-02T14:24:44+00:00
ADS-008654,ACCT-000573,B0261,29.39,2026-08-02T14:24:44+00:00
ADS-008655,ACCT-000113,B0261,36.94,2026-08-02T14:24:44+00:00
ADS-008656,ACCT-000894,B0261,-15.59,2026-08-02T14:24:44+00:00
ADS-008657,ACCT-000472,B0261,0.0,2026-08-02T14:24:44+00:00
ADS-008658,ACCT-000813,B0261,13.53,2026-08-02T14:24:44+00:00
ADS-008659,ACCT-000814,B0261,-64.86,2026-08-02T14:24:44+00:00
ADS-008660,ACCT-000818,B0261,-66.84,2026-08-02T14:24:44+00:00
ADS-008661,ACCT-000743,B0261,-31.04,2026-08-02T14:24:44+00:00
ADS-008662,ACCT-000365,B0261,40.75,2026-08-02T14:24:44+00:00
ADS-008663,ACCT-000534,B0261,-57.13,2026-08-02T14:24:44+00:00
ADS-008664,ACCT-000245,B0261,-0.98,2026-08-02T14:24:44+00:00
ADS-008665,ACCT-000350,B0261,-33.12,2026-08-02T14:24:44+00:00
ADS-008666,ACCT-000569,B0261,-46.59,2026-08-02T14:24:44+00:00
ADS-008667,ACCT-000687,B0261,1.63,2026-08-02T14:24:44+00:00
ADS-008668,ACCT-000104,B0261,34.96,2026-08-02T14:24:44+00:00
ADS-008669,ACCT-000409,B0261,-56.76,2026-08-02T14:24:44+00:00
ADS-008670,ACCT-000196,B0261,27.2,2026-08-02T14:24:44+00:00
ADS-008671,ACCT-000755,B0261,92.44,2026-08-02T14:24:44+00:00
ADS-008672,ACCT-000770,B0261,22.66,2026-08-02T14:24:44+00:00
ADS-008673,ACCT-000711,B0261,-5.63,2026-08-02T14:24:44+00:00
ADS-008674,ACCT-000565,B0261,33.17,2026-08-02T14:24:44+00:00
ADS-008675,ACCT-000324,B0261,41.89,2026-08-02T14:24:44+00:00
ADS-008676,ACCT-000723,B0261,-11.31,2026-08-02T14:24:44+00:00
ADS-008677,ACCT-000519,B0261,0.0,2026-08-02T14:24:44+00:00
ADS-008678,ACCT-000079,B0261,-1.55,2026-08-02T14:24:44+00:00
ADS-008679,ACCT-000018,B0261,0.0,2026-08-02T14:24:44+00:00
ADS-008680,ACCT-000906,B0261,-75.35,2026-08-02T14:24:44+00:00
ADS-008681,ACCT-000101,B0261,0.0,2026-08-02T14:24:44+00:00
ADS-008682,ACCT-000918,B0261,0.0,2026-08-02T14:24:44+00:00
ADS-008683,ACCT-000919,B0261,46.08,2026-08-02T14:24:44+00:00
ADS-008684,ACCT-000920,B0261,-15.92,2026-08-02T14:24:44+00:00
ADS-008685,ACCT-000823,B0262,0.0,2026-08-02T16:51:30+00:00
ADS-008686,ACCT-000731,B0262,16.34,2026-08-02T16:51:30+00:00
ADS-008687,ACCT-000329,B0262,-32.41,2026-08-02T16:51:30+00:00
ADS-008688,ACCT-000621,B0262,0.0,2026-08-02T16:51:30+00:00
ADS-008689,ACCT-000375,B0262,26.79,2026-08-02T16:51:30+00:00
ADS-008690,ACCT-000063,B0262,0.0,2026-08-02T16:51:30+00:00
ADS-008691,ACCT-000058,B0262,0.0,2026-08-02T16:51:30+00:00
ADS-008692,ACCT-000553,B0262,-45.76,2026-08-02T16:51:30+00:00
ADS-008693,ACCT-000234,B0262,-37.41,2026-08-02T16:51:30+00:00
ADS-008694,ACCT-000207,B0262,-45.67,2026-08-02T16:51:30+00:00
ADS-008695,ACCT-000149,B0262,0.0,2026-08-02T16:51:30+00:00
ADS-008696,ACCT-000501,B0262,0.0,2026-08-02T16:51:30+00:00
ADS-008697,ACCT-000304,B0262,-8.79,2026-08-02T16:51:30+00:00
ADS-008698,ACCT-000680,B0262,-48.39,2026-08-02T16:51:30+00:00
ADS-008699,ACCT-000024,B0262,-3.14,2026-08-02T16:51:30+00:00
ADS-008700,ACCT-000717,B0262,34.9,2026-08-02T16:51:30+00:00
ADS-008701,ACCT-000496,B0262,0.0,2026-08-02T16:51:30+00:00
ADS-008702,ACCT-000758,B0262,-79.02,2026-08-02T16:51:30+00:00
ADS-008703,ACCT-000333,B0262,0.0,2026-08-02T16:51:30+00:00
ADS-008704,ACCT-000066,B0262,0.0,2026-08-02T16:51:30+00:00
ADS-008705,ACCT-000357,B0262,10.22,2026-08-02T16:51:30+00:00
ADS-008706,ACCT-000038,B0262,37.01,2026-08-02T16:51:30+00:00
ADS-008707,ACCT-000137,B0262,-16.92,2026-08-02T16:51:30+00:00
ADS-008708,ACCT-000904,B0262,0.0,2026-08-02T16:51:30+00:00
ADS-008709,ACCT-000093,B0262,-13.17,2026-08-02T16:51:30+00:00
ADS-008710,ACCT-000280,B0262,44.97,2026-08-02T16:51:30+00:00
ADS-008711,ACCT-000181,B0262,0.0,2026-08-02T16:51:30+00:00
ADS-008712,ACCT-000742,B0262,11.75,2026-08-02T16:51:30+00:00
ADS-008713,ACCT-000805,B0262,0.0,2026-08-02T16:51:30+00:00
ADS-008714,ACCT-000170,B0262,-34.98,2026-08-02T16:51:30+00:00
ADS-008715,ACCT-000177,B0262,16.1,2026-08-02T16:51:30+00:00
ADS-008716,ACCT-000127,B0262,0.0,2026-08-02T16:51:30+00:00
ADS-008717,ACCT-000921,B0262,32.85,2026-08-02T16:51:30+00:00
ADS-008718,ACCT-000922,B0262,-19.59,2026-08-02T16:51:30+00:00
ADS-008719,ACCT-000923,B0262,27.73,2026-08-02T16:51:30+00:00
ADS-008720,ACCT-000924,B0262,0.0,2026-08-02T16:51:30+00:00
ADS-008721,ACCT-000598,B0263,6.44,2026-08-02T17:55:54+00:00
ADS-008722,ACCT-000198,B0263,18.28,2026-08-02T17:55:54+00:00
ADS-008723,ACCT-000611,B0263,0.0,2026-08-02T17:55:54+00:00
ADS-008724,ACCT-000122,B0263,43.07,2026-08-02T17:55:54+00:00
ADS-008725,ACCT-000785,B0263,0.0,2026-08-02T17:55:54+00:00
ADS-008726,ACCT-000052,B0263,46.14,2026-08-02T17:55:54+00:00
ADS-008727,ACCT-000379,B0263,0.0,2026-08-02T17:55:54+00:00
ADS-008728,ACCT-000091,B0263,0.0,2026-08-02T17:55:54+00:00
ADS-008729,ACCT-000794,B0263,36.29,2026-08-02T17:55:54+00:00
ADS-008730,ACCT-000197,B0263,60.17,2026-08-02T17:55:54+00:00
ADS-008731,ACCT-000564,B0263,-1.31,2026-08-02T17:55:54+00:00
ADS-008732,ACCT-000418,B0263,27.38,2026-08-02T17:55:54+00:00
ADS-008733,ACCT-000630,B0263,-6.78,2026-08-02T17:55:54+00:00
ADS-008734,ACCT-000841,B0263,-17.56,2026-08-02T17:55:54+00:00
ADS-008735,ACCT-000095,B0263,0.0,2026-08-02T17:55:54+00:00
ADS-008736,ACCT-000475,B0263,9.68,2026-08-02T17:55:54+00:00
ADS-008737,ACCT-000344,B0263,-26.5,2026-08-02T17:55:54+00:00
ADS-008738,ACCT-000782,B0263,21.13,2026-08-02T17:55:54+00:00
ADS-008739,ACCT-000736,B0263,13.42,2026-08-02T17:55:54+00:00
ADS-008740,ACCT-000003,B0263,0.0,2026-08-02T17:55:54+00:00
ADS-008741,ACCT-000259,B0263,-18.62,2026-08-02T17:55:54+00:00
ADS-008742,ACCT-000315,B0263,28.94,2026-08-02T17:55:54+00:00
ADS-008743,ACCT-000131,B0263,28.02,2026-08-02T17:55:54+00:00
ADS-008744,ACCT-000579,B0263,19.15,2026-08-02T17:55:54+00:00
ADS-008745,ACCT-000826,B0263,-13.66,2026-08-02T17:55:54+00:00
ADS-008746,ACCT-000156,B0263,32.87,2026-08-02T17:55:54+00:00
ADS-008747,ACCT-000214,B0263,51.96,2026-08-02T17:55:54+00:00
ADS-008748,ACCT-000925,B0263,0.0,2026-08-02T17:55:54+00:00
ADS-008749,ACCT-000926,B0263,0.0,2026-08-02T17:55:54+00:00
ADS-008750,ACCT-000927,B0263,97.65,2026-08-02T17:55:54+00:00
ADS-008751,ACCT-000735,B0264,-35.29,2026-08-02T18:59:27+00:00
ADS-008752,ACCT-000557,B0264,0.0,2026-08-02T18:59:27+00:00
ADS-008753,ACCT-000214,B0264,-43.8,2026-08-02T18:59:27+00:00
ADS-008754,ACCT-000040,B0264,-32.42,2026-08-02T18:59:27+00:00
ADS-008755,ACCT-000134,B0264,0.0,2026-08-02T18:59:27+00:00
ADS-008756,ACCT-000079,B0264,-69.11,2026-08-02T18:59:27+00:00
ADS-008757,ACCT-000622,B0264,0.0,2026-08-02T18:59:27+00:00
ADS-008758,ACCT-000245,B0264,0.0,2026-08-02T18:59:27+00:00
ADS-008759,ACCT-000043,B0264,0.0,2026-08-02T18:59:27+00:00
ADS-008760,ACCT-000322,B0264,-27.98,2026-08-02T18:59:27+00:00
ADS-008761,ACCT-000032,B0264,0.0,2026-08-02T18:59:27+00:00
ADS-008762,ACCT-000726,B0264,-35.27,2026-08-02T18:59:27+00:00
ADS-008763,ACCT-000821,B0264,0.0,2026-08-02T18:59:27+00:00
ADS-008764,ACCT-000535,B0264,15.59,2026-08-02T18:59:27+00:00
ADS-008765,ACCT-000672,B0264,-47.58,2026-08-02T18:59:27+00:00
ADS-008766,ACCT-000237,B0264,-44.61,2026-08-02T18:59:27+00:00
ADS-008767,ACCT-000691,B0264,9.14,2026-08-02T18:59:27+00:00
ADS-008768,ACCT-000474,B0264,0.0,2026-08-02T18:59:27+00:00
ADS-008769,ACCT-000829,B0264,8.96,2026-08-02T18:59:27+00:00
ADS-008770,ACCT-000819,B0264,-5.69,2026-08-02T18:59:27+00:00
ADS-008771,ACCT-000597,B0264,0.0,2026-08-02T18:59:27+00:00
ADS-008772,ACCT-000479,B0264,0.0,2026-08-02T18:59:27+00:00
ADS-008773,ACCT-000404,B0264,-23.0,2026-08-02T18:59:27+00:00
ADS-008774,ACCT-000088,B0264,0.0,2026-08-02T18:59:27+00:00
ADS-008775,ACCT-000302,B0264,0.0,2026-08-02T18:59:27+00:00
ADS-008776,ACCT-000472,B0264,-27.61,2026-08-02T18:59:27+00:00
ADS-008777,ACCT-000176,B0264,36.18,2026-08-02T18:59:27+00:00
ADS-008778,ACCT-000643,B0264,5.98,2026-08-02T18:59:27+00:00
ADS-008779,ACCT-000292,B0264,0.0,2026-08-02T18:59:27+00:00
ADS-008780,ACCT-000928,B0264,-30.52,2026-08-02T18:59:27+00:00
ADS-008781,ACCT-000929,B0264,-40.85,2026-08-02T18:59:27+00:00
ADS-008782,ACCT-000090,B0265,0.0,2026-08-02T20:11:56+00:00
ADS-008783,ACCT-000717,B0265,0.0,2026-08-02T20:11:56+00:00
ADS-008784,ACCT-000106,B0265,0.0,2026-08-02T20:11:56+00:00
ADS-008785,ACCT-000288,B0265,0.0,2026-08-02T20:11:56+00:00
ADS-008786,ACCT-000765,B0265,0.0,2026-08-02T20:11:56+00:00
ADS-008787,ACCT-000540,B0265,0.0,2026-08-02T20:11:56+00:00
ADS-008788,ACCT-000232,B0265,0.0,2026-08-02T20:11:56+00:00
ADS-008789,ACCT-000273,B0265,-45.36,2026-08-02T20:11:56+00:00
ADS-008790,ACCT-000392,B0265,11.81,2026-08-02T20:11:56+00:00
ADS-008791,ACCT-000415,B0265,-45.81,2026-08-02T20:11:56+00:00
ADS-008792,ACCT-000393,B0265,-6.3,2026-08-02T20:11:56+00:00
ADS-008793,ACCT-000555,B0265,-25.17,2026-08-02T20:11:56+00:00
ADS-008794,ACCT-000397,B0265,-28.29,2026-08-02T20:11:56+00:00
ADS-008795,ACCT-000863,B0265,-34.68,2026-08-02T20:11:56+00:00
ADS-008796,ACCT-000874,B0265,22.48,2026-08-02T20:11:56+00:00
ADS-008797,ACCT-000123,B0265,33.18,2026-08-02T20:11:56+00:00
ADS-008798,ACCT-000021,B0265,0.0,2026-08-02T20:11:56+00:00
ADS-008799,ACCT-000875,B0265,-87.35,2026-08-02T20:11:56+00:00
ADS-008800,ACCT-000817,B0265,6.89,2026-08-02T20:11:56+00:00
ADS-008801,ACCT-000314,B0265,47.68,2026-08-02T20:11:56+00:00
ADS-008802,ACCT-000151,B0265,15.3,2026-08-02T20:11:56+00:00
ADS-008803,ACCT-000111,B0265,-47.7,2026-08-02T20:11:56+00:00
ADS-008804,ACCT-000352,B0265,0.0,2026-08-02T20:11:56+00:00
ADS-008805,ACCT-000924,B0265,0.0,2026-08-02T20:11:56+00:00
ADS-008806,ACCT-000120,B0265,0.0,2026-08-02T20:11:56+00:00
ADS-008807,ACCT-000212,B0265,2.23,2026-08-02T20:11:56+00:00
ADS-008808,ACCT-000248,B0265,0.0,2026-08-02T20:11:56+00:00
ADS-008809,ACCT-000250,B0265,0.0,2026-08-02T20:11:56+00:00
ADS-008810,ACCT-000550,B0265,39.1,2026-08-02T20:11:56+00:00
ADS-008811,ACCT-000425,B0265,-19.27,2026-08-02T20:11:56+00:00
ADS-008812,ACCT-000318,B0265,0.0,2026-08-02T20:11:56+00:00
ADS-008813,ACCT-000524,B0265,0.0,2026-08-02T20:11:56+00:00
ADS-008814,ACCT-000686,B0265,3.77,2026-08-02T20:11:56+00:00
ADS-008815,ACCT-000930,B0265,0.0,2026-08-02T20:11:56+00:00
ADS-008816,ACCT-000931,B0265,0.66,2026-08-02T20:11:56+00:00
ADS-008817,ACCT-000932,B0265,0.0,2026-08-02T20:11:56+00:00
ADS-008818,ACCT-000933,B0265,-13.53,2026-08-02T20:11:56+00:00
ADS-008819,ACCT-000340,B0266,74.17,2026-08-02T21:22:48+00:00
ADS-008820,ACCT-000353,B0266,48.36,2026-08-02T21:22:48+00:00
ADS-008821,ACCT-000136,B0266,0.0,2026-08-02T21:22:48+00:00
ADS-008822,ACCT-000487,B0266,0.0,2026-08-02T21:22:48+00:00
ADS-008823,ACCT-000880,B0266,-41.12,2026-08-02T21:22:48+00:00
ADS-008824,ACCT-000483,B0266,-17.74,2026-08-02T21:22:48+00:00
ADS-008825,ACCT-000029,B0266,0.0,2026-08-02T21:22:48+00:00
ADS-008826,ACCT-000225,B0266,-4.51,2026-08-02T21:22:48+00:00
ADS-008827,ACCT-000721,B0266,0.0,2026-08-02T21:22:48+00:00
ADS-008828,ACCT-000404,B0266,23.45,2026-08-02T21:22:48+00:00
ADS-008829,ACCT-000815,B0266,-30.19,2026-08-02T21:22:48+00:00
ADS-008830,ACCT-000109,B0266,0.18,2026-08-02T21:22:48+00:00
ADS-008831,ACCT-000081,B0266,0.0,2026-08-02T21:22:48+00:00
ADS-008832,ACCT-000906,B0266,0.0,2026-08-02T21:22:48+00:00
ADS-008833,ACCT-000092,B0266,-9.53,2026-08-02T21:22:48+00:00
ADS-008834,ACCT-000387,B0266,0.0,2026-08-02T21:22:48+00:00
ADS-008835,ACCT-000724,B0266,0.0,2026-08-02T21:22:48+00:00
ADS-008836,ACCT-000042,B0266,34.73,2026-08-02T21:22:48+00:00
ADS-008837,ACCT-000416,B0266,-87.7,2026-08-02T21:22:48+00:00
ADS-008838,ACCT-000317,B0266,22.18,2026-08-02T21:22:48+00:00
ADS-008839,ACCT-000472,B0266,0.0,2026-08-02T21:22:48+00:00
ADS-008840,ACCT-000471,B0266,-74.29,2026-08-02T21:22:48+00:00
ADS-008841,ACCT-000579,B0266,-23.55,2026-08-02T21:22:48+00:00
ADS-008842,ACCT-000432,B0266,-28.75,2026-08-02T21:22:48+00:00
ADS-008843,ACCT-000486,B0266,-27.55,2026-08-02T21:22:48+00:00
ADS-008844,ACCT-000711,B0266,-41.42,2026-08-02T21:22:48+00:00
ADS-008845,ACCT-000771,B0266,0.0,2026-08-02T21:22:48+00:00
ADS-008846,ACCT-000934,B0266,64.13,2026-08-02T21:22:48+00:00
ADS-008847,ACCT-000935,B0266,-48.11,2026-08-02T21:22:48+00:00
ADS-008848,ACCT-000936,B0266,-24.91,2026-08-02T21:22:48+00:00
ADS-008849,ACCT-000881,B0267,-2.47,2026-08-02T22:25:09+00:00
ADS-008850,ACCT-000735,B0267,-39.59,2026-08-02T22:25:09+00:00
ADS-008851,ACCT-000651,B0267,-20.11,2026-08-02T22:25:09+00:00
ADS-008852,ACCT-000128,B0267,0.0,2026-08-02T22:25:09+00:00
ADS-008853,ACCT-000743,B0267,14.79,2026-08-02T22:25:09+00:00
ADS-008854,ACCT-000510,B0267,19.35,2026-08-02T22:25:09+00:00
ADS-008855,ACCT-000901,B0267,-22.79,2026-08-02T22:25:09+00:00
ADS-008856,ACCT-000897,B0267,-29.65,2026-08-02T22:25:09+00:00
ADS-008857,ACCT-000299,B0267,-1.48,2026-08-02T22:25:09+00:00
ADS-008858,ACCT-000857,B0267,-3.6,2026-08-02T22:25:09+00:00
ADS-008859,ACCT-000045,B0267,0.0,2026-08-02T22:25:09+00:00
ADS-008860,ACCT-000912,B0267,0.0,2026-08-02T22:25:09+00:00
ADS-008861,ACCT-000665,B0267,-52.18,2026-08-02T22:25:09+00:00
ADS-008862,ACCT-000280,B0267,18.51,2026-08-02T22:25:09+00:00
ADS-008863,ACCT-000030,B0267,-36.61,2026-08-02T22:25:09+00:00
ADS-008864,ACCT-000065,B0267,38.91,2026-08-02T22:25:09+00:00
ADS-008865,ACCT-000022,B0267,0.0,2026-08-02T22:25:09+00:00
ADS-008866,ACCT-000255,B0267,0.0,2026-08-02T22:25:09+00:00
ADS-008867,ACCT-000347,B0267,24.22,2026-08-02T22:25:09+00:00
ADS-008868,ACCT-000826,B0267,-41.01,2026-08-02T22:25:09+00:00
ADS-008869,ACCT-000803,B0267,25.11,2026-08-02T22:25:09+00:00
ADS-008870,ACCT-000794,B0267,28.92,2026-08-02T22:25:09+00:00
ADS-008871,ACCT-000285,B0267,2.73,2026-08-02T22:25:09+00:00
ADS-008872,ACCT-000323,B0267,0.0,2026-08-02T22:25:09+00:00
ADS-008873,ACCT-000600,B0267,-29.99,2026-08-02T22:25:09+00:00
ADS-008874,ACCT-000508,B0267,0.0,2026-08-02T22:25:09+00:00
ADS-008875,ACCT-000330,B0267,0.0,2026-08-02T22:25:09+00:00
ADS-008876,ACCT-000937,B0267,0.0,2026-08-02T22:25:09+00:00
ADS-008877,ACCT-000938,B0267,0.0,2026-08-02T22:25:09+00:00
ADS-008878,ACCT-000939,B0267,14.38,2026-08-02T22:25:09+00:00
ADS-008879,ACCT-000743,B0268,54.76,2026-08-02T23:27:18+00:00
ADS-008880,ACCT-000366,B0268,6.04,2026-08-02T23:27:18+00:00
ADS-008881,ACCT-000657,B0268,40.99,2026-08-02T23:27:18+00:00
ADS-008882,ACCT-000810,B0268,22.58,2026-08-02T23:27:18+00:00
ADS-008883,ACCT-000308,B0268,-38.34,2026-08-02T23:27:18+00:00
ADS-008884,ACCT-000856,B0268,29.1,2026-08-02T23:27:18+00:00
ADS-008885,ACCT-000754,B0268,0.0,2026-08-02T23:27:18+00:00
ADS-008886,ACCT-000383,B0268,6.25,2026-08-02T23:27:18+00:00
ADS-008887,ACCT-000936,B0268,0.0,2026-08-02T23:27:18+00:00
ADS-008888,ACCT-000471,B0268,-7.88,2026-08-02T23:27:18+00:00
ADS-008889,ACCT-000902,B0268,-58.47,2026-08-02T23:27:18+00:00
ADS-008890,ACCT-000628,B0268,3.28,2026-08-02T23:27:18+00:00
ADS-008891,ACCT-000168,B0268,25.41,2026-08-02T23:27:18+00:00
ADS-008892,ACCT-000024,B0268,0.0,2026-08-02T23:27:18+00:00
ADS-008893,ACCT-000341,B0268,-23.8,2026-08-02T23:27:18+00:00
ADS-008894,ACCT-000505,B0268,0.0,2026-08-02T23:27:18+00:00
ADS-008895,ACCT-000796,B0268,0.0,2026-08-02T23:27:18+00:00
ADS-008896,ACCT-000850,B0268,49.66,2026-08-02T23:27:18+00:00
ADS-008897,ACCT-000478,B0268,11.61,2026-08-02T23:27:18+00:00
ADS-008898,ACCT-000093,B0268,0.0,2026-08-02T23:27:18+00:00
ADS-008899,ACCT-000059,B0268,0.0,2026-08-02T23:27:18+00:00
ADS-008900,ACCT-000216,B0268,-38.21,2026-08-02T23:27:18+00:00
ADS-008901,ACCT-000374,B0268,-43.45,2026-08-02T23:27:18+00:00
ADS-008902,ACCT-000512,B0268,-21.58,2026-08-02T23:27:18+00:00
ADS-008903,ACCT-000876,B0268,0.0,2026-08-02T23:27:18+00:00
ADS-008904,ACCT-000141,B0268,13.91,2026-08-02T23:27:18+00:00
ADS-008905,ACCT-000613,B0268,0.0,2026-08-02T23:27:18+00:00
ADS-008906,ACCT-000940,B0268,0.0,2026-08-02T23:27:18+00:00
ADS-008907,ACCT-000941,B0268,37.21,2026-08-02T23:27:18+00:00
ADS-008908,ACCT-000942,B0268,-30.42,2026-08-02T23:27:18+00:00
ADS-008909,ACCT-000943,B0268,-63.67,2026-08-02T23:27:18+00:00
ADS-008910,ACCT-000394,B0269,-9.78,2026-08-03T01:05:38+00:00
ADS-008911,ACCT-000447,B0269,15.32,2026-08-03T01:05:38+00:00
ADS-008912,ACCT-000823,B0269,-5.75,2026-08-03T01:05:38+00:00
ADS-008913,ACCT-000449,B0269,-37.29,2026-08-03T01:05:38+00:00
ADS-008914,ACCT-000245,B0269,0.0,2026-08-03T01:05:38+00:00
ADS-008915,ACCT-000629,B0269,42.56,2026-08-03T01:05:38+00:00
ADS-008916,ACCT-000870,B0269,-30.3,2026-08-03T01:05:38+00:00
ADS-008917,ACCT-000004,B0269,0.0,2026-08-03T01:05:38+00:00
ADS-008918,ACCT-000189,B0269,58.97,2026-08-03T01:05:38+00:00
ADS-008919,ACCT-000593,B0269,8.47,2026-08-03T01:05:38+00:00
ADS-008920,ACCT-000538,B0269,-8.78,2026-08-03T01:05:38+00:00
ADS-008921,ACCT-000625,B0269,-28.29,2026-08-03T01:05:38+00:00
ADS-008922,ACCT-000786,B0269,-19.24,2026-08-03T01:05:38+00:00
ADS-008923,ACCT-000107,B0269,-0.89,2026-08-03T01:05:38+00:00
ADS-008924,ACCT-000399,B0269,-19.32,2026-08-03T01:05:38+00:00
ADS-008925,ACCT-000716,B0269,0.0,2026-08-03T01:05:38+00:00
ADS-008926,ACCT-000087,B0269,-33.15,2026-08-03T01:05:38+00:00
ADS-008927,ACCT-000306,B0269,12.7,2026-08-03T01:05:38+00:00
ADS-008928,ACCT-000114,B0269,-24.21,2026-08-03T01:05:38+00:00
ADS-008929,ACCT-000600,B0269,-6.58,2026-08-03T01:05:38+00:00
ADS-008930,ACCT-000925,B0269,28.03,2026-08-03T01:05:38+00:00
ADS-008931,ACCT-000200,B0269,35.72,2026-08-03T01:05:38+00:00
ADS-008932,ACCT-000751,B0269,9.38,2026-08-03T01:05:38+00:00
ADS-008933,ACCT-000382,B0269,0.0,2026-08-03T01:05:38+00:00
ADS-008934,ACCT-000631,B0269,25.2,2026-08-03T01:05:38+00:00
ADS-008935,ACCT-000576,B0269,-42.72,2026-08-03T01:05:38+00:00
ADS-008936,ACCT-000737,B0269,42.29,2026-08-03T01:05:38+00:00
ADS-008937,ACCT-000834,B0269,-13.85,2026-08-03T01:05:38+00:00
ADS-008938,ACCT-000008,B0269,-33.1,2026-08-03T01:05:38+00:00
ADS-008939,ACCT-000944,B0269,0.0,2026-08-03T01:05:38+00:00
ADS-008940,ACCT-000945,B0269,-45.23,2026-08-03T01:05:38+00:00
ADS-008941,ACCT-000739,B0270,-14.75,2026-08-03T04:58:23+00:00
ADS-008942,ACCT-000570,B0270,34.57,2026-08-03T04:58:23+00:00
ADS-008943,ACCT-000518,B0270,0.0,2026-08-03T04:58:23+00:00
ADS-008944,ACCT-000508,B0270,0.0,2026-08-03T04:58:23+00:00
ADS-008945,ACCT-000825,B0270,0.0,2026-08-03T04:58:23+00:00
ADS-008946,ACCT-000005,B0270,-58.37,2026-08-03T04:58:23+00:00
ADS-008947,ACCT-000177,B0270,0.0,2026-08-03T04:58:23+00:00
ADS-008948,ACCT-000842,B0270,32.69,2026-08-03T04:58:23+00:00
ADS-008949,ACCT-000631,B0270,-4.1,2026-08-03T04:58:23+00:00
ADS-008950,ACCT-000489,B0270,0.0,2026-08-03T04:58:23+00:00
ADS-008951,ACCT-000277,B0270,-19.04,2026-08-03T04:58:23+00:00
ADS-008952,ACCT-000806,B0270,0.0,2026-08-03T04:58:23+00:00
ADS-008953,ACCT-000547,B0270,72.05,2026-08-03T04:58:23+00:00
ADS-008954,ACCT-000409,B0270,-13.32,2026-08-03T04:58:23+00:00
ADS-008955,ACCT-000196,B0270,44.28,2026-08-03T04:58:23+00:00
ADS-008956,ACCT-000646,B0270,-31.2,2026-08-03T04:58:23+00:00
ADS-008957,ACCT-000583,B0270,-24.96,2026-08-03T04:58:23+00:00
ADS-008958,ACCT-000711,B0270,0.0,2026-08-03T04:58:23+00:00
ADS-008959,ACCT-000019,B0270,0.0,2026-08-03T04:58:23+00:00
ADS-008960,ACCT-000503,B0270,0.0,2026-08-03T04:58:23+00:00
ADS-008961,ACCT-000504,B0270,38.83,2026-08-03T04:58:23+00:00
ADS-008962,ACCT-000647,B0270,-38.52,2026-08-03T04:58:23+00:00
ADS-008963,ACCT-000410,B0270,0.0,2026-08-03T04:58:23+00:00
ADS-008964,ACCT-000246,B0270,34.76,2026-08-03T04:58:23+00:00
ADS-008965,ACCT-000220,B0270,-14.45,2026-08-03T04:58:23+00:00
ADS-008966,ACCT-000905,B0270,11.51,2026-08-03T04:58:23+00:00
ADS-008967,ACCT-000254,B0270,0.0,2026-08-03T04:58:23+00:00
ADS-008968,ACCT-000276,B0270,0.0,2026-08-03T04:58:23+00:00
ADS-008969,ACCT-000946,B0270,0.0,2026-08-03T04:58:23+00:00
ADS-008970,ACCT-000947,B0270,-20.99,2026-08-03T04:58:23+00:00
ADS-008971,ACCT-000948,B0270,10.67,2026-08-03T04:58:23+00:00
ADS-008972,ACCT-000277,B0271,40.72,2026-08-03T08:28:07+00:00
ADS-008973,ACCT-000381,B0271,-61.89,2026-08-03T08:28:07+00:00
ADS-008974,ACCT-000343,B0271,0.0,2026-08-03T08:28:07+00:00
ADS-008975,ACCT-000349,B0271,46.19,2026-08-03T08:28:07+00:00
ADS-008976,ACCT-000834,B0271,32.1,2026-08-03T08:28:07+00:00
ADS-008977,ACCT-000669,B0271,-49.56,2026-08-03T08:28:07+00:00
ADS-008978,ACCT-000424,B0271,69.88,2026-08-03T08:28:07+00:00
ADS-008979,ACCT-000378,B0271,0.0,2026-08-03T08:28:07+00:00
ADS-008980,ACCT-000284,B0271,0.0,2026-08-03T08:28:07+00:00
ADS-008981,ACCT-000825,B0271,26.64,2026-08-03T08:28:07+00:00
ADS-008982,ACCT-000364,B0271,11.78,2026-08-03T08:28:07+00:00
ADS-008983,ACCT-000319,B0271,4.64,2026-08-03T08:28:07+00:00
ADS-008984,ACCT-000062,B0271,0.0,2026-08-03T08:28:07+00:00
ADS-008985,ACCT-000201,B0271,-11.9,2026-08-03T08:28:07+00:00
ADS-008986,ACCT-000639,B0271,38.0,2026-08-03T08:28:07+00:00
ADS-008987,ACCT-000538,B0271,0.0,2026-08-03T08:28:07+00:00
ADS-008988,ACCT-000297,B0271,0.0,2026-08-03T08:28:07+00:00
ADS-008989,ACCT-000910,B0271,10.96,2026-08-03T08:28:07+00:00
ADS-008990,ACCT-000651,B0271,-45.34,2026-08-03T08:28:07+00:00
ADS-008991,ACCT-000093,B0271,11.15,2026-08-03T08:28:07+00:00
ADS-008992,ACCT-000095,B0271,-37.35,2026-08-03T08:28:07+00:00
ADS-008993,ACCT-000430,B0271,28.7,2026-08-03T08:28:07+00:00
ADS-008994,ACCT-000182,B0271,24.49,2026-08-03T08:28:07+00:00
ADS-008995,ACCT-000584,B0271,-46.43,2026-08-03T08:28:07+00:00
ADS-008996,ACCT-000147,B0271,-22.22,2026-08-03T08:28:07+00:00
ADS-008997,ACCT-000826,B0271,-41.77,2026-08-03T08:28:07+00:00
ADS-008998,ACCT-000320,B0271,-27.11,2026-08-03T08:28:07+00:00
ADS-008999,ACCT-000728,B0271,-19.62,2026-08-03T08:28:07+00:00
ADS-009000,ACCT-000747,B0271,0.0,2026-08-03T08:28:07+00:00
ADS-009001,ACCT-000907,B0271,-28.14,2026-08-03T08:28:07+00:00
ADS-009002,ACCT-000411,B0271,49.81,2026-08-03T08:28:07+00:00
ADS-009003,ACCT-000799,B0271,-15.56,2026-08-03T08:28:07+00:00
ADS-009004,ACCT-000014,B0271,25.59,2026-08-03T08:28:07+00:00
ADS-009005,ACCT-000949,B0271,12.28,2026-08-03T08:28:07+00:00
ADS-009006,ACCT-000950,B0271,43.38,2026-08-03T08:28:07+00:00
ADS-009007,ACCT-000951,B0271,0.0,2026-08-03T08:28:07+00:00
ADS-009008,ACCT-000680,B0272,-27.2,2026-08-03T11:56:36+00:00
ADS-009009,ACCT-000778,B0272,-66.04,2026-08-03T11:56:36+00:00
ADS-009010,ACCT-000098,B0272,-60.28,2026-08-03T11:56:36+00:00
ADS-009011,ACCT-000205,B0272,4.21,2026-08-03T11:56:36+00:00
ADS-009012,ACCT-000085,B0272,-29.36,2026-08-03T11:56:36+00:00
ADS-009013,ACCT-000615,B0272,-39.97,2026-08-03T11:56:36+00:00
ADS-009014,ACCT-000723,B0272,0.0,2026-08-03T11:56:36+00:00
ADS-009015,ACCT-000796,B0272,0.0,2026-08-03T11:56:36+00:00
ADS-009016,ACCT-000110,B0272,0.71,2026-08-03T11:56:36+00:00
ADS-009017,ACCT-000782,B0272,-14.19,2026-08-03T11:56:36+00:00
ADS-009018,ACCT-000731,B0272,0.0,2026-08-03T11:56:36+00:00
ADS-009019,ACCT-000313,B0272,0.0,2026-08-03T11:56:36+00:00
ADS-009020,ACCT-000231,B0272,8.88,2026-08-03T11:56:36+00:00
ADS-009021,ACCT-000661,B0272,0.0,2026-08-03T11:56:36+00:00
ADS-009022,ACCT-000103,B0272,-26.14,2026-08-03T11:56:36+00:00
ADS-009023,ACCT-000417,B0272,0.0,2026-08-03T11:56:36+00:00
ADS-009024,ACCT-000371,B0272,49.97,2026-08-03T11:56:36+00:00
ADS-009025,ACCT-000481,B0272,18.86,2026-08-03T11:56:36+00:00
ADS-009026,ACCT-000393,B0272,31.84,2026-08-03T11:56:36+00:00
ADS-009027,ACCT-000055,B0272,78.39,2026-08-03T11:56:36+00:00
ADS-009028,ACCT-000817,B0272,0.0,2026-08-03T11:56:36+00:00
ADS-009029,ACCT-000913,B0272,-24.35,2026-08-03T11:56:36+00:00
ADS-009030,ACCT-000257,B0272,-70.89,2026-08-03T11:56:36+00:00
ADS-009031,ACCT-000290,B0272,-47.44,2026-08-03T11:56:36+00:00
ADS-009032,ACCT-000105,B0272,11.86,2026-08-03T11:56:36+00:00
ADS-009033,ACCT-000952,B0272,0.0,2026-08-03T11:56:36+00:00
ADS-009034,ACCT-000953,B0272,0.0,2026-08-03T11:56:36+00:00
ADS-009035,ACCT-000954,B0272,18.34,2026-08-03T11:56:36+00:00
ADS-009036,ACCT-000827,B0273,22.26,2026-08-03T14:26:30+00:00
ADS-009037,ACCT-000662,B0273,0.0,2026-08-03T14:26:30+00:00
ADS-009038,ACCT-000480,B0273,-40.93,2026-08-03T14:26:30+00:00
ADS-009039,ACCT-000245,B0273,-30.53,2026-08-03T14:26:30+00:00
ADS-009040,ACCT-000865,B0273,13.73,2026-08-03T14:26:30+00:00
ADS-009041,ACCT-000230,B0273,-26.72,2026-08-03T14:26:30+00:00
ADS-009042,ACCT-000564,B0273,-7.32,2026-08-03T14:26:30+00:00
ADS-009043,ACCT-000659,B0273,-5.39,2026-08-03T14:26:30+00:00
ADS-009044,ACCT-000340,B0273,-39.93,2026-08-03T14:26:30+00:00
ADS-009045,ACCT-000433,B0273,55.98,2026-08-03T14:26:30+00:00
ADS-009046,ACCT-000921,B0273,0.0,2026-08-03T14:26:30+00:00
ADS-009047,ACCT-000642,B0273,-7.4,2026-08-03T14:26:30+00:00
ADS-009048,ACCT-000877,B0273,-34.94,2026-08-03T14:26:30+00:00
ADS-009049,ACCT-000671,B0273,77.94,2026-08-03T14:26:30+00:00
ADS-009050,ACCT-000779,B0273,0.0,2026-08-03T14:26:30+00:00
ADS-009051,ACCT-000262,B0273,0.0,2026-08-03T14:26:30+00:00
ADS-009052,ACCT-000016,B0273,0.0,2026-08-03T14:26:30+00:00
ADS-009053,ACCT-000401,B0273,56.62,2026-08-03T14:26:30+00:00
ADS-009054,ACCT-000624,B0273,-20.09,2026-08-03T14:26:30+00:00
ADS-009055,ACCT-000204,B0273,32.18,2026-08-03T14:26:30+00:00
ADS-009056,ACCT-000205,B0273,-8.72,2026-08-03T14:26:30+00:00
ADS-009057,ACCT-000705,B0273,-66.69,2026-08-03T14:26:30+00:00
ADS-009058,ACCT-000452,B0273,0.0,2026-08-03T14:26:30+00:00
ADS-009059,ACCT-000522,B0273,16.91,2026-08-03T14:26:30+00:00
ADS-009060,ACCT-000142,B0273,0.0,2026-08-03T14:26:30+00:00
ADS-009061,ACCT-000635,B0273,-1.26,2026-08-03T14:26:30+00:00
ADS-009062,ACCT-000118,B0273,24.94,2026-08-03T14:26:30+00:00
ADS-009063,ACCT-000783,B0273,-36.64,2026-08-03T14:26:30+00:00
ADS-009064,ACCT-000417,B0273,57.66,2026-08-03T14:26:30+00:00
ADS-009065,ACCT-000799,B0273,-49.78,2026-08-03T14:26:30+00:00
ADS-009066,ACCT-000502,B0273,45.52,2026-08-03T14:26:30+00:00
ADS-009067,ACCT-000955,B0273,-39.03,2026-08-03T14:26:30+00:00
ADS-009068,ACCT-000956,B0273,0.0,2026-08-03T14:26:30+00:00
ADS-009069,ACCT-000728,B0274,9.4,2026-08-03T16:55:59+00:00
ADS-009070,ACCT-000375,B0274,3.62,2026-08-03T16:55:59+00:00
ADS-009071,ACCT-000689,B0274,4.31,2026-08-03T16:55:59+00:00
ADS-009072,ACCT-000687,B0274,-0.42,2026-08-03T16:55:59+00:00
ADS-009073,ACCT-000362,B0274,47.02,2026-08-03T16:55:59+00:00
ADS-009074,ACCT-000732,B0274,-30.84,2026-08-03T16:55:59+00:00
ADS-009075,ACCT-000656,B0274,-40.23,2026-08-03T16:55:59+00:00
ADS-009076,ACCT-000478,B0274,31.59,2026-08-03T16:55:59+00:00
ADS-009077,ACCT-000879,B0274,4.68,2026-08-03T16:55:59+00:00
ADS-009078,ACCT-000626,B0274,-50.75,2026-08-03T16:55:59+00:00
ADS-009079,ACCT-000498,B0274,-44.49,2026-08-03T16:55:59+00:00
ADS-009080,ACCT-000058,B0274,-70.52,2026-08-03T16:55:59+00:00
ADS-009081,ACCT-000397,B0274,-67.76,2026-08-03T16:55:59+00:00
ADS-009082,ACCT-000241,B0274,-22.77,2026-08-03T16:55:59+00:00
ADS-009083,ACCT-000132,B0274,-42.1,2026-08-03T16:55:59+00:00
ADS-009084,ACCT-000285,B0274,-64.9,2026-08-03T16:55:59+00:00
ADS-009085,ACCT-000690,B0274,0.0,2026-08-03T16:55:59+00:00
ADS-009086,ACCT-000243,B0274,0.0,2026-08-03T16:55:59+00:00
ADS-009087,ACCT-000432,B0274,-69.38,2026-08-03T16:55:59+00:00
ADS-009088,ACCT-000707,B0274,-13.89,2026-08-03T16:55:59+00:00
ADS-009089,ACCT-000462,B0274,0.0,2026-08-03T16:55:59+00:00
ADS-009090,ACCT-000765,B0274,-30.24,2026-08-03T16:55:59+00:00
ADS-009091,ACCT-000908,B0274,0.0,2026-08-03T16:55:59+00:00
ADS-009092,ACCT-000715,B0274,0.0,2026-08-03T16:55:59+00:00
ADS-009093,ACCT-000196,B0274,0.0,2026-08-03T16:55:59+00:00
ADS-009094,ACCT-000813,B0274,40.36,2026-08-03T16:55:59+00:00
ADS-009095,ACCT-000403,B0274,31.05,2026-08-03T16:55:59+00:00
ADS-009096,ACCT-000510,B0274,0.0,2026-08-03T16:55:59+00:00
ADS-009097,ACCT-000297,B0274,-40.51,2026-08-03T16:55:59+00:00
ADS-009098,ACCT-000199,B0274,0.0,2026-08-03T16:55:59+00:00
ADS-009099,ACCT-000536,B0274,-20.31,2026-08-03T16:55:59+00:00
ADS-009100,ACCT-000258,B0274,-16.78,2026-08-03T16:55:59+00:00
ADS-009101,ACCT-000747,B0274,0.0,2026-08-03T16:55:59+00:00
ADS-009102,ACCT-000957,B0274,0.0,2026-08-03T16:55:59+00:00
ADS-009103,ACCT-000958,B0274,33.99,2026-08-03T16:55:59+00:00
ADS-009104,ACCT-000273,B0275,48.2,2026-08-03T18:44:49+00:00
ADS-009105,ACCT-000683,B0275,30.5,2026-08-03T18:44:49+00:00
ADS-009106,ACCT-000859,B0275,0.0,2026-08-03T18:44:49+00:00
ADS-009107,ACCT-000092,B0275,0.0,2026-08-03T18:44:49+00:00
ADS-009108,ACCT-000370,B0275,0.0,2026-08-03T18:44:49+00:00
ADS-009109,ACCT-000795,B0275,11.11,2026-08-03T18:44:49+00:00
ADS-009110,ACCT-000847,B0275,40.95,2026-08-03T18:44:49+00:00
ADS-009111,ACCT-000757,B0275,-3.43,2026-08-03T18:44:49+00:00
ADS-009112,ACCT-000533,B0275,-34.17,2026-08-03T18:44:49+00:00
ADS-009113,ACCT-000902,B0275,28.99,2026-08-03T18:44:49+00:00
ADS-009114,ACCT-000137,B0275,9.06,2026-08-03T18:44:49+00:00
ADS-009115,ACCT-000600,B0275,-42.24,2026-08-03T18:44:49+00:00
ADS-009116,ACCT-000561,B0275,19.44,2026-08-03T18:44:49+00:00
ADS-009117,ACCT-000906,B0275,0.0,2026-08-03T18:44:49+00:00
ADS-009118,ACCT-000599,B0275,32.53,2026-08-03T18:44:49+00:00
ADS-009119,ACCT-000345,B0275,86.8,2026-08-03T18:44:49+00:00
ADS-009120,ACCT-000317,B0275,0.0,2026-08-03T18:44:49+00:00
ADS-009121,ACCT-000499,B0275,0.0,2026-08-03T18:44:49+00:00
ADS-009122,ACCT-000870,B0275,-10.11,2026-08-03T18:44:49+00:00
ADS-009123,ACCT-000661,B0275,24.95,2026-08-03T18:44:49+00:00
ADS-009124,ACCT-000554,B0275,0.0,2026-08-03T18:44:49+00:00
ADS-009125,ACCT-000634,B0275,55.69,2026-08-03T18:44:49+00:00
ADS-009126,ACCT-000116,B0275,0.0,2026-08-03T18:44:49+00:00
ADS-009127,ACCT-000863,B0275,4.02,2026-08-03T18:44:49+00:00
ADS-009128,ACCT-000313,B0275,0.0,2026-08-03T18:44:49+00:00
ADS-009129,ACCT-000227,B0275,40.06,2026-08-03T18:44:49+00:00
ADS-009130,ACCT-000030,B0275,14.4,2026-08-03T18:44:49+00:00
ADS-009131,ACCT-000646,B0275,0.0,2026-08-03T18:44:49+00:00
ADS-009132,ACCT-000910,B0275,-20.35,2026-08-03T18:44:49+00:00
ADS-009133,ACCT-000235,B0275,-8.78,2026-08-03T18:44:49+00:00
ADS-009134,ACCT-000146,B0275,-31.04,2026-08-03T18:44:49+00:00
ADS-009135,ACCT-000195,B0275,30.91,2026-08-03T18:44:49+00:00
ADS-009136,ACCT-000959,B0275,0.0,2026-08-03T18:44:49+00:00
ADS-009137,ACCT-000960,B0275,-22.99,2026-08-03T18:44:49+00:00
ADS-009138,ACCT-000961,B0275,-47.92,2026-08-03T18:44:49+00:00
ADS-009139,ACCT-000376,B0276,0.0,2026-08-03T20:21:28+00:00
ADS-009140,ACCT-000587,B0276,0.0,2026-08-03T20:21:28+00:00
ADS-009141,ACCT-000844,B0276,37.98,2026-08-03T20:21:28+00:00
ADS-009142,ACCT-000954,B0276,17.12,2026-08-03T20:21:28+00:00
ADS-009143,ACCT-000308,B0276,0.0,2026-08-03T20:21:28+00:00
ADS-009144,ACCT-000663,B0276,0.0,2026-08-03T20:21:28+00:00
ADS-009145,ACCT-000537,B0276,0.0,2026-08-03T20:21:28+00:00
ADS-009146,ACCT-000783,B0276,0.0,2026-08-03T20:21:28+00:00
ADS-009147,ACCT-000679,B0276,0.0,2026-08-03T20:21:28+00:00
ADS-009148,ACCT-000620,B0276,0.0,2026-08-03T20:21:28+00:00
ADS-009149,ACCT-000109,B0276,40.34,2026-08-03T20:21:28+00:00
ADS-009150,ACCT-000354,B0276,-68.91,2026-08-03T20:21:28+00:00
ADS-009151,ACCT-000351,B0276,0.0,2026-08-03T20:21:28+00:00
ADS-009152,ACCT-000213,B0276,0.0,2026-08-03T20:21:28+00:00
ADS-009153,ACCT-000489,B0276,55.84,2026-08-03T20:21:28+00:00
ADS-009154,ACCT-000730,B0276,-33.37,2026-08-03T20:21:28+00:00
ADS-009155,ACCT-000014,B0276,0.0,2026-08-03T20:21:28+00:00
ADS-009156,ACCT-000183,B0276,0.0,2026-08-03T20:21:28+00:00
ADS-009157,ACCT-000915,B0276,0.0,2026-08-03T20:21:28+00:00
ADS-009158,ACCT-000420,B0276,24.49,2026-08-03T20:21:28+00:00
ADS-009159,ACCT-000009,B0276,45.86,2026-08-03T20:21:28+00:00
ADS-009160,ACCT-000878,B0276,0.0,2026-08-03T20:21:28+00:00
ADS-009161,ACCT-000439,B0276,-16.84,2026-08-03T20:21:28+00:00
ADS-009162,ACCT-000049,B0276,0.63,2026-08-03T20:21:28+00:00
ADS-009163,ACCT-000016,B0276,-67.55,2026-08-03T20:21:28+00:00
ADS-009164,ACCT-000711,B0276,8.3,2026-08-03T20:21:28+00:00
ADS-009165,ACCT-000392,B0276,17.88,2026-08-03T20:21:28+00:00
ADS-009166,ACCT-000715,B0276,41.96,2026-08-03T20:21:28+00:00
ADS-009167,ACCT-000962,B0276,14.56,2026-08-03T20:21:28+00:00
ADS-009168,ACCT-000963,B0276,29.46,2026-08-03T20:21:28+00:00
ADS-009169,ACCT-000964,B0276,0.0,2026-08-03T20:21:28+00:00
ADS-009170,ACCT-000965,B0276,7.17,2026-08-03T20:21:28+00:00
ADS-009171,ACCT-000147,B0277,-4.54,2026-08-03T21:37:16+00:00
ADS-009172,ACCT-000171,B0277,0.0,2026-08-03T21:37:16+00:00
ADS-009173,ACCT-000240,B0277,-48.88,2026-08-03T21:37:16+00:00
ADS-009174,ACCT-000177,B0277,55.19,2026-08-03T21:37:16+00:00
ADS-009175,ACCT-000111,B0277,0.08,2026-08-03T21:37:16+00:00
ADS-009176,ACCT-000893,B0277,-4.81,2026-08-03T21:37:16+00:00
ADS-009177,ACCT-000297,B0277,10.58,2026-08-03T21:37:16+00:00
ADS-009178,ACCT-000855,B0277,46.78,2026-08-03T21:37:16+00:00
ADS-009179,ACCT-000936,B0277,53.14,2026-08-03T21:37:16+00:00
ADS-009180,ACCT-000654,B0277,-23.15,2026-08-03T21:37:16+00:00
ADS-009181,ACCT-000176,B0277,6.12,2026-08-03T21:37:16+00:00
ADS-009182,ACCT-000458,B0277,21.59,2026-08-03T21:37:16+00:00
ADS-009183,ACCT-000678,B0277,-16.59,2026-08-03T21:37:16+00:00
ADS-009184,ACCT-000707,B0277,65.22,2026-08-03T21:37:16+00:00
ADS-009185,ACCT-000902,B0277,0.0,2026-08-03T21:37:16+00:00
ADS-009186,ACCT-000779,B0277,0.0,2026-08-03T21:37:16+00:00
ADS-009187,ACCT-000375,B0277,21.53,2026-08-03T21:37:16+00:00
ADS-009188,ACCT-000689,B0277,0.0,2026-08-03T21:37:16+00:00
ADS-009189,ACCT-000020,B0277,0.0,2026-08-03T21:37:16+00:00
ADS-009190,ACCT-000572,B0277,-41.84,2026-08-03T21:37:16+00:00
ADS-009191,ACCT-000841,B0277,-26.48,2026-08-03T21:37:16+00:00
ADS-009192,ACCT-000262,B0277,-13.52,2026-08-03T21:37:16+00:00
ADS-009193,ACCT-000695,B0277,0.0,2026-08-03T21:37:16+00:00
ADS-009194,ACCT-000391,B0277,-34.27,2026-08-03T21:37:16+00:00
ADS-009195,ACCT-000011,B0277,-4.13,2026-08-03T21:37:16+00:00
ADS-009196,ACCT-000519,B0277,-49.09,2026-08-03T21:37:16+00:00
ADS-009197,ACCT-000691,B0277,-42.38,2026-08-03T21:37:16+00:00
ADS-009198,ACCT-000953,B0277,0.0,2026-08-03T21:37:16+00:00
ADS-009199,ACCT-000456,B0277,-8.68,2026-08-03T21:37:16+00:00
ADS-009200,ACCT-000708,B0277,0.0,2026-08-03T21:37:16+00:00
ADS-009201,ACCT-000134,B0277,0.61,2026-08-03T21:37:16+00:00
ADS-009202,ACCT-000557,B0277,16.54,2026-08-03T21:37:16+00:00
ADS-009203,ACCT-000966,B0277,0.0,2026-08-03T21:37:16+00:00
ADS-009204,ACCT-000967,B0277,0.0,2026-08-03T21:37:16+00:00
ADS-009205,ACCT-000968,B0277,75.56,2026-08-03T21:37:16+00:00
ADS-009206,ACCT-000969,B0277,-26.63,2026-08-03T21:37:16+00:00
ADS-009207,ACCT-000746,B0278,0.0,2026-08-03T22:54:09+00:00
ADS-009208,ACCT-000785,B0278,0.0,2026-08-03T22:54:09+00:00
ADS-009209,ACCT-000158,B0278,-39.6,2026-08-03T22:54:09+00:00
ADS-009210,ACCT-000385,B0278,-7.88,2026-08-03T22:54:09+00:00
ADS-009211,ACCT-000880,B0278,26.7,2026-08-03T22:54:09+00:00
ADS-009212,ACCT-000732,B0278,29.16,2026-08-03T22:54:09+00:00
ADS-009213,ACCT-000010,B0278,47.86,2026-08-03T22:54:09+00:00
ADS-009214,ACCT-000466,B0278,25.16,2026-08-03T22:54:09+00:00
ADS-009215,ACCT-000796,B0278,42.21,2026-08-03T22:54:09+00:00
ADS-009216,ACCT-000961,B0278,-15.47,2026-08-03T22:54:09+00:00
ADS-009217,ACCT-000564,B0278,0.0,2026-08-03T22:54:09+00:00
ADS-009218,ACCT-000828,B0278,19.78,2026-08-03T22:54:09+00:00
ADS-009219,ACCT-000524,B0278,48.66,2026-08-03T22:54:09+00:00
ADS-009220,ACCT-000178,B0278,36.45,2026-08-03T22:54:09+00:00
ADS-009221,ACCT-000894,B0278,0.0,2026-08-03T22:54:09+00:00
ADS-009222,ACCT-000357,B0278,-16.26,2026-08-03T22:54:09+00:00
ADS-009223,ACCT-000653,B0278,-29.92,2026-08-03T22:54:09+00:00
ADS-009224,ACCT-000874,B0278,-13.35,2026-08-03T22:54:09+00:00
ADS-009225,ACCT-000923,B0278,44.44,2026-08-03T22:54:09+00:00
ADS-009226,ACCT-000400,B0278,0.0,2026-08-03T22:54:09+00:00
ADS-009227,ACCT-000175,B0278,10.67,2026-08-03T22:54:09+00:00
ADS-009228,ACCT-000678,B0278,23.18,2026-08-03T22:54:09+00:00
ADS-009229,ACCT-000704,B0278,0.0,2026-08-03T22:54:09+00:00
ADS-009230,ACCT-000517,B0278,-2.59,2026-08-03T22:54:09+00:00
ADS-009231,ACCT-000177,B0278,24.33,2026-08-03T22:54:09+00:00
ADS-009232,ACCT-000942,B0278,0.0,2026-08-03T22:54:09+00:00
ADS-009233,ACCT-000374,B0278,81.15,2026-08-03T22:54:09+00:00
ADS-009234,ACCT-000700,B0278,12.88,2026-08-03T22:54:09+00:00
ADS-009235,ACCT-000644,B0278,3.25,2026-08-03T22:54:09+00:00
ADS-009236,ACCT-000205,B0278,-13.32,2026-08-03T22:54:09+00:00
ADS-009237,ACCT-000970,B0278,-7.51,2026-08-03T22:54:09+00:00
ADS-009238,ACCT-000971,B0278,26.24,2026-08-03T22:54:09+00:00
ADS-009239,ACCT-000972,B0278,0.0,2026-08-03T22:54:09+00:00
ADS-009240,ACCT-000973,B0278,42.61,2026-08-03T22:54:09+00:00
ADS-009241,ACCT-000217,B0279,64.11,2026-08-04T00:01:44+00:00
ADS-009242,ACCT-000323,B0279,0.0,2026-08-04T00:01:44+00:00
ADS-009243,ACCT-000411,B0279,41.85,2026-08-04T00:01:44+00:00
ADS-009244,ACCT-000502,B0279,-56.01,2026-08-04T00:01:44+00:00
ADS-009245,ACCT-000542,B0279,77.76,2026-08-04T00:01:44+00:00
ADS-009246,ACCT-000252,B0279,53.62,2026-08-04T00:01:44+00:00
ADS-009247,ACCT-000909,B0279,0.0,2026-08-04T00:01:44+00:00
ADS-009248,ACCT-000248,B0279,30.68,2026-08-04T00:01:44+00:00
ADS-009249,ACCT-000690,B0279,49.84,2026-08-04T00:01:44+00:00
ADS-009250,ACCT-000450,B0279,41.53,2026-08-04T00:01:44+00:00
ADS-009251,ACCT-000896,B0279,0.0,2026-08-04T00:01:44+00:00
ADS-009252,ACCT-000906,B0279,-62.18,2026-08-04T00:01:44+00:00
ADS-009253,ACCT-000869,B0279,15.42,2026-08-04T00:01:44+00:00
ADS-009254,ACCT-000454,B0279,-4.5,2026-08-04T00:01:44+00:00
ADS-009255,ACCT-000848,B0279,-21.27,2026-08-04T00:01:44+00:00
ADS-009256,ACCT-000685,B0279,0.0,2026-08-04T00:01:44+00:00
ADS-009257,ACCT-000256,B0279,-43.49,2026-08-04T00:01:44+00:00
ADS-009258,ACCT-000549,B0279,-10.46,2026-08-04T00:01:44+00:00
ADS-009259,ACCT-000880,B0279,-26.31,2026-08-04T00:01:44+00:00
ADS-009260,ACCT-000834,B0279,45.31,2026-08-04T00:01:44+00:00
ADS-009261,ACCT-000767,B0279,-6.3,2026-08-04T00:01:44+00:00
ADS-009262,ACCT-000354,B0279,0.0,2026-08-04T00:01:44+00:00
ADS-009263,ACCT-000940,B0279,40.3,2026-08-04T00:01:44+00:00
ADS-009264,ACCT-000783,B0279,0.0,2026-08-04T00:01:44+00:00
ADS-009265,ACCT-000302,B0279,38.06,2026-08-04T00:01:44+00:00
ADS-009266,ACCT-000845,B0279,-53.56,2026-08-04T00:01:44+00:00
ADS-009267,ACCT-000136,B0279,-79.01,2026-08-04T00:01:44+00:00
ADS-009268,ACCT-000810,B0279,47.77,2026-08-04T00:01:44+00:00
ADS-009269,ACCT-000342,B0279,-49.28,2026-08-04T00:01:44+00:00
ADS-009270,ACCT-000046,B0279,6.71,2026-08-04T00:01:44+00:00
ADS-009271,ACCT-000067,B0279,-6.2,2026-08-04T00:01:44+00:00
ADS-009272,ACCT-000599,B0279,0.0,2026-08-04T00:01:44+00:00
ADS-009273,ACCT-000508,B0279,56.46,2026-08-04T00:01:44+00:00
ADS-009274,ACCT-000503,B0279,-1.6,2026-08-04T00:01:44+00:00
ADS-009275,ACCT-000974,B0279,45.46,2026-08-04T00:01:44+00:00
ADS-009276,ACCT-000975,B0279,-37.3,2026-08-04T00:01:44+00:00
ADS-009277,ACCT-000976,B0279,-23.0,2026-08-04T00:01:44+00:00
ADS-009278,ACCT-000700,B0280,-31.03,2026-08-04T03:46:20+00:00
ADS-009279,ACCT-000244,B0280,49.83,2026-08-04T03:46:20+00:00
ADS-009280,ACCT-000494,B0280,0.0,2026-08-04T03:46:20+00:00
ADS-009281,ACCT-000247,B0280,-71.26,2026-08-04T03:46:20+00:00
ADS-009282,ACCT-000638,B0280,0.0,2026-08-04T03:46:20+00:00
ADS-009283,ACCT-000196,B0280,0.0,2026-08-04T03:46:20+00:00
ADS-009284,ACCT-000208,B0280,-38.8,2026-08-04T03:46:20+00:00
ADS-009285,ACCT-000217,B0280,0.0,2026-08-04T03:46:20+00:00
ADS-009286,ACCT-000562,B0280,0.0,2026-08-04T03:46:20+00:00
ADS-009287,ACCT-000843,B0280,-33.99,2026-08-04T03:46:20+00:00
ADS-009288,ACCT-000546,B0280,-15.34,2026-08-04T03:46:20+00:00
ADS-009289,ACCT-000744,B0280,0.0,2026-08-04T03:46:20+00:00
ADS-009290,ACCT-000829,B0280,0.0,2026-08-04T03:46:20+00:00
ADS-009291,ACCT-000142,B0280,-36.18,2026-08-04T03:46:20+00:00
ADS-009292,ACCT-000623,B0280,12.03,2026-08-04T03:46:20+00:00
ADS-009293,ACCT-000480,B0280,-46.99,2026-08-04T03:46:20+00:00
ADS-009294,ACCT-000881,B0280,-14.86,2026-08-04T03:46:20+00:00
ADS-009295,ACCT-000602,B0280,-6.67,2026-08-04T03:46:20+00:00
ADS-009296,ACCT-000659,B0280,64.89,2026-08-04T03:46:20+00:00
ADS-009297,ACCT-000280,B0280,0.0,2026-08-04T03:46:20+00:00
ADS-009298,ACCT-000273,B0280,36.48,2026-08-04T03:46:20+00:00
ADS-009299,ACCT-000008,B0280,17.34,2026-08-04T03:46:20+00:00
ADS-009300,ACCT-000518,B0280,0.0,2026-08-04T03:46:20+00:00
ADS-009301,ACCT-000434,B0280,46.98,2026-08-04T03:46:20+00:00
ADS-009302,ACCT-000674,B0280,34.94,2026-08-04T03:46:20+00:00
ADS-009303,ACCT-000977,B0280,-21.57,2026-08-04T03:46:20+00:00
ADS-009304,ACCT-000978,B0280,0.0,2026-08-04T03:46:20+00:00
ADS-009305,ACCT-000222,B0281,48.76,2026-08-04T06:21:32+00:00
ADS-009306,ACCT-000248,B0281,0.0,2026-08-04T06:21:32+00:00
ADS-009307,ACCT-000684,B0281,-43.38,2026-08-04T06:21:32+00:00
ADS-009308,ACCT-000597,B0281,0.0,2026-08-04T06:21:32+00:00
ADS-009309,ACCT-000760,B0281,-5.84,2026-08-04T06:21:32+00:00
ADS-009310,ACCT-000019,B0281,-66.63,2026-08-04T06:21:32+00:00
ADS-009311,ACCT-000388,B0281,11.42,2026-08-04T06:21:32+00:00
ADS-009312,ACCT-000632,B0281,61.18,2026-08-04T06:21:32+00:00
ADS-009313,ACCT-000554,B0281,-0.7,2026-08-04T06:21:32+00:00
ADS-009314,ACCT-000877,B0281,0.39,2026-08-04T06:21:32+00:00
ADS-009315,ACCT-000058,B0281,35.99,2026-08-04T06:21:32+00:00
ADS-009316,ACCT-000042,B0281,-40.49,2026-08-04T06:21:32+00:00
ADS-009317,ACCT-000608,B0281,0.0,2026-08-04T06:21:32+00:00
ADS-009318,ACCT-000635,B0281,-32.97,2026-08-04T06:21:32+00:00
ADS-009319,ACCT-000785,B0281,48.98,2026-08-04T06:21:32+00:00
ADS-009320,ACCT-000860,B0281,-40.49,2026-08-04T06:21:32+00:00
ADS-009321,ACCT-000171,B0281,32.76,2026-08-04T06:21:32+00:00
ADS-009322,ACCT-000153,B0281,-8.24,2026-08-04T06:21:32+00:00
ADS-009323,ACCT-000481,B0281,0.0,2026-08-04T06:21:32+00:00
ADS-009324,ACCT-000088,B0281,-29.17,2026-08-04T06:21:32+00:00
ADS-009325,ACCT-000263,B0281,0.0,2026-08-04T06:21:32+00:00
ADS-009326,ACCT-000678,B0281,-35.28,2026-08-04T06:21:32+00:00
ADS-009327,ACCT-000483,B0281,-52.4,2026-08-04T06:21:32+00:00
ADS-009328,ACCT-000281,B0281,-38.68,2026-08-04T06:21:32+00:00
ADS-009329,ACCT-000787,B0281,-15.34,2026-08-04T06:21:32+00:00
ADS-009330,ACCT-000735,B0281,0.0,2026-08-04T06:21:32+00:00
ADS-009331,ACCT-000072,B0281,0.0,2026-08-04T06:21:32+00:00
ADS-009332,ACCT-000832,B0281,-42.19,2026-08-04T06:21:32+00:00
ADS-009333,ACCT-000515,B0281,-26.97,2026-08-04T06:21:32+00:00
ADS-009334,ACCT-000969,B0281,17.21,2026-08-04T06:21:32+00:00
ADS-009335,ACCT-000979,B0281,-35.85,2026-08-04T06:21:32+00:00
ADS-009336,ACCT-000980,B0281,-41.04,2026-08-04T06:21:32+00:00
ADS-009337,ACCT-000897,B0282,-43.13,2026-08-04T09:18:49+00:00
ADS-009338,ACCT-000954,B0282,37.1,2026-08-04T09:18:49+00:00
ADS-009339,ACCT-000949,B0282,-32.39,2026-08-04T09:18:49+00:00
ADS-009340,ACCT-000186,B0282,0.0,2026-08-04T09:18:49+00:00
ADS-009341,ACCT-000322,B0282,-20.93,2026-08-04T09:18:49+00:00
ADS-009342,ACCT-000368,B0282,0.0,2026-08-04T09:18:49+00:00
ADS-009343,ACCT-000261,B0282,-18.3,2026-08-04T09:18:49+00:00
ADS-009344,ACCT-000860,B0282,48.55,2026-08-04T09:18:49+00:00
ADS-009345,ACCT-000976,B0282,-16.5,2026-08-04T09:18:49+00:00
ADS-009346,ACCT-000865,B0282,0.0,2026-08-04T09:18:49+00:00
ADS-009347,ACCT-000248,B0282,64.31,2026-08-04T09:18:49+00:00
ADS-009348,ACCT-000969,B0282,61.59,2026-08-04T09:18:49+00:00
ADS-009349,ACCT-000388,B0282,20.55,2026-08-04T09:18:49+00:00
ADS-009350,ACCT-000535,B0282,40.22,2026-08-04T09:18:49+00:00
ADS-009351,ACCT-000611,B0282,-9.68,2026-08-04T09:18:49+00:00
ADS-009352,ACCT-000688,B0282,-36.66,2026-08-04T09:18:49+00:00
ADS-009353,ACCT-000180,B0282,12.03,2026-08-04T09:18:49+00:00
ADS-009354,ACCT-000081,B0282,0.0,2026-08-04T09:18:49+00:00
ADS-009355,ACCT-000785,B0282,0.0,2026-08-04T09:18:49+00:00
ADS-009356,ACCT-000521,B0282,38.19,2026-08-04T09:18:49+00:00
ADS-009357,ACCT-000880,B0282,44.58,2026-08-04T09:18:49+00:00
ADS-009358,ACCT-000763,B0282,0.0,2026-08-04T09:18:49+00:00
ADS-009359,ACCT-000209,B0282,-15.89,2026-08-04T09:18:49+00:00
ADS-009360,ACCT-000350,B0282,40.78,2026-08-04T09:18:49+00:00
ADS-009361,ACCT-000328,B0282,13.94,2026-08-04T09:18:49+00:00
ADS-009362,ACCT-000303,B0282,88.4,2026-08-04T09:18:49+00:00
ADS-009363,ACCT-000895,B0282,26.56,2026-08-04T09:18:49+00:00
ADS-009364,ACCT-000452,B0282,0.0,2026-08-04T09:18:49+00:00
ADS-009365,ACCT-000320,B0282,0.0,2026-08-04T09:18:49+00:00
ADS-009366,ACCT-000116,B0282,-27.25,2026-08-04T09:18:49+00:00
ADS-009367,ACCT-000142,B0282,79.26,2026-08-04T09:18:49+00:00
ADS-009368,ACCT-000823,B0282,0.0,2026-08-04T09:18:49+00:00
ADS-009369,ACCT-000981,B0282,-6.13,2026-08-04T09:18:49+00:00
ADS-009370,ACCT-000982,B0282,-45.26,2026-08-04T09:18:49+00:00
ADS-009371,ACCT-000983,B0282,0.0,2026-08-04T09:18:49+00:00
ADS-009372,ACCT-000984,B0282,-10.32,2026-08-04T09:18:49+00:00
ADS-009373,ACCT-000892,B0283,19.25,2026-08-04T11:37:41+00:00
ADS-009374,ACCT-000914,B0283,0.0,2026-08-04T11:37:41+00:00
ADS-009375,ACCT-000223,B0283,-6.76,2026-08-04T11:37:41+00:00
ADS-009376,ACCT-000736,B0283,37.19,2026-08-04T11:37:41+00:00
ADS-009377,ACCT-000366,B0283,16.55,2026-08-04T11:37:41+00:00
ADS-009378,ACCT-000932,B0283,38.17,2026-08-04T11:37:41+00:00
ADS-009379,ACCT-000805,B0283,0.0,2026-08-04T11:37:41+00:00
ADS-009380,ACCT-000845,B0283,0.0,2026-08-04T11:37:41+00:00
ADS-009381,ACCT-000778,B0283,-32.89,2026-08-04T11:37:41+00:00
ADS-009382,ACCT-000182,B0283,0.0,2026-08-04T11:37:41+00:00
ADS-009383,ACCT-000667,B0283,-43.3,2026-08-04T11:37:41+00:00
ADS-009384,ACCT-000771,B0283,0.0,2026-08-04T11:37:41+00:00
ADS-009385,ACCT-000874,B0283,45.86,2026-08-04T11:37:41+00:00
ADS-009386,ACCT-000670,B0283,-1.59,2026-08-04T11:37:41+00:00
ADS-009387,ACCT-000737,B0283,7.01,2026-08-04T11:37:41+00:00
ADS-009388,ACCT-000943,B0283,2.92,2026-08-04T11:37:41+00:00
ADS-009389,ACCT-000001,B0283,-16.3,2026-08-04T11:37:41+00:00
ADS-009390,ACCT-000570,B0283,25.47,2026-08-04T11:37:41+00:00
ADS-009391,ACCT-000125,B0283,0.0,2026-08-04T11:37:41+00:00
ADS-009392,ACCT-000498,B0283,0.0,2026-08-04T11:37:41+00:00
ADS-009393,ACCT-000226,B0283,0.0,2026-08-04T11:37:41+00:00
ADS-009394,ACCT-000754,B0283,-14.56,2026-08-04T11:37:41+00:00
ADS-009395,ACCT-000002,B0283,0.0,2026-08-04T11:37:41+00:00
ADS-009396,ACCT-000413,B0283,38.29,2026-08-04T11:37:41+00:00
ADS-009397,ACCT-000657,B0283,43.61,2026-08-04T11:37:41+00:00
ADS-009398,ACCT-000045,B0283,-50.56,2026-08-04T11:37:41+00:00
ADS-009399,ACCT-000985,B0283,21.06,2026-08-04T11:37:41+00:00
ADS-009400,ACCT-000986,B0283,0.0,2026-08-04T11:37:41+00:00
ADS-009401,ACCT-000526,B0284,0.0,2026-08-04T13:51:28+00:00
ADS-009402,ACCT-000338,B0284,16.98,2026-08-04T13:51:28+00:00
ADS-009403,ACCT-000304,B0284,71.36,2026-08-04T13:51:28+00:00
ADS-009404,ACCT-000779,B0284,0.0,2026-08-04T13:51:28+00:00
ADS-009405,ACCT-000564,B0284,0.0,2026-08-04T13:51:28+00:00
ADS-009406,ACCT-000786,B0284,39.11,2026-08-04T13:51:28+00:00
ADS-009407,ACCT-000753,B0284,-47.61,2026-08-04T13:51:28+00:00
ADS-009408,ACCT-000440,B0284,49.61,2026-08-04T13:51:28+00:00
ADS-009409,ACCT-000132,B0284,-75.83,2026-08-04T13:51:28+00:00
ADS-009410,ACCT-000555,B0284,14.57,2026-08-04T13:51:28+00:00
ADS-009411,ACCT-000969,B0284,35.15,2026-08-04T13:51:28+00:00
ADS-009412,ACCT-000672,B0284,15.56,2026-08-04T13:51:28+00:00
ADS-009413,ACCT-000119,B0284,0.0,2026-08-04T13:51:28+00:00
ADS-009414,ACCT-000254,B0284,4.11,2026-08-04T13:51:28+00:00
ADS-009415,ACCT-000169,B0284,37.38,2026-08-04T13:51:28+00:00
ADS-009416,ACCT-000723,B0284,-42.53,2026-08-04T13:51:28+00:00
ADS-009417,ACCT-000111,B0284,-17.58,2026-08-04T13:51:28+00:00
ADS-009418,ACCT-000115,B0284,11.0,2026-08-04T13:51:28+00:00
ADS-009419,ACCT-000588,B0284,21.62,2026-08-04T13:51:28+00:00
ADS-009420,ACCT-000318,B0284,-41.19,2026-08-04T13:51:28+00:00
ADS-009421,ACCT-000238,B0284,-61.94,2026-08-04T13:51:28+00:00
ADS-009422,ACCT-000376,B0284,-4.23,2026-08-04T13:51:28+00:00
ADS-009423,ACCT-000297,B0284,0.0,2026-08-04T13:51:28+00:00
ADS-009424,ACCT-000804,B0284,0.0,2026-08-04T13:51:28+00:00
ADS-009425,ACCT-000323,B0284,21.12,2026-08-04T13:51:28+00:00
ADS-009426,ACCT-000306,B0284,46.36,2026-08-04T13:51:28+00:00
ADS-009427,ACCT-000557,B0284,40.9,2026-08-04T13:51:28+00:00
ADS-009428,ACCT-000373,B0284,0.0,2026-08-04T13:51:28+00:00
ADS-009429,ACCT-000029,B0284,-29.63,2026-08-04T13:51:28+00:00
ADS-009430,ACCT-000008,B0284,25.48,2026-08-04T13:51:28+00:00
ADS-009431,ACCT-000038,B0284,21.47,2026-08-04T13:51:28+00:00
ADS-009432,ACCT-000477,B0284,7.81,2026-08-04T13:51:28+00:00
ADS-009433,ACCT-000973,B0284,0.0,2026-08-04T13:51:28+00:00
ADS-009434,ACCT-000182,B0284,21.33,2026-08-04T13:51:28+00:00
ADS-009435,ACCT-000047,B0284,29.17,2026-08-04T13:51:28+00:00
ADS-009436,ACCT-000987,B0284,12.81,2026-08-04T13:51:28+00:00
ADS-009437,ACCT-000988,B0284,-55.87,2026-08-04T13:51:28+00:00
ADS-009438,ACCT-000989,B0284,26.92,2026-08-04T13:51:28+00:00
ADS-009439,ACCT-000990,B0284,38.66,2026-08-04T13:51:28+00:00
ADS-009440,ACCT-000168,B0285,3.33,2026-08-04T16:08:45+00:00
ADS-009441,ACCT-000608,B0285,58.07,2026-08-04T16:08:45+00:00
ADS-009442,ACCT-000562,B0285,33.67,2026-08-04T16:08:45+00:00
ADS-009443,ACCT-000227,B0285,9.78,2026-08-04T16:08:45+00:00
ADS-009444,ACCT-000736,B0285,47.98,2026-08-04T16:08:45+00:00
ADS-009445,ACCT-000499,B0285,22.67,2026-08-04T16:08:45+00:00
ADS-009446,ACCT-000033,B0285,0.0,2026-08-04T16:08:45+00:00
ADS-009447,ACCT-000035,B0285,0.0,2026-08-04T16:08:45+00:00
ADS-009448,ACCT-000745,B0285,-49.06,2026-08-04T16:08:45+00:00
ADS-009449,ACCT-000332,B0285,81.9,2026-08-04T16:08:45+00:00
ADS-009450,ACCT-000670,B0285,16.39,2026-08-04T16:08:45+00:00
ADS-009451,ACCT-000720,B0285,0.0,2026-08-04T16:08:45+00:00
ADS-009452,ACCT-000937,B0285,-30.06,2026-08-04T16:08:45+00:00
ADS-009453,ACCT-000543,B0285,27.39,2026-08-04T16:08:45+00:00
ADS-009454,ACCT-000490,B0285,-39.03,2026-08-04T16:08:45+00:00
ADS-009455,ACCT-000568,B0285,0.0,2026-08-04T16:08:45+00:00
ADS-009456,ACCT-000129,B0285,-25.81,2026-08-04T16:08:45+00:00
ADS-009457,ACCT-000988,B0285,18.27,2026-08-04T16:08:45+00:00
ADS-009458,ACCT-000739,B0285,19.39,2026-08-04T16:08:45+00:00
ADS-009459,ACCT-000631,B0285,0.0,2026-08-04T16:08:45+00:00
ADS-009460,ACCT-000525,B0285,-26.23,2026-08-04T16:08:45+00:00
ADS-009461,ACCT-000325,B0285,0.0,2026-08-04T16:08:45+00:00
ADS-009462,ACCT-000658,B0285,15.15,2026-08-04T16:08:45+00:00
ADS-009463,ACCT-000655,B0285,40.74,2026-08-04T16:08:45+00:00
ADS-009464,ACCT-000823,B0285,12.46,2026-08-04T16:08:45+00:00
ADS-009465,ACCT-000991,B0285,12.11,2026-08-04T16:08:45+00:00
ADS-009466,ACCT-000992,B0285,0.0,2026-08-04T16:08:45+00:00
ADS-009467,ACCT-000993,B0285,-47.31,2026-08-04T16:08:45+00:00
ADS-009468,ACCT-000522,B0286,0.0,2026-08-04T18:10:21+00:00
ADS-009469,ACCT-000388,B0286,-6.35,2026-08-04T18:10:21+00:00
ADS-009470,ACCT-000044,B0286,42.09,2026-08-04T18:10:21+00:00
ADS-009471,ACCT-000862,B0286,0.0,2026-08-04T18:10:21+00:00
ADS-009472,ACCT-000929,B0286,-29.53,2026-08-04T18:10:21+00:00
ADS-009473,ACCT-000017,B0286,57.04,2026-08-04T18:10:21+00:00
ADS-009474,ACCT-000967,B0286,50.3,2026-08-04T18:10:21+00:00
ADS-009475,ACCT-000632,B0286,10.42,2026-08-04T18:10:21+00:00
ADS-009476,ACCT-000490,B0286,20.25,2026-08-04T18:10:21+00:00
ADS-009477,ACCT-000758,B0286,-67.41,2026-08-04T18:10:21+00:00
ADS-009478,ACCT-000940,B0286,7.96,2026-08-04T18:10:21+00:00
ADS-009479,ACCT-000380,B0286,0.0,2026-08-04T18:10:21+00:00
ADS-009480,ACCT-000310,B0286,40.54,2026-08-04T18:10:21+00:00
ADS-009481,ACCT-000263,B0286,-29.11,2026-08-04T18:10:21+00:00
ADS-009482,ACCT-000419,B0286,-72.08,2026-08-04T18:10:21+00:00
ADS-009483,ACCT-000766,B0286,-24.3,2026-08-04T18:10:21+00:00
ADS-009484,ACCT-000039,B0286,-81.36,2026-08-04T18:10:21+00:00
ADS-009485,ACCT-000718,B0286,0.0,2026-08-04T18:10:21+00:00
ADS-009486,ACCT-000214,B0286,-47.31,2026-08-04T18:10:21+00:00
ADS-009487,ACCT-000026,B0286,-3.73,2026-08-04T18:10:21+00:00
ADS-009488,ACCT-000912,B0286,12.38,2026-08-04T18:10:21+00:00
ADS-009489,ACCT-000815,B0286,-23.08,2026-08-04T18:10:21+00:00
ADS-009490,ACCT-000236,B0286,56.06,2026-08-04T18:10:21+00:00
ADS-009491,ACCT-000441,B0286,-14.23,2026-08-04T18:10:21+00:00
ADS-009492,ACCT-000468,B0286,17.25,2026-08-04T18:10:21+00:00
ADS-009493,ACCT-000954,B0286,7.5,2026-08-04T18:10:21+00:00
ADS-009494,ACCT-000438,B0286,63.54,2026-08-04T18:10:21+00:00
ADS-009495,ACCT-000486,B0286,31.15,2026-08-04T18:10:21+00:00
ADS-009496,ACCT-000783,B0286,0.0,2026-08-04T18:10:21+00:00
ADS-009497,ACCT-000614,B0286,-8.9,2026-08-04T18:10:21+00:00
ADS-009498,ACCT-000242,B0286,-69.81,2026-08-04T18:10:21+00:00
ADS-009499,ACCT-000994,B0286,0.0,2026-08-04T18:10:21+00:00
ADS-009500,ACCT-000995,B0286,31.49,2026-08-04T18:10:21+00:00
ADS-009501,ACCT-000675,B0287,-22.0,2026-08-04T20:07:51+00:00
ADS-009502,ACCT-000232,B0287,-54.1,2026-08-04T20:07:51+00:00
ADS-009503,ACCT-000083,B0287,-20.17,2026-08-04T20:07:51+00:00
ADS-009504,ACCT-000044,B0287,-23.61,2026-08-04T20:07:51+00:00
ADS-009505,ACCT-000002,B0287,0.0,2026-08-04T20:07:51+00:00
ADS-009506,ACCT-000890,B0287,36.35,2026-08-04T20:07:51+00:00
ADS-009507,ACCT-000570,B0287,19.76,2026-08-04T20:07:51+00:00
ADS-009508,ACCT-000526,B0287,-3.39,2026-08-04T20:07:51+00:00
ADS-009509,ACCT-000608,B0287,-41.39,2026-08-04T20:07:51+00:00
ADS-009510,ACCT-000301,B0287,37.35,2026-08-04T20:07:51+00:00
ADS-009511,ACCT-000229,B0287,-14.76,2026-08-04T20:07:51+00:00
ADS-009512,ACCT-000625,B0287,31.56,2026-08-04T20:07:51+00:00
ADS-009513,ACCT-000486,B0287,0.0,2026-08-04T20:07:51+00:00
ADS-009514,ACCT-000367,B0287,0.0,2026-08-04T20:07:51+00:00
ADS-009515,ACCT-000773,B0287,44.77,2026-08-04T20:07:51+00:00
ADS-009516,ACCT-000733,B0287,-32.69,2026-08-04T20:07:51+00:00
ADS-009517,ACCT-000568,B0287,-39.65,2026-08-04T20:07:51+00:00
ADS-009518,ACCT-000153,B0287,8.05,2026-08-04T20:07:51+00:00
ADS-009519,ACCT-000920,B0287,16.98,2026-08-04T20:07:51+00:00
ADS-009520,ACCT-000846,B0287,-30.78,2026-08-04T20:07:51+00:00
ADS-009521,ACCT-000643,B0287,-46.47,2026-08-04T20:07:51+00:00
ADS-009522,ACCT-000887,B0287,5.94,2026-08-04T20:07:51+00:00
ADS-009523,ACCT-000284,B0287,-34.93,2026-08-04T20:07:51+00:00
ADS-009524,ACCT-000390,B0287,44.51,2026-08-04T20:07:51+00:00
ADS-009525,ACCT-000818,B0287,0.0,2026-08-04T20:07:51+00:00
ADS-009526,ACCT-000216,B0287,0.0,2026-08-04T20:07:51+00:00
ADS-009527,ACCT-000629,B0287,-4.51,2026-08-04T20:07:51+00:00
ADS-009528,ACCT-000125,B0287,14.49,2026-08-04T20:07:51+00:00
ADS-009529,ACCT-000784,B0287,46.24,2026-08-04T20:07:51+00:00
ADS-009530,ACCT-000287,B0287,53.61,2026-08-04T20:07:51+00:00
ADS-009531,ACCT-000447,B0287,40.17,2026-08-04T20:07:51+00:00
ADS-009532,ACCT-000326,B0287,-16.45,2026-08-04T20:07:51+00:00
ADS-009533,ACCT-000996,B0287,-5.71,2026-08-04T20:07:51+00:00
ADS-009534,ACCT-000997,B0287,-2.16,2026-08-04T20:07:51+00:00
ADS-009535,ACCT-000809,B0288,36.94,2026-08-04T21:46:14+00:00
ADS-009536,ACCT-000362,B0288,-4.22,2026-08-04T21:46:14+00:00
ADS-009537,ACCT-000710,B0288,-43.02,2026-08-04T21:46:14+00:00
ADS-009538,ACCT-000765,B0288,-13.35,2026-08-04T21:46:14+00:00
ADS-009539,ACCT-000500,B0288,24.59,2026-08-04T21:46:14+00:00
ADS-009540,ACCT-000487,B0288,-7.88,2026-08-04T21:46:14+00:00
ADS-009541,ACCT-000508,B0288,9.99,2026-08-04T21:46:14+00:00
ADS-009542,ACCT-000864,B0288,0.0,2026-08-04T21:46:14+00:00
ADS-009543,ACCT-000070,B0288,20.27,2026-08-04T21:46:14+00:00
ADS-009544,ACCT-000619,B0288,29.66,2026-08-04T21:46:14+00:00
ADS-009545,ACCT-000610,B0288,31.63,2026-08-04T21:46:14+00:00
ADS-009546,ACCT-000314,B0288,-7.17,2026-08-04T21:46:14+00:00
ADS-009547,ACCT-000513,B0288,-17.09,2026-08-04T21:46:14+00:00
ADS-009548,ACCT-000565,B0288,4.81,2026-08-04T21:46:14+00:00
ADS-009549,ACCT-000180,B0288,0.0,2026-08-04T21:46:14+00:00
ADS-009550,ACCT-000367,B0288,39.03,2026-08-04T21:46:14+00:00
ADS-009551,ACCT-000398,B0288,17.42,2026-08-04T21:46:14+00:00
ADS-009552,ACCT-000992,B0288,-89.81,2026-08-04T21:46:14+00:00
ADS-009553,ACCT-000344,B0288,-58.51,2026-08-04T21:46:14+00:00
ADS-009554,ACCT-000045,B0288,39.53,2026-08-04T21:46:14+00:00
ADS-009555,ACCT-000144,B0288,0.0,2026-08-04T21:46:14+00:00
ADS-009556,ACCT-000258,B0288,0.0,2026-08-04T21:46:14+00:00
ADS-009557,ACCT-000506,B0288,0.0,2026-08-04T21:46:14+00:00
ADS-009558,ACCT-000205,B0288,-38.97,2026-08-04T21:46:14+00:00
ADS-009559,ACCT-000574,B0288,10.98,2026-08-04T21:46:14+00:00
ADS-009560,ACCT-000445,B0288,0.0,2026-08-04T21:46:14+00:00
ADS-009561,ACCT-000548,B0288,0.0,2026-08-04T21:46:14+00:00
ADS-009562,ACCT-000126,B0288,-2.81,2026-08-04T21:46:14+00:00
ADS-009563,ACCT-000343,B0288,-31.32,2026-08-04T21:46:14+00:00
ADS-009564,ACCT-000241,B0288,-83.78,2026-08-04T21:46:14+00:00
ADS-009565,ACCT-000189,B0288,44.08,2026-08-04T21:46:14+00:00
ADS-009566,ACCT-000965,B0288,-3.71,2026-08-04T21:46:14+00:00
ADS-009567,ACCT-000194,B0288,14.29,2026-08-04T21:46:14+00:00
ADS-009568,ACCT-000304,B0288,0.0,2026-08-04T21:46:14+00:00
ADS-009569,ACCT-000998,B0288,79.36,2026-08-04T21:46:14+00:00
ADS-009570,ACCT-000999,B0288,-4.74,2026-08-04T21:46:14+00:00
ADS-009571,ACCT-001000,B0288,0.0,2026-08-04T21:46:14+00:00
ADS-009572,ACCT-000331,B0289,0.0,2026-08-04T22:54:33+00:00
ADS-009573,ACCT-000387,B0289,-2.43,2026-08-04T22:54:33+00:00
ADS-009574,ACCT-000875,B0289,22.73,2026-08-04T22:54:33+00:00
ADS-009575,ACCT-000035,B0289,23.14,2026-08-04T22:54:33+00:00
ADS-009576,ACCT-000094,B0289,-1.92,2026-08-04T22:54:33+00:00
ADS-009577,ACCT-000206,B0289,0.0,2026-08-04T22:54:33+00:00
ADS-009578,ACCT-000040,B0289,0.0,2026-08-04T22:54:33+00:00
ADS-009579,ACCT-000382,B0289,0.0,2026-08-04T22:54:33+00:00
ADS-009580,ACCT-000204,B0289,-95.29,2026-08-04T22:54:33+00:00
ADS-009581,ACCT-000241,B0289,0.0,2026-08-04T22:54:33+00:00
ADS-009582,ACCT-000580,B0289,0.0,2026-08-04T22:54:33+00:00
ADS-009583,ACCT-000757,B0289,0.0,2026-08-04T22:54:33+00:00
ADS-009584,ACCT-000712,B0289,-38.42,2026-08-04T22:54:33+00:00
ADS-009585,ACCT-000834,B0289,0.0,2026-08-04T22:54:33+00:00
ADS-009586,ACCT-000557,B0289,0.0,2026-08-04T22:54:33+00:00
ADS-009587,ACCT-000114,B0289,48.05,2026-08-04T22:54:33+00:00
ADS-009588,ACCT-000554,B0289,5.4,2026-08-04T22:54:33+00:00
ADS-009589,ACCT-000776,B0289,83.77,2026-08-04T22:54:33+00:00
ADS-009590,ACCT-000877,B0289,24.24,2026-08-04T22:54:33+00:00
ADS-009591,ACCT-000243,B0289,-23.67,2026-08-04T22:54:33+00:00
ADS-009592,ACCT-000042,B0289,0.0,2026-08-04T22:54:33+00:00
ADS-009593,ACCT-000634,B0289,-38.92,2026-08-04T22:54:33+00:00
ADS-009594,ACCT-000753,B0289,0.0,2026-08-04T22:54:33+00:00
ADS-009595,ACCT-000553,B0289,37.72,2026-08-04T22:54:33+00:00
ADS-009596,ACCT-000556,B0289,-26.1,2026-08-04T22:54:33+00:00
ADS-009597,ACCT-000998,B0289,-16.07,2026-08-04T22:54:33+00:00
ADS-009598,ACCT-000145,B0289,-67.16,2026-08-04T22:54:33+00:00
ADS-009599,ACCT-000132,B0289,0.0,2026-08-04T22:54:33+00:00
ADS-009600,ACCT-000765,B0289,0.0,2026-08-04T22:54:33+00:00
ADS-009601,ACCT-000358,B0289,-25.56,2026-08-04T22:54:33+00:00
ADS-009602,ACCT-000138,B0289,0.0,2026-08-04T22:54:33+00:00
ADS-009603,ACCT-001001,B0289,18.89,2026-08-04T22:54:33+00:00
ADS-009604,ACCT-001002,B0289,-12.34,2026-08-04T22:54:33+00:00
ADS-009605,ACCT-001003,B0289,6.24,2026-08-04T22:54:33+00:00
ADS-009606,ACCT-000939,B0290,31.94,2026-08-04T23:56:56+00:00
ADS-009607,ACCT-000503,B0290,14.01,2026-08-04T23:56:56+00:00
ADS-009608,ACCT-000624,B0290,0.0,2026-08-04T23:56:56+00:00
ADS-009609,ACCT-000707,B0290,-15.64,2026-08-04T23:56:56+00:00
ADS-009610,ACCT-000102,B0290,-6.16,2026-08-04T23:56:56+00:00
ADS-009611,ACCT-000703,B0290,-23.85,2026-08-04T23:56:56+00:00
ADS-009612,ACCT-000900,B0290,20.16,2026-08-04T23:56:56+00:00
ADS-009613,ACCT-000983,B0290,-10.73,2026-08-04T23:56:56+00:00
ADS-009614,ACCT-000618,B0290,-38.35,2026-08-04T23:56:56+00:00
ADS-009615,ACCT-000484,B0290,43.17,2026-08-04T23:56:56+00:00
ADS-009616,ACCT-000381,B0290,18.4,2026-08-04T23:56:56+00:00
ADS-009617,ACCT-000424,B0290,-45.96,2026-08-04T23:56:56+00:00
ADS-009618,ACCT-000379,B0290,19.26,2026-08-04T23:56:56+00:00
ADS-009619,ACCT-000676,B0290,0.0,2026-08-04T23:56:56+00:00
ADS-009620,ACCT-000675,B0290,-2.93,2026-08-04T23:56:56+00:00
ADS-009621,ACCT-000117,B0290,8.92,2026-08-04T23:56:56+00:00
ADS-009622,ACCT-000053,B0290,14.74,2026-08-04T23:56:56+00:00
ADS-009623,ACCT-000183,B0290,0.0,2026-08-04T23:56:56+00:00
ADS-009624,ACCT-000429,B0290,29.04,2026-08-04T23:56:56+00:00
ADS-009625,ACCT-000222,B0290,0.0,2026-08-04T23:56:56+00:00
ADS-009626,ACCT-000810,B0290,0.0,2026-08-04T23:56:56+00:00
ADS-009627,ACCT-000860,B0290,0.0,2026-08-04T23:56:56+00:00
ADS-009628,ACCT-000156,B0290,-44.94,2026-08-04T23:56:56+00:00
ADS-009629,ACCT-000178,B0290,47.72,2026-08-04T23:56:56+00:00
ADS-009630,ACCT-000035,B0290,0.0,2026-08-04T23:56:56+00:00
ADS-009631,ACCT-000839,B0290,-59.19,2026-08-04T23:56:56+00:00
ADS-009632,ACCT-000669,B0290,2.16,2026-08-04T23:56:56+00:00
ADS-009633,ACCT-000199,B0290,-0.24,2026-08-04T23:56:56+00:00
ADS-009634,ACCT-000127,B0290,24.31,2026-08-04T23:56:56+00:00
ADS-009635,ACCT-000399,B0290,-21.71,2026-08-04T23:56:56+00:00
ADS-009636,ACCT-001004,B0290,13.16,2026-08-04T23:56:56+00:00
ADS-009637,ACCT-001005,B0290,53.87,2026-08-04T23:56:56+00:00
ADS-009638,ACCT-000397,B0291,38.16,2026-08-05T02:03:44+00:00
ADS-009639,ACCT-000775,B0291,-26.15,2026-08-05T02:03:44+00:00
ADS-009640,ACCT-000878,B0291,-43.15,2026-08-05T02:03:44+00:00
ADS-009641,ACCT-000307,B0291,-43.02,2026-08-05T02:03:44+00:00
ADS-009642,ACCT-000895,B0291,-41.08,2026-08-05T02:03:44+00:00
ADS-009643,ACCT-000810,B0291,24.9,2026-08-05T02:03:44+00:00
ADS-009644,ACCT-000606,B0291,77.17,2026-08-05T02:03:44+00:00
ADS-009645,ACCT-000460,B0291,-59.83,2026-08-05T02:03:44+00:00
ADS-009646,ACCT-000422,B0291,65.92,2026-08-05T02:03:44+00:00
ADS-009647,ACCT-000064,B0291,0.0,2026-08-05T02:03:44+00:00
ADS-009648,ACCT-000565,B0291,14.19,2026-08-05T02:03:44+00:00
ADS-009649,ACCT-000909,B0291,-11.93,2026-08-05T02:03:44+00:00
ADS-009650,ACCT-000477,B0291,0.0,2026-08-05T02:03:44+00:00
ADS-009651,ACCT-000352,B0291,0.0,2026-08-05T02:03:44+00:00
ADS-009652,ACCT-000654,B0291,1.95,2026-08-05T02:03:44+00:00
ADS-009653,ACCT-000186,B0291,0.0,2026-08-05T02:03:44+00:00
ADS-009654,ACCT-000965,B0291,0.0,2026-08-05T02:03:44+00:00
ADS-009655,ACCT-000133,B0291,-16.27,2026-08-05T02:03:44+00:00
ADS-009656,ACCT-000816,B0291,0.0,2026-08-05T02:03:44+00:00
ADS-009657,ACCT-000845,B0291,-13.06,2026-08-05T02:03:44+00:00
ADS-009658,ACCT-000321,B0291,0.81,2026-08-05T02:03:44+00:00
ADS-009659,ACCT-000125,B0291,-19.42,2026-08-05T02:03:44+00:00
ADS-009660,ACCT-000819,B0291,-34.72,2026-08-05T02:03:44+00:00
ADS-009661,ACCT-000421,B0291,-37.15,2026-08-05T02:03:44+00:00
ADS-009662,ACCT-000483,B0291,-23.69,2026-08-05T02:03:44+00:00
ADS-009663,ACCT-000480,B0291,33.55,2026-08-05T02:03:44+00:00
ADS-009664,ACCT-000259,B0291,25.36,2026-08-05T02:03:44+00:00
ADS-009665,ACCT-000276,B0291,46.02,2026-08-05T02:03:44+00:00
ADS-009666,ACCT-000914,B0291,0.0,2026-08-05T02:03:44+00:00
ADS-009667,ACCT-000949,B0291,60.65,2026-08-05T02:03:44+00:00
ADS-009668,ACCT-001006,B0291,0.0,2026-08-05T02:03:44+00:00
ADS-009669,ACCT-001007,B0291,0.0,2026-08-05T02:03:44+00:00
ADS-009670,ACCT-000872,B0292,21.74,2026-08-05T05:28:08+00:00
ADS-009671,ACCT-000755,B0292,0.0,2026-08-05T05:28:08+00:00
ADS-009672,ACCT-000524,B0292,29.26,2026-08-05T05:28:08+00:00
ADS-009673,ACCT-000467,B0292,45.41,2026-08-05T05:28:08+00:00
ADS-009674,ACCT-000762,B0292,-32.18,2026-08-05T05:28:08+00:00
ADS-009675,ACCT-000362,B0292,8.04,2026-08-05T05:28:08+00:00
ADS-009676,ACCT-000283,B0292,-0.42,2026-08-05T05:28:08+00:00
ADS-009677,ACCT-000437,B0292,0.0,2026-08-05T05:28:08+00:00
ADS-009678,ACCT-000660,B0292,0.0,2026-08-05T05:28:08+00:00
ADS-009679,ACCT-000238,B0292,6.49,2026-08-05T05:28:08+00:00
ADS-009680,ACCT-000727,B0292,0.0,2026-08-05T05:28:08+00:00
ADS-009681,ACCT-000257,B0292,0.0,2026-08-05T05:28:08+00:00
ADS-009682,ACCT-000681,B0292,0.0,2026-08-05T05:28:08+00:00
ADS-009683,ACCT-000477,B0292,9.46,2026-08-05T05:28:08+00:00
ADS-009684,ACCT-000083,B0292,41.41,2026-08-05T05:28:08+00:00
ADS-009685,ACCT-000327,B0292,-48.4,2026-08-05T05:28:08+00:00
ADS-009686,ACCT-000006,B0292,31.79,2026-08-05T05:28:08+00:00
ADS-009687,ACCT-000992,B0292,-21.08,2026-08-05T05:28:08+00:00
ADS-009688,ACCT-000519,B0292,0.0,2026-08-05T05:28:08+00:00
ADS-009689,ACCT-000818,B0292,26.65,2026-08-05T05:28:08+00:00
ADS-009690,ACCT-000588,B0292,57.65,2026-08-05T05:28:08+00:00
ADS-009691,ACCT-000529,B0292,0.0,2026-08-05T05:28:08+00:00
ADS-009692,ACCT-000152,B0292,17.39,2026-08-05T05:28:08+00:00
ADS-009693,ACCT-000231,B0292,11.64,2026-08-05T05:28:08+00:00
ADS-009694,ACCT-000576,B0292,0.0,2026-08-05T05:28:08+00:00
ADS-009695,ACCT-000475,B0292,0.0,2026-08-05T05:28:08+00:00
ADS-009696,ACCT-000487,B0292,-6.91,2026-08-05T05:28:08+00:00
ADS-009697,ACCT-000775,B0292,-9.97,2026-08-05T05:28:08+00:00
ADS-009698,ACCT-000521,B0292,24.75,2026-08-05T05:28:08+00:00
ADS-009699,ACCT-000256,B0292,0.0,2026-08-05T05:28:08+00:00
ADS-009700,ACCT-000278,B0292,-15.99,2026-08-05T05:28:08+00:00
ADS-009701,ACCT-000686,B0292,21.97,2026-08-05T05:28:08+00:00
ADS-009702,ACCT-000943,B0292,0.0,2026-08-05T05:28:08+00:00
ADS-009703,ACCT-000612,B0292,-5.7,2026-08-05T05:28:08+00:00
ADS-009704,ACCT-001008,B0292,39.95,2026-08-05T05:28:08+00:00
ADS-009705,ACCT-001009,B0292,0.0,2026-08-05T05:28:08+00:00
ADS-009706,ACCT-001010,B0292,1.83,2026-08-05T05:28:08+00:00
ADS-009707,ACCT-000059,B0293,34.02,2026-08-05T08:01:58+00:00
ADS-009708,ACCT-000705,B0293,-44.77,2026-08-05T08:01:58+00:00
ADS-009709,ACCT-000346,B0293,0.0,2026-08-05T08:01:58+00:00
ADS-009710,ACCT-000939,B0293,-39.3,2026-08-05T08:01:58+00:00
ADS-009711,ACCT-000920,B0293,-45.34,2026-08-05T08:01:58+00:00
ADS-009712,ACCT-000473,B0293,0.0,2026-08-05T08:01:58+00:00
ADS-009713,ACCT-000768,B0293,78.41,2026-08-05T08:01:58+00:00
ADS-009714,ACCT-000930,B0293,-13.09,2026-08-05T08:01:58+00:00
ADS-009715,ACCT-000566,B0293,0.0,2026-08-05T08:01:58+00:00
ADS-009716,ACCT-000679,B0293,-9.47,2026-08-05T08:01:58+00:00
ADS-009717,ACCT-000816,B0293,-37.33,2026-08-05T08:01:58+00:00
ADS-009718,ACCT-000091,B0293,-13.29,2026-08-05T08:01:58+00:00
ADS-009719,ACCT-000546,B0293,11.27,2026-08-05T08:01:58+00:00
ADS-009720,ACCT-000883,B0293,-52.19,2026-08-05T08:01:58+00:00
ADS-009721,ACCT-000361,B0293,-23.08,2026-08-05T08:01:58+00:00
ADS-009722,ACCT-000439,B0293,0.0,2026-08-05T08:01:58+00:00
ADS-009723,ACCT-000725,B0293,11.0,2026-08-05T08:01:58+00:00
ADS-009724,ACCT-000036,B0293,0.0,2026-08-05T08:01:58+00:00
ADS-009725,ACCT-000150,B0293,21.48,2026-08-05T08:01:58+00:00
ADS-009726,ACCT-000381,B0293,-21.56,2026-08-05T08:01:58+00:00
ADS-009727,ACCT-000521,B0293,0.0,2026-08-05T08:01:58+00:00
ADS-009728,ACCT-000595,B0293,0.0,2026-08-05T08:01:58+00:00
ADS-009729,ACCT-000568,B0293,0.0,2026-08-05T08:01:58+00:00
ADS-009730,ACCT-000617,B0293,-76.59,2026-08-05T08:01:58+00:00
ADS-009731,ACCT-000430,B0293,-14.91,2026-08-05T08:01:58+00:00
ADS-009732,ACCT-000811,B0293,35.19,2026-08-05T08:01:58+00:00
ADS-009733,ACCT-000773,B0293,-13.83,2026-08-05T08:01:58+00:00
ADS-009734,ACCT-000067,B0293,0.0,2026-08-05T08:01:58+00:00
ADS-009735,ACCT-000326,B0293,-11.7,2026-08-05T08:01:58+00:00
ADS-009736,ACCT-000047,B0293,31.72,2026-08-05T08:01:58+00:00
ADS-009737,ACCT-001011,B0293,0.0,2026-08-05T08:01:58+00:00
ADS-009738,ACCT-001012,B0293,18.34,2026-08-05T08:01:58+00:00
ADS-009739,ACCT-001013,B0293,44.08,2026-08-05T08:01:58+00:00
ADS-009740,ACCT-000076,B0294,34.0,2026-08-05T10:57:48+00:00
ADS-009741,ACCT-000859,B0294,-41.28,2026-08-05T10:57:48+00:00
ADS-009742,ACCT-000609,B0294,0.0,2026-08-05T10:57:48+00:00
ADS-009743,ACCT-000825,B0294,0.0,2026-08-05T10:57:48+00:00
ADS-009744,ACCT-000531,B0294,8.72,2026-08-05T10:57:48+00:00
ADS-009745,ACCT-000946,B0294,0.0,2026-08-05T10:57:48+00:00
ADS-009746,ACCT-000410,B0294,21.53,2026-08-05T10:57:48+00:00
ADS-009747,ACCT-000278,B0294,33.99,2026-08-05T10:57:48+00:00
ADS-009748,ACCT-000362,B0294,0.0,2026-08-05T10:57:48+00:00
ADS-009749,ACCT-000051,B0294,-10.91,2026-08-05T10:57:48+00:00
ADS-009750,ACCT-000977,B0294,-14.47,2026-08-05T10:57:48+00:00
ADS-009751,ACCT-000286,B0294,-36.76,2026-08-05T10:57:48+00:00
ADS-009752,ACCT-000986,B0294,2.81,2026-08-05T10:57:48+00:00
ADS-009753,ACCT-000504,B0294,-15.17,2026-08-05T10:57:48+00:00
ADS-009754,ACCT-000902,B0294,34.92,2026-08-05T10:57:48+00:00
ADS-009755,ACCT-000967,B0294,38.34,2026-08-05T10:57:48+00:00
ADS-009756,ACCT-000201,B0294,-55.36,2026-08-05T10:57:48+00:00
ADS-009757,ACCT-000364,B0294,23.05,2026-08-05T10:57:48+00:00
ADS-009758,ACCT-000975,B0294,0.0,2026-08-05T10:57:48+00:00
ADS-009759,ACCT-000830,B0294,-45.0,2026-08-05T10:57:48+00:00
ADS-009760,ACCT-000927,B0294,28.76,2026-08-05T10:57:48+00:00
ADS-009761,ACCT-000500,B0294,33.17,2026-08-05T10:57:48+00:00
ADS-009762,ACCT-000875,B0294,-1.22,2026-08-05T10:57:48+00:00
ADS-009763,ACCT-000430,B0294,49.86,2026-08-05T10:57:48+00:00
ADS-009764,ACCT-000169,B0294,26.85,2026-08-05T10:57:48+00:00
ADS-009765,ACCT-000343,B0294,28.13,2026-08-05T10:57:48+00:00
ADS-009766,ACCT-000909,B0294,6.19,2026-08-05T10:57:48+00:00
ADS-009767,ACCT-000938,B0294,0.0,2026-08-05T10:57:48+00:00
ADS-009768,ACCT-000898,B0294,0.0,2026-08-05T10:57:48+00:00
ADS-009769,ACCT-000575,B0294,-14.16,2026-08-05T10:57:48+00:00
ADS-009770,ACCT-000954,B0294,0.0,2026-08-05T10:57:48+00:00
ADS-009771,ACCT-000022,B0294,-24.27,2026-08-05T10:57:48+00:00
ADS-009772,ACCT-001014,B0294,0.0,2026-08-05T10:57:48+00:00
ADS-009773,ACCT-001015,B0294,11.03,2026-08-05T10:57:48+00:00
ADS-009774,ACCT-001016,B0294,7.91,2026-08-05T10:57:48+00:00
ADS-009775,ACCT-001017,B0294,34.74,2026-08-05T10:57:48+00:00
ADS-009776,ACCT-000901,B0295,-32.56,2026-08-05T12:50:41+00:00
ADS-009777,ACCT-000775,B0295,-9.3,2026-08-05T12:50:41+00:00
ADS-009778,ACCT-000280,B0295,0.0,2026-08-05T12:50:41+00:00
ADS-009779,ACCT-000577,B0295,-4.94,2026-08-05T12:50:41+00:00
ADS-009780,ACCT-000107,B0295,31.86,2026-08-05T12:50:41+00:00
ADS-009781,ACCT-000059,B0295,-43.64,2026-08-05T12:50:41+00:00
ADS-009782,ACCT-000723,B0295,0.0,2026-08-05T12:50:41+00:00
ADS-009783,ACCT-000071,B0295,0.0,2026-08-05T12:50:41+00:00
ADS-009784,ACCT-000894,B0295,22.06,2026-08-05T12:50:41+00:00
ADS-009785,ACCT-000385,B0295,0.0,2026-08-05T12:50:41+00:00
ADS-009786,ACCT-001009,B0295,0.0,2026-08-05T12:50:41+00:00
ADS-009787,ACCT-000384,B0295,0.0,2026-08-05T12:50:41+00:00
ADS-009788,ACCT-000245,B0295,55.19,2026-08-05T12:50:41+00:00
ADS-009789,ACCT-000111,B0295,20.67,2026-08-05T12:50:41+00:00
ADS-009790,ACCT-000195,B0295,-32.94,2026-08-05T12:50:41+00:00
ADS-009791,ACCT-000325,B0295,0.0,2026-08-05T12:50:41+00:00
ADS-009792,ACCT-000503,B0295,0.0,2026-08-05T12:50:41+00:00
ADS-009793,ACCT-000968,B0295,0.0,2026-08-05T12:50:41+00:00
ADS-009794,ACCT-000537,B0295,0.0,2026-08-05T12:50:41+00:00
ADS-009795,ACCT-000517,B0295,42.11,2026-08-05T12:50:41+00:00
ADS-009796,ACCT-000972,B0295,5.87,2026-08-05T12:50:41+00:00
ADS-009797,ACCT-000488,B0295,0.0,2026-08-05T12:50:41+00:00
ADS-009798,ACCT-000850,B0295,-6.6,2026-08-05T12:50:41+00:00
ADS-009799,ACCT-000208,B0295,-36.23,2026-08-05T12:50:41+00:00
ADS-009800,ACCT-000095,B0295,0.0,2026-08-05T12:50:41+00:00
ADS-009801,ACCT-000952,B0295,44.37,2026-08-05T12:50:41+00:00
ADS-009802,ACCT-000145,B0295,0.0,2026-08-05T12:50:41+00:00
ADS-009803,ACCT-000533,B0295,-23.18,2026-08-05T12:50:41+00:00
ADS-009804,ACCT-000833,B0295,0.0,2026-08-05T12:50:41+00:00
ADS-009805,ACCT-000946,B0295,43.44,2026-08-05T12:50:41+00:00
ADS-009806,ACCT-000937,B0295,0.0,2026-08-05T12:50:41+00:00
ADS-009807,ACCT-000343,B0295,0.0,2026-08-05T12:50:41+00:00
ADS-009808,ACCT-001000,B0295,0.0,2026-08-05T12:50:41+00:00
ADS-009809,ACCT-000279,B0295,13.97,2026-08-05T12:50:41+00:00
ADS-009810,ACCT-000827,B0295,0.0,2026-08-05T12:50:41+00:00
ADS-009811,ACCT-001018,B0295,0.0,2026-08-05T12:50:41+00:00
ADS-009812,ACCT-001019,B0295,0.0,2026-08-05T12:50:41+00:00
ADS-009813,ACCT-000313,B0296,-19.94,2026-08-05T15:09:16+00:00
ADS-009814,ACCT-001007,B0296,-24.14,2026-08-05T15:09:16+00:00
ADS-009815,ACCT-000305,B0296,-41.38,2026-08-05T15:09:16+00:00
ADS-009816,ACCT-000481,B0296,7.27,2026-08-05T15:09:16+00:00
ADS-009817,ACCT-000310,B0296,-7.09,2026-08-05T15:09:16+00:00
ADS-009818,ACCT-000601,B0296,13.23,2026-08-05T15:09:16+00:00
ADS-009819,ACCT-000348,B0296,-43.09,2026-08-05T15:09:16+00:00
ADS-009820,ACCT-000106,B0296,0.0,2026-08-05T15:09:16+00:00
ADS-009821,ACCT-000039,B0296,0.0,2026-08-05T15:09:16+00:00
ADS-009822,ACCT-000436,B0296,0.0,2026-08-05T15:09:16+00:00
ADS-009823,ACCT-000540,B0296,24.26,2026-08-05T15:09:16+00:00
ADS-009824,ACCT-000293,B0296,-18.24,2026-08-05T15:09:16+00:00
ADS-009825,ACCT-000440,B0296,0.0,2026-08-05T15:09:16+00:00
ADS-009826,ACCT-000479,B0296,-8.09,2026-08-05T15:09:16+00:00
ADS-009827,ACCT-000807,B0296,11.64,2026-08-05T15:09:16+00:00
ADS-009828,ACCT-000737,B0296,0.0,2026-08-05T15:09:16+00:00
ADS-009829,ACCT-000590,B0296,0.0,2026-08-05T15:09:16+00:00
ADS-009830,ACCT-000554,B0296,-17.33,2026-08-05T15:09:16+00:00
ADS-009831,ACCT-000589,B0296,-2.2,2026-08-05T15:09:16+00:00
ADS-009832,ACCT-000374,B0296,0.0,2026-08-05T15:09:16+00:00
ADS-009833,ACCT-000600,B0296,55.56,2026-08-05T15:09:16+00:00
ADS-009834,ACCT-000092,B0296,0.0,2026-08-05T15:09:16+00:00
ADS-009835,ACCT-000878,B0296,-33.8,2026-08-05T15:09:16+00:00
ADS-009836,ACCT-000583,B0296,0.0,2026-08-05T15:09:16+00:00
ADS-009837,ACCT-000174,B0296,-30.98,2026-08-05T15:09:16+00:00
ADS-009838,ACCT-000550,B0296,-26.73,2026-08-05T15:09:16+00:00
ADS-009839,ACCT-000669,B0296,0.0,2026-08-05T15:09:16+00:00
ADS-009840,ACCT-000877,B0296,0.0,2026-08-05T15:09:16+00:00
ADS-009841,ACCT-000711,B0296,69.84,2026-08-05T15:09:16+00:00
ADS-009842,ACCT-000152,B0296,0.0,2026-08-05T15:09:16+00:00
ADS-009843,ACCT-000839,B0296,-0.77,2026-08-05T15:09:16+00:00
ADS-009844,ACCT-000731,B0296,10.36,2026-08-05T15:09:16+00:00
ADS-009845,ACCT-000381,B0296,3.44,2026-08-05T15:09:16+00:00
ADS-009846,ACCT-001020,B0296,0.0,2026-08-05T15:09:16+00:00
ADS-009847,ACCT-001021,B0296,-11.31,2026-08-05T15:09:16+00:00
ADS-009848,ACCT-001022,B0296,0.0,2026-08-05T15:09:16+00:00
ADS-009849,ACCT-001023,B0296,-0.05,2026-08-05T15:09:16+00:00
ADS-009850,ACCT-000899,B0297,21.15,2026-08-05T16:59:04+00:00
ADS-009851,ACCT-000172,B0297,24.69,2026-08-05T16:59:04+00:00
ADS-009852,ACCT-000028,B0297,-96.24,2026-08-05T16:59:04+00:00
ADS-009853,ACCT-000817,B0297,13.98,2026-08-05T16:59:04+00:00
ADS-009854,ACCT-000638,B0297,-22.23,2026-08-05T16:59:04+00:00
ADS-009855,ACCT-000647,B0297,25.28,2026-08-05T16:59:04+00:00
ADS-009856,ACCT-000636,B0297,-9.22,2026-08-05T16:59:04+00:00
ADS-009857,ACCT-000668,B0297,15.45,2026-08-05T16:59:04+00:00
ADS-009858,ACCT-000419,B0297,0.0,2026-08-05T16:59:04+00:00
ADS-009859,ACCT-000919,B0297,20.18,2026-08-05T16:59:04+00:00
ADS-009860,ACCT-000253,B0297,42.49,2026-08-05T16:59:04+00:00
ADS-009861,ACCT-000269,B0297,-7.26,2026-08-05T16:59:04+00:00
ADS-009862,ACCT-000996,B0297,0.0,2026-08-05T16:59:04+00:00
ADS-009863,ACCT-000248,B0297,-5.52,2026-08-05T16:59:04+00:00
ADS-009864,ACCT-000812,B0297,1.58,2026-08-05T16:59:04+00:00
ADS-009865,ACCT-000830,B0297,67.71,2026-08-05T16:59:04+00:00
ADS-009866,ACCT-000477,B0297,-18.49,2026-08-05T16:59:04+00:00
ADS-009867,ACCT-000385,B0297,33.54,2026-08-05T16:59:04+00:00
ADS-009868,ACCT-000722,B0297,-20.06,2026-08-05T16:59:04+00:00
ADS-009869,ACCT-000122,B0297,0.0,2026-08-05T16:59:04+00:00
ADS-009870,ACCT-000985,B0297,-35.78,2026-08-05T16:59:04+00:00
ADS-009871,ACCT-000218,B0297,0.0,2026-08-05T16:59:04+00:00
ADS-009872,ACCT-000524,B0297,0.0,2026-08-05T16:59:04+00:00
ADS-009873,ACCT-000920,B0297,30.0,2026-08-05T16:59:04+00:00
ADS-009874,ACCT-000802,B0297,39.99,2026-08-05T16:59:04+00:00
ADS-009875,ACCT-000489,B0297,-11.22,2026-08-05T16:59:04+00:00
ADS-009876,ACCT-000039,B0297,-8.94,2026-08-05T16:59:04+00:00
ADS-009877,ACCT-001024,B0297,0.0,2026-08-05T16:59:04+00:00
ADS-009878,ACCT-001025,B0297,0.0,2026-08-05T16:59:04+00:00
ADS-009879,ACCT-001026,B0297,12.47,2026-08-05T16:59:04+00:00
ADS-009880,ACCT-000929,B0298,0.0,2026-08-05T18:22:46+00:00
ADS-009881,ACCT-000180,B0298,71.55,2026-08-05T18:22:46+00:00
ADS-009882,ACCT-000815,B0298,0.0,2026-08-05T18:22:46+00:00
ADS-009883,ACCT-001022,B0298,-70.19,2026-08-05T18:22:46+00:00
ADS-009884,ACCT-000948,B0298,44.55,2026-08-05T18:22:46+00:00
ADS-009885,ACCT-000414,B0298,0.0,2026-08-05T18:22:46+00:00
ADS-009886,ACCT-000695,B0298,20.32,2026-08-05T18:22:46+00:00
ADS-009887,ACCT-000082,B0298,69.65,2026-08-05T18:22:46+00:00
ADS-009888,ACCT-000981,B0298,81.83,2026-08-05T18:22:46+00:00
ADS-009889,ACCT-000597,B0298,-9.92,2026-08-05T18:22:46+00:00
ADS-009890,ACCT-001000,B0298,-66.44,2026-08-05T18:22:46+00:00
ADS-009891,ACCT-000429,B0298,-42.64,2026-08-05T18:22:46+00:00
ADS-009892,ACCT-000214,B0298,0.0,2026-08-05T18:22:46+00:00
ADS-009893,ACCT-000231,B0298,0.0,2026-08-05T18:22:46+00:00
ADS-009894,ACCT-000627,B0298,54.74,2026-08-05T18:22:46+00:00
ADS-009895,ACCT-000157,B0298,-15.27,2026-08-05T18:22:46+00:00
ADS-009896,ACCT-000223,B0298,48.46,2026-08-05T18:22:46+00:00
ADS-009897,ACCT-000680,B0298,0.0,2026-08-05T18:22:46+00:00
ADS-009898,ACCT-000662,B0298,11.19,2026-08-05T18:22:46+00:00
ADS-009899,ACCT-000381,B0298,28.98,2026-08-05T18:22:46+00:00
ADS-009900,ACCT-000449,B0298,0.0,2026-08-05T18:22:46+00:00
ADS-009901,ACCT-000185,B0298,17.21,2026-08-05T18:22:46+00:00
ADS-009902,ACCT-000690,B0298,-52.51,2026-08-05T18:22:46+00:00
ADS-009903,ACCT-000333,B0298,-19.83,2026-08-05T18:22:46+00:00
ADS-009904,ACCT-000417,B0298,22.98,2026-08-05T18:22:46+00:00
ADS-009905,ACCT-001016,B0298,5.53,2026-08-05T18:22:46+00:00
ADS-009906,ACCT-000124,B0298,1.14,2026-08-05T18:22:46+00:00
ADS-009907,ACCT-000913,B0298,0.0,2026-08-05T18:22:46+00:00
ADS-009908,ACCT-000153,B0298,-18.85,2026-08-05T18:22:46+00:00
ADS-009909,ACCT-000089,B0298,47.3,2026-08-05T18:22:46+00:00
ADS-009910,ACCT-000578,B0298,0.0,2026-08-05T18:22:46+00:00
ADS-009911,ACCT-000198,B0298,-39.25,2026-08-05T18:22:46+00:00
ADS-009912,ACCT-001027,B0298,0.0,2026-08-05T18:22:46+00:00
ADS-009913,ACCT-001028,B0298,-19.22,2026-08-05T18:22:46+00:00
ADS-009914,ACCT-001029,B0298,0.0,2026-08-05T18:22:46+00:00
ADS-009915,ACCT-000194,B0299,0.0,2026-08-05T20:04:04+00:00
ADS-009916,ACCT-000947,B0299,-29.16,2026-08-05T20:04:04+00:00
ADS-009917,ACCT-000555,B0299,-32.95,2026-08-05T20:04:04+00:00
ADS-009918,ACCT-000029,B0299,0.0,2026-08-05T20:04:04+00:00
ADS-009919,ACCT-000544,B0299,22.2,2026-08-05T20:04:04+00:00
ADS-009920,ACCT-000750,B0299,0.0,2026-08-05T20:04:04+00:00
ADS-009921,ACCT-001023,B0299,0.0,2026-08-05T20:04:04+00:00
ADS-009922,ACCT-000888,B0299,0.0,2026-08-05T20:04:04+00:00
ADS-009923,ACCT-000101,B0299,43.24,2026-08-05T20:04:04+00:00
ADS-009924,ACCT-000777,B0299,39.03,2026-08-05T20:04:04+00:00
ADS-009925,ACCT-000686,B0299,9.26,2026-08-05T20:04:04+00:00
ADS-009926,ACCT-000263,B0299,-42.14,2026-08-05T20:04:04+00:00
ADS-009927,ACCT-000077,B0299,40.1,2026-08-05T20:04:04+00:00
ADS-009928,ACCT-000565,B0299,-13.8,2026-08-05T20:04:04+00:00
ADS-009929,ACCT-000220,B0299,-9.91,2026-08-05T20:04:04+00:00
ADS-009930,ACCT-000855,B0299,-5.21,2026-08-05T20:04:04+00:00
ADS-009931,ACCT-000804,B0299,-11.78,2026-08-05T20:04:04+00:00
ADS-009932,ACCT-000292,B0299,-31.75,2026-08-05T20:04:04+00:00
ADS-009933,ACCT-000740,B0299,26.8,2026-08-05T20:04:04+00:00
ADS-009934,ACCT-000902,B0299,0.0,2026-08-05T20:04:04+00:00
ADS-009935,ACCT-000355,B0299,6.4,2026-08-05T20:04:04+00:00
ADS-009936,ACCT-000028,B0299,-49.71,2026-08-05T20:04:04+00:00
ADS-009937,ACCT-000379,B0299,-35.46,2026-08-05T20:04:04+00:00
ADS-009938,ACCT-000793,B0299,0.0,2026-08-05T20:04:04+00:00
ADS-009939,ACCT-000722,B0299,0.0,2026-08-05T20:04:04+00:00
ADS-009940,ACCT-000955,B0299,0.0,2026-08-05T20:04:04+00:00
ADS-009941,ACCT-000400,B0299,-18.22,2026-08-05T20:04:04+00:00
ADS-009942,ACCT-000580,B0299,4.91,2026-08-05T20:04:04+00:00
ADS-009943,ACCT-000154,B0299,-48.69,2026-08-05T20:04:04+00:00
ADS-009944,ACCT-001030,B0299,-35.66,2026-08-05T20:04:04+00:00
ADS-009945,ACCT-001031,B0299,20.86,2026-08-05T20:04:04+00:00
ADS-009946,ACCT-001032,B0299,7.05,2026-08-05T20:04:04+00:00
ADS-009947,ACCT-000917,B0300,0.0,2026-08-05T21:41:54+00:00
ADS-009948,ACCT-000009,B0300,0.0,2026-08-05T21:41:54+00:00
ADS-009949,ACCT-000509,B0300,0.0,2026-08-05T21:41:54+00:00
ADS-009950,ACCT-000835,B0300,0.0,2026-08-05T21:41:54+00:00
ADS-009951,ACCT-000478,B0300,66.29,2026-08-05T21:41:54+00:00
ADS-009952,ACCT-000390,B0300,-39.09,2026-08-05T21:41:54+00:00
ADS-009953,ACCT-000156,B0300,4.37,2026-08-05T21:41:54+00:00
ADS-009954,ACCT-000615,B0300,-43.07,2026-08-05T21:41:54+00:00
ADS-009955,ACCT-000186,B0300,0.0,2026-08-05T21:41:54+00:00
ADS-009956,ACCT-000527,B0300,0.0,2026-08-05T21:41:54+00:00
ADS-009957,ACCT-000984,B0300,19.61,2026-08-05T21:41:54+00:00
ADS-009958,ACCT-000040,B0300,0.0,2026-08-05T21:41:54+00:00
ADS-009959,ACCT-000790,B0300,0.0,2026-08-05T21:41:54+00:00
ADS-009960,ACCT-000828,B0300,-28.15,2026-08-05T21:41:54+00:00
ADS-009961,ACCT-000375,B0300,31.06,2026-08-05T21:41:54+00:00
ADS-009962,ACCT-000383,B0300,0.0,2026-08-05T21:41:54+00:00
ADS-009963,ACCT-000246,B0300,-44.95,2026-08-05T21:41:54+00:00
ADS-009964,ACCT-000568,B0300,0.0,2026-08-05T21:41:54+00:00
ADS-009965,ACCT-000460,B0300,0.0,2026-08-05T21:41:54+00:00
ADS-009966,ACCT-000843,B0300,0.0,2026-08-05T21:41:54+00:00
ADS-009967,ACCT-000551,B0300,0.0,2026-08-05T21:41:54+00:00
ADS-009968,ACCT-000397,B0300,0.0,2026-08-05T21:41:54+00:00
ADS-009969,ACCT-000378,B0300,27.38,2026-08-05T21:41:54+00:00
ADS-009970,ACCT-000708,B0300,47.45,2026-08-05T21:41:54+00:00
ADS-009971,ACCT-000683,B0300,0.73,2026-08-05T21:41:54+00:00
ADS-009972,ACCT-000428,B0300,0.0,2026-08-05T21:41:54+00:00
ADS-009973,ACCT-000974,B0300,0.0,2026-08-05T21:41:54+00:00
ADS-009974,ACCT-000059,B0300,0.0,2026-08-05T21:41:54+00:00
ADS-009975,ACCT-000797,B0300,49.41,2026-08-05T21:41:54+00:00
ADS-009976,ACCT-000680,B0300,60.15,2026-08-05T21:41:54+00:00
ADS-009977,ACCT-000842,B0300,0.0,2026-08-05T21:41:54+00:00
ADS-009978,ACCT-001033,B0300,-13.11,2026-08-05T21:41:54+00:00
ADS-009979,ACCT-001034,B0300,0.0,2026-08-05T21:41:54+00:00
ADS-009980,ACCT-001032,B0301,33.69,2026-08-05T22:50:56+00:00
ADS-009981,ACCT-000749,B0301,-64.0,2026-08-05T22:50:56+00:00
ADS-009982,ACCT-000900,B0301,0.0,2026-08-05T22:50:56+00:00
ADS-009983,ACCT-000680,B0301,-33.54,2026-08-05T22:50:56+00:00
ADS-009984,ACCT-000173,B0301,60.07,2026-08-05T22:50:56+00:00
ADS-009985,ACCT-000314,B0301,0.0,2026-08-05T22:50:56+00:00
ADS-009986,ACCT-000881,B0301,-39.98,2026-08-05T22:50:56+00:00
ADS-009987,ACCT-000441,B0301,0.0,2026-08-05T22:50:56+00:00
ADS-009988,ACCT-000012,B0301,0.0,2026-08-05T22:50:56+00:00
ADS-009989,ACCT-000604,B0301,8.63,2026-08-05T22:50:56+00:00
ADS-009990,ACCT-001005,B0301,-0.04,2026-08-05T22:50:56+00:00
ADS-009991,ACCT-000908,B0301,-27.96,2026-08-05T22:50:56+00:00
ADS-009992,ACCT-000666,B0301,0.0,2026-08-05T22:50:56+00:00
ADS-009993,ACCT-000904,B0301,0.0,2026-08-05T22:50:56+00:00
ADS-009994,ACCT-000468,B0301,18.66,2026-08-05T22:50:56+00:00
ADS-009995,ACCT-000888,B0301,-9.03,2026-08-05T22:50:56+00:00
ADS-009996,ACCT-000284,B0301,49.77,2026-08-05T22:50:56+00:00
ADS-009997,ACCT-000633,B0301,77.93,2026-08-05T22:50:56+00:00
ADS-009998,ACCT-000368,B0301,-59.83,2026-08-05T22:50:56+00:00
ADS-009999,ACCT-000489,B0301,48.1,2026-08-05T22:50:56+00:00
ADS-010000,ACCT-000782,B0301,-26.73,2026-08-05T22:50:56+00:00
ADS-010001,ACCT-000999,B0301,-88.33,2026-08-05T22:50:56+00:00
ADS-010002,ACCT-000084,B0301,31.13,2026-08-05T22:50:56+00:00
ADS-010003,ACCT-000408,B0301,0.0,2026-08-05T22:50:56+00:00
ADS-010004,ACCT-000228,B0301,0.0,2026-08-05T22:50:56+00:00
ADS-010005,ACCT-000175,B0301,-56.18,2026-08-05T22:50:56+00:00
ADS-010006,ACCT-000836,B0301,22.94,2026-08-05T22:50:56+00:00
ADS-010007,ACCT-000324,B0301,-25.08,2026-08-05T22:50:56+00:00
ADS-010008,ACCT-000559,B0301,-45.87,2026-08-05T22:50:56+00:00
ADS-010009,ACCT-001034,B0301,0.0,2026-08-05T22:50:56+00:00
ADS-010010,ACCT-001035,B0301,0.0,2026-08-05T22:50:56+00:00
ADS-010011,ACCT-001036,B0301,0.0,2026-08-05T22:50:56+00:00
ADS-010012,ACCT-001037,B0301,46.19,2026-08-05T22:50:56+00:00
ADS-010013,ACCT-000773,B0302,20.43,2026-08-05T23:52:23+00:00
ADS-010014,ACCT-000213,B0302,5.28,2026-08-05T23:52:23+00:00
ADS-010015,ACCT-000173,B0302,0.0,2026-08-05T23:52:23+00:00
ADS-010016,ACCT-000695,B0302,0.0,2026-08-05T23:52:23+00:00
ADS-010017,ACCT-000309,B0302,-31.2,2026-08-05T23:52:23+00:00
ADS-010018,ACCT-000562,B0302,0.0,2026-08-05T23:52:23+00:00
ADS-010019,ACCT-000291,B0302,-64.25,2026-08-05T23:52:23+00:00
ADS-010020,ACCT-000359,B0302,36.91,2026-08-05T23:52:23+00:00
ADS-010021,ACCT-000310,B0302,23.29,2026-08-05T23:52:23+00:00
ADS-010022,ACCT-000051,B0302,18.99,2026-08-05T23:52:23+00:00
ADS-010023,ACCT-000235,B0302,27.02,2026-08-05T23:52:23+00:00
ADS-010024,ACCT-000729,B0302,-55.15,2026-08-05T23:52:23+00:00
ADS-010025,ACCT-000114,B0302,-63.89,2026-08-05T23:52:23+00:00
ADS-010026,ACCT-000722,B0302,55.24,2026-08-05T23:52:23+00:00
ADS-010027,ACCT-000879,B0302,-32.69,2026-08-05T23:52:23+00:00
ADS-010028,ACCT-000960,B0302,0.0,2026-08-05T23:52:23+00:00
ADS-010029,ACCT-000760,B0302,31.82,2026-08-05T23:52:23+00:00
ADS-010030,ACCT-000888,B0302,30.79,2026-08-05T23:52:23+00:00
ADS-010031,ACCT-000739,B0302,-30.3,2026-08-05T23:52:23+00:00
ADS-010032,ACCT-000838,B0302,52.73,2026-08-05T23:52:23+00:00
ADS-010033,ACCT-000808,B0302,-22.46,2026-08-05T23:52:23+00:00
ADS-010034,ACCT-000170,B0302,0.0,2026-08-05T23:52:23+00:00
ADS-010035,ACCT-000959,B0302,-35.73,2026-08-05T23:52:23+00:00
ADS-010036,ACCT-000660,B0302,0.0,2026-08-05T23:52:23+00:00
ADS-010037,ACCT-000182,B0302,46.02,2026-08-05T23:52:23+00:00
ADS-010038,ACCT-000101,B0302,13.84,2026-08-05T23:52:23+00:00
ADS-010039,ACCT-000008,B0302,37.57,2026-08-05T23:52:23+00:00
ADS-010040,ACCT-000165,B0302,0.0,2026-08-05T23:52:23+00:00
ADS-010041,ACCT-000313,B0302,-22.81,2026-08-05T23:52:23+00:00
ADS-010042,ACCT-000338,B0302,0.0,2026-08-05T23:52:23+00:00
ADS-010043,ACCT-001038,B0302,-48.45,2026-08-05T23:52:23+00:00
ADS-010044,ACCT-001039,B0302,0.0,2026-08-05T23:52:23+00:00
ADS-010045,ACCT-001040,B0302,-26.25,2026-08-05T23:52:23+00:00
ADS-010046,ACCT-001041,B0302,0.0,2026-08-05T23:52:23+00:00
ADS-010047,ACCT-000921,B0303,8.41,2026-08-06T01:48:56+00:00
ADS-010048,ACCT-000221,B0303,7.41,2026-08-06T01:48:56+00:00
ADS-010049,ACCT-000126,B0303,0.0,2026-08-06T01:48:56+00:00
ADS-010050,ACCT-000749,B0303,-27.05,2026-08-06T01:48:56+00:00
ADS-010051,ACCT-000451,B0303,0.0,2026-08-06T01:48:56+00:00
ADS-010052,ACCT-000561,B0303,0.0,2026-08-06T01:48:56+00:00
ADS-010053,ACCT-000641,B0303,12.39,2026-08-06T01:48:56+00:00
ADS-010054,ACCT-000598,B0303,0.0,2026-08-06T01:48:56+00:00
ADS-010055,ACCT-000511,B0303,9.13,2026-08-06T01:48:56+00:00
ADS-010056,ACCT-000940,B0303,-29.02,2026-08-06T01:48:56+00:00
ADS-010057,ACCT-000175,B0303,-14.73,2026-08-06T01:48:56+00:00
ADS-010058,ACCT-000502,B0303,0.0,2026-08-06T01:48:56+00:00
ADS-010059,ACCT-000370,B0303,-60.12,2026-08-06T01:48:56+00:00
ADS-010060,ACCT-000774,B0303,-3.53,2026-08-06T01:48:56+00:00
ADS-010061,ACCT-000218,B0303,48.4,2026-08-06T01:48:56+00:00
ADS-010062,ACCT-000214,B0303,44.83,2026-08-06T01:48:56+00:00
ADS-010063,ACCT-000998,B0303,-10.78,2026-08-06T01:48:56+00:00
ADS-010064,ACCT-000818,B0303,-49.52,2026-08-06T01:48:56+00:00
ADS-010065,ACCT-000283,B0303,0.66,2026-08-06T01:48:56+00:00
ADS-010066,ACCT-000173,B0303,-18.49,2026-08-06T01:48:56+00:00
ADS-010067,ACCT-000756,B0303,0.0,2026-08-06T01:48:56+00:00
ADS-010068,ACCT-000257,B0303,0.0,2026-08-06T01:48:56+00:00
ADS-010069,ACCT-000610,B0303,16.15,2026-08-06T01:48:56+00:00
ADS-010070,ACCT-000098,B0303,-5.69,2026-08-06T01:48:56+00:00
ADS-010071,ACCT-000469,B0303,-1.85,2026-08-06T01:48:56+00:00
ADS-010072,ACCT-000729,B0303,-20.03,2026-08-06T01:48:56+00:00
ADS-010073,ACCT-001042,B0303,47.97,2026-08-06T01:48:56+00:00
ADS-010074,ACCT-001043,B0303,35.1,2026-08-06T01:48:56+00:00
ADS-010075,ACCT-001044,B0303,-34.28,2026-08-06T01:48:56+00:00
ADS-010076,ACCT-000352,B0304,-39.55,2026-08-06T04:59:20+00:00
ADS-010077,ACCT-000371,B0304,20.7,2026-08-06T04:59:20+00:00
ADS-010078,ACCT-000763,B0304,28.83,2026-08-06T04:59:20+00:00
ADS-010079,ACCT-000364,B0304,6.77,2026-08-06T04:59:20+00:00
ADS-010080,ACCT-000898,B0304,0.0,2026-08-06T04:59:20+00:00
ADS-010081,ACCT-000869,B0304,19.67,2026-08-06T04:59:20+00:00
ADS-010082,ACCT-001013,B0304,21.17,2026-08-06T04:59:20+00:00
ADS-010083,ACCT-000461,B0304,-7.49,2026-08-06T04:59:20+00:00
ADS-010084,ACCT-000328,B0304,-61.84,2026-08-06T04:59:20+00:00
ADS-010085,ACCT-001025,B0304,35.06,2026-08-06T04:59:20+00:00
ADS-010086,ACCT-000592,B0304,0.0,2026-08-06T04:59:20+00:00
ADS-010087,ACCT-000019,B0304,30.25,2026-08-06T04:59:20+00:00
ADS-010088,ACCT-000886,B0304,0.0,2026-08-06T04:59:20+00:00
ADS-010089,ACCT-000035,B0304,-19.92,2026-08-06T04:59:20+00:00
ADS-010090,ACCT-000832,B0304,0.0,2026-08-06T04:59:20+00:00
ADS-010091,ACCT-000855,B0304,43.07,2026-08-06T04:59:20+00:00
ADS-010092,ACCT-000279,B0304,0.0,2026-08-06T04:59:20+00:00
ADS-010093,ACCT-000193,B0304,17.45,2026-08-06T04:59:20+00:00
ADS-010094,ACCT-000673,B0304,0.0,2026-08-06T04:59:20+00:00
ADS-010095,ACCT-000786,B0304,0.0,2026-08-06T04:59:20+00:00
ADS-010096,ACCT-000721,B0304,0.0,2026-08-06T04:59:20+00:00
ADS-010097,ACCT-000544,B0304,-13.98,2026-08-06T04:59:20+00:00
ADS-010098,ACCT-000916,B0304,0.0,2026-08-06T04:59:20+00:00
ADS-010099,ACCT-000781,B0304,0.0,2026-08-06T04:59:20+00:00
ADS-010100,ACCT-000060,B0304,38.14,2026-08-06T04:59:20+00:00
ADS-010101,ACCT-000295,B0304,-0.41,2026-08-06T04:59:20+00:00
ADS-010102,ACCT-000114,B0304,32.66,2026-08-06T04:59:20+00:00
ADS-010103,ACCT-000322,B0304,-37.87,2026-08-06T04:59:20+00:00
ADS-010104,ACCT-000465,B0304,-40.54,2026-08-06T04:59:20+00:00
ADS-010105,ACCT-001045,B0304,0.0,2026-08-06T04:59:20+00:00
ADS-010106,ACCT-001046,B0304,-24.33,2026-08-06T04:59:20+00:00
ADS-010107,ACCT-001047,B0304,-76.76,2026-08-06T04:59:20+00:00
ADS-010108,ACCT-001048,B0304,58.84,2026-08-06T04:59:20+00:00
ADS-010109,ACCT-000049,B0305,0.0,2026-08-06T07:41:35+00:00
ADS-010110,ACCT-000244,B0305,0.0,2026-08-06T07:41:35+00:00
ADS-010111,ACCT-000058,B0305,75.09,2026-08-06T07:41:35+00:00
ADS-010112,ACCT-000211,B0305,43.6,2026-08-06T07:41:35+00:00
ADS-010113,ACCT-000548,B0305,0.0,2026-08-06T07:41:35+00:00
ADS-010114,ACCT-000505,B0305,-15.53,2026-08-06T07:41:35+00:00
ADS-010115,ACCT-001025,B0305,0.0,2026-08-06T07:41:35+00:00
ADS-010116,ACCT-000059,B0305,0.0,2026-08-06T07:41:35+00:00
ADS-010117,ACCT-000804,B0305,54.84,2026-08-06T07:41:35+00:00
ADS-010118,ACCT-000426,B0305,35.57,2026-08-06T07:41:35+00:00
ADS-010119,ACCT-000874,B0305,0.0,2026-08-06T07:41:35+00:00
ADS-010120,ACCT-000765,B0305,1.69,2026-08-06T07:41:35+00:00
ADS-010121,ACCT-000023,B0305,0.0,2026-08-06T07:41:35+00:00
ADS-010122,ACCT-000775,B0305,-22.14,2026-08-06T07:41:35+00:00
ADS-010123,ACCT-000030,B0305,2.07,2026-08-06T07:41:35+00:00
ADS-010124,ACCT-000354,B0305,34.57,2026-08-06T07:41:35+00:00
ADS-010125,ACCT-001038,B0305,-9.46,2026-08-06T07:41:35+00:00
ADS-010126,ACCT-000656,B0305,-39.32,2026-08-06T07:41:35+00:00
ADS-010127,ACCT-000198,B0305,12.71,2026-08-06T07:41:35+00:00
ADS-010128,ACCT-000484,B0305,-29.91,2026-08-06T07:41:35+00:00
ADS-010129,ACCT-000227,B0305,14.56,2026-08-06T07:41:35+00:00
ADS-010130,ACCT-000950,B0305,18.04,2026-08-06T07:41:35+00:00
ADS-010131,ACCT-000820,B0305,0.0,2026-08-06T07:41:35+00:00
ADS-010132,ACCT-000418,B0305,-34.53,2026-08-06T07:41:35+00:00
ADS-010133,ACCT-000357,B0305,7.71,2026-08-06T07:41:35+00:00
ADS-010134,ACCT-000317,B0305,24.68,2026-08-06T07:41:35+00:00
ADS-010135,ACCT-001039,B0305,0.0,2026-08-06T07:41:35+00:00
ADS-010136,ACCT-000387,B0305,0.0,2026-08-06T07:41:35+00:00
ADS-010137,ACCT-000085,B0305,0.0,2026-08-06T07:41:35+00:00
ADS-010138,ACCT-000747,B0305,-19.82,2026-08-06T07:41:35+00:00
ADS-010139,ACCT-000714,B0305,7.45,2026-08-06T07:41:35+00:00
ADS-010140,ACCT-000421,B0305,0.0,2026-08-06T07:41:35+00:00
ADS-010141,ACCT-001049,B0305,0.0,2026-08-06T07:41:35+00:00
ADS-010142,ACCT-001050,B0305,39.6,2026-08-06T07:41:35+00:00
ADS-010143,ACCT-001051,B0305,10.68,2026-08-06T07:41:35+00:00
ADS-010144,ACCT-000868,B0306,31.79,2026-08-06T10:31:00+00:00
ADS-010145,ACCT-000947,B0306,-6.9,2026-08-06T10:31:00+00:00
ADS-010146,ACCT-000195,B0306,7.74,2026-08-06T10:31:00+00:00
ADS-010147,ACCT-000562,B0306,1.7,2026-08-06T10:31:00+00:00
ADS-010148,ACCT-000295,B0306,-40.47,2026-08-06T10:31:00+00:00
ADS-010149,ACCT-000767,B0306,0.0,2026-08-06T10:31:00+00:00
ADS-010150,ACCT-000814,B0306,-24.47,2026-08-06T10:31:00+00:00
ADS-010151,ACCT-000456,B0306,0.0,2026-08-06T10:31:00+00:00
ADS-010152,ACCT-000807,B0306,40.46,2026-08-06T10:31:00+00:00
ADS-010153,ACCT-000655,B0306,11.75,2026-08-06T10:31:00+00:00
ADS-010154,ACCT-000151,B0306,0.0,2026-08-06T10:31:00+00:00
ADS-010155,ACCT-000187,B0306,21.41,2026-08-06T10:31:00+00:00
ADS-010156,ACCT-000466,B0306,-32.01,2026-08-06T10:31:00+00:00
ADS-010157,ACCT-000914,B0306,0.0,2026-08-06T10:31:00+00:00
ADS-010158,ACCT-000327,B0306,0.0,2026-08-06T10:31:00+00:00
ADS-010159,ACCT-000457,B0306,-15.49,2026-08-06T10:31:00+00:00
ADS-010160,ACCT-000777,B0306,17.4,2026-08-06T10:31:00+00:00
ADS-010161,ACCT-000770,B0306,63.04,2026-08-06T10:31:00+00:00
ADS-010162,ACCT-000720,B0306,0.0,2026-08-06T10:31:00+00:00
ADS-010163,ACCT-000088,B0306,58.19,2026-08-06T10:31:00+00:00
ADS-010164,ACCT-000964,B0306,3.81,2026-08-06T10:31:00+00:00
ADS-010165,ACCT-000167,B0306,76.04,2026-08-06T10:31:00+00:00
ADS-010166,ACCT-000607,B0306,8.89,2026-08-06T10:31:00+00:00
ADS-010167,ACCT-000488,B0306,0.0,2026-08-06T10:31:00+00:00
ADS-010168,ACCT-000030,B0306,0.0,2026-08-06T10:31:00+00:00
ADS-010169,ACCT-000677,B0306,0.0,2026-08-06T10:31:00+00:00
ADS-010170,ACCT-000161,B0306,-6.09,2026-08-06T10:31:00+00:00
ADS-010171,ACCT-000031,B0306,-9.69,2026-08-06T10:31:00+00:00
ADS-010172,ACCT-000245,B0306,0.0,2026-08-06T10:31:00+00:00
ADS-010173,ACCT-000532,B0306,-70.42,2026-08-06T10:31:00+00:00
ADS-010174,ACCT-000359,B0306,49.16,2026-08-06T10:31:00+00:00
ADS-010175,ACCT-001052,B0306,7.71,2026-08-06T10:31:00+00:00
ADS-010176,ACCT-001053,B0306,-7.57,2026-08-06T10:31:00+00:00
ADS-010177,ACCT-001054,B0306,18.65,2026-08-06T10:31:00+00:00
ADS-010178,ACCT-001055,B0306,15.53,2026-08-06T10:31:00+00:00
ADS-010179,ACCT-000118,B0307,32.73,2026-08-06T12:52:13+00:00
ADS-010180,ACCT-000336,B0307,49.74,2026-08-06T12:52:13+00:00
ADS-010181,ACCT-000179,B0307,33.94,2026-08-06T12:52:13+00:00
ADS-010182,ACCT-000797,B0307,-9.12,2026-08-06T12:52:13+00:00
ADS-010183,ACCT-000394,B0307,40.8,2026-08-06T12:52:13+00:00
ADS-010184,ACCT-000464,B0307,36.14,2026-08-06T12:52:13+00:00
ADS-010185,ACCT-000117,B0307,0.0,2026-08-06T12:52:13+00:00
ADS-010186,ACCT-000148,B0307,0.0,2026-08-06T12:52:13+00:00
ADS-010187,ACCT-000896,B0307,0.0,2026-08-06T12:52:13+00:00
ADS-010188,ACCT-000289,B0307,-7.85,2026-08-06T12:52:13+00:00
ADS-010189,ACCT-000773,B0307,0.0,2026-08-06T12:52:13+00:00
ADS-010190,ACCT-000295,B0307,35.65,2026-08-06T12:52:13+00:00
ADS-010191,ACCT-000049,B0307,0.0,2026-08-06T12:52:13+00:00
ADS-010192,ACCT-000928,B0307,11.68,2026-08-06T12:52:13+00:00
ADS-010193,ACCT-000455,B0307,-23.76,2026-08-06T12:52:13+00:00
ADS-010194,ACCT-000571,B0307,-48.96,2026-08-06T12:52:13+00:00
ADS-010195,ACCT-000611,B0307,-31.61,2026-08-06T12:52:13+00:00
ADS-010196,ACCT-000826,B0307,-47.53,2026-08-06T12:52:13+00:00
ADS-010197,ACCT-000033,B0307,-45.28,2026-08-06T12:52:13+00:00
ADS-010198,ACCT-000973,B0307,0.0,2026-08-06T12:52:13+00:00
ADS-010199,ACCT-000640,B0307,31.64,2026-08-06T12:52:13+00:00
ADS-010200,ACCT-000160,B0307,0.0,2026-08-06T12:52:13+00:00
ADS-010201,ACCT-000204,B0307,0.0,2026-08-06T12:52:13+00:00
ADS-010202,ACCT-000886,B0307,-24.11,2026-08-06T12:52:13+00:00
ADS-010203,ACCT-000139,B0307,-30.88,2026-08-06T12:52:13+00:00
ADS-010204,ACCT-000047,B0307,-38.72,2026-08-06T12:52:13+00:00
ADS-010205,ACCT-001009,B0307,49.12,2026-08-06T12:52:13+00:00
ADS-010206,ACCT-000523,B0307,90.9,2026-08-06T12:52:13+00:00
ADS-010207,ACCT-000583,B0307,0.0,2026-08-06T12:52:13+00:00
ADS-010208,ACCT-000481,B0307,21.18,2026-08-06T12:52:13+00:00
ADS-010209,ACCT-000442,B0307,-13.95,2026-08-06T12:52:13+00:00
ADS-010210,ACCT-000944,B0307,0.0,2026-08-06T12:52:13+00:00
ADS-010211,ACCT-000852,B0307,0.0,2026-08-06T12:52:13+00:00
ADS-010212,ACCT-000961,B0307,0.0,2026-08-06T12:52:13+00:00
ADS-010213,ACCT-000426,B0307,0.0,2026-08-06T12:52:13+00:00
ADS-010214,ACCT-001056,B0307,17.18,2026-08-06T12:52:13+00:00
ADS-010215,ACCT-001057,B0307,23.66,2026-08-06T12:52:13+00:00
ADS-010216,ACCT-000765,B0308,-28.37,2026-08-06T15:08:37+00:00
ADS-010217,ACCT-001054,B0308,24.68,2026-08-06T15:08:37+00:00
ADS-010218,ACCT-000793,B0308,0.0,2026-08-06T15:08:37+00:00
ADS-010219,ACCT-000451,B0308,0.0,2026-08-06T15:08:37+00:00
ADS-010220,ACCT-001051,B0308,-17.17,2026-08-06T15:08:37+00:00
ADS-010221,ACCT-000487,B0308,-45.35,2026-08-06T15:08:37+00:00
ADS-010222,ACCT-000299,B0308,64.3,2026-08-06T15:08:37+00:00
ADS-010223,ACCT-000819,B0308,49.15,2026-08-06T15:08:37+00:00
ADS-010224,ACCT-000225,B0308,0.0,2026-08-06T15:08:37+00:00
ADS-010225,ACCT-000014,B0308,0.0,2026-08-06T15:08:37+00:00
ADS-010226,ACCT-000094,B0308,0.0,2026-08-06T15:08:37+00:00
ADS-010227,ACCT-000680,B0308,27.4,2026-08-06T15:08:37+00:00
ADS-010228,ACCT-000108,B0308,0.0,2026-08-06T15:08:37+00:00
ADS-010229,ACCT-000002,B0308,31.24,2026-08-06T15:08:37+00:00
ADS-010230,ACCT-000989,B0308,48.56,2026-08-06T15:08:37+00:00
ADS-010231,ACCT-000466,B0308,0.0,2026-08-06T15:08:37+00:00
ADS-010232,ACCT-000771,B0308,-27.84,2026-08-06T15:08:37+00:00
ADS-010233,ACCT-000435,B0308,-31.12,2026-08-06T15:08:37+00:00
ADS-010234,ACCT-000084,B0308,-27.84,2026-08-06T15:08:37+00:00
ADS-010235,ACCT-000406,B0308,30.4,2026-08-06T15:08:37+00:00
ADS-010236,ACCT-000654,B0308,44.0,2026-08-06T15:08:37+00:00
ADS-010237,ACCT-000307,B0308,-52.72,2026-08-06T15:08:37+00:00
ADS-010238,ACCT-000470,B0308,-34.95,2026-08-06T15:08:37+00:00
ADS-010239,ACCT-000304,B0308,0.0,2026-08-06T15:08:37+00:00
ADS-010240,ACCT-000795,B0308,0.0,2026-08-06T15:08:37+00:00
ADS-010241,ACCT-000289,B0308,-13.27,2026-08-06T15:08:37+00:00
ADS-010242,ACCT-000213,B0308,-23.4,2026-08-06T15:08:37+00:00
ADS-010243,ACCT-000663,B0308,0.0,2026-08-06T15:08:37+00:00
ADS-010244,ACCT-001058,B0308,-8.91,2026-08-06T15:08:37+00:00
ADS-010245,ACCT-001059,B0308,2.85,2026-08-06T15:08:37+00:00
ADS-010246,ACCT-001060,B0308,-28.96,2026-08-06T15:08:37+00:00
ADS-010247,ACCT-000048,B0309,14.09,2026-08-07T00:36:45+00:00
ADS-010248,ACCT-000753,B0309,-68.1,2026-08-07T00:36:45+00:00
ADS-010249,ACCT-000005,B0309,7.52,2026-08-07T00:36:45+00:00
ADS-010250,ACCT-000506,B0309,-36.42,2026-08-07T00:36:45+00:00
ADS-010251,ACCT-000838,B0309,-74.89,2026-08-07T00:36:45+00:00
ADS-010252,ACCT-000182,B0309,-54.27,2026-08-07T00:36:45+00:00
ADS-010253,ACCT-000139,B0309,56.99,2026-08-07T00:36:45+00:00
ADS-010254,ACCT-000565,B0309,-36.09,2026-08-07T00:36:45+00:00
ADS-010255,ACCT-000524,B0309,-5.73,2026-08-07T00:36:45+00:00
ADS-010256,ACCT-000492,B0309,-6.26,2026-08-07T00:36:45+00:00
ADS-010257,ACCT-001027,B0309,0.0,2026-08-07T00:36:45+00:00
ADS-010258,ACCT-000932,B0309,-24.39,2026-08-07T00:36:45+00:00
ADS-010259,ACCT-001058,B0309,-31.4,2026-08-07T00:36:45+00:00
ADS-010260,ACCT-000205,B0309,0.0,2026-08-07T00:36:45+00:00
ADS-010261,ACCT-000344,B0309,39.62,2026-08-07T00:36:45+00:00
ADS-010262,ACCT-000563,B0309,0.0,2026-08-07T00:36:45+00:00
ADS-010263,ACCT-000646,B0309,0.0,2026-08-07T00:36:45+00:00
ADS-010264,ACCT-000641,B0309,0.0,2026-08-07T00:36:45+00:00
ADS-010265,ACCT-000998,B0309,-38.1,2026-08-07T00:36:45+00:00
ADS-010266,ACCT-000971,B0309,-4.18,2026-08-07T00:36:45+00:00
ADS-010267,ACCT-000733,B0309,23.3,2026-08-07T00:36:45+00:00
ADS-010268,ACCT-000229,B0309,-35.35,2026-08-07T00:36:45+00:00
ADS-010269,ACCT-000015,B0309,-29.36,2026-08-07T00:36:45+00:00
ADS-010270,ACCT-000121,B0309,19.85,2026-08-07T00:36:45+00:00
ADS-010271,ACCT-000851,B0309,-12.93,2026-08-07T00:36:45+00:00
ADS-010272,ACCT-000621,B0309,0.0,2026-08-07T00:36:45+00:00
ADS-010273,ACCT-000080,B0309,48.21,2026-08-07T00:36:45+00:00
ADS-010274,ACCT-000847,B0309,-35.33,2026-08-07T00:36:45+00:00
ADS-010275,ACCT-000035,B0309,23.71,2026-08-07T00:36:45+00:00
ADS-010276,ACCT-000665,B0309,-24.88,2026-08-07T00:36:45+00:00
ADS-010277,ACCT-000378,B0309,-50.47,2026-08-07T00:36:45+00:00
ADS-010278,ACCT-000911,B0309,-1.29,2026-08-07T00:36:45+00:00
ADS-010279,ACCT-001061,B0309,0.0,2026-08-07T00:36:45+00:00
ADS-010280,ACCT-001062,B0309,0.0,2026-08-07T00:36:45+00:00
ADS-010281,ACCT-001063,B0309,44.23,2026-08-07T00:36:45+00:00
ADS-010282,ACCT-001064,B0309,13.7,2026-08-07T00:36:45+00:00
ADS-010283,ACCT-000609,B0310,0.0,2026-08-07T03:44:07+00:00
ADS-010284,ACCT-000843,B0310,-42.13,2026-08-07T03:44:07+00:00
ADS-010285,ACCT-000060,B0310,33.73,2026-08-07T03:44:07+00:00
ADS-010286,ACCT-000549,B0310,0.0,2026-08-07T03:44:07+00:00
ADS-010287,ACCT-000938,B0310,31.99,2026-08-07T03:44:07+00:00
ADS-010288,ACCT-000787,B0310,22.52,2026-08-07T03:44:07+00:00
ADS-010289,ACCT-000630,B0310,0.0,2026-08-07T03:44:07+00:00
ADS-010290,ACCT-000660,B0310,-24.15,2026-08-07T03:44:07+00:00
ADS-010291,ACCT-001009,B0310,-41.94,2026-08-07T03:44:07+00:00
ADS-010292,ACCT-000937,B0310,50.74,2026-08-07T03:44:07+00:00
ADS-010293,ACCT-000978,B0310,-36.99,2026-08-07T03:44:07+00:00
ADS-010294,ACCT-000301,B0310,61.36,2026-08-07T03:44:07+00:00
ADS-010295,ACCT-000725,B0310,0.0,2026-08-07T03:44:07+00:00
ADS-010296,ACCT-000355,B0310,-20.38,2026-08-07T03:44:07+00:00
ADS-010297,ACCT-000642,B0310,0.0,2026-08-07T03:44:07+00:00
ADS-010298,ACCT-001037,B0310,0.0,2026-08-07T03:44:07+00:00
ADS-010299,ACCT-000835,B0310,46.24,2026-08-07T03:44:07+00:00
ADS-010300,ACCT-000589,B0310,-40.59,2026-08-07T03:44:07+00:00
ADS-010301,ACCT-000106,B0310,-50.24,2026-08-07T03:44:07+00:00
ADS-010302,ACCT-000903,B0310,11.62,2026-08-07T03:44:07+00:00
ADS-010303,ACCT-000338,B0310,-28.7,2026-08-07T03:44:07+00:00
ADS-010304,ACCT-000317,B0310,0.0,2026-08-07T03:44:07+00:00
ADS-010305,ACCT-000972,B0310,4.59,2026-08-07T03:44:07+00:00
ADS-010306,ACCT-000954,B0310,0.0,2026-08-07T03:44:07+00:00
ADS-010307,ACCT-000427,B0310,0.0,2026-08-07T03:44:07+00:00
ADS-010308,ACCT-000914,B0310,-46.5,2026-08-07T03:44:07+00:00
ADS-010309,ACCT-000423,B0310,0.0,2026-08-07T03:44:07+00:00
ADS-010310,ACCT-000605,B0310,41.47,2026-08-07T03:44:07+00:00
ADS-010311,ACCT-000782,B0310,-24.29,2026-08-07T03:44:07+00:00
ADS-010312,ACCT-000911,B0310,-1.96,2026-08-07T03:44:07+00:00
ADS-010313,ACCT-001065,B0310,-26.37,2026-08-07T03:44:07+00:00
ADS-010314,ACCT-001066,B0310,-18.89,2026-08-07T03:44:07+00:00
ADS-010315,ACCT-001067,B0310,-55.24,2026-08-07T03:44:07+00:00
ADS-010316,ACCT-000468,B0311,0.0,2026-08-07T05:28:31+00:00
ADS-010317,ACCT-000696,B0311,-3.94,2026-08-07T05:28:31+00:00
ADS-010318,ACCT-000420,B0311,0.0,2026-08-07T05:28:31+00:00
ADS-010319,ACCT-000694,B0311,27.2,2026-08-07T05:28:31+00:00
ADS-010320,ACCT-000153,B0311,15.87,2026-08-07T05:28:31+00:00
ADS-010321,ACCT-000866,B0311,42.97,2026-08-07T05:28:31+00:00
ADS-010322,ACCT-000391,B0311,0.0,2026-08-07T05:28:31+00:00
ADS-010323,ACCT-000977,B0311,0.0,2026-08-07T05:28:31+00:00
ADS-010324,ACCT-000528,B0311,0.0,2026-08-07T05:28:31+00:00
ADS-010325,ACCT-000452,B0311,0.0,2026-08-07T05:28:31+00:00
ADS-010326,ACCT-000876,B0311,11.46,2026-08-07T05:28:31+00:00
ADS-010327,ACCT-000912,B0311,11.82,2026-08-07T05:28:31+00:00
ADS-010328,ACCT-000509,B0311,40.21,2026-08-07T05:28:31+00:00
ADS-010329,ACCT-000418,B0311,41.35,2026-08-07T05:28:31+00:00
ADS-010330,ACCT-001048,B0311,19.04,2026-08-07T05:28:31+00:00
ADS-010331,ACCT-000952,B0311,0.0,2026-08-07T05:28:31+00:00
ADS-010332,ACCT-000047,B0311,0.0,2026-08-07T05:28:31+00:00
ADS-010333,ACCT-000299,B0311,39.25,2026-08-07T05:28:31+00:00
ADS-010334,ACCT-000793,B0311,64.15,2026-08-07T05:28:31+00:00
ADS-010335,ACCT-000659,B0311,-7.77,2026-08-07T05:28:31+00:00
ADS-010336,ACCT-000035,B0311,-15.32,2026-08-07T05:28:31+00:00
ADS-010337,ACCT-000900,B0311,-15.64,2026-08-07T05:28:31+00:00
ADS-010338,ACCT-000364,B0311,-51.03,2026-08-07T05:28:31+00:00
ADS-010339,ACCT-000436,B0311,-1.99,2026-08-07T05:28:31+00:00
ADS-010340,ACCT-000849,B0311,0.0,2026-08-07T05:28:31+00:00
ADS-010341,ACCT-001068,B0311,-16.32,2026-08-07T05:28:31+00:00
ADS-010342,ACCT-001069,B0311,45.9,2026-08-07T05:28:31+00:00
ADS-010343,ACCT-001070,B0311,-29.75,2026-08-07T05:28:31+00:00
