cust_charge_id,account_id,batch_id,cust_charge_amount,generated_at
CCH-000001,ACCT-000001,B0001,1120.29,2026-07-12T19:44:37+00:00
CCH-000002,ACCT-000002,B0001,404.56,2026-07-12T19:44:37+00:00
CCH-000003,ACCT-000003,B0001,847.2,2026-07-12T19:44:37+00:00
CCH-000004,ACCT-000004,B0001,943.85,2026-07-12T19:44:37+00:00
CCH-000005,ACCT-000005,B0001,487.64,2026-07-12T19:44:37+00:00
CCH-000006,ACCT-000006,B0001,802.55,2026-07-12T19:44:37+00:00
CCH-000007,ACCT-000007,B0001,278.48,2026-07-12T19:44:37+00:00
CCH-000008,ACCT-000008,B0001,1035.15,2026-07-12T19:44:37+00:00
CCH-000009,ACCT-000009,B0001,603.1,2026-07-12T19:44:37+00:00
CCH-000010,ACCT-000010,B0001,848.51,2026-07-12T19:44:37+00:00
CCH-000011,ACCT-000011,B0001,368.12,2026-07-12T19:44:37+00:00
CCH-000012,ACCT-000012,B0001,721.78,2026-07-12T19:44:37+00:00
CCH-000013,ACCT-000013,B0001,1203.84,2026-07-12T19:44:37+00:00
CCH-000014,ACCT-000014,B0001,388.86,2026-07-12T19:44:37+00:00
CCH-000015,ACCT-000015,B0001,156.17,2026-07-12T19:44:37+00:00
CCH-000016,ACCT-000016,B0001,409.65,2026-07-12T19:44:37+00:00
CCH-000017,ACCT-000017,B0001,984.82,2026-07-12T19:44:37+00:00
CCH-000018,ACCT-000018,B0001,431.23,2026-07-12T19:44:37+00:00
CCH-000019,ACCT-000019,B0001,590.28,2026-07-12T19:44:37+00:00
CCH-000020,ACCT-000020,B0001,167.25,2026-07-12T19:44:37+00:00
CCH-000021,ACCT-000021,B0001,379.93,2026-07-12T19:44:37+00:00
CCH-000022,ACCT-000022,B0001,646.15,2026-07-12T19:44:37+00:00
CCH-000023,ACCT-000023,B0001,487.02,2026-07-12T19:44:37+00:00
CCH-000024,ACCT-000024,B0001,1001.75,2026-07-12T19:44:37+00:00
CCH-000025,ACCT-000025,B0001,322.91,2026-07-12T19:44:37+00:00
CCH-000026,ACCT-000026,B0001,912.88,2026-07-12T19:44:37+00:00
CCH-000027,ACCT-000027,B0001,212.26,2026-07-12T19:44:37+00:00
CCH-000028,ACCT-000028,B0001,1164.39,2026-07-12T19:44:37+00:00
CCH-000029,ACCT-000029,B0001,916.28,2026-07-12T19:44:37+00:00
CCH-000030,ACCT-000030,B0001,347.99,2026-07-12T19:44:37+00:00
CCH-000031,ACCT-000031,B0001,776.36,2026-07-12T19:44:37+00:00
CCH-000032,ACCT-000032,B0001,158.29,2026-07-12T19:44:37+00:00
CCH-000033,ACCT-000033,B0001,375.92,2026-07-12T19:44:37+00:00
CCH-000034,ACCT-000034,B0001,648.72,2026-07-12T19:44:37+00:00
CCH-000035,ACCT-000035,B0001,666.0,2026-07-12T19:44:37+00:00
CCH-000036,ACCT-000036,B0001,934.72,2026-07-12T19:44:37+00:00
CCH-000037,ACCT-000037,B0001,374.34,2026-07-12T19:44:37+00:00
CCH-000038,ACCT-000038,B0001,402.14,2026-07-12T19:44:37+00:00
CCH-000039,ACCT-000039,B0001,117.21,2026-07-12T19:44:37+00:00
CCH-000040,ACCT-000040,B0001,985.1,2026-07-12T19:44:37+00:00
CCH-000041,ACCT-000041,B0001,490.03,2026-07-12T19:44:37+00:00
CCH-000042,ACCT-000042,B0001,687.1,2026-07-12T19:44:37+00:00
CCH-000043,ACCT-000043,B0001,580.67,2026-07-12T19:44:37+00:00
CCH-000044,ACCT-000044,B0001,670.67,2026-07-12T19:44:37+00:00
CCH-000045,ACCT-000045,B0001,985.48,2026-07-12T19:44:37+00:00
CCH-000046,ACCT-000046,B0001,217.53,2026-07-12T19:44:37+00:00
CCH-000047,ACCT-000047,B0001,302.23,2026-07-12T19:44:37+00:00
CCH-000048,ACCT-000048,B0001,766.34,2026-07-12T19:44:37+00:00
CCH-000049,ACCT-000049,B0001,807.74,2026-07-12T19:44:37+00:00
CCH-000050,ACCT-000050,B0001,203.08,2026-07-12T19:44:37+00:00
CCH-000051,ACCT-000051,B0001,218.45,2026-07-12T19:44:37+00:00
CCH-000052,ACCT-000052,B0001,352.31,2026-07-12T19:44:37+00:00
CCH-000053,ACCT-000053,B0001,552.91,2026-07-12T19:44:37+00:00
CCH-000054,ACCT-000054,B0001,583.61,2026-07-12T19:44:37+00:00
CCH-000055,ACCT-000055,B0001,618.9,2026-07-12T19:44:37+00:00
CCH-000056,ACCT-000056,B0001,249.57,2026-07-12T19:44:37+00:00
CCH-000057,ACCT-000057,B0001,1010.28,2026-07-12T19:44:37+00:00
CCH-000058,ACCT-000058,B0001,319.54,2026-07-12T19:44:37+00:00
CCH-000059,ACCT-000059,B0001,115.71,2026-07-12T19:44:37+00:00
CCH-000060,ACCT-000060,B0001,385.91,2026-07-12T19:44:37+00:00
CCH-000061,ACCT-000061,B0001,986.07,2026-07-12T19:44:37+00:00
CCH-000062,ACCT-000062,B0001,64.35,2026-07-12T19:44:37+00:00
CCH-000063,ACCT-000063,B0001,734.75,2026-07-12T19:44:37+00:00
CCH-000064,ACCT-000064,B0001,47.46,2026-07-12T19:44:37+00:00
CCH-000065,ACCT-000065,B0001,711.79,2026-07-12T19:44:37+00:00
CCH-000066,ACCT-000066,B0001,213.75,2026-07-12T19:44:37+00:00
CCH-000067,ACCT-000067,B0001,305.04,2026-07-12T19:44:37+00:00
CCH-000068,ACCT-000068,B0001,677.47,2026-07-12T19:44:37+00:00
CCH-000069,ACCT-000069,B0001,465.16,2026-07-12T19:44:37+00:00
CCH-000070,ACCT-000070,B0001,922.22,2026-07-12T19:44:37+00:00
CCH-000071,ACCT-000071,B0001,877.51,2026-07-12T19:44:37+00:00
CCH-000072,ACCT-000072,B0001,789.92,2026-07-12T19:44:37+00:00
CCH-000073,ACCT-000073,B0001,443.53,2026-07-12T19:44:37+00:00
CCH-000074,ACCT-000074,B0001,610.68,2026-07-12T19:44:37+00:00
CCH-000075,ACCT-000075,B0001,598.75,2026-07-12T19:44:37+00:00
CCH-000076,ACCT-000076,B0001,1072.38,2026-07-12T19:44:37+00:00
CCH-000077,ACCT-000077,B0001,699.91,2026-07-12T19:44:37+00:00
CCH-000078,ACCT-000078,B0001,278.14,2026-07-12T19:44:37+00:00
CCH-000079,ACCT-000079,B0001,238.26,2026-07-12T19:44:37+00:00
CCH-000080,ACCT-000080,B0001,808.31,2026-07-12T19:44:37+00:00
CCH-000081,ACCT-000081,B0001,908.64,2026-07-12T19:44:37+00:00
CCH-000082,ACCT-000082,B0001,746.78,2026-07-12T19:44:37+00:00
CCH-000083,ACCT-000083,B0001,630.43,2026-07-12T19:44:37+00:00
CCH-000084,ACCT-000084,B0001,290.86,2026-07-12T19:44:37+00:00
CCH-000085,ACCT-000085,B0001,396.26,2026-07-12T19:44:37+00:00
CCH-000086,ACCT-000086,B0001,623.63,2026-07-12T19:44:37+00:00
CCH-000087,ACCT-000087,B0001,377.58,2026-07-12T19:44:37+00:00
CCH-000088,ACCT-000088,B0001,711.78,2026-07-12T19:44:37+00:00
CCH-000089,ACCT-000089,B0001,830.19,2026-07-12T19:44:37+00:00
CCH-000090,ACCT-000090,B0001,515.62,2026-07-12T19:44:37+00:00
CCH-000091,ACCT-000091,B0001,491.96,2026-07-12T19:44:37+00:00
CCH-000092,ACCT-000092,B0001,609.43,2026-07-12T19:44:37+00:00
CCH-000093,ACCT-000093,B0001,849.93,2026-07-12T19:44:37+00:00
CCH-000094,ACCT-000094,B0001,756.79,2026-07-12T19:44:37+00:00
CCH-000095,ACCT-000095,B0001,508.89,2026-07-12T19:44:37+00:00
CCH-000096,ACCT-000096,B0001,1113.46,2026-07-12T19:44:37+00:00
CCH-000097,ACCT-000097,B0001,350.93,2026-07-12T19:44:37+00:00
CCH-000098,ACCT-000098,B0001,313.09,2026-07-12T19:44:37+00:00
CCH-000099,ACCT-000099,B0001,646.69,2026-07-12T19:44:37+00:00
CCH-000100,ACCT-000100,B0001,937.08,2026-07-12T19:44:37+00:00
CCH-000101,ACCT-000101,B0001,970.49,2026-07-12T19:44:37+00:00
CCH-000102,ACCT-000102,B0001,344.84,2026-07-12T19:44:37+00:00
CCH-000103,ACCT-000103,B0001,532.37,2026-07-12T19:44:37+00:00
CCH-000104,ACCT-000104,B0001,722.82,2026-07-12T19:44:37+00:00
CCH-000105,ACCT-000105,B0001,237.1,2026-07-12T19:44:37+00:00
CCH-000106,ACCT-000106,B0001,574.5,2026-07-12T19:44:37+00:00
CCH-000107,ACCT-000107,B0001,829.64,2026-07-12T19:44:37+00:00
CCH-000108,ACCT-000108,B0001,678.15,2026-07-12T19:44:37+00:00
CCH-000109,ACCT-000109,B0001,747.19,2026-07-12T19:44:37+00:00
CCH-000110,ACCT-000110,B0001,1096.62,2026-07-12T19:44:37+00:00
CCH-000111,ACCT-000111,B0001,858.52,2026-07-12T19:44:37+00:00
CCH-000112,ACCT-000112,B0001,347.41,2026-07-12T19:44:37+00:00
CCH-000113,ACCT-000113,B0001,898.49,2026-07-12T19:44:37+00:00
CCH-000114,ACCT-000114,B0001,377.37,2026-07-12T19:44:37+00:00
CCH-000115,ACCT-000115,B0001,628.99,2026-07-12T19:44:37+00:00
CCH-000116,ACCT-000116,B0001,1010.07,2026-07-12T19:44:37+00:00
CCH-000117,ACCT-000117,B0001,584.87,2026-07-12T19:44:37+00:00
CCH-000118,ACCT-000118,B0001,432.85,2026-07-12T19:44:37+00:00
CCH-000119,ACCT-000119,B0001,904.54,2026-07-12T19:44:37+00:00
CCH-000120,ACCT-000120,B0001,669.41,2026-07-12T19:44:37+00:00
CCH-000121,ACCT-000070,B0002,697.58,2026-07-12T20:07:48+00:00
CCH-000122,ACCT-000111,B0002,404.39,2026-07-12T20:07:48+00:00
CCH-000123,ACCT-000083,B0002,767.53,2026-07-12T20:07:48+00:00
CCH-000124,ACCT-000079,B0002,373.54,2026-07-12T20:07:48+00:00
CCH-000125,ACCT-000072,B0002,319.9,2026-07-12T20:07:48+00:00
CCH-000126,ACCT-000027,B0002,707.62,2026-07-12T20:07:48+00:00
CCH-000127,ACCT-000023,B0002,559.14,2026-07-12T20:07:48+00:00
CCH-000128,ACCT-000016,B0002,514.02,2026-07-12T20:07:48+00:00
CCH-000129,ACCT-000041,B0002,890.33,2026-07-12T20:07:48+00:00
CCH-000130,ACCT-000042,B0002,329.45,2026-07-12T20:07:48+00:00
CCH-000131,ACCT-000058,B0002,451.84,2026-07-12T20:07:48+00:00
CCH-000132,ACCT-000025,B0002,391.58,2026-07-12T20:07:48+00:00
CCH-000133,ACCT-000052,B0002,55.38,2026-07-12T20:07:48+00:00
CCH-000134,ACCT-000076,B0002,276.45,2026-07-12T20:07:48+00:00
CCH-000135,ACCT-000013,B0002,572.52,2026-07-12T20:07:48+00:00
CCH-000136,ACCT-000113,B0002,286.93,2026-07-12T20:07:48+00:00
CCH-000137,ACCT-000005,B0002,266.87,2026-07-12T20:07:48+00:00
CCH-000138,ACCT-000037,B0002,689.79,2026-07-12T20:07:48+00:00
CCH-000139,ACCT-000001,B0002,209.43,2026-07-12T20:07:48+00:00
CCH-000140,ACCT-000107,B0002,341.18,2026-07-12T20:07:48+00:00
CCH-000141,ACCT-000038,B0002,649.72,2026-07-12T20:07:48+00:00
CCH-000142,ACCT-000028,B0002,425.12,2026-07-12T20:07:48+00:00
CCH-000143,ACCT-000116,B0002,559.27,2026-07-12T20:07:48+00:00
CCH-000144,ACCT-000074,B0002,390.21,2026-07-12T20:07:48+00:00
CCH-000145,ACCT-000012,B0002,37.72,2026-07-12T20:07:48+00:00
CCH-000146,ACCT-000120,B0002,459.65,2026-07-12T20:07:48+00:00
CCH-000147,ACCT-000078,B0002,209.98,2026-07-12T20:07:48+00:00
CCH-000148,ACCT-000121,B0002,907.05,2026-07-12T20:07:48+00:00
CCH-000149,ACCT-000122,B0002,374.19,2026-07-12T20:07:48+00:00
CCH-000150,ACCT-000103,B0003,513.71,2026-07-12T21:41:14+00:00
CCH-000151,ACCT-000017,B0003,291.3,2026-07-12T21:41:14+00:00
CCH-000152,ACCT-000093,B0003,101.92,2026-07-12T21:41:14+00:00
CCH-000153,ACCT-000089,B0003,1031.96,2026-07-12T21:41:14+00:00
CCH-000154,ACCT-000082,B0003,333.53,2026-07-12T21:41:14+00:00
CCH-000155,ACCT-000109,B0003,374.72,2026-07-12T21:41:14+00:00
CCH-000156,ACCT-000066,B0003,855.78,2026-07-12T21:41:14+00:00
CCH-000157,ACCT-000024,B0003,929.66,2026-07-12T21:41:14+00:00
CCH-000158,ACCT-000010,B0003,176.68,2026-07-12T21:41:14+00:00
CCH-000159,ACCT-000025,B0003,512.52,2026-07-12T21:41:14+00:00
CCH-000160,ACCT-000114,B0003,788.81,2026-07-12T21:41:14+00:00
CCH-000161,ACCT-000080,B0003,340.36,2026-07-12T21:41:14+00:00
CCH-000162,ACCT-000011,B0003,429.94,2026-07-12T21:41:14+00:00
CCH-000163,ACCT-000018,B0003,909.79,2026-07-12T21:41:14+00:00
CCH-000164,ACCT-000029,B0003,648.95,2026-07-12T21:41:14+00:00
CCH-000165,ACCT-000096,B0003,519.65,2026-07-12T21:41:14+00:00
CCH-000166,ACCT-000100,B0003,369.42,2026-07-12T21:41:14+00:00
CCH-000167,ACCT-000084,B0003,381.83,2026-07-12T21:41:14+00:00
CCH-000168,ACCT-000044,B0003,749.35,2026-07-12T21:41:14+00:00
CCH-000169,ACCT-000046,B0003,659.48,2026-07-12T21:41:14+00:00
CCH-000170,ACCT-000091,B0003,317.39,2026-07-12T21:41:14+00:00
CCH-000171,ACCT-000028,B0003,715.19,2026-07-12T21:41:14+00:00
CCH-000172,ACCT-000112,B0003,583.66,2026-07-12T21:41:14+00:00
CCH-000173,ACCT-000038,B0003,664.59,2026-07-12T21:41:14+00:00
CCH-000174,ACCT-000085,B0003,195.75,2026-07-12T21:41:14+00:00
CCH-000175,ACCT-000095,B0003,275.36,2026-07-12T21:41:14+00:00
CCH-000176,ACCT-000087,B0003,947.8,2026-07-12T21:41:14+00:00
CCH-000177,ACCT-000036,B0003,605.86,2026-07-12T21:41:14+00:00
CCH-000178,ACCT-000053,B0003,225.1,2026-07-12T21:41:14+00:00
CCH-000179,ACCT-000101,B0003,633.27,2026-07-12T21:41:14+00:00
CCH-000180,ACCT-000033,B0003,840.59,2026-07-12T21:41:14+00:00
CCH-000181,ACCT-000121,B0003,456.39,2026-07-12T21:41:14+00:00
CCH-000182,ACCT-000123,B0003,1003.73,2026-07-12T21:41:14+00:00
CCH-000183,ACCT-000124,B0003,547.41,2026-07-12T21:41:14+00:00
CCH-000184,ACCT-000125,B0003,692.9,2026-07-12T21:41:14+00:00
CCH-000185,ACCT-000126,B0003,773.49,2026-07-12T21:41:14+00:00
CCH-000186,ACCT-000064,B0004,172.69,2026-07-12T22:39:31+00:00
CCH-000187,ACCT-000034,B0004,477.61,2026-07-12T22:39:31+00:00
CCH-000188,ACCT-000096,B0004,49.8,2026-07-12T22:39:31+00:00
CCH-000189,ACCT-000091,B0004,591.63,2026-07-12T22:39:31+00:00
CCH-000190,ACCT-000068,B0004,664.19,2026-07-12T22:39:31+00:00
CCH-000191,ACCT-000029,B0004,793.94,2026-07-12T22:39:31+00:00
CCH-000192,ACCT-000047,B0004,660.01,2026-07-12T22:39:31+00:00
CCH-000193,ACCT-000083,B0004,156.14,2026-07-12T22:39:31+00:00
CCH-000194,ACCT-000052,B0004,710.57,2026-07-12T22:39:31+00:00
CCH-000195,ACCT-000001,B0004,790.05,2026-07-12T22:39:31+00:00
CCH-000196,ACCT-000022,B0004,284.93,2026-07-12T22:39:31+00:00
CCH-000197,ACCT-000016,B0004,547.89,2026-07-12T22:39:31+00:00
CCH-000198,ACCT-000102,B0004,371.96,2026-07-12T22:39:31+00:00
CCH-000199,ACCT-000113,B0004,1215.68,2026-07-12T22:39:31+00:00
CCH-000200,ACCT-000013,B0004,322.56,2026-07-12T22:39:31+00:00
CCH-000201,ACCT-000121,B0004,476.98,2026-07-12T22:39:31+00:00
CCH-000202,ACCT-000030,B0004,450.82,2026-07-12T22:39:31+00:00
CCH-000203,ACCT-000043,B0004,607.74,2026-07-12T22:39:31+00:00
CCH-000204,ACCT-000105,B0004,680.66,2026-07-12T22:39:31+00:00
CCH-000205,ACCT-000028,B0004,883.68,2026-07-12T22:39:31+00:00
CCH-000206,ACCT-000010,B0004,806.95,2026-07-12T22:39:31+00:00
CCH-000207,ACCT-000109,B0004,815.63,2026-07-12T22:39:31+00:00
CCH-000208,ACCT-000103,B0004,223.12,2026-07-12T22:39:31+00:00
CCH-000209,ACCT-000125,B0004,806.75,2026-07-12T22:39:31+00:00
CCH-000210,ACCT-000046,B0004,673.29,2026-07-12T22:39:31+00:00
CCH-000211,ACCT-000114,B0004,180.8,2026-07-12T22:39:31+00:00
CCH-000212,ACCT-000011,B0004,259.81,2026-07-12T22:39:31+00:00
CCH-000213,ACCT-000089,B0004,442.17,2026-07-12T22:39:31+00:00
CCH-000214,ACCT-000092,B0004,40.46,2026-07-12T22:39:31+00:00
CCH-000215,ACCT-000111,B0004,388.51,2026-07-12T22:39:31+00:00
CCH-000216,ACCT-000079,B0004,418.53,2026-07-12T22:39:31+00:00
CCH-000217,ACCT-000127,B0004,615.33,2026-07-12T22:39:31+00:00
CCH-000218,ACCT-000128,B0004,314.27,2026-07-12T22:39:31+00:00
CCH-000219,ACCT-000073,B0005,670.15,2026-07-12T23:44:19+00:00
CCH-000220,ACCT-000115,B0005,746.44,2026-07-12T23:44:19+00:00
CCH-000221,ACCT-000017,B0005,86.45,2026-07-12T23:44:19+00:00
CCH-000222,ACCT-000043,B0005,249.52,2026-07-12T23:44:19+00:00
CCH-000223,ACCT-000050,B0005,908.7,2026-07-12T23:44:19+00:00
CCH-000224,ACCT-000083,B0005,829.71,2026-07-12T23:44:19+00:00
CCH-000225,ACCT-000070,B0005,581.27,2026-07-12T23:44:19+00:00
CCH-000226,ACCT-000075,B0005,358.44,2026-07-12T23:44:19+00:00
CCH-000227,ACCT-000012,B0005,705.61,2026-07-12T23:44:19+00:00
CCH-000228,ACCT-000076,B0005,1229.18,2026-07-12T23:44:19+00:00
CCH-000229,ACCT-000128,B0005,393.95,2026-07-12T23:44:19+00:00
CCH-000230,ACCT-000118,B0005,664.28,2026-07-12T23:44:19+00:00
CCH-000231,ACCT-000047,B0005,606.71,2026-07-12T23:44:19+00:00
CCH-000232,ACCT-000031,B0005,363.66,2026-07-12T23:44:19+00:00
CCH-000233,ACCT-000093,B0005,832.74,2026-07-12T23:44:19+00:00
CCH-000234,ACCT-000049,B0005,809.49,2026-07-12T23:44:19+00:00
CCH-000235,ACCT-000057,B0005,605.43,2026-07-12T23:44:19+00:00
CCH-000236,ACCT-000097,B0005,1104.85,2026-07-12T23:44:19+00:00
CCH-000237,ACCT-000013,B0005,278.27,2026-07-12T23:44:19+00:00
CCH-000238,ACCT-000005,B0005,391.17,2026-07-12T23:44:19+00:00
CCH-000239,ACCT-000074,B0005,1108.09,2026-07-12T23:44:19+00:00
CCH-000240,ACCT-000104,B0005,237.94,2026-07-12T23:44:19+00:00
CCH-000241,ACCT-000086,B0005,381.22,2026-07-12T23:44:19+00:00
CCH-000242,ACCT-000018,B0005,462.09,2026-07-12T23:44:19+00:00
CCH-000243,ACCT-000026,B0005,810.24,2026-07-12T23:44:19+00:00
CCH-000244,ACCT-000072,B0005,815.06,2026-07-12T23:44:19+00:00
CCH-000245,ACCT-000038,B0005,128.04,2026-07-12T23:44:19+00:00
CCH-000246,ACCT-000080,B0005,808.47,2026-07-12T23:44:19+00:00
CCH-000247,ACCT-000114,B0005,180.24,2026-07-12T23:44:19+00:00
CCH-000248,ACCT-000011,B0005,434.44,2026-07-12T23:44:19+00:00
CCH-000249,ACCT-000084,B0005,611.38,2026-07-12T23:44:19+00:00
CCH-000250,ACCT-000095,B0005,716.42,2026-07-12T23:44:19+00:00
CCH-000251,ACCT-000034,B0005,1033.92,2026-07-12T23:44:19+00:00
CCH-000252,ACCT-000081,B0005,1056.3,2026-07-12T23:44:19+00:00
CCH-000253,ACCT-000129,B0005,649.09,2026-07-12T23:44:19+00:00
CCH-000254,ACCT-000130,B0005,25.9,2026-07-12T23:44:19+00:00
CCH-000255,ACCT-000048,B0006,911.3,2026-07-14T22:50:00+00:00
CCH-000256,ACCT-000064,B0006,563.13,2026-07-14T22:50:00+00:00
CCH-000257,ACCT-000076,B0006,975.1,2026-07-14T22:50:00+00:00
CCH-000258,ACCT-000041,B0006,29.5,2026-07-14T22:50:00+00:00
CCH-000259,ACCT-000052,B0006,760.16,2026-07-14T22:50:00+00:00
CCH-000260,ACCT-000011,B0006,165.86,2026-07-14T22:50:00+00:00
CCH-000261,ACCT-000047,B0006,575.83,2026-07-14T22:50:00+00:00
CCH-000262,ACCT-000034,B0006,841.21,2026-07-14T22:50:00+00:00
CCH-000263,ACCT-000036,B0006,301.51,2026-07-14T22:50:00+00:00
CCH-000264,ACCT-000069,B0006,682.24,2026-07-14T22:50:00+00:00
CCH-000265,ACCT-000124,B0006,841.99,2026-07-14T22:50:00+00:00
CCH-000266,ACCT-000039,B0006,319.43,2026-07-14T22:50:00+00:00
CCH-000267,ACCT-000090,B0006,150.45,2026-07-14T22:50:00+00:00
CCH-000268,ACCT-000129,B0006,454.39,2026-07-14T22:50:00+00:00
CCH-000269,ACCT-000022,B0006,283.1,2026-07-14T22:50:00+00:00
CCH-000270,ACCT-000118,B0006,141.34,2026-07-14T22:50:00+00:00
CCH-000271,ACCT-000105,B0006,635.37,2026-07-14T22:50:00+00:00
CCH-000272,ACCT-000038,B0006,683.06,2026-07-14T22:50:00+00:00
CCH-000273,ACCT-000109,B0006,872.86,2026-07-14T22:50:00+00:00
CCH-000274,ACCT-000119,B0006,784.07,2026-07-14T22:50:00+00:00
CCH-000275,ACCT-000081,B0006,135.12,2026-07-14T22:50:00+00:00
CCH-000276,ACCT-000120,B0006,188.73,2026-07-14T22:50:00+00:00
CCH-000277,ACCT-000020,B0006,473.86,2026-07-14T22:50:00+00:00
CCH-000278,ACCT-000057,B0006,1120.6,2026-07-14T22:50:00+00:00
CCH-000279,ACCT-000033,B0006,1083.51,2026-07-14T22:50:00+00:00
CCH-000280,ACCT-000093,B0006,171.04,2026-07-14T22:50:00+00:00
CCH-000281,ACCT-000112,B0006,335.45,2026-07-14T22:50:00+00:00
CCH-000282,ACCT-000088,B0006,154.22,2026-07-14T22:50:00+00:00
CCH-000283,ACCT-000131,B0006,814.8,2026-07-14T22:50:00+00:00
CCH-000284,ACCT-000132,B0006,790.18,2026-07-14T22:50:00+00:00
CCH-000285,ACCT-000133,B0006,725.3,2026-07-14T22:50:00+00:00
CCH-000286,ACCT-000084,B0007,249.22,2026-07-14T23:44:01+00:00
CCH-000287,ACCT-000089,B0007,651.44,2026-07-14T23:44:01+00:00
CCH-000288,ACCT-000117,B0007,49.61,2026-07-14T23:44:01+00:00
CCH-000289,ACCT-000039,B0007,943.44,2026-07-14T23:44:01+00:00
CCH-000290,ACCT-000109,B0007,743.97,2026-07-14T23:44:01+00:00
CCH-000291,ACCT-000076,B0007,574.32,2026-07-14T23:44:01+00:00
CCH-000292,ACCT-000037,B0007,286.69,2026-07-14T23:44:01+00:00
CCH-000293,ACCT-000035,B0007,246.54,2026-07-14T23:44:01+00:00
CCH-000294,ACCT-000003,B0007,251.27,2026-07-14T23:44:01+00:00
CCH-000295,ACCT-000045,B0007,588.47,2026-07-14T23:44:01+00:00
CCH-000296,ACCT-000032,B0007,389.86,2026-07-14T23:44:01+00:00
CCH-000297,ACCT-000087,B0007,179.1,2026-07-14T23:44:01+00:00
CCH-000298,ACCT-000115,B0007,732.61,2026-07-14T23:44:01+00:00
CCH-000299,ACCT-000128,B0007,196.91,2026-07-14T23:44:01+00:00
CCH-000300,ACCT-000057,B0007,249.91,2026-07-14T23:44:01+00:00
CCH-000301,ACCT-000123,B0007,747.06,2026-07-14T23:44:01+00:00
CCH-000302,ACCT-000120,B0007,338.45,2026-07-14T23:44:01+00:00
CCH-000303,ACCT-000053,B0007,803.06,2026-07-14T23:44:01+00:00
CCH-000304,ACCT-000006,B0007,989.4,2026-07-14T23:44:01+00:00
CCH-000305,ACCT-000088,B0007,180.06,2026-07-14T23:44:01+00:00
CCH-000306,ACCT-000018,B0007,341.06,2026-07-14T23:44:01+00:00
CCH-000307,ACCT-000067,B0007,500.99,2026-07-14T23:44:01+00:00
CCH-000308,ACCT-000105,B0007,364.43,2026-07-14T23:44:01+00:00
CCH-000309,ACCT-000101,B0007,415.52,2026-07-14T23:44:01+00:00
CCH-000310,ACCT-000127,B0007,837.18,2026-07-14T23:44:01+00:00
CCH-000311,ACCT-000134,B0007,1127.82,2026-07-14T23:44:01+00:00
CCH-000312,ACCT-000135,B0007,1002.38,2026-07-14T23:44:01+00:00
CCH-000313,ACCT-000136,B0007,847.7,2026-07-14T23:44:01+00:00
CCH-000314,ACCT-000137,B0007,821.38,2026-07-14T23:44:01+00:00
CCH-000315,ACCT-000133,B0008,698.39,2026-07-15T01:41:57+00:00
CCH-000316,ACCT-000105,B0008,399.19,2026-07-15T01:41:57+00:00
CCH-000317,ACCT-000126,B0008,168.86,2026-07-15T01:41:57+00:00
CCH-000318,ACCT-000026,B0008,576.99,2026-07-15T01:41:57+00:00
CCH-000319,ACCT-000032,B0008,560.45,2026-07-15T01:41:57+00:00
CCH-000320,ACCT-000084,B0008,79.26,2026-07-15T01:41:57+00:00
CCH-000321,ACCT-000008,B0008,500.43,2026-07-15T01:41:57+00:00
CCH-000322,ACCT-000024,B0008,439.73,2026-07-15T01:41:57+00:00
CCH-000323,ACCT-000113,B0008,290.83,2026-07-15T01:41:57+00:00
CCH-000324,ACCT-000076,B0008,584.55,2026-07-15T01:41:57+00:00
CCH-000325,ACCT-000029,B0008,285.56,2026-07-15T01:41:57+00:00
CCH-000326,ACCT-000058,B0008,896.06,2026-07-15T01:41:57+00:00
CCH-000327,ACCT-000114,B0008,382.13,2026-07-15T01:41:57+00:00
CCH-000328,ACCT-000124,B0008,586.88,2026-07-15T01:41:57+00:00
CCH-000329,ACCT-000115,B0008,280.13,2026-07-15T01:41:57+00:00
CCH-000330,ACCT-000132,B0008,114.57,2026-07-15T01:41:57+00:00
CCH-000331,ACCT-000006,B0008,270.75,2026-07-15T01:41:57+00:00
CCH-000332,ACCT-000127,B0008,766.33,2026-07-15T01:41:57+00:00
CCH-000333,ACCT-000069,B0008,486.16,2026-07-15T01:41:57+00:00
CCH-000334,ACCT-000098,B0008,576.78,2026-07-15T01:41:57+00:00
CCH-000335,ACCT-000063,B0008,296.66,2026-07-15T01:41:57+00:00
CCH-000336,ACCT-000064,B0008,211.87,2026-07-15T01:41:57+00:00
CCH-000337,ACCT-000030,B0008,105.24,2026-07-15T01:41:57+00:00
CCH-000338,ACCT-000083,B0008,350.16,2026-07-15T01:41:57+00:00
CCH-000339,ACCT-000081,B0008,486.81,2026-07-15T01:41:57+00:00
CCH-000340,ACCT-000033,B0008,580.08,2026-07-15T01:41:57+00:00
CCH-000341,ACCT-000077,B0008,541.06,2026-07-15T01:41:57+00:00
CCH-000342,ACCT-000051,B0008,39.67,2026-07-15T01:41:57+00:00
CCH-000343,ACCT-000130,B0008,676.8,2026-07-15T01:41:57+00:00
CCH-000344,ACCT-000100,B0008,203.89,2026-07-15T01:41:57+00:00
CCH-000345,ACCT-000052,B0008,920.72,2026-07-15T01:41:57+00:00
CCH-000346,ACCT-000138,B0008,844.21,2026-07-15T01:41:57+00:00
CCH-000347,ACCT-000139,B0008,210.54,2026-07-15T01:41:57+00:00
CCH-000348,ACCT-000140,B0008,268.18,2026-07-15T01:41:57+00:00
CCH-000349,ACCT-000081,B0009,1006.14,2026-07-15T04:44:07+00:00
CCH-000350,ACCT-000029,B0009,842.28,2026-07-15T04:44:07+00:00
CCH-000351,ACCT-000057,B0009,866.97,2026-07-15T04:44:07+00:00
CCH-000352,ACCT-000096,B0009,338.45,2026-07-15T04:44:07+00:00
CCH-000353,ACCT-000085,B0009,669.64,2026-07-15T04:44:07+00:00
CCH-000354,ACCT-000120,B0009,589.73,2026-07-15T04:44:07+00:00
CCH-000355,ACCT-000101,B0009,671.68,2026-07-15T04:44:07+00:00
CCH-000356,ACCT-000097,B0009,834.98,2026-07-15T04:44:07+00:00
CCH-000357,ACCT-000079,B0009,344.62,2026-07-15T04:44:07+00:00
CCH-000358,ACCT-000137,B0009,223.92,2026-07-15T04:44:07+00:00
CCH-000359,ACCT-000071,B0009,467.23,2026-07-15T04:44:07+00:00
CCH-000360,ACCT-000005,B0009,148.18,2026-07-15T04:44:07+00:00
CCH-000361,ACCT-000094,B0009,97.47,2026-07-15T04:44:07+00:00
CCH-000362,ACCT-000063,B0009,267.48,2026-07-15T04:44:07+00:00
CCH-000363,ACCT-000128,B0009,333.08,2026-07-15T04:44:07+00:00
CCH-000364,ACCT-000068,B0009,546.22,2026-07-15T04:44:07+00:00
CCH-000365,ACCT-000048,B0009,826.19,2026-07-15T04:44:07+00:00
CCH-000366,ACCT-000087,B0009,340.14,2026-07-15T04:44:07+00:00
CCH-000367,ACCT-000062,B0009,233.73,2026-07-15T04:44:07+00:00
CCH-000368,ACCT-000091,B0009,285.64,2026-07-15T04:44:07+00:00
CCH-000369,ACCT-000092,B0009,294.9,2026-07-15T04:44:07+00:00
CCH-000370,ACCT-000026,B0009,881.39,2026-07-15T04:44:07+00:00
CCH-000371,ACCT-000113,B0009,233.09,2026-07-15T04:44:07+00:00
CCH-000372,ACCT-000006,B0009,943.71,2026-07-15T04:44:07+00:00
CCH-000373,ACCT-000061,B0009,229.2,2026-07-15T04:44:07+00:00
CCH-000374,ACCT-000108,B0009,114.04,2026-07-15T04:44:07+00:00
CCH-000375,ACCT-000058,B0009,575.45,2026-07-15T04:44:07+00:00
CCH-000376,ACCT-000067,B0009,469.14,2026-07-15T04:44:07+00:00
CCH-000377,ACCT-000055,B0009,221.21,2026-07-15T04:44:07+00:00
CCH-000378,ACCT-000119,B0009,395.4,2026-07-15T04:44:07+00:00
CCH-000379,ACCT-000141,B0009,361.08,2026-07-15T04:44:07+00:00
CCH-000380,ACCT-000142,B0009,869.0,2026-07-15T04:44:07+00:00
CCH-000381,ACCT-000143,B0009,795.66,2026-07-15T04:44:07+00:00
CCH-000382,ACCT-000063,B0010,905.14,2026-07-15T07:08:34+00:00
CCH-000383,ACCT-000103,B0010,192.21,2026-07-15T07:08:34+00:00
CCH-000384,ACCT-000052,B0010,301.15,2026-07-15T07:08:34+00:00
CCH-000385,ACCT-000041,B0010,219.81,2026-07-15T07:08:34+00:00
CCH-000386,ACCT-000076,B0010,476.74,2026-07-15T07:08:34+00:00
CCH-000387,ACCT-000075,B0010,674.35,2026-07-15T07:08:34+00:00
CCH-000388,ACCT-000095,B0010,807.53,2026-07-15T07:08:34+00:00
CCH-000389,ACCT-000003,B0010,262.96,2026-07-15T07:08:34+00:00
CCH-000390,ACCT-000127,B0010,429.33,2026-07-15T07:08:34+00:00
CCH-000391,ACCT-000092,B0010,342.48,2026-07-15T07:08:34+00:00
CCH-000392,ACCT-000010,B0010,646.21,2026-07-15T07:08:34+00:00
CCH-000393,ACCT-000021,B0010,488.18,2026-07-15T07:08:34+00:00
CCH-000394,ACCT-000136,B0010,209.0,2026-07-15T07:08:34+00:00
CCH-000395,ACCT-000061,B0010,358.65,2026-07-15T07:08:34+00:00
CCH-000396,ACCT-000119,B0010,201.02,2026-07-15T07:08:34+00:00
CCH-000397,ACCT-000002,B0010,908.38,2026-07-15T07:08:34+00:00
CCH-000398,ACCT-000053,B0010,383.95,2026-07-15T07:08:34+00:00
CCH-000399,ACCT-000084,B0010,188.56,2026-07-15T07:08:34+00:00
CCH-000400,ACCT-000018,B0010,1285.36,2026-07-15T07:08:34+00:00
CCH-000401,ACCT-000074,B0010,156.0,2026-07-15T07:08:34+00:00
CCH-000402,ACCT-000143,B0010,300.63,2026-07-15T07:08:34+00:00
CCH-000403,ACCT-000049,B0010,189.67,2026-07-15T07:08:34+00:00
CCH-000404,ACCT-000097,B0010,563.64,2026-07-15T07:08:34+00:00
CCH-000405,ACCT-000048,B0010,716.51,2026-07-15T07:08:34+00:00
CCH-000406,ACCT-000039,B0010,377.15,2026-07-15T07:08:34+00:00
CCH-000407,ACCT-000038,B0010,371.09,2026-07-15T07:08:34+00:00
CCH-000408,ACCT-000006,B0010,71.96,2026-07-15T07:08:34+00:00
CCH-000409,ACCT-000124,B0010,133.58,2026-07-15T07:08:34+00:00
CCH-000410,ACCT-000137,B0010,195.34,2026-07-15T07:08:34+00:00
CCH-000411,ACCT-000117,B0010,996.45,2026-07-15T07:08:34+00:00
CCH-000412,ACCT-000077,B0010,825.36,2026-07-15T07:08:34+00:00
CCH-000413,ACCT-000031,B0010,66.36,2026-07-15T07:08:34+00:00
CCH-000414,ACCT-000144,B0010,299.24,2026-07-15T07:08:34+00:00
CCH-000415,ACCT-000145,B0010,711.56,2026-07-15T07:08:34+00:00
CCH-000416,ACCT-000024,B0011,446.31,2026-07-15T09:27:10+00:00
CCH-000417,ACCT-000055,B0011,355.25,2026-07-15T09:27:10+00:00
CCH-000418,ACCT-000107,B0011,354.67,2026-07-15T09:27:10+00:00
CCH-000419,ACCT-000086,B0011,257.55,2026-07-15T09:27:10+00:00
CCH-000420,ACCT-000088,B0011,280.1,2026-07-15T09:27:10+00:00
CCH-000421,ACCT-000114,B0011,88.15,2026-07-15T09:27:10+00:00
CCH-000422,ACCT-000133,B0011,213.55,2026-07-15T09:27:10+00:00
CCH-000423,ACCT-000058,B0011,58.24,2026-07-15T09:27:10+00:00
CCH-000424,ACCT-000125,B0011,481.34,2026-07-15T09:27:10+00:00
CCH-000425,ACCT-000062,B0011,458.87,2026-07-15T09:27:10+00:00
CCH-000426,ACCT-000077,B0011,569.46,2026-07-15T09:27:10+00:00
CCH-000427,ACCT-000116,B0011,313.12,2026-07-15T09:27:10+00:00
CCH-000428,ACCT-000059,B0011,1168.72,2026-07-15T09:27:10+00:00
CCH-000429,ACCT-000016,B0011,645.86,2026-07-15T09:27:10+00:00
CCH-000430,ACCT-000115,B0011,291.93,2026-07-15T09:27:10+00:00
CCH-000431,ACCT-000067,B0011,964.5,2026-07-15T09:27:10+00:00
CCH-000432,ACCT-000074,B0011,403.89,2026-07-15T09:27:10+00:00
CCH-000433,ACCT-000010,B0011,176.12,2026-07-15T09:27:10+00:00
CCH-000434,ACCT-000008,B0011,119.8,2026-07-15T09:27:10+00:00
CCH-000435,ACCT-000050,B0011,918.49,2026-07-15T09:27:10+00:00
CCH-000436,ACCT-000071,B0011,488.64,2026-07-15T09:27:10+00:00
CCH-000437,ACCT-000099,B0011,921.9,2026-07-15T09:27:10+00:00
CCH-000438,ACCT-000075,B0011,768.82,2026-07-15T09:27:10+00:00
CCH-000439,ACCT-000121,B0011,184.72,2026-07-15T09:27:10+00:00
CCH-000440,ACCT-000095,B0011,454.23,2026-07-15T09:27:10+00:00
CCH-000441,ACCT-000043,B0011,473.12,2026-07-15T09:27:10+00:00
CCH-000442,ACCT-000096,B0011,1064.76,2026-07-15T09:27:10+00:00
CCH-000443,ACCT-000030,B0011,951.21,2026-07-15T09:27:10+00:00
CCH-000444,ACCT-000073,B0011,206.61,2026-07-15T09:27:10+00:00
CCH-000445,ACCT-000068,B0011,393.24,2026-07-15T09:27:10+00:00
CCH-000446,ACCT-000006,B0011,801.05,2026-07-15T09:27:10+00:00
CCH-000447,ACCT-000146,B0011,242.31,2026-07-15T09:27:10+00:00
CCH-000448,ACCT-000147,B0011,982.14,2026-07-15T09:27:10+00:00
CCH-000449,ACCT-000148,B0011,634.09,2026-07-15T09:27:10+00:00
CCH-000450,ACCT-000125,B0012,1093.57,2026-07-15T11:08:21+00:00
CCH-000451,ACCT-000071,B0012,891.87,2026-07-15T11:08:21+00:00
CCH-000452,ACCT-000036,B0012,807.24,2026-07-15T11:08:21+00:00
CCH-000453,ACCT-000070,B0012,194.7,2026-07-15T11:08:21+00:00
CCH-000454,ACCT-000020,B0012,1051.18,2026-07-15T11:08:21+00:00
CCH-000455,ACCT-000081,B0012,638.25,2026-07-15T11:08:21+00:00
CCH-000456,ACCT-000127,B0012,744.02,2026-07-15T11:08:21+00:00
CCH-000457,ACCT-000035,B0012,444.94,2026-07-15T11:08:21+00:00
CCH-000458,ACCT-000078,B0012,232.37,2026-07-15T11:08:21+00:00
CCH-000459,ACCT-000093,B0012,128.21,2026-07-15T11:08:21+00:00
CCH-000460,ACCT-000104,B0012,115.24,2026-07-15T11:08:21+00:00
CCH-000461,ACCT-000105,B0012,158.16,2026-07-15T11:08:21+00:00
CCH-000462,ACCT-000108,B0012,71.35,2026-07-15T11:08:21+00:00
CCH-000463,ACCT-000068,B0012,671.57,2026-07-15T11:08:21+00:00
CCH-000464,ACCT-000029,B0012,232.6,2026-07-15T11:08:21+00:00
CCH-000465,ACCT-000013,B0012,73.74,2026-07-15T11:08:21+00:00
CCH-000466,ACCT-000072,B0012,873.89,2026-07-15T11:08:21+00:00
CCH-000467,ACCT-000126,B0012,725.27,2026-07-15T11:08:21+00:00
CCH-000468,ACCT-000141,B0012,214.28,2026-07-15T11:08:21+00:00
CCH-000469,ACCT-000143,B0012,738.29,2026-07-15T11:08:21+00:00
CCH-000470,ACCT-000034,B0012,948.77,2026-07-15T11:08:21+00:00
CCH-000471,ACCT-000027,B0012,720.7,2026-07-15T11:08:21+00:00
CCH-000472,ACCT-000062,B0012,357.41,2026-07-15T11:08:21+00:00
CCH-000473,ACCT-000073,B0012,207.38,2026-07-15T11:08:21+00:00
CCH-000474,ACCT-000045,B0012,416.2,2026-07-15T11:08:21+00:00
CCH-000475,ACCT-000139,B0012,1109.23,2026-07-15T11:08:21+00:00
CCH-000476,ACCT-000149,B0012,1101.86,2026-07-15T11:08:21+00:00
CCH-000477,ACCT-000150,B0012,834.75,2026-07-15T11:08:21+00:00
CCH-000478,ACCT-000151,B0012,371.58,2026-07-15T11:08:21+00:00
CCH-000479,ACCT-000075,B0013,31.16,2026-07-15T12:49:22+00:00
CCH-000480,ACCT-000123,B0013,947.46,2026-07-15T12:49:22+00:00
CCH-000481,ACCT-000013,B0013,1031.45,2026-07-15T12:49:22+00:00
CCH-000482,ACCT-000050,B0013,397.04,2026-07-15T12:49:22+00:00
CCH-000483,ACCT-000041,B0013,1008.3,2026-07-15T12:49:22+00:00
CCH-000484,ACCT-000132,B0013,381.41,2026-07-15T12:49:22+00:00
CCH-000485,ACCT-000025,B0013,889.14,2026-07-15T12:49:22+00:00
CCH-000486,ACCT-000061,B0013,578.35,2026-07-15T12:49:22+00:00
CCH-000487,ACCT-000126,B0013,727.68,2026-07-15T12:49:22+00:00
CCH-000488,ACCT-000051,B0013,686.22,2026-07-15T12:49:22+00:00
CCH-000489,ACCT-000150,B0013,852.57,2026-07-15T12:49:22+00:00
CCH-000490,ACCT-000059,B0013,106.98,2026-07-15T12:49:22+00:00
CCH-000491,ACCT-000121,B0013,727.77,2026-07-15T12:49:22+00:00
CCH-000492,ACCT-000032,B0013,614.94,2026-07-15T12:49:22+00:00
CCH-000493,ACCT-000118,B0013,702.84,2026-07-15T12:49:22+00:00
CCH-000494,ACCT-000080,B0013,109.85,2026-07-15T12:49:22+00:00
CCH-000495,ACCT-000017,B0013,901.65,2026-07-15T12:49:22+00:00
CCH-000496,ACCT-000099,B0013,57.12,2026-07-15T12:49:22+00:00
CCH-000497,ACCT-000005,B0013,370.93,2026-07-15T12:49:22+00:00
CCH-000498,ACCT-000088,B0013,607.56,2026-07-15T12:49:22+00:00
CCH-000499,ACCT-000124,B0013,1035.07,2026-07-15T12:49:22+00:00
CCH-000500,ACCT-000115,B0013,274.19,2026-07-15T12:49:22+00:00
CCH-000501,ACCT-000056,B0013,379.77,2026-07-15T12:49:22+00:00
CCH-000502,ACCT-000014,B0013,411.4,2026-07-15T12:49:22+00:00
CCH-000503,ACCT-000120,B0013,108.74,2026-07-15T12:49:22+00:00
CCH-000504,ACCT-000083,B0013,277.84,2026-07-15T12:49:22+00:00
CCH-000505,ACCT-000101,B0013,475.95,2026-07-15T12:49:22+00:00
CCH-000506,ACCT-000102,B0013,1013.06,2026-07-15T12:49:22+00:00
CCH-000507,ACCT-000134,B0013,696.11,2026-07-15T12:49:22+00:00
CCH-000508,ACCT-000135,B0013,30.62,2026-07-15T12:49:22+00:00
CCH-000509,ACCT-000098,B0013,537.48,2026-07-15T12:49:22+00:00
CCH-000510,ACCT-000106,B0013,921.16,2026-07-15T12:49:22+00:00
CCH-000511,ACCT-000007,B0013,485.82,2026-07-15T12:49:22+00:00
CCH-000512,ACCT-000012,B0013,558.31,2026-07-15T12:49:22+00:00
CCH-000513,ACCT-000060,B0013,997.89,2026-07-15T12:49:22+00:00
CCH-000514,ACCT-000152,B0013,296.21,2026-07-15T12:49:22+00:00
CCH-000515,ACCT-000153,B0013,1046.1,2026-07-15T12:49:22+00:00
CCH-000516,ACCT-000154,B0013,449.99,2026-07-15T12:49:22+00:00
CCH-000517,ACCT-000049,B0014,812.07,2026-07-15T14:43:18+00:00
CCH-000518,ACCT-000078,B0014,737.7,2026-07-15T14:43:18+00:00
CCH-000519,ACCT-000148,B0014,836.17,2026-07-15T14:43:18+00:00
CCH-000520,ACCT-000093,B0014,190.54,2026-07-15T14:43:18+00:00
CCH-000521,ACCT-000004,B0014,1189.04,2026-07-15T14:43:18+00:00
CCH-000522,ACCT-000070,B0014,672.37,2026-07-15T14:43:18+00:00
CCH-000523,ACCT-000041,B0014,934.19,2026-07-15T14:43:18+00:00
CCH-000524,ACCT-000035,B0014,900.82,2026-07-15T14:43:18+00:00
CCH-000525,ACCT-000007,B0014,775.66,2026-07-15T14:43:18+00:00
CCH-000526,ACCT-000137,B0014,136.64,2026-07-15T14:43:18+00:00
CCH-000527,ACCT-000099,B0014,311.81,2026-07-15T14:43:18+00:00
CCH-000528,ACCT-000005,B0014,518.98,2026-07-15T14:43:18+00:00
CCH-000529,ACCT-000018,B0014,607.57,2026-07-15T14:43:18+00:00
CCH-000530,ACCT-000052,B0014,332.62,2026-07-15T14:43:18+00:00
CCH-000531,ACCT-000086,B0014,291.59,2026-07-15T14:43:18+00:00
CCH-000532,ACCT-000083,B0014,1120.98,2026-07-15T14:43:18+00:00
CCH-000533,ACCT-000045,B0014,140.37,2026-07-15T14:43:18+00:00
CCH-000534,ACCT-000040,B0014,433.34,2026-07-15T14:43:18+00:00
CCH-000535,ACCT-000081,B0014,1160.12,2026-07-15T14:43:18+00:00
CCH-000536,ACCT-000069,B0014,664.06,2026-07-15T14:43:18+00:00
CCH-000537,ACCT-000085,B0014,793.29,2026-07-15T14:43:18+00:00
CCH-000538,ACCT-000098,B0014,316.33,2026-07-15T14:43:18+00:00
CCH-000539,ACCT-000011,B0014,309.64,2026-07-15T14:43:18+00:00
CCH-000540,ACCT-000015,B0014,661.68,2026-07-15T14:43:18+00:00
CCH-000541,ACCT-000143,B0014,631.37,2026-07-15T14:43:18+00:00
CCH-000542,ACCT-000028,B0014,287.67,2026-07-15T14:43:18+00:00
CCH-000543,ACCT-000127,B0014,476.3,2026-07-15T14:43:18+00:00
CCH-000544,ACCT-000019,B0014,197.25,2026-07-15T14:43:18+00:00
CCH-000545,ACCT-000090,B0014,1230.45,2026-07-15T14:43:18+00:00
CCH-000546,ACCT-000038,B0014,1100.09,2026-07-15T14:43:18+00:00
CCH-000547,ACCT-000048,B0014,261.15,2026-07-15T14:43:18+00:00
CCH-000548,ACCT-000145,B0014,1375.67,2026-07-15T14:43:18+00:00
CCH-000549,ACCT-000155,B0014,207.65,2026-07-15T14:43:18+00:00
CCH-000550,ACCT-000156,B0014,1036.37,2026-07-15T14:43:18+00:00
CCH-000551,ACCT-000157,B0014,465.78,2026-07-15T14:43:18+00:00
CCH-000552,ACCT-000009,B0015,558.25,2026-07-15T16:14:57+00:00
CCH-000553,ACCT-000026,B0015,805.03,2026-07-15T16:14:57+00:00
CCH-000554,ACCT-000064,B0015,330.96,2026-07-15T16:14:57+00:00
CCH-000555,ACCT-000034,B0015,384.54,2026-07-15T16:14:57+00:00
CCH-000556,ACCT-000021,B0015,646.36,2026-07-15T16:14:57+00:00
CCH-000557,ACCT-000100,B0015,101.54,2026-07-15T16:14:57+00:00
CCH-000558,ACCT-000086,B0015,560.22,2026-07-15T16:14:57+00:00
CCH-000559,ACCT-000003,B0015,674.68,2026-07-15T16:14:57+00:00
CCH-000560,ACCT-000078,B0015,1061.24,2026-07-15T16:14:57+00:00
CCH-000561,ACCT-000069,B0015,153.26,2026-07-15T16:14:57+00:00
CCH-000562,ACCT-000047,B0015,185.91,2026-07-15T16:14:57+00:00
CCH-000563,ACCT-000152,B0015,113.91,2026-07-15T16:14:57+00:00
CCH-000564,ACCT-000079,B0015,501.8,2026-07-15T16:14:57+00:00
CCH-000565,ACCT-000023,B0015,490.53,2026-07-15T16:14:57+00:00
CCH-000566,ACCT-000001,B0015,492.26,2026-07-15T16:14:57+00:00
CCH-000567,ACCT-000061,B0015,346.88,2026-07-15T16:14:57+00:00
CCH-000568,ACCT-000057,B0015,252.27,2026-07-15T16:14:57+00:00
CCH-000569,ACCT-000033,B0015,379.47,2026-07-15T16:14:57+00:00
CCH-000570,ACCT-000129,B0015,128.62,2026-07-15T16:14:57+00:00
CCH-000571,ACCT-000123,B0015,672.61,2026-07-15T16:14:57+00:00
CCH-000572,ACCT-000137,B0015,306.92,2026-07-15T16:14:57+00:00
CCH-000573,ACCT-000042,B0015,651.59,2026-07-15T16:14:57+00:00
CCH-000574,ACCT-000036,B0015,481.85,2026-07-15T16:14:57+00:00
CCH-000575,ACCT-000116,B0015,54.67,2026-07-15T16:14:57+00:00
CCH-000576,ACCT-000140,B0015,415.09,2026-07-15T16:14:57+00:00
CCH-000577,ACCT-000050,B0015,503.08,2026-07-15T16:14:57+00:00
CCH-000578,ACCT-000010,B0015,869.61,2026-07-15T16:14:57+00:00
CCH-000579,ACCT-000022,B0015,707.34,2026-07-15T16:14:57+00:00
CCH-000580,ACCT-000158,B0015,1117.96,2026-07-15T16:14:57+00:00
CCH-000581,ACCT-000159,B0015,248.88,2026-07-15T16:14:57+00:00
CCH-000582,ACCT-000096,B0016,694.63,2026-07-15T17:44:30+00:00
CCH-000583,ACCT-000060,B0016,1070.21,2026-07-15T17:44:30+00:00
CCH-000584,ACCT-000130,B0016,68.37,2026-07-15T17:44:30+00:00
CCH-000585,ACCT-000027,B0016,284.91,2026-07-15T17:44:30+00:00
CCH-000586,ACCT-000035,B0016,174.12,2026-07-15T17:44:30+00:00
CCH-000587,ACCT-000049,B0016,591.27,2026-07-15T17:44:30+00:00
CCH-000588,ACCT-000158,B0016,326.91,2026-07-15T17:44:30+00:00
CCH-000589,ACCT-000088,B0016,1157.23,2026-07-15T17:44:30+00:00
CCH-000590,ACCT-000001,B0016,681.34,2026-07-15T17:44:30+00:00
CCH-000591,ACCT-000037,B0016,273.47,2026-07-15T17:44:30+00:00
CCH-000592,ACCT-000077,B0016,860.54,2026-07-15T17:44:30+00:00
CCH-000593,ACCT-000144,B0016,687.04,2026-07-15T17:44:30+00:00
CCH-000594,ACCT-000092,B0016,335.36,2026-07-15T17:44:30+00:00
CCH-000595,ACCT-000010,B0016,764.88,2026-07-15T17:44:30+00:00
CCH-000596,ACCT-000090,B0016,482.42,2026-07-15T17:44:30+00:00
CCH-000597,ACCT-000147,B0016,845.04,2026-07-15T17:44:30+00:00
CCH-000598,ACCT-000070,B0016,299.81,2026-07-15T17:44:30+00:00
CCH-000599,ACCT-000039,B0016,763.26,2026-07-15T17:44:30+00:00
CCH-000600,ACCT-000089,B0016,524.33,2026-07-15T17:44:30+00:00
CCH-000601,ACCT-000086,B0016,1075.23,2026-07-15T17:44:30+00:00
CCH-000602,ACCT-000139,B0016,643.1,2026-07-15T17:44:30+00:00
CCH-000603,ACCT-000103,B0016,682.2,2026-07-15T17:44:30+00:00
CCH-000604,ACCT-000142,B0016,393.29,2026-07-15T17:44:30+00:00
CCH-000605,ACCT-000036,B0016,363.11,2026-07-15T17:44:30+00:00
CCH-000606,ACCT-000117,B0016,400.15,2026-07-15T17:44:30+00:00
CCH-000607,ACCT-000112,B0016,726.93,2026-07-15T17:44:30+00:00
CCH-000608,ACCT-000121,B0016,456.19,2026-07-15T17:44:30+00:00
CCH-000609,ACCT-000019,B0016,397.53,2026-07-15T17:44:30+00:00
CCH-000610,ACCT-000128,B0016,1065.22,2026-07-15T17:44:30+00:00
CCH-000611,ACCT-000093,B0016,377.25,2026-07-15T17:44:30+00:00
CCH-000612,ACCT-000047,B0016,625.83,2026-07-15T17:44:30+00:00
CCH-000613,ACCT-000065,B0016,329.53,2026-07-15T17:44:30+00:00
CCH-000614,ACCT-000160,B0016,1060.11,2026-07-15T17:44:30+00:00
CCH-000615,ACCT-000161,B0016,514.45,2026-07-15T17:44:30+00:00
CCH-000616,ACCT-000148,B0017,468.58,2026-07-15T18:58:12+00:00
CCH-000617,ACCT-000019,B0017,1016.42,2026-07-15T18:58:12+00:00
CCH-000618,ACCT-000086,B0017,732.26,2026-07-15T18:58:12+00:00
CCH-000619,ACCT-000052,B0017,120.42,2026-07-15T18:58:12+00:00
CCH-000620,ACCT-000049,B0017,583.4,2026-07-15T18:58:12+00:00
CCH-000621,ACCT-000154,B0017,590.59,2026-07-15T18:58:12+00:00
CCH-000622,ACCT-000081,B0017,419.82,2026-07-15T18:58:12+00:00
CCH-000623,ACCT-000119,B0017,351.06,2026-07-15T18:58:12+00:00
CCH-000624,ACCT-000157,B0017,636.17,2026-07-15T18:58:12+00:00
CCH-000625,ACCT-000037,B0017,478.26,2026-07-15T18:58:12+00:00
CCH-000626,ACCT-000011,B0017,623.58,2026-07-15T18:58:12+00:00
CCH-000627,ACCT-000137,B0017,535.81,2026-07-15T18:58:12+00:00
CCH-000628,ACCT-000055,B0017,257.55,2026-07-15T18:58:12+00:00
CCH-000629,ACCT-000065,B0017,60.93,2026-07-15T18:58:12+00:00
CCH-000630,ACCT-000009,B0017,619.72,2026-07-15T18:58:12+00:00
CCH-000631,ACCT-000075,B0017,540.44,2026-07-15T18:58:12+00:00
CCH-000632,ACCT-000130,B0017,895.59,2026-07-15T18:58:12+00:00
CCH-000633,ACCT-000128,B0017,581.66,2026-07-15T18:58:12+00:00
CCH-000634,ACCT-000108,B0017,586.23,2026-07-15T18:58:12+00:00
CCH-000635,ACCT-000082,B0017,970.84,2026-07-15T18:58:12+00:00
CCH-000636,ACCT-000017,B0017,59.11,2026-07-15T18:58:12+00:00
CCH-000637,ACCT-000151,B0017,853.73,2026-07-15T18:58:12+00:00
CCH-000638,ACCT-000139,B0017,368.19,2026-07-15T18:58:12+00:00
CCH-000639,ACCT-000107,B0017,253.33,2026-07-15T18:58:12+00:00
CCH-000640,ACCT-000044,B0017,50.79,2026-07-15T18:58:12+00:00
CCH-000641,ACCT-000095,B0017,51.13,2026-07-15T18:58:12+00:00
CCH-000642,ACCT-000048,B0017,899.35,2026-07-15T18:58:12+00:00
CCH-000643,ACCT-000138,B0017,118.55,2026-07-15T18:58:12+00:00
CCH-000644,ACCT-000056,B0017,714.69,2026-07-15T18:58:12+00:00
CCH-000645,ACCT-000097,B0017,590.32,2026-07-15T18:58:12+00:00
CCH-000646,ACCT-000106,B0017,828.82,2026-07-15T18:58:12+00:00
CCH-000647,ACCT-000006,B0017,65.54,2026-07-15T18:58:12+00:00
CCH-000648,ACCT-000124,B0017,1029.7,2026-07-15T18:58:12+00:00
CCH-000649,ACCT-000127,B0017,301.01,2026-07-15T18:58:12+00:00
CCH-000650,ACCT-000113,B0017,925.82,2026-07-15T18:58:12+00:00
CCH-000651,ACCT-000162,B0017,639.88,2026-07-15T18:58:12+00:00
CCH-000652,ACCT-000163,B0017,784.69,2026-07-15T18:58:12+00:00
CCH-000653,ACCT-000164,B0017,1059.91,2026-07-15T18:58:12+00:00
CCH-000654,ACCT-000152,B0018,773.09,2026-07-15T20:08:35+00:00
CCH-000655,ACCT-000153,B0018,197.03,2026-07-15T20:08:35+00:00
CCH-000656,ACCT-000106,B0018,445.67,2026-07-15T20:08:35+00:00
CCH-000657,ACCT-000030,B0018,489.65,2026-07-15T20:08:35+00:00
CCH-000658,ACCT-000143,B0018,1078.05,2026-07-15T20:08:35+00:00
CCH-000659,ACCT-000011,B0018,540.61,2026-07-15T20:08:35+00:00
CCH-000660,ACCT-000095,B0018,622.45,2026-07-15T20:08:35+00:00
CCH-000661,ACCT-000112,B0018,333.95,2026-07-15T20:08:35+00:00
CCH-000662,ACCT-000098,B0018,397.87,2026-07-15T20:08:35+00:00
CCH-000663,ACCT-000113,B0018,121.85,2026-07-15T20:08:35+00:00
CCH-000664,ACCT-000127,B0018,831.86,2026-07-15T20:08:35+00:00
CCH-000665,ACCT-000104,B0018,600.2,2026-07-15T20:08:35+00:00
CCH-000666,ACCT-000077,B0018,352.05,2026-07-15T20:08:35+00:00
CCH-000667,ACCT-000131,B0018,487.99,2026-07-15T20:08:35+00:00
CCH-000668,ACCT-000148,B0018,628.26,2026-07-15T20:08:35+00:00
CCH-000669,ACCT-000046,B0018,386.76,2026-07-15T20:08:35+00:00
CCH-000670,ACCT-000100,B0018,660.06,2026-07-15T20:08:35+00:00
CCH-000671,ACCT-000111,B0018,130.63,2026-07-15T20:08:35+00:00
CCH-000672,ACCT-000058,B0018,480.2,2026-07-15T20:08:35+00:00
CCH-000673,ACCT-000158,B0018,491.94,2026-07-15T20:08:35+00:00
CCH-000674,ACCT-000124,B0018,353.01,2026-07-15T20:08:35+00:00
CCH-000675,ACCT-000099,B0018,314.64,2026-07-15T20:08:35+00:00
CCH-000676,ACCT-000140,B0018,145.32,2026-07-15T20:08:35+00:00
CCH-000677,ACCT-000054,B0018,419.37,2026-07-15T20:08:35+00:00
CCH-000678,ACCT-000017,B0018,1124.95,2026-07-15T20:08:35+00:00
CCH-000679,ACCT-000120,B0018,280.21,2026-07-15T20:08:35+00:00
CCH-000680,ACCT-000003,B0018,128.91,2026-07-15T20:08:35+00:00
CCH-000681,ACCT-000149,B0018,97.93,2026-07-15T20:08:35+00:00
CCH-000682,ACCT-000038,B0018,252.46,2026-07-15T20:08:35+00:00
CCH-000683,ACCT-000043,B0018,253.14,2026-07-15T20:08:35+00:00
CCH-000684,ACCT-000122,B0018,990.43,2026-07-15T20:08:35+00:00
CCH-000685,ACCT-000102,B0018,624.06,2026-07-15T20:08:35+00:00
CCH-000686,ACCT-000045,B0018,448.35,2026-07-15T20:08:35+00:00
CCH-000687,ACCT-000165,B0018,282.56,2026-07-15T20:08:35+00:00
CCH-000688,ACCT-000166,B0018,1302.14,2026-07-15T20:08:35+00:00
CCH-000689,ACCT-000011,B0019,103.89,2026-07-15T21:28:51+00:00
CCH-000690,ACCT-000002,B0019,434.7,2026-07-15T21:28:51+00:00
CCH-000691,ACCT-000052,B0019,285.39,2026-07-15T21:28:51+00:00
CCH-000692,ACCT-000074,B0019,716.77,2026-07-15T21:28:51+00:00
CCH-000693,ACCT-000067,B0019,700.95,2026-07-15T21:28:51+00:00
CCH-000694,ACCT-000123,B0019,369.13,2026-07-15T21:28:51+00:00
CCH-000695,ACCT-000117,B0019,114.46,2026-07-15T21:28:51+00:00
CCH-000696,ACCT-000129,B0019,578.24,2026-07-15T21:28:51+00:00
CCH-000697,ACCT-000027,B0019,234.6,2026-07-15T21:28:51+00:00
CCH-000698,ACCT-000153,B0019,104.1,2026-07-15T21:28:51+00:00
CCH-000699,ACCT-000093,B0019,683.22,2026-07-15T21:28:51+00:00
CCH-000700,ACCT-000014,B0019,801.15,2026-07-15T21:28:51+00:00
CCH-000701,ACCT-000103,B0019,891.5,2026-07-15T21:28:51+00:00
CCH-000702,ACCT-000134,B0019,764.55,2026-07-15T21:28:51+00:00
CCH-000703,ACCT-000054,B0019,1043.64,2026-07-15T21:28:51+00:00
CCH-000704,ACCT-000066,B0019,359.91,2026-07-15T21:28:51+00:00
CCH-000705,ACCT-000091,B0019,884.83,2026-07-15T21:28:51+00:00
CCH-000706,ACCT-000160,B0019,613.42,2026-07-15T21:28:51+00:00
CCH-000707,ACCT-000145,B0019,319.92,2026-07-15T21:28:51+00:00
CCH-000708,ACCT-000082,B0019,742.29,2026-07-15T21:28:51+00:00
CCH-000709,ACCT-000047,B0019,95.28,2026-07-15T21:28:51+00:00
CCH-000710,ACCT-000130,B0019,238.86,2026-07-15T21:28:51+00:00
CCH-000711,ACCT-000031,B0019,705.78,2026-07-15T21:28:51+00:00
CCH-000712,ACCT-000164,B0019,1092.4,2026-07-15T21:28:51+00:00
CCH-000713,ACCT-000086,B0019,508.47,2026-07-15T21:28:51+00:00
CCH-000714,ACCT-000113,B0019,112.36,2026-07-15T21:28:51+00:00
CCH-000715,ACCT-000025,B0019,272.09,2026-07-15T21:28:51+00:00
CCH-000716,ACCT-000068,B0019,175.62,2026-07-15T21:28:51+00:00
CCH-000717,ACCT-000105,B0019,383.05,2026-07-15T21:28:51+00:00
CCH-000718,ACCT-000056,B0019,706.55,2026-07-15T21:28:51+00:00
CCH-000719,ACCT-000167,B0019,590.35,2026-07-15T21:28:51+00:00
CCH-000720,ACCT-000168,B0019,562.66,2026-07-15T21:28:51+00:00
CCH-000721,ACCT-000169,B0019,755.54,2026-07-15T21:28:51+00:00
CCH-000722,ACCT-000170,B0019,1062.74,2026-07-15T21:28:51+00:00
CCH-000723,ACCT-000144,B0020,64.34,2026-07-15T22:30:17+00:00
CCH-000724,ACCT-000117,B0020,962.17,2026-07-15T22:30:17+00:00
CCH-000725,ACCT-000126,B0020,467.92,2026-07-15T22:30:17+00:00
CCH-000726,ACCT-000085,B0020,704.26,2026-07-15T22:30:17+00:00
CCH-000727,ACCT-000122,B0020,443.19,2026-07-15T22:30:17+00:00
CCH-000728,ACCT-000100,B0020,748.59,2026-07-15T22:30:17+00:00
CCH-000729,ACCT-000150,B0020,605.23,2026-07-15T22:30:17+00:00
CCH-000730,ACCT-000140,B0020,276.77,2026-07-15T22:30:17+00:00
CCH-000731,ACCT-000131,B0020,216.24,2026-07-15T22:30:17+00:00
CCH-000732,ACCT-000095,B0020,839.21,2026-07-15T22:30:17+00:00
CCH-000733,ACCT-000111,B0020,334.8,2026-07-15T22:30:17+00:00
CCH-000734,ACCT-000129,B0020,859.8,2026-07-15T22:30:17+00:00
CCH-000735,ACCT-000136,B0020,1165.02,2026-07-15T22:30:17+00:00
CCH-000736,ACCT-000161,B0020,660.34,2026-07-15T22:30:17+00:00
CCH-000737,ACCT-000028,B0020,95.76,2026-07-15T22:30:17+00:00
CCH-000738,ACCT-000054,B0020,110.49,2026-07-15T22:30:17+00:00
CCH-000739,ACCT-000079,B0020,447.19,2026-07-15T22:30:17+00:00
CCH-000740,ACCT-000046,B0020,513.14,2026-07-15T22:30:17+00:00
CCH-000741,ACCT-000070,B0020,311.05,2026-07-15T22:30:17+00:00
CCH-000742,ACCT-000011,B0020,602.84,2026-07-15T22:30:17+00:00
CCH-000743,ACCT-000081,B0020,736.04,2026-07-15T22:30:17+00:00
CCH-000744,ACCT-000169,B0020,714.85,2026-07-15T22:30:17+00:00
CCH-000745,ACCT-000088,B0020,669.68,2026-07-15T22:30:17+00:00
CCH-000746,ACCT-000005,B0020,143.48,2026-07-15T22:30:17+00:00
CCH-000747,ACCT-000066,B0020,547.13,2026-07-15T22:30:17+00:00
CCH-000748,ACCT-000059,B0020,66.88,2026-07-15T22:30:17+00:00
CCH-000749,ACCT-000134,B0020,266.02,2026-07-15T22:30:17+00:00
CCH-000750,ACCT-000171,B0020,408.08,2026-07-15T22:30:17+00:00
CCH-000751,ACCT-000172,B0020,623.83,2026-07-15T22:30:17+00:00
CCH-000752,ACCT-000173,B0020,362.82,2026-07-15T22:30:17+00:00
CCH-000753,ACCT-000136,B0021,769.21,2026-07-15T23:31:36+00:00
CCH-000754,ACCT-000024,B0021,624.25,2026-07-15T23:31:36+00:00
CCH-000755,ACCT-000116,B0021,851.88,2026-07-15T23:31:36+00:00
CCH-000756,ACCT-000069,B0021,427.3,2026-07-15T23:31:36+00:00
CCH-000757,ACCT-000015,B0021,388.62,2026-07-15T23:31:36+00:00
CCH-000758,ACCT-000092,B0021,107.22,2026-07-15T23:31:36+00:00
CCH-000759,ACCT-000042,B0021,286.04,2026-07-15T23:31:36+00:00
CCH-000760,ACCT-000158,B0021,196.53,2026-07-15T23:31:36+00:00
CCH-000761,ACCT-000081,B0021,773.39,2026-07-15T23:31:36+00:00
CCH-000762,ACCT-000052,B0021,393.93,2026-07-15T23:31:36+00:00
CCH-000763,ACCT-000153,B0021,532.87,2026-07-15T23:31:36+00:00
CCH-000764,ACCT-000045,B0021,302.35,2026-07-15T23:31:36+00:00
CCH-000765,ACCT-000149,B0021,543.18,2026-07-15T23:31:36+00:00
CCH-000766,ACCT-000072,B0021,658.54,2026-07-15T23:31:36+00:00
CCH-000767,ACCT-000138,B0021,216.13,2026-07-15T23:31:36+00:00
CCH-000768,ACCT-000103,B0021,288.11,2026-07-15T23:31:36+00:00
CCH-000769,ACCT-000096,B0021,515.3,2026-07-15T23:31:36+00:00
CCH-000770,ACCT-000157,B0021,365.79,2026-07-15T23:31:36+00:00
CCH-000771,ACCT-000019,B0021,900.85,2026-07-15T23:31:36+00:00
CCH-000772,ACCT-000139,B0021,814.88,2026-07-15T23:31:36+00:00
CCH-000773,ACCT-000086,B0021,897.83,2026-07-15T23:31:36+00:00
CCH-000774,ACCT-000172,B0021,292.55,2026-07-15T23:31:36+00:00
CCH-000775,ACCT-000141,B0021,674.08,2026-07-15T23:31:36+00:00
CCH-000776,ACCT-000131,B0021,510.49,2026-07-15T23:31:36+00:00
CCH-000777,ACCT-000028,B0021,99.28,2026-07-15T23:31:36+00:00
CCH-000778,ACCT-000135,B0021,58.18,2026-07-15T23:31:36+00:00
CCH-000779,ACCT-000108,B0021,278.47,2026-07-15T23:31:36+00:00
CCH-000780,ACCT-000082,B0021,330.54,2026-07-15T23:31:36+00:00
CCH-000781,ACCT-000167,B0021,596.56,2026-07-15T23:31:36+00:00
CCH-000782,ACCT-000093,B0021,997.59,2026-07-15T23:31:36+00:00
CCH-000783,ACCT-000030,B0021,125.96,2026-07-15T23:31:36+00:00
CCH-000784,ACCT-000097,B0021,524.27,2026-07-15T23:31:36+00:00
CCH-000785,ACCT-000174,B0021,261.03,2026-07-15T23:31:36+00:00
CCH-000786,ACCT-000175,B0021,280.06,2026-07-15T23:31:36+00:00
CCH-000787,ACCT-000176,B0021,758.89,2026-07-15T23:31:36+00:00
CCH-000788,ACCT-000177,B0021,1018.16,2026-07-15T23:31:36+00:00
CCH-000789,ACCT-000084,B0022,219.91,2026-07-16T01:51:46+00:00
CCH-000790,ACCT-000014,B0022,203.56,2026-07-16T01:51:46+00:00
CCH-000791,ACCT-000082,B0022,378.39,2026-07-16T01:51:46+00:00
CCH-000792,ACCT-000090,B0022,730.71,2026-07-16T01:51:46+00:00
CCH-000793,ACCT-000112,B0022,354.18,2026-07-16T01:51:46+00:00
CCH-000794,ACCT-000063,B0022,706.15,2026-07-16T01:51:46+00:00
CCH-000795,ACCT-000088,B0022,314.94,2026-07-16T01:51:46+00:00
CCH-000796,ACCT-000108,B0022,366.37,2026-07-16T01:51:46+00:00
CCH-000797,ACCT-000007,B0022,312.46,2026-07-16T01:51:46+00:00
CCH-000798,ACCT-000172,B0022,584.02,2026-07-16T01:51:46+00:00
CCH-000799,ACCT-000025,B0022,665.52,2026-07-16T01:51:46+00:00
CCH-000800,ACCT-000174,B0022,911.42,2026-07-16T01:51:46+00:00
CCH-000801,ACCT-000104,B0022,569.66,2026-07-16T01:51:46+00:00
CCH-000802,ACCT-000057,B0022,807.16,2026-07-16T01:51:46+00:00
CCH-000803,ACCT-000089,B0022,582.07,2026-07-16T01:51:46+00:00
CCH-000804,ACCT-000137,B0022,522.32,2026-07-16T01:51:46+00:00
CCH-000805,ACCT-000154,B0022,465.63,2026-07-16T01:51:46+00:00
CCH-000806,ACCT-000148,B0022,295.88,2026-07-16T01:51:46+00:00
CCH-000807,ACCT-000114,B0022,994.95,2026-07-16T01:51:46+00:00
CCH-000808,ACCT-000150,B0022,958.92,2026-07-16T01:51:46+00:00
CCH-000809,ACCT-000044,B0022,883.98,2026-07-16T01:51:46+00:00
CCH-000810,ACCT-000053,B0022,841.72,2026-07-16T01:51:46+00:00
CCH-000811,ACCT-000036,B0022,539.2,2026-07-16T01:51:46+00:00
CCH-000812,ACCT-000103,B0022,448.88,2026-07-16T01:51:46+00:00
CCH-000813,ACCT-000070,B0022,671.16,2026-07-16T01:51:46+00:00
CCH-000814,ACCT-000165,B0022,469.71,2026-07-16T01:51:46+00:00
CCH-000815,ACCT-000178,B0022,933.75,2026-07-16T01:51:46+00:00
CCH-000816,ACCT-000179,B0022,145.8,2026-07-16T01:51:46+00:00
CCH-000817,ACCT-000132,B0023,800.12,2026-07-16T04:53:53+00:00
CCH-000818,ACCT-000088,B0023,570.99,2026-07-16T04:53:53+00:00
CCH-000819,ACCT-000123,B0023,955.22,2026-07-16T04:53:53+00:00
CCH-000820,ACCT-000148,B0023,361.7,2026-07-16T04:53:53+00:00
CCH-000821,ACCT-000130,B0023,712.55,2026-07-16T04:53:53+00:00
CCH-000822,ACCT-000104,B0023,692.26,2026-07-16T04:53:53+00:00
CCH-000823,ACCT-000089,B0023,678.37,2026-07-16T04:53:53+00:00
CCH-000824,ACCT-000169,B0023,796.75,2026-07-16T04:53:53+00:00
CCH-000825,ACCT-000048,B0023,896.62,2026-07-16T04:53:53+00:00
CCH-000826,ACCT-000155,B0023,395.32,2026-07-16T04:53:53+00:00
CCH-000827,ACCT-000056,B0023,204.48,2026-07-16T04:53:53+00:00
CCH-000828,ACCT-000081,B0023,157.64,2026-07-16T04:53:53+00:00
CCH-000829,ACCT-000174,B0023,338.97,2026-07-16T04:53:53+00:00
CCH-000830,ACCT-000153,B0023,777.92,2026-07-16T04:53:53+00:00
CCH-000831,ACCT-000058,B0023,583.31,2026-07-16T04:53:53+00:00
CCH-000832,ACCT-000063,B0023,892.41,2026-07-16T04:53:53+00:00
CCH-000833,ACCT-000145,B0023,645.9,2026-07-16T04:53:53+00:00
CCH-000834,ACCT-000037,B0023,686.38,2026-07-16T04:53:53+00:00
CCH-000835,ACCT-000075,B0023,669.83,2026-07-16T04:53:53+00:00
CCH-000836,ACCT-000114,B0023,399.7,2026-07-16T04:53:53+00:00
CCH-000837,ACCT-000044,B0023,1232.06,2026-07-16T04:53:53+00:00
CCH-000838,ACCT-000022,B0023,574.54,2026-07-16T04:53:53+00:00
CCH-000839,ACCT-000156,B0023,280.87,2026-07-16T04:53:53+00:00
CCH-000840,ACCT-000033,B0023,701.08,2026-07-16T04:53:53+00:00
CCH-000841,ACCT-000036,B0023,641.13,2026-07-16T04:53:53+00:00
CCH-000842,ACCT-000074,B0023,26.54,2026-07-16T04:53:53+00:00
CCH-000843,ACCT-000147,B0023,377.78,2026-07-16T04:53:53+00:00
CCH-000844,ACCT-000070,B0023,1016.75,2026-07-16T04:53:53+00:00
CCH-000845,ACCT-000115,B0023,363.53,2026-07-16T04:53:53+00:00
CCH-000846,ACCT-000136,B0023,365.57,2026-07-16T04:53:53+00:00
CCH-000847,ACCT-000078,B0023,1259.11,2026-07-16T04:53:53+00:00
CCH-000848,ACCT-000042,B0023,714.22,2026-07-16T04:53:53+00:00
CCH-000849,ACCT-000030,B0023,1067.41,2026-07-16T04:53:53+00:00
CCH-000850,ACCT-000034,B0023,781.79,2026-07-16T04:53:53+00:00
CCH-000851,ACCT-000062,B0023,248.72,2026-07-16T04:53:53+00:00
CCH-000852,ACCT-000180,B0023,412.68,2026-07-16T04:53:53+00:00
CCH-000853,ACCT-000181,B0023,399.12,2026-07-16T04:53:53+00:00
CCH-000854,ACCT-000182,B0023,320.15,2026-07-16T04:53:53+00:00
CCH-000855,ACCT-000039,B0024,72.83,2026-07-16T07:18:19+00:00
CCH-000856,ACCT-000008,B0024,355.75,2026-07-16T07:18:19+00:00
CCH-000857,ACCT-000059,B0024,409.6,2026-07-16T07:18:19+00:00
CCH-000858,ACCT-000076,B0024,263.06,2026-07-16T07:18:19+00:00
CCH-000859,ACCT-000171,B0024,571.01,2026-07-16T07:18:19+00:00
CCH-000860,ACCT-000106,B0024,1006.93,2026-07-16T07:18:19+00:00
CCH-000861,ACCT-000069,B0024,1020.74,2026-07-16T07:18:19+00:00
CCH-000862,ACCT-000057,B0024,726.45,2026-07-16T07:18:19+00:00
CCH-000863,ACCT-000001,B0024,415.73,2026-07-16T07:18:19+00:00
CCH-000864,ACCT-000074,B0024,931.94,2026-07-16T07:18:19+00:00
CCH-000865,ACCT-000172,B0024,890.98,2026-07-16T07:18:19+00:00
CCH-000866,ACCT-000150,B0024,822.87,2026-07-16T07:18:19+00:00
CCH-000867,ACCT-000174,B0024,964.9,2026-07-16T07:18:19+00:00
CCH-000868,ACCT-000142,B0024,852.25,2026-07-16T07:18:19+00:00
CCH-000869,ACCT-000011,B0024,399.54,2026-07-16T07:18:19+00:00
CCH-000870,ACCT-000181,B0024,390.04,2026-07-16T07:18:19+00:00
CCH-000871,ACCT-000093,B0024,311.27,2026-07-16T07:18:19+00:00
CCH-000872,ACCT-000079,B0024,928.24,2026-07-16T07:18:19+00:00
CCH-000873,ACCT-000062,B0024,932.82,2026-07-16T07:18:19+00:00
CCH-000874,ACCT-000135,B0024,381.76,2026-07-16T07:18:19+00:00
CCH-000875,ACCT-000089,B0024,862.72,2026-07-16T07:18:19+00:00
CCH-000876,ACCT-000081,B0024,458.62,2026-07-16T07:18:19+00:00
CCH-000877,ACCT-000010,B0024,526.25,2026-07-16T07:18:19+00:00
CCH-000878,ACCT-000180,B0024,266.26,2026-07-16T07:18:19+00:00
CCH-000879,ACCT-000163,B0024,334.5,2026-07-16T07:18:19+00:00
CCH-000880,ACCT-000023,B0024,704.3,2026-07-16T07:18:19+00:00
CCH-000881,ACCT-000121,B0024,646.39,2026-07-16T07:18:19+00:00
CCH-000882,ACCT-000085,B0024,583.65,2026-07-16T07:18:19+00:00
CCH-000883,ACCT-000183,B0024,463.51,2026-07-16T07:18:19+00:00
CCH-000884,ACCT-000184,B0024,884.07,2026-07-16T07:18:19+00:00
CCH-000885,ACCT-000150,B0025,453.86,2026-07-16T09:34:14+00:00
CCH-000886,ACCT-000066,B0025,461.62,2026-07-16T09:34:14+00:00
CCH-000887,ACCT-000038,B0025,1250.51,2026-07-16T09:34:14+00:00
CCH-000888,ACCT-000171,B0025,589.75,2026-07-16T09:34:14+00:00
CCH-000889,ACCT-000159,B0025,862.39,2026-07-16T09:34:14+00:00
CCH-000890,ACCT-000092,B0025,636.49,2026-07-16T09:34:14+00:00
CCH-000891,ACCT-000162,B0025,512.52,2026-07-16T09:34:14+00:00
CCH-000892,ACCT-000121,B0025,579.8,2026-07-16T09:34:14+00:00
CCH-000893,ACCT-000049,B0025,132.77,2026-07-16T09:34:14+00:00
CCH-000894,ACCT-000018,B0025,907.63,2026-07-16T09:34:14+00:00
CCH-000895,ACCT-000026,B0025,451.12,2026-07-16T09:34:14+00:00
CCH-000896,ACCT-000115,B0025,37.16,2026-07-16T09:34:14+00:00
CCH-000897,ACCT-000119,B0025,682.62,2026-07-16T09:34:14+00:00
CCH-000898,ACCT-000005,B0025,312.79,2026-07-16T09:34:14+00:00
CCH-000899,ACCT-000006,B0025,339.5,2026-07-16T09:34:14+00:00
CCH-000900,ACCT-000098,B0025,763.16,2026-07-16T09:34:14+00:00
CCH-000901,ACCT-000023,B0025,795.77,2026-07-16T09:34:14+00:00
CCH-000902,ACCT-000140,B0025,786.03,2026-07-16T09:34:14+00:00
CCH-000903,ACCT-000078,B0025,436.09,2026-07-16T09:34:14+00:00
CCH-000904,ACCT-000093,B0025,709.65,2026-07-16T09:34:14+00:00
CCH-000905,ACCT-000129,B0025,179.42,2026-07-16T09:34:14+00:00
CCH-000906,ACCT-000142,B0025,476.84,2026-07-16T09:34:14+00:00
CCH-000907,ACCT-000114,B0025,459.47,2026-07-16T09:34:14+00:00
CCH-000908,ACCT-000165,B0025,259.21,2026-07-16T09:34:14+00:00
CCH-000909,ACCT-000022,B0025,518.7,2026-07-16T09:34:14+00:00
CCH-000910,ACCT-000036,B0025,517.76,2026-07-16T09:34:14+00:00
CCH-000911,ACCT-000071,B0025,116.03,2026-07-16T09:34:14+00:00
CCH-000912,ACCT-000185,B0025,439.66,2026-07-16T09:34:14+00:00
CCH-000913,ACCT-000186,B0025,312.05,2026-07-16T09:34:14+00:00
CCH-000914,ACCT-000187,B0025,687.44,2026-07-16T09:34:14+00:00
CCH-000915,ACCT-000188,B0025,874.12,2026-07-16T09:34:14+00:00
CCH-000916,ACCT-000093,B0026,1000.53,2026-07-16T11:28:07+00:00
CCH-000917,ACCT-000187,B0026,420.51,2026-07-16T11:28:07+00:00
CCH-000918,ACCT-000149,B0026,29.75,2026-07-16T11:28:07+00:00
CCH-000919,ACCT-000026,B0026,501.25,2026-07-16T11:28:07+00:00
CCH-000920,ACCT-000062,B0026,223.43,2026-07-16T11:28:07+00:00
CCH-000921,ACCT-000101,B0026,564.06,2026-07-16T11:28:07+00:00
CCH-000922,ACCT-000177,B0026,755.97,2026-07-16T11:28:07+00:00
CCH-000923,ACCT-000169,B0026,839.11,2026-07-16T11:28:07+00:00
CCH-000924,ACCT-000100,B0026,704.36,2026-07-16T11:28:07+00:00
CCH-000925,ACCT-000025,B0026,412.84,2026-07-16T11:28:07+00:00
CCH-000926,ACCT-000051,B0026,748.66,2026-07-16T11:28:07+00:00
CCH-000927,ACCT-000011,B0026,336.41,2026-07-16T11:28:07+00:00
CCH-000928,ACCT-000076,B0026,304.69,2026-07-16T11:28:07+00:00
CCH-000929,ACCT-000027,B0026,307.24,2026-07-16T11:28:07+00:00
CCH-000930,ACCT-000006,B0026,296.34,2026-07-16T11:28:07+00:00
CCH-000931,ACCT-000145,B0026,60.86,2026-07-16T11:28:07+00:00
CCH-000932,ACCT-000135,B0026,109.23,2026-07-16T11:28:07+00:00
CCH-000933,ACCT-000120,B0026,838.16,2026-07-16T11:28:07+00:00
CCH-000934,ACCT-000113,B0026,456.62,2026-07-16T11:28:07+00:00
CCH-000935,ACCT-000116,B0026,301.66,2026-07-16T11:28:07+00:00
CCH-000936,ACCT-000042,B0026,467.17,2026-07-16T11:28:07+00:00
CCH-000937,ACCT-000058,B0026,221.82,2026-07-16T11:28:07+00:00
CCH-000938,ACCT-000008,B0026,83.84,2026-07-16T11:28:07+00:00
CCH-000939,ACCT-000005,B0026,242.05,2026-07-16T11:28:07+00:00
CCH-000940,ACCT-000154,B0026,1029.27,2026-07-16T11:28:07+00:00
CCH-000941,ACCT-000146,B0026,185.91,2026-07-16T11:28:07+00:00
CCH-000942,ACCT-000168,B0026,359.94,2026-07-16T11:28:07+00:00
CCH-000943,ACCT-000105,B0026,894.63,2026-07-16T11:28:07+00:00
CCH-000944,ACCT-000044,B0026,538.52,2026-07-16T11:28:07+00:00
CCH-000945,ACCT-000160,B0026,326.81,2026-07-16T11:28:07+00:00
CCH-000946,ACCT-000018,B0026,735.34,2026-07-16T11:28:07+00:00
CCH-000947,ACCT-000181,B0026,666.7,2026-07-16T11:28:07+00:00
CCH-000948,ACCT-000030,B0026,717.77,2026-07-16T11:28:07+00:00
CCH-000949,ACCT-000077,B0026,834.14,2026-07-16T11:28:07+00:00
CCH-000950,ACCT-000152,B0026,197.79,2026-07-16T11:28:07+00:00
CCH-000951,ACCT-000189,B0026,338.58,2026-07-16T11:28:07+00:00
CCH-000952,ACCT-000190,B0026,362.95,2026-07-16T11:28:07+00:00
CCH-000953,ACCT-000191,B0026,599.22,2026-07-16T11:28:07+00:00
CCH-000954,ACCT-000192,B0026,889.54,2026-07-16T11:28:07+00:00
CCH-000955,ACCT-000127,B0027,1053.79,2026-07-16T12:59:56+00:00
CCH-000956,ACCT-000166,B0027,41.59,2026-07-16T12:59:56+00:00
CCH-000957,ACCT-000129,B0027,94.71,2026-07-16T12:59:56+00:00
CCH-000958,ACCT-000157,B0027,599.26,2026-07-16T12:59:56+00:00
CCH-000959,ACCT-000035,B0027,413.61,2026-07-16T12:59:56+00:00
CCH-000960,ACCT-000135,B0027,612.36,2026-07-16T12:59:56+00:00
CCH-000961,ACCT-000132,B0027,784.88,2026-07-16T12:59:56+00:00
CCH-000962,ACCT-000023,B0027,716.77,2026-07-16T12:59:56+00:00
CCH-000963,ACCT-000159,B0027,238.08,2026-07-16T12:59:56+00:00
CCH-000964,ACCT-000179,B0027,127.73,2026-07-16T12:59:56+00:00
CCH-000965,ACCT-000024,B0027,453.61,2026-07-16T12:59:56+00:00
CCH-000966,ACCT-000094,B0027,1149.57,2026-07-16T12:59:56+00:00
CCH-000967,ACCT-000188,B0027,314.98,2026-07-16T12:59:56+00:00
CCH-000968,ACCT-000040,B0027,377.85,2026-07-16T12:59:56+00:00
CCH-000969,ACCT-000078,B0027,211.3,2026-07-16T12:59:56+00:00
CCH-000970,ACCT-000176,B0027,555.41,2026-07-16T12:59:56+00:00
CCH-000971,ACCT-000062,B0027,220.1,2026-07-16T12:59:56+00:00
CCH-000972,ACCT-000190,B0027,688.32,2026-07-16T12:59:56+00:00
CCH-000973,ACCT-000154,B0027,428.78,2026-07-16T12:59:56+00:00
CCH-000974,ACCT-000022,B0027,938.85,2026-07-16T12:59:56+00:00
CCH-000975,ACCT-000009,B0027,156.04,2026-07-16T12:59:56+00:00
CCH-000976,ACCT-000161,B0027,270.01,2026-07-16T12:59:56+00:00
CCH-000977,ACCT-000111,B0027,712.71,2026-07-16T12:59:56+00:00
CCH-000978,ACCT-000155,B0027,153.32,2026-07-16T12:59:56+00:00
CCH-000979,ACCT-000102,B0027,163.6,2026-07-16T12:59:56+00:00
CCH-000980,ACCT-000165,B0027,806.63,2026-07-16T12:59:56+00:00
CCH-000981,ACCT-000193,B0027,273.57,2026-07-16T12:59:56+00:00
CCH-000982,ACCT-000194,B0027,714.46,2026-07-16T12:59:56+00:00
CCH-000983,ACCT-000166,B0028,73.34,2026-07-16T15:05:52+00:00
CCH-000984,ACCT-000005,B0028,518.31,2026-07-16T15:05:52+00:00
CCH-000985,ACCT-000059,B0028,432.75,2026-07-16T15:05:52+00:00
CCH-000986,ACCT-000080,B0028,538.49,2026-07-16T15:05:52+00:00
CCH-000987,ACCT-000052,B0028,300.02,2026-07-16T15:05:52+00:00
CCH-000988,ACCT-000097,B0028,161.89,2026-07-16T15:05:52+00:00
CCH-000989,ACCT-000101,B0028,513.63,2026-07-16T15:05:52+00:00
CCH-000990,ACCT-000084,B0028,376.04,2026-07-16T15:05:52+00:00
CCH-000991,ACCT-000098,B0028,397.31,2026-07-16T15:05:52+00:00
CCH-000992,ACCT-000008,B0028,687.98,2026-07-16T15:05:52+00:00
CCH-000993,ACCT-000119,B0028,795.75,2026-07-16T15:05:52+00:00
CCH-000994,ACCT-000071,B0028,458.95,2026-07-16T15:05:52+00:00
CCH-000995,ACCT-000163,B0028,580.22,2026-07-16T15:05:52+00:00
CCH-000996,ACCT-000120,B0028,134.21,2026-07-16T15:05:52+00:00
CCH-000997,ACCT-000141,B0028,1048.85,2026-07-16T15:05:52+00:00
CCH-000998,ACCT-000019,B0028,374.05,2026-07-16T15:05:52+00:00
CCH-000999,ACCT-000159,B0028,465.22,2026-07-16T15:05:52+00:00
CCH-001000,ACCT-000142,B0028,701.95,2026-07-16T15:05:52+00:00
CCH-001001,ACCT-000127,B0028,670.24,2026-07-16T15:05:52+00:00
CCH-001002,ACCT-000061,B0028,328.85,2026-07-16T15:05:52+00:00
CCH-001003,ACCT-000125,B0028,414.71,2026-07-16T15:05:52+00:00
CCH-001004,ACCT-000132,B0028,550.33,2026-07-16T15:05:52+00:00
CCH-001005,ACCT-000038,B0028,382.55,2026-07-16T15:05:52+00:00
CCH-001006,ACCT-000100,B0028,590.49,2026-07-16T15:05:52+00:00
CCH-001007,ACCT-000007,B0028,391.82,2026-07-16T15:05:52+00:00
CCH-001008,ACCT-000093,B0028,600.51,2026-07-16T15:05:52+00:00
CCH-001009,ACCT-000195,B0028,531.18,2026-07-16T15:05:52+00:00
CCH-001010,ACCT-000196,B0028,556.65,2026-07-16T15:05:52+00:00
CCH-001011,ACCT-000197,B0028,418.33,2026-07-16T15:05:52+00:00
CCH-001012,ACCT-000096,B0029,293.96,2026-07-16T16:47:43+00:00
CCH-001013,ACCT-000012,B0029,529.35,2026-07-16T16:47:43+00:00
CCH-001014,ACCT-000026,B0029,272.53,2026-07-16T16:47:43+00:00
CCH-001015,ACCT-000187,B0029,649.01,2026-07-16T16:47:43+00:00
CCH-001016,ACCT-000017,B0029,1324.95,2026-07-16T16:47:43+00:00
CCH-001017,ACCT-000114,B0029,300.1,2026-07-16T16:47:43+00:00
CCH-001018,ACCT-000032,B0029,315.83,2026-07-16T16:47:43+00:00
CCH-001019,ACCT-000103,B0029,294.57,2026-07-16T16:47:43+00:00
CCH-001020,ACCT-000064,B0029,645.68,2026-07-16T16:47:43+00:00
CCH-001021,ACCT-000056,B0029,50.88,2026-07-16T16:47:43+00:00
CCH-001022,ACCT-000022,B0029,397.42,2026-07-16T16:47:43+00:00
CCH-001023,ACCT-000003,B0029,915.91,2026-07-16T16:47:43+00:00
CCH-001024,ACCT-000009,B0029,363.79,2026-07-16T16:47:43+00:00
CCH-001025,ACCT-000011,B0029,392.14,2026-07-16T16:47:43+00:00
CCH-001026,ACCT-000112,B0029,354.96,2026-07-16T16:47:43+00:00
CCH-001027,ACCT-000070,B0029,196.69,2026-07-16T16:47:43+00:00
CCH-001028,ACCT-000188,B0029,717.35,2026-07-16T16:47:43+00:00
CCH-001029,ACCT-000153,B0029,518.0,2026-07-16T16:47:43+00:00
CCH-001030,ACCT-000110,B0029,601.05,2026-07-16T16:47:43+00:00
CCH-001031,ACCT-000057,B0029,356.09,2026-07-16T16:47:43+00:00
CCH-001032,ACCT-000041,B0029,303.79,2026-07-16T16:47:43+00:00
CCH-001033,ACCT-000172,B0029,583.64,2026-07-16T16:47:43+00:00
CCH-001034,ACCT-000007,B0029,458.67,2026-07-16T16:47:43+00:00
CCH-001035,ACCT-000048,B0029,900.17,2026-07-16T16:47:43+00:00
CCH-001036,ACCT-000118,B0029,413.41,2026-07-16T16:47:43+00:00
CCH-001037,ACCT-000174,B0029,344.55,2026-07-16T16:47:43+00:00
CCH-001038,ACCT-000001,B0029,384.16,2026-07-16T16:47:43+00:00
CCH-001039,ACCT-000051,B0029,666.11,2026-07-16T16:47:43+00:00
CCH-001040,ACCT-000094,B0029,441.64,2026-07-16T16:47:43+00:00
CCH-001041,ACCT-000198,B0029,262.08,2026-07-16T16:47:43+00:00
CCH-001042,ACCT-000199,B0029,668.44,2026-07-16T16:47:43+00:00
CCH-001043,ACCT-000200,B0029,526.86,2026-07-16T16:47:43+00:00
CCH-001044,ACCT-000154,B0030,810.02,2026-07-16T17:59:28+00:00
CCH-001045,ACCT-000188,B0030,253.17,2026-07-16T17:59:28+00:00
CCH-001046,ACCT-000165,B0030,162.03,2026-07-16T17:59:28+00:00
CCH-001047,ACCT-000150,B0030,746.84,2026-07-16T17:59:28+00:00
CCH-001048,ACCT-000172,B0030,347.91,2026-07-16T17:59:28+00:00
CCH-001049,ACCT-000115,B0030,180.87,2026-07-16T17:59:28+00:00
CCH-001050,ACCT-000094,B0030,157.03,2026-07-16T17:59:28+00:00
CCH-001051,ACCT-000148,B0030,533.5,2026-07-16T17:59:28+00:00
CCH-001052,ACCT-000002,B0030,758.31,2026-07-16T17:59:28+00:00
CCH-001053,ACCT-000164,B0030,433.27,2026-07-16T17:59:28+00:00
CCH-001054,ACCT-000040,B0030,783.67,2026-07-16T17:59:28+00:00
CCH-001055,ACCT-000072,B0030,669.83,2026-07-16T17:59:28+00:00
CCH-001056,ACCT-000136,B0030,552.25,2026-07-16T17:59:28+00:00
CCH-001057,ACCT-000166,B0030,264.18,2026-07-16T17:59:28+00:00
CCH-001058,ACCT-000088,B0030,36.39,2026-07-16T17:59:28+00:00
CCH-001059,ACCT-000047,B0030,115.34,2026-07-16T17:59:28+00:00
CCH-001060,ACCT-000162,B0030,1065.62,2026-07-16T17:59:28+00:00
CCH-001061,ACCT-000098,B0030,21.85,2026-07-16T17:59:28+00:00
CCH-001062,ACCT-000178,B0030,260.62,2026-07-16T17:59:28+00:00
CCH-001063,ACCT-000125,B0030,616.34,2026-07-16T17:59:28+00:00
CCH-001064,ACCT-000041,B0030,65.83,2026-07-16T17:59:28+00:00
CCH-001065,ACCT-000096,B0030,956.98,2026-07-16T17:59:28+00:00
CCH-001066,ACCT-000122,B0030,520.96,2026-07-16T17:59:28+00:00
CCH-001067,ACCT-000132,B0030,1094.57,2026-07-16T17:59:28+00:00
CCH-001068,ACCT-000140,B0030,1071.0,2026-07-16T17:59:28+00:00
CCH-001069,ACCT-000191,B0030,756.14,2026-07-16T17:59:28+00:00
CCH-001070,ACCT-000181,B0030,999.85,2026-07-16T17:59:28+00:00
CCH-001071,ACCT-000159,B0030,618.54,2026-07-16T17:59:28+00:00
CCH-001072,ACCT-000031,B0030,386.1,2026-07-16T17:59:28+00:00
CCH-001073,ACCT-000152,B0030,386.2,2026-07-16T17:59:28+00:00
CCH-001074,ACCT-000161,B0030,519.74,2026-07-16T17:59:28+00:00
CCH-001075,ACCT-000201,B0030,388.93,2026-07-16T17:59:28+00:00
CCH-001076,ACCT-000202,B0030,414.28,2026-07-16T17:59:28+00:00
CCH-001077,ACCT-000203,B0030,344.93,2026-07-16T17:59:28+00:00
CCH-001078,ACCT-000056,B0031,61.77,2026-07-16T19:15:28+00:00
CCH-001079,ACCT-000090,B0031,1048.61,2026-07-16T19:15:28+00:00
CCH-001080,ACCT-000022,B0031,492.08,2026-07-16T19:15:28+00:00
CCH-001081,ACCT-000053,B0031,905.07,2026-07-16T19:15:28+00:00
CCH-001082,ACCT-000035,B0031,34.37,2026-07-16T19:15:28+00:00
CCH-001083,ACCT-000138,B0031,238.54,2026-07-16T19:15:28+00:00
CCH-001084,ACCT-000008,B0031,94.4,2026-07-16T19:15:28+00:00
CCH-001085,ACCT-000155,B0031,753.8,2026-07-16T19:15:28+00:00
CCH-001086,ACCT-000067,B0031,780.8,2026-07-16T19:15:28+00:00
CCH-001087,ACCT-000203,B0031,355.2,2026-07-16T19:15:28+00:00
CCH-001088,ACCT-000185,B0031,589.36,2026-07-16T19:15:28+00:00
CCH-001089,ACCT-000163,B0031,196.44,2026-07-16T19:15:28+00:00
CCH-001090,ACCT-000064,B0031,576.48,2026-07-16T19:15:28+00:00
CCH-001091,ACCT-000157,B0031,969.93,2026-07-16T19:15:28+00:00
CCH-001092,ACCT-000145,B0031,240.94,2026-07-16T19:15:28+00:00
CCH-001093,ACCT-000071,B0031,212.63,2026-07-16T19:15:28+00:00
CCH-001094,ACCT-000154,B0031,469.29,2026-07-16T19:15:28+00:00
CCH-001095,ACCT-000196,B0031,93.7,2026-07-16T19:15:28+00:00
CCH-001096,ACCT-000122,B0031,729.35,2026-07-16T19:15:28+00:00
CCH-001097,ACCT-000119,B0031,313.36,2026-07-16T19:15:28+00:00
CCH-001098,ACCT-000051,B0031,358.74,2026-07-16T19:15:28+00:00
CCH-001099,ACCT-000171,B0031,629.95,2026-07-16T19:15:28+00:00
CCH-001100,ACCT-000137,B0031,64.12,2026-07-16T19:15:28+00:00
CCH-001101,ACCT-000181,B0031,348.29,2026-07-16T19:15:28+00:00
CCH-001102,ACCT-000162,B0031,319.55,2026-07-16T19:15:28+00:00
CCH-001103,ACCT-000021,B0031,558.72,2026-07-16T19:15:28+00:00
CCH-001104,ACCT-000033,B0031,257.16,2026-07-16T19:15:28+00:00
CCH-001105,ACCT-000121,B0031,712.17,2026-07-16T19:15:28+00:00
CCH-001106,ACCT-000095,B0031,454.77,2026-07-16T19:15:28+00:00
CCH-001107,ACCT-000063,B0031,604.53,2026-07-16T19:15:28+00:00
CCH-001108,ACCT-000158,B0031,362.69,2026-07-16T19:15:28+00:00
CCH-001109,ACCT-000204,B0031,222.39,2026-07-16T19:15:28+00:00
CCH-001110,ACCT-000205,B0031,646.58,2026-07-16T19:15:28+00:00
CCH-001111,ACCT-000206,B0031,402.35,2026-07-16T19:15:28+00:00
CCH-001112,ACCT-000207,B0031,108.65,2026-07-16T19:15:28+00:00
CCH-001113,ACCT-000014,B0032,622.47,2026-07-16T20:25:14+00:00
CCH-001114,ACCT-000130,B0032,372.83,2026-07-16T20:25:14+00:00
CCH-001115,ACCT-000168,B0032,245.58,2026-07-16T20:25:14+00:00
CCH-001116,ACCT-000050,B0032,416.81,2026-07-16T20:25:14+00:00
CCH-001117,ACCT-000104,B0032,430.55,2026-07-16T20:25:14+00:00
CCH-001118,ACCT-000058,B0032,883.5,2026-07-16T20:25:14+00:00
CCH-001119,ACCT-000175,B0032,543.13,2026-07-16T20:25:14+00:00
CCH-001120,ACCT-000195,B0032,372.54,2026-07-16T20:25:14+00:00
CCH-001121,ACCT-000170,B0032,1156.85,2026-07-16T20:25:14+00:00
CCH-001122,ACCT-000206,B0032,293.36,2026-07-16T20:25:14+00:00
CCH-001123,ACCT-000009,B0032,897.78,2026-07-16T20:25:14+00:00
CCH-001124,ACCT-000042,B0032,817.37,2026-07-16T20:25:14+00:00
CCH-001125,ACCT-000076,B0032,541.6,2026-07-16T20:25:14+00:00
CCH-001126,ACCT-000008,B0032,720.37,2026-07-16T20:25:14+00:00
CCH-001127,ACCT-000080,B0032,527.54,2026-07-16T20:25:14+00:00
CCH-001128,ACCT-000127,B0032,377.67,2026-07-16T20:25:14+00:00
CCH-001129,ACCT-000201,B0032,51.77,2026-07-16T20:25:14+00:00
CCH-001130,ACCT-000128,B0032,785.4,2026-07-16T20:25:14+00:00
CCH-001131,ACCT-000033,B0032,788.85,2026-07-16T20:25:14+00:00
CCH-001132,ACCT-000056,B0032,823.74,2026-07-16T20:25:14+00:00
CCH-001133,ACCT-000114,B0032,865.37,2026-07-16T20:25:14+00:00
CCH-001134,ACCT-000055,B0032,609.96,2026-07-16T20:25:14+00:00
CCH-001135,ACCT-000066,B0032,311.58,2026-07-16T20:25:14+00:00
CCH-001136,ACCT-000094,B0032,308.04,2026-07-16T20:25:14+00:00
CCH-001137,ACCT-000005,B0032,591.68,2026-07-16T20:25:14+00:00
CCH-001138,ACCT-000003,B0032,45.27,2026-07-16T20:25:14+00:00
CCH-001139,ACCT-000208,B0032,903.37,2026-07-16T20:25:14+00:00
CCH-001140,ACCT-000209,B0032,422.87,2026-07-16T20:25:14+00:00
CCH-001141,ACCT-000110,B0033,554.04,2026-07-16T21:31:03+00:00
CCH-001142,ACCT-000127,B0033,249.39,2026-07-16T21:31:03+00:00
CCH-001143,ACCT-000063,B0033,360.28,2026-07-16T21:31:03+00:00
CCH-001144,ACCT-000051,B0033,337.7,2026-07-16T21:31:03+00:00
CCH-001145,ACCT-000030,B0033,281.57,2026-07-16T21:31:03+00:00
CCH-001146,ACCT-000201,B0033,609.48,2026-07-16T21:31:03+00:00
CCH-001147,ACCT-000089,B0033,803.81,2026-07-16T21:31:03+00:00
CCH-001148,ACCT-000050,B0033,212.77,2026-07-16T21:31:03+00:00
CCH-001149,ACCT-000049,B0033,210.77,2026-07-16T21:31:03+00:00
CCH-001150,ACCT-000035,B0033,505.33,2026-07-16T21:31:03+00:00
CCH-001151,ACCT-000093,B0033,198.33,2026-07-16T21:31:03+00:00
CCH-001152,ACCT-000010,B0033,131.13,2026-07-16T21:31:03+00:00
CCH-001153,ACCT-000017,B0033,717.01,2026-07-16T21:31:03+00:00
CCH-001154,ACCT-000086,B0033,99.84,2026-07-16T21:31:03+00:00
CCH-001155,ACCT-000163,B0033,202.99,2026-07-16T21:31:03+00:00
CCH-001156,ACCT-000209,B0033,303.34,2026-07-16T21:31:03+00:00
CCH-001157,ACCT-000078,B0033,391.27,2026-07-16T21:31:03+00:00
CCH-001158,ACCT-000152,B0033,339.26,2026-07-16T21:31:03+00:00
CCH-001159,ACCT-000119,B0033,45.18,2026-07-16T21:31:03+00:00
CCH-001160,ACCT-000148,B0033,887.16,2026-07-16T21:31:03+00:00
CCH-001161,ACCT-000129,B0033,773.72,2026-07-16T21:31:03+00:00
CCH-001162,ACCT-000153,B0033,518.96,2026-07-16T21:31:03+00:00
CCH-001163,ACCT-000124,B0033,456.46,2026-07-16T21:31:03+00:00
CCH-001164,ACCT-000208,B0033,574.93,2026-07-16T21:31:03+00:00
CCH-001165,ACCT-000143,B0033,137.19,2026-07-16T21:31:03+00:00
CCH-001166,ACCT-000197,B0033,77.04,2026-07-16T21:31:03+00:00
CCH-001167,ACCT-000167,B0033,1074.78,2026-07-16T21:31:03+00:00
CCH-001168,ACCT-000044,B0033,546.01,2026-07-16T21:31:03+00:00
CCH-001169,ACCT-000084,B0033,905.89,2026-07-16T21:31:03+00:00
CCH-001170,ACCT-000094,B0033,295.85,2026-07-16T21:31:03+00:00
CCH-001171,ACCT-000046,B0033,322.57,2026-07-16T21:31:03+00:00
CCH-001172,ACCT-000210,B0033,611.55,2026-07-16T21:31:03+00:00
CCH-001173,ACCT-000211,B0033,112.26,2026-07-16T21:31:03+00:00
CCH-001174,ACCT-000212,B0033,582.1,2026-07-16T21:31:03+00:00
CCH-001175,ACCT-000213,B0033,1070.81,2026-07-16T21:31:03+00:00
CCH-001176,ACCT-000149,B0034,542.52,2026-07-16T22:51:41+00:00
CCH-001177,ACCT-000156,B0034,470.03,2026-07-16T22:51:41+00:00
CCH-001178,ACCT-000159,B0034,524.34,2026-07-16T22:51:41+00:00
CCH-001179,ACCT-000201,B0034,1142.01,2026-07-16T22:51:41+00:00
CCH-001180,ACCT-000206,B0034,1097.77,2026-07-16T22:51:41+00:00
CCH-001181,ACCT-000069,B0034,498.74,2026-07-16T22:51:41+00:00
CCH-001182,ACCT-000066,B0034,921.9,2026-07-16T22:51:41+00:00
CCH-001183,ACCT-000176,B0034,403.4,2026-07-16T22:51:41+00:00
CCH-001184,ACCT-000162,B0034,677.29,2026-07-16T22:51:41+00:00
CCH-001185,ACCT-000010,B0034,129.69,2026-07-16T22:51:41+00:00
CCH-001186,ACCT-000020,B0034,524.68,2026-07-16T22:51:41+00:00
CCH-001187,ACCT-000059,B0034,726.63,2026-07-16T22:51:41+00:00
CCH-001188,ACCT-000187,B0034,743.49,2026-07-16T22:51:41+00:00
CCH-001189,ACCT-000074,B0034,545.13,2026-07-16T22:51:41+00:00
CCH-001190,ACCT-000111,B0034,631.08,2026-07-16T22:51:41+00:00
CCH-001191,ACCT-000148,B0034,387.16,2026-07-16T22:51:41+00:00
CCH-001192,ACCT-000117,B0034,701.15,2026-07-16T22:51:41+00:00
CCH-001193,ACCT-000184,B0034,1043.99,2026-07-16T22:51:41+00:00
CCH-001194,ACCT-000190,B0034,555.3,2026-07-16T22:51:41+00:00
CCH-001195,ACCT-000042,B0034,190.34,2026-07-16T22:51:41+00:00
CCH-001196,ACCT-000046,B0034,416.59,2026-07-16T22:51:41+00:00
CCH-001197,ACCT-000079,B0034,802.47,2026-07-16T22:51:41+00:00
CCH-001198,ACCT-000013,B0034,856.16,2026-07-16T22:51:41+00:00
CCH-001199,ACCT-000212,B0034,610.96,2026-07-16T22:51:41+00:00
CCH-001200,ACCT-000092,B0034,547.52,2026-07-16T22:51:41+00:00
CCH-001201,ACCT-000182,B0034,963.89,2026-07-16T22:51:41+00:00
CCH-001202,ACCT-000086,B0034,212.85,2026-07-16T22:51:41+00:00
CCH-001203,ACCT-000209,B0034,271.62,2026-07-16T22:51:41+00:00
CCH-001204,ACCT-000061,B0034,559.61,2026-07-16T22:51:41+00:00
CCH-001205,ACCT-000080,B0034,232.7,2026-07-16T22:51:41+00:00
CCH-001206,ACCT-000214,B0034,660.41,2026-07-16T22:51:41+00:00
CCH-001207,ACCT-000215,B0034,538.93,2026-07-16T22:51:41+00:00
CCH-001208,ACCT-000095,B0035,200.42,2026-07-16T23:52:31+00:00
CCH-001209,ACCT-000007,B0035,204.84,2026-07-16T23:52:31+00:00
CCH-001210,ACCT-000043,B0035,917.88,2026-07-16T23:52:31+00:00
CCH-001211,ACCT-000180,B0035,919.82,2026-07-16T23:52:31+00:00
CCH-001212,ACCT-000166,B0035,979.18,2026-07-16T23:52:31+00:00
CCH-001213,ACCT-000110,B0035,621.17,2026-07-16T23:52:31+00:00
CCH-001214,ACCT-000193,B0035,580.97,2026-07-16T23:52:31+00:00
CCH-001215,ACCT-000190,B0035,269.21,2026-07-16T23:52:31+00:00
CCH-001216,ACCT-000114,B0035,628.64,2026-07-16T23:52:31+00:00
CCH-001217,ACCT-000189,B0035,103.1,2026-07-16T23:52:31+00:00
CCH-001218,ACCT-000142,B0035,224.82,2026-07-16T23:52:31+00:00
CCH-001219,ACCT-000133,B0035,691.2,2026-07-16T23:52:31+00:00
CCH-001220,ACCT-000104,B0035,609.84,2026-07-16T23:52:31+00:00
CCH-001221,ACCT-000002,B0035,1085.42,2026-07-16T23:52:31+00:00
CCH-001222,ACCT-000197,B0035,258.1,2026-07-16T23:52:31+00:00
CCH-001223,ACCT-000090,B0035,709.47,2026-07-16T23:52:31+00:00
CCH-001224,ACCT-000036,B0035,73.73,2026-07-16T23:52:31+00:00
CCH-001225,ACCT-000199,B0035,642.77,2026-07-16T23:52:31+00:00
CCH-001226,ACCT-000113,B0035,64.96,2026-07-16T23:52:31+00:00
CCH-001227,ACCT-000112,B0035,929.67,2026-07-16T23:52:31+00:00
CCH-001228,ACCT-000179,B0035,337.6,2026-07-16T23:52:31+00:00
CCH-001229,ACCT-000109,B0035,283.33,2026-07-16T23:52:31+00:00
CCH-001230,ACCT-000047,B0035,329.37,2026-07-16T23:52:31+00:00
CCH-001231,ACCT-000176,B0035,250.95,2026-07-16T23:52:31+00:00
CCH-001232,ACCT-000102,B0035,232.6,2026-07-16T23:52:31+00:00
CCH-001233,ACCT-000124,B0035,458.47,2026-07-16T23:52:31+00:00
CCH-001234,ACCT-000086,B0035,1022.01,2026-07-16T23:52:31+00:00
CCH-001235,ACCT-000116,B0035,117.27,2026-07-16T23:52:31+00:00
CCH-001236,ACCT-000137,B0035,109.89,2026-07-16T23:52:31+00:00
CCH-001237,ACCT-000107,B0035,263.82,2026-07-16T23:52:31+00:00
CCH-001238,ACCT-000082,B0035,405.94,2026-07-16T23:52:31+00:00
CCH-001239,ACCT-000216,B0035,618.22,2026-07-16T23:52:31+00:00
CCH-001240,ACCT-000217,B0035,1080.22,2026-07-16T23:52:31+00:00
CCH-001241,ACCT-000097,B0036,787.69,2026-07-17T01:55:24+00:00
CCH-001242,ACCT-000138,B0036,170.7,2026-07-17T01:55:24+00:00
CCH-001243,ACCT-000216,B0036,295.07,2026-07-17T01:55:24+00:00
CCH-001244,ACCT-000181,B0036,117.38,2026-07-17T01:55:24+00:00
CCH-001245,ACCT-000092,B0036,112.47,2026-07-17T01:55:24+00:00
CCH-001246,ACCT-000192,B0036,697.5,2026-07-17T01:55:24+00:00
CCH-001247,ACCT-000149,B0036,480.24,2026-07-17T01:55:24+00:00
CCH-001248,ACCT-000189,B0036,250.42,2026-07-17T01:55:24+00:00
CCH-001249,ACCT-000200,B0036,318.68,2026-07-17T01:55:24+00:00
CCH-001250,ACCT-000127,B0036,167.81,2026-07-17T01:55:24+00:00
CCH-001251,ACCT-000183,B0036,82.58,2026-07-17T01:55:24+00:00
CCH-001252,ACCT-000143,B0036,571.7,2026-07-17T01:55:24+00:00
CCH-001253,ACCT-000117,B0036,1185.82,2026-07-17T01:55:24+00:00
CCH-001254,ACCT-000012,B0036,105.35,2026-07-17T01:55:24+00:00
CCH-001255,ACCT-000041,B0036,653.88,2026-07-17T01:55:24+00:00
CCH-001256,ACCT-000196,B0036,470.13,2026-07-17T01:55:24+00:00
CCH-001257,ACCT-000163,B0036,388.1,2026-07-17T01:55:24+00:00
CCH-001258,ACCT-000031,B0036,1115.5,2026-07-17T01:55:24+00:00
CCH-001259,ACCT-000169,B0036,60.95,2026-07-17T01:55:24+00:00
CCH-001260,ACCT-000159,B0036,543.85,2026-07-17T01:55:24+00:00
CCH-001261,ACCT-000111,B0036,190.0,2026-07-17T01:55:24+00:00
CCH-001262,ACCT-000119,B0036,253.93,2026-07-17T01:55:24+00:00
CCH-001263,ACCT-000151,B0036,920.57,2026-07-17T01:55:24+00:00
CCH-001264,ACCT-000145,B0036,1088.33,2026-07-17T01:55:24+00:00
CCH-001265,ACCT-000168,B0036,398.55,2026-07-17T01:55:24+00:00
CCH-001266,ACCT-000118,B0036,889.34,2026-07-17T01:55:24+00:00
CCH-001267,ACCT-000218,B0036,355.01,2026-07-17T01:55:24+00:00
CCH-001268,ACCT-000219,B0036,405.72,2026-07-17T01:55:24+00:00
CCH-001269,ACCT-000220,B0036,916.7,2026-07-17T01:55:24+00:00
CCH-001270,ACCT-000221,B0036,429.53,2026-07-17T01:55:24+00:00
CCH-001271,ACCT-000129,B0037,681.92,2026-07-17T04:57:40+00:00
CCH-001272,ACCT-000031,B0037,654.01,2026-07-17T04:57:40+00:00
CCH-001273,ACCT-000060,B0037,354.76,2026-07-17T04:57:40+00:00
CCH-001274,ACCT-000213,B0037,902.86,2026-07-17T04:57:40+00:00
CCH-001275,ACCT-000218,B0037,261.78,2026-07-17T04:57:40+00:00
CCH-001276,ACCT-000099,B0037,1101.44,2026-07-17T04:57:40+00:00
CCH-001277,ACCT-000199,B0037,509.22,2026-07-17T04:57:40+00:00
CCH-001278,ACCT-000044,B0037,636.78,2026-07-17T04:57:40+00:00
CCH-001279,ACCT-000048,B0037,453.34,2026-07-17T04:57:40+00:00
CCH-001280,ACCT-000017,B0037,175.24,2026-07-17T04:57:40+00:00
CCH-001281,ACCT-000052,B0037,294.04,2026-07-17T04:57:40+00:00
CCH-001282,ACCT-000016,B0037,149.48,2026-07-17T04:57:40+00:00
CCH-001283,ACCT-000108,B0037,428.6,2026-07-17T04:57:40+00:00
CCH-001284,ACCT-000035,B0037,361.94,2026-07-17T04:57:40+00:00
CCH-001285,ACCT-000059,B0037,330.75,2026-07-17T04:57:40+00:00
CCH-001286,ACCT-000138,B0037,97.81,2026-07-17T04:57:40+00:00
CCH-001287,ACCT-000132,B0037,71.93,2026-07-17T04:57:40+00:00
CCH-001288,ACCT-000196,B0037,744.43,2026-07-17T04:57:40+00:00
CCH-001289,ACCT-000061,B0037,754.8,2026-07-17T04:57:40+00:00
CCH-001290,ACCT-000007,B0037,1167.87,2026-07-17T04:57:40+00:00
CCH-001291,ACCT-000080,B0037,739.16,2026-07-17T04:57:40+00:00
CCH-001292,ACCT-000179,B0037,452.18,2026-07-17T04:57:40+00:00
CCH-001293,ACCT-000103,B0037,556.04,2026-07-17T04:57:40+00:00
CCH-001294,ACCT-000205,B0037,480.88,2026-07-17T04:57:40+00:00
CCH-001295,ACCT-000022,B0037,456.28,2026-07-17T04:57:40+00:00
CCH-001296,ACCT-000133,B0037,425.3,2026-07-17T04:57:40+00:00
CCH-001297,ACCT-000207,B0037,328.43,2026-07-17T04:57:40+00:00
CCH-001298,ACCT-000206,B0037,302.1,2026-07-17T04:57:40+00:00
CCH-001299,ACCT-000222,B0037,189.73,2026-07-17T04:57:40+00:00
CCH-001300,ACCT-000223,B0037,868.99,2026-07-17T04:57:40+00:00
CCH-001301,ACCT-000224,B0037,63.97,2026-07-17T04:57:40+00:00
CCH-001302,ACCT-000225,B0037,931.58,2026-07-17T04:57:40+00:00
CCH-001303,ACCT-000200,B0038,289.86,2026-07-17T07:14:41+00:00
CCH-001304,ACCT-000106,B0038,102.67,2026-07-17T07:14:41+00:00
CCH-001305,ACCT-000189,B0038,733.09,2026-07-17T07:14:41+00:00
CCH-001306,ACCT-000172,B0038,907.65,2026-07-17T07:14:41+00:00
CCH-001307,ACCT-000212,B0038,326.83,2026-07-17T07:14:41+00:00
CCH-001308,ACCT-000111,B0038,496.67,2026-07-17T07:14:41+00:00
CCH-001309,ACCT-000088,B0038,545.59,2026-07-17T07:14:41+00:00
CCH-001310,ACCT-000191,B0038,457.34,2026-07-17T07:14:41+00:00
CCH-001311,ACCT-000177,B0038,373.65,2026-07-17T07:14:41+00:00
CCH-001312,ACCT-000085,B0038,30.93,2026-07-17T07:14:41+00:00
CCH-001313,ACCT-000083,B0038,75.4,2026-07-17T07:14:41+00:00
CCH-001314,ACCT-000033,B0038,633.23,2026-07-17T07:14:41+00:00
CCH-001315,ACCT-000142,B0038,432.94,2026-07-17T07:14:41+00:00
CCH-001316,ACCT-000063,B0038,650.63,2026-07-17T07:14:41+00:00
CCH-001317,ACCT-000195,B0038,208.86,2026-07-17T07:14:41+00:00
CCH-001318,ACCT-000070,B0038,271.35,2026-07-17T07:14:41+00:00
CCH-001319,ACCT-000133,B0038,672.76,2026-07-17T07:14:41+00:00
CCH-001320,ACCT-000107,B0038,1269.65,2026-07-17T07:14:41+00:00
CCH-001321,ACCT-000028,B0038,313.65,2026-07-17T07:14:41+00:00
CCH-001322,ACCT-000011,B0038,786.02,2026-07-17T07:14:41+00:00
CCH-001323,ACCT-000171,B0038,288.38,2026-07-17T07:14:41+00:00
CCH-001324,ACCT-000024,B0038,1132.33,2026-07-17T07:14:41+00:00
CCH-001325,ACCT-000160,B0038,719.21,2026-07-17T07:14:41+00:00
CCH-001326,ACCT-000023,B0038,456.63,2026-07-17T07:14:41+00:00
CCH-001327,ACCT-000147,B0038,287.99,2026-07-17T07:14:41+00:00
CCH-001328,ACCT-000058,B0038,240.26,2026-07-17T07:14:41+00:00
CCH-001329,ACCT-000101,B0038,34.1,2026-07-17T07:14:41+00:00
CCH-001330,ACCT-000086,B0038,147.41,2026-07-17T07:14:41+00:00
CCH-001331,ACCT-000201,B0038,187.72,2026-07-17T07:14:41+00:00
CCH-001332,ACCT-000037,B0038,349.73,2026-07-17T07:14:41+00:00
CCH-001333,ACCT-000215,B0038,233.62,2026-07-17T07:14:41+00:00
CCH-001334,ACCT-000226,B0038,572.73,2026-07-17T07:14:41+00:00
CCH-001335,ACCT-000227,B0038,537.72,2026-07-17T07:14:41+00:00
CCH-001336,ACCT-000228,B0038,1168.78,2026-07-17T07:14:41+00:00
CCH-001337,ACCT-000104,B0039,466.33,2026-07-17T09:26:38+00:00
CCH-001338,ACCT-000075,B0039,556.01,2026-07-17T09:26:38+00:00
CCH-001339,ACCT-000191,B0039,40.3,2026-07-17T09:26:38+00:00
CCH-001340,ACCT-000116,B0039,285.28,2026-07-17T09:26:38+00:00
CCH-001341,ACCT-000052,B0039,1089.91,2026-07-17T09:26:38+00:00
CCH-001342,ACCT-000082,B0039,234.78,2026-07-17T09:26:38+00:00
CCH-001343,ACCT-000150,B0039,400.09,2026-07-17T09:26:38+00:00
CCH-001344,ACCT-000040,B0039,754.57,2026-07-17T09:26:38+00:00
CCH-001345,ACCT-000056,B0039,774.34,2026-07-17T09:26:38+00:00
CCH-001346,ACCT-000024,B0039,1052.18,2026-07-17T09:26:38+00:00
CCH-001347,ACCT-000179,B0039,681.3,2026-07-17T09:26:38+00:00
CCH-001348,ACCT-000063,B0039,556.55,2026-07-17T09:26:38+00:00
CCH-001349,ACCT-000091,B0039,427.83,2026-07-17T09:26:38+00:00
CCH-001350,ACCT-000226,B0039,603.66,2026-07-17T09:26:38+00:00
CCH-001351,ACCT-000010,B0039,250.42,2026-07-17T09:26:38+00:00
CCH-001352,ACCT-000005,B0039,873.64,2026-07-17T09:26:38+00:00
CCH-001353,ACCT-000105,B0039,520.16,2026-07-17T09:26:38+00:00
CCH-001354,ACCT-000225,B0039,443.72,2026-07-17T09:26:38+00:00
CCH-001355,ACCT-000134,B0039,526.38,2026-07-17T09:26:38+00:00
CCH-001356,ACCT-000118,B0039,305.61,2026-07-17T09:26:38+00:00
CCH-001357,ACCT-000152,B0039,198.23,2026-07-17T09:26:38+00:00
CCH-001358,ACCT-000002,B0039,374.58,2026-07-17T09:26:38+00:00
CCH-001359,ACCT-000121,B0039,237.45,2026-07-17T09:26:38+00:00
CCH-001360,ACCT-000103,B0039,32.41,2026-07-17T09:26:38+00:00
CCH-001361,ACCT-000057,B0039,811.19,2026-07-17T09:26:38+00:00
CCH-001362,ACCT-000092,B0039,427.37,2026-07-17T09:26:38+00:00
CCH-001363,ACCT-000195,B0039,339.51,2026-07-17T09:26:38+00:00
CCH-001364,ACCT-000021,B0039,382.3,2026-07-17T09:26:38+00:00
CCH-001365,ACCT-000176,B0039,839.93,2026-07-17T09:26:38+00:00
CCH-001366,ACCT-000065,B0039,401.96,2026-07-17T09:26:38+00:00
CCH-001367,ACCT-000145,B0039,298.92,2026-07-17T09:26:38+00:00
CCH-001368,ACCT-000140,B0039,381.95,2026-07-17T09:26:38+00:00
CCH-001369,ACCT-000011,B0039,716.84,2026-07-17T09:26:38+00:00
CCH-001370,ACCT-000031,B0039,465.29,2026-07-17T09:26:38+00:00
CCH-001371,ACCT-000141,B0039,692.57,2026-07-17T09:26:38+00:00
CCH-001372,ACCT-000229,B0039,608.87,2026-07-17T09:26:38+00:00
CCH-001373,ACCT-000230,B0039,240.36,2026-07-17T09:26:38+00:00
CCH-001374,ACCT-000203,B0040,402.66,2026-07-17T11:04:47+00:00
CCH-001375,ACCT-000011,B0040,27.53,2026-07-17T11:04:47+00:00
CCH-001376,ACCT-000118,B0040,556.15,2026-07-17T11:04:47+00:00
CCH-001377,ACCT-000047,B0040,52.05,2026-07-17T11:04:47+00:00
CCH-001378,ACCT-000220,B0040,616.88,2026-07-17T11:04:47+00:00
CCH-001379,ACCT-000115,B0040,545.42,2026-07-17T11:04:47+00:00
CCH-001380,ACCT-000207,B0040,84.47,2026-07-17T11:04:47+00:00
CCH-001381,ACCT-000056,B0040,429.36,2026-07-17T11:04:47+00:00
CCH-001382,ACCT-000082,B0040,555.93,2026-07-17T11:04:47+00:00
CCH-001383,ACCT-000167,B0040,196.18,2026-07-17T11:04:47+00:00
CCH-001384,ACCT-000196,B0040,966.43,2026-07-17T11:04:47+00:00
CCH-001385,ACCT-000226,B0040,936.45,2026-07-17T11:04:47+00:00
CCH-001386,ACCT-000214,B0040,699.92,2026-07-17T11:04:47+00:00
CCH-001387,ACCT-000176,B0040,627.08,2026-07-17T11:04:47+00:00
CCH-001388,ACCT-000109,B0040,654.28,2026-07-17T11:04:47+00:00
CCH-001389,ACCT-000128,B0040,770.71,2026-07-17T11:04:47+00:00
CCH-001390,ACCT-000142,B0040,892.57,2026-07-17T11:04:47+00:00
CCH-001391,ACCT-000210,B0040,477.53,2026-07-17T11:04:47+00:00
CCH-001392,ACCT-000230,B0040,541.89,2026-07-17T11:04:47+00:00
CCH-001393,ACCT-000102,B0040,337.03,2026-07-17T11:04:47+00:00
CCH-001394,ACCT-000087,B0040,489.35,2026-07-17T11:04:47+00:00
CCH-001395,ACCT-000040,B0040,663.65,2026-07-17T11:04:47+00:00
CCH-001396,ACCT-000124,B0040,79.6,2026-07-17T11:04:47+00:00
CCH-001397,ACCT-000215,B0040,59.34,2026-07-17T11:04:47+00:00
CCH-001398,ACCT-000104,B0040,563.15,2026-07-17T11:04:47+00:00
CCH-001399,ACCT-000007,B0040,1105.17,2026-07-17T11:04:47+00:00
CCH-001400,ACCT-000231,B0040,814.72,2026-07-17T11:04:47+00:00
CCH-001401,ACCT-000232,B0040,712.82,2026-07-17T11:04:47+00:00
CCH-001402,ACCT-000233,B0040,1051.5,2026-07-17T11:04:47+00:00
CCH-001403,ACCT-000132,B0041,353.98,2026-07-17T12:40:47+00:00
CCH-001404,ACCT-000181,B0041,544.25,2026-07-17T12:40:47+00:00
CCH-001405,ACCT-000084,B0041,258.25,2026-07-17T12:40:47+00:00
CCH-001406,ACCT-000159,B0041,204.93,2026-07-17T12:40:47+00:00
CCH-001407,ACCT-000179,B0041,801.37,2026-07-17T12:40:47+00:00
CCH-001408,ACCT-000069,B0041,743.59,2026-07-17T12:40:47+00:00
CCH-001409,ACCT-000009,B0041,977.89,2026-07-17T12:40:47+00:00
CCH-001410,ACCT-000137,B0041,563.86,2026-07-17T12:40:47+00:00
CCH-001411,ACCT-000070,B0041,171.82,2026-07-17T12:40:47+00:00
CCH-001412,ACCT-000226,B0041,114.41,2026-07-17T12:40:47+00:00
CCH-001413,ACCT-000231,B0041,649.31,2026-07-17T12:40:47+00:00
CCH-001414,ACCT-000203,B0041,389.55,2026-07-17T12:40:47+00:00
CCH-001415,ACCT-000199,B0041,258.32,2026-07-17T12:40:47+00:00
CCH-001416,ACCT-000049,B0041,308.25,2026-07-17T12:40:47+00:00
CCH-001417,ACCT-000045,B0041,20.12,2026-07-17T12:40:47+00:00
CCH-001418,ACCT-000076,B0041,784.99,2026-07-17T12:40:47+00:00
CCH-001419,ACCT-000058,B0041,127.47,2026-07-17T12:40:47+00:00
CCH-001420,ACCT-000119,B0041,164.06,2026-07-17T12:40:47+00:00
CCH-001421,ACCT-000200,B0041,282.87,2026-07-17T12:40:47+00:00
CCH-001422,ACCT-000127,B0041,810.62,2026-07-17T12:40:47+00:00
CCH-001423,ACCT-000158,B0041,777.79,2026-07-17T12:40:47+00:00
CCH-001424,ACCT-000099,B0041,551.46,2026-07-17T12:40:47+00:00
CCH-001425,ACCT-000040,B0041,500.87,2026-07-17T12:40:47+00:00
CCH-001426,ACCT-000122,B0041,879.29,2026-07-17T12:40:47+00:00
CCH-001427,ACCT-000081,B0041,255.89,2026-07-17T12:40:47+00:00
CCH-001428,ACCT-000115,B0041,160.91,2026-07-17T12:40:47+00:00
CCH-001429,ACCT-000193,B0041,813.62,2026-07-17T12:40:47+00:00
CCH-001430,ACCT-000029,B0041,390.34,2026-07-17T12:40:47+00:00
CCH-001431,ACCT-000184,B0041,702.48,2026-07-17T12:40:47+00:00
CCH-001432,ACCT-000217,B0041,599.31,2026-07-17T12:40:47+00:00
CCH-001433,ACCT-000222,B0041,397.06,2026-07-17T12:40:47+00:00
CCH-001434,ACCT-000219,B0041,790.08,2026-07-17T12:40:47+00:00
CCH-001435,ACCT-000044,B0041,817.52,2026-07-17T12:40:47+00:00
CCH-001436,ACCT-000140,B0041,329.86,2026-07-17T12:40:47+00:00
CCH-001437,ACCT-000043,B0041,766.15,2026-07-17T12:40:47+00:00
CCH-001438,ACCT-000234,B0041,387.62,2026-07-17T12:40:47+00:00
CCH-001439,ACCT-000235,B0041,248.69,2026-07-17T12:40:47+00:00
CCH-001440,ACCT-000236,B0041,521.08,2026-07-17T12:40:47+00:00
CCH-001441,ACCT-000237,B0041,415.25,2026-07-17T12:40:47+00:00
CCH-001442,ACCT-000109,B0042,639.33,2026-07-17T14:26:20+00:00
CCH-001443,ACCT-000221,B0042,153.88,2026-07-17T14:26:20+00:00
CCH-001444,ACCT-000178,B0042,418.36,2026-07-17T14:26:20+00:00
CCH-001445,ACCT-000102,B0042,910.35,2026-07-17T14:26:20+00:00
CCH-001446,ACCT-000179,B0042,391.45,2026-07-17T14:26:20+00:00
CCH-001447,ACCT-000018,B0042,124.02,2026-07-17T14:26:20+00:00
CCH-001448,ACCT-000097,B0042,896.99,2026-07-17T14:26:20+00:00
CCH-001449,ACCT-000151,B0042,478.23,2026-07-17T14:26:20+00:00
CCH-001450,ACCT-000106,B0042,462.09,2026-07-17T14:26:20+00:00
CCH-001451,ACCT-000019,B0042,399.02,2026-07-17T14:26:20+00:00
CCH-001452,ACCT-000211,B0042,939.51,2026-07-17T14:26:20+00:00
CCH-001453,ACCT-000196,B0042,501.35,2026-07-17T14:26:20+00:00
CCH-001454,ACCT-000153,B0042,704.05,2026-07-17T14:26:20+00:00
CCH-001455,ACCT-000182,B0042,166.18,2026-07-17T14:26:20+00:00
CCH-001456,ACCT-000104,B0042,229.93,2026-07-17T14:26:20+00:00
CCH-001457,ACCT-000072,B0042,373.77,2026-07-17T14:26:20+00:00
CCH-001458,ACCT-000176,B0042,459.9,2026-07-17T14:26:20+00:00
CCH-001459,ACCT-000214,B0042,370.95,2026-07-17T14:26:20+00:00
CCH-001460,ACCT-000126,B0042,1052.78,2026-07-17T14:26:20+00:00
CCH-001461,ACCT-000183,B0042,607.47,2026-07-17T14:26:20+00:00
CCH-001462,ACCT-000044,B0042,858.37,2026-07-17T14:26:20+00:00
CCH-001463,ACCT-000147,B0042,839.68,2026-07-17T14:26:20+00:00
CCH-001464,ACCT-000155,B0042,337.57,2026-07-17T14:26:20+00:00
CCH-001465,ACCT-000133,B0042,150.33,2026-07-17T14:26:20+00:00
CCH-001466,ACCT-000055,B0042,439.13,2026-07-17T14:26:20+00:00
CCH-001467,ACCT-000169,B0042,123.95,2026-07-17T14:26:20+00:00
CCH-001468,ACCT-000162,B0042,1256.6,2026-07-17T14:26:20+00:00
CCH-001469,ACCT-000016,B0042,603.77,2026-07-17T14:26:20+00:00
CCH-001470,ACCT-000231,B0042,183.06,2026-07-17T14:26:20+00:00
CCH-001471,ACCT-000238,B0042,149.46,2026-07-17T14:26:20+00:00
CCH-001472,ACCT-000239,B0042,442.07,2026-07-17T14:26:20+00:00
CCH-001473,ACCT-000043,B0043,826.02,2026-07-17T15:54:28+00:00
CCH-001474,ACCT-000049,B0043,246.35,2026-07-17T15:54:28+00:00
CCH-001475,ACCT-000143,B0043,615.51,2026-07-17T15:54:28+00:00
CCH-001476,ACCT-000070,B0043,416.79,2026-07-17T15:54:28+00:00
CCH-001477,ACCT-000021,B0043,328.93,2026-07-17T15:54:28+00:00
CCH-001478,ACCT-000140,B0043,130.74,2026-07-17T15:54:28+00:00
CCH-001479,ACCT-000024,B0043,645.73,2026-07-17T15:54:28+00:00
CCH-001480,ACCT-000214,B0043,444.77,2026-07-17T15:54:28+00:00
CCH-001481,ACCT-000173,B0043,231.07,2026-07-17T15:54:28+00:00
CCH-001482,ACCT-000033,B0043,382.55,2026-07-17T15:54:28+00:00
CCH-001483,ACCT-000055,B0043,292.09,2026-07-17T15:54:28+00:00
CCH-001484,ACCT-000039,B0043,838.74,2026-07-17T15:54:28+00:00
CCH-001485,ACCT-000158,B0043,964.32,2026-07-17T15:54:28+00:00
CCH-001486,ACCT-000080,B0043,625.4,2026-07-17T15:54:28+00:00
CCH-001487,ACCT-000187,B0043,816.61,2026-07-17T15:54:28+00:00
CCH-001488,ACCT-000130,B0043,61.56,2026-07-17T15:54:28+00:00
CCH-001489,ACCT-000121,B0043,504.53,2026-07-17T15:54:28+00:00
CCH-001490,ACCT-000152,B0043,931.01,2026-07-17T15:54:28+00:00
CCH-001491,ACCT-000213,B0043,399.79,2026-07-17T15:54:28+00:00
CCH-001492,ACCT-000169,B0043,536.68,2026-07-17T15:54:28+00:00
CCH-001493,ACCT-000011,B0043,478.65,2026-07-17T15:54:28+00:00
CCH-001494,ACCT-000094,B0043,600.93,2026-07-17T15:54:28+00:00
CCH-001495,ACCT-000063,B0043,538.4,2026-07-17T15:54:28+00:00
CCH-001496,ACCT-000082,B0043,396.57,2026-07-17T15:54:28+00:00
CCH-001497,ACCT-000116,B0043,785.35,2026-07-17T15:54:28+00:00
CCH-001498,ACCT-000150,B0043,780.33,2026-07-17T15:54:28+00:00
CCH-001499,ACCT-000240,B0043,617.01,2026-07-17T15:54:28+00:00
CCH-001500,ACCT-000241,B0043,429.33,2026-07-17T15:54:28+00:00
CCH-001501,ACCT-000242,B0043,1022.27,2026-07-17T15:54:28+00:00
CCH-001502,ACCT-000181,B0044,1010.45,2026-07-17T17:03:02+00:00
CCH-001503,ACCT-000109,B0044,220.54,2026-07-17T17:03:02+00:00
CCH-001504,ACCT-000146,B0044,758.09,2026-07-17T17:03:02+00:00
CCH-001505,ACCT-000111,B0044,436.09,2026-07-17T17:03:02+00:00
CCH-001506,ACCT-000043,B0044,61.17,2026-07-17T17:03:02+00:00
CCH-001507,ACCT-000121,B0044,307.46,2026-07-17T17:03:02+00:00
CCH-001508,ACCT-000062,B0044,465.13,2026-07-17T17:03:02+00:00
CCH-001509,ACCT-000219,B0044,403.29,2026-07-17T17:03:02+00:00
CCH-001510,ACCT-000218,B0044,176.07,2026-07-17T17:03:02+00:00
CCH-001511,ACCT-000042,B0044,820.95,2026-07-17T17:03:02+00:00
CCH-001512,ACCT-000045,B0044,1263.68,2026-07-17T17:03:02+00:00
CCH-001513,ACCT-000092,B0044,342.48,2026-07-17T17:03:02+00:00
CCH-001514,ACCT-000141,B0044,445.82,2026-07-17T17:03:02+00:00
CCH-001515,ACCT-000123,B0044,761.96,2026-07-17T17:03:02+00:00
CCH-001516,ACCT-000056,B0044,591.6,2026-07-17T17:03:02+00:00
CCH-001517,ACCT-000054,B0044,77.39,2026-07-17T17:03:02+00:00
CCH-001518,ACCT-000145,B0044,399.17,2026-07-17T17:03:02+00:00
CCH-001519,ACCT-000011,B0044,410.72,2026-07-17T17:03:02+00:00
CCH-001520,ACCT-000207,B0044,37.96,2026-07-17T17:03:02+00:00
CCH-001521,ACCT-000079,B0044,818.83,2026-07-17T17:03:02+00:00
CCH-001522,ACCT-000030,B0044,953.68,2026-07-17T17:03:02+00:00
CCH-001523,ACCT-000003,B0044,499.82,2026-07-17T17:03:02+00:00
CCH-001524,ACCT-000125,B0044,488.42,2026-07-17T17:03:02+00:00
CCH-001525,ACCT-000021,B0044,344.41,2026-07-17T17:03:02+00:00
CCH-001526,ACCT-000027,B0044,139.9,2026-07-17T17:03:02+00:00
CCH-001527,ACCT-000029,B0044,1022.54,2026-07-17T17:03:02+00:00
CCH-001528,ACCT-000171,B0044,757.66,2026-07-17T17:03:02+00:00
CCH-001529,ACCT-000186,B0044,996.1,2026-07-17T17:03:02+00:00
CCH-001530,ACCT-000087,B0044,138.31,2026-07-17T17:03:02+00:00
CCH-001531,ACCT-000233,B0044,806.17,2026-07-17T17:03:02+00:00
CCH-001532,ACCT-000040,B0044,470.73,2026-07-17T17:03:02+00:00
CCH-001533,ACCT-000139,B0044,206.94,2026-07-17T17:03:02+00:00
CCH-001534,ACCT-000091,B0044,423.93,2026-07-17T17:03:02+00:00
CCH-001535,ACCT-000175,B0044,499.8,2026-07-17T17:03:02+00:00
CCH-001536,ACCT-000243,B0044,402.74,2026-07-17T17:03:02+00:00
CCH-001537,ACCT-000244,B0044,614.22,2026-07-17T17:03:02+00:00
CCH-001538,ACCT-000022,B0045,473.55,2026-07-17T18:32:26+00:00
CCH-001539,ACCT-000184,B0045,788.74,2026-07-17T18:32:26+00:00
CCH-001540,ACCT-000019,B0045,462.75,2026-07-17T18:32:26+00:00
CCH-001541,ACCT-000166,B0045,101.04,2026-07-17T18:32:26+00:00
CCH-001542,ACCT-000171,B0045,552.57,2026-07-17T18:32:26+00:00
CCH-001543,ACCT-000164,B0045,63.48,2026-07-17T18:32:26+00:00
CCH-001544,ACCT-000126,B0045,861.25,2026-07-17T18:32:26+00:00
CCH-001545,ACCT-000125,B0045,1052.86,2026-07-17T18:32:26+00:00
CCH-001546,ACCT-000154,B0045,867.37,2026-07-17T18:32:26+00:00
CCH-001547,ACCT-000087,B0045,547.46,2026-07-17T18:32:26+00:00
CCH-001548,ACCT-000237,B0045,763.16,2026-07-17T18:32:26+00:00
CCH-001549,ACCT-000044,B0045,614.68,2026-07-17T18:32:26+00:00
CCH-001550,ACCT-000111,B0045,802.08,2026-07-17T18:32:26+00:00
CCH-001551,ACCT-000168,B0045,114.74,2026-07-17T18:32:26+00:00
CCH-001552,ACCT-000007,B0045,392.94,2026-07-17T18:32:26+00:00
CCH-001553,ACCT-000015,B0045,325.53,2026-07-17T18:32:26+00:00
CCH-001554,ACCT-000181,B0045,343.06,2026-07-17T18:32:26+00:00
CCH-001555,ACCT-000068,B0045,537.7,2026-07-17T18:32:26+00:00
CCH-001556,ACCT-000114,B0045,137.74,2026-07-17T18:32:26+00:00
CCH-001557,ACCT-000065,B0045,200.32,2026-07-17T18:32:26+00:00
CCH-001558,ACCT-000133,B0045,245.25,2026-07-17T18:32:26+00:00
CCH-001559,ACCT-000239,B0045,280.89,2026-07-17T18:32:26+00:00
CCH-001560,ACCT-000063,B0045,234.14,2026-07-17T18:32:26+00:00
CCH-001561,ACCT-000190,B0045,247.26,2026-07-17T18:32:26+00:00
CCH-001562,ACCT-000081,B0045,835.45,2026-07-17T18:32:26+00:00
CCH-001563,ACCT-000046,B0045,122.73,2026-07-17T18:32:26+00:00
CCH-001564,ACCT-000244,B0045,748.24,2026-07-17T18:32:26+00:00
CCH-001565,ACCT-000191,B0045,491.41,2026-07-17T18:32:26+00:00
CCH-001566,ACCT-000092,B0045,1342.99,2026-07-17T18:32:26+00:00
CCH-001567,ACCT-000245,B0045,478.27,2026-07-17T18:32:26+00:00
CCH-001568,ACCT-000246,B0045,151.07,2026-07-17T18:32:26+00:00
CCH-001569,ACCT-000247,B0045,600.98,2026-07-17T18:32:26+00:00
CCH-001570,ACCT-000062,B0046,755.08,2026-07-17T20:00:13+00:00
CCH-001571,ACCT-000007,B0046,739.73,2026-07-17T20:00:13+00:00
CCH-001572,ACCT-000039,B0046,284.96,2026-07-17T20:00:13+00:00
CCH-001573,ACCT-000094,B0046,977.32,2026-07-17T20:00:13+00:00
CCH-001574,ACCT-000138,B0046,288.63,2026-07-17T20:00:13+00:00
CCH-001575,ACCT-000204,B0046,260.48,2026-07-17T20:00:13+00:00
CCH-001576,ACCT-000025,B0046,523.48,2026-07-17T20:00:13+00:00
CCH-001577,ACCT-000155,B0046,643.06,2026-07-17T20:00:13+00:00
CCH-001578,ACCT-000172,B0046,901.11,2026-07-17T20:00:13+00:00
CCH-001579,ACCT-000179,B0046,592.51,2026-07-17T20:00:13+00:00
CCH-001580,ACCT-000246,B0046,218.83,2026-07-17T20:00:13+00:00
CCH-001581,ACCT-000140,B0046,343.58,2026-07-17T20:00:13+00:00
CCH-001582,ACCT-000024,B0046,492.95,2026-07-17T20:00:13+00:00
CCH-001583,ACCT-000227,B0046,444.27,2026-07-17T20:00:13+00:00
CCH-001584,ACCT-000027,B0046,542.06,2026-07-17T20:00:13+00:00
CCH-001585,ACCT-000063,B0046,224.81,2026-07-17T20:00:13+00:00
CCH-001586,ACCT-000136,B0046,480.68,2026-07-17T20:00:13+00:00
CCH-001587,ACCT-000074,B0046,456.78,2026-07-17T20:00:13+00:00
CCH-001588,ACCT-000139,B0046,306.65,2026-07-17T20:00:13+00:00
CCH-001589,ACCT-000162,B0046,108.51,2026-07-17T20:00:13+00:00
CCH-001590,ACCT-000086,B0046,960.7,2026-07-17T20:00:13+00:00
CCH-001591,ACCT-000052,B0046,230.4,2026-07-17T20:00:13+00:00
CCH-001592,ACCT-000247,B0046,528.78,2026-07-17T20:00:13+00:00
CCH-001593,ACCT-000096,B0046,701.92,2026-07-17T20:00:13+00:00
CCH-001594,ACCT-000174,B0046,167.89,2026-07-17T20:00:13+00:00
CCH-001595,ACCT-000192,B0046,287.3,2026-07-17T20:00:13+00:00
CCH-001596,ACCT-000226,B0046,688.0,2026-07-17T20:00:13+00:00
CCH-001597,ACCT-000072,B0046,187.54,2026-07-17T20:00:13+00:00
CCH-001598,ACCT-000053,B0046,368.7,2026-07-17T20:00:13+00:00
CCH-001599,ACCT-000188,B0046,945.19,2026-07-17T20:00:13+00:00
CCH-001600,ACCT-000248,B0046,287.41,2026-07-17T20:00:13+00:00
CCH-001601,ACCT-000249,B0046,514.01,2026-07-17T20:00:13+00:00
CCH-001602,ACCT-000190,B0047,366.15,2026-07-17T21:00:58+00:00
CCH-001603,ACCT-000172,B0047,445.83,2026-07-17T21:00:58+00:00
CCH-001604,ACCT-000212,B0047,341.84,2026-07-17T21:00:58+00:00
CCH-001605,ACCT-000123,B0047,1071.61,2026-07-17T21:00:58+00:00
CCH-001606,ACCT-000221,B0047,613.83,2026-07-17T21:00:58+00:00
CCH-001607,ACCT-000079,B0047,459.3,2026-07-17T21:00:58+00:00
CCH-001608,ACCT-000245,B0047,390.08,2026-07-17T21:00:58+00:00
CCH-001609,ACCT-000138,B0047,842.62,2026-07-17T21:00:58+00:00
CCH-001610,ACCT-000164,B0047,601.49,2026-07-17T21:00:58+00:00
CCH-001611,ACCT-000096,B0047,401.26,2026-07-17T21:00:58+00:00
CCH-001612,ACCT-000117,B0047,488.13,2026-07-17T21:00:58+00:00
CCH-001613,ACCT-000140,B0047,978.65,2026-07-17T21:00:58+00:00
CCH-001614,ACCT-000234,B0047,685.44,2026-07-17T21:00:58+00:00
CCH-001615,ACCT-000006,B0047,415.3,2026-07-17T21:00:58+00:00
CCH-001616,ACCT-000247,B0047,105.72,2026-07-17T21:00:58+00:00
CCH-001617,ACCT-000122,B0047,315.86,2026-07-17T21:00:58+00:00
CCH-001618,ACCT-000003,B0047,921.8,2026-07-17T21:00:58+00:00
CCH-001619,ACCT-000058,B0047,818.74,2026-07-17T21:00:58+00:00
CCH-001620,ACCT-000120,B0047,256.85,2026-07-17T21:00:58+00:00
CCH-001621,ACCT-000081,B0047,366.3,2026-07-17T21:00:58+00:00
CCH-001622,ACCT-000139,B0047,28.74,2026-07-17T21:00:58+00:00
CCH-001623,ACCT-000216,B0047,630.91,2026-07-17T21:00:58+00:00
CCH-001624,ACCT-000119,B0047,440.83,2026-07-17T21:00:58+00:00
CCH-001625,ACCT-000004,B0047,553.17,2026-07-17T21:00:58+00:00
CCH-001626,ACCT-000191,B0047,561.62,2026-07-17T21:00:58+00:00
CCH-001627,ACCT-000158,B0047,313.44,2026-07-17T21:00:58+00:00
CCH-001628,ACCT-000052,B0047,133.57,2026-07-17T21:00:58+00:00
CCH-001629,ACCT-000130,B0047,369.7,2026-07-17T21:00:58+00:00
CCH-001630,ACCT-000061,B0047,961.67,2026-07-17T21:00:58+00:00
CCH-001631,ACCT-000050,B0047,462.05,2026-07-17T21:00:58+00:00
CCH-001632,ACCT-000088,B0047,312.37,2026-07-17T21:00:58+00:00
CCH-001633,ACCT-000170,B0047,689.37,2026-07-17T21:00:58+00:00
CCH-001634,ACCT-000109,B0047,146.05,2026-07-17T21:00:58+00:00
CCH-001635,ACCT-000250,B0047,314.69,2026-07-17T21:00:58+00:00
CCH-001636,ACCT-000251,B0047,458.85,2026-07-17T21:00:58+00:00
CCH-001637,ACCT-000252,B0047,552.1,2026-07-17T21:00:58+00:00
CCH-001638,ACCT-000043,B0048,28.97,2026-07-17T22:11:44+00:00
CCH-001639,ACCT-000170,B0048,733.57,2026-07-17T22:11:44+00:00
CCH-001640,ACCT-000187,B0048,283.2,2026-07-17T22:11:44+00:00
CCH-001641,ACCT-000119,B0048,543.51,2026-07-17T22:11:44+00:00
CCH-001642,ACCT-000103,B0048,489.88,2026-07-17T22:11:44+00:00
CCH-001643,ACCT-000114,B0048,301.17,2026-07-17T22:11:44+00:00
CCH-001644,ACCT-000003,B0048,812.75,2026-07-17T22:11:44+00:00
CCH-001645,ACCT-000046,B0048,991.29,2026-07-17T22:11:44+00:00
CCH-001646,ACCT-000035,B0048,536.28,2026-07-17T22:11:44+00:00
CCH-001647,ACCT-000059,B0048,149.39,2026-07-17T22:11:44+00:00
CCH-001648,ACCT-000129,B0048,707.57,2026-07-17T22:11:44+00:00
CCH-001649,ACCT-000247,B0048,678.75,2026-07-17T22:11:44+00:00
CCH-001650,ACCT-000026,B0048,224.89,2026-07-17T22:11:44+00:00
CCH-001651,ACCT-000116,B0048,328.58,2026-07-17T22:11:44+00:00
CCH-001652,ACCT-000198,B0048,846.13,2026-07-17T22:11:44+00:00
CCH-001653,ACCT-000061,B0048,393.48,2026-07-17T22:11:44+00:00
CCH-001654,ACCT-000052,B0048,359.78,2026-07-17T22:11:44+00:00
CCH-001655,ACCT-000229,B0048,1131.55,2026-07-17T22:11:44+00:00
CCH-001656,ACCT-000211,B0048,795.3,2026-07-17T22:11:44+00:00
CCH-001657,ACCT-000117,B0048,373.83,2026-07-17T22:11:44+00:00
CCH-001658,ACCT-000106,B0048,417.55,2026-07-17T22:11:44+00:00
CCH-001659,ACCT-000160,B0048,184.82,2026-07-17T22:11:44+00:00
CCH-001660,ACCT-000087,B0048,586.49,2026-07-17T22:11:44+00:00
CCH-001661,ACCT-000110,B0048,1074.86,2026-07-17T22:11:44+00:00
CCH-001662,ACCT-000239,B0048,702.79,2026-07-17T22:11:44+00:00
CCH-001663,ACCT-000101,B0048,182.66,2026-07-17T22:11:44+00:00
CCH-001664,ACCT-000029,B0048,675.2,2026-07-17T22:11:44+00:00
CCH-001665,ACCT-000028,B0048,520.81,2026-07-17T22:11:44+00:00
CCH-001666,ACCT-000065,B0048,275.15,2026-07-17T22:11:44+00:00
CCH-001667,ACCT-000132,B0048,979.83,2026-07-17T22:11:44+00:00
CCH-001668,ACCT-000098,B0048,589.86,2026-07-17T22:11:44+00:00
CCH-001669,ACCT-000081,B0048,394.8,2026-07-17T22:11:44+00:00
CCH-001670,ACCT-000140,B0048,965.05,2026-07-17T22:11:44+00:00
CCH-001671,ACCT-000095,B0048,1077.64,2026-07-17T22:11:44+00:00
CCH-001672,ACCT-000194,B0048,698.97,2026-07-17T22:11:44+00:00
CCH-001673,ACCT-000253,B0048,92.28,2026-07-17T22:11:44+00:00
CCH-001674,ACCT-000254,B0048,237.13,2026-07-17T22:11:44+00:00
CCH-001675,ACCT-000255,B0048,688.4,2026-07-17T22:11:44+00:00
CCH-001676,ACCT-000256,B0048,561.53,2026-07-17T22:11:44+00:00
CCH-001677,ACCT-000130,B0049,518.3,2026-07-17T23:14:29+00:00
CCH-001678,ACCT-000117,B0049,369.17,2026-07-17T23:14:29+00:00
CCH-001679,ACCT-000059,B0049,1026.6,2026-07-17T23:14:29+00:00
CCH-001680,ACCT-000197,B0049,160.7,2026-07-17T23:14:29+00:00
CCH-001681,ACCT-000132,B0049,469.3,2026-07-17T23:14:29+00:00
CCH-001682,ACCT-000145,B0049,995.51,2026-07-17T23:14:29+00:00
CCH-001683,ACCT-000157,B0049,791.17,2026-07-17T23:14:29+00:00
CCH-001684,ACCT-000137,B0049,235.08,2026-07-17T23:14:29+00:00
CCH-001685,ACCT-000094,B0049,65.85,2026-07-17T23:14:29+00:00
CCH-001686,ACCT-000235,B0049,319.2,2026-07-17T23:14:29+00:00
CCH-001687,ACCT-000143,B0049,836.01,2026-07-17T23:14:29+00:00
CCH-001688,ACCT-000021,B0049,373.94,2026-07-17T23:14:29+00:00
CCH-001689,ACCT-000128,B0049,119.11,2026-07-17T23:14:29+00:00
CCH-001690,ACCT-000005,B0049,304.24,2026-07-17T23:14:29+00:00
CCH-001691,ACCT-000060,B0049,28.06,2026-07-17T23:14:29+00:00
CCH-001692,ACCT-000011,B0049,318.56,2026-07-17T23:14:29+00:00
CCH-001693,ACCT-000179,B0049,828.46,2026-07-17T23:14:29+00:00
CCH-001694,ACCT-000002,B0049,852.41,2026-07-17T23:14:29+00:00
CCH-001695,ACCT-000242,B0049,496.8,2026-07-17T23:14:29+00:00
CCH-001696,ACCT-000135,B0049,637.56,2026-07-17T23:14:29+00:00
CCH-001697,ACCT-000093,B0049,1063.8,2026-07-17T23:14:29+00:00
CCH-001698,ACCT-000200,B0049,613.33,2026-07-17T23:14:29+00:00
CCH-001699,ACCT-000188,B0049,728.67,2026-07-17T23:14:29+00:00
CCH-001700,ACCT-000225,B0049,227.1,2026-07-17T23:14:29+00:00
CCH-001701,ACCT-000140,B0049,482.38,2026-07-17T23:14:29+00:00
CCH-001702,ACCT-000054,B0049,885.02,2026-07-17T23:14:29+00:00
CCH-001703,ACCT-000257,B0049,864.06,2026-07-17T23:14:29+00:00
CCH-001704,ACCT-000258,B0049,603.97,2026-07-17T23:14:29+00:00
CCH-001705,ACCT-000259,B0049,537.9,2026-07-17T23:14:29+00:00
CCH-001706,ACCT-000260,B0049,671.58,2026-07-17T23:14:29+00:00
CCH-001707,ACCT-000110,B0050,100.15,2026-07-18T00:52:21+00:00
CCH-001708,ACCT-000198,B0050,383.96,2026-07-18T00:52:21+00:00
CCH-001709,ACCT-000156,B0050,648.13,2026-07-18T00:52:21+00:00
CCH-001710,ACCT-000023,B0050,66.41,2026-07-18T00:52:21+00:00
CCH-001711,ACCT-000185,B0050,461.71,2026-07-18T00:52:21+00:00
CCH-001712,ACCT-000257,B0050,534.86,2026-07-18T00:52:21+00:00
CCH-001713,ACCT-000210,B0050,1051.79,2026-07-18T00:52:21+00:00
CCH-001714,ACCT-000171,B0050,597.78,2026-07-18T00:52:21+00:00
CCH-001715,ACCT-000208,B0050,1428.0,2026-07-18T00:52:21+00:00
CCH-001716,ACCT-000240,B0050,705.62,2026-07-18T00:52:21+00:00
CCH-001717,ACCT-000229,B0050,329.66,2026-07-18T00:52:21+00:00
CCH-001718,ACCT-000177,B0050,163.17,2026-07-18T00:52:21+00:00
CCH-001719,ACCT-000016,B0050,451.54,2026-07-18T00:52:21+00:00
CCH-001720,ACCT-000124,B0050,503.81,2026-07-18T00:52:21+00:00
CCH-001721,ACCT-000161,B0050,851.65,2026-07-18T00:52:21+00:00
CCH-001722,ACCT-000213,B0050,729.97,2026-07-18T00:52:21+00:00
CCH-001723,ACCT-000010,B0050,513.65,2026-07-18T00:52:21+00:00
CCH-001724,ACCT-000139,B0050,169.16,2026-07-18T00:52:21+00:00
CCH-001725,ACCT-000223,B0050,949.05,2026-07-18T00:52:21+00:00
CCH-001726,ACCT-000028,B0050,508.84,2026-07-18T00:52:21+00:00
CCH-001727,ACCT-000034,B0050,782.11,2026-07-18T00:52:21+00:00
CCH-001728,ACCT-000183,B0050,1123.69,2026-07-18T00:52:21+00:00
CCH-001729,ACCT-000206,B0050,817.6,2026-07-18T00:52:21+00:00
CCH-001730,ACCT-000205,B0050,691.41,2026-07-18T00:52:21+00:00
CCH-001731,ACCT-000162,B0050,847.46,2026-07-18T00:52:21+00:00
CCH-001732,ACCT-000261,B0050,824.93,2026-07-18T00:52:21+00:00
CCH-001733,ACCT-000262,B0050,847.27,2026-07-18T00:52:21+00:00
CCH-001734,ACCT-000263,B0050,758.51,2026-07-18T00:52:21+00:00
CCH-001735,ACCT-000264,B0050,424.27,2026-07-18T00:52:21+00:00
CCH-001736,ACCT-000083,B0051,339.41,2026-07-18T03:49:24+00:00
CCH-001737,ACCT-000227,B0051,589.05,2026-07-18T03:49:24+00:00
CCH-001738,ACCT-000043,B0051,914.39,2026-07-18T03:49:24+00:00
CCH-001739,ACCT-000044,B0051,738.08,2026-07-18T03:49:24+00:00
CCH-001740,ACCT-000011,B0051,736.09,2026-07-18T03:49:24+00:00
CCH-001741,ACCT-000201,B0051,1136.21,2026-07-18T03:49:24+00:00
CCH-001742,ACCT-000211,B0051,681.99,2026-07-18T03:49:24+00:00
CCH-001743,ACCT-000038,B0051,562.86,2026-07-18T03:49:24+00:00
CCH-001744,ACCT-000045,B0051,643.49,2026-07-18T03:49:24+00:00
CCH-001745,ACCT-000165,B0051,343.96,2026-07-18T03:49:24+00:00
CCH-001746,ACCT-000196,B0051,769.87,2026-07-18T03:49:24+00:00
CCH-001747,ACCT-000124,B0051,44.6,2026-07-18T03:49:24+00:00
CCH-001748,ACCT-000210,B0051,357.51,2026-07-18T03:49:24+00:00
CCH-001749,ACCT-000106,B0051,57.46,2026-07-18T03:49:24+00:00
CCH-001750,ACCT-000118,B0051,215.21,2026-07-18T03:49:24+00:00
CCH-001751,ACCT-000012,B0051,59.94,2026-07-18T03:49:24+00:00
CCH-001752,ACCT-000066,B0051,477.28,2026-07-18T03:49:24+00:00
CCH-001753,ACCT-000163,B0051,422.82,2026-07-18T03:49:24+00:00
CCH-001754,ACCT-000206,B0051,624.58,2026-07-18T03:49:24+00:00
CCH-001755,ACCT-000120,B0051,776.68,2026-07-18T03:49:24+00:00
CCH-001756,ACCT-000180,B0051,442.09,2026-07-18T03:49:24+00:00
CCH-001757,ACCT-000160,B0051,201.34,2026-07-18T03:49:24+00:00
CCH-001758,ACCT-000129,B0051,182.61,2026-07-18T03:49:24+00:00
CCH-001759,ACCT-000021,B0051,422.07,2026-07-18T03:49:24+00:00
CCH-001760,ACCT-000156,B0051,1037.23,2026-07-18T03:49:24+00:00
CCH-001761,ACCT-000258,B0051,362.87,2026-07-18T03:49:24+00:00
CCH-001762,ACCT-000265,B0051,513.86,2026-07-18T03:49:24+00:00
CCH-001763,ACCT-000266,B0051,811.89,2026-07-18T03:49:24+00:00
CCH-001764,ACCT-000267,B0051,694.36,2026-07-18T03:49:24+00:00
CCH-001765,ACCT-000022,B0052,85.58,2026-07-18T05:58:36+00:00
CCH-001766,ACCT-000047,B0052,699.39,2026-07-18T05:58:36+00:00
CCH-001767,ACCT-000192,B0052,295.48,2026-07-18T05:58:36+00:00
CCH-001768,ACCT-000136,B0052,754.25,2026-07-18T05:58:36+00:00
CCH-001769,ACCT-000066,B0052,244.62,2026-07-18T05:58:36+00:00
CCH-001770,ACCT-000175,B0052,115.64,2026-07-18T05:58:36+00:00
CCH-001771,ACCT-000157,B0052,472.48,2026-07-18T05:58:36+00:00
CCH-001772,ACCT-000025,B0052,1282.63,2026-07-18T05:58:36+00:00
CCH-001773,ACCT-000103,B0052,451.34,2026-07-18T05:58:36+00:00
CCH-001774,ACCT-000014,B0052,310.74,2026-07-18T05:58:36+00:00
CCH-001775,ACCT-000190,B0052,499.15,2026-07-18T05:58:36+00:00
CCH-001776,ACCT-000067,B0052,791.37,2026-07-18T05:58:36+00:00
CCH-001777,ACCT-000096,B0052,732.28,2026-07-18T05:58:36+00:00
CCH-001778,ACCT-000089,B0052,540.89,2026-07-18T05:58:36+00:00
CCH-001779,ACCT-000253,B0052,558.05,2026-07-18T05:58:36+00:00
CCH-001780,ACCT-000020,B0052,473.92,2026-07-18T05:58:36+00:00
CCH-001781,ACCT-000127,B0052,912.03,2026-07-18T05:58:36+00:00
CCH-001782,ACCT-000092,B0052,614.65,2026-07-18T05:58:36+00:00
CCH-001783,ACCT-000073,B0052,944.1,2026-07-18T05:58:36+00:00
CCH-001784,ACCT-000239,B0052,788.57,2026-07-18T05:58:36+00:00
CCH-001785,ACCT-000129,B0052,433.06,2026-07-18T05:58:36+00:00
CCH-001786,ACCT-000182,B0052,334.28,2026-07-18T05:58:36+00:00
CCH-001787,ACCT-000199,B0052,747.14,2026-07-18T05:58:36+00:00
CCH-001788,ACCT-000024,B0052,831.24,2026-07-18T05:58:36+00:00
CCH-001789,ACCT-000032,B0052,563.0,2026-07-18T05:58:36+00:00
CCH-001790,ACCT-000031,B0052,517.95,2026-07-18T05:58:36+00:00
CCH-001791,ACCT-000213,B0052,40.38,2026-07-18T05:58:36+00:00
CCH-001792,ACCT-000030,B0052,222.5,2026-07-18T05:58:36+00:00
CCH-001793,ACCT-000033,B0052,223.45,2026-07-18T05:58:36+00:00
CCH-001794,ACCT-000040,B0052,1275.63,2026-07-18T05:58:36+00:00
CCH-001795,ACCT-000054,B0052,458.03,2026-07-18T05:58:36+00:00
CCH-001796,ACCT-000268,B0052,631.19,2026-07-18T05:58:36+00:00
CCH-001797,ACCT-000269,B0052,523.45,2026-07-18T05:58:36+00:00
CCH-001798,ACCT-000182,B0053,474.99,2026-07-18T07:51:11+00:00
CCH-001799,ACCT-000102,B0053,287.73,2026-07-18T07:51:11+00:00
CCH-001800,ACCT-000017,B0053,837.34,2026-07-18T07:51:11+00:00
CCH-001801,ACCT-000239,B0053,360.63,2026-07-18T07:51:11+00:00
CCH-001802,ACCT-000186,B0053,646.05,2026-07-18T07:51:11+00:00
CCH-001803,ACCT-000207,B0053,495.65,2026-07-18T07:51:11+00:00
CCH-001804,ACCT-000087,B0053,740.05,2026-07-18T07:51:11+00:00
CCH-001805,ACCT-000119,B0053,789.85,2026-07-18T07:51:11+00:00
CCH-001806,ACCT-000140,B0053,478.55,2026-07-18T07:51:11+00:00
CCH-001807,ACCT-000181,B0053,609.46,2026-07-18T07:51:11+00:00
CCH-001808,ACCT-000259,B0053,606.42,2026-07-18T07:51:11+00:00
CCH-001809,ACCT-000162,B0053,78.07,2026-07-18T07:51:11+00:00
CCH-001810,ACCT-000189,B0053,523.44,2026-07-18T07:51:11+00:00
CCH-001811,ACCT-000163,B0053,59.57,2026-07-18T07:51:11+00:00
CCH-001812,ACCT-000110,B0053,149.17,2026-07-18T07:51:11+00:00
CCH-001813,ACCT-000156,B0053,610.57,2026-07-18T07:51:11+00:00
CCH-001814,ACCT-000061,B0053,659.25,2026-07-18T07:51:11+00:00
CCH-001815,ACCT-000065,B0053,407.96,2026-07-18T07:51:11+00:00
CCH-001816,ACCT-000252,B0053,630.76,2026-07-18T07:51:11+00:00
CCH-001817,ACCT-000266,B0053,502.43,2026-07-18T07:51:11+00:00
CCH-001818,ACCT-000251,B0053,435.36,2026-07-18T07:51:11+00:00
CCH-001819,ACCT-000262,B0053,404.91,2026-07-18T07:51:11+00:00
CCH-001820,ACCT-000203,B0053,341.24,2026-07-18T07:51:11+00:00
CCH-001821,ACCT-000260,B0053,450.71,2026-07-18T07:51:11+00:00
CCH-001822,ACCT-000150,B0053,194.6,2026-07-18T07:51:11+00:00
CCH-001823,ACCT-000082,B0053,101.04,2026-07-18T07:51:11+00:00
CCH-001824,ACCT-000128,B0053,269.21,2026-07-18T07:51:11+00:00
CCH-001825,ACCT-000183,B0053,375.03,2026-07-18T07:51:11+00:00
CCH-001826,ACCT-000034,B0053,983.55,2026-07-18T07:51:11+00:00
CCH-001827,ACCT-000026,B0053,617.34,2026-07-18T07:51:11+00:00
CCH-001828,ACCT-000135,B0053,142.58,2026-07-18T07:51:11+00:00
CCH-001829,ACCT-000168,B0053,723.6,2026-07-18T07:51:11+00:00
CCH-001830,ACCT-000270,B0053,118.47,2026-07-18T07:51:11+00:00
CCH-001831,ACCT-000271,B0053,353.34,2026-07-18T07:51:11+00:00
CCH-001832,ACCT-000029,B0054,492.94,2026-07-18T09:16:58+00:00
CCH-001833,ACCT-000054,B0054,667.93,2026-07-18T09:16:58+00:00
CCH-001834,ACCT-000045,B0054,736.53,2026-07-18T09:16:58+00:00
CCH-001835,ACCT-000252,B0054,584.45,2026-07-18T09:16:58+00:00
CCH-001836,ACCT-000214,B0054,54.79,2026-07-18T09:16:58+00:00
CCH-001837,ACCT-000011,B0054,319.41,2026-07-18T09:16:58+00:00
CCH-001838,ACCT-000110,B0054,640.11,2026-07-18T09:16:58+00:00
CCH-001839,ACCT-000122,B0054,700.99,2026-07-18T09:16:58+00:00
CCH-001840,ACCT-000234,B0054,579.71,2026-07-18T09:16:58+00:00
CCH-001841,ACCT-000048,B0054,857.11,2026-07-18T09:16:58+00:00
CCH-001842,ACCT-000267,B0054,95.16,2026-07-18T09:16:58+00:00
CCH-001843,ACCT-000007,B0054,678.29,2026-07-18T09:16:58+00:00
CCH-001844,ACCT-000213,B0054,825.46,2026-07-18T09:16:58+00:00
CCH-001845,ACCT-000087,B0054,379.32,2026-07-18T09:16:58+00:00
CCH-001846,ACCT-000019,B0054,654.95,2026-07-18T09:16:58+00:00
CCH-001847,ACCT-000165,B0054,652.4,2026-07-18T09:16:58+00:00
CCH-001848,ACCT-000078,B0054,551.46,2026-07-18T09:16:58+00:00
CCH-001849,ACCT-000056,B0054,1159.07,2026-07-18T09:16:58+00:00
CCH-001850,ACCT-000186,B0054,793.99,2026-07-18T09:16:58+00:00
CCH-001851,ACCT-000235,B0054,598.25,2026-07-18T09:16:58+00:00
CCH-001852,ACCT-000017,B0054,1090.36,2026-07-18T09:16:58+00:00
CCH-001853,ACCT-000255,B0054,721.23,2026-07-18T09:16:58+00:00
CCH-001854,ACCT-000059,B0054,627.21,2026-07-18T09:16:58+00:00
CCH-001855,ACCT-000053,B0054,458.66,2026-07-18T09:16:58+00:00
CCH-001856,ACCT-000097,B0054,637.47,2026-07-18T09:16:58+00:00
CCH-001857,ACCT-000174,B0054,297.92,2026-07-18T09:16:58+00:00
CCH-001858,ACCT-000272,B0054,474.34,2026-07-18T09:16:58+00:00
CCH-001859,ACCT-000273,B0054,547.87,2026-07-18T09:16:58+00:00
CCH-001860,ACCT-000274,B0054,47.51,2026-07-18T09:16:58+00:00
CCH-001861,ACCT-000275,B0054,377.35,2026-07-18T09:16:58+00:00
CCH-001862,ACCT-000006,B0055,398.84,2026-07-18T10:45:26+00:00
CCH-001863,ACCT-000196,B0055,117.77,2026-07-18T10:45:26+00:00
CCH-001864,ACCT-000180,B0055,268.32,2026-07-18T10:45:26+00:00
CCH-001865,ACCT-000116,B0055,90.51,2026-07-18T10:45:26+00:00
CCH-001866,ACCT-000039,B0055,232.76,2026-07-18T10:45:26+00:00
CCH-001867,ACCT-000201,B0055,48.07,2026-07-18T10:45:26+00:00
CCH-001868,ACCT-000228,B0055,820.05,2026-07-18T10:45:26+00:00
CCH-001869,ACCT-000091,B0055,385.26,2026-07-18T10:45:26+00:00
CCH-001870,ACCT-000096,B0055,440.39,2026-07-18T10:45:26+00:00
CCH-001871,ACCT-000202,B0055,144.59,2026-07-18T10:45:26+00:00
CCH-001872,ACCT-000247,B0055,666.07,2026-07-18T10:45:26+00:00
CCH-001873,ACCT-000179,B0055,117.53,2026-07-18T10:45:26+00:00
CCH-001874,ACCT-000073,B0055,678.55,2026-07-18T10:45:26+00:00
CCH-001875,ACCT-000189,B0055,645.05,2026-07-18T10:45:26+00:00
CCH-001876,ACCT-000128,B0055,883.27,2026-07-18T10:45:26+00:00
CCH-001877,ACCT-000198,B0055,137.51,2026-07-18T10:45:26+00:00
CCH-001878,ACCT-000129,B0055,331.1,2026-07-18T10:45:26+00:00
CCH-001879,ACCT-000266,B0055,369.05,2026-07-18T10:45:26+00:00
CCH-001880,ACCT-000134,B0055,389.44,2026-07-18T10:45:26+00:00
CCH-001881,ACCT-000079,B0055,311.25,2026-07-18T10:45:26+00:00
CCH-001882,ACCT-000178,B0055,980.23,2026-07-18T10:45:26+00:00
CCH-001883,ACCT-000124,B0055,1143.74,2026-07-18T10:45:26+00:00
CCH-001884,ACCT-000095,B0055,784.58,2026-07-18T10:45:26+00:00
CCH-001885,ACCT-000020,B0055,749.89,2026-07-18T10:45:26+00:00
CCH-001886,ACCT-000140,B0055,837.81,2026-07-18T10:45:26+00:00
CCH-001887,ACCT-000118,B0055,318.77,2026-07-18T10:45:26+00:00
CCH-001888,ACCT-000157,B0055,349.6,2026-07-18T10:45:26+00:00
CCH-001889,ACCT-000125,B0055,114.38,2026-07-18T10:45:26+00:00
CCH-001890,ACCT-000276,B0055,649.82,2026-07-18T10:45:26+00:00
CCH-001891,ACCT-000277,B0055,791.71,2026-07-18T10:45:26+00:00
CCH-001892,ACCT-000278,B0055,477.26,2026-07-18T10:45:26+00:00
CCH-001893,ACCT-000279,B0055,757.62,2026-07-18T10:45:26+00:00
CCH-001894,ACCT-000032,B0056,821.26,2026-07-18T11:46:33+00:00
CCH-001895,ACCT-000035,B0056,299.99,2026-07-18T11:46:33+00:00
CCH-001896,ACCT-000200,B0056,808.04,2026-07-18T11:46:33+00:00
CCH-001897,ACCT-000235,B0056,144.08,2026-07-18T11:46:33+00:00
CCH-001898,ACCT-000107,B0056,753.15,2026-07-18T11:46:33+00:00
CCH-001899,ACCT-000239,B0056,576.13,2026-07-18T11:46:33+00:00
CCH-001900,ACCT-000268,B0056,208.21,2026-07-18T11:46:33+00:00
CCH-001901,ACCT-000020,B0056,509.01,2026-07-18T11:46:33+00:00
CCH-001902,ACCT-000012,B0056,816.37,2026-07-18T11:46:33+00:00
CCH-001903,ACCT-000188,B0056,119.38,2026-07-18T11:46:33+00:00
CCH-001904,ACCT-000264,B0056,504.37,2026-07-18T11:46:33+00:00
CCH-001905,ACCT-000158,B0056,927.81,2026-07-18T11:46:33+00:00
CCH-001906,ACCT-000143,B0056,480.05,2026-07-18T11:46:33+00:00
CCH-001907,ACCT-000067,B0056,503.78,2026-07-18T11:46:33+00:00
CCH-001908,ACCT-000192,B0056,558.22,2026-07-18T11:46:33+00:00
CCH-001909,ACCT-000278,B0056,405.14,2026-07-18T11:46:33+00:00
CCH-001910,ACCT-000273,B0056,518.39,2026-07-18T11:46:33+00:00
CCH-001911,ACCT-000233,B0056,377.75,2026-07-18T11:46:33+00:00
CCH-001912,ACCT-000086,B0056,465.08,2026-07-18T11:46:33+00:00
CCH-001913,ACCT-000112,B0056,975.96,2026-07-18T11:46:33+00:00
CCH-001914,ACCT-000089,B0056,654.39,2026-07-18T11:46:33+00:00
CCH-001915,ACCT-000198,B0056,909.91,2026-07-18T11:46:33+00:00
CCH-001916,ACCT-000174,B0056,229.11,2026-07-18T11:46:33+00:00
CCH-001917,ACCT-000134,B0056,786.32,2026-07-18T11:46:33+00:00
CCH-001918,ACCT-000108,B0056,888.07,2026-07-18T11:46:33+00:00
CCH-001919,ACCT-000139,B0056,656.48,2026-07-18T11:46:33+00:00
CCH-001920,ACCT-000280,B0056,167.27,2026-07-18T11:46:33+00:00
CCH-001921,ACCT-000281,B0056,376.6,2026-07-18T11:46:33+00:00
CCH-001922,ACCT-000227,B0057,936.46,2026-07-18T12:56:10+00:00
CCH-001923,ACCT-000072,B0057,148.77,2026-07-18T12:56:10+00:00
CCH-001924,ACCT-000209,B0057,483.61,2026-07-18T12:56:10+00:00
CCH-001925,ACCT-000181,B0057,663.84,2026-07-18T12:56:10+00:00
CCH-001926,ACCT-000207,B0057,94.28,2026-07-18T12:56:10+00:00
CCH-001927,ACCT-000243,B0057,365.55,2026-07-18T12:56:10+00:00
CCH-001928,ACCT-000056,B0057,816.41,2026-07-18T12:56:10+00:00
CCH-001929,ACCT-000130,B0057,537.33,2026-07-18T12:56:10+00:00
CCH-001930,ACCT-000240,B0057,173.32,2026-07-18T12:56:10+00:00
CCH-001931,ACCT-000043,B0057,348.05,2026-07-18T12:56:10+00:00
CCH-001932,ACCT-000229,B0057,93.47,2026-07-18T12:56:10+00:00
CCH-001933,ACCT-000079,B0057,306.68,2026-07-18T12:56:10+00:00
CCH-001934,ACCT-000198,B0057,779.75,2026-07-18T12:56:10+00:00
CCH-001935,ACCT-000180,B0057,218.5,2026-07-18T12:56:10+00:00
CCH-001936,ACCT-000174,B0057,763.47,2026-07-18T12:56:10+00:00
CCH-001937,ACCT-000235,B0057,490.29,2026-07-18T12:56:10+00:00
CCH-001938,ACCT-000236,B0057,171.63,2026-07-18T12:56:10+00:00
CCH-001939,ACCT-000143,B0057,1109.1,2026-07-18T12:56:10+00:00
CCH-001940,ACCT-000082,B0057,327.26,2026-07-18T12:56:10+00:00
CCH-001941,ACCT-000103,B0057,880.83,2026-07-18T12:56:10+00:00
CCH-001942,ACCT-000154,B0057,353.39,2026-07-18T12:56:10+00:00
CCH-001943,ACCT-000120,B0057,821.99,2026-07-18T12:56:10+00:00
CCH-001944,ACCT-000008,B0057,192.86,2026-07-18T12:56:10+00:00
CCH-001945,ACCT-000064,B0057,202.28,2026-07-18T12:56:10+00:00
CCH-001946,ACCT-000034,B0057,638.69,2026-07-18T12:56:10+00:00
CCH-001947,ACCT-000014,B0057,393.28,2026-07-18T12:56:10+00:00
CCH-001948,ACCT-000151,B0057,232.33,2026-07-18T12:56:10+00:00
CCH-001949,ACCT-000188,B0057,729.06,2026-07-18T12:56:10+00:00
CCH-001950,ACCT-000208,B0057,973.58,2026-07-18T12:56:10+00:00
CCH-001951,ACCT-000282,B0057,1058.25,2026-07-18T12:56:10+00:00
CCH-001952,ACCT-000283,B0057,427.68,2026-07-18T12:56:10+00:00
CCH-001953,ACCT-000284,B0057,379.51,2026-07-18T12:56:10+00:00
CCH-001954,ACCT-000285,B0057,46.12,2026-07-18T12:56:10+00:00
CCH-001955,ACCT-000162,B0058,478.74,2026-07-18T14:18:09+00:00
CCH-001956,ACCT-000274,B0058,701.38,2026-07-18T14:18:09+00:00
CCH-001957,ACCT-000092,B0058,258.49,2026-07-18T14:18:09+00:00
CCH-001958,ACCT-000045,B0058,369.13,2026-07-18T14:18:09+00:00
CCH-001959,ACCT-000155,B0058,194.37,2026-07-18T14:18:09+00:00
CCH-001960,ACCT-000132,B0058,502.53,2026-07-18T14:18:09+00:00
CCH-001961,ACCT-000099,B0058,100.45,2026-07-18T14:18:09+00:00
CCH-001962,ACCT-000080,B0058,283.09,2026-07-18T14:18:09+00:00
CCH-001963,ACCT-000102,B0058,322.31,2026-07-18T14:18:09+00:00
CCH-001964,ACCT-000119,B0058,298.05,2026-07-18T14:18:09+00:00
CCH-001965,ACCT-000054,B0058,798.63,2026-07-18T14:18:09+00:00
CCH-001966,ACCT-000063,B0058,123.34,2026-07-18T14:18:09+00:00
CCH-001967,ACCT-000237,B0058,1249.26,2026-07-18T14:18:09+00:00
CCH-001968,ACCT-000270,B0058,322.65,2026-07-18T14:18:09+00:00
CCH-001969,ACCT-000231,B0058,563.97,2026-07-18T14:18:09+00:00
CCH-001970,ACCT-000209,B0058,793.69,2026-07-18T14:18:09+00:00
CCH-001971,ACCT-000205,B0058,438.76,2026-07-18T14:18:09+00:00
CCH-001972,ACCT-000009,B0058,338.95,2026-07-18T14:18:09+00:00
CCH-001973,ACCT-000184,B0058,768.89,2026-07-18T14:18:09+00:00
CCH-001974,ACCT-000245,B0058,394.07,2026-07-18T14:18:09+00:00
CCH-001975,ACCT-000136,B0058,118.25,2026-07-18T14:18:09+00:00
CCH-001976,ACCT-000056,B0058,522.46,2026-07-18T14:18:09+00:00
CCH-001977,ACCT-000157,B0058,521.19,2026-07-18T14:18:09+00:00
CCH-001978,ACCT-000125,B0058,562.71,2026-07-18T14:18:09+00:00
CCH-001979,ACCT-000032,B0058,491.96,2026-07-18T14:18:09+00:00
CCH-001980,ACCT-000144,B0058,374.48,2026-07-18T14:18:09+00:00
CCH-001981,ACCT-000172,B0058,162.96,2026-07-18T14:18:09+00:00
CCH-001982,ACCT-000286,B0058,1248.73,2026-07-18T14:18:09+00:00
CCH-001983,ACCT-000287,B0058,622.54,2026-07-18T14:18:09+00:00
CCH-001984,ACCT-000193,B0059,220.28,2026-07-18T15:28:14+00:00
CCH-001985,ACCT-000031,B0059,580.7,2026-07-18T15:28:14+00:00
CCH-001986,ACCT-000116,B0059,885.18,2026-07-18T15:28:14+00:00
CCH-001987,ACCT-000150,B0059,792.38,2026-07-18T15:28:14+00:00
CCH-001988,ACCT-000085,B0059,699.56,2026-07-18T15:28:14+00:00
CCH-001989,ACCT-000236,B0059,99.43,2026-07-18T15:28:14+00:00
CCH-001990,ACCT-000081,B0059,1145.98,2026-07-18T15:28:14+00:00
CCH-001991,ACCT-000026,B0059,825.13,2026-07-18T15:28:14+00:00
CCH-001992,ACCT-000101,B0059,788.59,2026-07-18T15:28:14+00:00
CCH-001993,ACCT-000005,B0059,48.73,2026-07-18T15:28:14+00:00
CCH-001994,ACCT-000225,B0059,593.17,2026-07-18T15:28:14+00:00
CCH-001995,ACCT-000167,B0059,477.58,2026-07-18T15:28:14+00:00
CCH-001996,ACCT-000259,B0059,574.66,2026-07-18T15:28:14+00:00
CCH-001997,ACCT-000247,B0059,735.31,2026-07-18T15:28:14+00:00
CCH-001998,ACCT-000074,B0059,370.78,2026-07-18T15:28:14+00:00
CCH-001999,ACCT-000268,B0059,81.56,2026-07-18T15:28:14+00:00
CCH-002000,ACCT-000045,B0059,519.99,2026-07-18T15:28:14+00:00
CCH-002001,ACCT-000278,B0059,716.05,2026-07-18T15:28:14+00:00
CCH-002002,ACCT-000270,B0059,39.98,2026-07-18T15:28:14+00:00
CCH-002003,ACCT-000229,B0059,364.92,2026-07-18T15:28:14+00:00
CCH-002004,ACCT-000006,B0059,309.29,2026-07-18T15:28:14+00:00
CCH-002005,ACCT-000114,B0059,395.7,2026-07-18T15:28:14+00:00
CCH-002006,ACCT-000165,B0059,760.21,2026-07-18T15:28:14+00:00
CCH-002007,ACCT-000244,B0059,604.39,2026-07-18T15:28:14+00:00
CCH-002008,ACCT-000285,B0059,1213.34,2026-07-18T15:28:14+00:00
CCH-002009,ACCT-000072,B0059,171.99,2026-07-18T15:28:14+00:00
CCH-002010,ACCT-000002,B0059,795.69,2026-07-18T15:28:14+00:00
CCH-002011,ACCT-000141,B0059,528.45,2026-07-18T15:28:14+00:00
CCH-002012,ACCT-000024,B0059,245.57,2026-07-18T15:28:14+00:00
CCH-002013,ACCT-000288,B0059,609.76,2026-07-18T15:28:14+00:00
CCH-002014,ACCT-000289,B0059,704.37,2026-07-18T15:28:14+00:00
CCH-002015,ACCT-000290,B0059,634.54,2026-07-18T15:28:14+00:00
CCH-002016,ACCT-000291,B0059,62.63,2026-07-18T15:28:14+00:00
CCH-002017,ACCT-000137,B0060,70.41,2026-07-18T16:26:39+00:00
CCH-002018,ACCT-000184,B0060,1112.23,2026-07-18T16:26:39+00:00
CCH-002019,ACCT-000236,B0060,194.97,2026-07-18T16:26:39+00:00
CCH-002020,ACCT-000008,B0060,716.84,2026-07-18T16:26:39+00:00
CCH-002021,ACCT-000025,B0060,363.93,2026-07-18T16:26:39+00:00
CCH-002022,ACCT-000040,B0060,1263.88,2026-07-18T16:26:39+00:00
CCH-002023,ACCT-000016,B0060,1096.27,2026-07-18T16:26:39+00:00
CCH-002024,ACCT-000183,B0060,444.4,2026-07-18T16:26:39+00:00
CCH-002025,ACCT-000004,B0060,43.84,2026-07-18T16:26:39+00:00
CCH-002026,ACCT-000225,B0060,384.27,2026-07-18T16:26:39+00:00
CCH-002027,ACCT-000277,B0060,688.64,2026-07-18T16:26:39+00:00
CCH-002028,ACCT-000034,B0060,241.11,2026-07-18T16:26:39+00:00
CCH-002029,ACCT-000142,B0060,723.41,2026-07-18T16:26:39+00:00
CCH-002030,ACCT-000007,B0060,871.11,2026-07-18T16:26:39+00:00
CCH-002031,ACCT-000056,B0060,597.36,2026-07-18T16:26:39+00:00
CCH-002032,ACCT-000055,B0060,702.53,2026-07-18T16:26:39+00:00
CCH-002033,ACCT-000077,B0060,441.49,2026-07-18T16:26:39+00:00
CCH-002034,ACCT-000074,B0060,51.03,2026-07-18T16:26:39+00:00
CCH-002035,ACCT-000224,B0060,567.18,2026-07-18T16:26:39+00:00
CCH-002036,ACCT-000228,B0060,567.73,2026-07-18T16:26:39+00:00
CCH-002037,ACCT-000064,B0060,1024.67,2026-07-18T16:26:39+00:00
CCH-002038,ACCT-000109,B0060,355.95,2026-07-18T16:26:39+00:00
CCH-002039,ACCT-000278,B0060,922.86,2026-07-18T16:26:39+00:00
CCH-002040,ACCT-000037,B0060,688.7,2026-07-18T16:26:39+00:00
CCH-002041,ACCT-000015,B0060,34.33,2026-07-18T16:26:39+00:00
CCH-002042,ACCT-000018,B0060,235.05,2026-07-18T16:26:39+00:00
CCH-002043,ACCT-000087,B0060,283.15,2026-07-18T16:26:39+00:00
CCH-002044,ACCT-000258,B0060,1068.3,2026-07-18T16:26:39+00:00
CCH-002045,ACCT-000171,B0060,947.78,2026-07-18T16:26:39+00:00
CCH-002046,ACCT-000151,B0060,644.33,2026-07-18T16:26:39+00:00
CCH-002047,ACCT-000242,B0060,619.35,2026-07-18T16:26:39+00:00
CCH-002048,ACCT-000239,B0060,35.46,2026-07-18T16:26:39+00:00
CCH-002049,ACCT-000125,B0060,667.45,2026-07-18T16:26:39+00:00
CCH-002050,ACCT-000292,B0060,581.65,2026-07-18T16:26:39+00:00
CCH-002051,ACCT-000293,B0060,357.19,2026-07-18T16:26:39+00:00
CCH-002052,ACCT-000294,B0060,652.61,2026-07-18T16:26:39+00:00
CCH-002053,ACCT-000295,B0060,1014.13,2026-07-18T16:26:39+00:00
CCH-002054,ACCT-000112,B0061,1080.82,2026-07-18T17:29:59+00:00
CCH-002055,ACCT-000035,B0061,233.98,2026-07-18T17:29:59+00:00
CCH-002056,ACCT-000003,B0061,736.62,2026-07-18T17:29:59+00:00
CCH-002057,ACCT-000084,B0061,115.85,2026-07-18T17:29:59+00:00
CCH-002058,ACCT-000214,B0061,669.6,2026-07-18T17:29:59+00:00
CCH-002059,ACCT-000053,B0061,141.51,2026-07-18T17:29:59+00:00
CCH-002060,ACCT-000049,B0061,360.63,2026-07-18T17:29:59+00:00
CCH-002061,ACCT-000108,B0061,536.96,2026-07-18T17:29:59+00:00
CCH-002062,ACCT-000031,B0061,39.93,2026-07-18T17:29:59+00:00
CCH-002063,ACCT-000150,B0061,426.98,2026-07-18T17:29:59+00:00
CCH-002064,ACCT-000116,B0061,800.28,2026-07-18T17:29:59+00:00
CCH-002065,ACCT-000095,B0061,62.11,2026-07-18T17:29:59+00:00
CCH-002066,ACCT-000078,B0061,1244.54,2026-07-18T17:29:59+00:00
CCH-002067,ACCT-000222,B0061,853.66,2026-07-18T17:29:59+00:00
CCH-002068,ACCT-000011,B0061,104.19,2026-07-18T17:29:59+00:00
CCH-002069,ACCT-000161,B0061,464.12,2026-07-18T17:29:59+00:00
CCH-002070,ACCT-000231,B0061,760.94,2026-07-18T17:29:59+00:00
CCH-002071,ACCT-000186,B0061,735.25,2026-07-18T17:29:59+00:00
CCH-002072,ACCT-000217,B0061,1067.52,2026-07-18T17:29:59+00:00
CCH-002073,ACCT-000249,B0061,350.95,2026-07-18T17:29:59+00:00
CCH-002074,ACCT-000059,B0061,483.26,2026-07-18T17:29:59+00:00
CCH-002075,ACCT-000118,B0061,437.66,2026-07-18T17:29:59+00:00
CCH-002076,ACCT-000138,B0061,819.09,2026-07-18T17:29:59+00:00
CCH-002077,ACCT-000164,B0061,998.41,2026-07-18T17:29:59+00:00
CCH-002078,ACCT-000005,B0061,1098.2,2026-07-18T17:29:59+00:00
CCH-002079,ACCT-000122,B0061,584.23,2026-07-18T17:29:59+00:00
CCH-002080,ACCT-000148,B0061,755.03,2026-07-18T17:29:59+00:00
CCH-002081,ACCT-000009,B0061,497.61,2026-07-18T17:29:59+00:00
CCH-002082,ACCT-000283,B0061,580.92,2026-07-18T17:29:59+00:00
CCH-002083,ACCT-000296,B0061,573.46,2026-07-18T17:29:59+00:00
CCH-002084,ACCT-000297,B0061,587.71,2026-07-18T17:29:59+00:00
CCH-002085,ACCT-000298,B0061,343.59,2026-07-18T17:29:59+00:00
CCH-002086,ACCT-000185,B0062,855.67,2026-07-18T18:28:11+00:00
CCH-002087,ACCT-000198,B0062,1108.36,2026-07-18T18:28:11+00:00
CCH-002088,ACCT-000001,B0062,267.11,2026-07-18T18:28:11+00:00
CCH-002089,ACCT-000256,B0062,482.22,2026-07-18T18:28:11+00:00
CCH-002090,ACCT-000190,B0062,868.18,2026-07-18T18:28:11+00:00
CCH-002091,ACCT-000196,B0062,267.4,2026-07-18T18:28:11+00:00
CCH-002092,ACCT-000211,B0062,312.98,2026-07-18T18:28:11+00:00
CCH-002093,ACCT-000049,B0062,1325.86,2026-07-18T18:28:11+00:00
CCH-002094,ACCT-000174,B0062,606.33,2026-07-18T18:28:11+00:00
CCH-002095,ACCT-000144,B0062,63.25,2026-07-18T18:28:11+00:00
CCH-002096,ACCT-000003,B0062,89.55,2026-07-18T18:28:11+00:00
CCH-002097,ACCT-000038,B0062,250.27,2026-07-18T18:28:11+00:00
CCH-002098,ACCT-000175,B0062,351.36,2026-07-18T18:28:11+00:00
CCH-002099,ACCT-000218,B0062,929.73,2026-07-18T18:28:11+00:00
CCH-002100,ACCT-000076,B0062,295.98,2026-07-18T18:28:11+00:00
CCH-002101,ACCT-000171,B0062,529.44,2026-07-18T18:28:11+00:00
CCH-002102,ACCT-000035,B0062,1064.47,2026-07-18T18:28:11+00:00
CCH-002103,ACCT-000291,B0062,272.94,2026-07-18T18:28:11+00:00
CCH-002104,ACCT-000188,B0062,399.14,2026-07-18T18:28:11+00:00
CCH-002105,ACCT-000205,B0062,390.14,2026-07-18T18:28:11+00:00
CCH-002106,ACCT-000294,B0062,378.53,2026-07-18T18:28:11+00:00
CCH-002107,ACCT-000018,B0062,406.52,2026-07-18T18:28:11+00:00
CCH-002108,ACCT-000238,B0062,107.77,2026-07-18T18:28:11+00:00
CCH-002109,ACCT-000118,B0062,549.09,2026-07-18T18:28:11+00:00
CCH-002110,ACCT-000272,B0062,71.84,2026-07-18T18:28:11+00:00
CCH-002111,ACCT-000289,B0062,811.7,2026-07-18T18:28:11+00:00
CCH-002112,ACCT-000121,B0062,322.65,2026-07-18T18:28:11+00:00
CCH-002113,ACCT-000163,B0062,798.9,2026-07-18T18:28:11+00:00
CCH-002114,ACCT-000239,B0062,972.93,2026-07-18T18:28:11+00:00
CCH-002115,ACCT-000146,B0062,494.98,2026-07-18T18:28:11+00:00
CCH-002116,ACCT-000170,B0062,260.18,2026-07-18T18:28:11+00:00
CCH-002117,ACCT-000299,B0062,576.62,2026-07-18T18:28:11+00:00
CCH-002118,ACCT-000300,B0062,739.28,2026-07-18T18:28:11+00:00
CCH-002119,ACCT-000301,B0062,365.36,2026-07-18T18:28:11+00:00
CCH-002120,ACCT-000154,B0063,377.51,2026-07-18T19:41:46+00:00
CCH-002121,ACCT-000076,B0063,444.09,2026-07-18T19:41:46+00:00
CCH-002122,ACCT-000070,B0063,738.86,2026-07-18T19:41:46+00:00
CCH-002123,ACCT-000164,B0063,572.49,2026-07-18T19:41:46+00:00
CCH-002124,ACCT-000147,B0063,311.35,2026-07-18T19:41:46+00:00
CCH-002125,ACCT-000197,B0063,963.52,2026-07-18T19:41:46+00:00
CCH-002126,ACCT-000260,B0063,38.49,2026-07-18T19:41:46+00:00
CCH-002127,ACCT-000006,B0063,252.63,2026-07-18T19:41:46+00:00
CCH-002128,ACCT-000085,B0063,934.5,2026-07-18T19:41:46+00:00
CCH-002129,ACCT-000248,B0063,542.97,2026-07-18T19:41:46+00:00
CCH-002130,ACCT-000297,B0063,113.18,2026-07-18T19:41:46+00:00
CCH-002131,ACCT-000099,B0063,336.05,2026-07-18T19:41:46+00:00
CCH-002132,ACCT-000250,B0063,126.98,2026-07-18T19:41:46+00:00
CCH-002133,ACCT-000237,B0063,597.85,2026-07-18T19:41:46+00:00
CCH-002134,ACCT-000152,B0063,635.59,2026-07-18T19:41:46+00:00
CCH-002135,ACCT-000004,B0063,367.24,2026-07-18T19:41:46+00:00
CCH-002136,ACCT-000239,B0063,1080.5,2026-07-18T19:41:46+00:00
CCH-002137,ACCT-000236,B0063,461.92,2026-07-18T19:41:46+00:00
CCH-002138,ACCT-000113,B0063,415.29,2026-07-18T19:41:46+00:00
CCH-002139,ACCT-000074,B0063,154.93,2026-07-18T19:41:46+00:00
CCH-002140,ACCT-000101,B0063,602.77,2026-07-18T19:41:46+00:00
CCH-002141,ACCT-000026,B0063,366.85,2026-07-18T19:41:46+00:00
CCH-002142,ACCT-000168,B0063,264.71,2026-07-18T19:41:46+00:00
CCH-002143,ACCT-000276,B0063,735.57,2026-07-18T19:41:46+00:00
CCH-002144,ACCT-000119,B0063,438.77,2026-07-18T19:41:46+00:00
CCH-002145,ACCT-000241,B0063,118.59,2026-07-18T19:41:46+00:00
CCH-002146,ACCT-000175,B0063,178.68,2026-07-18T19:41:46+00:00
CCH-002147,ACCT-000095,B0063,342.81,2026-07-18T19:41:46+00:00
CCH-002148,ACCT-000284,B0063,836.07,2026-07-18T19:41:46+00:00
CCH-002149,ACCT-000092,B0063,547.75,2026-07-18T19:41:46+00:00
CCH-002150,ACCT-000047,B0063,639.44,2026-07-18T19:41:46+00:00
CCH-002151,ACCT-000233,B0063,530.01,2026-07-18T19:41:46+00:00
CCH-002152,ACCT-000016,B0063,325.17,2026-07-18T19:41:46+00:00
CCH-002153,ACCT-000126,B0063,878.0,2026-07-18T19:41:46+00:00
CCH-002154,ACCT-000302,B0063,397.74,2026-07-18T19:41:46+00:00
CCH-002155,ACCT-000303,B0063,183.77,2026-07-18T19:41:46+00:00
CCH-002156,ACCT-000304,B0063,395.55,2026-07-18T19:41:46+00:00
CCH-002157,ACCT-000119,B0064,229.97,2026-07-18T20:38:57+00:00
CCH-002158,ACCT-000053,B0064,674.02,2026-07-18T20:38:57+00:00
CCH-002159,ACCT-000026,B0064,44.63,2026-07-18T20:38:57+00:00
CCH-002160,ACCT-000165,B0064,627.58,2026-07-18T20:38:57+00:00
CCH-002161,ACCT-000083,B0064,899.55,2026-07-18T20:38:57+00:00
CCH-002162,ACCT-000278,B0064,209.8,2026-07-18T20:38:57+00:00
CCH-002163,ACCT-000161,B0064,534.16,2026-07-18T20:38:57+00:00
CCH-002164,ACCT-000244,B0064,261.05,2026-07-18T20:38:57+00:00
CCH-002165,ACCT-000173,B0064,549.6,2026-07-18T20:38:57+00:00
CCH-002166,ACCT-000214,B0064,473.08,2026-07-18T20:38:57+00:00
CCH-002167,ACCT-000060,B0064,194.85,2026-07-18T20:38:57+00:00
CCH-002168,ACCT-000023,B0064,201.8,2026-07-18T20:38:57+00:00
CCH-002169,ACCT-000113,B0064,335.17,2026-07-18T20:38:57+00:00
CCH-002170,ACCT-000176,B0064,313.07,2026-07-18T20:38:57+00:00
CCH-002171,ACCT-000186,B0064,486.09,2026-07-18T20:38:57+00:00
CCH-002172,ACCT-000275,B0064,807.57,2026-07-18T20:38:57+00:00
CCH-002173,ACCT-000055,B0064,415.94,2026-07-18T20:38:57+00:00
CCH-002174,ACCT-000162,B0064,260.55,2026-07-18T20:38:57+00:00
CCH-002175,ACCT-000177,B0064,349.5,2026-07-18T20:38:57+00:00
CCH-002176,ACCT-000142,B0064,106.45,2026-07-18T20:38:57+00:00
CCH-002177,ACCT-000078,B0064,1049.13,2026-07-18T20:38:57+00:00
CCH-002178,ACCT-000017,B0064,287.38,2026-07-18T20:38:57+00:00
CCH-002179,ACCT-000074,B0064,753.74,2026-07-18T20:38:57+00:00
CCH-002180,ACCT-000248,B0064,1260.84,2026-07-18T20:38:57+00:00
CCH-002181,ACCT-000293,B0064,429.19,2026-07-18T20:38:57+00:00
CCH-002182,ACCT-000305,B0064,919.38,2026-07-18T20:38:57+00:00
CCH-002183,ACCT-000306,B0064,568.86,2026-07-18T20:38:57+00:00
CCH-002184,ACCT-000307,B0064,226.0,2026-07-18T20:38:57+00:00
CCH-002185,ACCT-000139,B0065,425.09,2026-07-18T21:42:31+00:00
CCH-002186,ACCT-000057,B0065,390.53,2026-07-18T21:42:31+00:00
CCH-002187,ACCT-000046,B0065,777.98,2026-07-18T21:42:31+00:00
CCH-002188,ACCT-000144,B0065,356.76,2026-07-18T21:42:31+00:00
CCH-002189,ACCT-000050,B0065,833.35,2026-07-18T21:42:31+00:00
CCH-002190,ACCT-000235,B0065,195.29,2026-07-18T21:42:31+00:00
CCH-002191,ACCT-000177,B0065,243.63,2026-07-18T21:42:31+00:00
CCH-002192,ACCT-000110,B0065,984.9,2026-07-18T21:42:31+00:00
CCH-002193,ACCT-000211,B0065,249.17,2026-07-18T21:42:31+00:00
CCH-002194,ACCT-000238,B0065,727.34,2026-07-18T21:42:31+00:00
CCH-002195,ACCT-000102,B0065,318.08,2026-07-18T21:42:31+00:00
CCH-002196,ACCT-000216,B0065,636.15,2026-07-18T21:42:31+00:00
CCH-002197,ACCT-000137,B0065,1125.9,2026-07-18T21:42:31+00:00
CCH-002198,ACCT-000252,B0065,414.87,2026-07-18T21:42:31+00:00
CCH-002199,ACCT-000243,B0065,398.59,2026-07-18T21:42:31+00:00
CCH-002200,ACCT-000191,B0065,932.72,2026-07-18T21:42:31+00:00
CCH-002201,ACCT-000135,B0065,263.96,2026-07-18T21:42:31+00:00
CCH-002202,ACCT-000288,B0065,362.29,2026-07-18T21:42:31+00:00
CCH-002203,ACCT-000245,B0065,501.74,2026-07-18T21:42:31+00:00
CCH-002204,ACCT-000085,B0065,267.34,2026-07-18T21:42:31+00:00
CCH-002205,ACCT-000249,B0065,749.37,2026-07-18T21:42:31+00:00
CCH-002206,ACCT-000158,B0065,465.12,2026-07-18T21:42:31+00:00
CCH-002207,ACCT-000306,B0065,259.46,2026-07-18T21:42:31+00:00
CCH-002208,ACCT-000182,B0065,582.41,2026-07-18T21:42:31+00:00
CCH-002209,ACCT-000239,B0065,757.58,2026-07-18T21:42:31+00:00
CCH-002210,ACCT-000269,B0065,329.29,2026-07-18T21:42:31+00:00
CCH-002211,ACCT-000108,B0065,660.45,2026-07-18T21:42:31+00:00
CCH-002212,ACCT-000293,B0065,127.87,2026-07-18T21:42:31+00:00
CCH-002213,ACCT-000122,B0065,57.55,2026-07-18T21:42:31+00:00
CCH-002214,ACCT-000308,B0065,551.44,2026-07-18T21:42:31+00:00
CCH-002215,ACCT-000309,B0065,311.61,2026-07-18T21:42:31+00:00
CCH-002216,ACCT-000310,B0065,617.9,2026-07-18T21:42:31+00:00
CCH-002217,ACCT-000296,B0066,223.28,2026-07-18T22:42:02+00:00
CCH-002218,ACCT-000233,B0066,339.94,2026-07-18T22:42:02+00:00
CCH-002219,ACCT-000208,B0066,203.6,2026-07-18T22:42:02+00:00
CCH-002220,ACCT-000130,B0066,128.89,2026-07-18T22:42:02+00:00
CCH-002221,ACCT-000005,B0066,1055.88,2026-07-18T22:42:02+00:00
CCH-002222,ACCT-000027,B0066,322.33,2026-07-18T22:42:02+00:00
CCH-002223,ACCT-000106,B0066,861.35,2026-07-18T22:42:02+00:00
CCH-002224,ACCT-000237,B0066,538.31,2026-07-18T22:42:02+00:00
CCH-002225,ACCT-000075,B0066,971.11,2026-07-18T22:42:02+00:00
CCH-002226,ACCT-000272,B0066,563.21,2026-07-18T22:42:02+00:00
CCH-002227,ACCT-000285,B0066,587.99,2026-07-18T22:42:02+00:00
CCH-002228,ACCT-000138,B0066,399.05,2026-07-18T22:42:02+00:00
CCH-002229,ACCT-000104,B0066,363.49,2026-07-18T22:42:02+00:00
CCH-002230,ACCT-000067,B0066,967.72,2026-07-18T22:42:02+00:00
CCH-002231,ACCT-000161,B0066,570.66,2026-07-18T22:42:02+00:00
CCH-002232,ACCT-000132,B0066,509.42,2026-07-18T22:42:02+00:00
CCH-002233,ACCT-000107,B0066,1029.88,2026-07-18T22:42:02+00:00
CCH-002234,ACCT-000271,B0066,813.26,2026-07-18T22:42:02+00:00
CCH-002235,ACCT-000060,B0066,935.4,2026-07-18T22:42:02+00:00
CCH-002236,ACCT-000117,B0066,806.87,2026-07-18T22:42:02+00:00
CCH-002237,ACCT-000074,B0066,817.64,2026-07-18T22:42:02+00:00
CCH-002238,ACCT-000025,B0066,332.8,2026-07-18T22:42:02+00:00
CCH-002239,ACCT-000076,B0066,613.25,2026-07-18T22:42:02+00:00
CCH-002240,ACCT-000082,B0066,782.6,2026-07-18T22:42:02+00:00
CCH-002241,ACCT-000134,B0066,456.5,2026-07-18T22:42:02+00:00
CCH-002242,ACCT-000151,B0066,229.54,2026-07-18T22:42:02+00:00
CCH-002243,ACCT-000214,B0066,1203.41,2026-07-18T22:42:02+00:00
CCH-002244,ACCT-000165,B0066,286.2,2026-07-18T22:42:02+00:00
CCH-002245,ACCT-000311,B0066,739.63,2026-07-18T22:42:02+00:00
CCH-002246,ACCT-000312,B0066,508.32,2026-07-18T22:42:02+00:00
CCH-002247,ACCT-000283,B0067,697.16,2026-07-18T23:44:12+00:00
CCH-002248,ACCT-000159,B0067,800.83,2026-07-18T23:44:12+00:00
CCH-002249,ACCT-000260,B0067,187.51,2026-07-18T23:44:12+00:00
CCH-002250,ACCT-000043,B0067,292.26,2026-07-18T23:44:12+00:00
CCH-002251,ACCT-000294,B0067,1354.78,2026-07-18T23:44:12+00:00
CCH-002252,ACCT-000199,B0067,347.38,2026-07-18T23:44:12+00:00
CCH-002253,ACCT-000302,B0067,1039.89,2026-07-18T23:44:12+00:00
CCH-002254,ACCT-000091,B0067,476.13,2026-07-18T23:44:12+00:00
CCH-002255,ACCT-000071,B0067,753.15,2026-07-18T23:44:12+00:00
CCH-002256,ACCT-000045,B0067,475.17,2026-07-18T23:44:12+00:00
CCH-002257,ACCT-000272,B0067,368.71,2026-07-18T23:44:12+00:00
CCH-002258,ACCT-000089,B0067,47.88,2026-07-18T23:44:12+00:00
CCH-002259,ACCT-000129,B0067,760.85,2026-07-18T23:44:12+00:00
CCH-002260,ACCT-000150,B0067,137.62,2026-07-18T23:44:12+00:00
CCH-002261,ACCT-000066,B0067,664.67,2026-07-18T23:44:12+00:00
CCH-002262,ACCT-000284,B0067,602.61,2026-07-18T23:44:12+00:00
CCH-002263,ACCT-000237,B0067,495.99,2026-07-18T23:44:12+00:00
CCH-002264,ACCT-000093,B0067,483.24,2026-07-18T23:44:12+00:00
CCH-002265,ACCT-000140,B0067,182.02,2026-07-18T23:44:12+00:00
CCH-002266,ACCT-000012,B0067,831.22,2026-07-18T23:44:12+00:00
CCH-002267,ACCT-000265,B0067,493.95,2026-07-18T23:44:12+00:00
CCH-002268,ACCT-000042,B0067,669.48,2026-07-18T23:44:12+00:00
CCH-002269,ACCT-000076,B0067,519.87,2026-07-18T23:44:12+00:00
CCH-002270,ACCT-000095,B0067,310.75,2026-07-18T23:44:12+00:00
CCH-002271,ACCT-000161,B0067,818.83,2026-07-18T23:44:12+00:00
CCH-002272,ACCT-000198,B0067,682.56,2026-07-18T23:44:12+00:00
CCH-002273,ACCT-000087,B0067,505.96,2026-07-18T23:44:12+00:00
CCH-002274,ACCT-000296,B0067,234.81,2026-07-18T23:44:12+00:00
CCH-002275,ACCT-000241,B0067,910.45,2026-07-18T23:44:12+00:00
CCH-002276,ACCT-000078,B0067,980.38,2026-07-18T23:44:12+00:00
CCH-002277,ACCT-000303,B0067,33.55,2026-07-18T23:44:12+00:00
CCH-002278,ACCT-000254,B0067,385.47,2026-07-18T23:44:12+00:00
CCH-002279,ACCT-000109,B0067,64.04,2026-07-18T23:44:12+00:00
CCH-002280,ACCT-000105,B0067,210.74,2026-07-18T23:44:12+00:00
CCH-002281,ACCT-000313,B0067,26.71,2026-07-18T23:44:12+00:00
CCH-002282,ACCT-000314,B0067,95.35,2026-07-18T23:44:12+00:00
CCH-002283,ACCT-000117,B0068,938.57,2026-07-19T01:53:56+00:00
CCH-002284,ACCT-000126,B0068,204.86,2026-07-19T01:53:56+00:00
CCH-002285,ACCT-000313,B0068,788.71,2026-07-19T01:53:56+00:00
CCH-002286,ACCT-000182,B0068,471.73,2026-07-19T01:53:56+00:00
CCH-002287,ACCT-000059,B0068,328.01,2026-07-19T01:53:56+00:00
CCH-002288,ACCT-000094,B0068,504.95,2026-07-19T01:53:56+00:00
CCH-002289,ACCT-000104,B0068,973.17,2026-07-19T01:53:56+00:00
CCH-002290,ACCT-000234,B0068,382.01,2026-07-19T01:53:56+00:00
CCH-002291,ACCT-000062,B0068,773.87,2026-07-19T01:53:56+00:00
CCH-002292,ACCT-000073,B0068,341.19,2026-07-19T01:53:56+00:00
CCH-002293,ACCT-000210,B0068,527.41,2026-07-19T01:53:56+00:00
CCH-002294,ACCT-000288,B0068,157.7,2026-07-19T01:53:56+00:00
CCH-002295,ACCT-000174,B0068,558.15,2026-07-19T01:53:56+00:00
CCH-002296,ACCT-000091,B0068,362.79,2026-07-19T01:53:56+00:00
CCH-002297,ACCT-000287,B0068,774.18,2026-07-19T01:53:56+00:00
CCH-002298,ACCT-000097,B0068,658.81,2026-07-19T01:53:56+00:00
CCH-002299,ACCT-000153,B0068,578.28,2026-07-19T01:53:56+00:00
CCH-002300,ACCT-000237,B0068,190.86,2026-07-19T01:53:56+00:00
CCH-002301,ACCT-000216,B0068,402.19,2026-07-19T01:53:56+00:00
CCH-002302,ACCT-000244,B0068,581.19,2026-07-19T01:53:56+00:00
CCH-002303,ACCT-000310,B0068,578.29,2026-07-19T01:53:56+00:00
CCH-002304,ACCT-000179,B0068,215.4,2026-07-19T01:53:56+00:00
CCH-002305,ACCT-000003,B0068,554.16,2026-07-19T01:53:56+00:00
CCH-002306,ACCT-000240,B0068,858.26,2026-07-19T01:53:56+00:00
CCH-002307,ACCT-000208,B0068,245.49,2026-07-19T01:53:56+00:00
CCH-002308,ACCT-000290,B0068,154.87,2026-07-19T01:53:56+00:00
CCH-002309,ACCT-000149,B0068,1039.62,2026-07-19T01:53:56+00:00
CCH-002310,ACCT-000312,B0068,312.89,2026-07-19T01:53:56+00:00
CCH-002311,ACCT-000017,B0068,282.93,2026-07-19T01:53:56+00:00
CCH-002312,ACCT-000187,B0068,562.8,2026-07-19T01:53:56+00:00
CCH-002313,ACCT-000232,B0068,173.05,2026-07-19T01:53:56+00:00
CCH-002314,ACCT-000188,B0068,646.33,2026-07-19T01:53:56+00:00
CCH-002315,ACCT-000095,B0068,767.37,2026-07-19T01:53:56+00:00
CCH-002316,ACCT-000168,B0068,1054.28,2026-07-19T01:53:56+00:00
CCH-002317,ACCT-000315,B0068,347.2,2026-07-19T01:53:56+00:00
CCH-002318,ACCT-000316,B0068,565.63,2026-07-19T01:53:56+00:00
CCH-002319,ACCT-000317,B0068,737.44,2026-07-19T01:53:56+00:00
CCH-002320,ACCT-000318,B0068,164.91,2026-07-19T01:53:56+00:00
CCH-002321,ACCT-000155,B0069,364.52,2026-07-19T05:15:16+00:00
CCH-002322,ACCT-000048,B0069,368.96,2026-07-19T05:15:16+00:00
CCH-002323,ACCT-000101,B0069,150.63,2026-07-19T05:15:16+00:00
CCH-002324,ACCT-000161,B0069,97.77,2026-07-19T05:15:16+00:00
CCH-002325,ACCT-000087,B0069,379.96,2026-07-19T05:15:16+00:00
CCH-002326,ACCT-000240,B0069,584.9,2026-07-19T05:15:16+00:00
CCH-002327,ACCT-000300,B0069,334.08,2026-07-19T05:15:16+00:00
CCH-002328,ACCT-000254,B0069,507.55,2026-07-19T05:15:16+00:00
CCH-002329,ACCT-000027,B0069,784.97,2026-07-19T05:15:16+00:00
CCH-002330,ACCT-000011,B0069,561.16,2026-07-19T05:15:16+00:00
CCH-002331,ACCT-000251,B0069,414.06,2026-07-19T05:15:16+00:00
CCH-002332,ACCT-000194,B0069,905.71,2026-07-19T05:15:16+00:00
CCH-002333,ACCT-000228,B0069,273.24,2026-07-19T05:15:16+00:00
CCH-002334,ACCT-000168,B0069,36.08,2026-07-19T05:15:16+00:00
CCH-002335,ACCT-000204,B0069,248.2,2026-07-19T05:15:16+00:00
CCH-002336,ACCT-000293,B0069,344.72,2026-07-19T05:15:16+00:00
CCH-002337,ACCT-000140,B0069,522.79,2026-07-19T05:15:16+00:00
CCH-002338,ACCT-000072,B0069,404.96,2026-07-19T05:15:16+00:00
CCH-002339,ACCT-000089,B0069,1224.68,2026-07-19T05:15:16+00:00
CCH-002340,ACCT-000009,B0069,1199.98,2026-07-19T05:15:16+00:00
CCH-002341,ACCT-000273,B0069,111.6,2026-07-19T05:15:16+00:00
CCH-002342,ACCT-000176,B0069,637.51,2026-07-19T05:15:16+00:00
CCH-002343,ACCT-000029,B0069,202.49,2026-07-19T05:15:16+00:00
CCH-002344,ACCT-000150,B0069,548.88,2026-07-19T05:15:16+00:00
CCH-002345,ACCT-000302,B0069,846.04,2026-07-19T05:15:16+00:00
CCH-002346,ACCT-000180,B0069,60.64,2026-07-19T05:15:16+00:00
CCH-002347,ACCT-000319,B0069,729.63,2026-07-19T05:15:16+00:00
CCH-002348,ACCT-000320,B0069,814.9,2026-07-19T05:15:16+00:00
CCH-002349,ACCT-000321,B0069,499.1,2026-07-19T05:15:16+00:00
CCH-002350,ACCT-000322,B0069,613.48,2026-07-19T05:15:16+00:00
CCH-002351,ACCT-000270,B0070,45.02,2026-07-19T07:38:37+00:00
CCH-002352,ACCT-000141,B0070,627.81,2026-07-19T07:38:37+00:00
CCH-002353,ACCT-000074,B0070,108.23,2026-07-19T07:38:37+00:00
CCH-002354,ACCT-000125,B0070,697.86,2026-07-19T07:38:37+00:00
CCH-002355,ACCT-000088,B0070,270.62,2026-07-19T07:38:37+00:00
CCH-002356,ACCT-000129,B0070,377.26,2026-07-19T07:38:37+00:00
CCH-002357,ACCT-000245,B0070,757.78,2026-07-19T07:38:37+00:00
CCH-002358,ACCT-000312,B0070,626.18,2026-07-19T07:38:37+00:00
CCH-002359,ACCT-000289,B0070,866.69,2026-07-19T07:38:37+00:00
CCH-002360,ACCT-000247,B0070,493.93,2026-07-19T07:38:37+00:00
CCH-002361,ACCT-000032,B0070,294.38,2026-07-19T07:38:37+00:00
CCH-002362,ACCT-000003,B0070,255.54,2026-07-19T07:38:37+00:00
CCH-002363,ACCT-000092,B0070,1113.69,2026-07-19T07:38:37+00:00
CCH-002364,ACCT-000192,B0070,268.16,2026-07-19T07:38:37+00:00
CCH-002365,ACCT-000220,B0070,228.32,2026-07-19T07:38:37+00:00
CCH-002366,ACCT-000184,B0070,423.69,2026-07-19T07:38:37+00:00
CCH-002367,ACCT-000126,B0070,123.77,2026-07-19T07:38:37+00:00
CCH-002368,ACCT-000098,B0070,356.37,2026-07-19T07:38:37+00:00
CCH-002369,ACCT-000272,B0070,782.13,2026-07-19T07:38:37+00:00
CCH-002370,ACCT-000051,B0070,102.95,2026-07-19T07:38:37+00:00
CCH-002371,ACCT-000046,B0070,541.36,2026-07-19T07:38:37+00:00
CCH-002372,ACCT-000201,B0070,291.2,2026-07-19T07:38:37+00:00
CCH-002373,ACCT-000309,B0070,724.28,2026-07-19T07:38:37+00:00
CCH-002374,ACCT-000024,B0070,141.89,2026-07-19T07:38:37+00:00
CCH-002375,ACCT-000018,B0070,667.93,2026-07-19T07:38:37+00:00
CCH-002376,ACCT-000254,B0070,568.0,2026-07-19T07:38:37+00:00
CCH-002377,ACCT-000293,B0070,728.78,2026-07-19T07:38:37+00:00
CCH-002378,ACCT-000022,B0070,769.38,2026-07-19T07:38:37+00:00
CCH-002379,ACCT-000299,B0070,431.31,2026-07-19T07:38:37+00:00
CCH-002380,ACCT-000228,B0070,224.04,2026-07-19T07:38:37+00:00
CCH-002381,ACCT-000232,B0070,292.17,2026-07-19T07:38:37+00:00
CCH-002382,ACCT-000038,B0070,481.49,2026-07-19T07:38:37+00:00
CCH-002383,ACCT-000323,B0070,459.31,2026-07-19T07:38:37+00:00
CCH-002384,ACCT-000324,B0070,987.32,2026-07-19T07:38:37+00:00
CCH-002385,ACCT-000325,B0070,60.69,2026-07-19T07:38:37+00:00
CCH-002386,ACCT-000326,B0070,323.14,2026-07-19T07:38:37+00:00
CCH-002387,ACCT-000282,B0071,31.58,2026-07-19T09:46:09+00:00
CCH-002388,ACCT-000113,B0071,713.49,2026-07-19T09:46:09+00:00
CCH-002389,ACCT-000180,B0071,155.05,2026-07-19T09:46:09+00:00
CCH-002390,ACCT-000131,B0071,317.41,2026-07-19T09:46:09+00:00
CCH-002391,ACCT-000097,B0071,824.6,2026-07-19T09:46:09+00:00
CCH-002392,ACCT-000015,B0071,211.31,2026-07-19T09:46:09+00:00
CCH-002393,ACCT-000158,B0071,1338.76,2026-07-19T09:46:09+00:00
CCH-002394,ACCT-000104,B0071,268.96,2026-07-19T09:46:09+00:00
CCH-002395,ACCT-000067,B0071,1038.57,2026-07-19T09:46:09+00:00
CCH-002396,ACCT-000183,B0071,361.17,2026-07-19T09:46:09+00:00
CCH-002397,ACCT-000071,B0071,365.53,2026-07-19T09:46:09+00:00
CCH-002398,ACCT-000012,B0071,274.32,2026-07-19T09:46:09+00:00
CCH-002399,ACCT-000322,B0071,160.27,2026-07-19T09:46:09+00:00
CCH-002400,ACCT-000300,B0071,599.29,2026-07-19T09:46:09+00:00
CCH-002401,ACCT-000292,B0071,80.57,2026-07-19T09:46:09+00:00
CCH-002402,ACCT-000226,B0071,488.52,2026-07-19T09:46:09+00:00
CCH-002403,ACCT-000171,B0071,608.48,2026-07-19T09:46:09+00:00
CCH-002404,ACCT-000206,B0071,669.81,2026-07-19T09:46:09+00:00
CCH-002405,ACCT-000018,B0071,245.95,2026-07-19T09:46:09+00:00
CCH-002406,ACCT-000258,B0071,190.45,2026-07-19T09:46:09+00:00
CCH-002407,ACCT-000192,B0071,252.71,2026-07-19T09:46:09+00:00
CCH-002408,ACCT-000056,B0071,664.24,2026-07-19T09:46:09+00:00
CCH-002409,ACCT-000271,B0071,1089.6,2026-07-19T09:46:09+00:00
CCH-002410,ACCT-000058,B0071,503.57,2026-07-19T09:46:09+00:00
CCH-002411,ACCT-000041,B0071,211.21,2026-07-19T09:46:09+00:00
CCH-002412,ACCT-000277,B0071,816.64,2026-07-19T09:46:09+00:00
CCH-002413,ACCT-000214,B0071,366.95,2026-07-19T09:46:09+00:00
CCH-002414,ACCT-000327,B0071,245.53,2026-07-19T09:46:09+00:00
CCH-002415,ACCT-000328,B0071,80.97,2026-07-19T09:46:09+00:00
CCH-002416,ACCT-000329,B0071,1048.2,2026-07-19T09:46:09+00:00
CCH-002417,ACCT-000086,B0072,630.76,2026-07-19T11:05:49+00:00
CCH-002418,ACCT-000022,B0072,593.95,2026-07-19T11:05:49+00:00
CCH-002419,ACCT-000279,B0072,490.94,2026-07-19T11:05:49+00:00
CCH-002420,ACCT-000046,B0072,275.72,2026-07-19T11:05:49+00:00
CCH-002421,ACCT-000304,B0072,628.86,2026-07-19T11:05:49+00:00
CCH-002422,ACCT-000130,B0072,191.91,2026-07-19T11:05:49+00:00
CCH-002423,ACCT-000157,B0072,904.98,2026-07-19T11:05:49+00:00
CCH-002424,ACCT-000256,B0072,906.93,2026-07-19T11:05:49+00:00
CCH-002425,ACCT-000105,B0072,607.39,2026-07-19T11:05:49+00:00
CCH-002426,ACCT-000149,B0072,851.88,2026-07-19T11:05:49+00:00
CCH-002427,ACCT-000062,B0072,631.77,2026-07-19T11:05:49+00:00
CCH-002428,ACCT-000002,B0072,617.88,2026-07-19T11:05:49+00:00
CCH-002429,ACCT-000052,B0072,721.06,2026-07-19T11:05:49+00:00
CCH-002430,ACCT-000126,B0072,715.0,2026-07-19T11:05:49+00:00
CCH-002431,ACCT-000084,B0072,662.33,2026-07-19T11:05:49+00:00
CCH-002432,ACCT-000050,B0072,970.17,2026-07-19T11:05:49+00:00
CCH-002433,ACCT-000178,B0072,512.03,2026-07-19T11:05:49+00:00
CCH-002434,ACCT-000005,B0072,585.15,2026-07-19T11:05:49+00:00
CCH-002435,ACCT-000148,B0072,79.49,2026-07-19T11:05:49+00:00
CCH-002436,ACCT-000018,B0072,479.45,2026-07-19T11:05:49+00:00
CCH-002437,ACCT-000227,B0072,859.73,2026-07-19T11:05:49+00:00
CCH-002438,ACCT-000287,B0072,241.15,2026-07-19T11:05:49+00:00
CCH-002439,ACCT-000144,B0072,262.06,2026-07-19T11:05:49+00:00
CCH-002440,ACCT-000238,B0072,471.77,2026-07-19T11:05:49+00:00
CCH-002441,ACCT-000316,B0072,674.27,2026-07-19T11:05:49+00:00
CCH-002442,ACCT-000030,B0072,264.86,2026-07-19T11:05:49+00:00
CCH-002443,ACCT-000330,B0072,151.95,2026-07-19T11:05:49+00:00
CCH-002444,ACCT-000331,B0072,518.22,2026-07-19T11:05:49+00:00
CCH-002445,ACCT-000332,B0072,368.93,2026-07-19T11:05:49+00:00
CCH-002446,ACCT-000328,B0073,156.85,2026-07-19T12:12:06+00:00
CCH-002447,ACCT-000123,B0073,469.56,2026-07-19T12:12:06+00:00
CCH-002448,ACCT-000145,B0073,320.4,2026-07-19T12:12:06+00:00
CCH-002449,ACCT-000011,B0073,716.38,2026-07-19T12:12:06+00:00
CCH-002450,ACCT-000108,B0073,861.37,2026-07-19T12:12:06+00:00
CCH-002451,ACCT-000001,B0073,639.49,2026-07-19T12:12:06+00:00
CCH-002452,ACCT-000306,B0073,315.59,2026-07-19T12:12:06+00:00
CCH-002453,ACCT-000193,B0073,1001.3,2026-07-19T12:12:06+00:00
CCH-002454,ACCT-000125,B0073,832.42,2026-07-19T12:12:06+00:00
CCH-002455,ACCT-000048,B0073,339.6,2026-07-19T12:12:06+00:00
CCH-002456,ACCT-000237,B0073,159.68,2026-07-19T12:12:06+00:00
CCH-002457,ACCT-000321,B0073,422.76,2026-07-19T12:12:06+00:00
CCH-002458,ACCT-000114,B0073,662.67,2026-07-19T12:12:06+00:00
CCH-002459,ACCT-000221,B0073,162.3,2026-07-19T12:12:06+00:00
CCH-002460,ACCT-000090,B0073,406.84,2026-07-19T12:12:06+00:00
CCH-002461,ACCT-000098,B0073,356.46,2026-07-19T12:12:06+00:00
CCH-002462,ACCT-000122,B0073,759.4,2026-07-19T12:12:06+00:00
CCH-002463,ACCT-000241,B0073,1212.11,2026-07-19T12:12:06+00:00
CCH-002464,ACCT-000182,B0073,725.0,2026-07-19T12:12:06+00:00
CCH-002465,ACCT-000157,B0073,293.94,2026-07-19T12:12:06+00:00
CCH-002466,ACCT-000288,B0073,732.81,2026-07-19T12:12:06+00:00
CCH-002467,ACCT-000073,B0073,736.11,2026-07-19T12:12:06+00:00
CCH-002468,ACCT-000033,B0073,417.96,2026-07-19T12:12:06+00:00
CCH-002469,ACCT-000210,B0073,432.21,2026-07-19T12:12:06+00:00
CCH-002470,ACCT-000151,B0073,122.41,2026-07-19T12:12:06+00:00
CCH-002471,ACCT-000015,B0073,1058.56,2026-07-19T12:12:06+00:00
CCH-002472,ACCT-000249,B0073,553.1,2026-07-19T12:12:06+00:00
CCH-002473,ACCT-000110,B0073,401.63,2026-07-19T12:12:06+00:00
CCH-002474,ACCT-000100,B0073,723.6,2026-07-19T12:12:06+00:00
CCH-002475,ACCT-000099,B0073,542.43,2026-07-19T12:12:06+00:00
CCH-002476,ACCT-000029,B0073,203.47,2026-07-19T12:12:06+00:00
CCH-002477,ACCT-000045,B0073,57.97,2026-07-19T12:12:06+00:00
CCH-002478,ACCT-000272,B0073,567.56,2026-07-19T12:12:06+00:00
CCH-002479,ACCT-000333,B0073,336.04,2026-07-19T12:12:06+00:00
CCH-002480,ACCT-000334,B0073,141.19,2026-07-19T12:12:06+00:00
CCH-002481,ACCT-000235,B0074,642.99,2026-07-19T13:59:55+00:00
CCH-002482,ACCT-000238,B0074,245.53,2026-07-19T13:59:55+00:00
CCH-002483,ACCT-000173,B0074,213.04,2026-07-19T13:59:55+00:00
CCH-002484,ACCT-000105,B0074,420.85,2026-07-19T13:59:55+00:00
CCH-002485,ACCT-000197,B0074,157.0,2026-07-19T13:59:55+00:00
CCH-002486,ACCT-000055,B0074,252.08,2026-07-19T13:59:55+00:00
CCH-002487,ACCT-000333,B0074,374.2,2026-07-19T13:59:55+00:00
CCH-002488,ACCT-000204,B0074,337.46,2026-07-19T13:59:55+00:00
CCH-002489,ACCT-000332,B0074,904.57,2026-07-19T13:59:55+00:00
CCH-002490,ACCT-000114,B0074,104.32,2026-07-19T13:59:55+00:00
CCH-002491,ACCT-000054,B0074,655.72,2026-07-19T13:59:55+00:00
CCH-002492,ACCT-000222,B0074,658.04,2026-07-19T13:59:55+00:00
CCH-002493,ACCT-000280,B0074,410.8,2026-07-19T13:59:55+00:00
CCH-002494,ACCT-000276,B0074,340.82,2026-07-19T13:59:55+00:00
CCH-002495,ACCT-000062,B0074,542.33,2026-07-19T13:59:55+00:00
CCH-002496,ACCT-000304,B0074,206.39,2026-07-19T13:59:55+00:00
CCH-002497,ACCT-000031,B0074,502.96,2026-07-19T13:59:55+00:00
CCH-002498,ACCT-000195,B0074,761.37,2026-07-19T13:59:55+00:00
CCH-002499,ACCT-000176,B0074,538.7,2026-07-19T13:59:55+00:00
CCH-002500,ACCT-000246,B0074,239.35,2026-07-19T13:59:55+00:00
CCH-002501,ACCT-000154,B0074,561.65,2026-07-19T13:59:55+00:00
CCH-002502,ACCT-000299,B0074,66.77,2026-07-19T13:59:55+00:00
CCH-002503,ACCT-000224,B0074,395.96,2026-07-19T13:59:55+00:00
CCH-002504,ACCT-000179,B0074,92.78,2026-07-19T13:59:55+00:00
CCH-002505,ACCT-000230,B0074,390.35,2026-07-19T13:59:55+00:00
CCH-002506,ACCT-000320,B0074,710.57,2026-07-19T13:59:55+00:00
CCH-002507,ACCT-000228,B0074,617.92,2026-07-19T13:59:55+00:00
CCH-002508,ACCT-000310,B0074,377.99,2026-07-19T13:59:55+00:00
CCH-002509,ACCT-000008,B0074,629.5,2026-07-19T13:59:55+00:00
CCH-002510,ACCT-000335,B0074,362.85,2026-07-19T13:59:55+00:00
CCH-002511,ACCT-000336,B0074,467.83,2026-07-19T13:59:55+00:00
CCH-002512,ACCT-000337,B0074,669.13,2026-07-19T13:59:55+00:00
CCH-002513,ACCT-000326,B0075,711.14,2026-07-19T14:59:57+00:00
CCH-002514,ACCT-000110,B0075,625.33,2026-07-19T14:59:57+00:00
CCH-002515,ACCT-000296,B0075,588.07,2026-07-19T14:59:57+00:00
CCH-002516,ACCT-000190,B0075,341.42,2026-07-19T14:59:57+00:00
CCH-002517,ACCT-000168,B0075,559.52,2026-07-19T14:59:57+00:00
CCH-002518,ACCT-000094,B0075,95.0,2026-07-19T14:59:57+00:00
CCH-002519,ACCT-000312,B0075,977.47,2026-07-19T14:59:57+00:00
CCH-002520,ACCT-000001,B0075,230.14,2026-07-19T14:59:57+00:00
CCH-002521,ACCT-000101,B0075,438.03,2026-07-19T14:59:57+00:00
CCH-002522,ACCT-000173,B0075,952.71,2026-07-19T14:59:57+00:00
CCH-002523,ACCT-000276,B0075,69.37,2026-07-19T14:59:57+00:00
CCH-002524,ACCT-000086,B0075,452.78,2026-07-19T14:59:57+00:00
CCH-002525,ACCT-000122,B0075,847.87,2026-07-19T14:59:57+00:00
CCH-002526,ACCT-000324,B0075,819.13,2026-07-19T14:59:57+00:00
CCH-002527,ACCT-000266,B0075,428.25,2026-07-19T14:59:57+00:00
CCH-002528,ACCT-000285,B0075,716.48,2026-07-19T14:59:57+00:00
CCH-002529,ACCT-000013,B0075,607.92,2026-07-19T14:59:57+00:00
CCH-002530,ACCT-000200,B0075,810.3,2026-07-19T14:59:57+00:00
CCH-002531,ACCT-000192,B0075,742.0,2026-07-19T14:59:57+00:00
CCH-002532,ACCT-000247,B0075,367.12,2026-07-19T14:59:57+00:00
CCH-002533,ACCT-000275,B0075,877.09,2026-07-19T14:59:57+00:00
CCH-002534,ACCT-000283,B0075,331.62,2026-07-19T14:59:57+00:00
CCH-002535,ACCT-000064,B0075,1340.89,2026-07-19T14:59:57+00:00
CCH-002536,ACCT-000007,B0075,203.0,2026-07-19T14:59:57+00:00
CCH-002537,ACCT-000062,B0075,308.45,2026-07-19T14:59:57+00:00
CCH-002538,ACCT-000225,B0075,218.4,2026-07-19T14:59:57+00:00
CCH-002539,ACCT-000257,B0075,393.61,2026-07-19T14:59:57+00:00
CCH-002540,ACCT-000111,B0075,183.77,2026-07-19T14:59:57+00:00
CCH-002541,ACCT-000085,B0075,283.13,2026-07-19T14:59:57+00:00
CCH-002542,ACCT-000158,B0075,1007.15,2026-07-19T14:59:57+00:00
CCH-002543,ACCT-000145,B0075,494.78,2026-07-19T14:59:57+00:00
CCH-002544,ACCT-000056,B0075,349.3,2026-07-19T14:59:57+00:00
CCH-002545,ACCT-000105,B0075,851.59,2026-07-19T14:59:57+00:00
CCH-002546,ACCT-000144,B0075,216.81,2026-07-19T14:59:57+00:00
CCH-002547,ACCT-000338,B0075,391.36,2026-07-19T14:59:57+00:00
CCH-002548,ACCT-000339,B0075,35.29,2026-07-19T14:59:57+00:00
CCH-002549,ACCT-000340,B0075,473.83,2026-07-19T14:59:57+00:00
CCH-002550,ACCT-000341,B0075,361.46,2026-07-19T14:59:57+00:00
CCH-002551,ACCT-000293,B0076,859.54,2026-07-19T16:00:40+00:00
CCH-002552,ACCT-000089,B0076,349.17,2026-07-19T16:00:40+00:00
CCH-002553,ACCT-000228,B0076,930.71,2026-07-19T16:00:40+00:00
CCH-002554,ACCT-000204,B0076,1002.44,2026-07-19T16:00:40+00:00
CCH-002555,ACCT-000098,B0076,353.26,2026-07-19T16:00:40+00:00
CCH-002556,ACCT-000200,B0076,709.07,2026-07-19T16:00:40+00:00
CCH-002557,ACCT-000070,B0076,474.19,2026-07-19T16:00:40+00:00
CCH-002558,ACCT-000249,B0076,1279.49,2026-07-19T16:00:40+00:00
CCH-002559,ACCT-000144,B0076,423.39,2026-07-19T16:00:40+00:00
CCH-002560,ACCT-000180,B0076,275.55,2026-07-19T16:00:40+00:00
CCH-002561,ACCT-000195,B0076,654.24,2026-07-19T16:00:40+00:00
CCH-002562,ACCT-000225,B0076,491.86,2026-07-19T16:00:40+00:00
CCH-002563,ACCT-000075,B0076,154.61,2026-07-19T16:00:40+00:00
CCH-002564,ACCT-000158,B0076,335.38,2026-07-19T16:00:40+00:00
CCH-002565,ACCT-000049,B0076,207.22,2026-07-19T16:00:40+00:00
CCH-002566,ACCT-000104,B0076,637.08,2026-07-19T16:00:40+00:00
CCH-002567,ACCT-000328,B0076,464.55,2026-07-19T16:00:40+00:00
CCH-002568,ACCT-000174,B0076,444.22,2026-07-19T16:00:40+00:00
CCH-002569,ACCT-000121,B0076,473.78,2026-07-19T16:00:40+00:00
CCH-002570,ACCT-000156,B0076,325.35,2026-07-19T16:00:40+00:00
CCH-002571,ACCT-000093,B0076,671.62,2026-07-19T16:00:40+00:00
CCH-002572,ACCT-000327,B0076,850.16,2026-07-19T16:00:40+00:00
CCH-002573,ACCT-000252,B0076,792.46,2026-07-19T16:00:40+00:00
CCH-002574,ACCT-000095,B0076,1023.59,2026-07-19T16:00:40+00:00
CCH-002575,ACCT-000097,B0076,807.71,2026-07-19T16:00:40+00:00
CCH-002576,ACCT-000062,B0076,764.26,2026-07-19T16:00:40+00:00
CCH-002577,ACCT-000021,B0076,1191.23,2026-07-19T16:00:40+00:00
CCH-002578,ACCT-000287,B0076,500.74,2026-07-19T16:00:40+00:00
CCH-002579,ACCT-000209,B0076,62.76,2026-07-19T16:00:40+00:00
CCH-002580,ACCT-000323,B0076,513.63,2026-07-19T16:00:40+00:00
CCH-002581,ACCT-000342,B0076,187.75,2026-07-19T16:00:40+00:00
CCH-002582,ACCT-000343,B0076,775.52,2026-07-19T16:00:40+00:00
CCH-002583,ACCT-000344,B0076,610.36,2026-07-19T16:00:40+00:00
CCH-002584,ACCT-000283,B0077,653.66,2026-07-19T17:30:37+00:00
CCH-002585,ACCT-000268,B0077,127.19,2026-07-19T17:30:37+00:00
CCH-002586,ACCT-000295,B0077,383.12,2026-07-19T17:30:37+00:00
CCH-002587,ACCT-000108,B0077,1031.42,2026-07-19T17:30:37+00:00
CCH-002588,ACCT-000056,B0077,33.23,2026-07-19T17:30:37+00:00
CCH-002589,ACCT-000280,B0077,741.9,2026-07-19T17:30:37+00:00
CCH-002590,ACCT-000081,B0077,515.29,2026-07-19T17:30:37+00:00
CCH-002591,ACCT-000216,B0077,648.36,2026-07-19T17:30:37+00:00
CCH-002592,ACCT-000071,B0077,881.11,2026-07-19T17:30:37+00:00
CCH-002593,ACCT-000116,B0077,544.32,2026-07-19T17:30:37+00:00
CCH-002594,ACCT-000102,B0077,271.76,2026-07-19T17:30:37+00:00
CCH-002595,ACCT-000186,B0077,313.87,2026-07-19T17:30:37+00:00
CCH-002596,ACCT-000101,B0077,429.82,2026-07-19T17:30:37+00:00
CCH-002597,ACCT-000050,B0077,690.08,2026-07-19T17:30:37+00:00
CCH-002598,ACCT-000136,B0077,395.71,2026-07-19T17:30:37+00:00
CCH-002599,ACCT-000298,B0077,26.16,2026-07-19T17:30:37+00:00
CCH-002600,ACCT-000211,B0077,459.4,2026-07-19T17:30:37+00:00
CCH-002601,ACCT-000026,B0077,201.19,2026-07-19T17:30:37+00:00
CCH-002602,ACCT-000274,B0077,212.85,2026-07-19T17:30:37+00:00
CCH-002603,ACCT-000290,B0077,437.34,2026-07-19T17:30:37+00:00
CCH-002604,ACCT-000313,B0077,675.06,2026-07-19T17:30:37+00:00
CCH-002605,ACCT-000289,B0077,935.05,2026-07-19T17:30:37+00:00
CCH-002606,ACCT-000244,B0077,71.48,2026-07-19T17:30:37+00:00
CCH-002607,ACCT-000093,B0077,625.0,2026-07-19T17:30:37+00:00
CCH-002608,ACCT-000223,B0077,20.11,2026-07-19T17:30:37+00:00
CCH-002609,ACCT-000153,B0077,953.92,2026-07-19T17:30:37+00:00
CCH-002610,ACCT-000141,B0077,627.85,2026-07-19T17:30:37+00:00
CCH-002611,ACCT-000345,B0077,462.03,2026-07-19T17:30:37+00:00
CCH-002612,ACCT-000346,B0077,1453.56,2026-07-19T17:30:37+00:00
CCH-002613,ACCT-000347,B0077,706.07,2026-07-19T17:30:37+00:00
CCH-002614,ACCT-000319,B0078,966.38,2026-07-19T18:29:47+00:00
CCH-002615,ACCT-000086,B0078,257.3,2026-07-19T18:29:47+00:00
CCH-002616,ACCT-000151,B0078,539.61,2026-07-19T18:29:47+00:00
CCH-002617,ACCT-000092,B0078,33.96,2026-07-19T18:29:47+00:00
CCH-002618,ACCT-000172,B0078,402.75,2026-07-19T18:29:47+00:00
CCH-002619,ACCT-000078,B0078,784.76,2026-07-19T18:29:47+00:00
CCH-002620,ACCT-000327,B0078,1175.81,2026-07-19T18:29:47+00:00
CCH-002621,ACCT-000020,B0078,263.57,2026-07-19T18:29:47+00:00
CCH-002622,ACCT-000003,B0078,440.27,2026-07-19T18:29:47+00:00
CCH-002623,ACCT-000070,B0078,381.66,2026-07-19T18:29:47+00:00
CCH-002624,ACCT-000109,B0078,474.94,2026-07-19T18:29:47+00:00
CCH-002625,ACCT-000087,B0078,244.38,2026-07-19T18:29:47+00:00
CCH-002626,ACCT-000031,B0078,220.33,2026-07-19T18:29:47+00:00
CCH-002627,ACCT-000224,B0078,551.09,2026-07-19T18:29:47+00:00
CCH-002628,ACCT-000200,B0078,400.97,2026-07-19T18:29:47+00:00
CCH-002629,ACCT-000201,B0078,720.38,2026-07-19T18:29:47+00:00
CCH-002630,ACCT-000280,B0078,383.28,2026-07-19T18:29:47+00:00
CCH-002631,ACCT-000267,B0078,300.89,2026-07-19T18:29:47+00:00
CCH-002632,ACCT-000098,B0078,383.13,2026-07-19T18:29:47+00:00
CCH-002633,ACCT-000121,B0078,717.45,2026-07-19T18:29:47+00:00
CCH-002634,ACCT-000034,B0078,333.28,2026-07-19T18:29:47+00:00
CCH-002635,ACCT-000301,B0078,927.93,2026-07-19T18:29:47+00:00
CCH-002636,ACCT-000132,B0078,392.7,2026-07-19T18:29:47+00:00
CCH-002637,ACCT-000125,B0078,282.86,2026-07-19T18:29:47+00:00
CCH-002638,ACCT-000111,B0078,316.47,2026-07-19T18:29:47+00:00
CCH-002639,ACCT-000245,B0078,1135.18,2026-07-19T18:29:47+00:00
CCH-002640,ACCT-000266,B0078,670.57,2026-07-19T18:29:47+00:00
CCH-002641,ACCT-000240,B0078,114.28,2026-07-19T18:29:47+00:00
CCH-002642,ACCT-000314,B0078,137.6,2026-07-19T18:29:47+00:00
CCH-002643,ACCT-000167,B0078,102.12,2026-07-19T18:29:47+00:00
CCH-002644,ACCT-000062,B0078,1120.85,2026-07-19T18:29:47+00:00
CCH-002645,ACCT-000196,B0078,766.6,2026-07-19T18:29:47+00:00
CCH-002646,ACCT-000179,B0078,606.46,2026-07-19T18:29:47+00:00
CCH-002647,ACCT-000348,B0078,372.47,2026-07-19T18:29:47+00:00
CCH-002648,ACCT-000349,B0078,694.13,2026-07-19T18:29:47+00:00
CCH-002649,ACCT-000350,B0078,488.5,2026-07-19T18:29:47+00:00
CCH-002650,ACCT-000351,B0078,716.58,2026-07-19T18:29:47+00:00
CCH-002651,ACCT-000230,B0079,541.79,2026-07-19T19:42:08+00:00
CCH-002652,ACCT-000184,B0079,712.53,2026-07-19T19:42:08+00:00
CCH-002653,ACCT-000347,B0079,719.26,2026-07-19T19:42:08+00:00
CCH-002654,ACCT-000061,B0079,508.74,2026-07-19T19:42:08+00:00
CCH-002655,ACCT-000019,B0079,209.92,2026-07-19T19:42:08+00:00
CCH-002656,ACCT-000234,B0079,414.06,2026-07-19T19:42:08+00:00
CCH-002657,ACCT-000050,B0079,913.18,2026-07-19T19:42:08+00:00
CCH-002658,ACCT-000248,B0079,122.66,2026-07-19T19:42:08+00:00
CCH-002659,ACCT-000216,B0079,112.45,2026-07-19T19:42:08+00:00
CCH-002660,ACCT-000198,B0079,863.08,2026-07-19T19:42:08+00:00
CCH-002661,ACCT-000255,B0079,282.9,2026-07-19T19:42:08+00:00
CCH-002662,ACCT-000009,B0079,48.49,2026-07-19T19:42:08+00:00
CCH-002663,ACCT-000231,B0079,396.61,2026-07-19T19:42:08+00:00
CCH-002664,ACCT-000099,B0079,307.13,2026-07-19T19:42:08+00:00
CCH-002665,ACCT-000325,B0079,301.12,2026-07-19T19:42:08+00:00
CCH-002666,ACCT-000279,B0079,607.54,2026-07-19T19:42:08+00:00
CCH-002667,ACCT-000226,B0079,392.04,2026-07-19T19:42:08+00:00
CCH-002668,ACCT-000238,B0079,665.97,2026-07-19T19:42:08+00:00
CCH-002669,ACCT-000196,B0079,423.92,2026-07-19T19:42:08+00:00
CCH-002670,ACCT-000217,B0079,662.44,2026-07-19T19:42:08+00:00
CCH-002671,ACCT-000272,B0079,926.25,2026-07-19T19:42:08+00:00
CCH-002672,ACCT-000018,B0079,934.3,2026-07-19T19:42:08+00:00
CCH-002673,ACCT-000183,B0079,762.41,2026-07-19T19:42:08+00:00
CCH-002674,ACCT-000117,B0079,497.4,2026-07-19T19:42:08+00:00
CCH-002675,ACCT-000284,B0079,167.59,2026-07-19T19:42:08+00:00
CCH-002676,ACCT-000098,B0079,951.33,2026-07-19T19:42:08+00:00
CCH-002677,ACCT-000280,B0079,337.04,2026-07-19T19:42:08+00:00
CCH-002678,ACCT-000068,B0079,343.2,2026-07-19T19:42:08+00:00
CCH-002679,ACCT-000247,B0079,387.32,2026-07-19T19:42:08+00:00
CCH-002680,ACCT-000311,B0079,556.29,2026-07-19T19:42:08+00:00
CCH-002681,ACCT-000052,B0079,285.53,2026-07-19T19:42:08+00:00
CCH-002682,ACCT-000314,B0079,514.01,2026-07-19T19:42:08+00:00
CCH-002683,ACCT-000318,B0079,496.22,2026-07-19T19:42:08+00:00
CCH-002684,ACCT-000352,B0079,398.92,2026-07-19T19:42:08+00:00
CCH-002685,ACCT-000353,B0079,291.58,2026-07-19T19:42:08+00:00
CCH-002686,ACCT-000328,B0080,710.22,2026-07-19T20:39:07+00:00
CCH-002687,ACCT-000193,B0080,549.25,2026-07-19T20:39:07+00:00
CCH-002688,ACCT-000154,B0080,540.33,2026-07-19T20:39:07+00:00
CCH-002689,ACCT-000266,B0080,506.28,2026-07-19T20:39:07+00:00
CCH-002690,ACCT-000239,B0080,123.43,2026-07-19T20:39:07+00:00
CCH-002691,ACCT-000120,B0080,450.57,2026-07-19T20:39:07+00:00
CCH-002692,ACCT-000286,B0080,926.74,2026-07-19T20:39:07+00:00
CCH-002693,ACCT-000350,B0080,263.78,2026-07-19T20:39:07+00:00
CCH-002694,ACCT-000274,B0080,340.6,2026-07-19T20:39:07+00:00
CCH-002695,ACCT-000083,B0080,232.07,2026-07-19T20:39:07+00:00
CCH-002696,ACCT-000090,B0080,577.83,2026-07-19T20:39:07+00:00
CCH-002697,ACCT-000113,B0080,654.38,2026-07-19T20:39:07+00:00
CCH-002698,ACCT-000279,B0080,854.15,2026-07-19T20:39:07+00:00
CCH-002699,ACCT-000028,B0080,243.53,2026-07-19T20:39:07+00:00
CCH-002700,ACCT-000102,B0080,322.23,2026-07-19T20:39:07+00:00
CCH-002701,ACCT-000207,B0080,1077.67,2026-07-19T20:39:07+00:00
CCH-002702,ACCT-000316,B0080,765.71,2026-07-19T20:39:07+00:00
CCH-002703,ACCT-000321,B0080,600.39,2026-07-19T20:39:07+00:00
CCH-002704,ACCT-000085,B0080,310.11,2026-07-19T20:39:07+00:00
CCH-002705,ACCT-000345,B0080,488.07,2026-07-19T20:39:07+00:00
CCH-002706,ACCT-000217,B0080,368.17,2026-07-19T20:39:07+00:00
CCH-002707,ACCT-000219,B0080,449.64,2026-07-19T20:39:07+00:00
CCH-002708,ACCT-000109,B0080,511.58,2026-07-19T20:39:07+00:00
CCH-002709,ACCT-000153,B0080,591.51,2026-07-19T20:39:07+00:00
CCH-002710,ACCT-000176,B0080,706.15,2026-07-19T20:39:07+00:00
CCH-002711,ACCT-000249,B0080,485.77,2026-07-19T20:39:07+00:00
CCH-002712,ACCT-000253,B0080,770.25,2026-07-19T20:39:07+00:00
CCH-002713,ACCT-000324,B0080,295.65,2026-07-19T20:39:07+00:00
CCH-002714,ACCT-000067,B0080,18.56,2026-07-19T20:39:07+00:00
CCH-002715,ACCT-000013,B0080,550.59,2026-07-19T20:39:07+00:00
CCH-002716,ACCT-000149,B0080,103.61,2026-07-19T20:39:07+00:00
CCH-002717,ACCT-000354,B0080,190.15,2026-07-19T20:39:07+00:00
CCH-002718,ACCT-000355,B0080,1160.99,2026-07-19T20:39:07+00:00
CCH-002719,ACCT-000356,B0080,1004.02,2026-07-19T20:39:07+00:00
CCH-002720,ACCT-000357,B0080,390.05,2026-07-19T20:39:07+00:00
CCH-002721,ACCT-000139,B0081,883.9,2026-07-19T21:43:13+00:00
CCH-002722,ACCT-000340,B0081,507.15,2026-07-19T21:43:13+00:00
CCH-002723,ACCT-000294,B0081,876.57,2026-07-19T21:43:13+00:00
CCH-002724,ACCT-000300,B0081,914.91,2026-07-19T21:43:13+00:00
CCH-002725,ACCT-000141,B0081,934.32,2026-07-19T21:43:13+00:00
CCH-002726,ACCT-000112,B0081,451.57,2026-07-19T21:43:13+00:00
CCH-002727,ACCT-000151,B0081,1259.39,2026-07-19T21:43:13+00:00
CCH-002728,ACCT-000167,B0081,814.87,2026-07-19T21:43:13+00:00
CCH-002729,ACCT-000025,B0081,356.41,2026-07-19T21:43:13+00:00
CCH-002730,ACCT-000134,B0081,244.62,2026-07-19T21:43:13+00:00
CCH-002731,ACCT-000003,B0081,812.57,2026-07-19T21:43:13+00:00
CCH-002732,ACCT-000275,B0081,460.61,2026-07-19T21:43:13+00:00
CCH-002733,ACCT-000240,B0081,612.67,2026-07-19T21:43:13+00:00
CCH-002734,ACCT-000247,B0081,644.11,2026-07-19T21:43:13+00:00
CCH-002735,ACCT-000102,B0081,332.14,2026-07-19T21:43:13+00:00
CCH-002736,ACCT-000228,B0081,126.49,2026-07-19T21:43:13+00:00
CCH-002737,ACCT-000199,B0081,1096.28,2026-07-19T21:43:13+00:00
CCH-002738,ACCT-000331,B0081,162.77,2026-07-19T21:43:13+00:00
CCH-002739,ACCT-000090,B0081,361.0,2026-07-19T21:43:13+00:00
CCH-002740,ACCT-000073,B0081,762.74,2026-07-19T21:43:13+00:00
CCH-002741,ACCT-000353,B0081,595.51,2026-07-19T21:43:13+00:00
CCH-002742,ACCT-000253,B0081,929.77,2026-07-19T21:43:13+00:00
CCH-002743,ACCT-000097,B0081,742.82,2026-07-19T21:43:13+00:00
CCH-002744,ACCT-000263,B0081,325.7,2026-07-19T21:43:13+00:00
CCH-002745,ACCT-000334,B0081,536.83,2026-07-19T21:43:13+00:00
CCH-002746,ACCT-000298,B0081,198.67,2026-07-19T21:43:13+00:00
CCH-002747,ACCT-000070,B0081,1209.35,2026-07-19T21:43:13+00:00
CCH-002748,ACCT-000315,B0081,428.9,2026-07-19T21:43:13+00:00
CCH-002749,ACCT-000266,B0081,265.99,2026-07-19T21:43:13+00:00
CCH-002750,ACCT-000358,B0081,576.21,2026-07-19T21:43:13+00:00
CCH-002751,ACCT-000359,B0081,337.25,2026-07-19T21:43:13+00:00
CCH-002752,ACCT-000360,B0081,143.65,2026-07-19T21:43:13+00:00
CCH-002753,ACCT-000361,B0081,932.99,2026-07-19T21:43:13+00:00
CCH-002754,ACCT-000139,B0082,1102.43,2026-07-19T22:42:47+00:00
CCH-002755,ACCT-000252,B0082,767.29,2026-07-19T22:42:47+00:00
CCH-002756,ACCT-000120,B0082,814.62,2026-07-19T22:42:47+00:00
CCH-002757,ACCT-000118,B0082,576.09,2026-07-19T22:42:47+00:00
CCH-002758,ACCT-000082,B0082,508.65,2026-07-19T22:42:47+00:00
CCH-002759,ACCT-000028,B0082,778.49,2026-07-19T22:42:47+00:00
CCH-002760,ACCT-000286,B0082,738.61,2026-07-19T22:42:47+00:00
CCH-002761,ACCT-000211,B0082,589.87,2026-07-19T22:42:47+00:00
CCH-002762,ACCT-000355,B0082,772.38,2026-07-19T22:42:47+00:00
CCH-002763,ACCT-000078,B0082,724.45,2026-07-19T22:42:47+00:00
CCH-002764,ACCT-000196,B0082,634.74,2026-07-19T22:42:47+00:00
CCH-002765,ACCT-000091,B0082,1180.91,2026-07-19T22:42:47+00:00
CCH-002766,ACCT-000181,B0082,513.35,2026-07-19T22:42:47+00:00
CCH-002767,ACCT-000175,B0082,362.16,2026-07-19T22:42:47+00:00
CCH-002768,ACCT-000121,B0082,991.49,2026-07-19T22:42:47+00:00
CCH-002769,ACCT-000339,B0082,318.99,2026-07-19T22:42:47+00:00
CCH-002770,ACCT-000143,B0082,638.66,2026-07-19T22:42:47+00:00
CCH-002771,ACCT-000202,B0082,515.92,2026-07-19T22:42:47+00:00
CCH-002772,ACCT-000122,B0082,107.85,2026-07-19T22:42:47+00:00
CCH-002773,ACCT-000094,B0082,444.69,2026-07-19T22:42:47+00:00
CCH-002774,ACCT-000225,B0082,670.48,2026-07-19T22:42:47+00:00
CCH-002775,ACCT-000253,B0082,80.26,2026-07-19T22:42:47+00:00
CCH-002776,ACCT-000067,B0082,342.01,2026-07-19T22:42:47+00:00
CCH-002777,ACCT-000169,B0082,841.31,2026-07-19T22:42:47+00:00
CCH-002778,ACCT-000342,B0082,631.35,2026-07-19T22:42:47+00:00
CCH-002779,ACCT-000362,B0082,520.41,2026-07-19T22:42:47+00:00
CCH-002780,ACCT-000363,B0082,1062.48,2026-07-19T22:42:47+00:00
CCH-002781,ACCT-000364,B0082,409.03,2026-07-19T22:42:47+00:00
CCH-002782,ACCT-000020,B0083,806.09,2026-07-19T23:50:51+00:00
CCH-002783,ACCT-000244,B0083,1021.63,2026-07-19T23:50:51+00:00
CCH-002784,ACCT-000355,B0083,789.37,2026-07-19T23:50:51+00:00
CCH-002785,ACCT-000265,B0083,419.6,2026-07-19T23:50:51+00:00
CCH-002786,ACCT-000117,B0083,378.43,2026-07-19T23:50:51+00:00
CCH-002787,ACCT-000237,B0083,434.18,2026-07-19T23:50:51+00:00
CCH-002788,ACCT-000081,B0083,545.3,2026-07-19T23:50:51+00:00
CCH-002789,ACCT-000033,B0083,211.97,2026-07-19T23:50:51+00:00
CCH-002790,ACCT-000217,B0083,265.7,2026-07-19T23:50:51+00:00
CCH-002791,ACCT-000295,B0083,716.65,2026-07-19T23:50:51+00:00
CCH-002792,ACCT-000125,B0083,424.01,2026-07-19T23:50:51+00:00
CCH-002793,ACCT-000332,B0083,899.02,2026-07-19T23:50:51+00:00
CCH-002794,ACCT-000106,B0083,359.42,2026-07-19T23:50:51+00:00
CCH-002795,ACCT-000162,B0083,301.16,2026-07-19T23:50:51+00:00
CCH-002796,ACCT-000096,B0083,604.55,2026-07-19T23:50:51+00:00
CCH-002797,ACCT-000293,B0083,945.15,2026-07-19T23:50:51+00:00
CCH-002798,ACCT-000226,B0083,1025.26,2026-07-19T23:50:51+00:00
CCH-002799,ACCT-000039,B0083,802.1,2026-07-19T23:50:51+00:00
CCH-002800,ACCT-000071,B0083,851.81,2026-07-19T23:50:51+00:00
CCH-002801,ACCT-000159,B0083,250.92,2026-07-19T23:50:51+00:00
CCH-002802,ACCT-000342,B0083,533.9,2026-07-19T23:50:51+00:00
CCH-002803,ACCT-000232,B0083,556.22,2026-07-19T23:50:51+00:00
CCH-002804,ACCT-000207,B0083,535.42,2026-07-19T23:50:51+00:00
CCH-002805,ACCT-000266,B0083,795.16,2026-07-19T23:50:51+00:00
CCH-002806,ACCT-000356,B0083,180.46,2026-07-19T23:50:51+00:00
CCH-002807,ACCT-000053,B0083,822.39,2026-07-19T23:50:51+00:00
CCH-002808,ACCT-000143,B0083,740.2,2026-07-19T23:50:51+00:00
CCH-002809,ACCT-000259,B0083,431.64,2026-07-19T23:50:51+00:00
CCH-002810,ACCT-000273,B0083,459.52,2026-07-19T23:50:51+00:00
CCH-002811,ACCT-000060,B0083,334.98,2026-07-19T23:50:51+00:00
CCH-002812,ACCT-000343,B0083,978.05,2026-07-19T23:50:51+00:00
CCH-002813,ACCT-000365,B0083,116.26,2026-07-19T23:50:51+00:00
CCH-002814,ACCT-000366,B0083,168.6,2026-07-19T23:50:51+00:00
CCH-002815,ACCT-000367,B0083,499.84,2026-07-19T23:50:51+00:00
CCH-002816,ACCT-000368,B0083,538.72,2026-07-19T23:50:51+00:00
CCH-002817,ACCT-000044,B0084,187.33,2026-07-20T02:13:30+00:00
CCH-002818,ACCT-000272,B0084,409.9,2026-07-20T02:13:30+00:00
CCH-002819,ACCT-000179,B0084,206.65,2026-07-20T02:13:30+00:00
CCH-002820,ACCT-000289,B0084,350.38,2026-07-20T02:13:30+00:00
CCH-002821,ACCT-000304,B0084,333.75,2026-07-20T02:13:30+00:00
CCH-002822,ACCT-000314,B0084,1209.17,2026-07-20T02:13:30+00:00
CCH-002823,ACCT-000199,B0084,315.76,2026-07-20T02:13:30+00:00
CCH-002824,ACCT-000022,B0084,62.33,2026-07-20T02:13:30+00:00
CCH-002825,ACCT-000049,B0084,828.72,2026-07-20T02:13:30+00:00
CCH-002826,ACCT-000129,B0084,233.88,2026-07-20T02:13:30+00:00
CCH-002827,ACCT-000252,B0084,732.0,2026-07-20T02:13:30+00:00
CCH-002828,ACCT-000055,B0084,477.27,2026-07-20T02:13:30+00:00
CCH-002829,ACCT-000368,B0084,67.67,2026-07-20T02:13:30+00:00
CCH-002830,ACCT-000324,B0084,232.31,2026-07-20T02:13:30+00:00
CCH-002831,ACCT-000257,B0084,388.74,2026-07-20T02:13:30+00:00
CCH-002832,ACCT-000317,B0084,765.98,2026-07-20T02:13:30+00:00
CCH-002833,ACCT-000157,B0084,282.97,2026-07-20T02:13:30+00:00
CCH-002834,ACCT-000251,B0084,672.53,2026-07-20T02:13:30+00:00
CCH-002835,ACCT-000217,B0084,1158.18,2026-07-20T02:13:30+00:00
CCH-002836,ACCT-000256,B0084,298.13,2026-07-20T02:13:30+00:00
CCH-002837,ACCT-000198,B0084,206.42,2026-07-20T02:13:30+00:00
CCH-002838,ACCT-000238,B0084,861.31,2026-07-20T02:13:30+00:00
CCH-002839,ACCT-000351,B0084,1042.02,2026-07-20T02:13:30+00:00
CCH-002840,ACCT-000321,B0084,244.13,2026-07-20T02:13:30+00:00
CCH-002841,ACCT-000048,B0084,370.18,2026-07-20T02:13:30+00:00
CCH-002842,ACCT-000353,B0084,334.9,2026-07-20T02:13:30+00:00
CCH-002843,ACCT-000151,B0084,235.44,2026-07-20T02:13:30+00:00
CCH-002844,ACCT-000104,B0084,142.59,2026-07-20T02:13:30+00:00
CCH-002845,ACCT-000369,B0084,697.57,2026-07-20T02:13:30+00:00
CCH-002846,ACCT-000370,B0084,392.21,2026-07-20T02:13:30+00:00
CCH-002847,ACCT-000248,B0085,506.67,2026-07-20T05:52:38+00:00
CCH-002848,ACCT-000358,B0085,256.22,2026-07-20T05:52:38+00:00
CCH-002849,ACCT-000346,B0085,628.24,2026-07-20T05:52:38+00:00
CCH-002850,ACCT-000252,B0085,540.96,2026-07-20T05:52:38+00:00
CCH-002851,ACCT-000345,B0085,352.78,2026-07-20T05:52:38+00:00
CCH-002852,ACCT-000274,B0085,1010.44,2026-07-20T05:52:38+00:00
CCH-002853,ACCT-000044,B0085,406.76,2026-07-20T05:52:38+00:00
CCH-002854,ACCT-000084,B0085,97.2,2026-07-20T05:52:38+00:00
CCH-002855,ACCT-000247,B0085,623.98,2026-07-20T05:52:38+00:00
CCH-002856,ACCT-000019,B0085,437.76,2026-07-20T05:52:38+00:00
CCH-002857,ACCT-000048,B0085,69.5,2026-07-20T05:52:38+00:00
CCH-002858,ACCT-000306,B0085,996.09,2026-07-20T05:52:38+00:00
CCH-002859,ACCT-000203,B0085,24.88,2026-07-20T05:52:38+00:00
CCH-002860,ACCT-000083,B0085,442.82,2026-07-20T05:52:38+00:00
CCH-002861,ACCT-000223,B0085,326.83,2026-07-20T05:52:38+00:00
CCH-002862,ACCT-000095,B0085,879.32,2026-07-20T05:52:38+00:00
CCH-002863,ACCT-000287,B0085,1063.32,2026-07-20T05:52:38+00:00
CCH-002864,ACCT-000154,B0085,307.64,2026-07-20T05:52:38+00:00
CCH-002865,ACCT-000341,B0085,690.77,2026-07-20T05:52:38+00:00
CCH-002866,ACCT-000323,B0085,780.25,2026-07-20T05:52:38+00:00
CCH-002867,ACCT-000330,B0085,891.41,2026-07-20T05:52:38+00:00
CCH-002868,ACCT-000152,B0085,386.49,2026-07-20T05:52:38+00:00
CCH-002869,ACCT-000009,B0085,175.99,2026-07-20T05:52:38+00:00
CCH-002870,ACCT-000008,B0085,46.81,2026-07-20T05:52:38+00:00
CCH-002871,ACCT-000080,B0085,354.32,2026-07-20T05:52:38+00:00
CCH-002872,ACCT-000023,B0085,214.76,2026-07-20T05:52:38+00:00
CCH-002873,ACCT-000258,B0085,480.29,2026-07-20T05:52:38+00:00
CCH-002874,ACCT-000132,B0085,775.54,2026-07-20T05:52:38+00:00
CCH-002875,ACCT-000101,B0085,634.02,2026-07-20T05:52:38+00:00
CCH-002876,ACCT-000112,B0085,679.28,2026-07-20T05:52:38+00:00
CCH-002877,ACCT-000020,B0085,754.03,2026-07-20T05:52:38+00:00
CCH-002878,ACCT-000165,B0085,394.3,2026-07-20T05:52:38+00:00
CCH-002879,ACCT-000305,B0085,685.28,2026-07-20T05:52:38+00:00
CCH-002880,ACCT-000222,B0085,709.77,2026-07-20T05:52:38+00:00
CCH-002881,ACCT-000322,B0085,876.99,2026-07-20T05:52:38+00:00
CCH-002882,ACCT-000371,B0085,879.83,2026-07-20T05:52:38+00:00
CCH-002883,ACCT-000372,B0085,583.07,2026-07-20T05:52:38+00:00
CCH-002884,ACCT-000373,B0085,887.45,2026-07-20T05:52:38+00:00
CCH-002885,ACCT-000010,B0086,362.94,2026-07-20T08:43:59+00:00
CCH-002886,ACCT-000275,B0086,784.59,2026-07-20T08:43:59+00:00
CCH-002887,ACCT-000157,B0086,447.2,2026-07-20T08:43:59+00:00
CCH-002888,ACCT-000222,B0086,402.69,2026-07-20T08:43:59+00:00
CCH-002889,ACCT-000047,B0086,336.54,2026-07-20T08:43:59+00:00
CCH-002890,ACCT-000053,B0086,494.86,2026-07-20T08:43:59+00:00
CCH-002891,ACCT-000202,B0086,504.58,2026-07-20T08:43:59+00:00
CCH-002892,ACCT-000207,B0086,504.25,2026-07-20T08:43:59+00:00
CCH-002893,ACCT-000070,B0086,270.04,2026-07-20T08:43:59+00:00
CCH-002894,ACCT-000109,B0086,468.22,2026-07-20T08:43:59+00:00
CCH-002895,ACCT-000051,B0086,169.96,2026-07-20T08:43:59+00:00
CCH-002896,ACCT-000092,B0086,1049.62,2026-07-20T08:43:59+00:00
CCH-002897,ACCT-000261,B0086,504.37,2026-07-20T08:43:59+00:00
CCH-002898,ACCT-000300,B0086,344.23,2026-07-20T08:43:59+00:00
CCH-002899,ACCT-000176,B0086,149.03,2026-07-20T08:43:59+00:00
CCH-002900,ACCT-000188,B0086,746.93,2026-07-20T08:43:59+00:00
CCH-002901,ACCT-000165,B0086,625.85,2026-07-20T08:43:59+00:00
CCH-002902,ACCT-000080,B0086,372.25,2026-07-20T08:43:59+00:00
CCH-002903,ACCT-000086,B0086,231.82,2026-07-20T08:43:59+00:00
CCH-002904,ACCT-000152,B0086,103.44,2026-07-20T08:43:59+00:00
CCH-002905,ACCT-000108,B0086,356.8,2026-07-20T08:43:59+00:00
CCH-002906,ACCT-000311,B0086,705.06,2026-07-20T08:43:59+00:00
CCH-002907,ACCT-000159,B0086,132.81,2026-07-20T08:43:59+00:00
CCH-002908,ACCT-000111,B0086,284.12,2026-07-20T08:43:59+00:00
CCH-002909,ACCT-000011,B0086,330.13,2026-07-20T08:43:59+00:00
CCH-002910,ACCT-000028,B0086,373.88,2026-07-20T08:43:59+00:00
CCH-002911,ACCT-000374,B0086,306.54,2026-07-20T08:43:59+00:00
CCH-002912,ACCT-000375,B0086,680.97,2026-07-20T08:43:59+00:00
CCH-002913,ACCT-000376,B0086,721.22,2026-07-20T08:43:59+00:00
CCH-002914,ACCT-000189,B0087,482.52,2026-07-20T11:38:03+00:00
CCH-002915,ACCT-000177,B0087,867.5,2026-07-20T11:38:03+00:00
CCH-002916,ACCT-000364,B0087,636.46,2026-07-20T11:38:03+00:00
CCH-002917,ACCT-000106,B0087,821.0,2026-07-20T11:38:03+00:00
CCH-002918,ACCT-000088,B0087,510.03,2026-07-20T11:38:03+00:00
CCH-002919,ACCT-000023,B0087,333.66,2026-07-20T11:38:03+00:00
CCH-002920,ACCT-000367,B0087,1151.62,2026-07-20T11:38:03+00:00
CCH-002921,ACCT-000195,B0087,824.55,2026-07-20T11:38:03+00:00
CCH-002922,ACCT-000049,B0087,549.13,2026-07-20T11:38:03+00:00
CCH-002923,ACCT-000300,B0087,952.97,2026-07-20T11:38:03+00:00
CCH-002924,ACCT-000021,B0087,601.61,2026-07-20T11:38:03+00:00
CCH-002925,ACCT-000136,B0087,211.39,2026-07-20T11:38:03+00:00
CCH-002926,ACCT-000071,B0087,155.82,2026-07-20T11:38:03+00:00
CCH-002927,ACCT-000208,B0087,921.69,2026-07-20T11:38:03+00:00
CCH-002928,ACCT-000039,B0087,311.07,2026-07-20T11:38:03+00:00
CCH-002929,ACCT-000307,B0087,757.31,2026-07-20T11:38:03+00:00
CCH-002930,ACCT-000224,B0087,502.39,2026-07-20T11:38:03+00:00
CCH-002931,ACCT-000284,B0087,647.1,2026-07-20T11:38:03+00:00
CCH-002932,ACCT-000265,B0087,604.33,2026-07-20T11:38:03+00:00
CCH-002933,ACCT-000244,B0087,499.56,2026-07-20T11:38:03+00:00
CCH-002934,ACCT-000040,B0087,892.95,2026-07-20T11:38:03+00:00
CCH-002935,ACCT-000215,B0087,358.03,2026-07-20T11:38:03+00:00
CCH-002936,ACCT-000055,B0087,750.5,2026-07-20T11:38:03+00:00
CCH-002937,ACCT-000128,B0087,395.87,2026-07-20T11:38:03+00:00
CCH-002938,ACCT-000345,B0087,173.41,2026-07-20T11:38:03+00:00
CCH-002939,ACCT-000206,B0087,336.19,2026-07-20T11:38:03+00:00
CCH-002940,ACCT-000139,B0087,28.61,2026-07-20T11:38:03+00:00
CCH-002941,ACCT-000102,B0087,770.25,2026-07-20T11:38:03+00:00
CCH-002942,ACCT-000257,B0087,218.97,2026-07-20T11:38:03+00:00
CCH-002943,ACCT-000187,B0087,640.82,2026-07-20T11:38:03+00:00
CCH-002944,ACCT-000236,B0087,1031.83,2026-07-20T11:38:03+00:00
CCH-002945,ACCT-000377,B0087,727.58,2026-07-20T11:38:03+00:00
CCH-002946,ACCT-000378,B0087,144.99,2026-07-20T11:38:03+00:00
CCH-002947,ACCT-000379,B0087,998.06,2026-07-20T11:38:03+00:00
CCH-002948,ACCT-000342,B0088,137.37,2026-07-20T13:51:08+00:00
CCH-002949,ACCT-000023,B0088,125.67,2026-07-20T13:51:08+00:00
CCH-002950,ACCT-000104,B0088,371.65,2026-07-20T13:51:08+00:00
CCH-002951,ACCT-000306,B0088,879.26,2026-07-20T13:51:08+00:00
CCH-002952,ACCT-000230,B0088,251.36,2026-07-20T13:51:08+00:00
CCH-002953,ACCT-000136,B0088,685.19,2026-07-20T13:51:08+00:00
CCH-002954,ACCT-000139,B0088,112.48,2026-07-20T13:51:08+00:00
CCH-002955,ACCT-000249,B0088,224.05,2026-07-20T13:51:08+00:00
CCH-002956,ACCT-000367,B0088,416.61,2026-07-20T13:51:08+00:00
CCH-002957,ACCT-000325,B0088,715.44,2026-07-20T13:51:08+00:00
CCH-002958,ACCT-000100,B0088,1125.25,2026-07-20T13:51:08+00:00
CCH-002959,ACCT-000351,B0088,128.65,2026-07-20T13:51:08+00:00
CCH-002960,ACCT-000376,B0088,872.41,2026-07-20T13:51:08+00:00
CCH-002961,ACCT-000361,B0088,653.43,2026-07-20T13:51:08+00:00
CCH-002962,ACCT-000179,B0088,426.35,2026-07-20T13:51:08+00:00
CCH-002963,ACCT-000357,B0088,277.65,2026-07-20T13:51:08+00:00
CCH-002964,ACCT-000267,B0088,354.81,2026-07-20T13:51:08+00:00
CCH-002965,ACCT-000315,B0088,148.91,2026-07-20T13:51:08+00:00
CCH-002966,ACCT-000229,B0088,474.45,2026-07-20T13:51:08+00:00
CCH-002967,ACCT-000013,B0088,447.98,2026-07-20T13:51:08+00:00
CCH-002968,ACCT-000057,B0088,551.87,2026-07-20T13:51:08+00:00
CCH-002969,ACCT-000045,B0088,875.91,2026-07-20T13:51:08+00:00
CCH-002970,ACCT-000180,B0088,514.51,2026-07-20T13:51:08+00:00
CCH-002971,ACCT-000010,B0088,349.68,2026-07-20T13:51:08+00:00
CCH-002972,ACCT-000156,B0088,415.12,2026-07-20T13:51:08+00:00
CCH-002973,ACCT-000061,B0088,512.26,2026-07-20T13:51:08+00:00
CCH-002974,ACCT-000141,B0088,471.74,2026-07-20T13:51:08+00:00
CCH-002975,ACCT-000157,B0088,39.51,2026-07-20T13:51:08+00:00
CCH-002976,ACCT-000207,B0088,315.5,2026-07-20T13:51:08+00:00
CCH-002977,ACCT-000160,B0088,346.7,2026-07-20T13:51:08+00:00
CCH-002978,ACCT-000187,B0088,235.96,2026-07-20T13:51:08+00:00
CCH-002979,ACCT-000303,B0088,276.39,2026-07-20T13:51:08+00:00
CCH-002980,ACCT-000380,B0088,187.65,2026-07-20T13:51:08+00:00
CCH-002981,ACCT-000381,B0088,147.98,2026-07-20T13:51:08+00:00
CCH-002982,ACCT-000382,B0088,1126.68,2026-07-20T13:51:08+00:00
CCH-002983,ACCT-000383,B0088,813.53,2026-07-20T13:51:08+00:00
CCH-002984,ACCT-000183,B0089,454.12,2026-07-20T15:46:17+00:00
CCH-002985,ACCT-000214,B0089,356.34,2026-07-20T15:46:17+00:00
CCH-002986,ACCT-000099,B0089,67.49,2026-07-20T15:46:17+00:00
CCH-002987,ACCT-000363,B0089,698.54,2026-07-20T15:46:17+00:00
CCH-002988,ACCT-000177,B0089,978.59,2026-07-20T15:46:17+00:00
CCH-002989,ACCT-000150,B0089,211.17,2026-07-20T15:46:17+00:00
CCH-002990,ACCT-000010,B0089,71.85,2026-07-20T15:46:17+00:00
CCH-002991,ACCT-000182,B0089,1146.92,2026-07-20T15:46:17+00:00
CCH-002992,ACCT-000229,B0089,177.47,2026-07-20T15:46:17+00:00
CCH-002993,ACCT-000073,B0089,479.17,2026-07-20T15:46:17+00:00
CCH-002994,ACCT-000359,B0089,181.02,2026-07-20T15:46:17+00:00
CCH-002995,ACCT-000097,B0089,192.95,2026-07-20T15:46:17+00:00
CCH-002996,ACCT-000145,B0089,496.11,2026-07-20T15:46:17+00:00
CCH-002997,ACCT-000323,B0089,71.39,2026-07-20T15:46:17+00:00
CCH-002998,ACCT-000088,B0089,449.18,2026-07-20T15:46:17+00:00
CCH-002999,ACCT-000220,B0089,315.65,2026-07-20T15:46:17+00:00
CCH-003000,ACCT-000348,B0089,98.83,2026-07-20T15:46:17+00:00
CCH-003001,ACCT-000049,B0089,541.2,2026-07-20T15:46:17+00:00
CCH-003002,ACCT-000259,B0089,558.51,2026-07-20T15:46:17+00:00
CCH-003003,ACCT-000248,B0089,113.82,2026-07-20T15:46:17+00:00
CCH-003004,ACCT-000115,B0089,354.09,2026-07-20T15:46:17+00:00
CCH-003005,ACCT-000318,B0089,600.52,2026-07-20T15:46:17+00:00
CCH-003006,ACCT-000187,B0089,460.38,2026-07-20T15:46:17+00:00
CCH-003007,ACCT-000143,B0089,360.76,2026-07-20T15:46:17+00:00
CCH-003008,ACCT-000037,B0089,183.0,2026-07-20T15:46:17+00:00
CCH-003009,ACCT-000224,B0089,868.19,2026-07-20T15:46:17+00:00
CCH-003010,ACCT-000017,B0089,295.83,2026-07-20T15:46:17+00:00
CCH-003011,ACCT-000287,B0089,270.13,2026-07-20T15:46:17+00:00
CCH-003012,ACCT-000242,B0089,834.02,2026-07-20T15:46:17+00:00
CCH-003013,ACCT-000272,B0089,1168.81,2026-07-20T15:46:17+00:00
CCH-003014,ACCT-000384,B0089,847.53,2026-07-20T15:46:17+00:00
CCH-003015,ACCT-000385,B0089,409.16,2026-07-20T15:46:17+00:00
CCH-003016,ACCT-000386,B0089,291.49,2026-07-20T15:46:17+00:00
CCH-003017,ACCT-000187,B0090,258.71,2026-07-20T17:26:24+00:00
CCH-003018,ACCT-000113,B0090,353.75,2026-07-20T17:26:24+00:00
CCH-003019,ACCT-000076,B0090,236.94,2026-07-20T17:26:24+00:00
CCH-003020,ACCT-000028,B0090,313.0,2026-07-20T17:26:24+00:00
CCH-003021,ACCT-000106,B0090,595.56,2026-07-20T17:26:24+00:00
CCH-003022,ACCT-000157,B0090,1041.49,2026-07-20T17:26:24+00:00
CCH-003023,ACCT-000342,B0090,274.48,2026-07-20T17:26:24+00:00
CCH-003024,ACCT-000037,B0090,798.37,2026-07-20T17:26:24+00:00
CCH-003025,ACCT-000193,B0090,736.3,2026-07-20T17:26:24+00:00
CCH-003026,ACCT-000313,B0090,213.51,2026-07-20T17:26:24+00:00
CCH-003027,ACCT-000141,B0090,1039.63,2026-07-20T17:26:24+00:00
CCH-003028,ACCT-000020,B0090,475.37,2026-07-20T17:26:24+00:00
CCH-003029,ACCT-000057,B0090,558.76,2026-07-20T17:26:24+00:00
CCH-003030,ACCT-000357,B0090,832.02,2026-07-20T17:26:24+00:00
CCH-003031,ACCT-000144,B0090,87.82,2026-07-20T17:26:24+00:00
CCH-003032,ACCT-000096,B0090,172.9,2026-07-20T17:26:24+00:00
CCH-003033,ACCT-000333,B0090,1181.93,2026-07-20T17:26:24+00:00
CCH-003034,ACCT-000283,B0090,891.56,2026-07-20T17:26:24+00:00
CCH-003035,ACCT-000124,B0090,391.02,2026-07-20T17:26:24+00:00
CCH-003036,ACCT-000221,B0090,867.0,2026-07-20T17:26:24+00:00
CCH-003037,ACCT-000347,B0090,335.33,2026-07-20T17:26:24+00:00
CCH-003038,ACCT-000374,B0090,446.61,2026-07-20T17:26:24+00:00
CCH-003039,ACCT-000185,B0090,744.51,2026-07-20T17:26:24+00:00
CCH-003040,ACCT-000292,B0090,827.99,2026-07-20T17:26:24+00:00
CCH-003041,ACCT-000158,B0090,331.71,2026-07-20T17:26:24+00:00
CCH-003042,ACCT-000326,B0090,378.93,2026-07-20T17:26:24+00:00
CCH-003043,ACCT-000308,B0090,66.99,2026-07-20T17:26:24+00:00
CCH-003044,ACCT-000029,B0090,247.86,2026-07-20T17:26:24+00:00
CCH-003045,ACCT-000387,B0090,380.76,2026-07-20T17:26:24+00:00
CCH-003046,ACCT-000388,B0090,323.19,2026-07-20T17:26:24+00:00
CCH-003047,ACCT-000203,B0091,76.69,2026-07-20T19:12:47+00:00
CCH-003048,ACCT-000387,B0091,663.22,2026-07-20T19:12:47+00:00
CCH-003049,ACCT-000131,B0091,1207.5,2026-07-20T19:12:47+00:00
CCH-003050,ACCT-000272,B0091,598.26,2026-07-20T19:12:47+00:00
CCH-003051,ACCT-000126,B0091,574.88,2026-07-20T19:12:47+00:00
CCH-003052,ACCT-000209,B0091,625.64,2026-07-20T19:12:47+00:00
CCH-003053,ACCT-000178,B0091,466.2,2026-07-20T19:12:47+00:00
CCH-003054,ACCT-000285,B0091,327.19,2026-07-20T19:12:47+00:00
CCH-003055,ACCT-000273,B0091,231.94,2026-07-20T19:12:47+00:00
CCH-003056,ACCT-000128,B0091,317.28,2026-07-20T19:12:47+00:00
CCH-003057,ACCT-000216,B0091,546.65,2026-07-20T19:12:47+00:00
CCH-003058,ACCT-000347,B0091,503.56,2026-07-20T19:12:47+00:00
CCH-003059,ACCT-000068,B0091,142.66,2026-07-20T19:12:47+00:00
CCH-003060,ACCT-000306,B0091,56.64,2026-07-20T19:12:47+00:00
CCH-003061,ACCT-000245,B0091,543.66,2026-07-20T19:12:47+00:00
CCH-003062,ACCT-000124,B0091,141.26,2026-07-20T19:12:47+00:00
CCH-003063,ACCT-000310,B0091,729.38,2026-07-20T19:12:47+00:00
CCH-003064,ACCT-000327,B0091,717.53,2026-07-20T19:12:47+00:00
CCH-003065,ACCT-000162,B0091,237.01,2026-07-20T19:12:47+00:00
CCH-003066,ACCT-000291,B0091,892.34,2026-07-20T19:12:47+00:00
CCH-003067,ACCT-000167,B0091,634.1,2026-07-20T19:12:47+00:00
CCH-003068,ACCT-000146,B0091,330.73,2026-07-20T19:12:47+00:00
CCH-003069,ACCT-000301,B0091,132.51,2026-07-20T19:12:47+00:00
CCH-003070,ACCT-000038,B0091,455.59,2026-07-20T19:12:47+00:00
CCH-003071,ACCT-000080,B0091,225.08,2026-07-20T19:12:47+00:00
CCH-003072,ACCT-000087,B0091,752.43,2026-07-20T19:12:47+00:00
CCH-003073,ACCT-000052,B0091,1058.5,2026-07-20T19:12:47+00:00
CCH-003074,ACCT-000230,B0091,298.17,2026-07-20T19:12:47+00:00
CCH-003075,ACCT-000366,B0091,168.53,2026-07-20T19:12:47+00:00
CCH-003076,ACCT-000158,B0091,793.14,2026-07-20T19:12:47+00:00
CCH-003077,ACCT-000305,B0091,619.23,2026-07-20T19:12:47+00:00
CCH-003078,ACCT-000170,B0091,364.26,2026-07-20T19:12:47+00:00
CCH-003079,ACCT-000247,B0091,199.84,2026-07-20T19:12:47+00:00
CCH-003080,ACCT-000389,B0091,338.29,2026-07-20T19:12:47+00:00
CCH-003081,ACCT-000390,B0091,255.27,2026-07-20T19:12:47+00:00
CCH-003082,ACCT-000316,B0092,292.64,2026-07-20T20:47:08+00:00
CCH-003083,ACCT-000198,B0092,1046.5,2026-07-20T20:47:08+00:00
CCH-003084,ACCT-000317,B0092,354.95,2026-07-20T20:47:08+00:00
CCH-003085,ACCT-000063,B0092,84.56,2026-07-20T20:47:08+00:00
CCH-003086,ACCT-000348,B0092,301.72,2026-07-20T20:47:08+00:00
CCH-003087,ACCT-000221,B0092,543.91,2026-07-20T20:47:08+00:00
CCH-003088,ACCT-000373,B0092,127.78,2026-07-20T20:47:08+00:00
CCH-003089,ACCT-000183,B0092,558.99,2026-07-20T20:47:08+00:00
CCH-003090,ACCT-000219,B0092,433.11,2026-07-20T20:47:08+00:00
CCH-003091,ACCT-000058,B0092,53.28,2026-07-20T20:47:08+00:00
CCH-003092,ACCT-000334,B0092,314.53,2026-07-20T20:47:08+00:00
CCH-003093,ACCT-000236,B0092,343.7,2026-07-20T20:47:08+00:00
CCH-003094,ACCT-000284,B0092,1095.88,2026-07-20T20:47:08+00:00
CCH-003095,ACCT-000380,B0092,361.63,2026-07-20T20:47:08+00:00
CCH-003096,ACCT-000387,B0092,151.83,2026-07-20T20:47:08+00:00
CCH-003097,ACCT-000383,B0092,1009.95,2026-07-20T20:47:08+00:00
CCH-003098,ACCT-000086,B0092,625.56,2026-07-20T20:47:08+00:00
CCH-003099,ACCT-000161,B0092,497.99,2026-07-20T20:47:08+00:00
CCH-003100,ACCT-000076,B0092,518.92,2026-07-20T20:47:08+00:00
CCH-003101,ACCT-000248,B0092,72.42,2026-07-20T20:47:08+00:00
CCH-003102,ACCT-000067,B0092,1106.02,2026-07-20T20:47:08+00:00
CCH-003103,ACCT-000164,B0092,784.33,2026-07-20T20:47:08+00:00
CCH-003104,ACCT-000009,B0092,751.35,2026-07-20T20:47:08+00:00
CCH-003105,ACCT-000237,B0092,273.2,2026-07-20T20:47:08+00:00
CCH-003106,ACCT-000305,B0092,263.45,2026-07-20T20:47:08+00:00
CCH-003107,ACCT-000301,B0092,816.09,2026-07-20T20:47:08+00:00
CCH-003108,ACCT-000126,B0092,610.25,2026-07-20T20:47:08+00:00
CCH-003109,ACCT-000391,B0092,458.49,2026-07-20T20:47:08+00:00
CCH-003110,ACCT-000392,B0092,558.16,2026-07-20T20:47:08+00:00
CCH-003111,ACCT-000050,B0093,371.79,2026-07-20T21:56:08+00:00
CCH-003112,ACCT-000077,B0093,880.03,2026-07-20T21:56:08+00:00
CCH-003113,ACCT-000183,B0093,177.69,2026-07-20T21:56:08+00:00
CCH-003114,ACCT-000238,B0093,838.32,2026-07-20T21:56:08+00:00
CCH-003115,ACCT-000236,B0093,615.98,2026-07-20T21:56:08+00:00
CCH-003116,ACCT-000054,B0093,651.37,2026-07-20T21:56:08+00:00
CCH-003117,ACCT-000081,B0093,662.57,2026-07-20T21:56:08+00:00
CCH-003118,ACCT-000221,B0093,395.66,2026-07-20T21:56:08+00:00
CCH-003119,ACCT-000351,B0093,743.19,2026-07-20T21:56:08+00:00
CCH-003120,ACCT-000324,B0093,604.73,2026-07-20T21:56:08+00:00
CCH-003121,ACCT-000385,B0093,249.64,2026-07-20T21:56:08+00:00
CCH-003122,ACCT-000088,B0093,378.33,2026-07-20T21:56:08+00:00
CCH-003123,ACCT-000219,B0093,592.69,2026-07-20T21:56:08+00:00
CCH-003124,ACCT-000141,B0093,803.5,2026-07-20T21:56:08+00:00
CCH-003125,ACCT-000062,B0093,337.17,2026-07-20T21:56:08+00:00
CCH-003126,ACCT-000200,B0093,774.6,2026-07-20T21:56:08+00:00
CCH-003127,ACCT-000233,B0093,149.31,2026-07-20T21:56:08+00:00
CCH-003128,ACCT-000375,B0093,312.21,2026-07-20T21:56:08+00:00
CCH-003129,ACCT-000182,B0093,599.76,2026-07-20T21:56:08+00:00
CCH-003130,ACCT-000392,B0093,1039.19,2026-07-20T21:56:08+00:00
CCH-003131,ACCT-000014,B0093,362.33,2026-07-20T21:56:08+00:00
CCH-003132,ACCT-000023,B0093,728.57,2026-07-20T21:56:08+00:00
CCH-003133,ACCT-000044,B0093,639.02,2026-07-20T21:56:08+00:00
CCH-003134,ACCT-000312,B0093,357.73,2026-07-20T21:56:08+00:00
CCH-003135,ACCT-000161,B0093,900.36,2026-07-20T21:56:08+00:00
CCH-003136,ACCT-000007,B0093,617.8,2026-07-20T21:56:08+00:00
CCH-003137,ACCT-000311,B0093,524.17,2026-07-20T21:56:08+00:00
CCH-003138,ACCT-000353,B0093,278.01,2026-07-20T21:56:08+00:00
CCH-003139,ACCT-000249,B0093,540.22,2026-07-20T21:56:08+00:00
CCH-003140,ACCT-000393,B0093,172.17,2026-07-20T21:56:08+00:00
CCH-003141,ACCT-000394,B0093,701.71,2026-07-20T21:56:08+00:00
CCH-003142,ACCT-000395,B0093,99.29,2026-07-20T21:56:08+00:00
CCH-003143,ACCT-000271,B0094,889.26,2026-07-20T22:52:55+00:00
CCH-003144,ACCT-000352,B0094,555.28,2026-07-20T22:52:55+00:00
CCH-003145,ACCT-000198,B0094,847.62,2026-07-20T22:52:55+00:00
CCH-003146,ACCT-000240,B0094,315.71,2026-07-20T22:52:55+00:00
CCH-003147,ACCT-000249,B0094,325.93,2026-07-20T22:52:55+00:00
CCH-003148,ACCT-000042,B0094,784.93,2026-07-20T22:52:55+00:00
CCH-003149,ACCT-000321,B0094,384.65,2026-07-20T22:52:55+00:00
CCH-003150,ACCT-000027,B0094,424.08,2026-07-20T22:52:55+00:00
CCH-003151,ACCT-000107,B0094,1162.05,2026-07-20T22:52:55+00:00
CCH-003152,ACCT-000328,B0094,959.79,2026-07-20T22:52:55+00:00
CCH-003153,ACCT-000390,B0094,389.92,2026-07-20T22:52:55+00:00
CCH-003154,ACCT-000068,B0094,625.58,2026-07-20T22:52:55+00:00
CCH-003155,ACCT-000038,B0094,535.82,2026-07-20T22:52:55+00:00
CCH-003156,ACCT-000226,B0094,488.4,2026-07-20T22:52:55+00:00
CCH-003157,ACCT-000121,B0094,280.73,2026-07-20T22:52:55+00:00
CCH-003158,ACCT-000341,B0094,1341.1,2026-07-20T22:52:55+00:00
CCH-003159,ACCT-000064,B0094,294.37,2026-07-20T22:52:55+00:00
CCH-003160,ACCT-000065,B0094,868.51,2026-07-20T22:52:55+00:00
CCH-003161,ACCT-000152,B0094,523.01,2026-07-20T22:52:55+00:00
CCH-003162,ACCT-000367,B0094,323.36,2026-07-20T22:52:55+00:00
CCH-003163,ACCT-000325,B0094,202.33,2026-07-20T22:52:55+00:00
CCH-003164,ACCT-000217,B0094,727.17,2026-07-20T22:52:55+00:00
CCH-003165,ACCT-000301,B0094,852.12,2026-07-20T22:52:55+00:00
CCH-003166,ACCT-000213,B0094,367.32,2026-07-20T22:52:55+00:00
CCH-003167,ACCT-000207,B0094,619.97,2026-07-20T22:52:55+00:00
CCH-003168,ACCT-000025,B0094,90.14,2026-07-20T22:52:55+00:00
CCH-003169,ACCT-000396,B0094,358.47,2026-07-20T22:52:55+00:00
CCH-003170,ACCT-000397,B0094,520.72,2026-07-20T22:52:55+00:00
CCH-003171,ACCT-000396,B0095,662.02,2026-07-20T23:49:56+00:00
CCH-003172,ACCT-000057,B0095,349.67,2026-07-20T23:49:56+00:00
CCH-003173,ACCT-000001,B0095,679.34,2026-07-20T23:49:56+00:00
CCH-003174,ACCT-000189,B0095,280.27,2026-07-20T23:49:56+00:00
CCH-003175,ACCT-000170,B0095,570.63,2026-07-20T23:49:56+00:00
CCH-003176,ACCT-000300,B0095,569.84,2026-07-20T23:49:56+00:00
CCH-003177,ACCT-000360,B0095,773.8,2026-07-20T23:49:56+00:00
CCH-003178,ACCT-000359,B0095,404.6,2026-07-20T23:49:56+00:00
CCH-003179,ACCT-000381,B0095,337.8,2026-07-20T23:49:56+00:00
CCH-003180,ACCT-000297,B0095,262.42,2026-07-20T23:49:56+00:00
CCH-003181,ACCT-000257,B0095,850.57,2026-07-20T23:49:56+00:00
CCH-003182,ACCT-000193,B0095,898.92,2026-07-20T23:49:56+00:00
CCH-003183,ACCT-000166,B0095,148.27,2026-07-20T23:49:56+00:00
CCH-003184,ACCT-000337,B0095,600.98,2026-07-20T23:49:56+00:00
CCH-003185,ACCT-000279,B0095,1057.45,2026-07-20T23:49:56+00:00
CCH-003186,ACCT-000325,B0095,800.28,2026-07-20T23:49:56+00:00
CCH-003187,ACCT-000039,B0095,329.91,2026-07-20T23:49:56+00:00
CCH-003188,ACCT-000205,B0095,472.65,2026-07-20T23:49:56+00:00
CCH-003189,ACCT-000362,B0095,298.68,2026-07-20T23:49:56+00:00
CCH-003190,ACCT-000066,B0095,927.72,2026-07-20T23:49:56+00:00
CCH-003191,ACCT-000134,B0095,586.72,2026-07-20T23:49:56+00:00
CCH-003192,ACCT-000127,B0095,76.94,2026-07-20T23:49:56+00:00
CCH-003193,ACCT-000293,B0095,92.98,2026-07-20T23:49:56+00:00
CCH-003194,ACCT-000283,B0095,117.8,2026-07-20T23:49:56+00:00
CCH-003195,ACCT-000228,B0095,444.45,2026-07-20T23:49:56+00:00
CCH-003196,ACCT-000398,B0095,1064.51,2026-07-20T23:49:56+00:00
CCH-003197,ACCT-000399,B0095,923.7,2026-07-20T23:49:56+00:00
CCH-003198,ACCT-000400,B0095,702.81,2026-07-20T23:49:56+00:00
CCH-003199,ACCT-000401,B0095,1065.34,2026-07-20T23:49:56+00:00
CCH-003200,ACCT-000180,B0096,670.26,2026-07-21T01:53:50+00:00
CCH-003201,ACCT-000071,B0096,162.56,2026-07-21T01:53:50+00:00
CCH-003202,ACCT-000013,B0096,404.76,2026-07-21T01:53:50+00:00
CCH-003203,ACCT-000123,B0096,197.96,2026-07-21T01:53:50+00:00
CCH-003204,ACCT-000073,B0096,1115.43,2026-07-21T01:53:50+00:00
CCH-003205,ACCT-000352,B0096,146.27,2026-07-21T01:53:50+00:00
CCH-003206,ACCT-000283,B0096,461.56,2026-07-21T01:53:50+00:00
CCH-003207,ACCT-000308,B0096,301.81,2026-07-21T01:53:50+00:00
CCH-003208,ACCT-000032,B0096,529.93,2026-07-21T01:53:50+00:00
CCH-003209,ACCT-000229,B0096,719.58,2026-07-21T01:53:50+00:00
CCH-003210,ACCT-000297,B0096,759.84,2026-07-21T01:53:50+00:00
CCH-003211,ACCT-000398,B0096,535.42,2026-07-21T01:53:50+00:00
CCH-003212,ACCT-000085,B0096,513.71,2026-07-21T01:53:50+00:00
CCH-003213,ACCT-000289,B0096,1284.64,2026-07-21T01:53:50+00:00
CCH-003214,ACCT-000151,B0096,534.05,2026-07-21T01:53:50+00:00
CCH-003215,ACCT-000050,B0096,371.27,2026-07-21T01:53:50+00:00
CCH-003216,ACCT-000384,B0096,700.96,2026-07-21T01:53:50+00:00
CCH-003217,ACCT-000246,B0096,1031.77,2026-07-21T01:53:50+00:00
CCH-003218,ACCT-000090,B0096,324.33,2026-07-21T01:53:50+00:00
CCH-003219,ACCT-000069,B0096,1466.88,2026-07-21T01:53:50+00:00
CCH-003220,ACCT-000303,B0096,734.62,2026-07-21T01:53:50+00:00
CCH-003221,ACCT-000171,B0096,830.37,2026-07-21T01:53:50+00:00
CCH-003222,ACCT-000278,B0096,900.95,2026-07-21T01:53:50+00:00
CCH-003223,ACCT-000120,B0096,550.44,2026-07-21T01:53:50+00:00
CCH-003224,ACCT-000159,B0096,746.11,2026-07-21T01:53:50+00:00
CCH-003225,ACCT-000014,B0096,805.05,2026-07-21T01:53:50+00:00
CCH-003226,ACCT-000179,B0096,923.01,2026-07-21T01:53:50+00:00
CCH-003227,ACCT-000270,B0096,626.78,2026-07-21T01:53:50+00:00
CCH-003228,ACCT-000273,B0096,907.65,2026-07-21T01:53:50+00:00
CCH-003229,ACCT-000402,B0096,371.11,2026-07-21T01:53:50+00:00
CCH-003230,ACCT-000403,B0096,810.2,2026-07-21T01:53:50+00:00
CCH-003231,ACCT-000404,B0096,807.27,2026-07-21T01:53:50+00:00
CCH-003232,ACCT-000046,B0097,264.25,2026-07-21T05:14:21+00:00
CCH-003233,ACCT-000037,B0097,392.21,2026-07-21T05:14:21+00:00
CCH-003234,ACCT-000121,B0097,637.31,2026-07-21T05:14:21+00:00
CCH-003235,ACCT-000236,B0097,892.69,2026-07-21T05:14:21+00:00
CCH-003236,ACCT-000201,B0097,760.99,2026-07-21T05:14:21+00:00
CCH-003237,ACCT-000324,B0097,505.69,2026-07-21T05:14:21+00:00
CCH-003238,ACCT-000384,B0097,392.37,2026-07-21T05:14:21+00:00
CCH-003239,ACCT-000357,B0097,399.58,2026-07-21T05:14:21+00:00
CCH-003240,ACCT-000117,B0097,372.75,2026-07-21T05:14:21+00:00
CCH-003241,ACCT-000295,B0097,735.34,2026-07-21T05:14:21+00:00
CCH-003242,ACCT-000065,B0097,58.21,2026-07-21T05:14:21+00:00
CCH-003243,ACCT-000328,B0097,930.81,2026-07-21T05:14:21+00:00
CCH-003244,ACCT-000272,B0097,650.18,2026-07-21T05:14:21+00:00
CCH-003245,ACCT-000090,B0097,247.67,2026-07-21T05:14:21+00:00
CCH-003246,ACCT-000076,B0097,926.52,2026-07-21T05:14:21+00:00
CCH-003247,ACCT-000006,B0097,379.76,2026-07-21T05:14:21+00:00
CCH-003248,ACCT-000401,B0097,418.95,2026-07-21T05:14:21+00:00
CCH-003249,ACCT-000207,B0097,855.41,2026-07-21T05:14:21+00:00
CCH-003250,ACCT-000041,B0097,345.77,2026-07-21T05:14:21+00:00
CCH-003251,ACCT-000105,B0097,686.04,2026-07-21T05:14:21+00:00
CCH-003252,ACCT-000226,B0097,902.06,2026-07-21T05:14:21+00:00
CCH-003253,ACCT-000332,B0097,435.46,2026-07-21T05:14:21+00:00
CCH-003254,ACCT-000051,B0097,64.62,2026-07-21T05:14:21+00:00
CCH-003255,ACCT-000237,B0097,293.21,2026-07-21T05:14:21+00:00
CCH-003256,ACCT-000310,B0097,682.32,2026-07-21T05:14:21+00:00
CCH-003257,ACCT-000346,B0097,123.64,2026-07-21T05:14:21+00:00
CCH-003258,ACCT-000377,B0097,564.72,2026-07-21T05:14:21+00:00
CCH-003259,ACCT-000027,B0097,277.29,2026-07-21T05:14:21+00:00
CCH-003260,ACCT-000220,B0097,711.75,2026-07-21T05:14:21+00:00
CCH-003261,ACCT-000082,B0097,743.59,2026-07-21T05:14:21+00:00
CCH-003262,ACCT-000354,B0097,173.59,2026-07-21T05:14:21+00:00
CCH-003263,ACCT-000280,B0097,667.01,2026-07-21T05:14:21+00:00
CCH-003264,ACCT-000329,B0097,722.19,2026-07-21T05:14:21+00:00
CCH-003265,ACCT-000365,B0097,41.41,2026-07-21T05:14:21+00:00
CCH-003266,ACCT-000405,B0097,172.44,2026-07-21T05:14:21+00:00
CCH-003267,ACCT-000406,B0097,806.36,2026-07-21T05:14:21+00:00
CCH-003268,ACCT-000066,B0098,858.27,2026-07-21T07:53:12+00:00
CCH-003269,ACCT-000071,B0098,446.79,2026-07-21T07:53:12+00:00
CCH-003270,ACCT-000195,B0098,225.94,2026-07-21T07:53:12+00:00
CCH-003271,ACCT-000275,B0098,330.96,2026-07-21T07:53:12+00:00
CCH-003272,ACCT-000301,B0098,132.53,2026-07-21T07:53:12+00:00
CCH-003273,ACCT-000248,B0098,490.43,2026-07-21T07:53:12+00:00
CCH-003274,ACCT-000099,B0098,1133.16,2026-07-21T07:53:12+00:00
CCH-003275,ACCT-000182,B0098,637.21,2026-07-21T07:53:12+00:00
CCH-003276,ACCT-000072,B0098,767.24,2026-07-21T07:53:12+00:00
CCH-003277,ACCT-000354,B0098,525.39,2026-07-21T07:53:12+00:00
CCH-003278,ACCT-000303,B0098,445.33,2026-07-21T07:53:12+00:00
CCH-003279,ACCT-000388,B0098,292.41,2026-07-21T07:53:12+00:00
CCH-003280,ACCT-000328,B0098,261.11,2026-07-21T07:53:12+00:00
CCH-003281,ACCT-000176,B0098,682.69,2026-07-21T07:53:12+00:00
CCH-003282,ACCT-000245,B0098,669.21,2026-07-21T07:53:12+00:00
CCH-003283,ACCT-000390,B0098,225.08,2026-07-21T07:53:12+00:00
CCH-003284,ACCT-000392,B0098,1020.4,2026-07-21T07:53:12+00:00
CCH-003285,ACCT-000104,B0098,174.24,2026-07-21T07:53:12+00:00
CCH-003286,ACCT-000011,B0098,1134.04,2026-07-21T07:53:12+00:00
CCH-003287,ACCT-000061,B0098,247.64,2026-07-21T07:53:12+00:00
CCH-003288,ACCT-000218,B0098,233.55,2026-07-21T07:53:12+00:00
CCH-003289,ACCT-000284,B0098,896.16,2026-07-21T07:53:12+00:00
CCH-003290,ACCT-000160,B0098,41.07,2026-07-21T07:53:12+00:00
CCH-003291,ACCT-000210,B0098,397.53,2026-07-21T07:53:12+00:00
CCH-003292,ACCT-000166,B0098,931.85,2026-07-21T07:53:12+00:00
CCH-003293,ACCT-000155,B0098,316.57,2026-07-21T07:53:12+00:00
CCH-003294,ACCT-000038,B0098,243.4,2026-07-21T07:53:12+00:00
CCH-003295,ACCT-000079,B0098,458.17,2026-07-21T07:53:12+00:00
CCH-003296,ACCT-000134,B0098,181.76,2026-07-21T07:53:12+00:00
CCH-003297,ACCT-000319,B0098,212.58,2026-07-21T07:53:12+00:00
CCH-003298,ACCT-000168,B0098,283.92,2026-07-21T07:53:12+00:00
CCH-003299,ACCT-000407,B0098,393.84,2026-07-21T07:53:12+00:00
CCH-003300,ACCT-000408,B0098,641.07,2026-07-21T07:53:12+00:00
CCH-003301,ACCT-000409,B0098,784.78,2026-07-21T07:53:12+00:00
CCH-003302,ACCT-000337,B0099,542.64,2026-07-21T10:18:23+00:00
CCH-003303,ACCT-000013,B0099,777.75,2026-07-21T10:18:23+00:00
CCH-003304,ACCT-000313,B0099,586.93,2026-07-21T10:18:23+00:00
CCH-003305,ACCT-000341,B0099,971.07,2026-07-21T10:18:23+00:00
CCH-003306,ACCT-000127,B0099,315.78,2026-07-21T10:18:23+00:00
CCH-003307,ACCT-000230,B0099,709.1,2026-07-21T10:18:23+00:00
CCH-003308,ACCT-000319,B0099,514.25,2026-07-21T10:18:23+00:00
CCH-003309,ACCT-000118,B0099,183.81,2026-07-21T10:18:23+00:00
CCH-003310,ACCT-000174,B0099,400.07,2026-07-21T10:18:23+00:00
CCH-003311,ACCT-000018,B0099,609.54,2026-07-21T10:18:23+00:00
CCH-003312,ACCT-000136,B0099,582.68,2026-07-21T10:18:23+00:00
CCH-003313,ACCT-000345,B0099,679.36,2026-07-21T10:18:23+00:00
CCH-003314,ACCT-000295,B0099,525.47,2026-07-21T10:18:23+00:00
CCH-003315,ACCT-000186,B0099,639.2,2026-07-21T10:18:23+00:00
CCH-003316,ACCT-000189,B0099,1136.84,2026-07-21T10:18:23+00:00
CCH-003317,ACCT-000193,B0099,798.53,2026-07-21T10:18:23+00:00
CCH-003318,ACCT-000079,B0099,439.47,2026-07-21T10:18:23+00:00
CCH-003319,ACCT-000041,B0099,776.15,2026-07-21T10:18:23+00:00
CCH-003320,ACCT-000187,B0099,1122.17,2026-07-21T10:18:23+00:00
CCH-003321,ACCT-000099,B0099,545.94,2026-07-21T10:18:23+00:00
CCH-003322,ACCT-000078,B0099,585.99,2026-07-21T10:18:23+00:00
CCH-003323,ACCT-000375,B0099,94.11,2026-07-21T10:18:23+00:00
CCH-003324,ACCT-000206,B0099,362.52,2026-07-21T10:18:23+00:00
CCH-003325,ACCT-000208,B0099,182.27,2026-07-21T10:18:23+00:00
CCH-003326,ACCT-000063,B0099,1012.79,2026-07-21T10:18:23+00:00
CCH-003327,ACCT-000138,B0099,165.74,2026-07-21T10:18:23+00:00
CCH-003328,ACCT-000256,B0099,684.59,2026-07-21T10:18:23+00:00
CCH-003329,ACCT-000395,B0099,334.6,2026-07-21T10:18:23+00:00
CCH-003330,ACCT-000148,B0099,656.34,2026-07-21T10:18:23+00:00
CCH-003331,ACCT-000410,B0099,779.04,2026-07-21T10:18:23+00:00
CCH-003332,ACCT-000411,B0099,1074.85,2026-07-21T10:18:23+00:00
CCH-003333,ACCT-000412,B0099,517.59,2026-07-21T10:18:23+00:00
CCH-003334,ACCT-000413,B0099,905.36,2026-07-21T10:18:23+00:00
CCH-003335,ACCT-000401,B0100,446.25,2026-07-21T12:07:07+00:00
CCH-003336,ACCT-000241,B0100,726.12,2026-07-21T12:07:07+00:00
CCH-003337,ACCT-000288,B0100,732.94,2026-07-21T12:07:07+00:00
CCH-003338,ACCT-000185,B0100,27.76,2026-07-21T12:07:07+00:00
CCH-003339,ACCT-000373,B0100,266.61,2026-07-21T12:07:07+00:00
CCH-003340,ACCT-000194,B0100,272.32,2026-07-21T12:07:07+00:00
CCH-003341,ACCT-000116,B0100,225.03,2026-07-21T12:07:07+00:00
CCH-003342,ACCT-000317,B0100,432.44,2026-07-21T12:07:07+00:00
CCH-003343,ACCT-000077,B0100,199.44,2026-07-21T12:07:07+00:00
CCH-003344,ACCT-000393,B0100,321.56,2026-07-21T12:07:07+00:00
CCH-003345,ACCT-000206,B0100,379.68,2026-07-21T12:07:07+00:00
CCH-003346,ACCT-000090,B0100,383.83,2026-07-21T12:07:07+00:00
CCH-003347,ACCT-000153,B0100,1228.09,2026-07-21T12:07:07+00:00
CCH-003348,ACCT-000214,B0100,879.39,2026-07-21T12:07:07+00:00
CCH-003349,ACCT-000052,B0100,522.19,2026-07-21T12:07:07+00:00
CCH-003350,ACCT-000269,B0100,750.32,2026-07-21T12:07:07+00:00
CCH-003351,ACCT-000133,B0100,214.19,2026-07-21T12:07:07+00:00
CCH-003352,ACCT-000382,B0100,848.93,2026-07-21T12:07:07+00:00
CCH-003353,ACCT-000396,B0100,741.55,2026-07-21T12:07:07+00:00
CCH-003354,ACCT-000072,B0100,348.29,2026-07-21T12:07:07+00:00
CCH-003355,ACCT-000306,B0100,465.85,2026-07-21T12:07:07+00:00
CCH-003356,ACCT-000320,B0100,324.99,2026-07-21T12:07:07+00:00
CCH-003357,ACCT-000100,B0100,552.38,2026-07-21T12:07:07+00:00
CCH-003358,ACCT-000291,B0100,716.1,2026-07-21T12:07:07+00:00
CCH-003359,ACCT-000271,B0100,701.96,2026-07-21T12:07:07+00:00
CCH-003360,ACCT-000285,B0100,955.06,2026-07-21T12:07:07+00:00
CCH-003361,ACCT-000058,B0100,283.59,2026-07-21T12:07:07+00:00
CCH-003362,ACCT-000365,B0100,542.77,2026-07-21T12:07:07+00:00
CCH-003363,ACCT-000414,B0100,393.13,2026-07-21T12:07:07+00:00
CCH-003364,ACCT-000415,B0100,69.91,2026-07-21T12:07:07+00:00
CCH-003365,ACCT-000405,B0101,763.36,2026-07-21T14:32:06+00:00
CCH-003366,ACCT-000091,B0101,181.87,2026-07-21T14:32:06+00:00
CCH-003367,ACCT-000050,B0101,304.38,2026-07-21T14:32:06+00:00
CCH-003368,ACCT-000159,B0101,457.17,2026-07-21T14:32:06+00:00
CCH-003369,ACCT-000104,B0101,789.11,2026-07-21T14:32:06+00:00
CCH-003370,ACCT-000010,B0101,260.42,2026-07-21T14:32:06+00:00
CCH-003371,ACCT-000028,B0101,859.7,2026-07-21T14:32:06+00:00
CCH-003372,ACCT-000373,B0101,707.11,2026-07-21T14:32:06+00:00
CCH-003373,ACCT-000318,B0101,192.82,2026-07-21T14:32:06+00:00
CCH-003374,ACCT-000275,B0101,1048.65,2026-07-21T14:32:06+00:00
CCH-003375,ACCT-000364,B0101,337.66,2026-07-21T14:32:06+00:00
CCH-003376,ACCT-000383,B0101,377.52,2026-07-21T14:32:06+00:00
CCH-003377,ACCT-000136,B0101,393.89,2026-07-21T14:32:06+00:00
CCH-003378,ACCT-000073,B0101,426.04,2026-07-21T14:32:06+00:00
CCH-003379,ACCT-000128,B0101,814.96,2026-07-21T14:32:06+00:00
CCH-003380,ACCT-000404,B0101,318.4,2026-07-21T14:32:06+00:00
CCH-003381,ACCT-000304,B0101,344.6,2026-07-21T14:32:06+00:00
CCH-003382,ACCT-000309,B0101,335.97,2026-07-21T14:32:06+00:00
CCH-003383,ACCT-000160,B0101,477.39,2026-07-21T14:32:06+00:00
CCH-003384,ACCT-000332,B0101,527.44,2026-07-21T14:32:06+00:00
CCH-003385,ACCT-000107,B0101,565.09,2026-07-21T14:32:06+00:00
CCH-003386,ACCT-000363,B0101,404.04,2026-07-21T14:32:06+00:00
CCH-003387,ACCT-000204,B0101,905.0,2026-07-21T14:32:06+00:00
CCH-003388,ACCT-000274,B0101,374.8,2026-07-21T14:32:06+00:00
CCH-003389,ACCT-000400,B0101,244.34,2026-07-21T14:32:06+00:00
CCH-003390,ACCT-000394,B0101,146.26,2026-07-21T14:32:06+00:00
CCH-003391,ACCT-000320,B0101,605.43,2026-07-21T14:32:06+00:00
CCH-003392,ACCT-000030,B0101,837.48,2026-07-21T14:32:06+00:00
CCH-003393,ACCT-000353,B0101,923.65,2026-07-21T14:32:06+00:00
CCH-003394,ACCT-000237,B0101,112.46,2026-07-21T14:32:06+00:00
CCH-003395,ACCT-000261,B0101,344.01,2026-07-21T14:32:06+00:00
CCH-003396,ACCT-000262,B0101,122.5,2026-07-21T14:32:06+00:00
CCH-003397,ACCT-000416,B0101,1011.56,2026-07-21T14:32:06+00:00
CCH-003398,ACCT-000417,B0101,907.25,2026-07-21T14:32:06+00:00
CCH-003399,ACCT-000413,B0102,975.0,2026-07-21T16:17:34+00:00
CCH-003400,ACCT-000129,B0102,219.3,2026-07-21T16:17:34+00:00
CCH-003401,ACCT-000172,B0102,387.11,2026-07-21T16:17:34+00:00
CCH-003402,ACCT-000377,B0102,525.24,2026-07-21T16:17:34+00:00
CCH-003403,ACCT-000196,B0102,537.15,2026-07-21T16:17:34+00:00
CCH-003404,ACCT-000398,B0102,231.85,2026-07-21T16:17:34+00:00
CCH-003405,ACCT-000292,B0102,537.43,2026-07-21T16:17:34+00:00
CCH-003406,ACCT-000303,B0102,482.88,2026-07-21T16:17:34+00:00
CCH-003407,ACCT-000311,B0102,384.7,2026-07-21T16:17:34+00:00
CCH-003408,ACCT-000287,B0102,891.97,2026-07-21T16:17:34+00:00
CCH-003409,ACCT-000063,B0102,702.83,2026-07-21T16:17:34+00:00
CCH-003410,ACCT-000181,B0102,367.32,2026-07-21T16:17:34+00:00
CCH-003411,ACCT-000220,B0102,257.84,2026-07-21T16:17:34+00:00
CCH-003412,ACCT-000326,B0102,616.2,2026-07-21T16:17:34+00:00
CCH-003413,ACCT-000156,B0102,53.11,2026-07-21T16:17:34+00:00
CCH-003414,ACCT-000290,B0102,681.74,2026-07-21T16:17:34+00:00
CCH-003415,ACCT-000194,B0102,492.53,2026-07-21T16:17:34+00:00
CCH-003416,ACCT-000026,B0102,78.34,2026-07-21T16:17:34+00:00
CCH-003417,ACCT-000213,B0102,828.02,2026-07-21T16:17:34+00:00
CCH-003418,ACCT-000323,B0102,506.71,2026-07-21T16:17:34+00:00
CCH-003419,ACCT-000346,B0102,1032.51,2026-07-21T16:17:34+00:00
CCH-003420,ACCT-000328,B0102,360.56,2026-07-21T16:17:34+00:00
CCH-003421,ACCT-000178,B0102,189.17,2026-07-21T16:17:34+00:00
CCH-003422,ACCT-000336,B0102,418.92,2026-07-21T16:17:34+00:00
CCH-003423,ACCT-000018,B0102,599.34,2026-07-21T16:17:34+00:00
CCH-003424,ACCT-000099,B0102,752.93,2026-07-21T16:17:34+00:00
CCH-003425,ACCT-000418,B0102,752.74,2026-07-21T16:17:34+00:00
CCH-003426,ACCT-000419,B0102,953.56,2026-07-21T16:17:34+00:00
CCH-003427,ACCT-000420,B0102,643.39,2026-07-21T16:17:34+00:00
CCH-003428,ACCT-000421,B0102,468.3,2026-07-21T16:17:34+00:00
CCH-003429,ACCT-000368,B0103,1119.67,2026-07-21T17:51:00+00:00
CCH-003430,ACCT-000301,B0103,393.42,2026-07-21T17:51:00+00:00
CCH-003431,ACCT-000228,B0103,517.07,2026-07-21T17:51:00+00:00
CCH-003432,ACCT-000408,B0103,892.83,2026-07-21T17:51:00+00:00
CCH-003433,ACCT-000026,B0103,477.51,2026-07-21T17:51:00+00:00
CCH-003434,ACCT-000240,B0103,907.03,2026-07-21T17:51:00+00:00
CCH-003435,ACCT-000219,B0103,533.12,2026-07-21T17:51:00+00:00
CCH-003436,ACCT-000185,B0103,366.67,2026-07-21T17:51:00+00:00
CCH-003437,ACCT-000147,B0103,158.97,2026-07-21T17:51:00+00:00
CCH-003438,ACCT-000005,B0103,963.48,2026-07-21T17:51:00+00:00
CCH-003439,ACCT-000145,B0103,502.17,2026-07-21T17:51:00+00:00
CCH-003440,ACCT-000241,B0103,273.88,2026-07-21T17:51:00+00:00
CCH-003441,ACCT-000403,B0103,612.98,2026-07-21T17:51:00+00:00
CCH-003442,ACCT-000257,B0103,1023.78,2026-07-21T17:51:00+00:00
CCH-003443,ACCT-000244,B0103,969.58,2026-07-21T17:51:00+00:00
CCH-003444,ACCT-000310,B0103,540.61,2026-07-21T17:51:00+00:00
CCH-003445,ACCT-000134,B0103,211.36,2026-07-21T17:51:00+00:00
CCH-003446,ACCT-000162,B0103,280.75,2026-07-21T17:51:00+00:00
CCH-003447,ACCT-000348,B0103,236.96,2026-07-21T17:51:00+00:00
CCH-003448,ACCT-000003,B0103,393.83,2026-07-21T17:51:00+00:00
CCH-003449,ACCT-000388,B0103,1149.26,2026-07-21T17:51:00+00:00
CCH-003450,ACCT-000102,B0103,200.2,2026-07-21T17:51:00+00:00
CCH-003451,ACCT-000099,B0103,299.05,2026-07-21T17:51:00+00:00
CCH-003452,ACCT-000004,B0103,693.34,2026-07-21T17:51:00+00:00
CCH-003453,ACCT-000084,B0103,1015.71,2026-07-21T17:51:00+00:00
CCH-003454,ACCT-000189,B0103,173.77,2026-07-21T17:51:00+00:00
CCH-003455,ACCT-000080,B0103,319.91,2026-07-21T17:51:00+00:00
CCH-003456,ACCT-000316,B0103,209.44,2026-07-21T17:51:00+00:00
CCH-003457,ACCT-000227,B0103,211.05,2026-07-21T17:51:00+00:00
CCH-003458,ACCT-000072,B0103,35.8,2026-07-21T17:51:00+00:00
CCH-003459,ACCT-000045,B0103,314.23,2026-07-21T17:51:00+00:00
CCH-003460,ACCT-000048,B0103,726.81,2026-07-21T17:51:00+00:00
CCH-003461,ACCT-000422,B0103,291.22,2026-07-21T17:51:00+00:00
CCH-003462,ACCT-000423,B0103,817.52,2026-07-21T17:51:00+00:00
CCH-003463,ACCT-000219,B0104,1120.33,2026-07-21T19:06:40+00:00
CCH-003464,ACCT-000385,B0104,292.18,2026-07-21T19:06:40+00:00
CCH-003465,ACCT-000051,B0104,179.41,2026-07-21T19:06:40+00:00
CCH-003466,ACCT-000070,B0104,177.02,2026-07-21T19:06:40+00:00
CCH-003467,ACCT-000295,B0104,355.15,2026-07-21T19:06:40+00:00
CCH-003468,ACCT-000384,B0104,1039.82,2026-07-21T19:06:40+00:00
CCH-003469,ACCT-000351,B0104,629.22,2026-07-21T19:06:40+00:00
CCH-003470,ACCT-000099,B0104,382.38,2026-07-21T19:06:40+00:00
CCH-003471,ACCT-000172,B0104,284.18,2026-07-21T19:06:40+00:00
CCH-003472,ACCT-000262,B0104,823.14,2026-07-21T19:06:40+00:00
CCH-003473,ACCT-000009,B0104,915.24,2026-07-21T19:06:40+00:00
CCH-003474,ACCT-000363,B0104,68.12,2026-07-21T19:06:40+00:00
CCH-003475,ACCT-000316,B0104,644.45,2026-07-21T19:06:40+00:00
CCH-003476,ACCT-000398,B0104,635.65,2026-07-21T19:06:40+00:00
CCH-003477,ACCT-000206,B0104,223.67,2026-07-21T19:06:40+00:00
CCH-003478,ACCT-000199,B0104,506.27,2026-07-21T19:06:40+00:00
CCH-003479,ACCT-000423,B0104,651.33,2026-07-21T19:06:40+00:00
CCH-003480,ACCT-000047,B0104,563.74,2026-07-21T19:06:40+00:00
CCH-003481,ACCT-000102,B0104,300.04,2026-07-21T19:06:40+00:00
CCH-003482,ACCT-000077,B0104,379.35,2026-07-21T19:06:40+00:00
CCH-003483,ACCT-000388,B0104,454.38,2026-07-21T19:06:40+00:00
CCH-003484,ACCT-000163,B0104,394.79,2026-07-21T19:06:40+00:00
CCH-003485,ACCT-000177,B0104,631.99,2026-07-21T19:06:40+00:00
CCH-003486,ACCT-000171,B0104,880.73,2026-07-21T19:06:40+00:00
CCH-003487,ACCT-000243,B0104,114.02,2026-07-21T19:06:40+00:00
CCH-003488,ACCT-000389,B0104,687.63,2026-07-21T19:06:40+00:00
CCH-003489,ACCT-000355,B0104,1006.55,2026-07-21T19:06:40+00:00
CCH-003490,ACCT-000279,B0104,688.65,2026-07-21T19:06:40+00:00
CCH-003491,ACCT-000021,B0104,1287.71,2026-07-21T19:06:40+00:00
CCH-003492,ACCT-000084,B0104,171.18,2026-07-21T19:06:40+00:00
CCH-003493,ACCT-000227,B0104,613.42,2026-07-21T19:06:40+00:00
CCH-003494,ACCT-000417,B0104,256.04,2026-07-21T19:06:40+00:00
CCH-003495,ACCT-000424,B0104,359.62,2026-07-21T19:06:40+00:00
CCH-003496,ACCT-000425,B0104,905.79,2026-07-21T19:06:40+00:00
CCH-003497,ACCT-000206,B0105,740.65,2026-07-21T20:41:36+00:00
CCH-003498,ACCT-000245,B0105,764.14,2026-07-21T20:41:36+00:00
CCH-003499,ACCT-000361,B0105,174.5,2026-07-21T20:41:36+00:00
CCH-003500,ACCT-000219,B0105,389.47,2026-07-21T20:41:36+00:00
CCH-003501,ACCT-000211,B0105,306.74,2026-07-21T20:41:36+00:00
CCH-003502,ACCT-000185,B0105,643.05,2026-07-21T20:41:36+00:00
CCH-003503,ACCT-000242,B0105,639.17,2026-07-21T20:41:36+00:00
CCH-003504,ACCT-000188,B0105,171.43,2026-07-21T20:41:36+00:00
CCH-003505,ACCT-000378,B0105,608.29,2026-07-21T20:41:36+00:00
CCH-003506,ACCT-000258,B0105,712.62,2026-07-21T20:41:36+00:00
CCH-003507,ACCT-000168,B0105,690.57,2026-07-21T20:41:36+00:00
CCH-003508,ACCT-000124,B0105,511.22,2026-07-21T20:41:36+00:00
CCH-003509,ACCT-000078,B0105,341.1,2026-07-21T20:41:36+00:00
CCH-003510,ACCT-000145,B0105,347.43,2026-07-21T20:41:36+00:00
CCH-003511,ACCT-000371,B0105,485.17,2026-07-21T20:41:36+00:00
CCH-003512,ACCT-000131,B0105,547.42,2026-07-21T20:41:36+00:00
CCH-003513,ACCT-000008,B0105,241.42,2026-07-21T20:41:36+00:00
CCH-003514,ACCT-000357,B0105,101.32,2026-07-21T20:41:36+00:00
CCH-003515,ACCT-000405,B0105,326.78,2026-07-21T20:41:36+00:00
CCH-003516,ACCT-000031,B0105,852.24,2026-07-21T20:41:36+00:00
CCH-003517,ACCT-000375,B0105,563.32,2026-07-21T20:41:36+00:00
CCH-003518,ACCT-000030,B0105,1180.04,2026-07-21T20:41:36+00:00
CCH-003519,ACCT-000153,B0105,326.48,2026-07-21T20:41:36+00:00
CCH-003520,ACCT-000274,B0105,190.79,2026-07-21T20:41:36+00:00
CCH-003521,ACCT-000037,B0105,852.99,2026-07-21T20:41:36+00:00
CCH-003522,ACCT-000222,B0105,210.1,2026-07-21T20:41:36+00:00
CCH-003523,ACCT-000419,B0105,850.69,2026-07-21T20:41:36+00:00
CCH-003524,ACCT-000079,B0105,587.81,2026-07-21T20:41:36+00:00
CCH-003525,ACCT-000214,B0105,98.22,2026-07-21T20:41:36+00:00
CCH-003526,ACCT-000298,B0105,341.5,2026-07-21T20:41:36+00:00
CCH-003527,ACCT-000426,B0105,485.48,2026-07-21T20:41:36+00:00
CCH-003528,ACCT-000427,B0105,22.84,2026-07-21T20:41:36+00:00
CCH-003529,ACCT-000428,B0105,345.57,2026-07-21T20:41:36+00:00
CCH-003530,ACCT-000227,B0106,209.64,2026-07-21T21:57:51+00:00
CCH-003531,ACCT-000091,B0106,838.48,2026-07-21T21:57:51+00:00
CCH-003532,ACCT-000229,B0106,566.14,2026-07-21T21:57:51+00:00
CCH-003533,ACCT-000214,B0106,469.84,2026-07-21T21:57:51+00:00
CCH-003534,ACCT-000310,B0106,878.26,2026-07-21T21:57:51+00:00
CCH-003535,ACCT-000109,B0106,291.33,2026-07-21T21:57:51+00:00
CCH-003536,ACCT-000284,B0106,777.47,2026-07-21T21:57:51+00:00
CCH-003537,ACCT-000428,B0106,404.02,2026-07-21T21:57:51+00:00
CCH-003538,ACCT-000105,B0106,231.24,2026-07-21T21:57:51+00:00
CCH-003539,ACCT-000192,B0106,127.34,2026-07-21T21:57:51+00:00
CCH-003540,ACCT-000426,B0106,820.58,2026-07-21T21:57:51+00:00
CCH-003541,ACCT-000346,B0106,369.76,2026-07-21T21:57:51+00:00
CCH-003542,ACCT-000077,B0106,114.23,2026-07-21T21:57:51+00:00
CCH-003543,ACCT-000016,B0106,477.29,2026-07-21T21:57:51+00:00
CCH-003544,ACCT-000093,B0106,959.02,2026-07-21T21:57:51+00:00
CCH-003545,ACCT-000419,B0106,415.49,2026-07-21T21:57:51+00:00
CCH-003546,ACCT-000041,B0106,307.47,2026-07-21T21:57:51+00:00
CCH-003547,ACCT-000230,B0106,461.78,2026-07-21T21:57:51+00:00
CCH-003548,ACCT-000092,B0106,261.48,2026-07-21T21:57:51+00:00
CCH-003549,ACCT-000299,B0106,382.97,2026-07-21T21:57:51+00:00
CCH-003550,ACCT-000160,B0106,733.32,2026-07-21T21:57:51+00:00
CCH-003551,ACCT-000058,B0106,571.86,2026-07-21T21:57:51+00:00
CCH-003552,ACCT-000134,B0106,847.37,2026-07-21T21:57:51+00:00
CCH-003553,ACCT-000039,B0106,346.28,2026-07-21T21:57:51+00:00
CCH-003554,ACCT-000146,B0106,217.97,2026-07-21T21:57:51+00:00
CCH-003555,ACCT-000199,B0106,519.14,2026-07-21T21:57:51+00:00
CCH-003556,ACCT-000021,B0106,795.36,2026-07-21T21:57:51+00:00
CCH-003557,ACCT-000033,B0106,479.2,2026-07-21T21:57:51+00:00
CCH-003558,ACCT-000218,B0106,705.12,2026-07-21T21:57:51+00:00
CCH-003559,ACCT-000429,B0106,46.99,2026-07-21T21:57:51+00:00
CCH-003560,ACCT-000430,B0106,271.31,2026-07-21T21:57:51+00:00
CCH-003561,ACCT-000340,B0107,246.04,2026-07-21T22:54:38+00:00
CCH-003562,ACCT-000131,B0107,138.67,2026-07-21T22:54:38+00:00
CCH-003563,ACCT-000178,B0107,490.42,2026-07-21T22:54:38+00:00
CCH-003564,ACCT-000368,B0107,104.74,2026-07-21T22:54:38+00:00
CCH-003565,ACCT-000143,B0107,358.79,2026-07-21T22:54:38+00:00
CCH-003566,ACCT-000421,B0107,157.55,2026-07-21T22:54:38+00:00
CCH-003567,ACCT-000007,B0107,285.32,2026-07-21T22:54:38+00:00
CCH-003568,ACCT-000142,B0107,987.52,2026-07-21T22:54:38+00:00
CCH-003569,ACCT-000134,B0107,962.93,2026-07-21T22:54:38+00:00
CCH-003570,ACCT-000209,B0107,1018.02,2026-07-21T22:54:38+00:00
CCH-003571,ACCT-000006,B0107,282.55,2026-07-21T22:54:38+00:00
CCH-003572,ACCT-000344,B0107,237.43,2026-07-21T22:54:38+00:00
CCH-003573,ACCT-000033,B0107,462.68,2026-07-21T22:54:38+00:00
CCH-003574,ACCT-000225,B0107,295.74,2026-07-21T22:54:38+00:00
CCH-003575,ACCT-000242,B0107,192.71,2026-07-21T22:54:38+00:00
CCH-003576,ACCT-000309,B0107,895.68,2026-07-21T22:54:38+00:00
CCH-003577,ACCT-000052,B0107,510.44,2026-07-21T22:54:38+00:00
CCH-003578,ACCT-000179,B0107,510.34,2026-07-21T22:54:38+00:00
CCH-003579,ACCT-000224,B0107,535.48,2026-07-21T22:54:38+00:00
CCH-003580,ACCT-000195,B0107,392.93,2026-07-21T22:54:38+00:00
CCH-003581,ACCT-000232,B0107,1333.47,2026-07-21T22:54:38+00:00
CCH-003582,ACCT-000161,B0107,767.82,2026-07-21T22:54:38+00:00
CCH-003583,ACCT-000329,B0107,544.17,2026-07-21T22:54:38+00:00
CCH-003584,ACCT-000041,B0107,145.56,2026-07-21T22:54:38+00:00
CCH-003585,ACCT-000305,B0107,383.72,2026-07-21T22:54:38+00:00
CCH-003586,ACCT-000108,B0107,513.72,2026-07-21T22:54:38+00:00
CCH-003587,ACCT-000251,B0107,663.1,2026-07-21T22:54:38+00:00
CCH-003588,ACCT-000233,B0107,624.77,2026-07-21T22:54:38+00:00
CCH-003589,ACCT-000020,B0107,678.95,2026-07-21T22:54:38+00:00
CCH-003590,ACCT-000015,B0107,737.56,2026-07-21T22:54:38+00:00
CCH-003591,ACCT-000127,B0107,718.79,2026-07-21T22:54:38+00:00
CCH-003592,ACCT-000372,B0107,798.38,2026-07-21T22:54:38+00:00
CCH-003593,ACCT-000394,B0107,74.59,2026-07-21T22:54:38+00:00
CCH-003594,ACCT-000336,B0107,363.44,2026-07-21T22:54:38+00:00
CCH-003595,ACCT-000431,B0107,117.1,2026-07-21T22:54:38+00:00
CCH-003596,ACCT-000432,B0107,261.64,2026-07-21T22:54:38+00:00
CCH-003597,ACCT-000272,B0108,125.18,2026-07-21T23:50:35+00:00
CCH-003598,ACCT-000430,B0108,596.79,2026-07-21T23:50:35+00:00
CCH-003599,ACCT-000162,B0108,399.59,2026-07-21T23:50:35+00:00
CCH-003600,ACCT-000342,B0108,386.05,2026-07-21T23:50:35+00:00
CCH-003601,ACCT-000387,B0108,370.73,2026-07-21T23:50:35+00:00
CCH-003602,ACCT-000336,B0108,242.22,2026-07-21T23:50:35+00:00
CCH-003603,ACCT-000075,B0108,362.16,2026-07-21T23:50:35+00:00
CCH-003604,ACCT-000315,B0108,510.57,2026-07-21T23:50:35+00:00
CCH-003605,ACCT-000143,B0108,130.91,2026-07-21T23:50:35+00:00
CCH-003606,ACCT-000376,B0108,812.45,2026-07-21T23:50:35+00:00
CCH-003607,ACCT-000058,B0108,376.21,2026-07-21T23:50:35+00:00
CCH-003608,ACCT-000354,B0108,287.01,2026-07-21T23:50:35+00:00
CCH-003609,ACCT-000318,B0108,46.3,2026-07-21T23:50:35+00:00
CCH-003610,ACCT-000050,B0108,800.91,2026-07-21T23:50:35+00:00
CCH-003611,ACCT-000182,B0108,1071.15,2026-07-21T23:50:35+00:00
CCH-003612,ACCT-000100,B0108,474.98,2026-07-21T23:50:35+00:00
CCH-003613,ACCT-000231,B0108,180.17,2026-07-21T23:50:35+00:00
CCH-003614,ACCT-000383,B0108,274.31,2026-07-21T23:50:35+00:00
CCH-003615,ACCT-000221,B0108,325.17,2026-07-21T23:50:35+00:00
CCH-003616,ACCT-000417,B0108,65.18,2026-07-21T23:50:35+00:00
CCH-003617,ACCT-000280,B0108,452.75,2026-07-21T23:50:35+00:00
CCH-003618,ACCT-000332,B0108,443.02,2026-07-21T23:50:35+00:00
CCH-003619,ACCT-000316,B0108,824.39,2026-07-21T23:50:35+00:00
CCH-003620,ACCT-000307,B0108,461.34,2026-07-21T23:50:35+00:00
CCH-003621,ACCT-000094,B0108,177.29,2026-07-21T23:50:35+00:00
CCH-003622,ACCT-000425,B0108,405.08,2026-07-21T23:50:35+00:00
CCH-003623,ACCT-000301,B0108,81.57,2026-07-21T23:50:35+00:00
CCH-003624,ACCT-000245,B0108,823.46,2026-07-21T23:50:35+00:00
CCH-003625,ACCT-000433,B0108,248.91,2026-07-21T23:50:35+00:00
CCH-003626,ACCT-000434,B0108,504.26,2026-07-21T23:50:35+00:00
CCH-003627,ACCT-000238,B0109,93.3,2026-07-22T01:52:33+00:00
CCH-003628,ACCT-000067,B0109,168.82,2026-07-22T01:52:33+00:00
CCH-003629,ACCT-000412,B0109,686.07,2026-07-22T01:52:33+00:00
CCH-003630,ACCT-000240,B0109,764.26,2026-07-22T01:52:33+00:00
CCH-003631,ACCT-000395,B0109,107.2,2026-07-22T01:52:33+00:00
CCH-003632,ACCT-000352,B0109,865.21,2026-07-22T01:52:33+00:00
CCH-003633,ACCT-000434,B0109,428.31,2026-07-22T01:52:33+00:00
CCH-003634,ACCT-000164,B0109,1007.88,2026-07-22T01:52:33+00:00
CCH-003635,ACCT-000239,B0109,341.98,2026-07-22T01:52:33+00:00
CCH-003636,ACCT-000253,B0109,378.12,2026-07-22T01:52:33+00:00
CCH-003637,ACCT-000279,B0109,676.62,2026-07-22T01:52:33+00:00
CCH-003638,ACCT-000012,B0109,289.95,2026-07-22T01:52:33+00:00
CCH-003639,ACCT-000069,B0109,824.4,2026-07-22T01:52:33+00:00
CCH-003640,ACCT-000184,B0109,90.3,2026-07-22T01:52:33+00:00
CCH-003641,ACCT-000393,B0109,113.58,2026-07-22T01:52:33+00:00
CCH-003642,ACCT-000121,B0109,220.83,2026-07-22T01:52:33+00:00
CCH-003643,ACCT-000324,B0109,378.16,2026-07-22T01:52:33+00:00
CCH-003644,ACCT-000355,B0109,322.69,2026-07-22T01:52:33+00:00
CCH-003645,ACCT-000194,B0109,342.6,2026-07-22T01:52:33+00:00
CCH-003646,ACCT-000401,B0109,1155.97,2026-07-22T01:52:33+00:00
CCH-003647,ACCT-000051,B0109,815.77,2026-07-22T01:52:33+00:00
CCH-003648,ACCT-000152,B0109,655.04,2026-07-22T01:52:33+00:00
CCH-003649,ACCT-000156,B0109,693.18,2026-07-22T01:52:33+00:00
CCH-003650,ACCT-000168,B0109,626.2,2026-07-22T01:52:33+00:00
CCH-003651,ACCT-000403,B0109,564.63,2026-07-22T01:52:33+00:00
CCH-003652,ACCT-000171,B0109,520.71,2026-07-22T01:52:33+00:00
CCH-003653,ACCT-000435,B0109,319.33,2026-07-22T01:52:33+00:00
CCH-003654,ACCT-000436,B0109,163.52,2026-07-22T01:52:33+00:00
CCH-003655,ACCT-000171,B0110,477.4,2026-07-22T05:12:58+00:00
CCH-003656,ACCT-000106,B0110,1104.68,2026-07-22T05:12:58+00:00
CCH-003657,ACCT-000346,B0110,582.83,2026-07-22T05:12:58+00:00
CCH-003658,ACCT-000294,B0110,445.67,2026-07-22T05:12:58+00:00
CCH-003659,ACCT-000323,B0110,1139.8,2026-07-22T05:12:58+00:00
CCH-003660,ACCT-000200,B0110,867.02,2026-07-22T05:12:58+00:00
CCH-003661,ACCT-000116,B0110,456.42,2026-07-22T05:12:58+00:00
CCH-003662,ACCT-000243,B0110,894.8,2026-07-22T05:12:58+00:00
CCH-003663,ACCT-000349,B0110,553.24,2026-07-22T05:12:58+00:00
CCH-003664,ACCT-000218,B0110,374.16,2026-07-22T05:12:58+00:00
CCH-003665,ACCT-000176,B0110,1284.95,2026-07-22T05:12:58+00:00
CCH-003666,ACCT-000325,B0110,268.51,2026-07-22T05:12:58+00:00
CCH-003667,ACCT-000157,B0110,843.31,2026-07-22T05:12:58+00:00
CCH-003668,ACCT-000002,B0110,238.77,2026-07-22T05:12:58+00:00
CCH-003669,ACCT-000111,B0110,1028.52,2026-07-22T05:12:58+00:00
CCH-003670,ACCT-000235,B0110,776.13,2026-07-22T05:12:58+00:00
CCH-003671,ACCT-000016,B0110,867.61,2026-07-22T05:12:58+00:00
CCH-003672,ACCT-000140,B0110,128.7,2026-07-22T05:12:58+00:00
CCH-003673,ACCT-000096,B0110,195.4,2026-07-22T05:12:58+00:00
CCH-003674,ACCT-000253,B0110,708.65,2026-07-22T05:12:58+00:00
CCH-003675,ACCT-000414,B0110,141.58,2026-07-22T05:12:58+00:00
CCH-003676,ACCT-000042,B0110,126.19,2026-07-22T05:12:58+00:00
CCH-003677,ACCT-000114,B0110,152.8,2026-07-22T05:12:58+00:00
CCH-003678,ACCT-000070,B0110,41.81,2026-07-22T05:12:58+00:00
CCH-003679,ACCT-000285,B0110,709.21,2026-07-22T05:12:58+00:00
CCH-003680,ACCT-000103,B0110,557.84,2026-07-22T05:12:58+00:00
CCH-003681,ACCT-000376,B0110,67.01,2026-07-22T05:12:58+00:00
CCH-003682,ACCT-000129,B0110,927.78,2026-07-22T05:12:58+00:00
CCH-003683,ACCT-000100,B0110,213.39,2026-07-22T05:12:58+00:00
CCH-003684,ACCT-000101,B0110,652.96,2026-07-22T05:12:58+00:00
CCH-003685,ACCT-000076,B0110,322.27,2026-07-22T05:12:58+00:00
CCH-003686,ACCT-000219,B0110,327.64,2026-07-22T05:12:58+00:00
CCH-003687,ACCT-000437,B0110,60.31,2026-07-22T05:12:58+00:00
CCH-003688,ACCT-000438,B0110,482.31,2026-07-22T05:12:58+00:00
CCH-003689,ACCT-000439,B0110,588.8,2026-07-22T05:12:58+00:00
CCH-003690,ACCT-000440,B0110,469.18,2026-07-22T05:12:58+00:00
CCH-003691,ACCT-000012,B0111,1070.18,2026-07-22T07:53:12+00:00
CCH-003692,ACCT-000147,B0111,511.51,2026-07-22T07:53:12+00:00
CCH-003693,ACCT-000189,B0111,602.56,2026-07-22T07:53:12+00:00
CCH-003694,ACCT-000106,B0111,535.94,2026-07-22T07:53:12+00:00
CCH-003695,ACCT-000022,B0111,659.42,2026-07-22T07:53:12+00:00
CCH-003696,ACCT-000265,B0111,112.68,2026-07-22T07:53:12+00:00
CCH-003697,ACCT-000069,B0111,209.03,2026-07-22T07:53:12+00:00
CCH-003698,ACCT-000227,B0111,519.24,2026-07-22T07:53:12+00:00
CCH-003699,ACCT-000325,B0111,578.56,2026-07-22T07:53:12+00:00
CCH-003700,ACCT-000304,B0111,794.06,2026-07-22T07:53:12+00:00
CCH-003701,ACCT-000362,B0111,270.36,2026-07-22T07:53:12+00:00
CCH-003702,ACCT-000019,B0111,723.73,2026-07-22T07:53:12+00:00
CCH-003703,ACCT-000142,B0111,834.81,2026-07-22T07:53:12+00:00
CCH-003704,ACCT-000400,B0111,390.71,2026-07-22T07:53:12+00:00
CCH-003705,ACCT-000341,B0111,737.0,2026-07-22T07:53:12+00:00
CCH-003706,ACCT-000131,B0111,337.83,2026-07-22T07:53:12+00:00
CCH-003707,ACCT-000313,B0111,577.81,2026-07-22T07:53:12+00:00
CCH-003708,ACCT-000384,B0111,887.76,2026-07-22T07:53:12+00:00
CCH-003709,ACCT-000289,B0111,616.9,2026-07-22T07:53:12+00:00
CCH-003710,ACCT-000169,B0111,367.43,2026-07-22T07:53:12+00:00
CCH-003711,ACCT-000267,B0111,1021.43,2026-07-22T07:53:12+00:00
CCH-003712,ACCT-000308,B0111,726.31,2026-07-22T07:53:12+00:00
CCH-003713,ACCT-000020,B0111,866.66,2026-07-22T07:53:12+00:00
CCH-003714,ACCT-000137,B0111,265.09,2026-07-22T07:53:12+00:00
CCH-003715,ACCT-000340,B0111,346.65,2026-07-22T07:53:12+00:00
CCH-003716,ACCT-000215,B0111,496.22,2026-07-22T07:53:12+00:00
CCH-003717,ACCT-000006,B0111,1002.21,2026-07-22T07:53:12+00:00
CCH-003718,ACCT-000067,B0111,595.74,2026-07-22T07:53:12+00:00
CCH-003719,ACCT-000145,B0111,1107.34,2026-07-22T07:53:12+00:00
CCH-003720,ACCT-000138,B0111,238.39,2026-07-22T07:53:12+00:00
CCH-003721,ACCT-000109,B0111,225.95,2026-07-22T07:53:12+00:00
CCH-003722,ACCT-000421,B0111,213.7,2026-07-22T07:53:12+00:00
CCH-003723,ACCT-000357,B0111,297.21,2026-07-22T07:53:12+00:00
CCH-003724,ACCT-000441,B0111,232.98,2026-07-22T07:53:12+00:00
CCH-003725,ACCT-000442,B0111,761.08,2026-07-22T07:53:12+00:00
CCH-003726,ACCT-000443,B0111,393.69,2026-07-22T07:53:12+00:00
CCH-003727,ACCT-000444,B0111,855.16,2026-07-22T07:53:12+00:00
CCH-003728,ACCT-000158,B0112,559.13,2026-07-22T10:17:35+00:00
CCH-003729,ACCT-000431,B0112,585.25,2026-07-22T10:17:35+00:00
CCH-003730,ACCT-000244,B0112,264.53,2026-07-22T10:17:35+00:00
CCH-003731,ACCT-000426,B0112,514.13,2026-07-22T10:17:35+00:00
CCH-003732,ACCT-000155,B0112,107.29,2026-07-22T10:17:35+00:00
CCH-003733,ACCT-000223,B0112,1075.15,2026-07-22T10:17:35+00:00
CCH-003734,ACCT-000021,B0112,378.68,2026-07-22T10:17:35+00:00
CCH-003735,ACCT-000224,B0112,207.3,2026-07-22T10:17:35+00:00
CCH-003736,ACCT-000060,B0112,473.0,2026-07-22T10:17:35+00:00
CCH-003737,ACCT-000439,B0112,745.1,2026-07-22T10:17:35+00:00
CCH-003738,ACCT-000374,B0112,489.57,2026-07-22T10:17:35+00:00
CCH-003739,ACCT-000115,B0112,778.27,2026-07-22T10:17:35+00:00
CCH-003740,ACCT-000135,B0112,1145.09,2026-07-22T10:17:35+00:00
CCH-003741,ACCT-000070,B0112,784.68,2026-07-22T10:17:35+00:00
CCH-003742,ACCT-000397,B0112,1077.84,2026-07-22T10:17:35+00:00
CCH-003743,ACCT-000352,B0112,1301.67,2026-07-22T10:17:35+00:00
CCH-003744,ACCT-000363,B0112,602.67,2026-07-22T10:17:35+00:00
CCH-003745,ACCT-000247,B0112,426.33,2026-07-22T10:17:35+00:00
CCH-003746,ACCT-000044,B0112,1014.73,2026-07-22T10:17:35+00:00
CCH-003747,ACCT-000279,B0112,997.09,2026-07-22T10:17:35+00:00
CCH-003748,ACCT-000343,B0112,247.23,2026-07-22T10:17:35+00:00
CCH-003749,ACCT-000401,B0112,245.8,2026-07-22T10:17:35+00:00
CCH-003750,ACCT-000011,B0112,800.23,2026-07-22T10:17:35+00:00
CCH-003751,ACCT-000153,B0112,149.27,2026-07-22T10:17:35+00:00
CCH-003752,ACCT-000346,B0112,369.62,2026-07-22T10:17:35+00:00
CCH-003753,ACCT-000239,B0112,733.48,2026-07-22T10:17:35+00:00
CCH-003754,ACCT-000185,B0112,228.77,2026-07-22T10:17:35+00:00
CCH-003755,ACCT-000357,B0112,220.09,2026-07-22T10:17:35+00:00
CCH-003756,ACCT-000280,B0112,451.69,2026-07-22T10:17:35+00:00
CCH-003757,ACCT-000257,B0112,545.62,2026-07-22T10:17:35+00:00
CCH-003758,ACCT-000184,B0112,1003.53,2026-07-22T10:17:35+00:00
CCH-003759,ACCT-000445,B0112,573.38,2026-07-22T10:17:35+00:00
CCH-003760,ACCT-000446,B0112,623.82,2026-07-22T10:17:35+00:00
CCH-003761,ACCT-000078,B0113,735.56,2026-07-22T12:10:56+00:00
CCH-003762,ACCT-000179,B0113,241.69,2026-07-22T12:10:56+00:00
CCH-003763,ACCT-000227,B0113,496.4,2026-07-22T12:10:56+00:00
CCH-003764,ACCT-000436,B0113,1104.73,2026-07-22T12:10:56+00:00
CCH-003765,ACCT-000369,B0113,83.49,2026-07-22T12:10:56+00:00
CCH-003766,ACCT-000271,B0113,278.56,2026-07-22T12:10:56+00:00
CCH-003767,ACCT-000050,B0113,409.3,2026-07-22T12:10:56+00:00
CCH-003768,ACCT-000353,B0113,721.95,2026-07-22T12:10:56+00:00
CCH-003769,ACCT-000161,B0113,886.56,2026-07-22T12:10:56+00:00
CCH-003770,ACCT-000344,B0113,67.47,2026-07-22T12:10:56+00:00
CCH-003771,ACCT-000174,B0113,1121.58,2026-07-22T12:10:56+00:00
CCH-003772,ACCT-000359,B0113,930.86,2026-07-22T12:10:56+00:00
CCH-003773,ACCT-000017,B0113,182.6,2026-07-22T12:10:56+00:00
CCH-003774,ACCT-000356,B0113,631.83,2026-07-22T12:10:56+00:00
CCH-003775,ACCT-000281,B0113,390.79,2026-07-22T12:10:56+00:00
CCH-003776,ACCT-000321,B0113,277.14,2026-07-22T12:10:56+00:00
CCH-003777,ACCT-000185,B0113,76.42,2026-07-22T12:10:56+00:00
CCH-003778,ACCT-000429,B0113,681.96,2026-07-22T12:10:56+00:00
CCH-003779,ACCT-000255,B0113,758.34,2026-07-22T12:10:56+00:00
CCH-003780,ACCT-000374,B0113,366.85,2026-07-22T12:10:56+00:00
CCH-003781,ACCT-000072,B0113,373.31,2026-07-22T12:10:56+00:00
CCH-003782,ACCT-000141,B0113,400.4,2026-07-22T12:10:56+00:00
CCH-003783,ACCT-000125,B0113,281.77,2026-07-22T12:10:56+00:00
CCH-003784,ACCT-000097,B0113,358.59,2026-07-22T12:10:56+00:00
CCH-003785,ACCT-000052,B0113,159.48,2026-07-22T12:10:56+00:00
CCH-003786,ACCT-000299,B0113,567.57,2026-07-22T12:10:56+00:00
CCH-003787,ACCT-000154,B0113,96.81,2026-07-22T12:10:56+00:00
CCH-003788,ACCT-000446,B0113,256.71,2026-07-22T12:10:56+00:00
CCH-003789,ACCT-000386,B0113,712.26,2026-07-22T12:10:56+00:00
CCH-003790,ACCT-000447,B0113,282.58,2026-07-22T12:10:56+00:00
CCH-003791,ACCT-000448,B0113,679.39,2026-07-22T12:10:56+00:00
CCH-003792,ACCT-000230,B0114,894.27,2026-07-22T14:32:45+00:00
CCH-003793,ACCT-000097,B0114,280.82,2026-07-22T14:32:45+00:00
CCH-003794,ACCT-000181,B0114,196.84,2026-07-22T14:32:45+00:00
CCH-003795,ACCT-000065,B0114,285.88,2026-07-22T14:32:45+00:00
CCH-003796,ACCT-000126,B0114,424.92,2026-07-22T14:32:45+00:00
CCH-003797,ACCT-000195,B0114,622.27,2026-07-22T14:32:45+00:00
CCH-003798,ACCT-000242,B0114,963.07,2026-07-22T14:32:45+00:00
CCH-003799,ACCT-000158,B0114,115.51,2026-07-22T14:32:45+00:00
CCH-003800,ACCT-000313,B0114,1267.27,2026-07-22T14:32:45+00:00
CCH-003801,ACCT-000134,B0114,660.7,2026-07-22T14:32:45+00:00
CCH-003802,ACCT-000367,B0114,925.11,2026-07-22T14:32:45+00:00
CCH-003803,ACCT-000397,B0114,116.47,2026-07-22T14:32:45+00:00
CCH-003804,ACCT-000089,B0114,271.84,2026-07-22T14:32:45+00:00
CCH-003805,ACCT-000032,B0114,725.72,2026-07-22T14:32:45+00:00
CCH-003806,ACCT-000154,B0114,54.36,2026-07-22T14:32:45+00:00
CCH-003807,ACCT-000336,B0114,875.11,2026-07-22T14:32:45+00:00
CCH-003808,ACCT-000425,B0114,546.07,2026-07-22T14:32:45+00:00
CCH-003809,ACCT-000030,B0114,765.36,2026-07-22T14:32:45+00:00
CCH-003810,ACCT-000299,B0114,1110.4,2026-07-22T14:32:45+00:00
CCH-003811,ACCT-000341,B0114,205.58,2026-07-22T14:32:45+00:00
CCH-003812,ACCT-000143,B0114,376.74,2026-07-22T14:32:45+00:00
CCH-003813,ACCT-000054,B0114,1056.07,2026-07-22T14:32:45+00:00
CCH-003814,ACCT-000109,B0114,632.35,2026-07-22T14:32:45+00:00
CCH-003815,ACCT-000131,B0114,187.93,2026-07-22T14:32:45+00:00
CCH-003816,ACCT-000429,B0114,750.32,2026-07-22T14:32:45+00:00
CCH-003817,ACCT-000110,B0114,528.89,2026-07-22T14:32:45+00:00
CCH-003818,ACCT-000159,B0114,223.4,2026-07-22T14:32:45+00:00
CCH-003819,ACCT-000057,B0114,624.85,2026-07-22T14:32:45+00:00
CCH-003820,ACCT-000228,B0114,29.58,2026-07-22T14:32:45+00:00
CCH-003821,ACCT-000321,B0114,680.38,2026-07-22T14:32:45+00:00
CCH-003822,ACCT-000314,B0114,250.55,2026-07-22T14:32:45+00:00
CCH-003823,ACCT-000449,B0114,708.68,2026-07-22T14:32:45+00:00
CCH-003824,ACCT-000450,B0114,330.47,2026-07-22T14:32:45+00:00
CCH-003825,ACCT-000451,B0114,891.58,2026-07-22T14:32:45+00:00
CCH-003826,ACCT-000452,B0114,465.29,2026-07-22T14:32:45+00:00
CCH-003827,ACCT-000316,B0115,257.36,2026-07-22T16:16:12+00:00
CCH-003828,ACCT-000062,B0115,688.0,2026-07-22T16:16:12+00:00
CCH-003829,ACCT-000128,B0115,713.8,2026-07-22T16:16:12+00:00
CCH-003830,ACCT-000091,B0115,661.07,2026-07-22T16:16:12+00:00
CCH-003831,ACCT-000227,B0115,712.23,2026-07-22T16:16:12+00:00
CCH-003832,ACCT-000305,B0115,456.76,2026-07-22T16:16:12+00:00
CCH-003833,ACCT-000126,B0115,465.23,2026-07-22T16:16:12+00:00
CCH-003834,ACCT-000191,B0115,438.0,2026-07-22T16:16:12+00:00
CCH-003835,ACCT-000212,B0115,170.86,2026-07-22T16:16:12+00:00
CCH-003836,ACCT-000047,B0115,401.79,2026-07-22T16:16:12+00:00
CCH-003837,ACCT-000363,B0115,75.99,2026-07-22T16:16:12+00:00
CCH-003838,ACCT-000124,B0115,509.07,2026-07-22T16:16:12+00:00
CCH-003839,ACCT-000252,B0115,186.59,2026-07-22T16:16:12+00:00
CCH-003840,ACCT-000432,B0115,758.21,2026-07-22T16:16:12+00:00
CCH-003841,ACCT-000373,B0115,1182.52,2026-07-22T16:16:12+00:00
CCH-003842,ACCT-000169,B0115,63.44,2026-07-22T16:16:12+00:00
CCH-003843,ACCT-000248,B0115,877.09,2026-07-22T16:16:12+00:00
CCH-003844,ACCT-000358,B0115,468.66,2026-07-22T16:16:12+00:00
CCH-003845,ACCT-000003,B0115,616.07,2026-07-22T16:16:12+00:00
CCH-003846,ACCT-000038,B0115,774.42,2026-07-22T16:16:12+00:00
CCH-003847,ACCT-000276,B0115,187.16,2026-07-22T16:16:12+00:00
CCH-003848,ACCT-000164,B0115,487.81,2026-07-22T16:16:12+00:00
CCH-003849,ACCT-000006,B0115,157.36,2026-07-22T16:16:12+00:00
CCH-003850,ACCT-000151,B0115,486.37,2026-07-22T16:16:12+00:00
CCH-003851,ACCT-000149,B0115,43.11,2026-07-22T16:16:12+00:00
CCH-003852,ACCT-000235,B0115,26.78,2026-07-22T16:16:12+00:00
CCH-003853,ACCT-000355,B0115,602.14,2026-07-22T16:16:12+00:00
CCH-003854,ACCT-000120,B0115,727.41,2026-07-22T16:16:12+00:00
CCH-003855,ACCT-000213,B0115,612.6,2026-07-22T16:16:12+00:00
CCH-003856,ACCT-000453,B0115,397.0,2026-07-22T16:16:12+00:00
CCH-003857,ACCT-000454,B0115,871.14,2026-07-22T16:16:12+00:00
CCH-003858,ACCT-000455,B0115,984.79,2026-07-22T16:16:12+00:00
CCH-003859,ACCT-000418,B0116,642.58,2026-07-22T17:47:50+00:00
CCH-003860,ACCT-000148,B0116,293.87,2026-07-22T17:47:50+00:00
CCH-003861,ACCT-000010,B0116,551.34,2026-07-22T17:47:50+00:00
CCH-003862,ACCT-000212,B0116,531.4,2026-07-22T17:47:50+00:00
CCH-003863,ACCT-000353,B0116,537.27,2026-07-22T17:47:50+00:00
CCH-003864,ACCT-000411,B0116,358.26,2026-07-22T17:47:50+00:00
CCH-003865,ACCT-000029,B0116,1289.41,2026-07-22T17:47:50+00:00
CCH-003866,ACCT-000124,B0116,841.88,2026-07-22T17:47:50+00:00
CCH-003867,ACCT-000392,B0116,674.34,2026-07-22T17:47:50+00:00
CCH-003868,ACCT-000321,B0116,667.61,2026-07-22T17:47:50+00:00
CCH-003869,ACCT-000234,B0116,279.62,2026-07-22T17:47:50+00:00
CCH-003870,ACCT-000154,B0116,804.75,2026-07-22T17:47:50+00:00
CCH-003871,ACCT-000335,B0116,868.48,2026-07-22T17:47:50+00:00
CCH-003872,ACCT-000352,B0116,573.27,2026-07-22T17:47:50+00:00
CCH-003873,ACCT-000042,B0116,794.41,2026-07-22T17:47:50+00:00
CCH-003874,ACCT-000326,B0116,659.57,2026-07-22T17:47:50+00:00
CCH-003875,ACCT-000374,B0116,805.26,2026-07-22T17:47:50+00:00
CCH-003876,ACCT-000312,B0116,431.73,2026-07-22T17:47:50+00:00
CCH-003877,ACCT-000247,B0116,548.83,2026-07-22T17:47:50+00:00
CCH-003878,ACCT-000267,B0116,932.56,2026-07-22T17:47:50+00:00
CCH-003879,ACCT-000120,B0116,853.14,2026-07-22T17:47:50+00:00
CCH-003880,ACCT-000143,B0116,372.73,2026-07-22T17:47:50+00:00
CCH-003881,ACCT-000358,B0116,371.28,2026-07-22T17:47:50+00:00
CCH-003882,ACCT-000389,B0116,302.56,2026-07-22T17:47:50+00:00
CCH-003883,ACCT-000019,B0116,448.37,2026-07-22T17:47:50+00:00
CCH-003884,ACCT-000021,B0116,813.68,2026-07-22T17:47:50+00:00
CCH-003885,ACCT-000317,B0116,965.17,2026-07-22T17:47:50+00:00
CCH-003886,ACCT-000165,B0116,226.28,2026-07-22T17:47:50+00:00
CCH-003887,ACCT-000064,B0116,184.69,2026-07-22T17:47:50+00:00
CCH-003888,ACCT-000324,B0116,967.96,2026-07-22T17:47:50+00:00
CCH-003889,ACCT-000037,B0116,557.14,2026-07-22T17:47:50+00:00
CCH-003890,ACCT-000188,B0116,284.16,2026-07-22T17:47:50+00:00
CCH-003891,ACCT-000243,B0116,656.34,2026-07-22T17:47:50+00:00
CCH-003892,ACCT-000456,B0116,90.41,2026-07-22T17:47:50+00:00
CCH-003893,ACCT-000457,B0116,509.88,2026-07-22T17:47:50+00:00
CCH-003894,ACCT-000458,B0116,538.95,2026-07-22T17:47:50+00:00
CCH-003895,ACCT-000459,B0116,812.25,2026-07-22T17:47:50+00:00
CCH-003896,ACCT-000050,B0117,159.19,2026-07-22T19:00:08+00:00
CCH-003897,ACCT-000324,B0117,404.74,2026-07-22T19:00:08+00:00
CCH-003898,ACCT-000352,B0117,636.24,2026-07-22T19:00:08+00:00
CCH-003899,ACCT-000130,B0117,784.68,2026-07-22T19:00:08+00:00
CCH-003900,ACCT-000009,B0117,643.02,2026-07-22T19:00:08+00:00
CCH-003901,ACCT-000096,B0117,355.77,2026-07-22T19:00:08+00:00
CCH-003902,ACCT-000108,B0117,107.96,2026-07-22T19:00:08+00:00
CCH-003903,ACCT-000117,B0117,718.34,2026-07-22T19:00:08+00:00
CCH-003904,ACCT-000012,B0117,844.13,2026-07-22T19:00:08+00:00
CCH-003905,ACCT-000088,B0117,328.41,2026-07-22T19:00:08+00:00
CCH-003906,ACCT-000029,B0117,762.32,2026-07-22T19:00:08+00:00
CCH-003907,ACCT-000140,B0117,209.6,2026-07-22T19:00:08+00:00
CCH-003908,ACCT-000262,B0117,583.46,2026-07-22T19:00:08+00:00
CCH-003909,ACCT-000245,B0117,645.83,2026-07-22T19:00:08+00:00
CCH-003910,ACCT-000240,B0117,449.23,2026-07-22T19:00:08+00:00
CCH-003911,ACCT-000235,B0117,299.55,2026-07-22T19:00:08+00:00
CCH-003912,ACCT-000387,B0117,126.84,2026-07-22T19:00:08+00:00
CCH-003913,ACCT-000445,B0117,292.32,2026-07-22T19:00:08+00:00
CCH-003914,ACCT-000133,B0117,574.42,2026-07-22T19:00:08+00:00
CCH-003915,ACCT-000444,B0117,1239.51,2026-07-22T19:00:08+00:00
CCH-003916,ACCT-000203,B0117,238.51,2026-07-22T19:00:08+00:00
CCH-003917,ACCT-000268,B0117,297.58,2026-07-22T19:00:08+00:00
CCH-003918,ACCT-000227,B0117,968.15,2026-07-22T19:00:08+00:00
CCH-003919,ACCT-000384,B0117,594.13,2026-07-22T19:00:08+00:00
CCH-003920,ACCT-000107,B0117,1026.62,2026-07-22T19:00:08+00:00
CCH-003921,ACCT-000017,B0117,807.98,2026-07-22T19:00:08+00:00
CCH-003922,ACCT-000375,B0117,455.28,2026-07-22T19:00:08+00:00
CCH-003923,ACCT-000083,B0117,239.9,2026-07-22T19:00:08+00:00
CCH-003924,ACCT-000070,B0117,1036.52,2026-07-22T19:00:08+00:00
CCH-003925,ACCT-000159,B0117,36.27,2026-07-22T19:00:08+00:00
CCH-003926,ACCT-000458,B0117,891.43,2026-07-22T19:00:08+00:00
CCH-003927,ACCT-000460,B0117,334.66,2026-07-22T19:00:08+00:00
CCH-003928,ACCT-000461,B0117,597.52,2026-07-22T19:00:08+00:00
CCH-003929,ACCT-000359,B0118,685.94,2026-07-22T20:14:04+00:00
CCH-003930,ACCT-000420,B0118,32.56,2026-07-22T20:14:04+00:00
CCH-003931,ACCT-000334,B0118,553.28,2026-07-22T20:14:04+00:00
CCH-003932,ACCT-000391,B0118,255.63,2026-07-22T20:14:04+00:00
CCH-003933,ACCT-000404,B0118,295.33,2026-07-22T20:14:04+00:00
CCH-003934,ACCT-000436,B0118,738.6,2026-07-22T20:14:04+00:00
CCH-003935,ACCT-000195,B0118,529.16,2026-07-22T20:14:04+00:00
CCH-003936,ACCT-000040,B0118,668.46,2026-07-22T20:14:04+00:00
CCH-003937,ACCT-000270,B0118,233.5,2026-07-22T20:14:04+00:00
CCH-003938,ACCT-000371,B0118,363.53,2026-07-22T20:14:04+00:00
CCH-003939,ACCT-000376,B0118,915.31,2026-07-22T20:14:04+00:00
CCH-003940,ACCT-000192,B0118,868.19,2026-07-22T20:14:04+00:00
CCH-003941,ACCT-000303,B0118,527.43,2026-07-22T20:14:04+00:00
CCH-003942,ACCT-000193,B0118,1004.1,2026-07-22T20:14:04+00:00
CCH-003943,ACCT-000422,B0118,423.97,2026-07-22T20:14:04+00:00
CCH-003944,ACCT-000162,B0118,987.7,2026-07-22T20:14:04+00:00
CCH-003945,ACCT-000229,B0118,21.0,2026-07-22T20:14:04+00:00
CCH-003946,ACCT-000406,B0118,514.02,2026-07-22T20:14:04+00:00
CCH-003947,ACCT-000310,B0118,386.36,2026-07-22T20:14:04+00:00
CCH-003948,ACCT-000291,B0118,420.32,2026-07-22T20:14:04+00:00
CCH-003949,ACCT-000417,B0118,461.51,2026-07-22T20:14:04+00:00
CCH-003950,ACCT-000411,B0118,398.17,2026-07-22T20:14:04+00:00
CCH-003951,ACCT-000158,B0118,311.86,2026-07-22T20:14:04+00:00
CCH-003952,ACCT-000416,B0118,402.97,2026-07-22T20:14:04+00:00
CCH-003953,ACCT-000021,B0118,635.83,2026-07-22T20:14:04+00:00
CCH-003954,ACCT-000268,B0118,717.24,2026-07-22T20:14:04+00:00
CCH-003955,ACCT-000384,B0118,867.56,2026-07-22T20:14:04+00:00
CCH-003956,ACCT-000462,B0118,548.06,2026-07-22T20:14:04+00:00
CCH-003957,ACCT-000463,B0118,54.95,2026-07-22T20:14:04+00:00
CCH-003958,ACCT-000464,B0118,638.83,2026-07-22T20:14:04+00:00
CCH-003959,ACCT-000024,B0119,950.91,2026-07-22T21:35:46+00:00
CCH-003960,ACCT-000394,B0119,529.63,2026-07-22T21:35:46+00:00
CCH-003961,ACCT-000105,B0119,949.02,2026-07-22T21:35:46+00:00
CCH-003962,ACCT-000285,B0119,392.53,2026-07-22T21:35:46+00:00
CCH-003963,ACCT-000378,B0119,733.67,2026-07-22T21:35:46+00:00
CCH-003964,ACCT-000081,B0119,908.8,2026-07-22T21:35:46+00:00
CCH-003965,ACCT-000026,B0119,316.38,2026-07-22T21:35:46+00:00
CCH-003966,ACCT-000047,B0119,578.32,2026-07-22T21:35:46+00:00
CCH-003967,ACCT-000314,B0119,360.2,2026-07-22T21:35:46+00:00
CCH-003968,ACCT-000053,B0119,644.74,2026-07-22T21:35:46+00:00
CCH-003969,ACCT-000368,B0119,524.78,2026-07-22T21:35:46+00:00
CCH-003970,ACCT-000247,B0119,259.18,2026-07-22T21:35:46+00:00
CCH-003971,ACCT-000462,B0119,654.4,2026-07-22T21:35:46+00:00
CCH-003972,ACCT-000213,B0119,409.95,2026-07-22T21:35:46+00:00
CCH-003973,ACCT-000033,B0119,304.04,2026-07-22T21:35:46+00:00
CCH-003974,ACCT-000431,B0119,625.35,2026-07-22T21:35:46+00:00
CCH-003975,ACCT-000043,B0119,692.89,2026-07-22T21:35:46+00:00
CCH-003976,ACCT-000251,B0119,1328.65,2026-07-22T21:35:46+00:00
CCH-003977,ACCT-000432,B0119,513.77,2026-07-22T21:35:46+00:00
CCH-003978,ACCT-000365,B0119,516.57,2026-07-22T21:35:46+00:00
CCH-003979,ACCT-000340,B0119,597.05,2026-07-22T21:35:46+00:00
CCH-003980,ACCT-000437,B0119,445.41,2026-07-22T21:35:46+00:00
CCH-003981,ACCT-000403,B0119,969.1,2026-07-22T21:35:46+00:00
CCH-003982,ACCT-000027,B0119,843.37,2026-07-22T21:35:46+00:00
CCH-003983,ACCT-000035,B0119,542.49,2026-07-22T21:35:46+00:00
CCH-003984,ACCT-000189,B0119,690.59,2026-07-22T21:35:46+00:00
CCH-003985,ACCT-000106,B0119,459.81,2026-07-22T21:35:46+00:00
CCH-003986,ACCT-000353,B0119,274.39,2026-07-22T21:35:46+00:00
CCH-003987,ACCT-000048,B0119,977.54,2026-07-22T21:35:46+00:00
CCH-003988,ACCT-000165,B0119,864.16,2026-07-22T21:35:46+00:00
CCH-003989,ACCT-000465,B0119,243.48,2026-07-22T21:35:46+00:00
CCH-003990,ACCT-000466,B0119,170.41,2026-07-22T21:35:46+00:00
CCH-003991,ACCT-000467,B0119,713.05,2026-07-22T21:35:46+00:00
CCH-003992,ACCT-000088,B0120,889.2,2026-07-22T22:54:59+00:00
CCH-003993,ACCT-000033,B0120,764.12,2026-07-22T22:54:59+00:00
CCH-003994,ACCT-000005,B0120,392.75,2026-07-22T22:54:59+00:00
CCH-003995,ACCT-000071,B0120,90.45,2026-07-22T22:54:59+00:00
CCH-003996,ACCT-000448,B0120,158.6,2026-07-22T22:54:59+00:00
CCH-003997,ACCT-000388,B0120,373.36,2026-07-22T22:54:59+00:00
CCH-003998,ACCT-000050,B0120,340.87,2026-07-22T22:54:59+00:00
CCH-003999,ACCT-000462,B0120,605.22,2026-07-22T22:54:59+00:00
CCH-004000,ACCT-000361,B0120,277.7,2026-07-22T22:54:59+00:00
CCH-004001,ACCT-000397,B0120,38.24,2026-07-22T22:54:59+00:00
CCH-004002,ACCT-000122,B0120,309.88,2026-07-22T22:54:59+00:00
CCH-004003,ACCT-000442,B0120,742.22,2026-07-22T22:54:59+00:00
CCH-004004,ACCT-000408,B0120,714.79,2026-07-22T22:54:59+00:00
CCH-004005,ACCT-000465,B0120,1011.92,2026-07-22T22:54:59+00:00
CCH-004006,ACCT-000432,B0120,581.29,2026-07-22T22:54:59+00:00
CCH-004007,ACCT-000089,B0120,266.09,2026-07-22T22:54:59+00:00
CCH-004008,ACCT-000156,B0120,244.69,2026-07-22T22:54:59+00:00
CCH-004009,ACCT-000305,B0120,471.04,2026-07-22T22:54:59+00:00
CCH-004010,ACCT-000364,B0120,814.08,2026-07-22T22:54:59+00:00
CCH-004011,ACCT-000415,B0120,385.97,2026-07-22T22:54:59+00:00
CCH-004012,ACCT-000345,B0120,204.66,2026-07-22T22:54:59+00:00
CCH-004013,ACCT-000293,B0120,730.31,2026-07-22T22:54:59+00:00
CCH-004014,ACCT-000440,B0120,615.27,2026-07-22T22:54:59+00:00
CCH-004015,ACCT-000195,B0120,882.47,2026-07-22T22:54:59+00:00
CCH-004016,ACCT-000418,B0120,1068.1,2026-07-22T22:54:59+00:00
CCH-004017,ACCT-000183,B0120,647.04,2026-07-22T22:54:59+00:00
CCH-004018,ACCT-000171,B0120,598.79,2026-07-22T22:54:59+00:00
CCH-004019,ACCT-000182,B0120,370.12,2026-07-22T22:54:59+00:00
CCH-004020,ACCT-000009,B0120,214.29,2026-07-22T22:54:59+00:00
CCH-004021,ACCT-000139,B0120,724.23,2026-07-22T22:54:59+00:00
CCH-004022,ACCT-000468,B0120,194.61,2026-07-22T22:54:59+00:00
CCH-004023,ACCT-000469,B0120,585.24,2026-07-22T22:54:59+00:00
CCH-004024,ACCT-000470,B0120,461.41,2026-07-22T22:54:59+00:00
CCH-004025,ACCT-000410,B0121,328.55,2026-07-22T23:56:13+00:00
CCH-004026,ACCT-000467,B0121,1045.09,2026-07-22T23:56:13+00:00
CCH-004027,ACCT-000453,B0121,883.09,2026-07-22T23:56:13+00:00
CCH-004028,ACCT-000139,B0121,859.99,2026-07-22T23:56:13+00:00
CCH-004029,ACCT-000012,B0121,394.09,2026-07-22T23:56:13+00:00
CCH-004030,ACCT-000123,B0121,369.32,2026-07-22T23:56:13+00:00
CCH-004031,ACCT-000122,B0121,312.03,2026-07-22T23:56:13+00:00
CCH-004032,ACCT-000444,B0121,930.81,2026-07-22T23:56:13+00:00
CCH-004033,ACCT-000156,B0121,889.91,2026-07-22T23:56:13+00:00
CCH-004034,ACCT-000065,B0121,687.09,2026-07-22T23:56:13+00:00
CCH-004035,ACCT-000281,B0121,402.97,2026-07-22T23:56:13+00:00
CCH-004036,ACCT-000190,B0121,83.29,2026-07-22T23:56:13+00:00
CCH-004037,ACCT-000327,B0121,890.84,2026-07-22T23:56:13+00:00
CCH-004038,ACCT-000132,B0121,147.37,2026-07-22T23:56:13+00:00
CCH-004039,ACCT-000407,B0121,492.15,2026-07-22T23:56:13+00:00
CCH-004040,ACCT-000370,B0121,101.81,2026-07-22T23:56:13+00:00
CCH-004041,ACCT-000405,B0121,549.76,2026-07-22T23:56:13+00:00
CCH-004042,ACCT-000283,B0121,57.19,2026-07-22T23:56:13+00:00
CCH-004043,ACCT-000166,B0121,359.33,2026-07-22T23:56:13+00:00
CCH-004044,ACCT-000417,B0121,889.0,2026-07-22T23:56:13+00:00
CCH-004045,ACCT-000220,B0121,351.96,2026-07-22T23:56:13+00:00
CCH-004046,ACCT-000366,B0121,731.28,2026-07-22T23:56:13+00:00
CCH-004047,ACCT-000436,B0121,150.15,2026-07-22T23:56:13+00:00
CCH-004048,ACCT-000219,B0121,1044.97,2026-07-22T23:56:13+00:00
CCH-004049,ACCT-000149,B0121,104.75,2026-07-22T23:56:13+00:00
CCH-004050,ACCT-000466,B0121,388.54,2026-07-22T23:56:13+00:00
CCH-004051,ACCT-000345,B0121,201.82,2026-07-22T23:56:13+00:00
CCH-004052,ACCT-000303,B0121,608.68,2026-07-22T23:56:13+00:00
CCH-004053,ACCT-000354,B0121,616.16,2026-07-22T23:56:13+00:00
CCH-004054,ACCT-000145,B0121,830.01,2026-07-22T23:56:13+00:00
CCH-004055,ACCT-000471,B0121,1040.67,2026-07-22T23:56:13+00:00
CCH-004056,ACCT-000472,B0121,652.63,2026-07-22T23:56:13+00:00
CCH-004057,ACCT-000473,B0121,32.66,2026-07-22T23:56:13+00:00
CCH-004058,ACCT-000474,B0121,294.13,2026-07-22T23:56:13+00:00
CCH-004059,ACCT-000295,B0122,386.42,2026-07-23T02:07:22+00:00
CCH-004060,ACCT-000077,B0122,416.3,2026-07-23T02:07:22+00:00
CCH-004061,ACCT-000013,B0122,376.39,2026-07-23T02:07:22+00:00
CCH-004062,ACCT-000065,B0122,185.17,2026-07-23T02:07:22+00:00
CCH-004063,ACCT-000416,B0122,637.51,2026-07-23T02:07:22+00:00
CCH-004064,ACCT-000220,B0122,351.13,2026-07-23T02:07:22+00:00
CCH-004065,ACCT-000085,B0122,798.47,2026-07-23T02:07:22+00:00
CCH-004066,ACCT-000397,B0122,672.62,2026-07-23T02:07:22+00:00
CCH-004067,ACCT-000388,B0122,396.3,2026-07-23T02:07:22+00:00
CCH-004068,ACCT-000371,B0122,976.48,2026-07-23T02:07:22+00:00
CCH-004069,ACCT-000068,B0122,652.25,2026-07-23T02:07:22+00:00
CCH-004070,ACCT-000396,B0122,692.32,2026-07-23T02:07:22+00:00
CCH-004071,ACCT-000340,B0122,257.81,2026-07-23T02:07:22+00:00
CCH-004072,ACCT-000200,B0122,387.0,2026-07-23T02:07:22+00:00
CCH-004073,ACCT-000046,B0122,866.11,2026-07-23T02:07:22+00:00
CCH-004074,ACCT-000066,B0122,483.65,2026-07-23T02:07:22+00:00
CCH-004075,ACCT-000223,B0122,653.98,2026-07-23T02:07:22+00:00
CCH-004076,ACCT-000262,B0122,532.05,2026-07-23T02:07:22+00:00
CCH-004077,ACCT-000131,B0122,400.62,2026-07-23T02:07:22+00:00
CCH-004078,ACCT-000334,B0122,552.95,2026-07-23T02:07:22+00:00
CCH-004079,ACCT-000342,B0122,706.25,2026-07-23T02:07:22+00:00
CCH-004080,ACCT-000132,B0122,449.41,2026-07-23T02:07:22+00:00
CCH-004081,ACCT-000225,B0122,117.43,2026-07-23T02:07:22+00:00
CCH-004082,ACCT-000235,B0122,644.18,2026-07-23T02:07:22+00:00
CCH-004083,ACCT-000284,B0122,470.33,2026-07-23T02:07:22+00:00
CCH-004084,ACCT-000339,B0122,616.96,2026-07-23T02:07:22+00:00
CCH-004085,ACCT-000197,B0122,733.61,2026-07-23T02:07:22+00:00
CCH-004086,ACCT-000069,B0122,425.57,2026-07-23T02:07:22+00:00
CCH-004087,ACCT-000359,B0122,616.95,2026-07-23T02:07:22+00:00
CCH-004088,ACCT-000281,B0122,209.12,2026-07-23T02:07:22+00:00
CCH-004089,ACCT-000282,B0122,901.3,2026-07-23T02:07:22+00:00
CCH-004090,ACCT-000280,B0122,663.61,2026-07-23T02:07:22+00:00
CCH-004091,ACCT-000094,B0122,256.59,2026-07-23T02:07:22+00:00
CCH-004092,ACCT-000475,B0122,550.74,2026-07-23T02:07:22+00:00
CCH-004093,ACCT-000476,B0122,468.9,2026-07-23T02:07:22+00:00
CCH-004094,ACCT-000477,B0122,384.63,2026-07-23T02:07:22+00:00
CCH-004095,ACCT-000478,B0122,347.6,2026-07-23T02:07:22+00:00
CCH-004096,ACCT-000060,B0123,116.82,2026-07-23T05:38:23+00:00
CCH-004097,ACCT-000370,B0123,901.41,2026-07-23T05:38:23+00:00
CCH-004098,ACCT-000449,B0123,348.34,2026-07-23T05:38:23+00:00
CCH-004099,ACCT-000368,B0123,79.49,2026-07-23T05:38:23+00:00
CCH-004100,ACCT-000377,B0123,331.12,2026-07-23T05:38:23+00:00
CCH-004101,ACCT-000073,B0123,866.94,2026-07-23T05:38:23+00:00
CCH-004102,ACCT-000151,B0123,269.42,2026-07-23T05:38:23+00:00
CCH-004103,ACCT-000382,B0123,993.01,2026-07-23T05:38:23+00:00
CCH-004104,ACCT-000090,B0123,222.29,2026-07-23T05:38:23+00:00
CCH-004105,ACCT-000240,B0123,754.62,2026-07-23T05:38:23+00:00
CCH-004106,ACCT-000315,B0123,710.04,2026-07-23T05:38:23+00:00
CCH-004107,ACCT-000208,B0123,35.3,2026-07-23T05:38:23+00:00
CCH-004108,ACCT-000367,B0123,113.42,2026-07-23T05:38:23+00:00
CCH-004109,ACCT-000209,B0123,950.44,2026-07-23T05:38:23+00:00
CCH-004110,ACCT-000373,B0123,319.61,2026-07-23T05:38:23+00:00
CCH-004111,ACCT-000403,B0123,365.96,2026-07-23T05:38:23+00:00
CCH-004112,ACCT-000044,B0123,361.08,2026-07-23T05:38:23+00:00
CCH-004113,ACCT-000160,B0123,227.68,2026-07-23T05:38:23+00:00
CCH-004114,ACCT-000281,B0123,1031.46,2026-07-23T05:38:23+00:00
CCH-004115,ACCT-000460,B0123,622.8,2026-07-23T05:38:23+00:00
CCH-004116,ACCT-000171,B0123,685.12,2026-07-23T05:38:23+00:00
CCH-004117,ACCT-000409,B0123,202.17,2026-07-23T05:38:23+00:00
CCH-004118,ACCT-000426,B0123,259.16,2026-07-23T05:38:23+00:00
CCH-004119,ACCT-000133,B0123,642.17,2026-07-23T05:38:23+00:00
CCH-004120,ACCT-000238,B0123,389.7,2026-07-23T05:38:23+00:00
CCH-004121,ACCT-000356,B0123,364.68,2026-07-23T05:38:23+00:00
CCH-004122,ACCT-000041,B0123,825.18,2026-07-23T05:38:23+00:00
CCH-004123,ACCT-000316,B0123,482.1,2026-07-23T05:38:23+00:00
CCH-004124,ACCT-000156,B0123,691.78,2026-07-23T05:38:23+00:00
CCH-004125,ACCT-000325,B0123,986.96,2026-07-23T05:38:23+00:00
CCH-004126,ACCT-000009,B0123,887.23,2026-07-23T05:38:23+00:00
CCH-004127,ACCT-000109,B0123,379.32,2026-07-23T05:38:23+00:00
CCH-004128,ACCT-000479,B0123,782.94,2026-07-23T05:38:23+00:00
CCH-004129,ACCT-000480,B0123,443.4,2026-07-23T05:38:23+00:00
CCH-004130,ACCT-000229,B0124,195.34,2026-07-23T08:14:51+00:00
CCH-004131,ACCT-000276,B0124,348.76,2026-07-23T08:14:51+00:00
CCH-004132,ACCT-000201,B0124,578.65,2026-07-23T08:14:51+00:00
CCH-004133,ACCT-000383,B0124,657.09,2026-07-23T08:14:51+00:00
CCH-004134,ACCT-000119,B0124,318.93,2026-07-23T08:14:51+00:00
CCH-004135,ACCT-000031,B0124,753.99,2026-07-23T08:14:51+00:00
CCH-004136,ACCT-000134,B0124,880.46,2026-07-23T08:14:51+00:00
CCH-004137,ACCT-000443,B0124,597.0,2026-07-23T08:14:51+00:00
CCH-004138,ACCT-000188,B0124,363.04,2026-07-23T08:14:51+00:00
CCH-004139,ACCT-000137,B0124,703.12,2026-07-23T08:14:51+00:00
CCH-004140,ACCT-000377,B0124,59.57,2026-07-23T08:14:51+00:00
CCH-004141,ACCT-000208,B0124,295.66,2026-07-23T08:14:51+00:00
CCH-004142,ACCT-000423,B0124,252.77,2026-07-23T08:14:51+00:00
CCH-004143,ACCT-000475,B0124,846.25,2026-07-23T08:14:51+00:00
CCH-004144,ACCT-000168,B0124,739.05,2026-07-23T08:14:51+00:00
CCH-004145,ACCT-000244,B0124,164.45,2026-07-23T08:14:51+00:00
CCH-004146,ACCT-000096,B0124,25.96,2026-07-23T08:14:51+00:00
CCH-004147,ACCT-000402,B0124,608.88,2026-07-23T08:14:51+00:00
CCH-004148,ACCT-000297,B0124,92.14,2026-07-23T08:14:51+00:00
CCH-004149,ACCT-000274,B0124,1039.72,2026-07-23T08:14:51+00:00
CCH-004150,ACCT-000198,B0124,869.73,2026-07-23T08:14:51+00:00
CCH-004151,ACCT-000285,B0124,675.47,2026-07-23T08:14:51+00:00
CCH-004152,ACCT-000432,B0124,267.24,2026-07-23T08:14:51+00:00
CCH-004153,ACCT-000269,B0124,722.11,2026-07-23T08:14:51+00:00
CCH-004154,ACCT-000323,B0124,733.17,2026-07-23T08:14:51+00:00
CCH-004155,ACCT-000481,B0124,173.32,2026-07-23T08:14:51+00:00
CCH-004156,ACCT-000482,B0124,880.0,2026-07-23T08:14:51+00:00
CCH-004157,ACCT-000192,B0125,355.09,2026-07-23T10:38:22+00:00
CCH-004158,ACCT-000064,B0125,193.61,2026-07-23T10:38:22+00:00
CCH-004159,ACCT-000043,B0125,503.25,2026-07-23T10:38:22+00:00
CCH-004160,ACCT-000292,B0125,737.96,2026-07-23T10:38:22+00:00
CCH-004161,ACCT-000076,B0125,273.21,2026-07-23T10:38:22+00:00
CCH-004162,ACCT-000408,B0125,206.63,2026-07-23T10:38:22+00:00
CCH-004163,ACCT-000406,B0125,307.92,2026-07-23T10:38:22+00:00
CCH-004164,ACCT-000063,B0125,344.14,2026-07-23T10:38:22+00:00
CCH-004165,ACCT-000137,B0125,847.3,2026-07-23T10:38:22+00:00
CCH-004166,ACCT-000302,B0125,455.34,2026-07-23T10:38:22+00:00
CCH-004167,ACCT-000254,B0125,484.98,2026-07-23T10:38:22+00:00
CCH-004168,ACCT-000384,B0125,977.9,2026-07-23T10:38:22+00:00
CCH-004169,ACCT-000321,B0125,391.1,2026-07-23T10:38:22+00:00
CCH-004170,ACCT-000437,B0125,559.3,2026-07-23T10:38:22+00:00
CCH-004171,ACCT-000458,B0125,388.52,2026-07-23T10:38:22+00:00
CCH-004172,ACCT-000250,B0125,863.13,2026-07-23T10:38:22+00:00
CCH-004173,ACCT-000419,B0125,156.25,2026-07-23T10:38:22+00:00
CCH-004174,ACCT-000090,B0125,326.93,2026-07-23T10:38:22+00:00
CCH-004175,ACCT-000471,B0125,749.42,2026-07-23T10:38:22+00:00
CCH-004176,ACCT-000424,B0125,271.25,2026-07-23T10:38:22+00:00
CCH-004177,ACCT-000447,B0125,351.14,2026-07-23T10:38:22+00:00
CCH-004178,ACCT-000048,B0125,287.51,2026-07-23T10:38:22+00:00
CCH-004179,ACCT-000155,B0125,560.55,2026-07-23T10:38:22+00:00
CCH-004180,ACCT-000340,B0125,998.1,2026-07-23T10:38:22+00:00
CCH-004181,ACCT-000034,B0125,514.23,2026-07-23T10:38:22+00:00
CCH-004182,ACCT-000382,B0125,553.79,2026-07-23T10:38:22+00:00
CCH-004183,ACCT-000145,B0125,962.17,2026-07-23T10:38:22+00:00
CCH-004184,ACCT-000280,B0125,843.27,2026-07-23T10:38:22+00:00
CCH-004185,ACCT-000217,B0125,822.05,2026-07-23T10:38:22+00:00
CCH-004186,ACCT-000160,B0125,923.26,2026-07-23T10:38:22+00:00
CCH-004187,ACCT-000483,B0125,386.6,2026-07-23T10:38:22+00:00
CCH-004188,ACCT-000484,B0125,1347.4,2026-07-23T10:38:22+00:00
CCH-004189,ACCT-000485,B0125,232.41,2026-07-23T10:38:22+00:00
CCH-004190,ACCT-000115,B0126,465.08,2026-07-23T12:20:03+00:00
CCH-004191,ACCT-000428,B0126,824.8,2026-07-23T12:20:03+00:00
CCH-004192,ACCT-000180,B0126,319.75,2026-07-23T12:20:03+00:00
CCH-004193,ACCT-000094,B0126,1148.11,2026-07-23T12:20:03+00:00
CCH-004194,ACCT-000295,B0126,448.46,2026-07-23T12:20:03+00:00
CCH-004195,ACCT-000367,B0126,465.64,2026-07-23T12:20:03+00:00
CCH-004196,ACCT-000009,B0126,647.24,2026-07-23T12:20:03+00:00
CCH-004197,ACCT-000404,B0126,720.9,2026-07-23T12:20:03+00:00
CCH-004198,ACCT-000354,B0126,395.77,2026-07-23T12:20:03+00:00
CCH-004199,ACCT-000029,B0126,1069.29,2026-07-23T12:20:03+00:00
CCH-004200,ACCT-000177,B0126,449.01,2026-07-23T12:20:03+00:00
CCH-004201,ACCT-000132,B0126,601.67,2026-07-23T12:20:03+00:00
CCH-004202,ACCT-000022,B0126,912.57,2026-07-23T12:20:03+00:00
CCH-004203,ACCT-000258,B0126,691.78,2026-07-23T12:20:03+00:00
CCH-004204,ACCT-000063,B0126,442.92,2026-07-23T12:20:03+00:00
CCH-004205,ACCT-000085,B0126,84.16,2026-07-23T12:20:03+00:00
CCH-004206,ACCT-000187,B0126,393.84,2026-07-23T12:20:03+00:00
CCH-004207,ACCT-000412,B0126,912.77,2026-07-23T12:20:03+00:00
CCH-004208,ACCT-000344,B0126,544.67,2026-07-23T12:20:03+00:00
CCH-004209,ACCT-000352,B0126,482.89,2026-07-23T12:20:03+00:00
CCH-004210,ACCT-000364,B0126,509.53,2026-07-23T12:20:03+00:00
CCH-004211,ACCT-000201,B0126,239.46,2026-07-23T12:20:03+00:00
CCH-004212,ACCT-000397,B0126,843.59,2026-07-23T12:20:03+00:00
CCH-004213,ACCT-000099,B0126,661.61,2026-07-23T12:20:03+00:00
CCH-004214,ACCT-000082,B0126,349.2,2026-07-23T12:20:03+00:00
CCH-004215,ACCT-000377,B0126,483.0,2026-07-23T12:20:03+00:00
CCH-004216,ACCT-000371,B0126,243.11,2026-07-23T12:20:03+00:00
CCH-004217,ACCT-000393,B0126,186.18,2026-07-23T12:20:03+00:00
CCH-004218,ACCT-000483,B0126,301.38,2026-07-23T12:20:03+00:00
CCH-004219,ACCT-000268,B0126,574.12,2026-07-23T12:20:03+00:00
CCH-004220,ACCT-000486,B0126,828.39,2026-07-23T12:20:03+00:00
CCH-004221,ACCT-000487,B0126,207.26,2026-07-23T12:20:03+00:00
CCH-004222,ACCT-000488,B0126,301.18,2026-07-23T12:20:03+00:00
CCH-004223,ACCT-000489,B0126,381.07,2026-07-23T12:20:03+00:00
CCH-004224,ACCT-000467,B0127,827.99,2026-07-23T14:40:04+00:00
CCH-004225,ACCT-000359,B0127,290.41,2026-07-23T14:40:04+00:00
CCH-004226,ACCT-000168,B0127,597.71,2026-07-23T14:40:04+00:00
CCH-004227,ACCT-000039,B0127,521.78,2026-07-23T14:40:04+00:00
CCH-004228,ACCT-000108,B0127,79.03,2026-07-23T14:40:04+00:00
CCH-004229,ACCT-000144,B0127,147.66,2026-07-23T14:40:04+00:00
CCH-004230,ACCT-000269,B0127,178.26,2026-07-23T14:40:04+00:00
CCH-004231,ACCT-000452,B0127,410.05,2026-07-23T14:40:04+00:00
CCH-004232,ACCT-000196,B0127,443.22,2026-07-23T14:40:04+00:00
CCH-004233,ACCT-000107,B0127,349.85,2026-07-23T14:40:04+00:00
CCH-004234,ACCT-000336,B0127,551.71,2026-07-23T14:40:04+00:00
CCH-004235,ACCT-000109,B0127,70.48,2026-07-23T14:40:04+00:00
CCH-004236,ACCT-000317,B0127,437.22,2026-07-23T14:40:04+00:00
CCH-004237,ACCT-000084,B0127,373.13,2026-07-23T14:40:04+00:00
CCH-004238,ACCT-000321,B0127,826.94,2026-07-23T14:40:04+00:00
CCH-004239,ACCT-000201,B0127,470.82,2026-07-23T14:40:04+00:00
CCH-004240,ACCT-000379,B0127,351.16,2026-07-23T14:40:04+00:00
CCH-004241,ACCT-000253,B0127,253.67,2026-07-23T14:40:04+00:00
CCH-004242,ACCT-000357,B0127,270.04,2026-07-23T14:40:04+00:00
CCH-004243,ACCT-000368,B0127,242.7,2026-07-23T14:40:04+00:00
CCH-004244,ACCT-000024,B0127,799.27,2026-07-23T14:40:04+00:00
CCH-004245,ACCT-000172,B0127,854.03,2026-07-23T14:40:04+00:00
CCH-004246,ACCT-000445,B0127,357.0,2026-07-23T14:40:04+00:00
CCH-004247,ACCT-000315,B0127,48.73,2026-07-23T14:40:04+00:00
CCH-004248,ACCT-000453,B0127,777.36,2026-07-23T14:40:04+00:00
CCH-004249,ACCT-000490,B0127,199.02,2026-07-23T14:40:04+00:00
CCH-004250,ACCT-000491,B0127,386.17,2026-07-23T14:40:04+00:00
CCH-004251,ACCT-000419,B0128,256.34,2026-07-23T16:21:43+00:00
CCH-004252,ACCT-000386,B0128,519.08,2026-07-23T16:21:43+00:00
CCH-004253,ACCT-000235,B0128,400.2,2026-07-23T16:21:43+00:00
CCH-004254,ACCT-000417,B0128,846.28,2026-07-23T16:21:43+00:00
CCH-004255,ACCT-000093,B0128,148.78,2026-07-23T16:21:43+00:00
CCH-004256,ACCT-000490,B0128,32.89,2026-07-23T16:21:43+00:00
CCH-004257,ACCT-000416,B0128,70.25,2026-07-23T16:21:43+00:00
CCH-004258,ACCT-000155,B0128,77.49,2026-07-23T16:21:43+00:00
CCH-004259,ACCT-000353,B0128,862.47,2026-07-23T16:21:43+00:00
CCH-004260,ACCT-000302,B0128,361.03,2026-07-23T16:21:43+00:00
CCH-004261,ACCT-000429,B0128,75.41,2026-07-23T16:21:43+00:00
CCH-004262,ACCT-000414,B0128,853.96,2026-07-23T16:21:43+00:00
CCH-004263,ACCT-000334,B0128,78.72,2026-07-23T16:21:43+00:00
CCH-004264,ACCT-000060,B0128,907.45,2026-07-23T16:21:43+00:00
CCH-004265,ACCT-000124,B0128,517.39,2026-07-23T16:21:43+00:00
CCH-004266,ACCT-000267,B0128,159.21,2026-07-23T16:21:43+00:00
CCH-004267,ACCT-000128,B0128,543.19,2026-07-23T16:21:43+00:00
CCH-004268,ACCT-000312,B0128,1019.25,2026-07-23T16:21:43+00:00
CCH-004269,ACCT-000310,B0128,621.49,2026-07-23T16:21:43+00:00
CCH-004270,ACCT-000193,B0128,552.66,2026-07-23T16:21:43+00:00
CCH-004271,ACCT-000299,B0128,893.9,2026-07-23T16:21:43+00:00
CCH-004272,ACCT-000164,B0128,378.36,2026-07-23T16:21:43+00:00
CCH-004273,ACCT-000232,B0128,655.36,2026-07-23T16:21:43+00:00
CCH-004274,ACCT-000450,B0128,438.47,2026-07-23T16:21:43+00:00
CCH-004275,ACCT-000234,B0128,942.62,2026-07-23T16:21:43+00:00
CCH-004276,ACCT-000370,B0128,1020.58,2026-07-23T16:21:43+00:00
CCH-004277,ACCT-000357,B0128,432.72,2026-07-23T16:21:43+00:00
CCH-004278,ACCT-000129,B0128,563.52,2026-07-23T16:21:43+00:00
CCH-004279,ACCT-000189,B0128,261.21,2026-07-23T16:21:43+00:00
CCH-004280,ACCT-000324,B0128,753.24,2026-07-23T16:21:43+00:00
CCH-004281,ACCT-000001,B0128,529.41,2026-07-23T16:21:43+00:00
CCH-004282,ACCT-000372,B0128,170.44,2026-07-23T16:21:43+00:00
CCH-004283,ACCT-000209,B0128,730.51,2026-07-23T16:21:43+00:00
CCH-004284,ACCT-000390,B0128,335.82,2026-07-23T16:21:43+00:00
CCH-004285,ACCT-000492,B0128,804.79,2026-07-23T16:21:43+00:00
CCH-004286,ACCT-000493,B0128,283.62,2026-07-23T16:21:43+00:00
CCH-004287,ACCT-000494,B0128,428.52,2026-07-23T16:21:43+00:00
CCH-004288,ACCT-000295,B0129,914.69,2026-07-23T17:54:22+00:00
CCH-004289,ACCT-000211,B0129,505.08,2026-07-23T17:54:22+00:00
CCH-004290,ACCT-000250,B0129,496.8,2026-07-23T17:54:22+00:00
CCH-004291,ACCT-000005,B0129,1000.74,2026-07-23T17:54:22+00:00
CCH-004292,ACCT-000256,B0129,433.23,2026-07-23T17:54:22+00:00
CCH-004293,ACCT-000414,B0129,445.58,2026-07-23T17:54:22+00:00
CCH-004294,ACCT-000167,B0129,694.52,2026-07-23T17:54:22+00:00
CCH-004295,ACCT-000331,B0129,879.99,2026-07-23T17:54:22+00:00
CCH-004296,ACCT-000392,B0129,144.44,2026-07-23T17:54:22+00:00
CCH-004297,ACCT-000346,B0129,405.68,2026-07-23T17:54:22+00:00
CCH-004298,ACCT-000059,B0129,623.04,2026-07-23T17:54:22+00:00
CCH-004299,ACCT-000466,B0129,326.65,2026-07-23T17:54:22+00:00
CCH-004300,ACCT-000190,B0129,546.99,2026-07-23T17:54:22+00:00
CCH-004301,ACCT-000143,B0129,599.58,2026-07-23T17:54:22+00:00
CCH-004302,ACCT-000251,B0129,716.56,2026-07-23T17:54:22+00:00
CCH-004303,ACCT-000433,B0129,178.95,2026-07-23T17:54:22+00:00
CCH-004304,ACCT-000321,B0129,637.53,2026-07-23T17:54:22+00:00
CCH-004305,ACCT-000063,B0129,93.31,2026-07-23T17:54:22+00:00
CCH-004306,ACCT-000009,B0129,431.24,2026-07-23T17:54:22+00:00
CCH-004307,ACCT-000337,B0129,843.49,2026-07-23T17:54:22+00:00
CCH-004308,ACCT-000177,B0129,390.32,2026-07-23T17:54:22+00:00
CCH-004309,ACCT-000218,B0129,916.32,2026-07-23T17:54:22+00:00
CCH-004310,ACCT-000162,B0129,391.57,2026-07-23T17:54:22+00:00
CCH-004311,ACCT-000189,B0129,697.9,2026-07-23T17:54:22+00:00
CCH-004312,ACCT-000166,B0129,665.84,2026-07-23T17:54:22+00:00
CCH-004313,ACCT-000209,B0129,467.38,2026-07-23T17:54:22+00:00
CCH-004314,ACCT-000416,B0129,130.44,2026-07-23T17:54:22+00:00
CCH-004315,ACCT-000309,B0129,1185.36,2026-07-23T17:54:22+00:00
CCH-004316,ACCT-000495,B0129,572.05,2026-07-23T17:54:22+00:00
CCH-004317,ACCT-000496,B0129,465.56,2026-07-23T17:54:22+00:00
CCH-004318,ACCT-000497,B0129,613.87,2026-07-23T17:54:22+00:00
CCH-004319,ACCT-000468,B0130,156.8,2026-07-23T19:02:10+00:00
CCH-004320,ACCT-000323,B0130,322.99,2026-07-23T19:02:10+00:00
CCH-004321,ACCT-000292,B0130,738.56,2026-07-23T19:02:10+00:00
CCH-004322,ACCT-000496,B0130,364.92,2026-07-23T19:02:10+00:00
CCH-004323,ACCT-000362,B0130,795.1,2026-07-23T19:02:10+00:00
CCH-004324,ACCT-000432,B0130,382.83,2026-07-23T19:02:10+00:00
CCH-004325,ACCT-000289,B0130,793.05,2026-07-23T19:02:10+00:00
CCH-004326,ACCT-000245,B0130,506.53,2026-07-23T19:02:10+00:00
CCH-004327,ACCT-000235,B0130,687.49,2026-07-23T19:02:10+00:00
CCH-004328,ACCT-000242,B0130,327.26,2026-07-23T19:02:10+00:00
CCH-004329,ACCT-000039,B0130,590.76,2026-07-23T19:02:10+00:00
CCH-004330,ACCT-000166,B0130,312.68,2026-07-23T19:02:10+00:00
CCH-004331,ACCT-000437,B0130,193.74,2026-07-23T19:02:10+00:00
CCH-004332,ACCT-000471,B0130,472.34,2026-07-23T19:02:10+00:00
CCH-004333,ACCT-000113,B0130,117.12,2026-07-23T19:02:10+00:00
CCH-004334,ACCT-000115,B0130,409.12,2026-07-23T19:02:10+00:00
CCH-004335,ACCT-000173,B0130,433.64,2026-07-23T19:02:10+00:00
CCH-004336,ACCT-000325,B0130,769.46,2026-07-23T19:02:10+00:00
CCH-004337,ACCT-000219,B0130,384.29,2026-07-23T19:02:10+00:00
CCH-004338,ACCT-000197,B0130,731.26,2026-07-23T19:02:10+00:00
CCH-004339,ACCT-000350,B0130,678.32,2026-07-23T19:02:10+00:00
CCH-004340,ACCT-000095,B0130,519.97,2026-07-23T19:02:10+00:00
CCH-004341,ACCT-000431,B0130,494.96,2026-07-23T19:02:10+00:00
CCH-004342,ACCT-000274,B0130,461.78,2026-07-23T19:02:10+00:00
CCH-004343,ACCT-000473,B0130,1110.72,2026-07-23T19:02:10+00:00
CCH-004344,ACCT-000251,B0130,283.12,2026-07-23T19:02:10+00:00
CCH-004345,ACCT-000125,B0130,761.23,2026-07-23T19:02:10+00:00
CCH-004346,ACCT-000319,B0130,285.84,2026-07-23T19:02:10+00:00
CCH-004347,ACCT-000180,B0130,381.14,2026-07-23T19:02:10+00:00
CCH-004348,ACCT-000498,B0130,532.07,2026-07-23T19:02:10+00:00
CCH-004349,ACCT-000499,B0130,262.52,2026-07-23T19:02:10+00:00
CCH-004350,ACCT-000071,B0131,856.63,2026-07-23T20:35:00+00:00
CCH-004351,ACCT-000270,B0131,587.71,2026-07-23T20:35:00+00:00
CCH-004352,ACCT-000275,B0131,348.0,2026-07-23T20:35:00+00:00
CCH-004353,ACCT-000280,B0131,878.23,2026-07-23T20:35:00+00:00
CCH-004354,ACCT-000137,B0131,681.12,2026-07-23T20:35:00+00:00
CCH-004355,ACCT-000360,B0131,139.29,2026-07-23T20:35:00+00:00
CCH-004356,ACCT-000257,B0131,946.42,2026-07-23T20:35:00+00:00
CCH-004357,ACCT-000100,B0131,1336.87,2026-07-23T20:35:00+00:00
CCH-004358,ACCT-000312,B0131,174.27,2026-07-23T20:35:00+00:00
CCH-004359,ACCT-000337,B0131,809.06,2026-07-23T20:35:00+00:00
CCH-004360,ACCT-000327,B0131,80.24,2026-07-23T20:35:00+00:00
CCH-004361,ACCT-000373,B0131,381.47,2026-07-23T20:35:00+00:00
CCH-004362,ACCT-000096,B0131,630.03,2026-07-23T20:35:00+00:00
CCH-004363,ACCT-000049,B0131,334.02,2026-07-23T20:35:00+00:00
CCH-004364,ACCT-000028,B0131,829.27,2026-07-23T20:35:00+00:00
CCH-004365,ACCT-000126,B0131,583.1,2026-07-23T20:35:00+00:00
CCH-004366,ACCT-000059,B0131,777.8,2026-07-23T20:35:00+00:00
CCH-004367,ACCT-000041,B0131,580.82,2026-07-23T20:35:00+00:00
CCH-004368,ACCT-000476,B0131,684.13,2026-07-23T20:35:00+00:00
CCH-004369,ACCT-000263,B0131,1008.29,2026-07-23T20:35:00+00:00
CCH-004370,ACCT-000348,B0131,98.89,2026-07-23T20:35:00+00:00
CCH-004371,ACCT-000068,B0131,254.14,2026-07-23T20:35:00+00:00
CCH-004372,ACCT-000057,B0131,538.24,2026-07-23T20:35:00+00:00
CCH-004373,ACCT-000084,B0131,415.85,2026-07-23T20:35:00+00:00
CCH-004374,ACCT-000433,B0131,500.28,2026-07-23T20:35:00+00:00
CCH-004375,ACCT-000078,B0131,326.28,2026-07-23T20:35:00+00:00
CCH-004376,ACCT-000393,B0131,218.4,2026-07-23T20:35:00+00:00
CCH-004377,ACCT-000340,B0131,308.81,2026-07-23T20:35:00+00:00
CCH-004378,ACCT-000111,B0131,44.93,2026-07-23T20:35:00+00:00
CCH-004379,ACCT-000117,B0131,655.35,2026-07-23T20:35:00+00:00
CCH-004380,ACCT-000284,B0131,680.76,2026-07-23T20:35:00+00:00
CCH-004381,ACCT-000388,B0131,388.5,2026-07-23T20:35:00+00:00
CCH-004382,ACCT-000321,B0131,392.84,2026-07-23T20:35:00+00:00
CCH-004383,ACCT-000500,B0131,1101.84,2026-07-23T20:35:00+00:00
CCH-004384,ACCT-000501,B0131,162.87,2026-07-23T20:35:00+00:00
CCH-004385,ACCT-000017,B0132,608.76,2026-07-23T21:58:50+00:00
CCH-004386,ACCT-000399,B0132,508.45,2026-07-23T21:58:50+00:00
CCH-004387,ACCT-000022,B0132,376.8,2026-07-23T21:58:50+00:00
CCH-004388,ACCT-000162,B0132,730.27,2026-07-23T21:58:50+00:00
CCH-004389,ACCT-000372,B0132,411.47,2026-07-23T21:58:50+00:00
CCH-004390,ACCT-000211,B0132,307.18,2026-07-23T21:58:50+00:00
CCH-004391,ACCT-000033,B0132,430.78,2026-07-23T21:58:50+00:00
CCH-004392,ACCT-000438,B0132,133.98,2026-07-23T21:58:50+00:00
CCH-004393,ACCT-000073,B0132,920.61,2026-07-23T21:58:50+00:00
CCH-004394,ACCT-000486,B0132,163.29,2026-07-23T21:58:50+00:00
CCH-004395,ACCT-000488,B0132,514.08,2026-07-23T21:58:50+00:00
CCH-004396,ACCT-000151,B0132,842.54,2026-07-23T21:58:50+00:00
CCH-004397,ACCT-000439,B0132,353.49,2026-07-23T21:58:50+00:00
CCH-004398,ACCT-000402,B0132,102.14,2026-07-23T21:58:50+00:00
CCH-004399,ACCT-000392,B0132,265.76,2026-07-23T21:58:50+00:00
CCH-004400,ACCT-000403,B0132,148.63,2026-07-23T21:58:50+00:00
CCH-004401,ACCT-000411,B0132,751.32,2026-07-23T21:58:50+00:00
CCH-004402,ACCT-000357,B0132,947.03,2026-07-23T21:58:50+00:00
CCH-004403,ACCT-000291,B0132,974.12,2026-07-23T21:58:50+00:00
CCH-004404,ACCT-000288,B0132,770.87,2026-07-23T21:58:50+00:00
CCH-004405,ACCT-000299,B0132,336.75,2026-07-23T21:58:50+00:00
CCH-004406,ACCT-000247,B0132,1017.83,2026-07-23T21:58:50+00:00
CCH-004407,ACCT-000322,B0132,988.35,2026-07-23T21:58:50+00:00
CCH-004408,ACCT-000112,B0132,521.3,2026-07-23T21:58:50+00:00
CCH-004409,ACCT-000164,B0132,350.85,2026-07-23T21:58:50+00:00
CCH-004410,ACCT-000343,B0132,318.22,2026-07-23T21:58:50+00:00
CCH-004411,ACCT-000227,B0132,493.32,2026-07-23T21:58:50+00:00
CCH-004412,ACCT-000165,B0132,361.28,2026-07-23T21:58:50+00:00
CCH-004413,ACCT-000019,B0132,281.21,2026-07-23T21:58:50+00:00
CCH-004414,ACCT-000502,B0132,405.83,2026-07-23T21:58:50+00:00
CCH-004415,ACCT-000503,B0132,425.02,2026-07-23T21:58:50+00:00
CCH-004416,ACCT-000504,B0132,161.93,2026-07-23T21:58:50+00:00
CCH-004417,ACCT-000239,B0133,765.56,2026-07-23T22:57:28+00:00
CCH-004418,ACCT-000342,B0133,164.37,2026-07-23T22:57:28+00:00
CCH-004419,ACCT-000382,B0133,119.95,2026-07-23T22:57:28+00:00
CCH-004420,ACCT-000355,B0133,715.71,2026-07-23T22:57:28+00:00
CCH-004421,ACCT-000380,B0133,397.1,2026-07-23T22:57:28+00:00
CCH-004422,ACCT-000353,B0133,948.51,2026-07-23T22:57:28+00:00
CCH-004423,ACCT-000228,B0133,54.52,2026-07-23T22:57:28+00:00
CCH-004424,ACCT-000325,B0133,843.35,2026-07-23T22:57:28+00:00
CCH-004425,ACCT-000405,B0133,108.84,2026-07-23T22:57:28+00:00
CCH-004426,ACCT-000344,B0133,131.15,2026-07-23T22:57:28+00:00
CCH-004427,ACCT-000144,B0133,666.8,2026-07-23T22:57:28+00:00
CCH-004428,ACCT-000309,B0133,538.94,2026-07-23T22:57:28+00:00
CCH-004429,ACCT-000293,B0133,419.8,2026-07-23T22:57:28+00:00
CCH-004430,ACCT-000481,B0133,778.4,2026-07-23T22:57:28+00:00
CCH-004431,ACCT-000047,B0133,1125.84,2026-07-23T22:57:28+00:00
CCH-004432,ACCT-000005,B0133,898.04,2026-07-23T22:57:28+00:00
CCH-004433,ACCT-000086,B0133,763.17,2026-07-23T22:57:28+00:00
CCH-004434,ACCT-000424,B0133,643.52,2026-07-23T22:57:28+00:00
CCH-004435,ACCT-000396,B0133,697.46,2026-07-23T22:57:28+00:00
CCH-004436,ACCT-000490,B0133,975.24,2026-07-23T22:57:28+00:00
CCH-004437,ACCT-000423,B0133,204.19,2026-07-23T22:57:28+00:00
CCH-004438,ACCT-000231,B0133,368.5,2026-07-23T22:57:28+00:00
CCH-004439,ACCT-000070,B0133,134.32,2026-07-23T22:57:28+00:00
CCH-004440,ACCT-000321,B0133,374.87,2026-07-23T22:57:28+00:00
CCH-004441,ACCT-000048,B0133,534.59,2026-07-23T22:57:28+00:00
CCH-004442,ACCT-000092,B0133,388.24,2026-07-23T22:57:28+00:00
CCH-004443,ACCT-000414,B0133,513.5,2026-07-23T22:57:28+00:00
CCH-004444,ACCT-000223,B0133,883.54,2026-07-23T22:57:28+00:00
CCH-004445,ACCT-000165,B0133,849.59,2026-07-23T22:57:28+00:00
CCH-004446,ACCT-000400,B0133,370.74,2026-07-23T22:57:28+00:00
CCH-004447,ACCT-000254,B0133,46.3,2026-07-23T22:57:28+00:00
CCH-004448,ACCT-000214,B0133,714.67,2026-07-23T22:57:28+00:00
CCH-004449,ACCT-000256,B0133,401.05,2026-07-23T22:57:28+00:00
CCH-004450,ACCT-000505,B0133,985.67,2026-07-23T22:57:28+00:00
CCH-004451,ACCT-000506,B0133,758.82,2026-07-23T22:57:28+00:00
CCH-004452,ACCT-000507,B0133,414.8,2026-07-23T22:57:28+00:00
CCH-004453,ACCT-000508,B0133,1055.32,2026-07-23T22:57:28+00:00
CCH-004454,ACCT-000226,B0134,413.06,2026-07-23T23:58:01+00:00
CCH-004455,ACCT-000332,B0134,93.84,2026-07-23T23:58:01+00:00
CCH-004456,ACCT-000228,B0134,319.46,2026-07-23T23:58:01+00:00
CCH-004457,ACCT-000342,B0134,932.7,2026-07-23T23:58:01+00:00
CCH-004458,ACCT-000449,B0134,196.91,2026-07-23T23:58:01+00:00
CCH-004459,ACCT-000371,B0134,720.76,2026-07-23T23:58:01+00:00
CCH-004460,ACCT-000425,B0134,175.63,2026-07-23T23:58:01+00:00
CCH-004461,ACCT-000281,B0134,881.5,2026-07-23T23:58:01+00:00
CCH-004462,ACCT-000134,B0134,529.72,2026-07-23T23:58:01+00:00
CCH-004463,ACCT-000240,B0134,739.72,2026-07-23T23:58:01+00:00
CCH-004464,ACCT-000270,B0134,332.61,2026-07-23T23:58:01+00:00
CCH-004465,ACCT-000077,B0134,575.44,2026-07-23T23:58:01+00:00
CCH-004466,ACCT-000508,B0134,522.18,2026-07-23T23:58:01+00:00
CCH-004467,ACCT-000492,B0134,250.56,2026-07-23T23:58:01+00:00
CCH-004468,ACCT-000473,B0134,658.01,2026-07-23T23:58:01+00:00
CCH-004469,ACCT-000411,B0134,92.12,2026-07-23T23:58:01+00:00
CCH-004470,ACCT-000050,B0134,422.3,2026-07-23T23:58:01+00:00
CCH-004471,ACCT-000202,B0134,266.94,2026-07-23T23:58:01+00:00
CCH-004472,ACCT-000023,B0134,459.26,2026-07-23T23:58:01+00:00
CCH-004473,ACCT-000406,B0134,41.6,2026-07-23T23:58:01+00:00
CCH-004474,ACCT-000027,B0134,300.38,2026-07-23T23:58:01+00:00
CCH-004475,ACCT-000434,B0134,278.24,2026-07-23T23:58:01+00:00
CCH-004476,ACCT-000286,B0134,119.52,2026-07-23T23:58:01+00:00
CCH-004477,ACCT-000407,B0134,566.97,2026-07-23T23:58:01+00:00
CCH-004478,ACCT-000422,B0134,1005.56,2026-07-23T23:58:01+00:00
CCH-004479,ACCT-000355,B0134,316.53,2026-07-23T23:58:01+00:00
CCH-004480,ACCT-000353,B0134,29.7,2026-07-23T23:58:01+00:00
CCH-004481,ACCT-000303,B0134,623.27,2026-07-23T23:58:01+00:00
CCH-004482,ACCT-000483,B0134,465.11,2026-07-23T23:58:01+00:00
CCH-004483,ACCT-000137,B0134,786.07,2026-07-23T23:58:01+00:00
CCH-004484,ACCT-000509,B0134,35.19,2026-07-23T23:58:01+00:00
CCH-004485,ACCT-000510,B0134,399.67,2026-07-23T23:58:01+00:00
CCH-004486,ACCT-000511,B0134,733.98,2026-07-23T23:58:01+00:00
CCH-004487,ACCT-000512,B0134,891.68,2026-07-23T23:58:01+00:00
CCH-004488,ACCT-000303,B0135,866.08,2026-07-24T02:31:52+00:00
CCH-004489,ACCT-000509,B0135,404.49,2026-07-24T02:31:52+00:00
CCH-004490,ACCT-000354,B0135,673.9,2026-07-24T02:31:52+00:00
CCH-004491,ACCT-000426,B0135,312.98,2026-07-24T02:31:52+00:00
CCH-004492,ACCT-000298,B0135,472.75,2026-07-24T02:31:52+00:00
CCH-004493,ACCT-000001,B0135,163.52,2026-07-24T02:31:52+00:00
CCH-004494,ACCT-000384,B0135,614.39,2026-07-24T02:31:52+00:00
CCH-004495,ACCT-000069,B0135,799.79,2026-07-24T02:31:52+00:00
CCH-004496,ACCT-000160,B0135,719.74,2026-07-24T02:31:52+00:00
CCH-004497,ACCT-000106,B0135,523.05,2026-07-24T02:31:52+00:00
CCH-004498,ACCT-000179,B0135,387.34,2026-07-24T02:31:52+00:00
CCH-004499,ACCT-000408,B0135,729.95,2026-07-24T02:31:52+00:00
CCH-004500,ACCT-000407,B0135,194.67,2026-07-24T02:31:52+00:00
CCH-004501,ACCT-000271,B0135,451.7,2026-07-24T02:31:52+00:00
CCH-004502,ACCT-000244,B0135,922.08,2026-07-24T02:31:52+00:00
CCH-004503,ACCT-000418,B0135,150.22,2026-07-24T02:31:52+00:00
CCH-004504,ACCT-000234,B0135,196.5,2026-07-24T02:31:52+00:00
CCH-004505,ACCT-000431,B0135,739.36,2026-07-24T02:31:52+00:00
CCH-004506,ACCT-000021,B0135,365.67,2026-07-24T02:31:52+00:00
CCH-004507,ACCT-000342,B0135,630.15,2026-07-24T02:31:52+00:00
CCH-004508,ACCT-000292,B0135,200.11,2026-07-24T02:31:52+00:00
CCH-004509,ACCT-000424,B0135,521.46,2026-07-24T02:31:52+00:00
CCH-004510,ACCT-000371,B0135,784.78,2026-07-24T02:31:52+00:00
CCH-004511,ACCT-000291,B0135,459.87,2026-07-24T02:31:52+00:00
CCH-004512,ACCT-000395,B0135,656.98,2026-07-24T02:31:52+00:00
CCH-004513,ACCT-000507,B0135,628.27,2026-07-24T02:31:52+00:00
CCH-004514,ACCT-000228,B0135,661.95,2026-07-24T02:31:52+00:00
CCH-004515,ACCT-000360,B0135,881.27,2026-07-24T02:31:52+00:00
CCH-004516,ACCT-000413,B0135,359.82,2026-07-24T02:31:52+00:00
CCH-004517,ACCT-000513,B0135,587.52,2026-07-24T02:31:52+00:00
CCH-004518,ACCT-000514,B0135,226.56,2026-07-24T02:31:52+00:00
CCH-004519,ACCT-000515,B0135,527.55,2026-07-24T02:31:52+00:00
CCH-004520,ACCT-000516,B0135,365.73,2026-07-24T02:31:52+00:00
CCH-004521,ACCT-000362,B0136,505.98,2026-07-24T05:42:36+00:00
CCH-004522,ACCT-000514,B0136,346.02,2026-07-24T05:42:36+00:00
CCH-004523,ACCT-000064,B0136,399.14,2026-07-24T05:42:36+00:00
CCH-004524,ACCT-000268,B0136,493.08,2026-07-24T05:42:36+00:00
CCH-004525,ACCT-000396,B0136,271.66,2026-07-24T05:42:36+00:00
CCH-004526,ACCT-000427,B0136,694.59,2026-07-24T05:42:36+00:00
CCH-004527,ACCT-000136,B0136,342.87,2026-07-24T05:42:36+00:00
CCH-004528,ACCT-000325,B0136,1325.93,2026-07-24T05:42:36+00:00
CCH-004529,ACCT-000072,B0136,848.64,2026-07-24T05:42:36+00:00
CCH-004530,ACCT-000211,B0136,178.09,2026-07-24T05:42:36+00:00
CCH-004531,ACCT-000475,B0136,408.62,2026-07-24T05:42:36+00:00
CCH-004532,ACCT-000055,B0136,847.83,2026-07-24T05:42:36+00:00
CCH-004533,ACCT-000048,B0136,572.52,2026-07-24T05:42:36+00:00
CCH-004534,ACCT-000385,B0136,760.33,2026-07-24T05:42:36+00:00
CCH-004535,ACCT-000052,B0136,386.24,2026-07-24T05:42:36+00:00
CCH-004536,ACCT-000260,B0136,679.96,2026-07-24T05:42:36+00:00
CCH-004537,ACCT-000257,B0136,160.06,2026-07-24T05:42:36+00:00
CCH-004538,ACCT-000197,B0136,1066.12,2026-07-24T05:42:36+00:00
CCH-004539,ACCT-000513,B0136,68.58,2026-07-24T05:42:36+00:00
CCH-004540,ACCT-000419,B0136,504.68,2026-07-24T05:42:36+00:00
CCH-004541,ACCT-000001,B0136,1042.55,2026-07-24T05:42:36+00:00
CCH-004542,ACCT-000035,B0136,732.03,2026-07-24T05:42:36+00:00
CCH-004543,ACCT-000112,B0136,628.72,2026-07-24T05:42:36+00:00
CCH-004544,ACCT-000150,B0136,58.08,2026-07-24T05:42:36+00:00
CCH-004545,ACCT-000301,B0136,669.97,2026-07-24T05:42:36+00:00
CCH-004546,ACCT-000111,B0136,442.24,2026-07-24T05:42:36+00:00
CCH-004547,ACCT-000517,B0136,704.37,2026-07-24T05:42:36+00:00
CCH-004548,ACCT-000518,B0136,345.47,2026-07-24T05:42:36+00:00
CCH-004549,ACCT-000519,B0136,484.21,2026-07-24T05:42:36+00:00
CCH-004550,ACCT-000520,B0136,58.38,2026-07-24T05:42:36+00:00
CCH-004551,ACCT-000051,B0137,306.57,2026-07-24T08:11:04+00:00
CCH-004552,ACCT-000451,B0137,243.1,2026-07-24T08:11:04+00:00
CCH-004553,ACCT-000387,B0137,42.53,2026-07-24T08:11:04+00:00
CCH-004554,ACCT-000491,B0137,520.45,2026-07-24T08:11:04+00:00
CCH-004555,ACCT-000132,B0137,376.21,2026-07-24T08:11:04+00:00
CCH-004556,ACCT-000155,B0137,265.99,2026-07-24T08:11:04+00:00
CCH-004557,ACCT-000418,B0137,547.45,2026-07-24T08:11:04+00:00
CCH-004558,ACCT-000444,B0137,1014.91,2026-07-24T08:11:04+00:00
CCH-004559,ACCT-000254,B0137,866.44,2026-07-24T08:11:04+00:00
CCH-004560,ACCT-000057,B0137,670.01,2026-07-24T08:11:04+00:00
CCH-004561,ACCT-000163,B0137,997.28,2026-07-24T08:11:04+00:00
CCH-004562,ACCT-000234,B0137,387.89,2026-07-24T08:11:04+00:00
CCH-004563,ACCT-000473,B0137,62.38,2026-07-24T08:11:04+00:00
CCH-004564,ACCT-000107,B0137,207.7,2026-07-24T08:11:04+00:00
CCH-004565,ACCT-000078,B0137,394.42,2026-07-24T08:11:04+00:00
CCH-004566,ACCT-000439,B0137,323.71,2026-07-24T08:11:04+00:00
CCH-004567,ACCT-000191,B0137,687.02,2026-07-24T08:11:04+00:00
CCH-004568,ACCT-000343,B0137,499.07,2026-07-24T08:11:04+00:00
CCH-004569,ACCT-000076,B0137,1246.92,2026-07-24T08:11:04+00:00
CCH-004570,ACCT-000232,B0137,310.17,2026-07-24T08:11:04+00:00
CCH-004571,ACCT-000008,B0137,489.68,2026-07-24T08:11:04+00:00
CCH-004572,ACCT-000177,B0137,308.98,2026-07-24T08:11:04+00:00
CCH-004573,ACCT-000055,B0137,1211.19,2026-07-24T08:11:04+00:00
CCH-004574,ACCT-000292,B0137,119.93,2026-07-24T08:11:04+00:00
CCH-004575,ACCT-000352,B0137,467.88,2026-07-24T08:11:04+00:00
CCH-004576,ACCT-000410,B0137,140.69,2026-07-24T08:11:04+00:00
CCH-004577,ACCT-000001,B0137,488.14,2026-07-24T08:11:04+00:00
CCH-004578,ACCT-000156,B0137,611.97,2026-07-24T08:11:04+00:00
CCH-004579,ACCT-000298,B0137,384.1,2026-07-24T08:11:04+00:00
CCH-004580,ACCT-000036,B0137,423.78,2026-07-24T08:11:04+00:00
CCH-004581,ACCT-000241,B0137,172.09,2026-07-24T08:11:04+00:00
CCH-004582,ACCT-000230,B0137,709.68,2026-07-24T08:11:04+00:00
CCH-004583,ACCT-000521,B0137,569.32,2026-07-24T08:11:04+00:00
CCH-004584,ACCT-000522,B0137,239.33,2026-07-24T08:11:04+00:00
CCH-004585,ACCT-000471,B0138,310.2,2026-07-24T10:32:12+00:00
CCH-004586,ACCT-000171,B0138,643.7,2026-07-24T10:32:12+00:00
CCH-004587,ACCT-000345,B0138,393.38,2026-07-24T10:32:12+00:00
CCH-004588,ACCT-000055,B0138,393.63,2026-07-24T10:32:12+00:00
CCH-004589,ACCT-000456,B0138,963.02,2026-07-24T10:32:12+00:00
CCH-004590,ACCT-000135,B0138,1182.41,2026-07-24T10:32:12+00:00
CCH-004591,ACCT-000441,B0138,456.61,2026-07-24T10:32:12+00:00
CCH-004592,ACCT-000472,B0138,713.68,2026-07-24T10:32:12+00:00
CCH-004593,ACCT-000367,B0138,614.32,2026-07-24T10:32:12+00:00
CCH-004594,ACCT-000008,B0138,221.5,2026-07-24T10:32:12+00:00
CCH-004595,ACCT-000322,B0138,267.92,2026-07-24T10:32:12+00:00
CCH-004596,ACCT-000098,B0138,892.5,2026-07-24T10:32:12+00:00
CCH-004597,ACCT-000218,B0138,699.54,2026-07-24T10:32:12+00:00
CCH-004598,ACCT-000137,B0138,160.86,2026-07-24T10:32:12+00:00
CCH-004599,ACCT-000460,B0138,692.18,2026-07-24T10:32:12+00:00
CCH-004600,ACCT-000316,B0138,339.23,2026-07-24T10:32:12+00:00
CCH-004601,ACCT-000202,B0138,422.78,2026-07-24T10:32:12+00:00
CCH-004602,ACCT-000522,B0138,320.76,2026-07-24T10:32:12+00:00
CCH-004603,ACCT-000252,B0138,1045.71,2026-07-24T10:32:12+00:00
CCH-004604,ACCT-000225,B0138,943.55,2026-07-24T10:32:12+00:00
CCH-004605,ACCT-000504,B0138,241.12,2026-07-24T10:32:12+00:00
CCH-004606,ACCT-000315,B0138,549.42,2026-07-24T10:32:12+00:00
CCH-004607,ACCT-000493,B0138,554.57,2026-07-24T10:32:12+00:00
CCH-004608,ACCT-000301,B0138,400.12,2026-07-24T10:32:12+00:00
CCH-004609,ACCT-000190,B0138,380.29,2026-07-24T10:32:12+00:00
CCH-004610,ACCT-000509,B0138,465.58,2026-07-24T10:32:12+00:00
CCH-004611,ACCT-000464,B0138,1261.96,2026-07-24T10:32:12+00:00
CCH-004612,ACCT-000233,B0138,325.23,2026-07-24T10:32:12+00:00
CCH-004613,ACCT-000006,B0138,433.06,2026-07-24T10:32:12+00:00
CCH-004614,ACCT-000186,B0138,477.61,2026-07-24T10:32:12+00:00
CCH-004615,ACCT-000392,B0138,132.92,2026-07-24T10:32:12+00:00
CCH-004616,ACCT-000100,B0138,975.42,2026-07-24T10:32:12+00:00
CCH-004617,ACCT-000224,B0138,711.05,2026-07-24T10:32:12+00:00
CCH-004618,ACCT-000371,B0138,105.09,2026-07-24T10:32:12+00:00
CCH-004619,ACCT-000149,B0138,413.24,2026-07-24T10:32:12+00:00
CCH-004620,ACCT-000523,B0138,499.66,2026-07-24T10:32:12+00:00
CCH-004621,ACCT-000524,B0138,224.11,2026-07-24T10:32:12+00:00
CCH-004622,ACCT-000525,B0138,161.6,2026-07-24T10:32:12+00:00
CCH-004623,ACCT-000526,B0138,996.45,2026-07-24T10:32:12+00:00
CCH-004624,ACCT-000160,B0139,253.59,2026-07-24T12:14:28+00:00
CCH-004625,ACCT-000159,B0139,266.18,2026-07-24T12:14:28+00:00
CCH-004626,ACCT-000134,B0139,816.93,2026-07-24T12:14:28+00:00
CCH-004627,ACCT-000303,B0139,435.6,2026-07-24T12:14:28+00:00
CCH-004628,ACCT-000056,B0139,229.34,2026-07-24T12:14:28+00:00
CCH-004629,ACCT-000511,B0139,50.84,2026-07-24T12:14:28+00:00
CCH-004630,ACCT-000217,B0139,52.7,2026-07-24T12:14:28+00:00
CCH-004631,ACCT-000406,B0139,220.49,2026-07-24T12:14:28+00:00
CCH-004632,ACCT-000223,B0139,778.41,2026-07-24T12:14:28+00:00
CCH-004633,ACCT-000357,B0139,254.58,2026-07-24T12:14:28+00:00
CCH-004634,ACCT-000169,B0139,657.03,2026-07-24T12:14:28+00:00
CCH-004635,ACCT-000206,B0139,60.65,2026-07-24T12:14:28+00:00
CCH-004636,ACCT-000395,B0139,556.76,2026-07-24T12:14:28+00:00
CCH-004637,ACCT-000433,B0139,727.76,2026-07-24T12:14:28+00:00
CCH-004638,ACCT-000404,B0139,55.97,2026-07-24T12:14:28+00:00
CCH-004639,ACCT-000423,B0139,526.19,2026-07-24T12:14:28+00:00
CCH-004640,ACCT-000102,B0139,743.48,2026-07-24T12:14:28+00:00
CCH-004641,ACCT-000100,B0139,106.55,2026-07-24T12:14:28+00:00
CCH-004642,ACCT-000372,B0139,707.09,2026-07-24T12:14:28+00:00
CCH-004643,ACCT-000119,B0139,289.56,2026-07-24T12:14:28+00:00
CCH-004644,ACCT-000023,B0139,227.98,2026-07-24T12:14:28+00:00
CCH-004645,ACCT-000410,B0139,566.12,2026-07-24T12:14:28+00:00
CCH-004646,ACCT-000413,B0139,492.95,2026-07-24T12:14:28+00:00
CCH-004647,ACCT-000344,B0139,511.91,2026-07-24T12:14:28+00:00
CCH-004648,ACCT-000480,B0139,395.05,2026-07-24T12:14:28+00:00
CCH-004649,ACCT-000450,B0139,580.82,2026-07-24T12:14:28+00:00
CCH-004650,ACCT-000058,B0139,636.34,2026-07-24T12:14:28+00:00
CCH-004651,ACCT-000059,B0139,671.88,2026-07-24T12:14:28+00:00
CCH-004652,ACCT-000467,B0139,632.28,2026-07-24T12:14:28+00:00
CCH-004653,ACCT-000035,B0139,558.35,2026-07-24T12:14:28+00:00
CCH-004654,ACCT-000224,B0139,522.97,2026-07-24T12:14:28+00:00
CCH-004655,ACCT-000104,B0139,222.49,2026-07-24T12:14:28+00:00
CCH-004656,ACCT-000133,B0139,683.91,2026-07-24T12:14:28+00:00
CCH-004657,ACCT-000527,B0139,1086.04,2026-07-24T12:14:28+00:00
CCH-004658,ACCT-000528,B0139,683.0,2026-07-24T12:14:28+00:00
CCH-004659,ACCT-000529,B0139,602.62,2026-07-24T12:14:28+00:00
CCH-004660,ACCT-000530,B0139,995.01,2026-07-24T12:14:28+00:00
CCH-004661,ACCT-000128,B0140,378.66,2026-07-24T14:19:23+00:00
CCH-004662,ACCT-000119,B0140,279.34,2026-07-24T14:19:23+00:00
CCH-004663,ACCT-000022,B0140,294.75,2026-07-24T14:19:23+00:00
CCH-004664,ACCT-000505,B0140,342.81,2026-07-24T14:19:23+00:00
CCH-004665,ACCT-000314,B0140,226.9,2026-07-24T14:19:23+00:00
CCH-004666,ACCT-000238,B0140,1259.1,2026-07-24T14:19:23+00:00
CCH-004667,ACCT-000402,B0140,37.82,2026-07-24T14:19:23+00:00
CCH-004668,ACCT-000221,B0140,273.87,2026-07-24T14:19:23+00:00
CCH-004669,ACCT-000170,B0140,133.68,2026-07-24T14:19:23+00:00
CCH-004670,ACCT-000275,B0140,68.44,2026-07-24T14:19:23+00:00
CCH-004671,ACCT-000133,B0140,415.98,2026-07-24T14:19:23+00:00
CCH-004672,ACCT-000214,B0140,864.82,2026-07-24T14:19:23+00:00
CCH-004673,ACCT-000283,B0140,725.09,2026-07-24T14:19:23+00:00
CCH-004674,ACCT-000044,B0140,848.95,2026-07-24T14:19:23+00:00
CCH-004675,ACCT-000529,B0140,614.08,2026-07-24T14:19:23+00:00
CCH-004676,ACCT-000419,B0140,427.43,2026-07-24T14:19:23+00:00
CCH-004677,ACCT-000447,B0140,618.49,2026-07-24T14:19:23+00:00
CCH-004678,ACCT-000448,B0140,412.78,2026-07-24T14:19:23+00:00
CCH-004679,ACCT-000311,B0140,979.83,2026-07-24T14:19:23+00:00
CCH-004680,ACCT-000200,B0140,433.53,2026-07-24T14:19:23+00:00
CCH-004681,ACCT-000471,B0140,283.92,2026-07-24T14:19:23+00:00
CCH-004682,ACCT-000181,B0140,1041.45,2026-07-24T14:19:23+00:00
CCH-004683,ACCT-000235,B0140,507.46,2026-07-24T14:19:23+00:00
CCH-004684,ACCT-000118,B0140,328.71,2026-07-24T14:19:23+00:00
CCH-004685,ACCT-000436,B0140,429.01,2026-07-24T14:19:23+00:00
CCH-004686,ACCT-000288,B0140,841.37,2026-07-24T14:19:23+00:00
CCH-004687,ACCT-000233,B0140,551.45,2026-07-24T14:19:23+00:00
CCH-004688,ACCT-000464,B0140,872.5,2026-07-24T14:19:23+00:00
CCH-004689,ACCT-000357,B0140,153.54,2026-07-24T14:19:23+00:00
CCH-004690,ACCT-000261,B0140,340.0,2026-07-24T14:19:23+00:00
CCH-004691,ACCT-000463,B0140,300.62,2026-07-24T14:19:23+00:00
CCH-004692,ACCT-000531,B0140,1020.29,2026-07-24T14:19:23+00:00
CCH-004693,ACCT-000532,B0140,226.91,2026-07-24T14:19:23+00:00
CCH-004694,ACCT-000533,B0140,661.97,2026-07-24T14:19:23+00:00
CCH-004695,ACCT-000534,B0140,597.89,2026-07-24T14:19:23+00:00
CCH-004696,ACCT-000391,B0141,257.53,2026-07-24T15:52:26+00:00
CCH-004697,ACCT-000305,B0141,180.81,2026-07-24T15:52:26+00:00
CCH-004698,ACCT-000452,B0141,48.26,2026-07-24T15:52:26+00:00
CCH-004699,ACCT-000512,B0141,660.93,2026-07-24T15:52:26+00:00
CCH-004700,ACCT-000157,B0141,632.39,2026-07-24T15:52:26+00:00
CCH-004701,ACCT-000341,B0141,233.39,2026-07-24T15:52:26+00:00
CCH-004702,ACCT-000492,B0141,966.69,2026-07-24T15:52:26+00:00
CCH-004703,ACCT-000373,B0141,722.57,2026-07-24T15:52:26+00:00
CCH-004704,ACCT-000196,B0141,278.48,2026-07-24T15:52:26+00:00
CCH-004705,ACCT-000471,B0141,568.46,2026-07-24T15:52:26+00:00
CCH-004706,ACCT-000491,B0141,798.12,2026-07-24T15:52:26+00:00
CCH-004707,ACCT-000091,B0141,329.55,2026-07-24T15:52:26+00:00
CCH-004708,ACCT-000527,B0141,924.08,2026-07-24T15:52:26+00:00
CCH-004709,ACCT-000167,B0141,437.33,2026-07-24T15:52:26+00:00
CCH-004710,ACCT-000018,B0141,892.62,2026-07-24T15:52:26+00:00
CCH-004711,ACCT-000075,B0141,885.08,2026-07-24T15:52:26+00:00
CCH-004712,ACCT-000019,B0141,51.7,2026-07-24T15:52:26+00:00
CCH-004713,ACCT-000307,B0141,305.42,2026-07-24T15:52:26+00:00
CCH-004714,ACCT-000192,B0141,125.16,2026-07-24T15:52:26+00:00
CCH-004715,ACCT-000468,B0141,297.46,2026-07-24T15:52:26+00:00
CCH-004716,ACCT-000533,B0141,342.59,2026-07-24T15:52:26+00:00
CCH-004717,ACCT-000206,B0141,476.09,2026-07-24T15:52:26+00:00
CCH-004718,ACCT-000461,B0141,753.77,2026-07-24T15:52:26+00:00
CCH-004719,ACCT-000028,B0141,371.28,2026-07-24T15:52:26+00:00
CCH-004720,ACCT-000123,B0141,512.34,2026-07-24T15:52:26+00:00
CCH-004721,ACCT-000338,B0141,560.85,2026-07-24T15:52:26+00:00
CCH-004722,ACCT-000078,B0141,716.46,2026-07-24T15:52:26+00:00
CCH-004723,ACCT-000322,B0141,535.48,2026-07-24T15:52:26+00:00
CCH-004724,ACCT-000535,B0141,695.79,2026-07-24T15:52:26+00:00
CCH-004725,ACCT-000536,B0141,821.31,2026-07-24T15:52:26+00:00
CCH-004726,ACCT-000537,B0141,733.88,2026-07-24T15:52:26+00:00
CCH-004727,ACCT-000538,B0141,816.86,2026-07-24T15:52:26+00:00
CCH-004728,ACCT-000297,B0142,209.5,2026-07-24T17:22:13+00:00
CCH-004729,ACCT-000396,B0142,640.43,2026-07-24T17:22:13+00:00
CCH-004730,ACCT-000449,B0142,1046.33,2026-07-24T17:22:13+00:00
CCH-004731,ACCT-000225,B0142,578.87,2026-07-24T17:22:13+00:00
CCH-004732,ACCT-000455,B0142,868.19,2026-07-24T17:22:13+00:00
CCH-004733,ACCT-000185,B0142,355.01,2026-07-24T17:22:13+00:00
CCH-004734,ACCT-000340,B0142,170.2,2026-07-24T17:22:13+00:00
CCH-004735,ACCT-000175,B0142,297.12,2026-07-24T17:22:13+00:00
CCH-004736,ACCT-000215,B0142,110.14,2026-07-24T17:22:13+00:00
CCH-004737,ACCT-000398,B0142,619.25,2026-07-24T17:22:13+00:00
CCH-004738,ACCT-000058,B0142,215.2,2026-07-24T17:22:13+00:00
CCH-004739,ACCT-000035,B0142,748.4,2026-07-24T17:22:13+00:00
CCH-004740,ACCT-000442,B0142,192.63,2026-07-24T17:22:13+00:00
CCH-004741,ACCT-000502,B0142,172.54,2026-07-24T17:22:13+00:00
CCH-004742,ACCT-000217,B0142,546.48,2026-07-24T17:22:13+00:00
CCH-004743,ACCT-000508,B0142,225.0,2026-07-24T17:22:13+00:00
CCH-004744,ACCT-000028,B0142,419.73,2026-07-24T17:22:13+00:00
CCH-004745,ACCT-000243,B0142,691.95,2026-07-24T17:22:13+00:00
CCH-004746,ACCT-000308,B0142,278.04,2026-07-24T17:22:13+00:00
CCH-004747,ACCT-000337,B0142,454.46,2026-07-24T17:22:13+00:00
CCH-004748,ACCT-000431,B0142,328.63,2026-07-24T17:22:13+00:00
CCH-004749,ACCT-000096,B0142,514.58,2026-07-24T17:22:13+00:00
CCH-004750,ACCT-000080,B0142,603.32,2026-07-24T17:22:13+00:00
CCH-004751,ACCT-000146,B0142,671.43,2026-07-24T17:22:13+00:00
CCH-004752,ACCT-000023,B0142,832.75,2026-07-24T17:22:13+00:00
CCH-004753,ACCT-000539,B0142,1043.53,2026-07-24T17:22:13+00:00
CCH-004754,ACCT-000540,B0142,802.34,2026-07-24T17:22:13+00:00
CCH-004755,ACCT-000522,B0143,190.51,2026-07-24T18:54:21+00:00
CCH-004756,ACCT-000521,B0143,716.13,2026-07-24T18:54:21+00:00
CCH-004757,ACCT-000329,B0143,643.31,2026-07-24T18:54:21+00:00
CCH-004758,ACCT-000145,B0143,851.41,2026-07-24T18:54:21+00:00
CCH-004759,ACCT-000028,B0143,488.39,2026-07-24T18:54:21+00:00
CCH-004760,ACCT-000017,B0143,602.2,2026-07-24T18:54:21+00:00
CCH-004761,ACCT-000432,B0143,470.26,2026-07-24T18:54:21+00:00
CCH-004762,ACCT-000277,B0143,599.78,2026-07-24T18:54:21+00:00
CCH-004763,ACCT-000451,B0143,639.59,2026-07-24T18:54:21+00:00
CCH-004764,ACCT-000184,B0143,461.45,2026-07-24T18:54:21+00:00
CCH-004765,ACCT-000359,B0143,708.91,2026-07-24T18:54:21+00:00
CCH-004766,ACCT-000015,B0143,787.7,2026-07-24T18:54:21+00:00
CCH-004767,ACCT-000353,B0143,470.13,2026-07-24T18:54:21+00:00
CCH-004768,ACCT-000331,B0143,916.89,2026-07-24T18:54:21+00:00
CCH-004769,ACCT-000350,B0143,659.68,2026-07-24T18:54:21+00:00
CCH-004770,ACCT-000518,B0143,242.39,2026-07-24T18:54:21+00:00
CCH-004771,ACCT-000455,B0143,543.51,2026-07-24T18:54:21+00:00
CCH-004772,ACCT-000249,B0143,489.61,2026-07-24T18:54:21+00:00
CCH-004773,ACCT-000114,B0143,328.84,2026-07-24T18:54:21+00:00
CCH-004774,ACCT-000226,B0143,185.67,2026-07-24T18:54:21+00:00
CCH-004775,ACCT-000012,B0143,130.53,2026-07-24T18:54:21+00:00
CCH-004776,ACCT-000155,B0143,324.64,2026-07-24T18:54:21+00:00
CCH-004777,ACCT-000442,B0143,340.36,2026-07-24T18:54:21+00:00
CCH-004778,ACCT-000219,B0143,1089.61,2026-07-24T18:54:21+00:00
CCH-004779,ACCT-000410,B0143,490.05,2026-07-24T18:54:21+00:00
CCH-004780,ACCT-000074,B0143,138.37,2026-07-24T18:54:21+00:00
CCH-004781,ACCT-000541,B0143,562.66,2026-07-24T18:54:21+00:00
CCH-004782,ACCT-000542,B0143,850.29,2026-07-24T18:54:21+00:00
CCH-004783,ACCT-000543,B0143,834.04,2026-07-24T18:54:21+00:00
CCH-004784,ACCT-000392,B0144,97.28,2026-07-24T20:12:52+00:00
CCH-004785,ACCT-000187,B0144,914.19,2026-07-24T20:12:52+00:00
CCH-004786,ACCT-000303,B0144,701.38,2026-07-24T20:12:52+00:00
CCH-004787,ACCT-000260,B0144,64.67,2026-07-24T20:12:52+00:00
CCH-004788,ACCT-000083,B0144,523.99,2026-07-24T20:12:52+00:00
CCH-004789,ACCT-000185,B0144,394.73,2026-07-24T20:12:52+00:00
CCH-004790,ACCT-000298,B0144,341.57,2026-07-24T20:12:52+00:00
CCH-004791,ACCT-000204,B0144,560.81,2026-07-24T20:12:52+00:00
CCH-004792,ACCT-000398,B0144,356.04,2026-07-24T20:12:52+00:00
CCH-004793,ACCT-000026,B0144,160.82,2026-07-24T20:12:52+00:00
CCH-004794,ACCT-000262,B0144,351.29,2026-07-24T20:12:52+00:00
CCH-004795,ACCT-000173,B0144,660.39,2026-07-24T20:12:52+00:00
CCH-004796,ACCT-000417,B0144,164.28,2026-07-24T20:12:52+00:00
CCH-004797,ACCT-000071,B0144,357.97,2026-07-24T20:12:52+00:00
CCH-004798,ACCT-000241,B0144,764.74,2026-07-24T20:12:52+00:00
CCH-004799,ACCT-000345,B0144,233.34,2026-07-24T20:12:52+00:00
CCH-004800,ACCT-000086,B0144,192.59,2026-07-24T20:12:52+00:00
CCH-004801,ACCT-000093,B0144,168.11,2026-07-24T20:12:52+00:00
CCH-004802,ACCT-000355,B0144,123.66,2026-07-24T20:12:52+00:00
CCH-004803,ACCT-000182,B0144,656.65,2026-07-24T20:12:52+00:00
CCH-004804,ACCT-000376,B0144,644.87,2026-07-24T20:12:52+00:00
CCH-004805,ACCT-000024,B0144,715.0,2026-07-24T20:12:52+00:00
CCH-004806,ACCT-000343,B0144,260.49,2026-07-24T20:12:52+00:00
CCH-004807,ACCT-000023,B0144,735.78,2026-07-24T20:12:52+00:00
CCH-004808,ACCT-000532,B0144,622.34,2026-07-24T20:12:52+00:00
CCH-004809,ACCT-000104,B0144,94.18,2026-07-24T20:12:52+00:00
CCH-004810,ACCT-000164,B0144,912.68,2026-07-24T20:12:52+00:00
CCH-004811,ACCT-000544,B0144,534.6,2026-07-24T20:12:52+00:00
CCH-004812,ACCT-000545,B0144,706.69,2026-07-24T20:12:52+00:00
CCH-004813,ACCT-000546,B0144,705.83,2026-07-24T20:12:52+00:00
CCH-004814,ACCT-000547,B0144,339.41,2026-07-24T20:12:52+00:00
CCH-004815,ACCT-000382,B0145,488.47,2026-07-24T21:34:35+00:00
CCH-004816,ACCT-000461,B0145,528.3,2026-07-24T21:34:35+00:00
CCH-004817,ACCT-000334,B0145,82.88,2026-07-24T21:34:35+00:00
CCH-004818,ACCT-000158,B0145,867.94,2026-07-24T21:34:35+00:00
CCH-004819,ACCT-000500,B0145,177.04,2026-07-24T21:34:35+00:00
CCH-004820,ACCT-000499,B0145,555.59,2026-07-24T21:34:35+00:00
CCH-004821,ACCT-000485,B0145,539.21,2026-07-24T21:34:35+00:00
CCH-004822,ACCT-000361,B0145,582.28,2026-07-24T21:34:35+00:00
CCH-004823,ACCT-000013,B0145,626.48,2026-07-24T21:34:35+00:00
CCH-004824,ACCT-000178,B0145,919.94,2026-07-24T21:34:35+00:00
CCH-004825,ACCT-000484,B0145,805.99,2026-07-24T21:34:35+00:00
CCH-004826,ACCT-000511,B0145,741.15,2026-07-24T21:34:35+00:00
CCH-004827,ACCT-000207,B0145,958.04,2026-07-24T21:34:35+00:00
CCH-004828,ACCT-000373,B0145,556.66,2026-07-24T21:34:35+00:00
CCH-004829,ACCT-000099,B0145,487.26,2026-07-24T21:34:35+00:00
CCH-004830,ACCT-000295,B0145,840.68,2026-07-24T21:34:35+00:00
CCH-004831,ACCT-000064,B0145,277.61,2026-07-24T21:34:35+00:00
CCH-004832,ACCT-000314,B0145,513.02,2026-07-24T21:34:35+00:00
CCH-004833,ACCT-000102,B0145,476.93,2026-07-24T21:34:35+00:00
CCH-004834,ACCT-000399,B0145,493.6,2026-07-24T21:34:35+00:00
CCH-004835,ACCT-000449,B0145,386.0,2026-07-24T21:34:35+00:00
CCH-004836,ACCT-000090,B0145,678.84,2026-07-24T21:34:35+00:00
CCH-004837,ACCT-000472,B0145,840.32,2026-07-24T21:34:35+00:00
CCH-004838,ACCT-000268,B0145,158.52,2026-07-24T21:34:35+00:00
CCH-004839,ACCT-000151,B0145,158.94,2026-07-24T21:34:35+00:00
CCH-004840,ACCT-000296,B0145,800.14,2026-07-24T21:34:35+00:00
CCH-004841,ACCT-000014,B0145,431.26,2026-07-24T21:34:35+00:00
CCH-004842,ACCT-000197,B0145,151.91,2026-07-24T21:34:35+00:00
CCH-004843,ACCT-000447,B0145,608.92,2026-07-24T21:34:35+00:00
CCH-004844,ACCT-000523,B0145,565.84,2026-07-24T21:34:35+00:00
CCH-004845,ACCT-000059,B0145,137.53,2026-07-24T21:34:35+00:00
CCH-004846,ACCT-000496,B0145,812.54,2026-07-24T21:34:35+00:00
CCH-004847,ACCT-000384,B0145,483.66,2026-07-24T21:34:35+00:00
CCH-004848,ACCT-000453,B0145,571.29,2026-07-24T21:34:35+00:00
CCH-004849,ACCT-000548,B0145,162.23,2026-07-24T21:34:35+00:00
CCH-004850,ACCT-000549,B0145,1027.02,2026-07-24T21:34:35+00:00
CCH-004851,ACCT-000550,B0145,254.42,2026-07-24T21:34:35+00:00
CCH-004852,ACCT-000167,B0146,189.98,2026-07-24T22:55:06+00:00
CCH-004853,ACCT-000303,B0146,590.21,2026-07-24T22:55:06+00:00
CCH-004854,ACCT-000012,B0146,480.54,2026-07-24T22:55:06+00:00
CCH-004855,ACCT-000543,B0146,493.73,2026-07-24T22:55:06+00:00
CCH-004856,ACCT-000207,B0146,727.02,2026-07-24T22:55:06+00:00
CCH-004857,ACCT-000283,B0146,745.87,2026-07-24T22:55:06+00:00
CCH-004858,ACCT-000318,B0146,357.98,2026-07-24T22:55:06+00:00
CCH-004859,ACCT-000117,B0146,168.28,2026-07-24T22:55:06+00:00
CCH-004860,ACCT-000502,B0146,519.43,2026-07-24T22:55:06+00:00
CCH-004861,ACCT-000124,B0146,369.3,2026-07-24T22:55:06+00:00
CCH-004862,ACCT-000327,B0146,332.48,2026-07-24T22:55:06+00:00
CCH-004863,ACCT-000104,B0146,81.73,2026-07-24T22:55:06+00:00
CCH-004864,ACCT-000308,B0146,296.87,2026-07-24T22:55:06+00:00
CCH-004865,ACCT-000077,B0146,664.5,2026-07-24T22:55:06+00:00
CCH-004866,ACCT-000549,B0146,598.26,2026-07-24T22:55:06+00:00
CCH-004867,ACCT-000359,B0146,923.43,2026-07-24T22:55:06+00:00
CCH-004868,ACCT-000278,B0146,1074.1,2026-07-24T22:55:06+00:00
CCH-004869,ACCT-000130,B0146,190.66,2026-07-24T22:55:06+00:00
CCH-004870,ACCT-000202,B0146,642.52,2026-07-24T22:55:06+00:00
CCH-004871,ACCT-000050,B0146,817.56,2026-07-24T22:55:06+00:00
CCH-004872,ACCT-000274,B0146,569.66,2026-07-24T22:55:06+00:00
CCH-004873,ACCT-000119,B0146,625.97,2026-07-24T22:55:06+00:00
CCH-004874,ACCT-000192,B0146,112.59,2026-07-24T22:55:06+00:00
CCH-004875,ACCT-000538,B0146,504.65,2026-07-24T22:55:06+00:00
CCH-004876,ACCT-000195,B0146,759.5,2026-07-24T22:55:06+00:00
CCH-004877,ACCT-000299,B0146,433.69,2026-07-24T22:55:06+00:00
CCH-004878,ACCT-000375,B0146,558.51,2026-07-24T22:55:06+00:00
CCH-004879,ACCT-000511,B0146,422.11,2026-07-24T22:55:06+00:00
CCH-004880,ACCT-000519,B0146,340.83,2026-07-24T22:55:06+00:00
CCH-004881,ACCT-000248,B0146,577.4,2026-07-24T22:55:06+00:00
CCH-004882,ACCT-000455,B0146,1136.63,2026-07-24T22:55:06+00:00
CCH-004883,ACCT-000411,B0146,912.34,2026-07-24T22:55:06+00:00
CCH-004884,ACCT-000113,B0146,1020.03,2026-07-24T22:55:06+00:00
CCH-004885,ACCT-000384,B0146,593.78,2026-07-24T22:55:06+00:00
CCH-004886,ACCT-000551,B0146,511.3,2026-07-24T22:55:06+00:00
CCH-004887,ACCT-000552,B0146,509.06,2026-07-24T22:55:06+00:00
CCH-004888,ACCT-000209,B0147,533.19,2026-07-24T23:57:31+00:00
CCH-004889,ACCT-000246,B0147,524.34,2026-07-24T23:57:31+00:00
CCH-004890,ACCT-000444,B0147,220.9,2026-07-24T23:57:31+00:00
CCH-004891,ACCT-000299,B0147,84.06,2026-07-24T23:57:31+00:00
CCH-004892,ACCT-000398,B0147,617.7,2026-07-24T23:57:31+00:00
CCH-004893,ACCT-000448,B0147,901.48,2026-07-24T23:57:31+00:00
CCH-004894,ACCT-000411,B0147,763.42,2026-07-24T23:57:31+00:00
CCH-004895,ACCT-000109,B0147,371.15,2026-07-24T23:57:31+00:00
CCH-004896,ACCT-000529,B0147,190.9,2026-07-24T23:57:31+00:00
CCH-004897,ACCT-000242,B0147,239.69,2026-07-24T23:57:31+00:00
CCH-004898,ACCT-000083,B0147,972.35,2026-07-24T23:57:31+00:00
CCH-004899,ACCT-000143,B0147,251.94,2026-07-24T23:57:31+00:00
CCH-004900,ACCT-000317,B0147,622.05,2026-07-24T23:57:31+00:00
CCH-004901,ACCT-000426,B0147,146.16,2026-07-24T23:57:31+00:00
CCH-004902,ACCT-000513,B0147,786.88,2026-07-24T23:57:31+00:00
CCH-004903,ACCT-000031,B0147,149.37,2026-07-24T23:57:31+00:00
CCH-004904,ACCT-000067,B0147,804.35,2026-07-24T23:57:31+00:00
CCH-004905,ACCT-000284,B0147,906.37,2026-07-24T23:57:31+00:00
CCH-004906,ACCT-000244,B0147,302.82,2026-07-24T23:57:31+00:00
CCH-004907,ACCT-000483,B0147,683.13,2026-07-24T23:57:31+00:00
CCH-004908,ACCT-000217,B0147,360.99,2026-07-24T23:57:31+00:00
CCH-004909,ACCT-000074,B0147,950.39,2026-07-24T23:57:31+00:00
CCH-004910,ACCT-000332,B0147,306.98,2026-07-24T23:57:31+00:00
CCH-004911,ACCT-000410,B0147,54.32,2026-07-24T23:57:31+00:00
CCH-004912,ACCT-000461,B0147,326.12,2026-07-24T23:57:31+00:00
CCH-004913,ACCT-000525,B0147,175.61,2026-07-24T23:57:31+00:00
CCH-004914,ACCT-000219,B0147,611.45,2026-07-24T23:57:31+00:00
CCH-004915,ACCT-000181,B0147,247.04,2026-07-24T23:57:31+00:00
CCH-004916,ACCT-000228,B0147,347.11,2026-07-24T23:57:31+00:00
CCH-004917,ACCT-000499,B0147,396.03,2026-07-24T23:57:31+00:00
CCH-004918,ACCT-000413,B0147,954.37,2026-07-24T23:57:31+00:00
CCH-004919,ACCT-000155,B0147,466.92,2026-07-24T23:57:31+00:00
CCH-004920,ACCT-000471,B0147,332.61,2026-07-24T23:57:31+00:00
CCH-004921,ACCT-000553,B0147,168.87,2026-07-24T23:57:31+00:00
CCH-004922,ACCT-000554,B0147,463.69,2026-07-24T23:57:31+00:00
CCH-004923,ACCT-000555,B0147,174.19,2026-07-24T23:57:31+00:00
CCH-004924,ACCT-000006,B0148,371.15,2026-07-25T02:25:23+00:00
CCH-004925,ACCT-000390,B0148,902.03,2026-07-25T02:25:23+00:00
CCH-004926,ACCT-000477,B0148,420.3,2026-07-25T02:25:23+00:00
CCH-004927,ACCT-000211,B0148,601.94,2026-07-25T02:25:23+00:00
CCH-004928,ACCT-000461,B0148,702.68,2026-07-25T02:25:23+00:00
CCH-004929,ACCT-000088,B0148,144.2,2026-07-25T02:25:23+00:00
CCH-004930,ACCT-000038,B0148,858.24,2026-07-25T02:25:23+00:00
CCH-004931,ACCT-000428,B0148,1102.39,2026-07-25T02:25:23+00:00
CCH-004932,ACCT-000320,B0148,622.67,2026-07-25T02:25:23+00:00
CCH-004933,ACCT-000151,B0148,652.73,2026-07-25T02:25:23+00:00
CCH-004934,ACCT-000399,B0148,714.71,2026-07-25T02:25:23+00:00
CCH-004935,ACCT-000529,B0148,170.94,2026-07-25T02:25:23+00:00
CCH-004936,ACCT-000044,B0148,515.65,2026-07-25T02:25:23+00:00
CCH-004937,ACCT-000448,B0148,476.59,2026-07-25T02:25:23+00:00
CCH-004938,ACCT-000070,B0148,529.75,2026-07-25T02:25:23+00:00
CCH-004939,ACCT-000297,B0148,708.91,2026-07-25T02:25:23+00:00
CCH-004940,ACCT-000079,B0148,447.1,2026-07-25T02:25:23+00:00
CCH-004941,ACCT-000253,B0148,380.3,2026-07-25T02:25:23+00:00
CCH-004942,ACCT-000456,B0148,580.06,2026-07-25T02:25:23+00:00
CCH-004943,ACCT-000193,B0148,538.59,2026-07-25T02:25:23+00:00
CCH-004944,ACCT-000538,B0148,295.46,2026-07-25T02:25:23+00:00
CCH-004945,ACCT-000022,B0148,616.5,2026-07-25T02:25:23+00:00
CCH-004946,ACCT-000246,B0148,597.49,2026-07-25T02:25:23+00:00
CCH-004947,ACCT-000426,B0148,909.04,2026-07-25T02:25:23+00:00
CCH-004948,ACCT-000213,B0148,367.01,2026-07-25T02:25:23+00:00
CCH-004949,ACCT-000455,B0148,455.2,2026-07-25T02:25:23+00:00
CCH-004950,ACCT-000419,B0148,764.25,2026-07-25T02:25:23+00:00
CCH-004951,ACCT-000121,B0148,607.8,2026-07-25T02:25:23+00:00
CCH-004952,ACCT-000556,B0148,47.11,2026-07-25T02:25:23+00:00
CCH-004953,ACCT-000557,B0148,868.12,2026-07-25T02:25:23+00:00
CCH-004954,ACCT-000303,B0149,716.91,2026-07-25T05:27:49+00:00
CCH-004955,ACCT-000232,B0149,1020.65,2026-07-25T05:27:49+00:00
CCH-004956,ACCT-000299,B0149,426.28,2026-07-25T05:27:49+00:00
CCH-004957,ACCT-000409,B0149,381.62,2026-07-25T05:27:49+00:00
CCH-004958,ACCT-000550,B0149,613.72,2026-07-25T05:27:49+00:00
CCH-004959,ACCT-000507,B0149,795.57,2026-07-25T05:27:49+00:00
CCH-004960,ACCT-000320,B0149,782.76,2026-07-25T05:27:49+00:00
CCH-004961,ACCT-000329,B0149,656.47,2026-07-25T05:27:49+00:00
CCH-004962,ACCT-000146,B0149,34.91,2026-07-25T05:27:49+00:00
CCH-004963,ACCT-000540,B0149,910.86,2026-07-25T05:27:49+00:00
CCH-004964,ACCT-000373,B0149,47.78,2026-07-25T05:27:49+00:00
CCH-004965,ACCT-000300,B0149,500.94,2026-07-25T05:27:49+00:00
CCH-004966,ACCT-000206,B0149,108.95,2026-07-25T05:27:49+00:00
CCH-004967,ACCT-000509,B0149,690.96,2026-07-25T05:27:49+00:00
CCH-004968,ACCT-000226,B0149,533.16,2026-07-25T05:27:49+00:00
CCH-004969,ACCT-000490,B0149,545.26,2026-07-25T05:27:49+00:00
CCH-004970,ACCT-000034,B0149,327.5,2026-07-25T05:27:49+00:00
CCH-004971,ACCT-000170,B0149,237.37,2026-07-25T05:27:49+00:00
CCH-004972,ACCT-000514,B0149,324.65,2026-07-25T05:27:49+00:00
CCH-004973,ACCT-000072,B0149,985.11,2026-07-25T05:27:49+00:00
CCH-004974,ACCT-000118,B0149,102.65,2026-07-25T05:27:49+00:00
CCH-004975,ACCT-000090,B0149,285.56,2026-07-25T05:27:49+00:00
CCH-004976,ACCT-000486,B0149,462.56,2026-07-25T05:27:49+00:00
CCH-004977,ACCT-000104,B0149,36.7,2026-07-25T05:27:49+00:00
CCH-004978,ACCT-000330,B0149,860.27,2026-07-25T05:27:49+00:00
CCH-004979,ACCT-000508,B0149,592.89,2026-07-25T05:27:49+00:00
CCH-004980,ACCT-000278,B0149,323.1,2026-07-25T05:27:49+00:00
CCH-004981,ACCT-000512,B0149,963.92,2026-07-25T05:27:49+00:00
CCH-004982,ACCT-000337,B0149,663.87,2026-07-25T05:27:49+00:00
CCH-004983,ACCT-000198,B0149,127.16,2026-07-25T05:27:49+00:00
CCH-004984,ACCT-000558,B0149,380.73,2026-07-25T05:27:49+00:00
CCH-004985,ACCT-000559,B0149,466.47,2026-07-25T05:27:49+00:00
CCH-004986,ACCT-000560,B0149,517.13,2026-07-25T05:27:49+00:00
CCH-004987,ACCT-000561,B0149,899.74,2026-07-25T05:27:49+00:00
CCH-004988,ACCT-000408,B0150,527.56,2026-07-25T07:32:50+00:00
CCH-004989,ACCT-000326,B0150,255.56,2026-07-25T07:32:50+00:00
CCH-004990,ACCT-000547,B0150,690.96,2026-07-25T07:32:50+00:00
CCH-004991,ACCT-000176,B0150,882.79,2026-07-25T07:32:50+00:00
CCH-004992,ACCT-000133,B0150,52.7,2026-07-25T07:32:50+00:00
CCH-004993,ACCT-000124,B0150,652.15,2026-07-25T07:32:50+00:00
CCH-004994,ACCT-000037,B0150,162.17,2026-07-25T07:32:50+00:00
CCH-004995,ACCT-000206,B0150,982.68,2026-07-25T07:32:50+00:00
CCH-004996,ACCT-000077,B0150,169.78,2026-07-25T07:32:50+00:00
CCH-004997,ACCT-000181,B0150,835.22,2026-07-25T07:32:50+00:00
CCH-004998,ACCT-000527,B0150,429.3,2026-07-25T07:32:50+00:00
CCH-004999,ACCT-000030,B0150,483.64,2026-07-25T07:32:50+00:00
CCH-005000,ACCT-000294,B0150,631.7,2026-07-25T07:32:50+00:00
CCH-005001,ACCT-000458,B0150,672.49,2026-07-25T07:32:50+00:00
CCH-005002,ACCT-000064,B0150,359.12,2026-07-25T07:32:50+00:00
CCH-005003,ACCT-000553,B0150,1245.73,2026-07-25T07:32:50+00:00
CCH-005004,ACCT-000365,B0150,277.56,2026-07-25T07:32:50+00:00
CCH-005005,ACCT-000203,B0150,798.44,2026-07-25T07:32:50+00:00
CCH-005006,ACCT-000555,B0150,612.74,2026-07-25T07:32:50+00:00
CCH-005007,ACCT-000232,B0150,150.8,2026-07-25T07:32:50+00:00
CCH-005008,ACCT-000487,B0150,421.3,2026-07-25T07:32:50+00:00
CCH-005009,ACCT-000510,B0150,354.27,2026-07-25T07:32:50+00:00
CCH-005010,ACCT-000218,B0150,684.5,2026-07-25T07:32:50+00:00
CCH-005011,ACCT-000533,B0150,576.46,2026-07-25T07:32:50+00:00
CCH-005012,ACCT-000195,B0150,1086.56,2026-07-25T07:32:50+00:00
CCH-005013,ACCT-000515,B0150,82.75,2026-07-25T07:32:50+00:00
CCH-005014,ACCT-000035,B0150,388.75,2026-07-25T07:32:50+00:00
CCH-005015,ACCT-000299,B0150,562.7,2026-07-25T07:32:50+00:00
CCH-005016,ACCT-000511,B0150,698.81,2026-07-25T07:32:50+00:00
CCH-005017,ACCT-000281,B0150,516.63,2026-07-25T07:32:50+00:00
CCH-005018,ACCT-000145,B0150,266.64,2026-07-25T07:32:50+00:00
CCH-005019,ACCT-000476,B0150,611.2,2026-07-25T07:32:50+00:00
CCH-005020,ACCT-000418,B0150,420.52,2026-07-25T07:32:50+00:00
CCH-005021,ACCT-000423,B0150,587.64,2026-07-25T07:32:50+00:00
CCH-005022,ACCT-000562,B0150,993.99,2026-07-25T07:32:50+00:00
CCH-005023,ACCT-000563,B0150,248.19,2026-07-25T07:32:50+00:00
CCH-005024,ACCT-000564,B0150,375.6,2026-07-25T07:32:50+00:00
CCH-005025,ACCT-000290,B0151,832.16,2026-07-25T09:30:00+00:00
CCH-005026,ACCT-000303,B0151,318.81,2026-07-25T09:30:00+00:00
CCH-005027,ACCT-000551,B0151,707.04,2026-07-25T09:30:00+00:00
CCH-005028,ACCT-000217,B0151,576.07,2026-07-25T09:30:00+00:00
CCH-005029,ACCT-000539,B0151,1060.35,2026-07-25T09:30:00+00:00
CCH-005030,ACCT-000363,B0151,762.49,2026-07-25T09:30:00+00:00
CCH-005031,ACCT-000068,B0151,777.03,2026-07-25T09:30:00+00:00
CCH-005032,ACCT-000319,B0151,925.82,2026-07-25T09:30:00+00:00
CCH-005033,ACCT-000056,B0151,755.18,2026-07-25T09:30:00+00:00
CCH-005034,ACCT-000103,B0151,568.61,2026-07-25T09:30:00+00:00
CCH-005035,ACCT-000313,B0151,51.25,2026-07-25T09:30:00+00:00
CCH-005036,ACCT-000536,B0151,519.03,2026-07-25T09:30:00+00:00
CCH-005037,ACCT-000504,B0151,225.07,2026-07-25T09:30:00+00:00
CCH-005038,ACCT-000206,B0151,667.85,2026-07-25T09:30:00+00:00
CCH-005039,ACCT-000169,B0151,108.26,2026-07-25T09:30:00+00:00
CCH-005040,ACCT-000321,B0151,359.17,2026-07-25T09:30:00+00:00
CCH-005041,ACCT-000473,B0151,624.75,2026-07-25T09:30:00+00:00
CCH-005042,ACCT-000067,B0151,282.94,2026-07-25T09:30:00+00:00
CCH-005043,ACCT-000512,B0151,898.1,2026-07-25T09:30:00+00:00
CCH-005044,ACCT-000191,B0151,451.67,2026-07-25T09:30:00+00:00
CCH-005045,ACCT-000432,B0151,358.96,2026-07-25T09:30:00+00:00
CCH-005046,ACCT-000416,B0151,755.74,2026-07-25T09:30:00+00:00
CCH-005047,ACCT-000487,B0151,911.62,2026-07-25T09:30:00+00:00
CCH-005048,ACCT-000004,B0151,123.77,2026-07-25T09:30:00+00:00
CCH-005049,ACCT-000114,B0151,653.61,2026-07-25T09:30:00+00:00
CCH-005050,ACCT-000565,B0151,329.02,2026-07-25T09:30:00+00:00
CCH-005051,ACCT-000566,B0151,613.68,2026-07-25T09:30:00+00:00
CCH-005052,ACCT-000567,B0151,622.08,2026-07-25T09:30:00+00:00
CCH-005053,ACCT-000568,B0151,221.73,2026-07-25T09:30:00+00:00
CCH-005054,ACCT-000562,B0152,291.46,2026-07-25T10:53:14+00:00
CCH-005055,ACCT-000480,B0152,839.62,2026-07-25T10:53:14+00:00
CCH-005056,ACCT-000117,B0152,115.87,2026-07-25T10:53:14+00:00
CCH-005057,ACCT-000170,B0152,464.89,2026-07-25T10:53:14+00:00
CCH-005058,ACCT-000518,B0152,748.38,2026-07-25T10:53:14+00:00
CCH-005059,ACCT-000151,B0152,581.89,2026-07-25T10:53:14+00:00
CCH-005060,ACCT-000050,B0152,759.17,2026-07-25T10:53:14+00:00
CCH-005061,ACCT-000346,B0152,487.33,2026-07-25T10:53:14+00:00
CCH-005062,ACCT-000205,B0152,259.83,2026-07-25T10:53:14+00:00
CCH-005063,ACCT-000200,B0152,1046.03,2026-07-25T10:53:14+00:00
CCH-005064,ACCT-000275,B0152,601.01,2026-07-25T10:53:14+00:00
CCH-005065,ACCT-000387,B0152,708.65,2026-07-25T10:53:14+00:00
CCH-005066,ACCT-000412,B0152,58.73,2026-07-25T10:53:14+00:00
CCH-005067,ACCT-000425,B0152,627.19,2026-07-25T10:53:14+00:00
CCH-005068,ACCT-000372,B0152,247.47,2026-07-25T10:53:14+00:00
CCH-005069,ACCT-000424,B0152,233.57,2026-07-25T10:53:14+00:00
CCH-005070,ACCT-000254,B0152,102.65,2026-07-25T10:53:14+00:00
CCH-005071,ACCT-000178,B0152,582.27,2026-07-25T10:53:14+00:00
CCH-005072,ACCT-000179,B0152,103.13,2026-07-25T10:53:14+00:00
CCH-005073,ACCT-000534,B0152,769.08,2026-07-25T10:53:14+00:00
CCH-005074,ACCT-000353,B0152,509.37,2026-07-25T10:53:14+00:00
CCH-005075,ACCT-000124,B0152,503.39,2026-07-25T10:53:14+00:00
CCH-005076,ACCT-000268,B0152,133.16,2026-07-25T10:53:14+00:00
CCH-005077,ACCT-000492,B0152,433.51,2026-07-25T10:53:14+00:00
CCH-005078,ACCT-000109,B0152,188.2,2026-07-25T10:53:14+00:00
CCH-005079,ACCT-000375,B0152,932.06,2026-07-25T10:53:14+00:00
CCH-005080,ACCT-000538,B0152,103.79,2026-07-25T10:53:14+00:00
CCH-005081,ACCT-000184,B0152,203.61,2026-07-25T10:53:14+00:00
CCH-005082,ACCT-000475,B0152,913.77,2026-07-25T10:53:14+00:00
CCH-005083,ACCT-000082,B0152,203.51,2026-07-25T10:53:14+00:00
CCH-005084,ACCT-000123,B0152,395.39,2026-07-25T10:53:14+00:00
CCH-005085,ACCT-000421,B0152,986.15,2026-07-25T10:53:14+00:00
CCH-005086,ACCT-000485,B0152,551.67,2026-07-25T10:53:14+00:00
CCH-005087,ACCT-000055,B0152,914.94,2026-07-25T10:53:14+00:00
CCH-005088,ACCT-000180,B0152,519.74,2026-07-25T10:53:14+00:00
CCH-005089,ACCT-000569,B0152,246.71,2026-07-25T10:53:14+00:00
CCH-005090,ACCT-000570,B0152,851.5,2026-07-25T10:53:14+00:00
CCH-005091,ACCT-000571,B0152,276.85,2026-07-25T10:53:14+00:00
CCH-005092,ACCT-000005,B0153,344.18,2026-07-25T11:58:32+00:00
CCH-005093,ACCT-000221,B0153,365.43,2026-07-25T11:58:32+00:00
CCH-005094,ACCT-000149,B0153,698.88,2026-07-25T11:58:32+00:00
CCH-005095,ACCT-000352,B0153,977.74,2026-07-25T11:58:32+00:00
CCH-005096,ACCT-000174,B0153,306.64,2026-07-25T11:58:32+00:00
CCH-005097,ACCT-000313,B0153,382.15,2026-07-25T11:58:32+00:00
CCH-005098,ACCT-000142,B0153,86.17,2026-07-25T11:58:32+00:00
CCH-005099,ACCT-000472,B0153,1034.83,2026-07-25T11:58:32+00:00
CCH-005100,ACCT-000531,B0153,524.11,2026-07-25T11:58:32+00:00
CCH-005101,ACCT-000444,B0153,153.15,2026-07-25T11:58:32+00:00
CCH-005102,ACCT-000137,B0153,866.96,2026-07-25T11:58:32+00:00
CCH-005103,ACCT-000216,B0153,593.26,2026-07-25T11:58:32+00:00
CCH-005104,ACCT-000038,B0153,1167.83,2026-07-25T11:58:32+00:00
CCH-005105,ACCT-000113,B0153,165.04,2026-07-25T11:58:32+00:00
CCH-005106,ACCT-000287,B0153,392.26,2026-07-25T11:58:32+00:00
CCH-005107,ACCT-000505,B0153,346.28,2026-07-25T11:58:32+00:00
CCH-005108,ACCT-000286,B0153,794.99,2026-07-25T11:58:32+00:00
CCH-005109,ACCT-000213,B0153,578.95,2026-07-25T11:58:32+00:00
CCH-005110,ACCT-000382,B0153,301.95,2026-07-25T11:58:32+00:00
CCH-005111,ACCT-000159,B0153,1130.48,2026-07-25T11:58:32+00:00
CCH-005112,ACCT-000181,B0153,135.22,2026-07-25T11:58:32+00:00
CCH-005113,ACCT-000415,B0153,261.34,2026-07-25T11:58:32+00:00
CCH-005114,ACCT-000008,B0153,528.31,2026-07-25T11:58:32+00:00
CCH-005115,ACCT-000125,B0153,443.79,2026-07-25T11:58:32+00:00
CCH-005116,ACCT-000045,B0153,519.31,2026-07-25T11:58:32+00:00
CCH-005117,ACCT-000111,B0153,425.05,2026-07-25T11:58:32+00:00
CCH-005118,ACCT-000380,B0153,339.56,2026-07-25T11:58:32+00:00
CCH-005119,ACCT-000391,B0153,680.87,2026-07-25T11:58:32+00:00
CCH-005120,ACCT-000409,B0153,278.58,2026-07-25T11:58:32+00:00
CCH-005121,ACCT-000401,B0153,486.27,2026-07-25T11:58:32+00:00
CCH-005122,ACCT-000572,B0153,189.96,2026-07-25T11:58:32+00:00
CCH-005123,ACCT-000573,B0153,980.8,2026-07-25T11:58:32+00:00
CCH-005124,ACCT-000416,B0154,209.33,2026-07-25T13:25:01+00:00
CCH-005125,ACCT-000131,B0154,392.71,2026-07-25T13:25:01+00:00
CCH-005126,ACCT-000086,B0154,98.02,2026-07-25T13:25:01+00:00
CCH-005127,ACCT-000155,B0154,196.08,2026-07-25T13:25:01+00:00
CCH-005128,ACCT-000090,B0154,362.96,2026-07-25T13:25:01+00:00
CCH-005129,ACCT-000262,B0154,689.76,2026-07-25T13:25:01+00:00
CCH-005130,ACCT-000330,B0154,841.2,2026-07-25T13:25:01+00:00
CCH-005131,ACCT-000043,B0154,522.52,2026-07-25T13:25:01+00:00
CCH-005132,ACCT-000219,B0154,920.52,2026-07-25T13:25:01+00:00
CCH-005133,ACCT-000074,B0154,723.64,2026-07-25T13:25:01+00:00
CCH-005134,ACCT-000414,B0154,348.01,2026-07-25T13:25:01+00:00
CCH-005135,ACCT-000140,B0154,219.56,2026-07-25T13:25:01+00:00
CCH-005136,ACCT-000013,B0154,419.78,2026-07-25T13:25:01+00:00
CCH-005137,ACCT-000286,B0154,315.96,2026-07-25T13:25:01+00:00
CCH-005138,ACCT-000558,B0154,783.1,2026-07-25T13:25:01+00:00
CCH-005139,ACCT-000336,B0154,489.03,2026-07-25T13:25:01+00:00
CCH-005140,ACCT-000101,B0154,595.8,2026-07-25T13:25:01+00:00
CCH-005141,ACCT-000476,B0154,554.03,2026-07-25T13:25:01+00:00
CCH-005142,ACCT-000463,B0154,743.22,2026-07-25T13:25:01+00:00
CCH-005143,ACCT-000218,B0154,658.68,2026-07-25T13:25:01+00:00
CCH-005144,ACCT-000303,B0154,833.11,2026-07-25T13:25:01+00:00
CCH-005145,ACCT-000343,B0154,324.47,2026-07-25T13:25:01+00:00
CCH-005146,ACCT-000510,B0154,272.2,2026-07-25T13:25:01+00:00
CCH-005147,ACCT-000028,B0154,879.12,2026-07-25T13:25:01+00:00
CCH-005148,ACCT-000316,B0154,1052.51,2026-07-25T13:25:01+00:00
CCH-005149,ACCT-000109,B0154,918.45,2026-07-25T13:25:01+00:00
CCH-005150,ACCT-000056,B0154,223.56,2026-07-25T13:25:01+00:00
CCH-005151,ACCT-000353,B0154,578.93,2026-07-25T13:25:01+00:00
CCH-005152,ACCT-000331,B0154,700.2,2026-07-25T13:25:01+00:00
CCH-005153,ACCT-000464,B0154,642.64,2026-07-25T13:25:01+00:00
CCH-005154,ACCT-000290,B0154,357.41,2026-07-25T13:25:01+00:00
CCH-005155,ACCT-000480,B0154,988.42,2026-07-25T13:25:01+00:00
CCH-005156,ACCT-000018,B0154,696.71,2026-07-25T13:25:01+00:00
CCH-005157,ACCT-000486,B0154,188.14,2026-07-25T13:25:01+00:00
CCH-005158,ACCT-000574,B0154,684.94,2026-07-25T13:25:01+00:00
CCH-005159,ACCT-000575,B0154,185.02,2026-07-25T13:25:01+00:00
CCH-005160,ACCT-000576,B0154,657.93,2026-07-25T13:25:01+00:00
CCH-005161,ACCT-000553,B0155,495.66,2026-07-25T14:45:16+00:00
CCH-005162,ACCT-000502,B0155,511.21,2026-07-25T14:45:16+00:00
CCH-005163,ACCT-000303,B0155,443.51,2026-07-25T14:45:16+00:00
CCH-005164,ACCT-000182,B0155,362.47,2026-07-25T14:45:16+00:00
CCH-005165,ACCT-000443,B0155,679.08,2026-07-25T14:45:16+00:00
CCH-005166,ACCT-000547,B0155,770.94,2026-07-25T14:45:16+00:00
CCH-005167,ACCT-000010,B0155,306.57,2026-07-25T14:45:16+00:00
CCH-005168,ACCT-000299,B0155,672.72,2026-07-25T14:45:16+00:00
CCH-005169,ACCT-000166,B0155,325.22,2026-07-25T14:45:16+00:00
CCH-005170,ACCT-000535,B0155,414.88,2026-07-25T14:45:16+00:00
CCH-005171,ACCT-000325,B0155,394.15,2026-07-25T14:45:16+00:00
CCH-005172,ACCT-000360,B0155,694.47,2026-07-25T14:45:16+00:00
CCH-005173,ACCT-000070,B0155,712.23,2026-07-25T14:45:16+00:00
CCH-005174,ACCT-000229,B0155,518.24,2026-07-25T14:45:16+00:00
CCH-005175,ACCT-000114,B0155,1097.99,2026-07-25T14:45:16+00:00
CCH-005176,ACCT-000466,B0155,317.4,2026-07-25T14:45:16+00:00
CCH-005177,ACCT-000052,B0155,387.23,2026-07-25T14:45:16+00:00
CCH-005178,ACCT-000357,B0155,285.01,2026-07-25T14:45:16+00:00
CCH-005179,ACCT-000474,B0155,429.49,2026-07-25T14:45:16+00:00
CCH-005180,ACCT-000258,B0155,1042.79,2026-07-25T14:45:16+00:00
CCH-005181,ACCT-000220,B0155,197.99,2026-07-25T14:45:16+00:00
CCH-005182,ACCT-000311,B0155,205.03,2026-07-25T14:45:16+00:00
CCH-005183,ACCT-000376,B0155,271.58,2026-07-25T14:45:16+00:00
CCH-005184,ACCT-000277,B0155,936.62,2026-07-25T14:45:16+00:00
CCH-005185,ACCT-000029,B0155,485.53,2026-07-25T14:45:16+00:00
CCH-005186,ACCT-000446,B0155,232.29,2026-07-25T14:45:16+00:00
CCH-005187,ACCT-000225,B0155,920.23,2026-07-25T14:45:16+00:00
CCH-005188,ACCT-000423,B0155,551.89,2026-07-25T14:45:16+00:00
CCH-005189,ACCT-000433,B0155,1022.03,2026-07-25T14:45:16+00:00
CCH-005190,ACCT-000555,B0155,738.44,2026-07-25T14:45:16+00:00
CCH-005191,ACCT-000326,B0155,966.11,2026-07-25T14:45:16+00:00
CCH-005192,ACCT-000450,B0155,360.06,2026-07-25T14:45:16+00:00
CCH-005193,ACCT-000194,B0155,1073.01,2026-07-25T14:45:16+00:00
CCH-005194,ACCT-000415,B0155,346.7,2026-07-25T14:45:16+00:00
CCH-005195,ACCT-000577,B0155,341.58,2026-07-25T14:45:16+00:00
CCH-005196,ACCT-000578,B0155,191.97,2026-07-25T14:45:16+00:00
CCH-005197,ACCT-000579,B0155,296.2,2026-07-25T14:45:16+00:00
CCH-005198,ACCT-000192,B0156,861.57,2026-07-25T15:58:42+00:00
CCH-005199,ACCT-000578,B0156,1144.33,2026-07-25T15:58:42+00:00
CCH-005200,ACCT-000414,B0156,686.29,2026-07-25T15:58:42+00:00
CCH-005201,ACCT-000286,B0156,282.72,2026-07-25T15:58:42+00:00
CCH-005202,ACCT-000138,B0156,431.49,2026-07-25T15:58:42+00:00
CCH-005203,ACCT-000264,B0156,638.26,2026-07-25T15:58:42+00:00
CCH-005204,ACCT-000268,B0156,1008.41,2026-07-25T15:58:42+00:00
CCH-005205,ACCT-000003,B0156,275.37,2026-07-25T15:58:42+00:00
CCH-005206,ACCT-000564,B0156,611.86,2026-07-25T15:58:42+00:00
CCH-005207,ACCT-000388,B0156,677.47,2026-07-25T15:58:42+00:00
CCH-005208,ACCT-000156,B0156,767.92,2026-07-25T15:58:42+00:00
CCH-005209,ACCT-000207,B0156,376.55,2026-07-25T15:58:42+00:00
CCH-005210,ACCT-000130,B0156,933.06,2026-07-25T15:58:42+00:00
CCH-005211,ACCT-000172,B0156,157.77,2026-07-25T15:58:42+00:00
CCH-005212,ACCT-000563,B0156,184.32,2026-07-25T15:58:42+00:00
CCH-005213,ACCT-000146,B0156,309.24,2026-07-25T15:58:42+00:00
CCH-005214,ACCT-000262,B0156,777.97,2026-07-25T15:58:42+00:00
CCH-005215,ACCT-000513,B0156,806.45,2026-07-25T15:58:42+00:00
CCH-005216,ACCT-000001,B0156,254.75,2026-07-25T15:58:42+00:00
CCH-005217,ACCT-000342,B0156,38.07,2026-07-25T15:58:42+00:00
CCH-005218,ACCT-000401,B0156,447.56,2026-07-25T15:58:42+00:00
CCH-005219,ACCT-000173,B0156,899.98,2026-07-25T15:58:42+00:00
CCH-005220,ACCT-000084,B0156,710.31,2026-07-25T15:58:42+00:00
CCH-005221,ACCT-000234,B0156,435.12,2026-07-25T15:58:42+00:00
CCH-005222,ACCT-000393,B0156,721.87,2026-07-25T15:58:42+00:00
CCH-005223,ACCT-000051,B0156,697.22,2026-07-25T15:58:42+00:00
CCH-005224,ACCT-000104,B0156,866.71,2026-07-25T15:58:42+00:00
CCH-005225,ACCT-000324,B0156,225.64,2026-07-25T15:58:42+00:00
CCH-005226,ACCT-000017,B0156,313.66,2026-07-25T15:58:42+00:00
CCH-005227,ACCT-000580,B0156,202.83,2026-07-25T15:58:42+00:00
CCH-005228,ACCT-000581,B0156,361.83,2026-07-25T15:58:42+00:00
CCH-005229,ACCT-000582,B0156,306.34,2026-07-25T15:58:42+00:00
CCH-005230,ACCT-000583,B0156,57.42,2026-07-25T15:58:42+00:00
CCH-005231,ACCT-000513,B0157,967.58,2026-07-25T16:57:53+00:00
CCH-005232,ACCT-000392,B0157,64.95,2026-07-25T16:57:53+00:00
CCH-005233,ACCT-000039,B0157,585.44,2026-07-25T16:57:53+00:00
CCH-005234,ACCT-000165,B0157,427.0,2026-07-25T16:57:53+00:00
CCH-005235,ACCT-000192,B0157,1329.36,2026-07-25T16:57:53+00:00
CCH-005236,ACCT-000184,B0157,671.99,2026-07-25T16:57:53+00:00
CCH-005237,ACCT-000413,B0157,309.86,2026-07-25T16:57:53+00:00
CCH-005238,ACCT-000304,B0157,1356.04,2026-07-25T16:57:53+00:00
CCH-005239,ACCT-000123,B0157,432.59,2026-07-25T16:57:53+00:00
CCH-005240,ACCT-000552,B0157,696.55,2026-07-25T16:57:53+00:00
CCH-005241,ACCT-000228,B0157,181.22,2026-07-25T16:57:53+00:00
CCH-005242,ACCT-000072,B0157,399.91,2026-07-25T16:57:53+00:00
CCH-005243,ACCT-000260,B0157,449.7,2026-07-25T16:57:53+00:00
CCH-005244,ACCT-000500,B0157,335.53,2026-07-25T16:57:53+00:00
CCH-005245,ACCT-000244,B0157,521.89,2026-07-25T16:57:53+00:00
CCH-005246,ACCT-000194,B0157,464.15,2026-07-25T16:57:53+00:00
CCH-005247,ACCT-000196,B0157,909.15,2026-07-25T16:57:53+00:00
CCH-005248,ACCT-000055,B0157,61.44,2026-07-25T16:57:53+00:00
CCH-005249,ACCT-000042,B0157,860.07,2026-07-25T16:57:53+00:00
CCH-005250,ACCT-000543,B0157,712.69,2026-07-25T16:57:53+00:00
CCH-005251,ACCT-000274,B0157,578.59,2026-07-25T16:57:53+00:00
CCH-005252,ACCT-000246,B0157,38.91,2026-07-25T16:57:53+00:00
CCH-005253,ACCT-000540,B0157,209.58,2026-07-25T16:57:53+00:00
CCH-005254,ACCT-000499,B0157,284.23,2026-07-25T16:57:53+00:00
CCH-005255,ACCT-000518,B0157,298.91,2026-07-25T16:57:53+00:00
CCH-005256,ACCT-000539,B0157,22.84,2026-07-25T16:57:53+00:00
CCH-005257,ACCT-000226,B0157,688.9,2026-07-25T16:57:53+00:00
CCH-005258,ACCT-000201,B0157,746.84,2026-07-25T16:57:53+00:00
CCH-005259,ACCT-000560,B0157,366.74,2026-07-25T16:57:53+00:00
CCH-005260,ACCT-000044,B0157,402.56,2026-07-25T16:57:53+00:00
CCH-005261,ACCT-000464,B0157,554.52,2026-07-25T16:57:53+00:00
CCH-005262,ACCT-000436,B0157,593.83,2026-07-25T16:57:53+00:00
CCH-005263,ACCT-000105,B0157,280.8,2026-07-25T16:57:53+00:00
CCH-005264,ACCT-000584,B0157,487.37,2026-07-25T16:57:53+00:00
CCH-005265,ACCT-000585,B0157,605.38,2026-07-25T16:57:53+00:00
CCH-005266,ACCT-000586,B0157,296.87,2026-07-25T16:57:53+00:00
CCH-005267,ACCT-000587,B0157,549.45,2026-07-25T16:57:53+00:00
CCH-005268,ACCT-000179,B0158,584.61,2026-07-25T17:57:28+00:00
CCH-005269,ACCT-000462,B0158,574.84,2026-07-25T17:57:28+00:00
CCH-005270,ACCT-000276,B0158,191.56,2026-07-25T17:57:28+00:00
CCH-005271,ACCT-000037,B0158,734.02,2026-07-25T17:57:28+00:00
CCH-005272,ACCT-000054,B0158,958.85,2026-07-25T17:57:28+00:00
CCH-005273,ACCT-000364,B0158,378.15,2026-07-25T17:57:28+00:00
CCH-005274,ACCT-000213,B0158,595.46,2026-07-25T17:57:28+00:00
CCH-005275,ACCT-000277,B0158,127.84,2026-07-25T17:57:28+00:00
CCH-005276,ACCT-000095,B0158,1039.64,2026-07-25T17:57:28+00:00
CCH-005277,ACCT-000163,B0158,284.38,2026-07-25T17:57:28+00:00
CCH-005278,ACCT-000267,B0158,349.06,2026-07-25T17:57:28+00:00
CCH-005279,ACCT-000305,B0158,228.77,2026-07-25T17:57:28+00:00
CCH-005280,ACCT-000033,B0158,263.17,2026-07-25T17:57:28+00:00
CCH-005281,ACCT-000357,B0158,380.82,2026-07-25T17:57:28+00:00
CCH-005282,ACCT-000447,B0158,440.39,2026-07-25T17:57:28+00:00
CCH-005283,ACCT-000452,B0158,763.12,2026-07-25T17:57:28+00:00
CCH-005284,ACCT-000453,B0158,245.57,2026-07-25T17:57:28+00:00
CCH-005285,ACCT-000549,B0158,904.87,2026-07-25T17:57:28+00:00
CCH-005286,ACCT-000006,B0158,929.45,2026-07-25T17:57:28+00:00
CCH-005287,ACCT-000112,B0158,782.77,2026-07-25T17:57:28+00:00
CCH-005288,ACCT-000063,B0158,110.67,2026-07-25T17:57:28+00:00
CCH-005289,ACCT-000123,B0158,721.6,2026-07-25T17:57:28+00:00
CCH-005290,ACCT-000582,B0158,517.04,2026-07-25T17:57:28+00:00
CCH-005291,ACCT-000576,B0158,182.68,2026-07-25T17:57:28+00:00
CCH-005292,ACCT-000479,B0158,508.59,2026-07-25T17:57:28+00:00
CCH-005293,ACCT-000580,B0158,596.8,2026-07-25T17:57:28+00:00
CCH-005294,ACCT-000347,B0158,300.79,2026-07-25T17:57:28+00:00
CCH-005295,ACCT-000552,B0158,870.95,2026-07-25T17:57:28+00:00
CCH-005296,ACCT-000588,B0158,164.44,2026-07-25T17:57:28+00:00
CCH-005297,ACCT-000589,B0158,217.96,2026-07-25T17:57:28+00:00
CCH-005298,ACCT-000590,B0158,649.51,2026-07-25T17:57:28+00:00
CCH-005299,ACCT-000591,B0158,586.56,2026-07-25T17:57:28+00:00
CCH-005300,ACCT-000496,B0159,605.65,2026-07-25T19:02:39+00:00
CCH-005301,ACCT-000274,B0159,324.55,2026-07-25T19:02:39+00:00
CCH-005302,ACCT-000198,B0159,1004.76,2026-07-25T19:02:39+00:00
CCH-005303,ACCT-000397,B0159,751.07,2026-07-25T19:02:39+00:00
CCH-005304,ACCT-000069,B0159,179.66,2026-07-25T19:02:39+00:00
CCH-005305,ACCT-000064,B0159,383.16,2026-07-25T19:02:39+00:00
CCH-005306,ACCT-000280,B0159,671.58,2026-07-25T19:02:39+00:00
CCH-005307,ACCT-000158,B0159,37.58,2026-07-25T19:02:39+00:00
CCH-005308,ACCT-000236,B0159,340.87,2026-07-25T19:02:39+00:00
CCH-005309,ACCT-000028,B0159,283.94,2026-07-25T19:02:39+00:00
CCH-005310,ACCT-000439,B0159,298.26,2026-07-25T19:02:39+00:00
CCH-005311,ACCT-000542,B0159,569.34,2026-07-25T19:02:39+00:00
CCH-005312,ACCT-000117,B0159,1080.6,2026-07-25T19:02:39+00:00
CCH-005313,ACCT-000097,B0159,452.0,2026-07-25T19:02:39+00:00
CCH-005314,ACCT-000333,B0159,395.83,2026-07-25T19:02:39+00:00
CCH-005315,ACCT-000546,B0159,355.98,2026-07-25T19:02:39+00:00
CCH-005316,ACCT-000295,B0159,491.25,2026-07-25T19:02:39+00:00
CCH-005317,ACCT-000327,B0159,800.29,2026-07-25T19:02:39+00:00
CCH-005318,ACCT-000292,B0159,310.09,2026-07-25T19:02:39+00:00
CCH-005319,ACCT-000533,B0159,566.53,2026-07-25T19:02:39+00:00
CCH-005320,ACCT-000174,B0159,982.76,2026-07-25T19:02:39+00:00
CCH-005321,ACCT-000461,B0159,213.6,2026-07-25T19:02:39+00:00
CCH-005322,ACCT-000187,B0159,1004.6,2026-07-25T19:02:39+00:00
CCH-005323,ACCT-000223,B0159,780.06,2026-07-25T19:02:39+00:00
CCH-005324,ACCT-000376,B0159,437.97,2026-07-25T19:02:39+00:00
CCH-005325,ACCT-000061,B0159,100.1,2026-07-25T19:02:39+00:00
CCH-005326,ACCT-000554,B0159,351.59,2026-07-25T19:02:39+00:00
CCH-005327,ACCT-000320,B0159,662.25,2026-07-25T19:02:39+00:00
CCH-005328,ACCT-000381,B0159,206.33,2026-07-25T19:02:39+00:00
CCH-005329,ACCT-000404,B0159,744.83,2026-07-25T19:02:39+00:00
CCH-005330,ACCT-000078,B0159,670.99,2026-07-25T19:02:39+00:00
CCH-005331,ACCT-000220,B0159,375.51,2026-07-25T19:02:39+00:00
CCH-005332,ACCT-000024,B0159,54.88,2026-07-25T19:02:39+00:00
CCH-005333,ACCT-000359,B0159,1065.07,2026-07-25T19:02:39+00:00
CCH-005334,ACCT-000199,B0159,886.23,2026-07-25T19:02:39+00:00
CCH-005335,ACCT-000592,B0159,1116.72,2026-07-25T19:02:39+00:00
CCH-005336,ACCT-000593,B0159,474.11,2026-07-25T19:02:39+00:00
CCH-005337,ACCT-000219,B0160,310.94,2026-07-25T20:26:20+00:00
CCH-005338,ACCT-000443,B0160,1078.31,2026-07-25T20:26:20+00:00
CCH-005339,ACCT-000392,B0160,404.18,2026-07-25T20:26:20+00:00
CCH-005340,ACCT-000376,B0160,123.99,2026-07-25T20:26:20+00:00
CCH-005341,ACCT-000023,B0160,223.15,2026-07-25T20:26:20+00:00
CCH-005342,ACCT-000030,B0160,1045.06,2026-07-25T20:26:20+00:00
CCH-005343,ACCT-000483,B0160,915.36,2026-07-25T20:26:20+00:00
CCH-005344,ACCT-000071,B0160,280.3,2026-07-25T20:26:20+00:00
CCH-005345,ACCT-000579,B0160,1020.41,2026-07-25T20:26:20+00:00
CCH-005346,ACCT-000428,B0160,656.06,2026-07-25T20:26:20+00:00
CCH-005347,ACCT-000072,B0160,405.51,2026-07-25T20:26:20+00:00
CCH-005348,ACCT-000268,B0160,932.37,2026-07-25T20:26:20+00:00
CCH-005349,ACCT-000500,B0160,754.84,2026-07-25T20:26:20+00:00
CCH-005350,ACCT-000481,B0160,289.9,2026-07-25T20:26:20+00:00
CCH-005351,ACCT-000329,B0160,883.55,2026-07-25T20:26:20+00:00
CCH-005352,ACCT-000096,B0160,325.55,2026-07-25T20:26:20+00:00
CCH-005353,ACCT-000377,B0160,1063.48,2026-07-25T20:26:20+00:00
CCH-005354,ACCT-000109,B0160,802.49,2026-07-25T20:26:20+00:00
CCH-005355,ACCT-000247,B0160,667.06,2026-07-25T20:26:20+00:00
CCH-005356,ACCT-000180,B0160,796.74,2026-07-25T20:26:20+00:00
CCH-005357,ACCT-000574,B0160,710.38,2026-07-25T20:26:20+00:00
CCH-005358,ACCT-000098,B0160,808.04,2026-07-25T20:26:20+00:00
CCH-005359,ACCT-000240,B0160,135.76,2026-07-25T20:26:20+00:00
CCH-005360,ACCT-000120,B0160,890.74,2026-07-25T20:26:20+00:00
CCH-005361,ACCT-000470,B0160,376.75,2026-07-25T20:26:20+00:00
CCH-005362,ACCT-000250,B0160,203.62,2026-07-25T20:26:20+00:00
CCH-005363,ACCT-000383,B0160,345.28,2026-07-25T20:26:20+00:00
CCH-005364,ACCT-000043,B0160,445.82,2026-07-25T20:26:20+00:00
CCH-005365,ACCT-000368,B0160,341.57,2026-07-25T20:26:20+00:00
CCH-005366,ACCT-000312,B0160,145.44,2026-07-25T20:26:20+00:00
CCH-005367,ACCT-000594,B0160,1031.88,2026-07-25T20:26:20+00:00
CCH-005368,ACCT-000595,B0160,857.07,2026-07-25T20:26:20+00:00
CCH-005369,ACCT-000596,B0160,252.1,2026-07-25T20:26:20+00:00
CCH-005370,ACCT-000272,B0161,724.93,2026-07-25T21:23:51+00:00
CCH-005371,ACCT-000473,B0161,563.33,2026-07-25T21:23:51+00:00
CCH-005372,ACCT-000554,B0161,239.67,2026-07-25T21:23:51+00:00
CCH-005373,ACCT-000409,B0161,768.52,2026-07-25T21:23:51+00:00
CCH-005374,ACCT-000318,B0161,445.51,2026-07-25T21:23:51+00:00
CCH-005375,ACCT-000589,B0161,86.57,2026-07-25T21:23:51+00:00
CCH-005376,ACCT-000214,B0161,439.35,2026-07-25T21:23:51+00:00
CCH-005377,ACCT-000408,B0161,355.71,2026-07-25T21:23:51+00:00
CCH-005378,ACCT-000184,B0161,892.93,2026-07-25T21:23:51+00:00
CCH-005379,ACCT-000564,B0161,1012.05,2026-07-25T21:23:51+00:00
CCH-005380,ACCT-000078,B0161,526.71,2026-07-25T21:23:51+00:00
CCH-005381,ACCT-000132,B0161,177.29,2026-07-25T21:23:51+00:00
CCH-005382,ACCT-000339,B0161,765.17,2026-07-25T21:23:51+00:00
CCH-005383,ACCT-000265,B0161,634.01,2026-07-25T21:23:51+00:00
CCH-005384,ACCT-000313,B0161,740.01,2026-07-25T21:23:51+00:00
CCH-005385,ACCT-000006,B0161,275.5,2026-07-25T21:23:51+00:00
CCH-005386,ACCT-000066,B0161,215.23,2026-07-25T21:23:51+00:00
CCH-005387,ACCT-000470,B0161,628.05,2026-07-25T21:23:51+00:00
CCH-005388,ACCT-000459,B0161,474.3,2026-07-25T21:23:51+00:00
CCH-005389,ACCT-000225,B0161,906.18,2026-07-25T21:23:51+00:00
CCH-005390,ACCT-000491,B0161,354.9,2026-07-25T21:23:51+00:00
CCH-005391,ACCT-000092,B0161,560.94,2026-07-25T21:23:51+00:00
CCH-005392,ACCT-000062,B0161,276.82,2026-07-25T21:23:51+00:00
CCH-005393,ACCT-000110,B0161,418.03,2026-07-25T21:23:51+00:00
CCH-005394,ACCT-000590,B0161,134.76,2026-07-25T21:23:51+00:00
CCH-005395,ACCT-000155,B0161,771.16,2026-07-25T21:23:51+00:00
CCH-005396,ACCT-000315,B0161,75.73,2026-07-25T21:23:51+00:00
CCH-005397,ACCT-000524,B0161,722.59,2026-07-25T21:23:51+00:00
CCH-005398,ACCT-000466,B0161,322.46,2026-07-25T21:23:51+00:00
CCH-005399,ACCT-000429,B0161,752.67,2026-07-25T21:23:51+00:00
CCH-005400,ACCT-000096,B0161,672.02,2026-07-25T21:23:51+00:00
CCH-005401,ACCT-000597,B0161,847.84,2026-07-25T21:23:51+00:00
CCH-005402,ACCT-000598,B0161,229.88,2026-07-25T21:23:51+00:00
CCH-005403,ACCT-000599,B0161,1083.45,2026-07-25T21:23:51+00:00
CCH-005404,ACCT-000387,B0162,1017.84,2026-07-25T22:24:24+00:00
CCH-005405,ACCT-000047,B0162,518.59,2026-07-25T22:24:24+00:00
CCH-005406,ACCT-000094,B0162,958.69,2026-07-25T22:24:24+00:00
CCH-005407,ACCT-000301,B0162,541.11,2026-07-25T22:24:24+00:00
CCH-005408,ACCT-000282,B0162,762.0,2026-07-25T22:24:24+00:00
CCH-005409,ACCT-000378,B0162,464.24,2026-07-25T22:24:24+00:00
CCH-005410,ACCT-000054,B0162,902.26,2026-07-25T22:24:24+00:00
CCH-005411,ACCT-000422,B0162,553.77,2026-07-25T22:24:24+00:00
CCH-005412,ACCT-000209,B0162,388.71,2026-07-25T22:24:24+00:00
CCH-005413,ACCT-000104,B0162,752.55,2026-07-25T22:24:24+00:00
CCH-005414,ACCT-000020,B0162,620.82,2026-07-25T22:24:24+00:00
CCH-005415,ACCT-000075,B0162,332.9,2026-07-25T22:24:24+00:00
CCH-005416,ACCT-000223,B0162,204.66,2026-07-25T22:24:24+00:00
CCH-005417,ACCT-000398,B0162,325.19,2026-07-25T22:24:24+00:00
CCH-005418,ACCT-000187,B0162,910.5,2026-07-25T22:24:24+00:00
CCH-005419,ACCT-000305,B0162,647.88,2026-07-25T22:24:24+00:00
CCH-005420,ACCT-000212,B0162,1150.47,2026-07-25T22:24:24+00:00
CCH-005421,ACCT-000101,B0162,281.61,2026-07-25T22:24:24+00:00
CCH-005422,ACCT-000550,B0162,621.3,2026-07-25T22:24:24+00:00
CCH-005423,ACCT-000161,B0162,1078.11,2026-07-25T22:24:24+00:00
CCH-005424,ACCT-000163,B0162,131.19,2026-07-25T22:24:24+00:00
CCH-005425,ACCT-000532,B0162,1257.51,2026-07-25T22:24:24+00:00
CCH-005426,ACCT-000211,B0162,983.63,2026-07-25T22:24:24+00:00
CCH-005427,ACCT-000241,B0162,64.79,2026-07-25T22:24:24+00:00
CCH-005428,ACCT-000535,B0162,304.49,2026-07-25T22:24:24+00:00
CCH-005429,ACCT-000250,B0162,479.9,2026-07-25T22:24:24+00:00
CCH-005430,ACCT-000410,B0162,707.11,2026-07-25T22:24:24+00:00
CCH-005431,ACCT-000013,B0162,705.56,2026-07-25T22:24:24+00:00
CCH-005432,ACCT-000096,B0162,995.51,2026-07-25T22:24:24+00:00
CCH-005433,ACCT-000168,B0162,377.04,2026-07-25T22:24:24+00:00
CCH-005434,ACCT-000600,B0162,1098.29,2026-07-25T22:24:24+00:00
CCH-005435,ACCT-000601,B0162,526.68,2026-07-25T22:24:24+00:00
CCH-005436,ACCT-000389,B0163,261.17,2026-07-25T23:28:02+00:00
CCH-005437,ACCT-000487,B0163,163.49,2026-07-25T23:28:02+00:00
CCH-005438,ACCT-000301,B0163,627.14,2026-07-25T23:28:02+00:00
CCH-005439,ACCT-000600,B0163,312.15,2026-07-25T23:28:02+00:00
CCH-005440,ACCT-000418,B0163,272.39,2026-07-25T23:28:02+00:00
CCH-005441,ACCT-000047,B0163,632.8,2026-07-25T23:28:02+00:00
CCH-005442,ACCT-000398,B0163,490.81,2026-07-25T23:28:02+00:00
CCH-005443,ACCT-000499,B0163,98.56,2026-07-25T23:28:02+00:00
CCH-005444,ACCT-000084,B0163,906.73,2026-07-25T23:28:02+00:00
CCH-005445,ACCT-000011,B0163,444.02,2026-07-25T23:28:02+00:00
CCH-005446,ACCT-000048,B0163,556.89,2026-07-25T23:28:02+00:00
CCH-005447,ACCT-000290,B0163,901.97,2026-07-25T23:28:02+00:00
CCH-005448,ACCT-000015,B0163,843.51,2026-07-25T23:28:02+00:00
CCH-005449,ACCT-000063,B0163,329.69,2026-07-25T23:28:02+00:00
CCH-005450,ACCT-000120,B0163,923.39,2026-07-25T23:28:02+00:00
CCH-005451,ACCT-000510,B0163,706.48,2026-07-25T23:28:02+00:00
CCH-005452,ACCT-000585,B0163,978.88,2026-07-25T23:28:02+00:00
CCH-005453,ACCT-000377,B0163,209.74,2026-07-25T23:28:02+00:00
CCH-005454,ACCT-000106,B0163,964.97,2026-07-25T23:28:02+00:00
CCH-005455,ACCT-000148,B0163,418.39,2026-07-25T23:28:02+00:00
CCH-005456,ACCT-000270,B0163,493.43,2026-07-25T23:28:02+00:00
CCH-005457,ACCT-000393,B0163,761.95,2026-07-25T23:28:02+00:00
CCH-005458,ACCT-000222,B0163,649.1,2026-07-25T23:28:02+00:00
CCH-005459,ACCT-000450,B0163,907.38,2026-07-25T23:28:02+00:00
CCH-005460,ACCT-000200,B0163,976.85,2026-07-25T23:28:02+00:00
CCH-005461,ACCT-000584,B0163,690.47,2026-07-25T23:28:02+00:00
CCH-005462,ACCT-000052,B0163,294.58,2026-07-25T23:28:02+00:00
CCH-005463,ACCT-000221,B0163,24.29,2026-07-25T23:28:02+00:00
CCH-005464,ACCT-000421,B0163,497.04,2026-07-25T23:28:02+00:00
CCH-005465,ACCT-000095,B0163,638.78,2026-07-25T23:28:02+00:00
CCH-005466,ACCT-000349,B0163,126.6,2026-07-25T23:28:02+00:00
CCH-005467,ACCT-000289,B0163,217.75,2026-07-25T23:28:02+00:00
CCH-005468,ACCT-000274,B0163,45.03,2026-07-25T23:28:02+00:00
CCH-005469,ACCT-000551,B0163,338.43,2026-07-25T23:28:02+00:00
CCH-005470,ACCT-000602,B0163,895.2,2026-07-25T23:28:02+00:00
CCH-005471,ACCT-000603,B0163,266.07,2026-07-25T23:28:02+00:00
CCH-005472,ACCT-000155,B0164,101.69,2026-07-26T01:06:52+00:00
CCH-005473,ACCT-000302,B0164,207.27,2026-07-26T01:06:52+00:00
CCH-005474,ACCT-000366,B0164,478.66,2026-07-26T01:06:52+00:00
CCH-005475,ACCT-000505,B0164,277.47,2026-07-26T01:06:52+00:00
CCH-005476,ACCT-000238,B0164,312.19,2026-07-26T01:06:52+00:00
CCH-005477,ACCT-000031,B0164,1090.35,2026-07-26T01:06:52+00:00
CCH-005478,ACCT-000014,B0164,351.78,2026-07-26T01:06:52+00:00
CCH-005479,ACCT-000126,B0164,251.05,2026-07-26T01:06:52+00:00
CCH-005480,ACCT-000481,B0164,1092.14,2026-07-26T01:06:52+00:00
CCH-005481,ACCT-000315,B0164,920.72,2026-07-26T01:06:52+00:00
CCH-005482,ACCT-000045,B0164,537.32,2026-07-26T01:06:52+00:00
CCH-005483,ACCT-000390,B0164,373.31,2026-07-26T01:06:52+00:00
CCH-005484,ACCT-000541,B0164,649.61,2026-07-26T01:06:52+00:00
CCH-005485,ACCT-000379,B0164,1039.11,2026-07-26T01:06:52+00:00
CCH-005486,ACCT-000527,B0164,908.47,2026-07-26T01:06:52+00:00
CCH-005487,ACCT-000575,B0164,632.12,2026-07-26T01:06:52+00:00
CCH-005488,ACCT-000001,B0164,699.55,2026-07-26T01:06:52+00:00
CCH-005489,ACCT-000474,B0164,430.14,2026-07-26T01:06:52+00:00
CCH-005490,ACCT-000385,B0164,839.46,2026-07-26T01:06:52+00:00
CCH-005491,ACCT-000015,B0164,249.35,2026-07-26T01:06:52+00:00
CCH-005492,ACCT-000557,B0164,37.7,2026-07-26T01:06:52+00:00
CCH-005493,ACCT-000114,B0164,120.04,2026-07-26T01:06:52+00:00
CCH-005494,ACCT-000009,B0164,394.76,2026-07-26T01:06:52+00:00
CCH-005495,ACCT-000268,B0164,380.37,2026-07-26T01:06:52+00:00
CCH-005496,ACCT-000272,B0164,975.3,2026-07-26T01:06:52+00:00
CCH-005497,ACCT-000396,B0164,321.61,2026-07-26T01:06:52+00:00
CCH-005498,ACCT-000604,B0164,626.64,2026-07-26T01:06:52+00:00
CCH-005499,ACCT-000605,B0164,991.28,2026-07-26T01:06:52+00:00
CCH-005500,ACCT-000606,B0164,468.4,2026-07-26T01:06:52+00:00
CCH-005501,ACCT-000348,B0165,434.08,2026-07-26T04:53:01+00:00
CCH-005502,ACCT-000010,B0165,846.03,2026-07-26T04:53:01+00:00
CCH-005503,ACCT-000366,B0165,646.42,2026-07-26T04:53:01+00:00
CCH-005504,ACCT-000354,B0165,74.98,2026-07-26T04:53:01+00:00
CCH-005505,ACCT-000386,B0165,616.31,2026-07-26T04:53:01+00:00
CCH-005506,ACCT-000145,B0165,611.12,2026-07-26T04:53:01+00:00
CCH-005507,ACCT-000484,B0165,888.64,2026-07-26T04:53:01+00:00
CCH-005508,ACCT-000158,B0165,61.5,2026-07-26T04:53:01+00:00
CCH-005509,ACCT-000414,B0165,583.77,2026-07-26T04:53:01+00:00
CCH-005510,ACCT-000576,B0165,176.63,2026-07-26T04:53:01+00:00
CCH-005511,ACCT-000331,B0165,497.86,2026-07-26T04:53:01+00:00
CCH-005512,ACCT-000356,B0165,901.46,2026-07-26T04:53:01+00:00
CCH-005513,ACCT-000585,B0165,1204.03,2026-07-26T04:53:01+00:00
CCH-005514,ACCT-000603,B0165,886.31,2026-07-26T04:53:01+00:00
CCH-005515,ACCT-000541,B0165,852.49,2026-07-26T04:53:01+00:00
CCH-005516,ACCT-000593,B0165,1120.02,2026-07-26T04:53:01+00:00
CCH-005517,ACCT-000476,B0165,90.99,2026-07-26T04:53:01+00:00
CCH-005518,ACCT-000406,B0165,288.15,2026-07-26T04:53:01+00:00
CCH-005519,ACCT-000505,B0165,590.95,2026-07-26T04:53:01+00:00
CCH-005520,ACCT-000315,B0165,526.82,2026-07-26T04:53:01+00:00
CCH-005521,ACCT-000599,B0165,193.56,2026-07-26T04:53:01+00:00
CCH-005522,ACCT-000003,B0165,577.31,2026-07-26T04:53:01+00:00
CCH-005523,ACCT-000477,B0165,22.01,2026-07-26T04:53:01+00:00
CCH-005524,ACCT-000060,B0165,730.03,2026-07-26T04:53:01+00:00
CCH-005525,ACCT-000395,B0165,382.37,2026-07-26T04:53:01+00:00
CCH-005526,ACCT-000029,B0165,185.07,2026-07-26T04:53:01+00:00
CCH-005527,ACCT-000274,B0165,912.59,2026-07-26T04:53:01+00:00
CCH-005528,ACCT-000232,B0165,176.13,2026-07-26T04:53:01+00:00
CCH-005529,ACCT-000213,B0165,611.9,2026-07-26T04:53:01+00:00
CCH-005530,ACCT-000514,B0165,729.7,2026-07-26T04:53:01+00:00
CCH-005531,ACCT-000555,B0165,236.91,2026-07-26T04:53:01+00:00
CCH-005532,ACCT-000328,B0165,61.82,2026-07-26T04:53:01+00:00
CCH-005533,ACCT-000474,B0165,427.19,2026-07-26T04:53:01+00:00
CCH-005534,ACCT-000363,B0165,636.46,2026-07-26T04:53:01+00:00
CCH-005535,ACCT-000252,B0165,23.94,2026-07-26T04:53:01+00:00
CCH-005536,ACCT-000607,B0165,228.61,2026-07-26T04:53:01+00:00
CCH-005537,ACCT-000608,B0165,1103.83,2026-07-26T04:53:01+00:00
CCH-005538,ACCT-000609,B0165,386.52,2026-07-26T04:53:01+00:00
CCH-005539,ACCT-000610,B0165,755.05,2026-07-26T04:53:01+00:00
CCH-005540,ACCT-000083,B0166,153.98,2026-07-26T07:31:56+00:00
CCH-005541,ACCT-000085,B0166,413.65,2026-07-26T07:31:56+00:00
CCH-005542,ACCT-000564,B0166,323.11,2026-07-26T07:31:56+00:00
CCH-005543,ACCT-000581,B0166,678.99,2026-07-26T07:31:56+00:00
CCH-005544,ACCT-000462,B0166,1096.21,2026-07-26T07:31:56+00:00
CCH-005545,ACCT-000322,B0166,909.5,2026-07-26T07:31:56+00:00
CCH-005546,ACCT-000346,B0166,1068.62,2026-07-26T07:31:56+00:00
CCH-005547,ACCT-000368,B0166,33.47,2026-07-26T07:31:56+00:00
CCH-005548,ACCT-000196,B0166,314.93,2026-07-26T07:31:56+00:00
CCH-005549,ACCT-000312,B0166,492.45,2026-07-26T07:31:56+00:00
CCH-005550,ACCT-000415,B0166,288.51,2026-07-26T07:31:56+00:00
CCH-005551,ACCT-000561,B0166,350.83,2026-07-26T07:31:56+00:00
CCH-005552,ACCT-000247,B0166,420.29,2026-07-26T07:31:56+00:00
CCH-005553,ACCT-000235,B0166,646.17,2026-07-26T07:31:56+00:00
CCH-005554,ACCT-000192,B0166,1148.44,2026-07-26T07:31:56+00:00
CCH-005555,ACCT-000376,B0166,268.14,2026-07-26T07:31:56+00:00
CCH-005556,ACCT-000082,B0166,625.5,2026-07-26T07:31:56+00:00
CCH-005557,ACCT-000205,B0166,771.56,2026-07-26T07:31:56+00:00
CCH-005558,ACCT-000543,B0166,1102.64,2026-07-26T07:31:56+00:00
CCH-005559,ACCT-000267,B0166,690.04,2026-07-26T07:31:56+00:00
CCH-005560,ACCT-000241,B0166,331.43,2026-07-26T07:31:56+00:00
CCH-005561,ACCT-000143,B0166,365.92,2026-07-26T07:31:56+00:00
CCH-005562,ACCT-000492,B0166,527.99,2026-07-26T07:31:56+00:00
CCH-005563,ACCT-000344,B0166,764.05,2026-07-26T07:31:56+00:00
CCH-005564,ACCT-000063,B0166,407.41,2026-07-26T07:31:56+00:00
CCH-005565,ACCT-000495,B0166,603.46,2026-07-26T07:31:56+00:00
CCH-005566,ACCT-000481,B0166,266.95,2026-07-26T07:31:56+00:00
CCH-005567,ACCT-000611,B0166,263.17,2026-07-26T07:31:56+00:00
CCH-005568,ACCT-000612,B0166,1091.72,2026-07-26T07:31:56+00:00
CCH-005569,ACCT-000012,B0167,543.84,2026-07-26T09:52:17+00:00
CCH-005570,ACCT-000021,B0167,1080.05,2026-07-26T09:52:17+00:00
CCH-005571,ACCT-000501,B0167,401.11,2026-07-26T09:52:17+00:00
CCH-005572,ACCT-000565,B0167,355.1,2026-07-26T09:52:17+00:00
CCH-005573,ACCT-000589,B0167,62.63,2026-07-26T09:52:17+00:00
CCH-005574,ACCT-000220,B0167,1018.43,2026-07-26T09:52:17+00:00
CCH-005575,ACCT-000198,B0167,376.19,2026-07-26T09:52:17+00:00
CCH-005576,ACCT-000563,B0167,210.55,2026-07-26T09:52:17+00:00
CCH-005577,ACCT-000398,B0167,896.28,2026-07-26T09:52:17+00:00
CCH-005578,ACCT-000056,B0167,122.32,2026-07-26T09:52:17+00:00
CCH-005579,ACCT-000008,B0167,831.18,2026-07-26T09:52:17+00:00
CCH-005580,ACCT-000298,B0167,322.43,2026-07-26T09:52:17+00:00
CCH-005581,ACCT-000160,B0167,291.4,2026-07-26T09:52:17+00:00
CCH-005582,ACCT-000193,B0167,959.55,2026-07-26T09:52:17+00:00
CCH-005583,ACCT-000330,B0167,691.13,2026-07-26T09:52:17+00:00
CCH-005584,ACCT-000493,B0167,149.6,2026-07-26T09:52:17+00:00
CCH-005585,ACCT-000424,B0167,984.43,2026-07-26T09:52:17+00:00
CCH-005586,ACCT-000088,B0167,527.12,2026-07-26T09:52:17+00:00
CCH-005587,ACCT-000293,B0167,803.25,2026-07-26T09:52:17+00:00
CCH-005588,ACCT-000218,B0167,225.58,2026-07-26T09:52:17+00:00
CCH-005589,ACCT-000284,B0167,557.77,2026-07-26T09:52:17+00:00
CCH-005590,ACCT-000480,B0167,434.44,2026-07-26T09:52:17+00:00
CCH-005591,ACCT-000512,B0167,729.65,2026-07-26T09:52:17+00:00
CCH-005592,ACCT-000264,B0167,506.21,2026-07-26T09:52:17+00:00
CCH-005593,ACCT-000348,B0167,129.36,2026-07-26T09:52:17+00:00
CCH-005594,ACCT-000036,B0167,616.43,2026-07-26T09:52:17+00:00
CCH-005595,ACCT-000190,B0167,922.78,2026-07-26T09:52:17+00:00
CCH-005596,ACCT-000007,B0167,902.89,2026-07-26T09:52:17+00:00
CCH-005597,ACCT-000613,B0167,93.43,2026-07-26T09:52:17+00:00
CCH-005598,ACCT-000614,B0167,448.1,2026-07-26T09:52:17+00:00
CCH-005599,ACCT-000615,B0167,784.11,2026-07-26T09:52:17+00:00
CCH-005600,ACCT-000616,B0167,595.17,2026-07-26T09:52:17+00:00
CCH-005601,ACCT-000098,B0168,534.95,2026-07-26T11:14:47+00:00
CCH-005602,ACCT-000236,B0168,393.2,2026-07-26T11:14:47+00:00
CCH-005603,ACCT-000060,B0168,598.11,2026-07-26T11:14:47+00:00
CCH-005604,ACCT-000202,B0168,1202.05,2026-07-26T11:14:47+00:00
CCH-005605,ACCT-000563,B0168,262.89,2026-07-26T11:14:47+00:00
CCH-005606,ACCT-000043,B0168,211.34,2026-07-26T11:14:47+00:00
CCH-005607,ACCT-000499,B0168,270.45,2026-07-26T11:14:47+00:00
CCH-005608,ACCT-000603,B0168,736.3,2026-07-26T11:14:47+00:00
CCH-005609,ACCT-000200,B0168,952.56,2026-07-26T11:14:47+00:00
CCH-005610,ACCT-000010,B0168,155.48,2026-07-26T11:14:47+00:00
CCH-005611,ACCT-000145,B0168,58.61,2026-07-26T11:14:47+00:00
CCH-005612,ACCT-000599,B0168,305.29,2026-07-26T11:14:47+00:00
CCH-005613,ACCT-000532,B0168,455.68,2026-07-26T11:14:47+00:00
CCH-005614,ACCT-000284,B0168,619.82,2026-07-26T11:14:47+00:00
CCH-005615,ACCT-000545,B0168,576.28,2026-07-26T11:14:47+00:00
CCH-005616,ACCT-000405,B0168,1367.16,2026-07-26T11:14:47+00:00
CCH-005617,ACCT-000146,B0168,69.74,2026-07-26T11:14:47+00:00
CCH-005618,ACCT-000456,B0168,856.77,2026-07-26T11:14:47+00:00
CCH-005619,ACCT-000153,B0168,159.41,2026-07-26T11:14:47+00:00
CCH-005620,ACCT-000366,B0168,679.93,2026-07-26T11:14:47+00:00
CCH-005621,ACCT-000095,B0168,292.74,2026-07-26T11:14:47+00:00
CCH-005622,ACCT-000434,B0168,939.96,2026-07-26T11:14:47+00:00
CCH-005623,ACCT-000108,B0168,79.24,2026-07-26T11:14:47+00:00
CCH-005624,ACCT-000600,B0168,680.57,2026-07-26T11:14:47+00:00
CCH-005625,ACCT-000386,B0168,537.38,2026-07-26T11:14:47+00:00
CCH-005626,ACCT-000500,B0168,427.1,2026-07-26T11:14:47+00:00
CCH-005627,ACCT-000501,B0168,1158.64,2026-07-26T11:14:47+00:00
CCH-005628,ACCT-000206,B0168,306.54,2026-07-26T11:14:47+00:00
CCH-005629,ACCT-000402,B0168,319.06,2026-07-26T11:14:47+00:00
CCH-005630,ACCT-000224,B0168,927.36,2026-07-26T11:14:47+00:00
CCH-005631,ACCT-000152,B0168,759.67,2026-07-26T11:14:47+00:00
CCH-005632,ACCT-000617,B0168,145.21,2026-07-26T11:14:47+00:00
CCH-005633,ACCT-000618,B0168,459.35,2026-07-26T11:14:47+00:00
CCH-005634,ACCT-000619,B0168,99.56,2026-07-26T11:14:47+00:00
CCH-005635,ACCT-000415,B0169,420.8,2026-07-26T12:36:38+00:00
CCH-005636,ACCT-000616,B0169,522.42,2026-07-26T12:36:38+00:00
CCH-005637,ACCT-000166,B0169,78.41,2026-07-26T12:36:38+00:00
CCH-005638,ACCT-000243,B0169,71.09,2026-07-26T12:36:38+00:00
CCH-005639,ACCT-000372,B0169,1131.35,2026-07-26T12:36:38+00:00
CCH-005640,ACCT-000393,B0169,946.48,2026-07-26T12:36:38+00:00
CCH-005641,ACCT-000267,B0169,450.17,2026-07-26T12:36:38+00:00
CCH-005642,ACCT-000516,B0169,585.84,2026-07-26T12:36:38+00:00
CCH-005643,ACCT-000215,B0169,528.86,2026-07-26T12:36:38+00:00
CCH-005644,ACCT-000064,B0169,634.15,2026-07-26T12:36:38+00:00
CCH-005645,ACCT-000498,B0169,588.06,2026-07-26T12:36:38+00:00
CCH-005646,ACCT-000581,B0169,1148.71,2026-07-26T12:36:38+00:00
CCH-005647,ACCT-000549,B0169,310.7,2026-07-26T12:36:38+00:00
CCH-005648,ACCT-000561,B0169,563.5,2026-07-26T12:36:38+00:00
CCH-005649,ACCT-000424,B0169,957.09,2026-07-26T12:36:38+00:00
CCH-005650,ACCT-000077,B0169,183.64,2026-07-26T12:36:38+00:00
CCH-005651,ACCT-000010,B0169,594.04,2026-07-26T12:36:38+00:00
CCH-005652,ACCT-000017,B0169,631.05,2026-07-26T12:36:38+00:00
CCH-005653,ACCT-000337,B0169,266.89,2026-07-26T12:36:38+00:00
CCH-005654,ACCT-000048,B0169,961.06,2026-07-26T12:36:38+00:00
CCH-005655,ACCT-000369,B0169,308.93,2026-07-26T12:36:38+00:00
CCH-005656,ACCT-000039,B0169,699.8,2026-07-26T12:36:38+00:00
CCH-005657,ACCT-000577,B0169,405.59,2026-07-26T12:36:38+00:00
CCH-005658,ACCT-000317,B0169,187.17,2026-07-26T12:36:38+00:00
CCH-005659,ACCT-000420,B0169,728.12,2026-07-26T12:36:38+00:00
CCH-005660,ACCT-000330,B0169,950.48,2026-07-26T12:36:38+00:00
CCH-005661,ACCT-000019,B0169,291.36,2026-07-26T12:36:38+00:00
CCH-005662,ACCT-000547,B0169,219.02,2026-07-26T12:36:38+00:00
CCH-005663,ACCT-000093,B0169,843.66,2026-07-26T12:36:38+00:00
CCH-005664,ACCT-000620,B0169,912.79,2026-07-26T12:36:38+00:00
CCH-005665,ACCT-000621,B0169,434.44,2026-07-26T12:36:38+00:00
CCH-005666,ACCT-000622,B0169,337.31,2026-07-26T12:36:38+00:00
CCH-005667,ACCT-000431,B0170,307.02,2026-07-26T14:25:16+00:00
CCH-005668,ACCT-000513,B0170,33.33,2026-07-26T14:25:16+00:00
CCH-005669,ACCT-000427,B0170,257.5,2026-07-26T14:25:16+00:00
CCH-005670,ACCT-000284,B0170,793.86,2026-07-26T14:25:16+00:00
CCH-005671,ACCT-000208,B0170,43.82,2026-07-26T14:25:16+00:00
CCH-005672,ACCT-000122,B0170,772.08,2026-07-26T14:25:16+00:00
CCH-005673,ACCT-000221,B0170,156.89,2026-07-26T14:25:16+00:00
CCH-005674,ACCT-000379,B0170,171.67,2026-07-26T14:25:16+00:00
CCH-005675,ACCT-000606,B0170,1079.42,2026-07-26T14:25:16+00:00
CCH-005676,ACCT-000588,B0170,363.03,2026-07-26T14:25:16+00:00
CCH-005677,ACCT-000147,B0170,214.56,2026-07-26T14:25:16+00:00
CCH-005678,ACCT-000580,B0170,531.77,2026-07-26T14:25:16+00:00
CCH-005679,ACCT-000452,B0170,132.0,2026-07-26T14:25:16+00:00
CCH-005680,ACCT-000457,B0170,270.69,2026-07-26T14:25:16+00:00
CCH-005681,ACCT-000509,B0170,677.24,2026-07-26T14:25:16+00:00
CCH-005682,ACCT-000079,B0170,476.83,2026-07-26T14:25:16+00:00
CCH-005683,ACCT-000421,B0170,866.08,2026-07-26T14:25:16+00:00
CCH-005684,ACCT-000405,B0170,45.96,2026-07-26T14:25:16+00:00
CCH-005685,ACCT-000255,B0170,980.44,2026-07-26T14:25:16+00:00
CCH-005686,ACCT-000598,B0170,537.79,2026-07-26T14:25:16+00:00
CCH-005687,ACCT-000530,B0170,422.15,2026-07-26T14:25:16+00:00
CCH-005688,ACCT-000470,B0170,48.93,2026-07-26T14:25:16+00:00
CCH-005689,ACCT-000160,B0170,852.65,2026-07-26T14:25:16+00:00
CCH-005690,ACCT-000447,B0170,716.47,2026-07-26T14:25:16+00:00
CCH-005691,ACCT-000037,B0170,95.15,2026-07-26T14:25:16+00:00
CCH-005692,ACCT-000343,B0170,418.27,2026-07-26T14:25:16+00:00
CCH-005693,ACCT-000347,B0170,184.49,2026-07-26T14:25:16+00:00
CCH-005694,ACCT-000202,B0170,961.94,2026-07-26T14:25:16+00:00
CCH-005695,ACCT-000150,B0170,435.28,2026-07-26T14:25:16+00:00
CCH-005696,ACCT-000395,B0170,532.39,2026-07-26T14:25:16+00:00
CCH-005697,ACCT-000235,B0170,536.2,2026-07-26T14:25:16+00:00
CCH-005698,ACCT-000303,B0170,521.7,2026-07-26T14:25:16+00:00
CCH-005699,ACCT-000517,B0170,771.89,2026-07-26T14:25:16+00:00
CCH-005700,ACCT-000623,B0170,168.75,2026-07-26T14:25:16+00:00
CCH-005701,ACCT-000624,B0170,565.43,2026-07-26T14:25:16+00:00
CCH-005702,ACCT-000625,B0170,243.86,2026-07-26T14:25:16+00:00
CCH-005703,ACCT-000626,B0170,333.09,2026-07-26T14:25:16+00:00
CCH-005704,ACCT-000268,B0171,25.89,2026-07-26T15:36:59+00:00
CCH-005705,ACCT-000443,B0171,913.5,2026-07-26T15:36:59+00:00
CCH-005706,ACCT-000246,B0171,66.53,2026-07-26T15:36:59+00:00
CCH-005707,ACCT-000161,B0171,30.15,2026-07-26T15:36:59+00:00
CCH-005708,ACCT-000414,B0171,185.53,2026-07-26T15:36:59+00:00
CCH-005709,ACCT-000580,B0171,989.15,2026-07-26T15:36:59+00:00
CCH-005710,ACCT-000536,B0171,876.71,2026-07-26T15:36:59+00:00
CCH-005711,ACCT-000271,B0171,137.99,2026-07-26T15:36:59+00:00
CCH-005712,ACCT-000195,B0171,476.9,2026-07-26T15:36:59+00:00
CCH-005713,ACCT-000065,B0171,478.19,2026-07-26T15:36:59+00:00
CCH-005714,ACCT-000397,B0171,658.26,2026-07-26T15:36:59+00:00
CCH-005715,ACCT-000423,B0171,1003.06,2026-07-26T15:36:59+00:00
CCH-005716,ACCT-000042,B0171,318.69,2026-07-26T15:36:59+00:00
CCH-005717,ACCT-000343,B0171,847.43,2026-07-26T15:36:59+00:00
CCH-005718,ACCT-000452,B0171,637.92,2026-07-26T15:36:59+00:00
CCH-005719,ACCT-000584,B0171,561.33,2026-07-26T15:36:59+00:00
CCH-005720,ACCT-000162,B0171,441.62,2026-07-26T15:36:59+00:00
CCH-005721,ACCT-000326,B0171,526.64,2026-07-26T15:36:59+00:00
CCH-005722,ACCT-000448,B0171,402.58,2026-07-26T15:36:59+00:00
CCH-005723,ACCT-000058,B0171,324.84,2026-07-26T15:36:59+00:00
CCH-005724,ACCT-000182,B0171,159.13,2026-07-26T15:36:59+00:00
CCH-005725,ACCT-000553,B0171,570.44,2026-07-26T15:36:59+00:00
CCH-005726,ACCT-000157,B0171,583.76,2026-07-26T15:36:59+00:00
CCH-005727,ACCT-000255,B0171,355.99,2026-07-26T15:36:59+00:00
CCH-005728,ACCT-000557,B0171,404.11,2026-07-26T15:36:59+00:00
CCH-005729,ACCT-000085,B0171,339.15,2026-07-26T15:36:59+00:00
CCH-005730,ACCT-000385,B0171,446.51,2026-07-26T15:36:59+00:00
CCH-005731,ACCT-000166,B0171,658.84,2026-07-26T15:36:59+00:00
CCH-005732,ACCT-000090,B0171,72.73,2026-07-26T15:36:59+00:00
CCH-005733,ACCT-000551,B0171,574.45,2026-07-26T15:36:59+00:00
CCH-005734,ACCT-000171,B0171,604.95,2026-07-26T15:36:59+00:00
CCH-005735,ACCT-000613,B0171,568.4,2026-07-26T15:36:59+00:00
CCH-005736,ACCT-000627,B0171,610.39,2026-07-26T15:36:59+00:00
CCH-005737,ACCT-000628,B0171,313.53,2026-07-26T15:36:59+00:00
CCH-005738,ACCT-000629,B0171,136.36,2026-07-26T15:36:59+00:00
CCH-005739,ACCT-000630,B0171,196.22,2026-07-26T15:36:59+00:00
CCH-005740,ACCT-000218,B0172,295.32,2026-07-26T16:51:27+00:00
CCH-005741,ACCT-000377,B0172,296.88,2026-07-26T16:51:27+00:00
CCH-005742,ACCT-000077,B0172,1245.55,2026-07-26T16:51:27+00:00
CCH-005743,ACCT-000028,B0172,582.28,2026-07-26T16:51:27+00:00
CCH-005744,ACCT-000554,B0172,404.88,2026-07-26T16:51:27+00:00
CCH-005745,ACCT-000322,B0172,1002.88,2026-07-26T16:51:27+00:00
CCH-005746,ACCT-000589,B0172,635.76,2026-07-26T16:51:27+00:00
CCH-005747,ACCT-000319,B0172,162.43,2026-07-26T16:51:27+00:00
CCH-005748,ACCT-000343,B0172,425.76,2026-07-26T16:51:27+00:00
CCH-005749,ACCT-000234,B0172,795.41,2026-07-26T16:51:27+00:00
CCH-005750,ACCT-000407,B0172,24.11,2026-07-26T16:51:27+00:00
CCH-005751,ACCT-000543,B0172,522.93,2026-07-26T16:51:27+00:00
CCH-005752,ACCT-000447,B0172,1042.71,2026-07-26T16:51:27+00:00
CCH-005753,ACCT-000080,B0172,810.01,2026-07-26T16:51:27+00:00
CCH-005754,ACCT-000555,B0172,1131.2,2026-07-26T16:51:27+00:00
CCH-005755,ACCT-000302,B0172,1080.06,2026-07-26T16:51:27+00:00
CCH-005756,ACCT-000590,B0172,850.31,2026-07-26T16:51:27+00:00
CCH-005757,ACCT-000553,B0172,408.08,2026-07-26T16:51:27+00:00
CCH-005758,ACCT-000618,B0172,157.11,2026-07-26T16:51:27+00:00
CCH-005759,ACCT-000076,B0172,137.91,2026-07-26T16:51:27+00:00
CCH-005760,ACCT-000346,B0172,678.7,2026-07-26T16:51:27+00:00
CCH-005761,ACCT-000490,B0172,762.08,2026-07-26T16:51:27+00:00
CCH-005762,ACCT-000609,B0172,288.29,2026-07-26T16:51:27+00:00
CCH-005763,ACCT-000448,B0172,670.09,2026-07-26T16:51:27+00:00
CCH-005764,ACCT-000151,B0172,425.81,2026-07-26T16:51:27+00:00
CCH-005765,ACCT-000278,B0172,284.79,2026-07-26T16:51:27+00:00
CCH-005766,ACCT-000069,B0172,791.61,2026-07-26T16:51:27+00:00
CCH-005767,ACCT-000456,B0172,643.53,2026-07-26T16:51:27+00:00
CCH-005768,ACCT-000132,B0172,894.15,2026-07-26T16:51:27+00:00
CCH-005769,ACCT-000475,B0172,674.03,2026-07-26T16:51:27+00:00
CCH-005770,ACCT-000631,B0172,199.9,2026-07-26T16:51:27+00:00
CCH-005771,ACCT-000632,B0172,430.14,2026-07-26T16:51:27+00:00
CCH-005772,ACCT-000633,B0172,520.05,2026-07-26T16:51:27+00:00
CCH-005773,ACCT-000634,B0172,639.12,2026-07-26T16:51:27+00:00
CCH-005774,ACCT-000316,B0173,275.43,2026-07-26T17:56:11+00:00
CCH-005775,ACCT-000310,B0173,323.39,2026-07-26T17:56:11+00:00
CCH-005776,ACCT-000617,B0173,452.8,2026-07-26T17:56:11+00:00
CCH-005777,ACCT-000454,B0173,572.37,2026-07-26T17:56:11+00:00
CCH-005778,ACCT-000025,B0173,621.04,2026-07-26T17:56:11+00:00
CCH-005779,ACCT-000153,B0173,282.11,2026-07-26T17:56:11+00:00
CCH-005780,ACCT-000612,B0173,151.73,2026-07-26T17:56:11+00:00
CCH-005781,ACCT-000161,B0173,798.78,2026-07-26T17:56:11+00:00
CCH-005782,ACCT-000160,B0173,238.57,2026-07-26T17:56:11+00:00
CCH-005783,ACCT-000023,B0173,42.37,2026-07-26T17:56:11+00:00
CCH-005784,ACCT-000395,B0173,694.5,2026-07-26T17:56:11+00:00
CCH-005785,ACCT-000204,B0173,293.65,2026-07-26T17:56:11+00:00
CCH-005786,ACCT-000287,B0173,533.1,2026-07-26T17:56:11+00:00
CCH-005787,ACCT-000221,B0173,801.42,2026-07-26T17:56:11+00:00
CCH-005788,ACCT-000290,B0173,262.86,2026-07-26T17:56:11+00:00
CCH-005789,ACCT-000608,B0173,98.35,2026-07-26T17:56:11+00:00
CCH-005790,ACCT-000338,B0173,1001.13,2026-07-26T17:56:11+00:00
CCH-005791,ACCT-000331,B0173,244.08,2026-07-26T17:56:11+00:00
CCH-005792,ACCT-000466,B0173,434.74,2026-07-26T17:56:11+00:00
CCH-005793,ACCT-000283,B0173,81.31,2026-07-26T17:56:11+00:00
CCH-005794,ACCT-000537,B0173,530.4,2026-07-26T17:56:11+00:00
CCH-005795,ACCT-000462,B0173,99.83,2026-07-26T17:56:11+00:00
CCH-005796,ACCT-000363,B0173,736.16,2026-07-26T17:56:11+00:00
CCH-005797,ACCT-000491,B0173,894.62,2026-07-26T17:56:11+00:00
CCH-005798,ACCT-000410,B0173,573.88,2026-07-26T17:56:11+00:00
CCH-005799,ACCT-000268,B0173,717.55,2026-07-26T17:56:11+00:00
CCH-005800,ACCT-000581,B0173,870.33,2026-07-26T17:56:11+00:00
CCH-005801,ACCT-000553,B0173,729.88,2026-07-26T17:56:11+00:00
CCH-005802,ACCT-000635,B0173,583.97,2026-07-26T17:56:11+00:00
CCH-005803,ACCT-000636,B0173,296.29,2026-07-26T17:56:11+00:00
CCH-005804,ACCT-000637,B0173,909.39,2026-07-26T17:56:11+00:00
CCH-005805,ACCT-000429,B0174,409.01,2026-07-26T19:01:49+00:00
CCH-005806,ACCT-000077,B0174,392.21,2026-07-26T19:01:49+00:00
CCH-005807,ACCT-000017,B0174,897.43,2026-07-26T19:01:49+00:00
CCH-005808,ACCT-000228,B0174,857.98,2026-07-26T19:01:49+00:00
CCH-005809,ACCT-000435,B0174,957.87,2026-07-26T19:01:49+00:00
CCH-005810,ACCT-000565,B0174,414.73,2026-07-26T19:01:49+00:00
CCH-005811,ACCT-000259,B0174,746.91,2026-07-26T19:01:49+00:00
CCH-005812,ACCT-000342,B0174,872.77,2026-07-26T19:01:49+00:00
CCH-005813,ACCT-000089,B0174,315.87,2026-07-26T19:01:49+00:00
CCH-005814,ACCT-000397,B0174,583.14,2026-07-26T19:01:49+00:00
CCH-005815,ACCT-000226,B0174,117.83,2026-07-26T19:01:49+00:00
CCH-005816,ACCT-000126,B0174,749.87,2026-07-26T19:01:49+00:00
CCH-005817,ACCT-000625,B0174,1002.09,2026-07-26T19:01:49+00:00
CCH-005818,ACCT-000616,B0174,183.91,2026-07-26T19:01:49+00:00
CCH-005819,ACCT-000168,B0174,398.77,2026-07-26T19:01:49+00:00
CCH-005820,ACCT-000573,B0174,516.77,2026-07-26T19:01:49+00:00
CCH-005821,ACCT-000206,B0174,643.3,2026-07-26T19:01:49+00:00
CCH-005822,ACCT-000325,B0174,627.23,2026-07-26T19:01:49+00:00
CCH-005823,ACCT-000490,B0174,517.81,2026-07-26T19:01:49+00:00
CCH-005824,ACCT-000295,B0174,841.16,2026-07-26T19:01:49+00:00
CCH-005825,ACCT-000578,B0174,1084.29,2026-07-26T19:01:49+00:00
CCH-005826,ACCT-000219,B0174,271.75,2026-07-26T19:01:49+00:00
CCH-005827,ACCT-000341,B0174,110.12,2026-07-26T19:01:49+00:00
CCH-005828,ACCT-000567,B0174,609.46,2026-07-26T19:01:49+00:00
CCH-005829,ACCT-000564,B0174,923.37,2026-07-26T19:01:49+00:00
CCH-005830,ACCT-000422,B0174,698.66,2026-07-26T19:01:49+00:00
CCH-005831,ACCT-000224,B0174,260.83,2026-07-26T19:01:49+00:00
CCH-005832,ACCT-000011,B0174,64.79,2026-07-26T19:01:49+00:00
CCH-005833,ACCT-000339,B0174,652.04,2026-07-26T19:01:49+00:00
CCH-005834,ACCT-000208,B0174,649.54,2026-07-26T19:01:49+00:00
CCH-005835,ACCT-000638,B0174,749.09,2026-07-26T19:01:49+00:00
CCH-005836,ACCT-000639,B0174,559.93,2026-07-26T19:01:49+00:00
CCH-005837,ACCT-000640,B0174,631.72,2026-07-26T19:01:49+00:00
CCH-005838,ACCT-000136,B0175,109.36,2026-07-26T20:29:08+00:00
CCH-005839,ACCT-000003,B0175,571.22,2026-07-26T20:29:08+00:00
CCH-005840,ACCT-000598,B0175,561.18,2026-07-26T20:29:08+00:00
CCH-005841,ACCT-000546,B0175,613.76,2026-07-26T20:29:08+00:00
CCH-005842,ACCT-000279,B0175,635.96,2026-07-26T20:29:08+00:00
CCH-005843,ACCT-000622,B0175,593.76,2026-07-26T20:29:08+00:00
CCH-005844,ACCT-000242,B0175,756.37,2026-07-26T20:29:08+00:00
CCH-005845,ACCT-000069,B0175,335.98,2026-07-26T20:29:08+00:00
CCH-005846,ACCT-000297,B0175,236.21,2026-07-26T20:29:08+00:00
CCH-005847,ACCT-000282,B0175,991.32,2026-07-26T20:29:08+00:00
CCH-005848,ACCT-000153,B0175,228.33,2026-07-26T20:29:08+00:00
CCH-005849,ACCT-000572,B0175,529.21,2026-07-26T20:29:08+00:00
CCH-005850,ACCT-000344,B0175,498.64,2026-07-26T20:29:08+00:00
CCH-005851,ACCT-000078,B0175,539.8,2026-07-26T20:29:08+00:00
CCH-005852,ACCT-000354,B0175,328.04,2026-07-26T20:29:08+00:00
CCH-005853,ACCT-000321,B0175,397.23,2026-07-26T20:29:08+00:00
CCH-005854,ACCT-000189,B0175,247.55,2026-07-26T20:29:08+00:00
CCH-005855,ACCT-000346,B0175,806.55,2026-07-26T20:29:08+00:00
CCH-005856,ACCT-000071,B0175,598.71,2026-07-26T20:29:08+00:00
CCH-005857,ACCT-000404,B0175,527.71,2026-07-26T20:29:08+00:00
CCH-005858,ACCT-000341,B0175,176.43,2026-07-26T20:29:08+00:00
CCH-005859,ACCT-000131,B0175,166.15,2026-07-26T20:29:08+00:00
CCH-005860,ACCT-000212,B0175,573.82,2026-07-26T20:29:08+00:00
CCH-005861,ACCT-000301,B0175,414.75,2026-07-26T20:29:08+00:00
CCH-005862,ACCT-000574,B0175,1008.75,2026-07-26T20:29:08+00:00
CCH-005863,ACCT-000039,B0175,631.87,2026-07-26T20:29:08+00:00
CCH-005864,ACCT-000453,B0175,134.55,2026-07-26T20:29:08+00:00
CCH-005865,ACCT-000322,B0175,56.96,2026-07-26T20:29:08+00:00
CCH-005866,ACCT-000052,B0175,387.71,2026-07-26T20:29:08+00:00
CCH-005867,ACCT-000641,B0175,708.26,2026-07-26T20:29:08+00:00
CCH-005868,ACCT-000642,B0175,431.59,2026-07-26T20:29:08+00:00
CCH-005869,ACCT-000643,B0175,613.66,2026-07-26T20:29:08+00:00
CCH-005870,ACCT-000644,B0175,319.09,2026-07-26T20:29:08+00:00
CCH-005871,ACCT-000565,B0176,276.26,2026-07-26T21:26:49+00:00
CCH-005872,ACCT-000035,B0176,721.8,2026-07-26T21:26:49+00:00
CCH-005873,ACCT-000149,B0176,225.06,2026-07-26T21:26:49+00:00
CCH-005874,ACCT-000480,B0176,554.71,2026-07-26T21:26:49+00:00
CCH-005875,ACCT-000643,B0176,779.47,2026-07-26T21:26:49+00:00
CCH-005876,ACCT-000054,B0176,382.27,2026-07-26T21:26:49+00:00
CCH-005877,ACCT-000154,B0176,342.84,2026-07-26T21:26:49+00:00
CCH-005878,ACCT-000084,B0176,356.38,2026-07-26T21:26:49+00:00
CCH-005879,ACCT-000273,B0176,466.63,2026-07-26T21:26:49+00:00
CCH-005880,ACCT-000463,B0176,631.22,2026-07-26T21:26:49+00:00
CCH-005881,ACCT-000407,B0176,1138.77,2026-07-26T21:26:49+00:00
CCH-005882,ACCT-000589,B0176,618.68,2026-07-26T21:26:49+00:00
CCH-005883,ACCT-000491,B0176,271.19,2026-07-26T21:26:49+00:00
CCH-005884,ACCT-000520,B0176,360.75,2026-07-26T21:26:49+00:00
CCH-005885,ACCT-000148,B0176,193.32,2026-07-26T21:26:49+00:00
CCH-005886,ACCT-000618,B0176,278.89,2026-07-26T21:26:49+00:00
CCH-005887,ACCT-000366,B0176,508.35,2026-07-26T21:26:49+00:00
CCH-005888,ACCT-000139,B0176,164.9,2026-07-26T21:26:49+00:00
CCH-005889,ACCT-000083,B0176,557.81,2026-07-26T21:26:49+00:00
CCH-005890,ACCT-000243,B0176,854.3,2026-07-26T21:26:49+00:00
CCH-005891,ACCT-000531,B0176,329.1,2026-07-26T21:26:49+00:00
CCH-005892,ACCT-000147,B0176,484.5,2026-07-26T21:26:49+00:00
CCH-005893,ACCT-000620,B0176,581.11,2026-07-26T21:26:49+00:00
CCH-005894,ACCT-000261,B0176,340.0,2026-07-26T21:26:49+00:00
CCH-005895,ACCT-000087,B0176,760.99,2026-07-26T21:26:49+00:00
CCH-005896,ACCT-000360,B0176,558.66,2026-07-26T21:26:49+00:00
CCH-005897,ACCT-000016,B0176,305.02,2026-07-26T21:26:49+00:00
CCH-005898,ACCT-000313,B0176,321.83,2026-07-26T21:26:49+00:00
CCH-005899,ACCT-000180,B0176,480.58,2026-07-26T21:26:49+00:00
CCH-005900,ACCT-000563,B0176,257.2,2026-07-26T21:26:49+00:00
CCH-005901,ACCT-000178,B0176,120.38,2026-07-26T21:26:49+00:00
CCH-005902,ACCT-000645,B0176,947.69,2026-07-26T21:26:49+00:00
CCH-005903,ACCT-000646,B0176,1011.25,2026-07-26T21:26:49+00:00
CCH-005904,ACCT-000647,B0176,75.45,2026-07-26T21:26:49+00:00
CCH-005905,ACCT-000648,B0176,379.47,2026-07-26T21:26:49+00:00
CCH-005906,ACCT-000014,B0177,334.35,2026-07-26T22:28:44+00:00
CCH-005907,ACCT-000618,B0177,565.69,2026-07-26T22:28:44+00:00
CCH-005908,ACCT-000497,B0177,182.23,2026-07-26T22:28:44+00:00
CCH-005909,ACCT-000605,B0177,196.41,2026-07-26T22:28:44+00:00
CCH-005910,ACCT-000243,B0177,313.72,2026-07-26T22:28:44+00:00
CCH-005911,ACCT-000598,B0177,415.27,2026-07-26T22:28:44+00:00
CCH-005912,ACCT-000075,B0177,285.73,2026-07-26T22:28:44+00:00
CCH-005913,ACCT-000444,B0177,653.36,2026-07-26T22:28:44+00:00
CCH-005914,ACCT-000113,B0177,185.61,2026-07-26T22:28:44+00:00
CCH-005915,ACCT-000421,B0177,167.0,2026-07-26T22:28:44+00:00
CCH-005916,ACCT-000538,B0177,415.28,2026-07-26T22:28:44+00:00
CCH-005917,ACCT-000506,B0177,701.24,2026-07-26T22:28:44+00:00
CCH-005918,ACCT-000115,B0177,308.79,2026-07-26T22:28:44+00:00
CCH-005919,ACCT-000409,B0177,1202.11,2026-07-26T22:28:44+00:00
CCH-005920,ACCT-000446,B0177,272.53,2026-07-26T22:28:44+00:00
CCH-005921,ACCT-000219,B0177,320.76,2026-07-26T22:28:44+00:00
CCH-005922,ACCT-000367,B0177,858.65,2026-07-26T22:28:44+00:00
CCH-005923,ACCT-000494,B0177,1213.45,2026-07-26T22:28:44+00:00
CCH-005924,ACCT-000422,B0177,1001.36,2026-07-26T22:28:44+00:00
CCH-005925,ACCT-000186,B0177,143.86,2026-07-26T22:28:44+00:00
CCH-005926,ACCT-000509,B0177,742.36,2026-07-26T22:28:44+00:00
CCH-005927,ACCT-000532,B0177,424.29,2026-07-26T22:28:44+00:00
CCH-005928,ACCT-000230,B0177,1118.38,2026-07-26T22:28:44+00:00
CCH-005929,ACCT-000441,B0177,274.39,2026-07-26T22:28:44+00:00
CCH-005930,ACCT-000510,B0177,692.58,2026-07-26T22:28:44+00:00
CCH-005931,ACCT-000382,B0177,670.15,2026-07-26T22:28:44+00:00
CCH-005932,ACCT-000077,B0177,104.55,2026-07-26T22:28:44+00:00
CCH-005933,ACCT-000355,B0177,899.13,2026-07-26T22:28:44+00:00
CCH-005934,ACCT-000089,B0177,32.12,2026-07-26T22:28:44+00:00
CCH-005935,ACCT-000577,B0177,35.38,2026-07-26T22:28:44+00:00
CCH-005936,ACCT-000408,B0177,1119.19,2026-07-26T22:28:44+00:00
CCH-005937,ACCT-000354,B0177,569.87,2026-07-26T22:28:44+00:00
CCH-005938,ACCT-000571,B0177,446.71,2026-07-26T22:28:44+00:00
CCH-005939,ACCT-000513,B0177,380.28,2026-07-26T22:28:44+00:00
CCH-005940,ACCT-000649,B0177,558.03,2026-07-26T22:28:44+00:00
CCH-005941,ACCT-000650,B0177,257.03,2026-07-26T22:28:44+00:00
CCH-005942,ACCT-000427,B0178,492.42,2026-07-26T23:29:39+00:00
CCH-005943,ACCT-000294,B0178,907.87,2026-07-26T23:29:39+00:00
CCH-005944,ACCT-000216,B0178,1097.48,2026-07-26T23:29:39+00:00
CCH-005945,ACCT-000525,B0178,657.74,2026-07-26T23:29:39+00:00
CCH-005946,ACCT-000597,B0178,147.69,2026-07-26T23:29:39+00:00
CCH-005947,ACCT-000500,B0178,803.26,2026-07-26T23:29:39+00:00
CCH-005948,ACCT-000297,B0178,465.51,2026-07-26T23:29:39+00:00
CCH-005949,ACCT-000259,B0178,638.22,2026-07-26T23:29:39+00:00
CCH-005950,ACCT-000502,B0178,963.59,2026-07-26T23:29:39+00:00
CCH-005951,ACCT-000197,B0178,636.94,2026-07-26T23:29:39+00:00
CCH-005952,ACCT-000567,B0178,865.16,2026-07-26T23:29:39+00:00
CCH-005953,ACCT-000361,B0178,557.92,2026-07-26T23:29:39+00:00
CCH-005954,ACCT-000092,B0178,20.25,2026-07-26T23:29:39+00:00
CCH-005955,ACCT-000517,B0178,757.85,2026-07-26T23:29:39+00:00
CCH-005956,ACCT-000538,B0178,1077.18,2026-07-26T23:29:39+00:00
CCH-005957,ACCT-000009,B0178,396.78,2026-07-26T23:29:39+00:00
CCH-005958,ACCT-000533,B0178,363.72,2026-07-26T23:29:39+00:00
CCH-005959,ACCT-000488,B0178,57.24,2026-07-26T23:29:39+00:00
CCH-005960,ACCT-000061,B0178,332.46,2026-07-26T23:29:39+00:00
CCH-005961,ACCT-000648,B0178,70.44,2026-07-26T23:29:39+00:00
CCH-005962,ACCT-000249,B0178,76.35,2026-07-26T23:29:39+00:00
CCH-005963,ACCT-000255,B0178,240.48,2026-07-26T23:29:39+00:00
CCH-005964,ACCT-000101,B0178,794.17,2026-07-26T23:29:39+00:00
CCH-005965,ACCT-000053,B0178,923.85,2026-07-26T23:29:39+00:00
CCH-005966,ACCT-000545,B0178,824.39,2026-07-26T23:29:39+00:00
CCH-005967,ACCT-000146,B0178,80.61,2026-07-26T23:29:39+00:00
CCH-005968,ACCT-000321,B0178,192.33,2026-07-26T23:29:39+00:00
CCH-005969,ACCT-000281,B0178,435.31,2026-07-26T23:29:39+00:00
CCH-005970,ACCT-000592,B0178,712.92,2026-07-26T23:29:39+00:00
CCH-005971,ACCT-000078,B0178,722.12,2026-07-26T23:29:39+00:00
CCH-005972,ACCT-000651,B0178,1038.06,2026-07-26T23:29:39+00:00
CCH-005973,ACCT-000652,B0178,755.66,2026-07-26T23:29:39+00:00
CCH-005974,ACCT-000653,B0178,480.33,2026-07-26T23:29:39+00:00
CCH-005975,ACCT-000348,B0179,333.45,2026-07-27T01:09:35+00:00
CCH-005976,ACCT-000103,B0179,508.2,2026-07-27T01:09:35+00:00
CCH-005977,ACCT-000047,B0179,1147.55,2026-07-27T01:09:35+00:00
CCH-005978,ACCT-000510,B0179,977.63,2026-07-27T01:09:35+00:00
CCH-005979,ACCT-000354,B0179,109.84,2026-07-27T01:09:35+00:00
CCH-005980,ACCT-000429,B0179,274.84,2026-07-27T01:09:35+00:00
CCH-005981,ACCT-000115,B0179,792.99,2026-07-27T01:09:35+00:00
CCH-005982,ACCT-000597,B0179,1007.56,2026-07-27T01:09:35+00:00
CCH-005983,ACCT-000601,B0179,456.9,2026-07-27T01:09:35+00:00
CCH-005984,ACCT-000125,B0179,408.06,2026-07-27T01:09:35+00:00
CCH-005985,ACCT-000126,B0179,224.4,2026-07-27T01:09:35+00:00
CCH-005986,ACCT-000542,B0179,265.42,2026-07-27T01:09:35+00:00
CCH-005987,ACCT-000089,B0179,330.28,2026-07-27T01:09:35+00:00
CCH-005988,ACCT-000467,B0179,500.95,2026-07-27T01:09:35+00:00
CCH-005989,ACCT-000220,B0179,187.18,2026-07-27T01:09:35+00:00
CCH-005990,ACCT-000614,B0179,359.1,2026-07-27T01:09:35+00:00
CCH-005991,ACCT-000014,B0179,317.08,2026-07-27T01:09:35+00:00
CCH-005992,ACCT-000216,B0179,321.63,2026-07-27T01:09:35+00:00
CCH-005993,ACCT-000022,B0179,260.05,2026-07-27T01:09:35+00:00
CCH-005994,ACCT-000083,B0179,212.32,2026-07-27T01:09:35+00:00
CCH-005995,ACCT-000356,B0179,44.41,2026-07-27T01:09:35+00:00
CCH-005996,ACCT-000525,B0179,870.71,2026-07-27T01:09:35+00:00
CCH-005997,ACCT-000296,B0179,1095.0,2026-07-27T01:09:35+00:00
CCH-005998,ACCT-000610,B0179,401.98,2026-07-27T01:09:35+00:00
CCH-005999,ACCT-000389,B0179,831.47,2026-07-27T01:09:35+00:00
CCH-006000,ACCT-000466,B0179,144.91,2026-07-27T01:09:35+00:00
CCH-006001,ACCT-000051,B0179,1137.53,2026-07-27T01:09:35+00:00
CCH-006002,ACCT-000076,B0179,223.63,2026-07-27T01:09:35+00:00
CCH-006003,ACCT-000021,B0179,603.34,2026-07-27T01:09:35+00:00
CCH-006004,ACCT-000519,B0179,304.42,2026-07-27T01:09:35+00:00
CCH-006005,ACCT-000639,B0179,195.58,2026-07-27T01:09:35+00:00
CCH-006006,ACCT-000123,B0179,426.9,2026-07-27T01:09:35+00:00
CCH-006007,ACCT-000654,B0179,741.79,2026-07-27T01:09:35+00:00
CCH-006008,ACCT-000655,B0179,137.48,2026-07-27T01:09:35+00:00
CCH-006009,ACCT-000656,B0179,804.47,2026-07-27T01:09:35+00:00
CCH-006010,ACCT-000657,B0179,542.45,2026-07-27T01:09:35+00:00
CCH-006011,ACCT-000632,B0180,633.03,2026-07-27T05:04:49+00:00
CCH-006012,ACCT-000543,B0180,396.48,2026-07-27T05:04:49+00:00
CCH-006013,ACCT-000392,B0180,373.27,2026-07-27T05:04:49+00:00
CCH-006014,ACCT-000068,B0180,1201.52,2026-07-27T05:04:49+00:00
CCH-006015,ACCT-000621,B0180,711.82,2026-07-27T05:04:49+00:00
CCH-006016,ACCT-000509,B0180,370.98,2026-07-27T05:04:49+00:00
CCH-006017,ACCT-000404,B0180,486.39,2026-07-27T05:04:49+00:00
CCH-006018,ACCT-000616,B0180,622.57,2026-07-27T05:04:49+00:00
CCH-006019,ACCT-000035,B0180,152.27,2026-07-27T05:04:49+00:00
CCH-006020,ACCT-000165,B0180,507.23,2026-07-27T05:04:49+00:00
CCH-006021,ACCT-000147,B0180,637.01,2026-07-27T05:04:49+00:00
CCH-006022,ACCT-000456,B0180,385.02,2026-07-27T05:04:49+00:00
CCH-006023,ACCT-000140,B0180,760.98,2026-07-27T05:04:49+00:00
CCH-006024,ACCT-000010,B0180,700.93,2026-07-27T05:04:49+00:00
CCH-006025,ACCT-000426,B0180,311.75,2026-07-27T05:04:49+00:00
CCH-006026,ACCT-000620,B0180,285.99,2026-07-27T05:04:49+00:00
CCH-006027,ACCT-000022,B0180,304.93,2026-07-27T05:04:49+00:00
CCH-006028,ACCT-000562,B0180,370.15,2026-07-27T05:04:49+00:00
CCH-006029,ACCT-000577,B0180,676.75,2026-07-27T05:04:49+00:00
CCH-006030,ACCT-000415,B0180,634.79,2026-07-27T05:04:49+00:00
CCH-006031,ACCT-000100,B0180,764.45,2026-07-27T05:04:49+00:00
CCH-006032,ACCT-000603,B0180,191.6,2026-07-27T05:04:49+00:00
CCH-006033,ACCT-000653,B0180,157.79,2026-07-27T05:04:49+00:00
CCH-006034,ACCT-000459,B0180,680.96,2026-07-27T05:04:49+00:00
CCH-006035,ACCT-000357,B0180,1018.46,2026-07-27T05:04:49+00:00
CCH-006036,ACCT-000592,B0180,727.9,2026-07-27T05:04:49+00:00
CCH-006037,ACCT-000446,B0180,591.1,2026-07-27T05:04:49+00:00
CCH-006038,ACCT-000328,B0180,652.26,2026-07-27T05:04:49+00:00
CCH-006039,ACCT-000023,B0180,722.75,2026-07-27T05:04:49+00:00
CCH-006040,ACCT-000658,B0180,578.62,2026-07-27T05:04:49+00:00
CCH-006041,ACCT-000659,B0180,610.98,2026-07-27T05:04:49+00:00
CCH-006042,ACCT-000660,B0180,631.86,2026-07-27T05:04:49+00:00
CCH-006043,ACCT-000470,B0181,968.96,2026-07-27T08:53:05+00:00
CCH-006044,ACCT-000479,B0181,898.01,2026-07-27T08:53:05+00:00
CCH-006045,ACCT-000363,B0181,582.84,2026-07-27T08:53:05+00:00
CCH-006046,ACCT-000328,B0181,406.0,2026-07-27T08:53:05+00:00
CCH-006047,ACCT-000591,B0181,630.08,2026-07-27T08:53:05+00:00
CCH-006048,ACCT-000463,B0181,1001.63,2026-07-27T08:53:05+00:00
CCH-006049,ACCT-000352,B0181,540.89,2026-07-27T08:53:05+00:00
CCH-006050,ACCT-000659,B0181,375.65,2026-07-27T08:53:05+00:00
CCH-006051,ACCT-000085,B0181,669.05,2026-07-27T08:53:05+00:00
CCH-006052,ACCT-000158,B0181,86.72,2026-07-27T08:53:05+00:00
CCH-006053,ACCT-000429,B0181,122.95,2026-07-27T08:53:05+00:00
CCH-006054,ACCT-000142,B0181,304.78,2026-07-27T08:53:05+00:00
CCH-006055,ACCT-000428,B0181,408.76,2026-07-27T08:53:05+00:00
CCH-006056,ACCT-000062,B0181,54.49,2026-07-27T08:53:05+00:00
CCH-006057,ACCT-000023,B0181,718.91,2026-07-27T08:53:05+00:00
CCH-006058,ACCT-000017,B0181,369.15,2026-07-27T08:53:05+00:00
CCH-006059,ACCT-000053,B0181,314.59,2026-07-27T08:53:05+00:00
CCH-006060,ACCT-000281,B0181,755.56,2026-07-27T08:53:05+00:00
CCH-006061,ACCT-000050,B0181,276.88,2026-07-27T08:53:05+00:00
CCH-006062,ACCT-000521,B0181,382.78,2026-07-27T08:53:05+00:00
CCH-006063,ACCT-000397,B0181,342.69,2026-07-27T08:53:05+00:00
CCH-006064,ACCT-000343,B0181,556.97,2026-07-27T08:53:05+00:00
CCH-006065,ACCT-000474,B0181,538.17,2026-07-27T08:53:05+00:00
CCH-006066,ACCT-000411,B0181,441.61,2026-07-27T08:53:05+00:00
CCH-006067,ACCT-000574,B0181,559.43,2026-07-27T08:53:05+00:00
CCH-006068,ACCT-000353,B0181,394.59,2026-07-27T08:53:05+00:00
CCH-006069,ACCT-000554,B0181,184.48,2026-07-27T08:53:05+00:00
CCH-006070,ACCT-000382,B0181,745.66,2026-07-27T08:53:05+00:00
CCH-006071,ACCT-000458,B0181,1009.87,2026-07-27T08:53:05+00:00
CCH-006072,ACCT-000623,B0181,201.73,2026-07-27T08:53:05+00:00
CCH-006073,ACCT-000661,B0181,947.57,2026-07-27T08:53:05+00:00
CCH-006074,ACCT-000662,B0181,770.21,2026-07-27T08:53:05+00:00
CCH-006075,ACCT-000663,B0181,729.64,2026-07-27T08:53:05+00:00
CCH-006076,ACCT-000144,B0182,532.17,2026-07-27T12:13:42+00:00
CCH-006077,ACCT-000036,B0182,1065.16,2026-07-27T12:13:42+00:00
CCH-006078,ACCT-000472,B0182,547.19,2026-07-27T12:13:42+00:00
CCH-006079,ACCT-000010,B0182,38.99,2026-07-27T12:13:42+00:00
CCH-006080,ACCT-000433,B0182,439.46,2026-07-27T12:13:42+00:00
CCH-006081,ACCT-000127,B0182,894.61,2026-07-27T12:13:42+00:00
CCH-006082,ACCT-000559,B0182,498.42,2026-07-27T12:13:42+00:00
CCH-006083,ACCT-000591,B0182,362.92,2026-07-27T12:13:42+00:00
CCH-006084,ACCT-000470,B0182,554.43,2026-07-27T12:13:42+00:00
CCH-006085,ACCT-000463,B0182,489.03,2026-07-27T12:13:42+00:00
CCH-006086,ACCT-000305,B0182,588.57,2026-07-27T12:13:42+00:00
CCH-006087,ACCT-000316,B0182,506.83,2026-07-27T12:13:42+00:00
CCH-006088,ACCT-000011,B0182,972.65,2026-07-27T12:13:42+00:00
CCH-006089,ACCT-000070,B0182,708.63,2026-07-27T12:13:42+00:00
CCH-006090,ACCT-000415,B0182,611.89,2026-07-27T12:13:42+00:00
CCH-006091,ACCT-000271,B0182,87.47,2026-07-27T12:13:42+00:00
CCH-006092,ACCT-000398,B0182,707.21,2026-07-27T12:13:42+00:00
CCH-006093,ACCT-000258,B0182,400.55,2026-07-27T12:13:42+00:00
CCH-006094,ACCT-000327,B0182,573.46,2026-07-27T12:13:42+00:00
CCH-006095,ACCT-000227,B0182,851.65,2026-07-27T12:13:42+00:00
CCH-006096,ACCT-000233,B0182,566.49,2026-07-27T12:13:42+00:00
CCH-006097,ACCT-000212,B0182,185.12,2026-07-27T12:13:42+00:00
CCH-006098,ACCT-000028,B0182,583.31,2026-07-27T12:13:42+00:00
CCH-006099,ACCT-000424,B0182,582.41,2026-07-27T12:13:42+00:00
CCH-006100,ACCT-000349,B0182,423.01,2026-07-27T12:13:42+00:00
CCH-006101,ACCT-000587,B0182,584.03,2026-07-27T12:13:42+00:00
CCH-006102,ACCT-000105,B0182,543.83,2026-07-27T12:13:42+00:00
CCH-006103,ACCT-000145,B0182,570.13,2026-07-27T12:13:42+00:00
CCH-006104,ACCT-000664,B0182,107.05,2026-07-27T12:13:42+00:00
CCH-006105,ACCT-000665,B0182,807.85,2026-07-27T12:13:42+00:00
CCH-006106,ACCT-000666,B0182,651.17,2026-07-27T12:13:42+00:00
CCH-006107,ACCT-000589,B0183,735.98,2026-07-27T15:21:36+00:00
CCH-006108,ACCT-000540,B0183,160.86,2026-07-27T15:21:36+00:00
CCH-006109,ACCT-000439,B0183,1029.04,2026-07-27T15:21:36+00:00
CCH-006110,ACCT-000389,B0183,170.43,2026-07-27T15:21:36+00:00
CCH-006111,ACCT-000580,B0183,70.18,2026-07-27T15:21:36+00:00
CCH-006112,ACCT-000240,B0183,359.89,2026-07-27T15:21:36+00:00
CCH-006113,ACCT-000545,B0183,166.39,2026-07-27T15:21:36+00:00
CCH-006114,ACCT-000508,B0183,1065.95,2026-07-27T15:21:36+00:00
CCH-006115,ACCT-000270,B0183,95.3,2026-07-27T15:21:36+00:00
CCH-006116,ACCT-000131,B0183,677.48,2026-07-27T15:21:36+00:00
CCH-006117,ACCT-000144,B0183,445.98,2026-07-27T15:21:36+00:00
CCH-006118,ACCT-000460,B0183,586.99,2026-07-27T15:21:36+00:00
CCH-006119,ACCT-000029,B0183,911.45,2026-07-27T15:21:36+00:00
CCH-006120,ACCT-000041,B0183,297.9,2026-07-27T15:21:36+00:00
CCH-006121,ACCT-000522,B0183,1190.93,2026-07-27T15:21:36+00:00
CCH-006122,ACCT-000111,B0183,1011.23,2026-07-27T15:21:36+00:00
CCH-006123,ACCT-000572,B0183,899.93,2026-07-27T15:21:36+00:00
CCH-006124,ACCT-000331,B0183,483.96,2026-07-27T15:21:36+00:00
CCH-006125,ACCT-000051,B0183,261.22,2026-07-27T15:21:36+00:00
CCH-006126,ACCT-000107,B0183,974.54,2026-07-27T15:21:36+00:00
CCH-006127,ACCT-000149,B0183,528.73,2026-07-27T15:21:36+00:00
CCH-006128,ACCT-000467,B0183,348.32,2026-07-27T15:21:36+00:00
CCH-006129,ACCT-000008,B0183,432.62,2026-07-27T15:21:36+00:00
CCH-006130,ACCT-000276,B0183,595.56,2026-07-27T15:21:36+00:00
CCH-006131,ACCT-000649,B0183,833.15,2026-07-27T15:21:36+00:00
CCH-006132,ACCT-000047,B0183,1088.83,2026-07-27T15:21:36+00:00
CCH-006133,ACCT-000499,B0183,236.57,2026-07-27T15:21:36+00:00
CCH-006134,ACCT-000596,B0183,810.76,2026-07-27T15:21:36+00:00
CCH-006135,ACCT-000667,B0183,599.61,2026-07-27T15:21:36+00:00
CCH-006136,ACCT-000668,B0183,368.8,2026-07-27T15:21:36+00:00
CCH-006137,ACCT-000638,B0184,1106.32,2026-07-27T17:16:16+00:00
CCH-006138,ACCT-000442,B0184,341.69,2026-07-27T17:16:16+00:00
CCH-006139,ACCT-000489,B0184,906.38,2026-07-27T17:16:16+00:00
CCH-006140,ACCT-000200,B0184,935.62,2026-07-27T17:16:16+00:00
CCH-006141,ACCT-000371,B0184,592.96,2026-07-27T17:16:16+00:00
CCH-006142,ACCT-000015,B0184,279.64,2026-07-27T17:16:16+00:00
CCH-006143,ACCT-000388,B0184,578.96,2026-07-27T17:16:16+00:00
CCH-006144,ACCT-000383,B0184,692.05,2026-07-27T17:16:16+00:00
CCH-006145,ACCT-000666,B0184,302.43,2026-07-27T17:16:16+00:00
CCH-006146,ACCT-000215,B0184,776.09,2026-07-27T17:16:16+00:00
CCH-006147,ACCT-000624,B0184,277.4,2026-07-27T17:16:16+00:00
CCH-006148,ACCT-000276,B0184,336.69,2026-07-27T17:16:16+00:00
CCH-006149,ACCT-000274,B0184,205.18,2026-07-27T17:16:16+00:00
CCH-006150,ACCT-000235,B0184,970.22,2026-07-27T17:16:16+00:00
CCH-006151,ACCT-000447,B0184,268.06,2026-07-27T17:16:16+00:00
CCH-006152,ACCT-000337,B0184,559.36,2026-07-27T17:16:16+00:00
CCH-006153,ACCT-000062,B0184,916.18,2026-07-27T17:16:16+00:00
CCH-006154,ACCT-000026,B0184,688.86,2026-07-27T17:16:16+00:00
CCH-006155,ACCT-000560,B0184,459.05,2026-07-27T17:16:16+00:00
CCH-006156,ACCT-000529,B0184,108.87,2026-07-27T17:16:16+00:00
CCH-006157,ACCT-000410,B0184,79.82,2026-07-27T17:16:16+00:00
CCH-006158,ACCT-000461,B0184,921.74,2026-07-27T17:16:16+00:00
CCH-006159,ACCT-000289,B0184,559.5,2026-07-27T17:16:16+00:00
CCH-006160,ACCT-000668,B0184,706.84,2026-07-27T17:16:16+00:00
CCH-006161,ACCT-000291,B0184,204.41,2026-07-27T17:16:16+00:00
CCH-006162,ACCT-000409,B0184,791.13,2026-07-27T17:16:16+00:00
CCH-006163,ACCT-000272,B0184,1086.06,2026-07-27T17:16:16+00:00
CCH-006164,ACCT-000054,B0184,226.03,2026-07-27T17:16:16+00:00
CCH-006165,ACCT-000003,B0184,392.29,2026-07-27T17:16:16+00:00
CCH-006166,ACCT-000347,B0184,583.4,2026-07-27T17:16:16+00:00
CCH-006167,ACCT-000095,B0184,96.78,2026-07-27T17:16:16+00:00
CCH-006168,ACCT-000626,B0184,165.22,2026-07-27T17:16:16+00:00
CCH-006169,ACCT-000399,B0184,657.79,2026-07-27T17:16:16+00:00
CCH-006170,ACCT-000669,B0184,814.3,2026-07-27T17:16:16+00:00
CCH-006171,ACCT-000670,B0184,74.7,2026-07-27T17:16:16+00:00
CCH-006172,ACCT-000521,B0185,469.6,2026-07-27T18:55:01+00:00
CCH-006173,ACCT-000633,B0185,381.98,2026-07-27T18:55:01+00:00
CCH-006174,ACCT-000379,B0185,696.25,2026-07-27T18:55:01+00:00
CCH-006175,ACCT-000414,B0185,553.36,2026-07-27T18:55:01+00:00
CCH-006176,ACCT-000528,B0185,641.49,2026-07-27T18:55:01+00:00
CCH-006177,ACCT-000207,B0185,988.39,2026-07-27T18:55:01+00:00
CCH-006178,ACCT-000223,B0185,561.19,2026-07-27T18:55:01+00:00
CCH-006179,ACCT-000470,B0185,904.36,2026-07-27T18:55:01+00:00
CCH-006180,ACCT-000085,B0185,845.7,2026-07-27T18:55:01+00:00
CCH-006181,ACCT-000169,B0185,1099.91,2026-07-27T18:55:01+00:00
CCH-006182,ACCT-000338,B0185,520.76,2026-07-27T18:55:01+00:00
CCH-006183,ACCT-000200,B0185,861.06,2026-07-27T18:55:01+00:00
CCH-006184,ACCT-000361,B0185,292.86,2026-07-27T18:55:01+00:00
CCH-006185,ACCT-000066,B0185,547.1,2026-07-27T18:55:01+00:00
CCH-006186,ACCT-000091,B0185,417.02,2026-07-27T18:55:01+00:00
CCH-006187,ACCT-000300,B0185,386.99,2026-07-27T18:55:01+00:00
CCH-006188,ACCT-000657,B0185,1052.29,2026-07-27T18:55:01+00:00
CCH-006189,ACCT-000217,B0185,989.28,2026-07-27T18:55:01+00:00
CCH-006190,ACCT-000331,B0185,394.07,2026-07-27T18:55:01+00:00
CCH-006191,ACCT-000183,B0185,793.41,2026-07-27T18:55:01+00:00
CCH-006192,ACCT-000635,B0185,122.34,2026-07-27T18:55:01+00:00
CCH-006193,ACCT-000419,B0185,757.06,2026-07-27T18:55:01+00:00
CCH-006194,ACCT-000347,B0185,227.38,2026-07-27T18:55:01+00:00
CCH-006195,ACCT-000377,B0185,234.2,2026-07-27T18:55:01+00:00
CCH-006196,ACCT-000374,B0185,186.31,2026-07-27T18:55:01+00:00
CCH-006197,ACCT-000013,B0185,952.23,2026-07-27T18:55:01+00:00
CCH-006198,ACCT-000307,B0185,857.8,2026-07-27T18:55:01+00:00
CCH-006199,ACCT-000073,B0185,950.03,2026-07-27T18:55:01+00:00
CCH-006200,ACCT-000074,B0185,503.78,2026-07-27T18:55:01+00:00
CCH-006201,ACCT-000671,B0185,585.0,2026-07-27T18:55:01+00:00
CCH-006202,ACCT-000672,B0185,855.64,2026-07-27T18:55:01+00:00
CCH-006203,ACCT-000673,B0185,784.7,2026-07-27T18:55:01+00:00
CCH-006204,ACCT-000674,B0185,404.59,2026-07-27T18:55:01+00:00
CCH-006205,ACCT-000116,B0186,416.03,2026-07-27T20:15:40+00:00
CCH-006206,ACCT-000668,B0186,1006.41,2026-07-27T20:15:40+00:00
CCH-006207,ACCT-000456,B0186,719.06,2026-07-27T20:15:40+00:00
CCH-006208,ACCT-000249,B0186,238.21,2026-07-27T20:15:40+00:00
CCH-006209,ACCT-000274,B0186,822.17,2026-07-27T20:15:40+00:00
CCH-006210,ACCT-000084,B0186,479.42,2026-07-27T20:15:40+00:00
CCH-006211,ACCT-000418,B0186,1076.77,2026-07-27T20:15:40+00:00
CCH-006212,ACCT-000655,B0186,92.57,2026-07-27T20:15:40+00:00
CCH-006213,ACCT-000098,B0186,887.92,2026-07-27T20:15:40+00:00
CCH-006214,ACCT-000520,B0186,869.01,2026-07-27T20:15:40+00:00
CCH-006215,ACCT-000195,B0186,281.57,2026-07-27T20:15:40+00:00
CCH-006216,ACCT-000031,B0186,611.51,2026-07-27T20:15:40+00:00
CCH-006217,ACCT-000021,B0186,388.36,2026-07-27T20:15:40+00:00
CCH-006218,ACCT-000068,B0186,287.56,2026-07-27T20:15:40+00:00
CCH-006219,ACCT-000061,B0186,78.49,2026-07-27T20:15:40+00:00
CCH-006220,ACCT-000204,B0186,275.9,2026-07-27T20:15:40+00:00
CCH-006221,ACCT-000591,B0186,686.18,2026-07-27T20:15:40+00:00
CCH-006222,ACCT-000254,B0186,315.42,2026-07-27T20:15:40+00:00
CCH-006223,ACCT-000444,B0186,881.56,2026-07-27T20:15:40+00:00
CCH-006224,ACCT-000109,B0186,202.85,2026-07-27T20:15:40+00:00
CCH-006225,ACCT-000110,B0186,327.88,2026-07-27T20:15:40+00:00
CCH-006226,ACCT-000627,B0186,712.15,2026-07-27T20:15:40+00:00
CCH-006227,ACCT-000570,B0186,362.36,2026-07-27T20:15:40+00:00
CCH-006228,ACCT-000495,B0186,158.5,2026-07-27T20:15:40+00:00
CCH-006229,ACCT-000349,B0186,847.12,2026-07-27T20:15:40+00:00
CCH-006230,ACCT-000050,B0186,936.13,2026-07-27T20:15:40+00:00
CCH-006231,ACCT-000131,B0186,202.96,2026-07-27T20:15:40+00:00
CCH-006232,ACCT-000675,B0186,791.88,2026-07-27T20:15:40+00:00
CCH-006233,ACCT-000676,B0186,852.5,2026-07-27T20:15:40+00:00
CCH-006234,ACCT-000602,B0187,809.9,2026-07-27T21:36:02+00:00
CCH-006235,ACCT-000313,B0187,438.74,2026-07-27T21:36:02+00:00
CCH-006236,ACCT-000482,B0187,140.22,2026-07-27T21:36:02+00:00
CCH-006237,ACCT-000292,B0187,1007.54,2026-07-27T21:36:02+00:00
CCH-006238,ACCT-000415,B0187,611.29,2026-07-27T21:36:02+00:00
CCH-006239,ACCT-000220,B0187,234.4,2026-07-27T21:36:02+00:00
CCH-006240,ACCT-000056,B0187,748.69,2026-07-27T21:36:02+00:00
CCH-006241,ACCT-000510,B0187,767.18,2026-07-27T21:36:02+00:00
CCH-006242,ACCT-000589,B0187,485.43,2026-07-27T21:36:02+00:00
CCH-006243,ACCT-000206,B0187,537.13,2026-07-27T21:36:02+00:00
CCH-006244,ACCT-000168,B0187,643.69,2026-07-27T21:36:02+00:00
CCH-006245,ACCT-000507,B0187,227.34,2026-07-27T21:36:02+00:00
CCH-006246,ACCT-000434,B0187,476.53,2026-07-27T21:36:02+00:00
CCH-006247,ACCT-000544,B0187,491.71,2026-07-27T21:36:02+00:00
CCH-006248,ACCT-000199,B0187,112.63,2026-07-27T21:36:02+00:00
CCH-006249,ACCT-000552,B0187,187.42,2026-07-27T21:36:02+00:00
CCH-006250,ACCT-000594,B0187,287.04,2026-07-27T21:36:02+00:00
CCH-006251,ACCT-000569,B0187,842.81,2026-07-27T21:36:02+00:00
CCH-006252,ACCT-000018,B0187,358.18,2026-07-27T21:36:02+00:00
CCH-006253,ACCT-000467,B0187,535.91,2026-07-27T21:36:02+00:00
CCH-006254,ACCT-000671,B0187,1029.3,2026-07-27T21:36:02+00:00
CCH-006255,ACCT-000353,B0187,907.56,2026-07-27T21:36:02+00:00
CCH-006256,ACCT-000523,B0187,585.14,2026-07-27T21:36:02+00:00
CCH-006257,ACCT-000422,B0187,626.54,2026-07-27T21:36:02+00:00
CCH-006258,ACCT-000661,B0187,322.17,2026-07-27T21:36:02+00:00
CCH-006259,ACCT-000356,B0187,745.98,2026-07-27T21:36:02+00:00
CCH-006260,ACCT-000677,B0187,500.77,2026-07-27T21:36:02+00:00
CCH-006261,ACCT-000678,B0187,749.17,2026-07-27T21:36:02+00:00
CCH-006262,ACCT-000679,B0187,405.04,2026-07-27T21:36:02+00:00
CCH-006263,ACCT-000680,B0187,1094.34,2026-07-27T21:36:02+00:00
CCH-006264,ACCT-000253,B0188,1084.64,2026-07-27T22:54:25+00:00
CCH-006265,ACCT-000356,B0188,267.3,2026-07-27T22:54:25+00:00
CCH-006266,ACCT-000465,B0188,1017.71,2026-07-27T22:54:25+00:00
CCH-006267,ACCT-000304,B0188,920.13,2026-07-27T22:54:25+00:00
CCH-006268,ACCT-000050,B0188,1220.02,2026-07-27T22:54:25+00:00
CCH-006269,ACCT-000099,B0188,78.83,2026-07-27T22:54:25+00:00
CCH-006270,ACCT-000077,B0188,46.94,2026-07-27T22:54:25+00:00
CCH-006271,ACCT-000168,B0188,154.27,2026-07-27T22:54:25+00:00
CCH-006272,ACCT-000002,B0188,553.09,2026-07-27T22:54:25+00:00
CCH-006273,ACCT-000479,B0188,188.77,2026-07-27T22:54:25+00:00
CCH-006274,ACCT-000280,B0188,934.84,2026-07-27T22:54:25+00:00
CCH-006275,ACCT-000068,B0188,366.53,2026-07-27T22:54:25+00:00
CCH-006276,ACCT-000574,B0188,285.95,2026-07-27T22:54:25+00:00
CCH-006277,ACCT-000351,B0188,1086.17,2026-07-27T22:54:25+00:00
CCH-006278,ACCT-000158,B0188,624.88,2026-07-27T22:54:25+00:00
CCH-006279,ACCT-000519,B0188,382.45,2026-07-27T22:54:25+00:00
CCH-006280,ACCT-000075,B0188,812.05,2026-07-27T22:54:25+00:00
CCH-006281,ACCT-000182,B0188,643.49,2026-07-27T22:54:25+00:00
CCH-006282,ACCT-000335,B0188,857.06,2026-07-27T22:54:25+00:00
CCH-006283,ACCT-000506,B0188,369.15,2026-07-27T22:54:25+00:00
CCH-006284,ACCT-000142,B0188,783.73,2026-07-27T22:54:25+00:00
CCH-006285,ACCT-000033,B0188,205.54,2026-07-27T22:54:25+00:00
CCH-006286,ACCT-000394,B0188,465.81,2026-07-27T22:54:25+00:00
CCH-006287,ACCT-000326,B0188,1319.48,2026-07-27T22:54:25+00:00
CCH-006288,ACCT-000621,B0188,209.71,2026-07-27T22:54:25+00:00
CCH-006289,ACCT-000387,B0188,50.24,2026-07-27T22:54:25+00:00
CCH-006290,ACCT-000674,B0188,580.88,2026-07-27T22:54:25+00:00
CCH-006291,ACCT-000331,B0188,722.18,2026-07-27T22:54:25+00:00
CCH-006292,ACCT-000681,B0188,781.6,2026-07-27T22:54:25+00:00
CCH-006293,ACCT-000682,B0188,238.01,2026-07-27T22:54:25+00:00
CCH-006294,ACCT-000683,B0188,182.46,2026-07-27T22:54:25+00:00
CCH-006295,ACCT-000369,B0189,902.35,2026-07-27T23:57:07+00:00
CCH-006296,ACCT-000383,B0189,1011.0,2026-07-27T23:57:07+00:00
CCH-006297,ACCT-000426,B0189,398.48,2026-07-27T23:57:07+00:00
CCH-006298,ACCT-000398,B0189,1187.79,2026-07-27T23:57:07+00:00
CCH-006299,ACCT-000327,B0189,394.38,2026-07-27T23:57:07+00:00
CCH-006300,ACCT-000156,B0189,944.11,2026-07-27T23:57:07+00:00
CCH-006301,ACCT-000329,B0189,718.72,2026-07-27T23:57:07+00:00
CCH-006302,ACCT-000185,B0189,1185.21,2026-07-27T23:57:07+00:00
CCH-006303,ACCT-000664,B0189,950.47,2026-07-27T23:57:07+00:00
CCH-006304,ACCT-000016,B0189,137.8,2026-07-27T23:57:07+00:00
CCH-006305,ACCT-000683,B0189,416.46,2026-07-27T23:57:07+00:00
CCH-006306,ACCT-000371,B0189,665.69,2026-07-27T23:57:07+00:00
CCH-006307,ACCT-000147,B0189,473.45,2026-07-27T23:57:07+00:00
CCH-006308,ACCT-000659,B0189,697.32,2026-07-27T23:57:07+00:00
CCH-006309,ACCT-000624,B0189,410.46,2026-07-27T23:57:07+00:00
CCH-006310,ACCT-000182,B0189,208.43,2026-07-27T23:57:07+00:00
CCH-006311,ACCT-000560,B0189,417.75,2026-07-27T23:57:07+00:00
CCH-006312,ACCT-000114,B0189,715.14,2026-07-27T23:57:07+00:00
CCH-006313,ACCT-000574,B0189,1009.79,2026-07-27T23:57:07+00:00
CCH-006314,ACCT-000159,B0189,167.17,2026-07-27T23:57:07+00:00
CCH-006315,ACCT-000175,B0189,446.25,2026-07-27T23:57:07+00:00
CCH-006316,ACCT-000636,B0189,1000.04,2026-07-27T23:57:07+00:00
CCH-006317,ACCT-000580,B0189,799.51,2026-07-27T23:57:07+00:00
CCH-006318,ACCT-000215,B0189,307.09,2026-07-27T23:57:07+00:00
CCH-006319,ACCT-000103,B0189,596.57,2026-07-27T23:57:07+00:00
CCH-006320,ACCT-000015,B0189,92.63,2026-07-27T23:57:07+00:00
CCH-006321,ACCT-000078,B0189,331.19,2026-07-27T23:57:07+00:00
CCH-006322,ACCT-000487,B0189,1220.54,2026-07-27T23:57:07+00:00
CCH-006323,ACCT-000684,B0189,281.86,2026-07-27T23:57:07+00:00
CCH-006324,ACCT-000685,B0189,453.0,2026-07-27T23:57:07+00:00
CCH-006325,ACCT-000686,B0189,750.43,2026-07-27T23:57:07+00:00
CCH-006326,ACCT-000385,B0190,363.48,2026-07-28T02:08:32+00:00
CCH-006327,ACCT-000262,B0190,112.63,2026-07-28T02:08:32+00:00
CCH-006328,ACCT-000477,B0190,444.63,2026-07-28T02:08:32+00:00
CCH-006329,ACCT-000585,B0190,1291.6,2026-07-28T02:08:32+00:00
CCH-006330,ACCT-000117,B0190,213.34,2026-07-28T02:08:32+00:00
CCH-006331,ACCT-000106,B0190,694.58,2026-07-28T02:08:32+00:00
CCH-006332,ACCT-000365,B0190,73.97,2026-07-28T02:08:32+00:00
CCH-006333,ACCT-000513,B0190,489.5,2026-07-28T02:08:32+00:00
CCH-006334,ACCT-000237,B0190,636.92,2026-07-28T02:08:32+00:00
CCH-006335,ACCT-000007,B0190,260.65,2026-07-28T02:08:32+00:00
CCH-006336,ACCT-000317,B0190,238.05,2026-07-28T02:08:32+00:00
CCH-006337,ACCT-000392,B0190,554.99,2026-07-28T02:08:32+00:00
CCH-006338,ACCT-000024,B0190,90.27,2026-07-28T02:08:32+00:00
CCH-006339,ACCT-000490,B0190,399.21,2026-07-28T02:08:32+00:00
CCH-006340,ACCT-000139,B0190,126.34,2026-07-28T02:08:32+00:00
CCH-006341,ACCT-000246,B0190,678.89,2026-07-28T02:08:32+00:00
CCH-006342,ACCT-000077,B0190,102.89,2026-07-28T02:08:32+00:00
CCH-006343,ACCT-000387,B0190,411.99,2026-07-28T02:08:32+00:00
CCH-006344,ACCT-000579,B0190,671.51,2026-07-28T02:08:32+00:00
CCH-006345,ACCT-000074,B0190,996.81,2026-07-28T02:08:32+00:00
CCH-006346,ACCT-000206,B0190,212.43,2026-07-28T02:08:32+00:00
CCH-006347,ACCT-000073,B0190,31.49,2026-07-28T02:08:32+00:00
CCH-006348,ACCT-000196,B0190,211.47,2026-07-28T02:08:32+00:00
CCH-006349,ACCT-000058,B0190,321.39,2026-07-28T02:08:32+00:00
CCH-006350,ACCT-000051,B0190,1124.81,2026-07-28T02:08:32+00:00
CCH-006351,ACCT-000126,B0190,158.23,2026-07-28T02:08:32+00:00
CCH-006352,ACCT-000687,B0190,696.3,2026-07-28T02:08:32+00:00
CCH-006353,ACCT-000688,B0190,451.65,2026-07-28T02:08:32+00:00
CCH-006354,ACCT-000689,B0190,442.11,2026-07-28T02:08:32+00:00
CCH-006355,ACCT-000690,B0190,492.45,2026-07-28T02:08:32+00:00
CCH-006356,ACCT-000025,B0191,225.9,2026-07-28T05:28:23+00:00
CCH-006357,ACCT-000471,B0191,364.7,2026-07-28T05:28:23+00:00
CCH-006358,ACCT-000146,B0191,525.51,2026-07-28T05:28:23+00:00
CCH-006359,ACCT-000454,B0191,762.21,2026-07-28T05:28:23+00:00
CCH-006360,ACCT-000157,B0191,366.07,2026-07-28T05:28:23+00:00
CCH-006361,ACCT-000388,B0191,445.91,2026-07-28T05:28:23+00:00
CCH-006362,ACCT-000298,B0191,500.94,2026-07-28T05:28:23+00:00
CCH-006363,ACCT-000153,B0191,589.86,2026-07-28T05:28:23+00:00
CCH-006364,ACCT-000456,B0191,722.04,2026-07-28T05:28:23+00:00
CCH-006365,ACCT-000506,B0191,586.25,2026-07-28T05:28:23+00:00
CCH-006366,ACCT-000523,B0191,1019.41,2026-07-28T05:28:23+00:00
CCH-006367,ACCT-000278,B0191,571.38,2026-07-28T05:28:23+00:00
CCH-006368,ACCT-000433,B0191,292.62,2026-07-28T05:28:23+00:00
CCH-006369,ACCT-000387,B0191,783.15,2026-07-28T05:28:23+00:00
CCH-006370,ACCT-000646,B0191,967.27,2026-07-28T05:28:23+00:00
CCH-006371,ACCT-000151,B0191,244.52,2026-07-28T05:28:23+00:00
CCH-006372,ACCT-000420,B0191,624.9,2026-07-28T05:28:23+00:00
CCH-006373,ACCT-000014,B0191,71.14,2026-07-28T05:28:23+00:00
CCH-006374,ACCT-000689,B0191,522.28,2026-07-28T05:28:23+00:00
CCH-006375,ACCT-000484,B0191,373.24,2026-07-28T05:28:23+00:00
CCH-006376,ACCT-000007,B0191,795.07,2026-07-28T05:28:23+00:00
CCH-006377,ACCT-000287,B0191,358.48,2026-07-28T05:28:23+00:00
CCH-006378,ACCT-000600,B0191,752.32,2026-07-28T05:28:23+00:00
CCH-006379,ACCT-000333,B0191,200.07,2026-07-28T05:28:23+00:00
CCH-006380,ACCT-000690,B0191,774.08,2026-07-28T05:28:23+00:00
CCH-006381,ACCT-000679,B0191,165.54,2026-07-28T05:28:23+00:00
CCH-006382,ACCT-000399,B0191,499.67,2026-07-28T05:28:23+00:00
CCH-006383,ACCT-000587,B0191,682.82,2026-07-28T05:28:23+00:00
CCH-006384,ACCT-000337,B0191,597.71,2026-07-28T05:28:23+00:00
CCH-006385,ACCT-000691,B0191,66.93,2026-07-28T05:28:23+00:00
CCH-006386,ACCT-000692,B0191,493.5,2026-07-28T05:28:23+00:00
CCH-006387,ACCT-000693,B0191,649.04,2026-07-28T05:28:23+00:00
CCH-006388,ACCT-000597,B0192,931.68,2026-07-28T08:00:05+00:00
CCH-006389,ACCT-000371,B0192,86.34,2026-07-28T08:00:05+00:00
CCH-006390,ACCT-000176,B0192,294.52,2026-07-28T08:00:05+00:00
CCH-006391,ACCT-000523,B0192,419.11,2026-07-28T08:00:05+00:00
CCH-006392,ACCT-000607,B0192,238.52,2026-07-28T08:00:05+00:00
CCH-006393,ACCT-000143,B0192,669.22,2026-07-28T08:00:05+00:00
CCH-006394,ACCT-000423,B0192,436.59,2026-07-28T08:00:05+00:00
CCH-006395,ACCT-000261,B0192,344.41,2026-07-28T08:00:05+00:00
CCH-006396,ACCT-000271,B0192,270.21,2026-07-28T08:00:05+00:00
CCH-006397,ACCT-000172,B0192,343.96,2026-07-28T08:00:05+00:00
CCH-006398,ACCT-000670,B0192,801.89,2026-07-28T08:00:05+00:00
CCH-006399,ACCT-000593,B0192,702.7,2026-07-28T08:00:05+00:00
CCH-006400,ACCT-000227,B0192,552.38,2026-07-28T08:00:05+00:00
CCH-006401,ACCT-000147,B0192,1015.64,2026-07-28T08:00:05+00:00
CCH-006402,ACCT-000096,B0192,648.89,2026-07-28T08:00:05+00:00
CCH-006403,ACCT-000517,B0192,136.02,2026-07-28T08:00:05+00:00
CCH-006404,ACCT-000615,B0192,133.98,2026-07-28T08:00:05+00:00
CCH-006405,ACCT-000617,B0192,892.32,2026-07-28T08:00:05+00:00
CCH-006406,ACCT-000487,B0192,34.28,2026-07-28T08:00:05+00:00
CCH-006407,ACCT-000069,B0192,313.37,2026-07-28T08:00:05+00:00
CCH-006408,ACCT-000263,B0192,684.14,2026-07-28T08:00:05+00:00
CCH-006409,ACCT-000007,B0192,794.82,2026-07-28T08:00:05+00:00
CCH-006410,ACCT-000358,B0192,780.64,2026-07-28T08:00:05+00:00
CCH-006411,ACCT-000082,B0192,682.28,2026-07-28T08:00:05+00:00
CCH-006412,ACCT-000629,B0192,678.49,2026-07-28T08:00:05+00:00
CCH-006413,ACCT-000063,B0192,811.52,2026-07-28T08:00:05+00:00
CCH-006414,ACCT-000179,B0192,185.33,2026-07-28T08:00:05+00:00
CCH-006415,ACCT-000330,B0192,25.82,2026-07-28T08:00:05+00:00
CCH-006416,ACCT-000536,B0192,152.34,2026-07-28T08:00:05+00:00
CCH-006417,ACCT-000554,B0192,486.4,2026-07-28T08:00:05+00:00
CCH-006418,ACCT-000653,B0192,1053.94,2026-07-28T08:00:05+00:00
CCH-006419,ACCT-000527,B0192,992.76,2026-07-28T08:00:05+00:00
CCH-006420,ACCT-000550,B0192,792.59,2026-07-28T08:00:05+00:00
CCH-006421,ACCT-000333,B0192,891.11,2026-07-28T08:00:05+00:00
CCH-006422,ACCT-000694,B0192,1228.24,2026-07-28T08:00:05+00:00
CCH-006423,ACCT-000695,B0192,448.15,2026-07-28T08:00:05+00:00
CCH-006424,ACCT-000696,B0192,484.01,2026-07-28T08:00:05+00:00
CCH-006425,ACCT-000697,B0192,646.06,2026-07-28T08:00:05+00:00
CCH-006426,ACCT-000246,B0193,240.78,2026-07-28T10:39:22+00:00
CCH-006427,ACCT-000665,B0193,798.22,2026-07-28T10:39:22+00:00
CCH-006428,ACCT-000523,B0193,506.9,2026-07-28T10:39:22+00:00
CCH-006429,ACCT-000123,B0193,606.91,2026-07-28T10:39:22+00:00
CCH-006430,ACCT-000025,B0193,59.49,2026-07-28T10:39:22+00:00
CCH-006431,ACCT-000685,B0193,60.58,2026-07-28T10:39:22+00:00
CCH-006432,ACCT-000086,B0193,605.07,2026-07-28T10:39:22+00:00
CCH-006433,ACCT-000126,B0193,230.73,2026-07-28T10:39:22+00:00
CCH-006434,ACCT-000664,B0193,760.0,2026-07-28T10:39:22+00:00
CCH-006435,ACCT-000304,B0193,753.52,2026-07-28T10:39:22+00:00
CCH-006436,ACCT-000070,B0193,285.72,2026-07-28T10:39:22+00:00
CCH-006437,ACCT-000605,B0193,36.22,2026-07-28T10:39:22+00:00
CCH-006438,ACCT-000189,B0193,612.47,2026-07-28T10:39:22+00:00
CCH-006439,ACCT-000308,B0193,1131.29,2026-07-28T10:39:22+00:00
CCH-006440,ACCT-000310,B0193,364.45,2026-07-28T10:39:22+00:00
CCH-006441,ACCT-000481,B0193,639.41,2026-07-28T10:39:22+00:00
CCH-006442,ACCT-000185,B0193,890.52,2026-07-28T10:39:22+00:00
CCH-006443,ACCT-000550,B0193,465.68,2026-07-28T10:39:22+00:00
CCH-006444,ACCT-000393,B0193,452.73,2026-07-28T10:39:22+00:00
CCH-006445,ACCT-000289,B0193,540.37,2026-07-28T10:39:22+00:00
CCH-006446,ACCT-000697,B0193,318.35,2026-07-28T10:39:22+00:00
CCH-006447,ACCT-000064,B0193,624.9,2026-07-28T10:39:22+00:00
CCH-006448,ACCT-000354,B0193,411.83,2026-07-28T10:39:22+00:00
CCH-006449,ACCT-000419,B0193,249.58,2026-07-28T10:39:22+00:00
CCH-006450,ACCT-000001,B0193,1000.14,2026-07-28T10:39:22+00:00
CCH-006451,ACCT-000153,B0193,740.51,2026-07-28T10:39:22+00:00
CCH-006452,ACCT-000214,B0193,381.73,2026-07-28T10:39:22+00:00
CCH-006453,ACCT-000162,B0193,438.19,2026-07-28T10:39:22+00:00
CCH-006454,ACCT-000591,B0193,371.72,2026-07-28T10:39:22+00:00
CCH-006455,ACCT-000485,B0193,388.09,2026-07-28T10:39:22+00:00
CCH-006456,ACCT-000552,B0193,384.68,2026-07-28T10:39:22+00:00
CCH-006457,ACCT-000386,B0193,308.18,2026-07-28T10:39:22+00:00
CCH-006458,ACCT-000501,B0193,729.35,2026-07-28T10:39:22+00:00
CCH-006459,ACCT-000290,B0193,416.41,2026-07-28T10:39:22+00:00
CCH-006460,ACCT-000263,B0193,1068.25,2026-07-28T10:39:22+00:00
CCH-006461,ACCT-000698,B0193,1173.22,2026-07-28T10:39:22+00:00
CCH-006462,ACCT-000699,B0193,251.01,2026-07-28T10:39:22+00:00
CCH-006463,ACCT-000700,B0193,889.95,2026-07-28T10:39:22+00:00
CCH-006464,ACCT-000041,B0194,38.5,2026-07-28T12:49:44+00:00
CCH-006465,ACCT-000381,B0194,877.59,2026-07-28T12:49:44+00:00
CCH-006466,ACCT-000355,B0194,390.95,2026-07-28T12:49:44+00:00
CCH-006467,ACCT-000377,B0194,226.88,2026-07-28T12:49:44+00:00
CCH-006468,ACCT-000599,B0194,221.8,2026-07-28T12:49:44+00:00
CCH-006469,ACCT-000439,B0194,638.97,2026-07-28T12:49:44+00:00
CCH-006470,ACCT-000598,B0194,418.9,2026-07-28T12:49:44+00:00
CCH-006471,ACCT-000379,B0194,327.35,2026-07-28T12:49:44+00:00
CCH-006472,ACCT-000243,B0194,66.38,2026-07-28T12:49:44+00:00
CCH-006473,ACCT-000242,B0194,363.51,2026-07-28T12:49:44+00:00
CCH-006474,ACCT-000072,B0194,894.48,2026-07-28T12:49:44+00:00
CCH-006475,ACCT-000595,B0194,689.36,2026-07-28T12:49:44+00:00
CCH-006476,ACCT-000060,B0194,900.24,2026-07-28T12:49:44+00:00
CCH-006477,ACCT-000162,B0194,336.62,2026-07-28T12:49:44+00:00
CCH-006478,ACCT-000631,B0194,489.73,2026-07-28T12:49:44+00:00
CCH-006479,ACCT-000125,B0194,191.79,2026-07-28T12:49:44+00:00
CCH-006480,ACCT-000371,B0194,990.11,2026-07-28T12:49:44+00:00
CCH-006481,ACCT-000339,B0194,1167.8,2026-07-28T12:49:44+00:00
CCH-006482,ACCT-000280,B0194,588.72,2026-07-28T12:49:44+00:00
CCH-006483,ACCT-000466,B0194,681.99,2026-07-28T12:49:44+00:00
CCH-006484,ACCT-000138,B0194,591.36,2026-07-28T12:49:44+00:00
CCH-006485,ACCT-000360,B0194,158.17,2026-07-28T12:49:44+00:00
CCH-006486,ACCT-000390,B0194,380.79,2026-07-28T12:49:44+00:00
CCH-006487,ACCT-000035,B0194,89.86,2026-07-28T12:49:44+00:00
CCH-006488,ACCT-000580,B0194,681.71,2026-07-28T12:49:44+00:00
CCH-006489,ACCT-000457,B0194,149.57,2026-07-28T12:49:44+00:00
CCH-006490,ACCT-000249,B0194,557.19,2026-07-28T12:49:44+00:00
CCH-006491,ACCT-000530,B0194,786.89,2026-07-28T12:49:44+00:00
CCH-006492,ACCT-000342,B0194,707.33,2026-07-28T12:49:44+00:00
CCH-006493,ACCT-000470,B0194,368.06,2026-07-28T12:49:44+00:00
CCH-006494,ACCT-000212,B0194,84.59,2026-07-28T12:49:44+00:00
CCH-006495,ACCT-000506,B0194,198.55,2026-07-28T12:49:44+00:00
CCH-006496,ACCT-000346,B0194,386.01,2026-07-28T12:49:44+00:00
CCH-006497,ACCT-000701,B0194,142.41,2026-07-28T12:49:44+00:00
CCH-006498,ACCT-000702,B0194,410.21,2026-07-28T12:49:44+00:00
CCH-006499,ACCT-000703,B0194,1131.07,2026-07-28T12:49:44+00:00
CCH-006500,ACCT-000704,B0194,71.11,2026-07-28T12:49:44+00:00
CCH-006501,ACCT-000515,B0195,326.89,2026-07-28T15:13:37+00:00
CCH-006502,ACCT-000305,B0195,363.61,2026-07-28T15:13:37+00:00
CCH-006503,ACCT-000064,B0195,568.17,2026-07-28T15:13:37+00:00
CCH-006504,ACCT-000144,B0195,149.37,2026-07-28T15:13:37+00:00
CCH-006505,ACCT-000023,B0195,827.59,2026-07-28T15:13:37+00:00
CCH-006506,ACCT-000096,B0195,267.64,2026-07-28T15:13:37+00:00
CCH-006507,ACCT-000334,B0195,365.45,2026-07-28T15:13:37+00:00
CCH-006508,ACCT-000171,B0195,280.0,2026-07-28T15:13:37+00:00
CCH-006509,ACCT-000703,B0195,176.13,2026-07-28T15:13:37+00:00
CCH-006510,ACCT-000367,B0195,916.58,2026-07-28T15:13:37+00:00
CCH-006511,ACCT-000656,B0195,326.21,2026-07-28T15:13:37+00:00
CCH-006512,ACCT-000411,B0195,680.6,2026-07-28T15:13:37+00:00
CCH-006513,ACCT-000146,B0195,702.21,2026-07-28T15:13:37+00:00
CCH-006514,ACCT-000375,B0195,62.63,2026-07-28T15:13:37+00:00
CCH-006515,ACCT-000149,B0195,45.0,2026-07-28T15:13:37+00:00
CCH-006516,ACCT-000652,B0195,131.59,2026-07-28T15:13:37+00:00
CCH-006517,ACCT-000497,B0195,71.42,2026-07-28T15:13:37+00:00
CCH-006518,ACCT-000347,B0195,464.56,2026-07-28T15:13:37+00:00
CCH-006519,ACCT-000495,B0195,527.49,2026-07-28T15:13:37+00:00
CCH-006520,ACCT-000128,B0195,560.79,2026-07-28T15:13:37+00:00
CCH-006521,ACCT-000697,B0195,85.97,2026-07-28T15:13:37+00:00
CCH-006522,ACCT-000425,B0195,970.68,2026-07-28T15:13:37+00:00
CCH-006523,ACCT-000132,B0195,750.99,2026-07-28T15:13:37+00:00
CCH-006524,ACCT-000327,B0195,722.95,2026-07-28T15:13:37+00:00
CCH-006525,ACCT-000642,B0195,338.7,2026-07-28T15:13:37+00:00
CCH-006526,ACCT-000218,B0195,1268.76,2026-07-28T15:13:37+00:00
CCH-006527,ACCT-000636,B0195,499.12,2026-07-28T15:13:37+00:00
CCH-006528,ACCT-000433,B0195,89.29,2026-07-28T15:13:37+00:00
CCH-006529,ACCT-000427,B0195,44.28,2026-07-28T15:13:37+00:00
CCH-006530,ACCT-000705,B0195,747.46,2026-07-28T15:13:37+00:00
CCH-006531,ACCT-000706,B0195,663.27,2026-07-28T15:13:37+00:00
CCH-006532,ACCT-000363,B0196,322.67,2026-07-28T16:56:41+00:00
CCH-006533,ACCT-000491,B0196,666.78,2026-07-28T16:56:41+00:00
CCH-006534,ACCT-000342,B0196,269.45,2026-07-28T16:56:41+00:00
CCH-006535,ACCT-000556,B0196,108.06,2026-07-28T16:56:41+00:00
CCH-006536,ACCT-000447,B0196,781.13,2026-07-28T16:56:41+00:00
CCH-006537,ACCT-000706,B0196,901.44,2026-07-28T16:56:41+00:00
CCH-006538,ACCT-000031,B0196,587.37,2026-07-28T16:56:41+00:00
CCH-006539,ACCT-000660,B0196,319.01,2026-07-28T16:56:41+00:00
CCH-006540,ACCT-000444,B0196,527.82,2026-07-28T16:56:41+00:00
CCH-006541,ACCT-000252,B0196,195.15,2026-07-28T16:56:41+00:00
CCH-006542,ACCT-000264,B0196,347.99,2026-07-28T16:56:41+00:00
CCH-006543,ACCT-000046,B0196,90.65,2026-07-28T16:56:41+00:00
CCH-006544,ACCT-000092,B0196,495.32,2026-07-28T16:56:41+00:00
CCH-006545,ACCT-000285,B0196,884.16,2026-07-28T16:56:41+00:00
CCH-006546,ACCT-000407,B0196,586.96,2026-07-28T16:56:41+00:00
CCH-006547,ACCT-000260,B0196,691.27,2026-07-28T16:56:41+00:00
CCH-006548,ACCT-000698,B0196,1051.91,2026-07-28T16:56:41+00:00
CCH-006549,ACCT-000499,B0196,185.14,2026-07-28T16:56:41+00:00
CCH-006550,ACCT-000028,B0196,950.76,2026-07-28T16:56:41+00:00
CCH-006551,ACCT-000420,B0196,409.83,2026-07-28T16:56:41+00:00
CCH-006552,ACCT-000129,B0196,421.9,2026-07-28T16:56:41+00:00
CCH-006553,ACCT-000502,B0196,321.43,2026-07-28T16:56:41+00:00
CCH-006554,ACCT-000301,B0196,55.45,2026-07-28T16:56:41+00:00
CCH-006555,ACCT-000692,B0196,495.47,2026-07-28T16:56:41+00:00
CCH-006556,ACCT-000569,B0196,309.73,2026-07-28T16:56:41+00:00
CCH-006557,ACCT-000595,B0196,667.31,2026-07-28T16:56:41+00:00
CCH-006558,ACCT-000305,B0196,685.3,2026-07-28T16:56:41+00:00
CCH-006559,ACCT-000510,B0196,194.93,2026-07-28T16:56:41+00:00
CCH-006560,ACCT-000181,B0196,686.89,2026-07-28T16:56:41+00:00
CCH-006561,ACCT-000487,B0196,367.72,2026-07-28T16:56:41+00:00
CCH-006562,ACCT-000045,B0196,383.11,2026-07-28T16:56:41+00:00
CCH-006563,ACCT-000707,B0196,457.24,2026-07-28T16:56:41+00:00
CCH-006564,ACCT-000708,B0196,810.9,2026-07-28T16:56:41+00:00
CCH-006565,ACCT-000709,B0196,882.78,2026-07-28T16:56:41+00:00
CCH-006566,ACCT-000710,B0196,54.2,2026-07-28T16:56:41+00:00
CCH-006567,ACCT-000535,B0197,229.36,2026-07-28T18:09:35+00:00
CCH-006568,ACCT-000449,B0197,211.53,2026-07-28T18:09:35+00:00
CCH-006569,ACCT-000572,B0197,785.21,2026-07-28T18:09:35+00:00
CCH-006570,ACCT-000079,B0197,430.53,2026-07-28T18:09:35+00:00
CCH-006571,ACCT-000011,B0197,974.07,2026-07-28T18:09:35+00:00
CCH-006572,ACCT-000131,B0197,155.89,2026-07-28T18:09:35+00:00
CCH-006573,ACCT-000501,B0197,380.76,2026-07-28T18:09:35+00:00
CCH-006574,ACCT-000081,B0197,994.99,2026-07-28T18:09:35+00:00
CCH-006575,ACCT-000681,B0197,1053.78,2026-07-28T18:09:35+00:00
CCH-006576,ACCT-000432,B0197,985.22,2026-07-28T18:09:35+00:00
CCH-006577,ACCT-000324,B0197,347.39,2026-07-28T18:09:35+00:00
CCH-006578,ACCT-000639,B0197,582.4,2026-07-28T18:09:35+00:00
CCH-006579,ACCT-000453,B0197,1445.3,2026-07-28T18:09:35+00:00
CCH-006580,ACCT-000569,B0197,557.61,2026-07-28T18:09:35+00:00
CCH-006581,ACCT-000650,B0197,142.19,2026-07-28T18:09:35+00:00
CCH-006582,ACCT-000338,B0197,88.24,2026-07-28T18:09:35+00:00
CCH-006583,ACCT-000207,B0197,790.95,2026-07-28T18:09:35+00:00
CCH-006584,ACCT-000171,B0197,367.15,2026-07-28T18:09:35+00:00
CCH-006585,ACCT-000682,B0197,769.84,2026-07-28T18:09:35+00:00
CCH-006586,ACCT-000686,B0197,326.93,2026-07-28T18:09:35+00:00
CCH-006587,ACCT-000218,B0197,931.88,2026-07-28T18:09:35+00:00
CCH-006588,ACCT-000610,B0197,960.13,2026-07-28T18:09:35+00:00
CCH-006589,ACCT-000503,B0197,742.67,2026-07-28T18:09:35+00:00
CCH-006590,ACCT-000410,B0197,413.22,2026-07-28T18:09:35+00:00
CCH-006591,ACCT-000618,B0197,289.57,2026-07-28T18:09:35+00:00
CCH-006592,ACCT-000711,B0197,762.51,2026-07-28T18:09:35+00:00
CCH-006593,ACCT-000712,B0197,409.41,2026-07-28T18:09:35+00:00
CCH-006594,ACCT-000713,B0197,907.94,2026-07-28T18:09:35+00:00
CCH-006595,ACCT-000714,B0197,637.38,2026-07-28T18:09:35+00:00
CCH-006596,ACCT-000394,B0198,559.88,2026-07-28T19:58:49+00:00
CCH-006597,ACCT-000636,B0198,810.72,2026-07-28T19:58:49+00:00
CCH-006598,ACCT-000254,B0198,499.94,2026-07-28T19:58:49+00:00
CCH-006599,ACCT-000218,B0198,1263.94,2026-07-28T19:58:49+00:00
CCH-006600,ACCT-000527,B0198,678.61,2026-07-28T19:58:49+00:00
CCH-006601,ACCT-000134,B0198,677.87,2026-07-28T19:58:49+00:00
CCH-006602,ACCT-000564,B0198,653.24,2026-07-28T19:58:49+00:00
CCH-006603,ACCT-000592,B0198,562.59,2026-07-28T19:58:49+00:00
CCH-006604,ACCT-000401,B0198,654.26,2026-07-28T19:58:49+00:00
CCH-006605,ACCT-000590,B0198,65.71,2026-07-28T19:58:49+00:00
CCH-006606,ACCT-000451,B0198,534.53,2026-07-28T19:58:49+00:00
CCH-006607,ACCT-000066,B0198,202.91,2026-07-28T19:58:49+00:00
CCH-006608,ACCT-000437,B0198,374.3,2026-07-28T19:58:49+00:00
CCH-006609,ACCT-000309,B0198,192.43,2026-07-28T19:58:49+00:00
CCH-006610,ACCT-000580,B0198,261.29,2026-07-28T19:58:49+00:00
CCH-006611,ACCT-000440,B0198,657.54,2026-07-28T19:58:49+00:00
CCH-006612,ACCT-000562,B0198,827.66,2026-07-28T19:58:49+00:00
CCH-006613,ACCT-000204,B0198,345.57,2026-07-28T19:58:49+00:00
CCH-006614,ACCT-000393,B0198,448.4,2026-07-28T19:58:49+00:00
CCH-006615,ACCT-000099,B0198,518.34,2026-07-28T19:58:49+00:00
CCH-006616,ACCT-000206,B0198,68.5,2026-07-28T19:58:49+00:00
CCH-006617,ACCT-000557,B0198,85.94,2026-07-28T19:58:49+00:00
CCH-006618,ACCT-000151,B0198,227.85,2026-07-28T19:58:49+00:00
CCH-006619,ACCT-000187,B0198,613.06,2026-07-28T19:58:49+00:00
CCH-006620,ACCT-000096,B0198,351.51,2026-07-28T19:58:49+00:00
CCH-006621,ACCT-000635,B0198,353.38,2026-07-28T19:58:49+00:00
CCH-006622,ACCT-000138,B0198,651.75,2026-07-28T19:58:49+00:00
CCH-006623,ACCT-000267,B0198,374.32,2026-07-28T19:58:49+00:00
CCH-006624,ACCT-000448,B0198,321.49,2026-07-28T19:58:49+00:00
CCH-006625,ACCT-000715,B0198,40.76,2026-07-28T19:58:49+00:00
CCH-006626,ACCT-000716,B0198,642.19,2026-07-28T19:58:49+00:00
CCH-006627,ACCT-000717,B0198,751.43,2026-07-28T19:58:49+00:00
CCH-006628,ACCT-000718,B0198,691.13,2026-07-28T19:58:49+00:00
CCH-006629,ACCT-000480,B0199,202.16,2026-07-28T21:08:40+00:00
CCH-006630,ACCT-000526,B0199,804.13,2026-07-28T21:08:40+00:00
CCH-006631,ACCT-000574,B0199,1076.33,2026-07-28T21:08:40+00:00
CCH-006632,ACCT-000091,B0199,390.27,2026-07-28T21:08:40+00:00
CCH-006633,ACCT-000028,B0199,714.64,2026-07-28T21:08:40+00:00
CCH-006634,ACCT-000614,B0199,348.77,2026-07-28T21:08:40+00:00
CCH-006635,ACCT-000081,B0199,189.68,2026-07-28T21:08:40+00:00
CCH-006636,ACCT-000482,B0199,461.67,2026-07-28T21:08:40+00:00
CCH-006637,ACCT-000112,B0199,297.11,2026-07-28T21:08:40+00:00
CCH-006638,ACCT-000180,B0199,408.14,2026-07-28T21:08:40+00:00
CCH-006639,ACCT-000474,B0199,300.01,2026-07-28T21:08:40+00:00
CCH-006640,ACCT-000531,B0199,672.08,2026-07-28T21:08:40+00:00
CCH-006641,ACCT-000445,B0199,261.77,2026-07-28T21:08:40+00:00
CCH-006642,ACCT-000694,B0199,87.48,2026-07-28T21:08:40+00:00
CCH-006643,ACCT-000163,B0199,122.47,2026-07-28T21:08:40+00:00
CCH-006644,ACCT-000563,B0199,140.01,2026-07-28T21:08:40+00:00
CCH-006645,ACCT-000129,B0199,407.74,2026-07-28T21:08:40+00:00
CCH-006646,ACCT-000214,B0199,790.7,2026-07-28T21:08:40+00:00
CCH-006647,ACCT-000101,B0199,907.23,2026-07-28T21:08:40+00:00
CCH-006648,ACCT-000543,B0199,295.27,2026-07-28T21:08:40+00:00
CCH-006649,ACCT-000189,B0199,234.19,2026-07-28T21:08:40+00:00
CCH-006650,ACCT-000094,B0199,817.44,2026-07-28T21:08:40+00:00
CCH-006651,ACCT-000607,B0199,64.18,2026-07-28T21:08:40+00:00
CCH-006652,ACCT-000603,B0199,912.51,2026-07-28T21:08:40+00:00
CCH-006653,ACCT-000449,B0199,881.68,2026-07-28T21:08:40+00:00
CCH-006654,ACCT-000697,B0199,670.47,2026-07-28T21:08:40+00:00
CCH-006655,ACCT-000638,B0199,1160.07,2026-07-28T21:08:40+00:00
CCH-006656,ACCT-000443,B0199,896.8,2026-07-28T21:08:40+00:00
CCH-006657,ACCT-000300,B0199,667.7,2026-07-28T21:08:40+00:00
CCH-006658,ACCT-000440,B0199,342.02,2026-07-28T21:08:40+00:00
CCH-006659,ACCT-000304,B0199,240.65,2026-07-28T21:08:40+00:00
CCH-006660,ACCT-000380,B0199,719.7,2026-07-28T21:08:40+00:00
CCH-006661,ACCT-000714,B0199,53.9,2026-07-28T21:08:40+00:00
CCH-006662,ACCT-000328,B0199,495.83,2026-07-28T21:08:40+00:00
CCH-006663,ACCT-000719,B0199,544.81,2026-07-28T21:08:40+00:00
CCH-006664,ACCT-000720,B0199,459.24,2026-07-28T21:08:40+00:00
CCH-006665,ACCT-000721,B0199,711.13,2026-07-28T21:08:40+00:00
CCH-006666,ACCT-000722,B0199,478.84,2026-07-28T21:08:40+00:00
CCH-006667,ACCT-000393,B0200,353.01,2026-07-28T22:32:08+00:00
CCH-006668,ACCT-000102,B0200,531.64,2026-07-28T22:32:08+00:00
CCH-006669,ACCT-000675,B0200,410.7,2026-07-28T22:32:08+00:00
CCH-006670,ACCT-000621,B0200,571.54,2026-07-28T22:32:08+00:00
CCH-006671,ACCT-000550,B0200,393.33,2026-07-28T22:32:08+00:00
CCH-006672,ACCT-000221,B0200,95.18,2026-07-28T22:32:08+00:00
CCH-006673,ACCT-000700,B0200,137.09,2026-07-28T22:32:08+00:00
CCH-006674,ACCT-000689,B0200,896.15,2026-07-28T22:32:08+00:00
CCH-006675,ACCT-000629,B0200,811.18,2026-07-28T22:32:08+00:00
CCH-006676,ACCT-000055,B0200,612.02,2026-07-28T22:32:08+00:00
CCH-006677,ACCT-000640,B0200,239.8,2026-07-28T22:32:08+00:00
CCH-006678,ACCT-000434,B0200,697.36,2026-07-28T22:32:08+00:00
CCH-006679,ACCT-000625,B0200,207.55,2026-07-28T22:32:08+00:00
CCH-006680,ACCT-000486,B0200,187.0,2026-07-28T22:32:08+00:00
CCH-006681,ACCT-000681,B0200,208.29,2026-07-28T22:32:08+00:00
CCH-006682,ACCT-000575,B0200,956.87,2026-07-28T22:32:08+00:00
CCH-006683,ACCT-000132,B0200,347.31,2026-07-28T22:32:08+00:00
CCH-006684,ACCT-000698,B0200,887.29,2026-07-28T22:32:08+00:00
CCH-006685,ACCT-000211,B0200,854.09,2026-07-28T22:32:08+00:00
CCH-006686,ACCT-000029,B0200,723.99,2026-07-28T22:32:08+00:00
CCH-006687,ACCT-000295,B0200,905.64,2026-07-28T22:32:08+00:00
CCH-006688,ACCT-000482,B0200,300.7,2026-07-28T22:32:08+00:00
CCH-006689,ACCT-000064,B0200,319.33,2026-07-28T22:32:08+00:00
CCH-006690,ACCT-000502,B0200,453.72,2026-07-28T22:32:08+00:00
CCH-006691,ACCT-000408,B0200,487.65,2026-07-28T22:32:08+00:00
CCH-006692,ACCT-000657,B0200,594.98,2026-07-28T22:32:08+00:00
CCH-006693,ACCT-000595,B0200,961.8,2026-07-28T22:32:08+00:00
CCH-006694,ACCT-000723,B0200,952.58,2026-07-28T22:32:08+00:00
CCH-006695,ACCT-000724,B0200,114.0,2026-07-28T22:32:08+00:00
CCH-006696,ACCT-000684,B0201,679.87,2026-07-28T23:53:30+00:00
CCH-006697,ACCT-000262,B0201,494.61,2026-07-28T23:53:30+00:00
CCH-006698,ACCT-000661,B0201,418.48,2026-07-28T23:53:30+00:00
CCH-006699,ACCT-000532,B0201,561.13,2026-07-28T23:53:30+00:00
CCH-006700,ACCT-000597,B0201,60.5,2026-07-28T23:53:30+00:00
CCH-006701,ACCT-000424,B0201,152.33,2026-07-28T23:53:30+00:00
CCH-006702,ACCT-000268,B0201,931.57,2026-07-28T23:53:30+00:00
CCH-006703,ACCT-000536,B0201,114.22,2026-07-28T23:53:30+00:00
CCH-006704,ACCT-000671,B0201,651.4,2026-07-28T23:53:30+00:00
CCH-006705,ACCT-000070,B0201,395.68,2026-07-28T23:53:30+00:00
CCH-006706,ACCT-000319,B0201,358.53,2026-07-28T23:53:30+00:00
CCH-006707,ACCT-000451,B0201,120.3,2026-07-28T23:53:30+00:00
CCH-006708,ACCT-000648,B0201,647.3,2026-07-28T23:53:30+00:00
CCH-006709,ACCT-000717,B0201,222.19,2026-07-28T23:53:30+00:00
CCH-006710,ACCT-000636,B0201,196.17,2026-07-28T23:53:30+00:00
CCH-006711,ACCT-000246,B0201,391.3,2026-07-28T23:53:30+00:00
CCH-006712,ACCT-000236,B0201,342.18,2026-07-28T23:53:30+00:00
CCH-006713,ACCT-000446,B0201,300.13,2026-07-28T23:53:30+00:00
CCH-006714,ACCT-000110,B0201,263.14,2026-07-28T23:53:30+00:00
CCH-006715,ACCT-000386,B0201,728.42,2026-07-28T23:53:30+00:00
CCH-006716,ACCT-000567,B0201,114.05,2026-07-28T23:53:30+00:00
CCH-006717,ACCT-000618,B0201,65.73,2026-07-28T23:53:30+00:00
CCH-006718,ACCT-000035,B0201,846.04,2026-07-28T23:53:30+00:00
CCH-006719,ACCT-000080,B0201,469.94,2026-07-28T23:53:30+00:00
CCH-006720,ACCT-000657,B0201,94.47,2026-07-28T23:53:30+00:00
CCH-006721,ACCT-000101,B0201,176.78,2026-07-28T23:53:30+00:00
CCH-006722,ACCT-000436,B0201,729.72,2026-07-28T23:53:30+00:00
CCH-006723,ACCT-000242,B0201,247.75,2026-07-28T23:53:30+00:00
CCH-006724,ACCT-000480,B0201,390.89,2026-07-28T23:53:30+00:00
CCH-006725,ACCT-000725,B0201,527.32,2026-07-28T23:53:30+00:00
CCH-006726,ACCT-000726,B0201,799.86,2026-07-28T23:53:30+00:00
CCH-006727,ACCT-000727,B0201,571.4,2026-07-28T23:53:30+00:00
CCH-006728,ACCT-000274,B0202,831.39,2026-07-29T01:51:00+00:00
CCH-006729,ACCT-000558,B0202,357.23,2026-07-29T01:51:00+00:00
CCH-006730,ACCT-000392,B0202,724.3,2026-07-29T01:51:00+00:00
CCH-006731,ACCT-000472,B0202,1011.12,2026-07-29T01:51:00+00:00
CCH-006732,ACCT-000723,B0202,512.0,2026-07-29T01:51:00+00:00
CCH-006733,ACCT-000383,B0202,827.91,2026-07-29T01:51:00+00:00
CCH-006734,ACCT-000256,B0202,683.47,2026-07-29T01:51:00+00:00
CCH-006735,ACCT-000372,B0202,294.82,2026-07-29T01:51:00+00:00
CCH-006736,ACCT-000039,B0202,273.11,2026-07-29T01:51:00+00:00
CCH-006737,ACCT-000597,B0202,317.37,2026-07-29T01:51:00+00:00
CCH-006738,ACCT-000415,B0202,321.11,2026-07-29T01:51:00+00:00
CCH-006739,ACCT-000342,B0202,910.22,2026-07-29T01:51:00+00:00
CCH-006740,ACCT-000362,B0202,319.76,2026-07-29T01:51:00+00:00
CCH-006741,ACCT-000071,B0202,655.78,2026-07-29T01:51:00+00:00
CCH-006742,ACCT-000530,B0202,263.16,2026-07-29T01:51:00+00:00
CCH-006743,ACCT-000483,B0202,209.52,2026-07-29T01:51:00+00:00
CCH-006744,ACCT-000194,B0202,190.21,2026-07-29T01:51:00+00:00
CCH-006745,ACCT-000337,B0202,430.53,2026-07-29T01:51:00+00:00
CCH-006746,ACCT-000250,B0202,218.69,2026-07-29T01:51:00+00:00
CCH-006747,ACCT-000509,B0202,248.34,2026-07-29T01:51:00+00:00
CCH-006748,ACCT-000575,B0202,428.63,2026-07-29T01:51:00+00:00
CCH-006749,ACCT-000141,B0202,520.76,2026-07-29T01:51:00+00:00
CCH-006750,ACCT-000379,B0202,565.36,2026-07-29T01:51:00+00:00
CCH-006751,ACCT-000189,B0202,757.77,2026-07-29T01:51:00+00:00
CCH-006752,ACCT-000643,B0202,282.71,2026-07-29T01:51:00+00:00
CCH-006753,ACCT-000055,B0202,542.81,2026-07-29T01:51:00+00:00
CCH-006754,ACCT-000434,B0202,228.1,2026-07-29T01:51:00+00:00
CCH-006755,ACCT-000409,B0202,349.7,2026-07-29T01:51:00+00:00
CCH-006756,ACCT-000663,B0202,360.99,2026-07-29T01:51:00+00:00
CCH-006757,ACCT-000667,B0202,723.71,2026-07-29T01:51:00+00:00
CCH-006758,ACCT-000523,B0202,411.9,2026-07-29T01:51:00+00:00
CCH-006759,ACCT-000110,B0202,88.79,2026-07-29T01:51:00+00:00
CCH-006760,ACCT-000051,B0202,503.49,2026-07-29T01:51:00+00:00
CCH-006761,ACCT-000443,B0202,1079.34,2026-07-29T01:51:00+00:00
CCH-006762,ACCT-000728,B0202,349.79,2026-07-29T01:51:00+00:00
CCH-006763,ACCT-000729,B0202,556.09,2026-07-29T01:51:00+00:00
CCH-006764,ACCT-000730,B0202,186.84,2026-07-29T01:51:00+00:00
CCH-006765,ACCT-000553,B0203,778.79,2026-07-29T05:14:32+00:00
CCH-006766,ACCT-000099,B0203,167.99,2026-07-29T05:14:32+00:00
CCH-006767,ACCT-000212,B0203,136.43,2026-07-29T05:14:32+00:00
CCH-006768,ACCT-000426,B0203,956.3,2026-07-29T05:14:32+00:00
CCH-006769,ACCT-000273,B0203,423.32,2026-07-29T05:14:32+00:00
CCH-006770,ACCT-000345,B0203,225.89,2026-07-29T05:14:32+00:00
CCH-006771,ACCT-000092,B0203,1038.6,2026-07-29T05:14:32+00:00
CCH-006772,ACCT-000289,B0203,197.62,2026-07-29T05:14:32+00:00
CCH-006773,ACCT-000188,B0203,697.09,2026-07-29T05:14:32+00:00
CCH-006774,ACCT-000333,B0203,999.2,2026-07-29T05:14:32+00:00
CCH-006775,ACCT-000042,B0203,488.07,2026-07-29T05:14:32+00:00
CCH-006776,ACCT-000196,B0203,861.28,2026-07-29T05:14:32+00:00
CCH-006777,ACCT-000230,B0203,501.84,2026-07-29T05:14:32+00:00
CCH-006778,ACCT-000691,B0203,786.93,2026-07-29T05:14:32+00:00
CCH-006779,ACCT-000256,B0203,697.35,2026-07-29T05:14:32+00:00
CCH-006780,ACCT-000063,B0203,201.6,2026-07-29T05:14:32+00:00
CCH-006781,ACCT-000496,B0203,210.93,2026-07-29T05:14:32+00:00
CCH-006782,ACCT-000175,B0203,60.89,2026-07-29T05:14:32+00:00
CCH-006783,ACCT-000202,B0203,602.18,2026-07-29T05:14:32+00:00
CCH-006784,ACCT-000507,B0203,983.4,2026-07-29T05:14:32+00:00
CCH-006785,ACCT-000222,B0203,353.9,2026-07-29T05:14:32+00:00
CCH-006786,ACCT-000380,B0203,601.56,2026-07-29T05:14:32+00:00
CCH-006787,ACCT-000207,B0203,588.66,2026-07-29T05:14:32+00:00
CCH-006788,ACCT-000353,B0203,539.13,2026-07-29T05:14:32+00:00
CCH-006789,ACCT-000509,B0203,1143.55,2026-07-29T05:14:32+00:00
CCH-006790,ACCT-000475,B0203,428.08,2026-07-29T05:14:32+00:00
CCH-006791,ACCT-000525,B0203,869.36,2026-07-29T05:14:32+00:00
CCH-006792,ACCT-000492,B0203,324.27,2026-07-29T05:14:32+00:00
CCH-006793,ACCT-000210,B0203,355.25,2026-07-29T05:14:32+00:00
CCH-006794,ACCT-000136,B0203,320.35,2026-07-29T05:14:32+00:00
CCH-006795,ACCT-000530,B0203,699.15,2026-07-29T05:14:32+00:00
CCH-006796,ACCT-000731,B0203,217.88,2026-07-29T05:14:32+00:00
CCH-006797,ACCT-000732,B0203,276.2,2026-07-29T05:14:32+00:00
CCH-006798,ACCT-000733,B0203,809.56,2026-07-29T05:14:32+00:00
CCH-006799,ACCT-000220,B0204,449.76,2026-07-29T08:03:24+00:00
CCH-006800,ACCT-000156,B0204,479.6,2026-07-29T08:03:24+00:00
CCH-006801,ACCT-000537,B0204,200.36,2026-07-29T08:03:24+00:00
CCH-006802,ACCT-000112,B0204,110.59,2026-07-29T08:03:24+00:00
CCH-006803,ACCT-000474,B0204,445.43,2026-07-29T08:03:24+00:00
CCH-006804,ACCT-000494,B0204,265.76,2026-07-29T08:03:24+00:00
CCH-006805,ACCT-000081,B0204,1040.05,2026-07-29T08:03:24+00:00
CCH-006806,ACCT-000411,B0204,1122.83,2026-07-29T08:03:24+00:00
CCH-006807,ACCT-000142,B0204,559.65,2026-07-29T08:03:24+00:00
CCH-006808,ACCT-000626,B0204,824.41,2026-07-29T08:03:24+00:00
CCH-006809,ACCT-000373,B0204,777.12,2026-07-29T08:03:24+00:00
CCH-006810,ACCT-000674,B0204,248.7,2026-07-29T08:03:24+00:00
CCH-006811,ACCT-000446,B0204,657.37,2026-07-29T08:03:24+00:00
CCH-006812,ACCT-000710,B0204,662.36,2026-07-29T08:03:24+00:00
CCH-006813,ACCT-000021,B0204,64.8,2026-07-29T08:03:24+00:00
CCH-006814,ACCT-000273,B0204,812.79,2026-07-29T08:03:24+00:00
CCH-006815,ACCT-000300,B0204,972.96,2026-07-29T08:03:24+00:00
CCH-006816,ACCT-000590,B0204,379.02,2026-07-29T08:03:24+00:00
CCH-006817,ACCT-000241,B0204,366.96,2026-07-29T08:03:24+00:00
CCH-006818,ACCT-000029,B0204,247.89,2026-07-29T08:03:24+00:00
CCH-006819,ACCT-000567,B0204,751.14,2026-07-29T08:03:24+00:00
CCH-006820,ACCT-000635,B0204,385.59,2026-07-29T08:03:24+00:00
CCH-006821,ACCT-000404,B0204,350.29,2026-07-29T08:03:24+00:00
CCH-006822,ACCT-000284,B0204,92.84,2026-07-29T08:03:24+00:00
CCH-006823,ACCT-000500,B0204,261.09,2026-07-29T08:03:24+00:00
CCH-006824,ACCT-000105,B0204,906.67,2026-07-29T08:03:24+00:00
CCH-006825,ACCT-000122,B0204,383.73,2026-07-29T08:03:24+00:00
CCH-006826,ACCT-000734,B0204,616.11,2026-07-29T08:03:24+00:00
CCH-006827,ACCT-000735,B0204,76.93,2026-07-29T08:03:24+00:00
CCH-006828,ACCT-000736,B0204,541.41,2026-07-29T08:03:24+00:00
CCH-006829,ACCT-000595,B0205,688.14,2026-07-29T11:00:58+00:00
CCH-006830,ACCT-000213,B0205,723.71,2026-07-29T11:00:58+00:00
CCH-006831,ACCT-000732,B0205,978.7,2026-07-29T11:00:58+00:00
CCH-006832,ACCT-000525,B0205,779.11,2026-07-29T11:00:58+00:00
CCH-006833,ACCT-000696,B0205,299.13,2026-07-29T11:00:58+00:00
CCH-006834,ACCT-000326,B0205,184.09,2026-07-29T11:00:58+00:00
CCH-006835,ACCT-000409,B0205,559.86,2026-07-29T11:00:58+00:00
CCH-006836,ACCT-000485,B0205,688.03,2026-07-29T11:00:58+00:00
CCH-006837,ACCT-000591,B0205,855.38,2026-07-29T11:00:58+00:00
CCH-006838,ACCT-000118,B0205,667.61,2026-07-29T11:00:58+00:00
CCH-006839,ACCT-000590,B0205,330.97,2026-07-29T11:00:58+00:00
CCH-006840,ACCT-000092,B0205,285.83,2026-07-29T11:00:58+00:00
CCH-006841,ACCT-000237,B0205,295.31,2026-07-29T11:00:58+00:00
CCH-006842,ACCT-000009,B0205,326.57,2026-07-29T11:00:58+00:00
CCH-006843,ACCT-000709,B0205,811.2,2026-07-29T11:00:58+00:00
CCH-006844,ACCT-000186,B0205,50.53,2026-07-29T11:00:58+00:00
CCH-006845,ACCT-000407,B0205,234.21,2026-07-29T11:00:58+00:00
CCH-006846,ACCT-000276,B0205,99.84,2026-07-29T11:00:58+00:00
CCH-006847,ACCT-000703,B0205,368.85,2026-07-29T11:00:58+00:00
CCH-006848,ACCT-000634,B0205,856.06,2026-07-29T11:00:58+00:00
CCH-006849,ACCT-000587,B0205,195.89,2026-07-29T11:00:58+00:00
CCH-006850,ACCT-000581,B0205,559.43,2026-07-29T11:00:58+00:00
CCH-006851,ACCT-000540,B0205,710.62,2026-07-29T11:00:58+00:00
CCH-006852,ACCT-000082,B0205,324.28,2026-07-29T11:00:58+00:00
CCH-006853,ACCT-000080,B0205,59.47,2026-07-29T11:00:58+00:00
CCH-006854,ACCT-000664,B0205,1021.2,2026-07-29T11:00:58+00:00
CCH-006855,ACCT-000177,B0205,885.1,2026-07-29T11:00:58+00:00
CCH-006856,ACCT-000169,B0205,474.29,2026-07-29T11:00:58+00:00
CCH-006857,ACCT-000135,B0205,1017.78,2026-07-29T11:00:58+00:00
CCH-006858,ACCT-000311,B0205,702.87,2026-07-29T11:00:58+00:00
CCH-006859,ACCT-000654,B0205,718.08,2026-07-29T11:00:58+00:00
CCH-006860,ACCT-000461,B0205,899.14,2026-07-29T11:00:58+00:00
CCH-006861,ACCT-000737,B0205,464.68,2026-07-29T11:00:58+00:00
CCH-006862,ACCT-000738,B0205,406.62,2026-07-29T11:00:58+00:00
CCH-006863,ACCT-000739,B0205,948.52,2026-07-29T11:00:58+00:00
CCH-006864,ACCT-000688,B0206,65.9,2026-07-29T13:12:34+00:00
CCH-006865,ACCT-000069,B0206,998.8,2026-07-29T13:12:34+00:00
CCH-006866,ACCT-000706,B0206,343.21,2026-07-29T13:12:34+00:00
CCH-006867,ACCT-000601,B0206,427.55,2026-07-29T13:12:34+00:00
CCH-006868,ACCT-000721,B0206,626.31,2026-07-29T13:12:34+00:00
CCH-006869,ACCT-000173,B0206,318.43,2026-07-29T13:12:34+00:00
CCH-006870,ACCT-000172,B0206,734.92,2026-07-29T13:12:34+00:00
CCH-006871,ACCT-000418,B0206,347.24,2026-07-29T13:12:34+00:00
CCH-006872,ACCT-000478,B0206,506.55,2026-07-29T13:12:34+00:00
CCH-006873,ACCT-000304,B0206,256.95,2026-07-29T13:12:34+00:00
CCH-006874,ACCT-000001,B0206,456.62,2026-07-29T13:12:34+00:00
CCH-006875,ACCT-000474,B0206,403.02,2026-07-29T13:12:34+00:00
CCH-006876,ACCT-000337,B0206,147.31,2026-07-29T13:12:34+00:00
CCH-006877,ACCT-000117,B0206,415.83,2026-07-29T13:12:34+00:00
CCH-006878,ACCT-000160,B0206,546.38,2026-07-29T13:12:34+00:00
CCH-006879,ACCT-000505,B0206,653.68,2026-07-29T13:12:34+00:00
CCH-006880,ACCT-000350,B0206,272.98,2026-07-29T13:12:34+00:00
CCH-006881,ACCT-000522,B0206,656.45,2026-07-29T13:12:34+00:00
CCH-006882,ACCT-000287,B0206,1060.69,2026-07-29T13:12:34+00:00
CCH-006883,ACCT-000464,B0206,352.41,2026-07-29T13:12:34+00:00
CCH-006884,ACCT-000063,B0206,170.31,2026-07-29T13:12:34+00:00
CCH-006885,ACCT-000215,B0206,582.11,2026-07-29T13:12:34+00:00
CCH-006886,ACCT-000501,B0206,600.46,2026-07-29T13:12:34+00:00
CCH-006887,ACCT-000133,B0206,365.87,2026-07-29T13:12:34+00:00
CCH-006888,ACCT-000165,B0206,127.94,2026-07-29T13:12:34+00:00
CCH-006889,ACCT-000701,B0206,205.28,2026-07-29T13:12:34+00:00
CCH-006890,ACCT-000619,B0206,545.74,2026-07-29T13:12:34+00:00
CCH-006891,ACCT-000213,B0206,754.06,2026-07-29T13:12:34+00:00
CCH-006892,ACCT-000224,B0206,748.62,2026-07-29T13:12:34+00:00
CCH-006893,ACCT-000600,B0206,539.55,2026-07-29T13:12:34+00:00
CCH-006894,ACCT-000121,B0206,609.43,2026-07-29T13:12:34+00:00
CCH-006895,ACCT-000091,B0206,203.69,2026-07-29T13:12:34+00:00
CCH-006896,ACCT-000711,B0206,213.85,2026-07-29T13:12:34+00:00
CCH-006897,ACCT-000740,B0206,1059.44,2026-07-29T13:12:34+00:00
CCH-006898,ACCT-000741,B0206,183.31,2026-07-29T13:12:34+00:00
CCH-006899,ACCT-000742,B0206,714.83,2026-07-29T13:12:34+00:00
CCH-006900,ACCT-000743,B0206,244.73,2026-07-29T13:12:34+00:00
CCH-006901,ACCT-000479,B0207,557.48,2026-07-29T15:26:33+00:00
CCH-006902,ACCT-000589,B0207,248.61,2026-07-29T15:26:33+00:00
CCH-006903,ACCT-000189,B0207,269.77,2026-07-29T15:26:33+00:00
CCH-006904,ACCT-000231,B0207,346.44,2026-07-29T15:26:33+00:00
CCH-006905,ACCT-000485,B0207,377.09,2026-07-29T15:26:33+00:00
CCH-006906,ACCT-000076,B0207,930.92,2026-07-29T15:26:33+00:00
CCH-006907,ACCT-000398,B0207,546.99,2026-07-29T15:26:33+00:00
CCH-006908,ACCT-000277,B0207,343.42,2026-07-29T15:26:33+00:00
CCH-006909,ACCT-000033,B0207,353.65,2026-07-29T15:26:33+00:00
CCH-006910,ACCT-000066,B0207,532.55,2026-07-29T15:26:33+00:00
CCH-006911,ACCT-000657,B0207,620.13,2026-07-29T15:26:33+00:00
CCH-006912,ACCT-000714,B0207,606.43,2026-07-29T15:26:33+00:00
CCH-006913,ACCT-000169,B0207,1014.91,2026-07-29T15:26:33+00:00
CCH-006914,ACCT-000401,B0207,1092.54,2026-07-29T15:26:33+00:00
CCH-006915,ACCT-000209,B0207,503.58,2026-07-29T15:26:33+00:00
CCH-006916,ACCT-000664,B0207,108.35,2026-07-29T15:26:33+00:00
CCH-006917,ACCT-000386,B0207,768.26,2026-07-29T15:26:33+00:00
CCH-006918,ACCT-000146,B0207,568.31,2026-07-29T15:26:33+00:00
CCH-006919,ACCT-000429,B0207,606.38,2026-07-29T15:26:33+00:00
CCH-006920,ACCT-000407,B0207,445.8,2026-07-29T15:26:33+00:00
CCH-006921,ACCT-000442,B0207,550.29,2026-07-29T15:26:33+00:00
CCH-006922,ACCT-000193,B0207,509.07,2026-07-29T15:26:33+00:00
CCH-006923,ACCT-000138,B0207,208.99,2026-07-29T15:26:33+00:00
CCH-006924,ACCT-000250,B0207,84.72,2026-07-29T15:26:33+00:00
CCH-006925,ACCT-000414,B0207,944.5,2026-07-29T15:26:33+00:00
CCH-006926,ACCT-000625,B0207,453.02,2026-07-29T15:26:33+00:00
CCH-006927,ACCT-000458,B0207,1119.15,2026-07-29T15:26:33+00:00
CCH-006928,ACCT-000230,B0207,141.73,2026-07-29T15:26:33+00:00
CCH-006929,ACCT-000521,B0207,337.11,2026-07-29T15:26:33+00:00
CCH-006930,ACCT-000364,B0207,461.39,2026-07-29T15:26:33+00:00
CCH-006931,ACCT-000296,B0207,925.49,2026-07-29T15:26:33+00:00
CCH-006932,ACCT-000242,B0207,360.47,2026-07-29T15:26:33+00:00
CCH-006933,ACCT-000716,B0207,400.06,2026-07-29T15:26:33+00:00
CCH-006934,ACCT-000375,B0207,547.45,2026-07-29T15:26:33+00:00
CCH-006935,ACCT-000720,B0207,148.72,2026-07-29T15:26:33+00:00
CCH-006936,ACCT-000744,B0207,400.35,2026-07-29T15:26:33+00:00
CCH-006937,ACCT-000745,B0207,383.75,2026-07-29T15:26:33+00:00
CCH-006938,ACCT-000355,B0208,684.01,2026-07-29T16:48:04+00:00
CCH-006939,ACCT-000058,B0208,133.66,2026-07-29T16:48:04+00:00
CCH-006940,ACCT-000508,B0208,437.39,2026-07-29T16:48:04+00:00
CCH-006941,ACCT-000094,B0208,792.48,2026-07-29T16:48:04+00:00
CCH-006942,ACCT-000123,B0208,136.05,2026-07-29T16:48:04+00:00
CCH-006943,ACCT-000311,B0208,61.75,2026-07-29T16:48:04+00:00
CCH-006944,ACCT-000212,B0208,485.06,2026-07-29T16:48:04+00:00
CCH-006945,ACCT-000150,B0208,266.6,2026-07-29T16:48:04+00:00
CCH-006946,ACCT-000485,B0208,260.43,2026-07-29T16:48:04+00:00
CCH-006947,ACCT-000641,B0208,161.44,2026-07-29T16:48:04+00:00
CCH-006948,ACCT-000014,B0208,689.7,2026-07-29T16:48:04+00:00
CCH-006949,ACCT-000670,B0208,827.41,2026-07-29T16:48:04+00:00
CCH-006950,ACCT-000146,B0208,613.54,2026-07-29T16:48:04+00:00
CCH-006951,ACCT-000613,B0208,682.6,2026-07-29T16:48:04+00:00
CCH-006952,ACCT-000192,B0208,198.6,2026-07-29T16:48:04+00:00
CCH-006953,ACCT-000516,B0208,39.76,2026-07-29T16:48:04+00:00
CCH-006954,ACCT-000668,B0208,1053.19,2026-07-29T16:48:04+00:00
CCH-006955,ACCT-000364,B0208,449.41,2026-07-29T16:48:04+00:00
CCH-006956,ACCT-000361,B0208,127.71,2026-07-29T16:48:04+00:00
CCH-006957,ACCT-000352,B0208,614.31,2026-07-29T16:48:04+00:00
CCH-006958,ACCT-000530,B0208,950.4,2026-07-29T16:48:04+00:00
CCH-006959,ACCT-000452,B0208,905.73,2026-07-29T16:48:04+00:00
CCH-006960,ACCT-000725,B0208,384.34,2026-07-29T16:48:04+00:00
CCH-006961,ACCT-000114,B0208,112.34,2026-07-29T16:48:04+00:00
CCH-006962,ACCT-000685,B0208,308.56,2026-07-29T16:48:04+00:00
CCH-006963,ACCT-000371,B0208,785.97,2026-07-29T16:48:04+00:00
CCH-006964,ACCT-000746,B0208,881.58,2026-07-29T16:48:04+00:00
CCH-006965,ACCT-000747,B0208,438.71,2026-07-29T16:48:04+00:00
CCH-006966,ACCT-000748,B0208,424.45,2026-07-29T16:48:04+00:00
CCH-006967,ACCT-000643,B0209,171.11,2026-07-29T18:02:22+00:00
CCH-006968,ACCT-000196,B0209,384.03,2026-07-29T18:02:22+00:00
CCH-006969,ACCT-000229,B0209,176.83,2026-07-29T18:02:22+00:00
CCH-006970,ACCT-000066,B0209,390.73,2026-07-29T18:02:22+00:00
CCH-006971,ACCT-000334,B0209,944.88,2026-07-29T18:02:22+00:00
CCH-006972,ACCT-000147,B0209,653.32,2026-07-29T18:02:22+00:00
CCH-006973,ACCT-000387,B0209,525.37,2026-07-29T18:02:22+00:00
CCH-006974,ACCT-000563,B0209,772.78,2026-07-29T18:02:22+00:00
CCH-006975,ACCT-000405,B0209,122.58,2026-07-29T18:02:22+00:00
CCH-006976,ACCT-000487,B0209,640.74,2026-07-29T18:02:22+00:00
CCH-006977,ACCT-000232,B0209,172.96,2026-07-29T18:02:22+00:00
CCH-006978,ACCT-000282,B0209,336.43,2026-07-29T18:02:22+00:00
CCH-006979,ACCT-000490,B0209,821.59,2026-07-29T18:02:22+00:00
CCH-006980,ACCT-000647,B0209,541.68,2026-07-29T18:02:22+00:00
CCH-006981,ACCT-000140,B0209,855.71,2026-07-29T18:02:22+00:00
CCH-006982,ACCT-000071,B0209,1204.98,2026-07-29T18:02:22+00:00
CCH-006983,ACCT-000707,B0209,684.42,2026-07-29T18:02:22+00:00
CCH-006984,ACCT-000084,B0209,1012.47,2026-07-29T18:02:22+00:00
CCH-006985,ACCT-000383,B0209,825.73,2026-07-29T18:02:22+00:00
CCH-006986,ACCT-000678,B0209,202.25,2026-07-29T18:02:22+00:00
CCH-006987,ACCT-000510,B0209,264.79,2026-07-29T18:02:22+00:00
CCH-006988,ACCT-000195,B0209,144.93,2026-07-29T18:02:22+00:00
CCH-006989,ACCT-000215,B0209,597.76,2026-07-29T18:02:22+00:00
CCH-006990,ACCT-000622,B0209,156.45,2026-07-29T18:02:22+00:00
CCH-006991,ACCT-000015,B0209,878.86,2026-07-29T18:02:22+00:00
CCH-006992,ACCT-000359,B0209,87.95,2026-07-29T18:02:22+00:00
CCH-006993,ACCT-000742,B0209,466.4,2026-07-29T18:02:22+00:00
CCH-006994,ACCT-000749,B0209,554.73,2026-07-29T18:02:22+00:00
CCH-006995,ACCT-000750,B0209,887.4,2026-07-29T18:02:22+00:00
CCH-006996,ACCT-000751,B0209,363.83,2026-07-29T18:02:22+00:00
CCH-006997,ACCT-000702,B0210,596.14,2026-07-29T19:51:18+00:00
CCH-006998,ACCT-000169,B0210,676.05,2026-07-29T19:51:18+00:00
CCH-006999,ACCT-000276,B0210,466.71,2026-07-29T19:51:18+00:00
CCH-007000,ACCT-000585,B0210,231.48,2026-07-29T19:51:18+00:00
CCH-007001,ACCT-000489,B0210,74.31,2026-07-29T19:51:18+00:00
CCH-007002,ACCT-000448,B0210,1323.47,2026-07-29T19:51:18+00:00
CCH-007003,ACCT-000590,B0210,655.29,2026-07-29T19:51:18+00:00
CCH-007004,ACCT-000176,B0210,158.0,2026-07-29T19:51:18+00:00
CCH-007005,ACCT-000301,B0210,495.28,2026-07-29T19:51:18+00:00
CCH-007006,ACCT-000545,B0210,809.02,2026-07-29T19:51:18+00:00
CCH-007007,ACCT-000388,B0210,79.65,2026-07-29T19:51:18+00:00
CCH-007008,ACCT-000652,B0210,714.38,2026-07-29T19:51:18+00:00
CCH-007009,ACCT-000226,B0210,234.35,2026-07-29T19:51:18+00:00
CCH-007010,ACCT-000432,B0210,1125.27,2026-07-29T19:51:18+00:00
CCH-007011,ACCT-000362,B0210,1006.67,2026-07-29T19:51:18+00:00
CCH-007012,ACCT-000579,B0210,717.19,2026-07-29T19:51:18+00:00
CCH-007013,ACCT-000041,B0210,1214.21,2026-07-29T19:51:18+00:00
CCH-007014,ACCT-000612,B0210,573.59,2026-07-29T19:51:18+00:00
CCH-007015,ACCT-000006,B0210,252.05,2026-07-29T19:51:18+00:00
CCH-007016,ACCT-000566,B0210,180.24,2026-07-29T19:51:18+00:00
CCH-007017,ACCT-000234,B0210,90.96,2026-07-29T19:51:18+00:00
CCH-007018,ACCT-000342,B0210,606.64,2026-07-29T19:51:18+00:00
CCH-007019,ACCT-000179,B0210,354.25,2026-07-29T19:51:18+00:00
CCH-007020,ACCT-000380,B0210,645.3,2026-07-29T19:51:18+00:00
CCH-007021,ACCT-000674,B0210,504.78,2026-07-29T19:51:18+00:00
CCH-007022,ACCT-000351,B0210,202.06,2026-07-29T19:51:18+00:00
CCH-007023,ACCT-000182,B0210,308.94,2026-07-29T19:51:18+00:00
CCH-007024,ACCT-000752,B0210,603.42,2026-07-29T19:51:18+00:00
CCH-007025,ACCT-000753,B0210,39.87,2026-07-29T19:51:18+00:00
CCH-007026,ACCT-000521,B0211,952.03,2026-07-29T20:44:55+00:00
CCH-007027,ACCT-000554,B0211,367.02,2026-07-29T20:44:55+00:00
CCH-007028,ACCT-000326,B0211,742.48,2026-07-29T20:44:55+00:00
CCH-007029,ACCT-000297,B0211,639.23,2026-07-29T20:44:55+00:00
CCH-007030,ACCT-000539,B0211,258.01,2026-07-29T20:44:55+00:00
CCH-007031,ACCT-000217,B0211,688.22,2026-07-29T20:44:55+00:00
CCH-007032,ACCT-000313,B0211,427.65,2026-07-29T20:44:55+00:00
CCH-007033,ACCT-000421,B0211,647.8,2026-07-29T20:44:55+00:00
CCH-007034,ACCT-000206,B0211,234.02,2026-07-29T20:44:55+00:00
CCH-007035,ACCT-000438,B0211,688.68,2026-07-29T20:44:55+00:00
CCH-007036,ACCT-000169,B0211,57.68,2026-07-29T20:44:55+00:00
CCH-007037,ACCT-000240,B0211,743.78,2026-07-29T20:44:55+00:00
CCH-007038,ACCT-000596,B0211,779.34,2026-07-29T20:44:55+00:00
CCH-007039,ACCT-000026,B0211,485.49,2026-07-29T20:44:55+00:00
CCH-007040,ACCT-000062,B0211,778.08,2026-07-29T20:44:55+00:00
CCH-007041,ACCT-000096,B0211,507.52,2026-07-29T20:44:55+00:00
CCH-007042,ACCT-000053,B0211,781.82,2026-07-29T20:44:55+00:00
CCH-007043,ACCT-000704,B0211,687.56,2026-07-29T20:44:55+00:00
CCH-007044,ACCT-000309,B0211,736.57,2026-07-29T20:44:55+00:00
CCH-007045,ACCT-000617,B0211,1227.5,2026-07-29T20:44:55+00:00
CCH-007046,ACCT-000451,B0211,481.14,2026-07-29T20:44:55+00:00
CCH-007047,ACCT-000531,B0211,203.53,2026-07-29T20:44:55+00:00
CCH-007048,ACCT-000650,B0211,71.74,2026-07-29T20:44:55+00:00
CCH-007049,ACCT-000716,B0211,752.83,2026-07-29T20:44:55+00:00
CCH-007050,ACCT-000594,B0211,1123.49,2026-07-29T20:44:55+00:00
CCH-007051,ACCT-000035,B0211,598.12,2026-07-29T20:44:55+00:00
CCH-007052,ACCT-000644,B0211,238.38,2026-07-29T20:44:55+00:00
CCH-007053,ACCT-000276,B0211,601.14,2026-07-29T20:44:55+00:00
CCH-007054,ACCT-000743,B0211,657.52,2026-07-29T20:44:55+00:00
CCH-007055,ACCT-000754,B0211,367.49,2026-07-29T20:44:55+00:00
CCH-007056,ACCT-000755,B0211,92.76,2026-07-29T20:44:55+00:00
CCH-007057,ACCT-000756,B0211,963.68,2026-07-29T20:44:55+00:00
CCH-007058,ACCT-000095,B0212,218.0,2026-07-29T21:52:47+00:00
CCH-007059,ACCT-000646,B0212,743.24,2026-07-29T21:52:47+00:00
CCH-007060,ACCT-000229,B0212,364.34,2026-07-29T21:52:47+00:00
CCH-007061,ACCT-000272,B0212,334.55,2026-07-29T21:52:47+00:00
CCH-007062,ACCT-000127,B0212,1010.77,2026-07-29T21:52:47+00:00
CCH-007063,ACCT-000324,B0212,878.57,2026-07-29T21:52:47+00:00
CCH-007064,ACCT-000224,B0212,910.47,2026-07-29T21:52:47+00:00
CCH-007065,ACCT-000401,B0212,570.21,2026-07-29T21:52:47+00:00
CCH-007066,ACCT-000541,B0212,652.7,2026-07-29T21:52:47+00:00
CCH-007067,ACCT-000310,B0212,382.62,2026-07-29T21:52:47+00:00
CCH-007068,ACCT-000240,B0212,551.49,2026-07-29T21:52:47+00:00
CCH-007069,ACCT-000036,B0212,637.72,2026-07-29T21:52:47+00:00
CCH-007070,ACCT-000085,B0212,929.63,2026-07-29T21:52:47+00:00
CCH-007071,ACCT-000145,B0212,236.64,2026-07-29T21:52:47+00:00
CCH-007072,ACCT-000319,B0212,717.56,2026-07-29T21:52:47+00:00
CCH-007073,ACCT-000703,B0212,98.77,2026-07-29T21:52:47+00:00
CCH-007074,ACCT-000619,B0212,353.87,2026-07-29T21:52:47+00:00
CCH-007075,ACCT-000390,B0212,287.08,2026-07-29T21:52:47+00:00
CCH-007076,ACCT-000323,B0212,801.49,2026-07-29T21:52:47+00:00
CCH-007077,ACCT-000169,B0212,1096.03,2026-07-29T21:52:47+00:00
CCH-007078,ACCT-000153,B0212,634.8,2026-07-29T21:52:47+00:00
CCH-007079,ACCT-000594,B0212,745.75,2026-07-29T21:52:47+00:00
CCH-007080,ACCT-000146,B0212,381.33,2026-07-29T21:52:47+00:00
CCH-007081,ACCT-000691,B0212,578.76,2026-07-29T21:52:47+00:00
CCH-007082,ACCT-000007,B0212,656.15,2026-07-29T21:52:47+00:00
CCH-007083,ACCT-000520,B0212,856.81,2026-07-29T21:52:47+00:00
CCH-007084,ACCT-000232,B0212,301.32,2026-07-29T21:52:47+00:00
CCH-007085,ACCT-000196,B0212,687.39,2026-07-29T21:52:47+00:00
CCH-007086,ACCT-000123,B0212,518.91,2026-07-29T21:52:47+00:00
CCH-007087,ACCT-000294,B0212,773.44,2026-07-29T21:52:47+00:00
CCH-007088,ACCT-000705,B0212,725.63,2026-07-29T21:52:47+00:00
CCH-007089,ACCT-000352,B0212,1026.12,2026-07-29T21:52:47+00:00
CCH-007090,ACCT-000535,B0212,146.9,2026-07-29T21:52:47+00:00
CCH-007091,ACCT-000757,B0212,995.12,2026-07-29T21:52:47+00:00
CCH-007092,ACCT-000758,B0212,291.2,2026-07-29T21:52:47+00:00
CCH-007093,ACCT-000044,B0213,466.15,2026-07-29T22:54:01+00:00
CCH-007094,ACCT-000152,B0213,864.7,2026-07-29T22:54:01+00:00
CCH-007095,ACCT-000664,B0213,157.77,2026-07-29T22:54:01+00:00
CCH-007096,ACCT-000345,B0213,818.09,2026-07-29T22:54:01+00:00
CCH-007097,ACCT-000677,B0213,1071.81,2026-07-29T22:54:01+00:00
CCH-007098,ACCT-000564,B0213,346.72,2026-07-29T22:54:01+00:00
CCH-007099,ACCT-000056,B0213,932.47,2026-07-29T22:54:01+00:00
CCH-007100,ACCT-000444,B0213,537.77,2026-07-29T22:54:01+00:00
CCH-007101,ACCT-000731,B0213,879.42,2026-07-29T22:54:01+00:00
CCH-007102,ACCT-000753,B0213,168.98,2026-07-29T22:54:01+00:00
CCH-007103,ACCT-000623,B0213,658.25,2026-07-29T22:54:01+00:00
CCH-007104,ACCT-000594,B0213,80.66,2026-07-29T22:54:01+00:00
CCH-007105,ACCT-000070,B0213,1018.52,2026-07-29T22:54:01+00:00
CCH-007106,ACCT-000280,B0213,839.45,2026-07-29T22:54:01+00:00
CCH-007107,ACCT-000271,B0213,40.58,2026-07-29T22:54:01+00:00
CCH-007108,ACCT-000478,B0213,105.48,2026-07-29T22:54:01+00:00
CCH-007109,ACCT-000635,B0213,33.23,2026-07-29T22:54:01+00:00
CCH-007110,ACCT-000531,B0213,545.44,2026-07-29T22:54:01+00:00
CCH-007111,ACCT-000732,B0213,736.67,2026-07-29T22:54:01+00:00
CCH-007112,ACCT-000382,B0213,686.67,2026-07-29T22:54:01+00:00
CCH-007113,ACCT-000457,B0213,61.99,2026-07-29T22:54:01+00:00
CCH-007114,ACCT-000266,B0213,670.99,2026-07-29T22:54:01+00:00
CCH-007115,ACCT-000627,B0213,736.9,2026-07-29T22:54:01+00:00
CCH-007116,ACCT-000743,B0213,521.85,2026-07-29T22:54:01+00:00
CCH-007117,ACCT-000146,B0213,279.91,2026-07-29T22:54:01+00:00
CCH-007118,ACCT-000041,B0213,1134.37,2026-07-29T22:54:01+00:00
CCH-007119,ACCT-000654,B0213,677.22,2026-07-29T22:54:01+00:00
CCH-007120,ACCT-000031,B0213,283.42,2026-07-29T22:54:01+00:00
CCH-007121,ACCT-000147,B0213,374.17,2026-07-29T22:54:01+00:00
CCH-007122,ACCT-000304,B0213,300.43,2026-07-29T22:54:01+00:00
CCH-007123,ACCT-000158,B0213,346.14,2026-07-29T22:54:01+00:00
CCH-007124,ACCT-000090,B0213,856.92,2026-07-29T22:54:01+00:00
CCH-007125,ACCT-000663,B0213,239.43,2026-07-29T22:54:01+00:00
CCH-007126,ACCT-000759,B0213,827.29,2026-07-29T22:54:01+00:00
CCH-007127,ACCT-000760,B0213,563.76,2026-07-29T22:54:01+00:00
CCH-007128,ACCT-000761,B0213,710.22,2026-07-29T22:54:01+00:00
CCH-007129,ACCT-000762,B0213,839.96,2026-07-29T22:54:01+00:00
CCH-007130,ACCT-000685,B0214,743.01,2026-07-29T23:55:25+00:00
CCH-007131,ACCT-000029,B0214,260.26,2026-07-29T23:55:25+00:00
CCH-007132,ACCT-000333,B0214,243.29,2026-07-29T23:55:25+00:00
CCH-007133,ACCT-000105,B0214,1384.21,2026-07-29T23:55:25+00:00
CCH-007134,ACCT-000731,B0214,917.92,2026-07-29T23:55:25+00:00
CCH-007135,ACCT-000681,B0214,716.54,2026-07-29T23:55:25+00:00
CCH-007136,ACCT-000235,B0214,452.17,2026-07-29T23:55:25+00:00
CCH-007137,ACCT-000340,B0214,851.62,2026-07-29T23:55:25+00:00
CCH-007138,ACCT-000182,B0214,65.05,2026-07-29T23:55:25+00:00
CCH-007139,ACCT-000025,B0214,247.14,2026-07-29T23:55:25+00:00
CCH-007140,ACCT-000307,B0214,882.38,2026-07-29T23:55:25+00:00
CCH-007141,ACCT-000652,B0214,1107.24,2026-07-29T23:55:25+00:00
CCH-007142,ACCT-000066,B0214,412.6,2026-07-29T23:55:25+00:00
CCH-007143,ACCT-000713,B0214,103.76,2026-07-29T23:55:25+00:00
CCH-007144,ACCT-000382,B0214,409.82,2026-07-29T23:55:25+00:00
CCH-007145,ACCT-000071,B0214,899.04,2026-07-29T23:55:25+00:00
CCH-007146,ACCT-000565,B0214,593.59,2026-07-29T23:55:25+00:00
CCH-007147,ACCT-000178,B0214,440.56,2026-07-29T23:55:25+00:00
CCH-007148,ACCT-000195,B0214,70.13,2026-07-29T23:55:25+00:00
CCH-007149,ACCT-000497,B0214,554.22,2026-07-29T23:55:25+00:00
CCH-007150,ACCT-000433,B0214,419.65,2026-07-29T23:55:25+00:00
CCH-007151,ACCT-000048,B0214,174.51,2026-07-29T23:55:25+00:00
CCH-007152,ACCT-000254,B0214,238.27,2026-07-29T23:55:25+00:00
CCH-007153,ACCT-000288,B0214,1461.89,2026-07-29T23:55:25+00:00
CCH-007154,ACCT-000141,B0214,307.66,2026-07-29T23:55:25+00:00
CCH-007155,ACCT-000637,B0214,994.15,2026-07-29T23:55:25+00:00
CCH-007156,ACCT-000429,B0214,544.88,2026-07-29T23:55:25+00:00
CCH-007157,ACCT-000258,B0214,826.98,2026-07-29T23:55:25+00:00
CCH-007158,ACCT-000763,B0214,229.07,2026-07-29T23:55:25+00:00
CCH-007159,ACCT-000764,B0214,1238.99,2026-07-29T23:55:25+00:00
CCH-007160,ACCT-000765,B0214,407.1,2026-07-29T23:55:25+00:00
CCH-007161,ACCT-000766,B0214,1102.84,2026-07-29T23:55:25+00:00
CCH-007162,ACCT-000139,B0215,465.59,2026-07-30T01:43:52+00:00
CCH-007163,ACCT-000350,B0215,757.48,2026-07-30T01:43:52+00:00
CCH-007164,ACCT-000689,B0215,389.41,2026-07-30T01:43:52+00:00
CCH-007165,ACCT-000313,B0215,365.34,2026-07-30T01:43:52+00:00
CCH-007166,ACCT-000655,B0215,499.91,2026-07-30T01:43:52+00:00
CCH-007167,ACCT-000067,B0215,899.76,2026-07-30T01:43:52+00:00
CCH-007168,ACCT-000699,B0215,785.1,2026-07-30T01:43:52+00:00
CCH-007169,ACCT-000520,B0215,677.3,2026-07-30T01:43:52+00:00
CCH-007170,ACCT-000195,B0215,667.1,2026-07-30T01:43:52+00:00
CCH-007171,ACCT-000507,B0215,556.04,2026-07-30T01:43:52+00:00
CCH-007172,ACCT-000757,B0215,202.23,2026-07-30T01:43:52+00:00
CCH-007173,ACCT-000390,B0215,604.2,2026-07-30T01:43:52+00:00
CCH-007174,ACCT-000330,B0215,542.15,2026-07-30T01:43:52+00:00
CCH-007175,ACCT-000583,B0215,773.59,2026-07-30T01:43:52+00:00
CCH-007176,ACCT-000227,B0215,552.2,2026-07-30T01:43:52+00:00
CCH-007177,ACCT-000476,B0215,48.14,2026-07-30T01:43:52+00:00
CCH-007178,ACCT-000691,B0215,146.58,2026-07-30T01:43:52+00:00
CCH-007179,ACCT-000146,B0215,464.13,2026-07-30T01:43:52+00:00
CCH-007180,ACCT-000015,B0215,649.01,2026-07-30T01:43:52+00:00
CCH-007181,ACCT-000750,B0215,572.11,2026-07-30T01:43:52+00:00
CCH-007182,ACCT-000040,B0215,589.69,2026-07-30T01:43:52+00:00
CCH-007183,ACCT-000548,B0215,1081.37,2026-07-30T01:43:52+00:00
CCH-007184,ACCT-000478,B0215,896.21,2026-07-30T01:43:52+00:00
CCH-007185,ACCT-000651,B0215,163.95,2026-07-30T01:43:52+00:00
CCH-007186,ACCT-000682,B0215,628.06,2026-07-30T01:43:52+00:00
CCH-007187,ACCT-000405,B0215,383.9,2026-07-30T01:43:52+00:00
CCH-007188,ACCT-000462,B0215,647.54,2026-07-30T01:43:52+00:00
CCH-007189,ACCT-000767,B0215,704.51,2026-07-30T01:43:52+00:00
CCH-007190,ACCT-000768,B0215,646.85,2026-07-30T01:43:52+00:00
CCH-007191,ACCT-000361,B0216,377.51,2026-07-30T04:51:22+00:00
CCH-007192,ACCT-000641,B0216,211.56,2026-07-30T04:51:22+00:00
CCH-007193,ACCT-000677,B0216,21.68,2026-07-30T04:51:22+00:00
CCH-007194,ACCT-000087,B0216,339.41,2026-07-30T04:51:22+00:00
CCH-007195,ACCT-000492,B0216,972.36,2026-07-30T04:51:22+00:00
CCH-007196,ACCT-000506,B0216,341.94,2026-07-30T04:51:22+00:00
CCH-007197,ACCT-000110,B0216,196.32,2026-07-30T04:51:22+00:00
CCH-007198,ACCT-000470,B0216,886.35,2026-07-30T04:51:22+00:00
CCH-007199,ACCT-000292,B0216,350.79,2026-07-30T04:51:22+00:00
CCH-007200,ACCT-000711,B0216,949.97,2026-07-30T04:51:22+00:00
CCH-007201,ACCT-000457,B0216,431.82,2026-07-30T04:51:22+00:00
CCH-007202,ACCT-000053,B0216,760.42,2026-07-30T04:51:22+00:00
CCH-007203,ACCT-000471,B0216,501.25,2026-07-30T04:51:22+00:00
CCH-007204,ACCT-000138,B0216,377.79,2026-07-30T04:51:22+00:00
CCH-007205,ACCT-000709,B0216,693.65,2026-07-30T04:51:22+00:00
CCH-007206,ACCT-000600,B0216,227.87,2026-07-30T04:51:22+00:00
CCH-007207,ACCT-000289,B0216,565.18,2026-07-30T04:51:22+00:00
CCH-007208,ACCT-000238,B0216,276.37,2026-07-30T04:51:22+00:00
CCH-007209,ACCT-000136,B0216,265.47,2026-07-30T04:51:22+00:00
CCH-007210,ACCT-000682,B0216,259.74,2026-07-30T04:51:22+00:00
CCH-007211,ACCT-000424,B0216,350.79,2026-07-30T04:51:22+00:00
CCH-007212,ACCT-000054,B0216,136.76,2026-07-30T04:51:22+00:00
CCH-007213,ACCT-000181,B0216,559.93,2026-07-30T04:51:22+00:00
CCH-007214,ACCT-000587,B0216,207.99,2026-07-30T04:51:22+00:00
CCH-007215,ACCT-000551,B0216,546.84,2026-07-30T04:51:22+00:00
CCH-007216,ACCT-000599,B0216,783.19,2026-07-30T04:51:22+00:00
CCH-007217,ACCT-000023,B0216,462.75,2026-07-30T04:51:22+00:00
CCH-007218,ACCT-000602,B0216,790.17,2026-07-30T04:51:22+00:00
CCH-007219,ACCT-000030,B0216,806.68,2026-07-30T04:51:22+00:00
CCH-007220,ACCT-000203,B0216,760.87,2026-07-30T04:51:22+00:00
CCH-007221,ACCT-000769,B0216,793.05,2026-07-30T04:51:22+00:00
CCH-007222,ACCT-000770,B0216,71.02,2026-07-30T04:51:22+00:00
CCH-007223,ACCT-000771,B0216,375.14,2026-07-30T04:51:22+00:00
CCH-007224,ACCT-000659,B0217,938.88,2026-07-30T07:29:51+00:00
CCH-007225,ACCT-000222,B0217,288.37,2026-07-30T07:29:51+00:00
CCH-007226,ACCT-000486,B0217,597.82,2026-07-30T07:29:51+00:00
CCH-007227,ACCT-000297,B0217,376.13,2026-07-30T07:29:51+00:00
CCH-007228,ACCT-000514,B0217,755.32,2026-07-30T07:29:51+00:00
CCH-007229,ACCT-000002,B0217,776.29,2026-07-30T07:29:51+00:00
CCH-007230,ACCT-000556,B0217,704.52,2026-07-30T07:29:51+00:00
CCH-007231,ACCT-000108,B0217,334.91,2026-07-30T07:29:51+00:00
CCH-007232,ACCT-000476,B0217,126.57,2026-07-30T07:29:51+00:00
CCH-007233,ACCT-000047,B0217,1087.64,2026-07-30T07:29:51+00:00
CCH-007234,ACCT-000477,B0217,150.84,2026-07-30T07:29:51+00:00
CCH-007235,ACCT-000439,B0217,290.94,2026-07-30T07:29:51+00:00
CCH-007236,ACCT-000364,B0217,528.11,2026-07-30T07:29:51+00:00
CCH-007237,ACCT-000693,B0217,322.7,2026-07-30T07:29:51+00:00
CCH-007238,ACCT-000550,B0217,1154.67,2026-07-30T07:29:51+00:00
CCH-007239,ACCT-000112,B0217,162.15,2026-07-30T07:29:51+00:00
CCH-007240,ACCT-000688,B0217,274.52,2026-07-30T07:29:51+00:00
CCH-007241,ACCT-000577,B0217,568.21,2026-07-30T07:29:51+00:00
CCH-007242,ACCT-000242,B0217,216.34,2026-07-30T07:29:51+00:00
CCH-007243,ACCT-000561,B0217,1094.77,2026-07-30T07:29:51+00:00
CCH-007244,ACCT-000387,B0217,486.97,2026-07-30T07:29:51+00:00
CCH-007245,ACCT-000114,B0217,394.45,2026-07-30T07:29:51+00:00
CCH-007246,ACCT-000326,B0217,722.21,2026-07-30T07:29:51+00:00
CCH-007247,ACCT-000060,B0217,355.41,2026-07-30T07:29:51+00:00
CCH-007248,ACCT-000218,B0217,116.94,2026-07-30T07:29:51+00:00
CCH-007249,ACCT-000430,B0217,893.08,2026-07-30T07:29:51+00:00
CCH-007250,ACCT-000772,B0217,232.82,2026-07-30T07:29:51+00:00
CCH-007251,ACCT-000773,B0217,587.91,2026-07-30T07:29:51+00:00
CCH-007252,ACCT-000774,B0217,394.16,2026-07-30T07:29:51+00:00
CCH-007253,ACCT-000775,B0217,797.92,2026-07-30T07:29:51+00:00
CCH-007254,ACCT-000360,B0218,516.07,2026-07-30T09:59:49+00:00
CCH-007255,ACCT-000251,B0218,776.93,2026-07-30T09:59:49+00:00
CCH-007256,ACCT-000684,B0218,367.77,2026-07-30T09:59:49+00:00
CCH-007257,ACCT-000087,B0218,458.73,2026-07-30T09:59:49+00:00
CCH-007258,ACCT-000060,B0218,729.67,2026-07-30T09:59:49+00:00
CCH-007259,ACCT-000562,B0218,335.08,2026-07-30T09:59:49+00:00
CCH-007260,ACCT-000417,B0218,928.78,2026-07-30T09:59:49+00:00
CCH-007261,ACCT-000504,B0218,469.9,2026-07-30T09:59:49+00:00
CCH-007262,ACCT-000183,B0218,838.01,2026-07-30T09:59:49+00:00
CCH-007263,ACCT-000014,B0218,430.55,2026-07-30T09:59:49+00:00
CCH-007264,ACCT-000666,B0218,143.7,2026-07-30T09:59:49+00:00
CCH-007265,ACCT-000351,B0218,640.44,2026-07-30T09:59:49+00:00
CCH-007266,ACCT-000326,B0218,766.68,2026-07-30T09:59:49+00:00
CCH-007267,ACCT-000768,B0218,247.0,2026-07-30T09:59:49+00:00
CCH-007268,ACCT-000343,B0218,648.56,2026-07-30T09:59:49+00:00
CCH-007269,ACCT-000061,B0218,809.42,2026-07-30T09:59:49+00:00
CCH-007270,ACCT-000773,B0218,319.2,2026-07-30T09:59:49+00:00
CCH-007271,ACCT-000391,B0218,1218.24,2026-07-30T09:59:49+00:00
CCH-007272,ACCT-000415,B0218,217.17,2026-07-30T09:59:49+00:00
CCH-007273,ACCT-000384,B0218,220.1,2026-07-30T09:59:49+00:00
CCH-007274,ACCT-000760,B0218,296.0,2026-07-30T09:59:49+00:00
CCH-007275,ACCT-000151,B0218,580.11,2026-07-30T09:59:49+00:00
CCH-007276,ACCT-000329,B0218,92.58,2026-07-30T09:59:49+00:00
CCH-007277,ACCT-000020,B0218,1189.58,2026-07-30T09:59:49+00:00
CCH-007278,ACCT-000044,B0218,805.37,2026-07-30T09:59:49+00:00
CCH-007279,ACCT-000747,B0218,742.88,2026-07-30T09:59:49+00:00
CCH-007280,ACCT-000765,B0218,632.14,2026-07-30T09:59:49+00:00
CCH-007281,ACCT-000149,B0218,455.84,2026-07-30T09:59:49+00:00
CCH-007282,ACCT-000776,B0218,619.36,2026-07-30T09:59:49+00:00
CCH-007283,ACCT-000777,B0218,828.27,2026-07-30T09:59:49+00:00
CCH-007284,ACCT-000778,B0218,846.55,2026-07-30T09:59:49+00:00
CCH-007285,ACCT-000503,B0219,201.2,2026-07-30T11:54:27+00:00
CCH-007286,ACCT-000349,B0219,390.49,2026-07-30T11:54:27+00:00
CCH-007287,ACCT-000343,B0219,914.0,2026-07-30T11:54:27+00:00
CCH-007288,ACCT-000145,B0219,764.99,2026-07-30T11:54:27+00:00
CCH-007289,ACCT-000208,B0219,875.2,2026-07-30T11:54:27+00:00
CCH-007290,ACCT-000523,B0219,257.16,2026-07-30T11:54:27+00:00
CCH-007291,ACCT-000213,B0219,555.19,2026-07-30T11:54:27+00:00
CCH-007292,ACCT-000623,B0219,1085.65,2026-07-30T11:54:27+00:00
CCH-007293,ACCT-000547,B0219,934.02,2026-07-30T11:54:27+00:00
CCH-007294,ACCT-000508,B0219,88.76,2026-07-30T11:54:27+00:00
CCH-007295,ACCT-000299,B0219,1015.79,2026-07-30T11:54:27+00:00
CCH-007296,ACCT-000687,B0219,315.05,2026-07-30T11:54:27+00:00
CCH-007297,ACCT-000672,B0219,1277.42,2026-07-30T11:54:27+00:00
CCH-007298,ACCT-000417,B0219,316.87,2026-07-30T11:54:27+00:00
CCH-007299,ACCT-000077,B0219,759.15,2026-07-30T11:54:27+00:00
CCH-007300,ACCT-000595,B0219,406.68,2026-07-30T11:54:27+00:00
CCH-007301,ACCT-000384,B0219,292.82,2026-07-30T11:54:27+00:00
CCH-007302,ACCT-000340,B0219,297.71,2026-07-30T11:54:27+00:00
CCH-007303,ACCT-000257,B0219,1056.27,2026-07-30T11:54:27+00:00
CCH-007304,ACCT-000732,B0219,169.29,2026-07-30T11:54:27+00:00
CCH-007305,ACCT-000235,B0219,655.31,2026-07-30T11:54:27+00:00
CCH-007306,ACCT-000325,B0219,1073.66,2026-07-30T11:54:27+00:00
CCH-007307,ACCT-000603,B0219,631.92,2026-07-30T11:54:27+00:00
CCH-007308,ACCT-000763,B0219,120.33,2026-07-30T11:54:27+00:00
CCH-007309,ACCT-000220,B0219,891.73,2026-07-30T11:54:27+00:00
CCH-007310,ACCT-000727,B0219,371.14,2026-07-30T11:54:27+00:00
CCH-007311,ACCT-000025,B0219,35.0,2026-07-30T11:54:27+00:00
CCH-007312,ACCT-000474,B0219,466.69,2026-07-30T11:54:27+00:00
CCH-007313,ACCT-000740,B0219,529.27,2026-07-30T11:54:27+00:00
CCH-007314,ACCT-000459,B0219,722.82,2026-07-30T11:54:27+00:00
CCH-007315,ACCT-000120,B0219,225.0,2026-07-30T11:54:27+00:00
CCH-007316,ACCT-000019,B0219,1311.19,2026-07-30T11:54:27+00:00
CCH-007317,ACCT-000565,B0219,428.97,2026-07-30T11:54:27+00:00
CCH-007318,ACCT-000779,B0219,219.64,2026-07-30T11:54:27+00:00
CCH-007319,ACCT-000780,B0219,468.61,2026-07-30T11:54:27+00:00
CCH-007320,ACCT-000781,B0219,357.44,2026-07-30T11:54:27+00:00
CCH-007321,ACCT-000782,B0219,147.24,2026-07-30T11:54:27+00:00
CCH-007322,ACCT-000123,B0220,1206.2,2026-07-30T13:40:47+00:00
CCH-007323,ACCT-000502,B0220,321.3,2026-07-30T13:40:47+00:00
CCH-007324,ACCT-000376,B0220,34.29,2026-07-30T13:40:47+00:00
CCH-007325,ACCT-000316,B0220,542.82,2026-07-30T13:40:47+00:00
CCH-007326,ACCT-000031,B0220,989.34,2026-07-30T13:40:47+00:00
CCH-007327,ACCT-000046,B0220,480.45,2026-07-30T13:40:47+00:00
CCH-007328,ACCT-000288,B0220,744.11,2026-07-30T13:40:47+00:00
CCH-007329,ACCT-000501,B0220,302.88,2026-07-30T13:40:47+00:00
CCH-007330,ACCT-000398,B0220,278.63,2026-07-30T13:40:47+00:00
CCH-007331,ACCT-000575,B0220,222.51,2026-07-30T13:40:47+00:00
CCH-007332,ACCT-000247,B0220,894.4,2026-07-30T13:40:47+00:00
CCH-007333,ACCT-000624,B0220,1186.12,2026-07-30T13:40:47+00:00
CCH-007334,ACCT-000347,B0220,380.0,2026-07-30T13:40:47+00:00
CCH-007335,ACCT-000257,B0220,782.83,2026-07-30T13:40:47+00:00
CCH-007336,ACCT-000274,B0220,633.96,2026-07-30T13:40:47+00:00
CCH-007337,ACCT-000356,B0220,782.54,2026-07-30T13:40:47+00:00
CCH-007338,ACCT-000092,B0220,225.92,2026-07-30T13:40:47+00:00
CCH-007339,ACCT-000394,B0220,347.42,2026-07-30T13:40:47+00:00
CCH-007340,ACCT-000418,B0220,447.24,2026-07-30T13:40:47+00:00
CCH-007341,ACCT-000654,B0220,616.94,2026-07-30T13:40:47+00:00
CCH-007342,ACCT-000751,B0220,295.6,2026-07-30T13:40:47+00:00
CCH-007343,ACCT-000101,B0220,664.71,2026-07-30T13:40:47+00:00
CCH-007344,ACCT-000371,B0220,451.56,2026-07-30T13:40:47+00:00
CCH-007345,ACCT-000631,B0220,862.82,2026-07-30T13:40:47+00:00
CCH-007346,ACCT-000730,B0220,405.4,2026-07-30T13:40:47+00:00
CCH-007347,ACCT-000138,B0220,62.3,2026-07-30T13:40:47+00:00
CCH-007348,ACCT-000049,B0220,354.3,2026-07-30T13:40:47+00:00
CCH-007349,ACCT-000072,B0220,126.99,2026-07-30T13:40:47+00:00
CCH-007350,ACCT-000276,B0220,638.61,2026-07-30T13:40:47+00:00
CCH-007351,ACCT-000364,B0220,612.43,2026-07-30T13:40:47+00:00
CCH-007352,ACCT-000540,B0220,467.85,2026-07-30T13:40:47+00:00
CCH-007353,ACCT-000275,B0220,682.85,2026-07-30T13:40:47+00:00
CCH-007354,ACCT-000533,B0220,151.53,2026-07-30T13:40:47+00:00
CCH-007355,ACCT-000617,B0220,594.61,2026-07-30T13:40:47+00:00
CCH-007356,ACCT-000156,B0220,179.89,2026-07-30T13:40:47+00:00
CCH-007357,ACCT-000783,B0220,727.5,2026-07-30T13:40:47+00:00
CCH-007358,ACCT-000784,B0220,584.08,2026-07-30T13:40:47+00:00
CCH-007359,ACCT-000785,B0220,1072.73,2026-07-30T13:40:47+00:00
CCH-007360,ACCT-000786,B0220,79.89,2026-07-30T13:40:47+00:00
CCH-007361,ACCT-000379,B0221,598.04,2026-07-30T15:46:40+00:00
CCH-007362,ACCT-000536,B0221,837.16,2026-07-30T15:46:40+00:00
CCH-007363,ACCT-000445,B0221,377.3,2026-07-30T15:46:40+00:00
CCH-007364,ACCT-000058,B0221,542.25,2026-07-30T15:46:40+00:00
CCH-007365,ACCT-000331,B0221,663.26,2026-07-30T15:46:40+00:00
CCH-007366,ACCT-000503,B0221,476.68,2026-07-30T15:46:40+00:00
CCH-007367,ACCT-000299,B0221,459.32,2026-07-30T15:46:40+00:00
CCH-007368,ACCT-000664,B0221,1057.21,2026-07-30T15:46:40+00:00
CCH-007369,ACCT-000444,B0221,200.21,2026-07-30T15:46:40+00:00
CCH-007370,ACCT-000457,B0221,557.98,2026-07-30T15:46:40+00:00
CCH-007371,ACCT-000094,B0221,534.57,2026-07-30T15:46:40+00:00
CCH-007372,ACCT-000394,B0221,307.09,2026-07-30T15:46:40+00:00
CCH-007373,ACCT-000352,B0221,815.58,2026-07-30T15:46:40+00:00
CCH-007374,ACCT-000159,B0221,74.29,2026-07-30T15:46:40+00:00
CCH-007375,ACCT-000634,B0221,714.59,2026-07-30T15:46:40+00:00
CCH-007376,ACCT-000364,B0221,700.6,2026-07-30T15:46:40+00:00
CCH-007377,ACCT-000204,B0221,225.55,2026-07-30T15:46:40+00:00
CCH-007378,ACCT-000447,B0221,875.51,2026-07-30T15:46:40+00:00
CCH-007379,ACCT-000375,B0221,304.72,2026-07-30T15:46:40+00:00
CCH-007380,ACCT-000542,B0221,462.23,2026-07-30T15:46:40+00:00
CCH-007381,ACCT-000448,B0221,702.31,2026-07-30T15:46:40+00:00
CCH-007382,ACCT-000213,B0221,669.07,2026-07-30T15:46:40+00:00
CCH-007383,ACCT-000527,B0221,267.07,2026-07-30T15:46:40+00:00
CCH-007384,ACCT-000396,B0221,262.22,2026-07-30T15:46:40+00:00
CCH-007385,ACCT-000302,B0221,1003.41,2026-07-30T15:46:40+00:00
CCH-007386,ACCT-000057,B0221,680.14,2026-07-30T15:46:40+00:00
CCH-007387,ACCT-000312,B0221,315.96,2026-07-30T15:46:40+00:00
CCH-007388,ACCT-000323,B0221,141.02,2026-07-30T15:46:40+00:00
CCH-007389,ACCT-000787,B0221,62.2,2026-07-30T15:46:40+00:00
CCH-007390,ACCT-000788,B0221,377.98,2026-07-30T15:46:40+00:00
CCH-007391,ACCT-000267,B0222,636.92,2026-07-30T17:17:19+00:00
CCH-007392,ACCT-000041,B0222,637.51,2026-07-30T17:17:19+00:00
CCH-007393,ACCT-000502,B0222,1053.57,2026-07-30T17:17:19+00:00
CCH-007394,ACCT-000312,B0222,667.33,2026-07-30T17:17:19+00:00
CCH-007395,ACCT-000260,B0222,439.66,2026-07-30T17:17:19+00:00
CCH-007396,ACCT-000458,B0222,-3.43,2026-07-30T17:17:19+00:00
CCH-007397,ACCT-000772,B0222,94.81,2026-07-30T17:17:19+00:00
CCH-007398,ACCT-000534,B0222,1101.69,2026-07-30T17:17:19+00:00
CCH-007399,ACCT-000529,B0222,367.15,2026-07-30T17:17:19+00:00
CCH-007400,ACCT-000152,B0222,584.35,2026-07-30T17:17:19+00:00
CCH-007401,ACCT-000250,B0222,824.0,2026-07-30T17:17:19+00:00
CCH-007402,ACCT-000462,B0222,300.46,2026-07-30T17:17:19+00:00
CCH-007403,ACCT-000084,B0222,712.22,2026-07-30T17:17:19+00:00
CCH-007404,ACCT-000036,B0222,76.97,2026-07-30T17:17:19+00:00
CCH-007405,ACCT-000208,B0222,932.02,2026-07-30T17:17:19+00:00
CCH-007406,ACCT-000591,B0222,222.89,2026-07-30T17:17:19+00:00
CCH-007407,ACCT-000525,B0222,391.33,2026-07-30T17:17:19+00:00
CCH-007408,ACCT-000762,B0222,80.93,2026-07-30T17:17:19+00:00
CCH-007409,ACCT-000255,B0222,754.75,2026-07-30T17:17:19+00:00
CCH-007410,ACCT-000262,B0222,650.42,2026-07-30T17:17:19+00:00
CCH-007411,ACCT-000355,B0222,360.93,2026-07-30T17:17:19+00:00
CCH-007412,ACCT-000678,B0222,126.17,2026-07-30T17:17:19+00:00
CCH-007413,ACCT-000715,B0222,382.36,2026-07-30T17:17:19+00:00
CCH-007414,ACCT-000613,B0222,234.11,2026-07-30T17:17:19+00:00
CCH-007415,ACCT-000589,B0222,841.93,2026-07-30T17:17:19+00:00
CCH-007416,ACCT-000338,B0222,153.98,2026-07-30T17:17:19+00:00
CCH-007417,ACCT-000658,B0222,757.18,2026-07-30T17:17:19+00:00
CCH-007418,ACCT-000091,B0222,312.19,2026-07-30T17:17:19+00:00
CCH-007419,ACCT-000789,B0222,686.75,2026-07-30T17:17:19+00:00
CCH-007420,ACCT-000790,B0222,683.26,2026-07-30T17:17:19+00:00
CCH-007421,ACCT-000791,B0222,137.02,2026-07-30T17:17:19+00:00
CCH-007422,ACCT-000792,B0222,820.51,2026-07-30T17:17:19+00:00
CCH-007423,ACCT-000634,B0223,886.05,2026-07-30T18:53:37+00:00
CCH-007424,ACCT-000588,B0223,270.08,2026-07-30T18:53:37+00:00
CCH-007425,ACCT-000766,B0223,747.19,2026-07-30T18:53:37+00:00
CCH-007426,ACCT-000770,B0223,814.4,2026-07-30T18:53:37+00:00
CCH-007427,ACCT-000708,B0223,513.77,2026-07-30T18:53:37+00:00
CCH-007428,ACCT-000475,B0223,488.17,2026-07-30T18:53:37+00:00
CCH-007429,ACCT-000466,B0223,554.88,2026-07-30T18:53:37+00:00
CCH-007430,ACCT-000006,B0223,800.29,2026-07-30T18:53:37+00:00
CCH-007431,ACCT-000749,B0223,205.99,2026-07-30T18:53:37+00:00
CCH-007432,ACCT-000236,B0223,542.53,2026-07-30T18:53:37+00:00
CCH-007433,ACCT-000552,B0223,273.56,2026-07-30T18:53:37+00:00
CCH-007434,ACCT-000218,B0223,1032.12,2026-07-30T18:53:37+00:00
CCH-007435,ACCT-000593,B0223,731.45,2026-07-30T18:53:37+00:00
CCH-007436,ACCT-000270,B0223,772.92,2026-07-30T18:53:37+00:00
CCH-007437,ACCT-000045,B0223,211.51,2026-07-30T18:53:37+00:00
CCH-007438,ACCT-000211,B0223,82.56,2026-07-30T18:53:37+00:00
CCH-007439,ACCT-000436,B0223,268.82,2026-07-30T18:53:37+00:00
CCH-007440,ACCT-000380,B0223,561.51,2026-07-30T18:53:37+00:00
CCH-007441,ACCT-000611,B0223,355.72,2026-07-30T18:53:37+00:00
CCH-007442,ACCT-000735,B0223,950.8,2026-07-30T18:53:37+00:00
CCH-007443,ACCT-000220,B0223,349.08,2026-07-30T18:53:37+00:00
CCH-007444,ACCT-000120,B0223,181.85,2026-07-30T18:53:37+00:00
CCH-007445,ACCT-000332,B0223,129.54,2026-07-30T18:53:37+00:00
CCH-007446,ACCT-000142,B0223,716.35,2026-07-30T18:53:37+00:00
CCH-007447,ACCT-000345,B0223,297.31,2026-07-30T18:53:37+00:00
CCH-007448,ACCT-000793,B0223,567.75,2026-07-30T18:53:37+00:00
CCH-007449,ACCT-000794,B0223,191.62,2026-07-30T18:53:37+00:00
CCH-007450,ACCT-000795,B0223,271.97,2026-07-30T18:53:37+00:00
CCH-007451,ACCT-000796,B0223,848.1,2026-07-30T18:53:37+00:00
CCH-007452,ACCT-000131,B0224,493.59,2026-07-30T20:12:12+00:00
CCH-007453,ACCT-000275,B0224,312.8,2026-07-30T20:12:12+00:00
CCH-007454,ACCT-000756,B0224,1044.61,2026-07-30T20:12:12+00:00
CCH-007455,ACCT-000345,B0224,681.01,2026-07-30T20:12:12+00:00
CCH-007456,ACCT-000500,B0224,489.14,2026-07-30T20:12:12+00:00
CCH-007457,ACCT-000656,B0224,188.66,2026-07-30T20:12:12+00:00
CCH-007458,ACCT-000732,B0224,597.99,2026-07-30T20:12:12+00:00
CCH-007459,ACCT-000196,B0224,692.64,2026-07-30T20:12:12+00:00
CCH-007460,ACCT-000041,B0224,424.65,2026-07-30T20:12:12+00:00
CCH-007461,ACCT-000022,B0224,1099.79,2026-07-30T20:12:12+00:00
CCH-007462,ACCT-000400,B0224,329.18,2026-07-30T20:12:12+00:00
CCH-007463,ACCT-000263,B0224,1049.43,2026-07-30T20:12:12+00:00
CCH-007464,ACCT-000516,B0224,463.19,2026-07-30T20:12:12+00:00
CCH-007465,ACCT-000257,B0224,282.96,2026-07-30T20:12:12+00:00
CCH-007466,ACCT-000662,B0224,389.42,2026-07-30T20:12:12+00:00
CCH-007467,ACCT-000668,B0224,701.96,2026-07-30T20:12:12+00:00
CCH-007468,ACCT-000070,B0224,731.65,2026-07-30T20:12:12+00:00
CCH-007469,ACCT-000776,B0224,785.23,2026-07-30T20:12:12+00:00
CCH-007470,ACCT-000675,B0224,1107.96,2026-07-30T20:12:12+00:00
CCH-007471,ACCT-000051,B0224,722.5,2026-07-30T20:12:12+00:00
CCH-007472,ACCT-000436,B0224,299.33,2026-07-30T20:12:12+00:00
CCH-007473,ACCT-000736,B0224,1091.44,2026-07-30T20:12:12+00:00
CCH-007474,ACCT-000281,B0224,603.99,2026-07-30T20:12:12+00:00
CCH-007475,ACCT-000692,B0224,1349.9,2026-07-30T20:12:12+00:00
CCH-007476,ACCT-000029,B0224,805.25,2026-07-30T20:12:12+00:00
CCH-007477,ACCT-000181,B0224,580.91,2026-07-30T20:12:12+00:00
CCH-007478,ACCT-000637,B0224,669.3,2026-07-30T20:12:12+00:00
CCH-007479,ACCT-000511,B0224,60.98,2026-07-30T20:12:12+00:00
CCH-007480,ACCT-000797,B0224,591.6,2026-07-30T20:12:12+00:00
CCH-007481,ACCT-000798,B0224,617.92,2026-07-30T20:12:12+00:00
CCH-007482,ACCT-000799,B0224,523.73,2026-07-30T20:12:12+00:00
CCH-007483,ACCT-000800,B0224,502.92,2026-07-30T20:12:12+00:00
CCH-007484,ACCT-000396,B0225,926.61,2026-07-30T21:40:20+00:00
CCH-007485,ACCT-000728,B0225,229.77,2026-07-30T21:40:20+00:00
CCH-007486,ACCT-000603,B0225,547.58,2026-07-30T21:40:20+00:00
CCH-007487,ACCT-000798,B0225,1049.33,2026-07-30T21:40:20+00:00
CCH-007488,ACCT-000062,B0225,146.69,2026-07-30T21:40:20+00:00
CCH-007489,ACCT-000359,B0225,630.28,2026-07-30T21:40:20+00:00
CCH-007490,ACCT-000565,B0225,715.51,2026-07-30T21:40:20+00:00
CCH-007491,ACCT-000609,B0225,271.09,2026-07-30T21:40:20+00:00
CCH-007492,ACCT-000491,B0225,599.81,2026-07-30T21:40:20+00:00
CCH-007493,ACCT-000167,B0225,1093.57,2026-07-30T21:40:20+00:00
CCH-007494,ACCT-000543,B0225,832.18,2026-07-30T21:40:20+00:00
CCH-007495,ACCT-000729,B0225,792.78,2026-07-30T21:40:20+00:00
CCH-007496,ACCT-000178,B0225,580.13,2026-07-30T21:40:20+00:00
CCH-007497,ACCT-000341,B0225,719.67,2026-07-30T21:40:20+00:00
CCH-007498,ACCT-000081,B0225,614.52,2026-07-30T21:40:20+00:00
CCH-007499,ACCT-000692,B0225,27.57,2026-07-30T21:40:20+00:00
CCH-007500,ACCT-000496,B0225,932.36,2026-07-30T21:40:20+00:00
CCH-007501,ACCT-000395,B0225,337.26,2026-07-30T21:40:20+00:00
CCH-007502,ACCT-000506,B0225,640.57,2026-07-30T21:40:20+00:00
CCH-007503,ACCT-000439,B0225,50.66,2026-07-30T21:40:20+00:00
CCH-007504,ACCT-000112,B0225,625.6,2026-07-30T21:40:20+00:00
CCH-007505,ACCT-000568,B0225,225.36,2026-07-30T21:40:20+00:00
CCH-007506,ACCT-000500,B0225,568.53,2026-07-30T21:40:20+00:00
CCH-007507,ACCT-000649,B0225,325.64,2026-07-30T21:40:20+00:00
CCH-007508,ACCT-000105,B0225,551.75,2026-07-30T21:40:20+00:00
CCH-007509,ACCT-000765,B0225,61.87,2026-07-30T21:40:20+00:00
CCH-007510,ACCT-000544,B0225,310.22,2026-07-30T21:40:20+00:00
CCH-007511,ACCT-000531,B0225,752.49,2026-07-30T21:40:20+00:00
CCH-007512,ACCT-000301,B0225,800.02,2026-07-30T21:40:20+00:00
CCH-007513,ACCT-000075,B0225,472.99,2026-07-30T21:40:20+00:00
CCH-007514,ACCT-000801,B0225,346.31,2026-07-30T21:40:20+00:00
CCH-007515,ACCT-000802,B0225,971.88,2026-07-30T21:40:20+00:00
CCH-007516,ACCT-000803,B0225,895.18,2026-07-30T21:40:20+00:00
CCH-007517,ACCT-000804,B0225,323.58,2026-07-30T21:40:20+00:00
CCH-007518,ACCT-000216,B0226,362.12,2026-07-30T22:57:50+00:00
CCH-007519,ACCT-000639,B0226,28.4,2026-07-30T22:57:50+00:00
CCH-007520,ACCT-000134,B0226,271.17,2026-07-30T22:57:50+00:00
CCH-007521,ACCT-000348,B0226,728.16,2026-07-30T22:57:50+00:00
CCH-007522,ACCT-000730,B0226,295.11,2026-07-30T22:57:50+00:00
CCH-007523,ACCT-000597,B0226,942.06,2026-07-30T22:57:50+00:00
CCH-007524,ACCT-000619,B0226,502.65,2026-07-30T22:57:50+00:00
CCH-007525,ACCT-000394,B0226,534.97,2026-07-30T22:57:50+00:00
CCH-007526,ACCT-000545,B0226,371.95,2026-07-30T22:57:50+00:00
CCH-007527,ACCT-000429,B0226,779.95,2026-07-30T22:57:50+00:00
CCH-007528,ACCT-000474,B0226,516.17,2026-07-30T22:57:50+00:00
CCH-007529,ACCT-000573,B0226,307.11,2026-07-30T22:57:50+00:00
CCH-007530,ACCT-000320,B0226,455.42,2026-07-30T22:57:50+00:00
CCH-007531,ACCT-000223,B0226,894.4,2026-07-30T22:57:50+00:00
CCH-007532,ACCT-000136,B0226,950.92,2026-07-30T22:57:50+00:00
CCH-007533,ACCT-000423,B0226,228.58,2026-07-30T22:57:50+00:00
CCH-007534,ACCT-000288,B0226,380.92,2026-07-30T22:57:50+00:00
CCH-007535,ACCT-000433,B0226,315.3,2026-07-30T22:57:50+00:00
CCH-007536,ACCT-000031,B0226,647.95,2026-07-30T22:57:50+00:00
CCH-007537,ACCT-000722,B0226,1055.87,2026-07-30T22:57:50+00:00
CCH-007538,ACCT-000052,B0226,886.73,2026-07-30T22:57:50+00:00
CCH-007539,ACCT-000110,B0226,972.93,2026-07-30T22:57:50+00:00
CCH-007540,ACCT-000428,B0226,445.62,2026-07-30T22:57:50+00:00
CCH-007541,ACCT-000351,B0226,388.53,2026-07-30T22:57:50+00:00
CCH-007542,ACCT-000451,B0226,853.23,2026-07-30T22:57:50+00:00
CCH-007543,ACCT-000526,B0226,734.83,2026-07-30T22:57:50+00:00
CCH-007544,ACCT-000638,B0226,234.94,2026-07-30T22:57:50+00:00
CCH-007545,ACCT-000153,B0226,698.87,2026-07-30T22:57:50+00:00
CCH-007546,ACCT-000805,B0226,330.5,2026-07-30T22:57:50+00:00
CCH-007547,ACCT-000806,B0226,956.88,2026-07-30T22:57:50+00:00
CCH-007548,ACCT-000273,B0227,583.91,2026-07-30T23:59:47+00:00
CCH-007549,ACCT-000266,B0227,744.84,2026-07-30T23:59:47+00:00
CCH-007550,ACCT-000004,B0227,407.89,2026-07-30T23:59:47+00:00
CCH-007551,ACCT-000218,B0227,534.02,2026-07-30T23:59:47+00:00
CCH-007552,ACCT-000781,B0227,779.35,2026-07-30T23:59:47+00:00
CCH-007553,ACCT-000101,B0227,765.99,2026-07-30T23:59:47+00:00
CCH-007554,ACCT-000773,B0227,672.8,2026-07-30T23:59:47+00:00
CCH-007555,ACCT-000624,B0227,346.58,2026-07-30T23:59:47+00:00
CCH-007556,ACCT-000377,B0227,1193.92,2026-07-30T23:59:47+00:00
CCH-007557,ACCT-000683,B0227,974.65,2026-07-30T23:59:47+00:00
CCH-007558,ACCT-000296,B0227,150.58,2026-07-30T23:59:47+00:00
CCH-007559,ACCT-000713,B0227,693.66,2026-07-30T23:59:47+00:00
CCH-007560,ACCT-000658,B0227,89.36,2026-07-30T23:59:47+00:00
CCH-007561,ACCT-000441,B0227,776.93,2026-07-30T23:59:47+00:00
CCH-007562,ACCT-000618,B0227,563.95,2026-07-30T23:59:47+00:00
CCH-007563,ACCT-000744,B0227,599.48,2026-07-30T23:59:47+00:00
CCH-007564,ACCT-000768,B0227,778.62,2026-07-30T23:59:47+00:00
CCH-007565,ACCT-000735,B0227,784.31,2026-07-30T23:59:47+00:00
CCH-007566,ACCT-000610,B0227,547.73,2026-07-30T23:59:47+00:00
CCH-007567,ACCT-000229,B0227,333.53,2026-07-30T23:59:47+00:00
CCH-007568,ACCT-000594,B0227,44.96,2026-07-30T23:59:47+00:00
CCH-007569,ACCT-000785,B0227,870.23,2026-07-30T23:59:47+00:00
CCH-007570,ACCT-000541,B0227,755.56,2026-07-30T23:59:47+00:00
CCH-007571,ACCT-000724,B0227,708.11,2026-07-30T23:59:47+00:00
CCH-007572,ACCT-000574,B0227,319.07,2026-07-30T23:59:47+00:00
CCH-007573,ACCT-000112,B0227,580.26,2026-07-30T23:59:47+00:00
CCH-007574,ACCT-000295,B0227,412.99,2026-07-30T23:59:47+00:00
CCH-007575,ACCT-000520,B0227,204.07,2026-07-30T23:59:47+00:00
CCH-007576,ACCT-000116,B0227,414.2,2026-07-30T23:59:47+00:00
CCH-007577,ACCT-000807,B0227,720.61,2026-07-30T23:59:47+00:00
CCH-007578,ACCT-000808,B0227,930.21,2026-07-30T23:59:47+00:00
CCH-007579,ACCT-000809,B0227,339.34,2026-07-30T23:59:47+00:00
CCH-007580,ACCT-000675,B0228,399.9,2026-07-31T03:19:22+00:00
CCH-007581,ACCT-000688,B0228,51.93,2026-07-31T03:19:22+00:00
CCH-007582,ACCT-000718,B0228,820.67,2026-07-31T03:19:22+00:00
CCH-007583,ACCT-000093,B0228,270.79,2026-07-31T03:19:22+00:00
CCH-007584,ACCT-000195,B0228,621.26,2026-07-31T03:19:22+00:00
CCH-007585,ACCT-000644,B0228,363.47,2026-07-31T03:19:22+00:00
CCH-007586,ACCT-000783,B0228,1092.49,2026-07-31T03:19:22+00:00
CCH-007587,ACCT-000542,B0228,334.45,2026-07-31T03:19:22+00:00
CCH-007588,ACCT-000454,B0228,831.36,2026-07-31T03:19:22+00:00
CCH-007589,ACCT-000292,B0228,856.56,2026-07-31T03:19:22+00:00
CCH-007590,ACCT-000551,B0228,127.5,2026-07-31T03:19:22+00:00
CCH-007591,ACCT-000150,B0228,519.06,2026-07-31T03:19:22+00:00
CCH-007592,ACCT-000493,B0228,910.7,2026-07-31T03:19:22+00:00
CCH-007593,ACCT-000383,B0228,984.49,2026-07-31T03:19:22+00:00
CCH-007594,ACCT-000673,B0228,651.46,2026-07-31T03:19:22+00:00
CCH-007595,ACCT-000361,B0228,1165.97,2026-07-31T03:19:22+00:00
CCH-007596,ACCT-000277,B0228,507.09,2026-07-31T03:19:22+00:00
CCH-007597,ACCT-000331,B0228,545.72,2026-07-31T03:19:22+00:00
CCH-007598,ACCT-000538,B0228,143.28,2026-07-31T03:19:22+00:00
CCH-007599,ACCT-000565,B0228,481.99,2026-07-31T03:19:22+00:00
CCH-007600,ACCT-000217,B0228,113.76,2026-07-31T03:19:22+00:00
CCH-007601,ACCT-000198,B0228,844.06,2026-07-31T03:19:22+00:00
CCH-007602,ACCT-000476,B0228,321.67,2026-07-31T03:19:22+00:00
CCH-007603,ACCT-000744,B0228,316.92,2026-07-31T03:19:22+00:00
CCH-007604,ACCT-000479,B0228,1218.98,2026-07-31T03:19:22+00:00
CCH-007605,ACCT-000205,B0228,1032.37,2026-07-31T03:19:22+00:00
CCH-007606,ACCT-000121,B0228,773.64,2026-07-31T03:19:22+00:00
CCH-007607,ACCT-000695,B0228,495.83,2026-07-31T03:19:22+00:00
CCH-007608,ACCT-000199,B0228,1123.4,2026-07-31T03:19:22+00:00
CCH-007609,ACCT-000245,B0228,126.74,2026-07-31T03:19:22+00:00
CCH-007610,ACCT-000439,B0228,285.66,2026-07-31T03:19:22+00:00
CCH-007611,ACCT-000407,B0228,546.91,2026-07-31T03:19:22+00:00
CCH-007612,ACCT-000345,B0228,783.98,2026-07-31T03:19:22+00:00
CCH-007613,ACCT-000810,B0228,1034.46,2026-07-31T03:19:22+00:00
CCH-007614,ACCT-000811,B0228,1166.19,2026-07-31T03:19:22+00:00
CCH-007615,ACCT-000812,B0228,780.22,2026-07-31T03:19:22+00:00
CCH-007616,ACCT-000724,B0229,343.43,2026-07-31T06:28:26+00:00
CCH-007617,ACCT-000072,B0229,458.17,2026-07-31T06:28:26+00:00
CCH-007618,ACCT-000538,B0229,757.94,2026-07-31T06:28:26+00:00
CCH-007619,ACCT-000055,B0229,349.72,2026-07-31T06:28:26+00:00
CCH-007620,ACCT-000467,B0229,411.65,2026-07-31T06:28:26+00:00
CCH-007621,ACCT-000550,B0229,932.95,2026-07-31T06:28:26+00:00
CCH-007622,ACCT-000312,B0229,804.75,2026-07-31T06:28:26+00:00
CCH-007623,ACCT-000602,B0229,691.63,2026-07-31T06:28:26+00:00
CCH-007624,ACCT-000648,B0229,26.61,2026-07-31T06:28:26+00:00
CCH-007625,ACCT-000776,B0229,926.9,2026-07-31T06:28:26+00:00
CCH-007626,ACCT-000198,B0229,215.03,2026-07-31T06:28:26+00:00
CCH-007627,ACCT-000270,B0229,456.77,2026-07-31T06:28:26+00:00
CCH-007628,ACCT-000231,B0229,592.44,2026-07-31T06:28:26+00:00
CCH-007629,ACCT-000686,B0229,910.61,2026-07-31T06:28:26+00:00
CCH-007630,ACCT-000576,B0229,625.99,2026-07-31T06:28:26+00:00
CCH-007631,ACCT-000184,B0229,432.1,2026-07-31T06:28:26+00:00
CCH-007632,ACCT-000601,B0229,858.29,2026-07-31T06:28:26+00:00
CCH-007633,ACCT-000414,B0229,314.04,2026-07-31T06:28:26+00:00
CCH-007634,ACCT-000802,B0229,659.0,2026-07-31T06:28:26+00:00
CCH-007635,ACCT-000485,B0229,61.53,2026-07-31T06:28:26+00:00
CCH-007636,ACCT-000496,B0229,471.7,2026-07-31T06:28:26+00:00
CCH-007637,ACCT-000028,B0229,620.68,2026-07-31T06:28:26+00:00
CCH-007638,ACCT-000078,B0229,694.5,2026-07-31T06:28:26+00:00
CCH-007639,ACCT-000681,B0229,961.39,2026-07-31T06:28:26+00:00
CCH-007640,ACCT-000544,B0229,393.4,2026-07-31T06:28:26+00:00
CCH-007641,ACCT-000541,B0229,962.81,2026-07-31T06:28:26+00:00
CCH-007642,ACCT-000478,B0229,426.14,2026-07-31T06:28:26+00:00
CCH-007643,ACCT-000813,B0229,849.52,2026-07-31T06:28:26+00:00
CCH-007644,ACCT-000814,B0229,363.4,2026-07-31T06:28:26+00:00
CCH-007645,ACCT-000815,B0229,240.1,2026-07-31T06:28:26+00:00
CCH-007646,ACCT-000816,B0229,395.82,2026-07-31T06:28:26+00:00
CCH-007647,ACCT-000519,B0230,698.31,2026-07-31T09:24:47+00:00
CCH-007648,ACCT-000696,B0230,302.4,2026-07-31T09:24:47+00:00
CCH-007649,ACCT-000172,B0230,289.71,2026-07-31T09:24:47+00:00
CCH-007650,ACCT-000347,B0230,646.04,2026-07-31T09:24:47+00:00
CCH-007651,ACCT-000752,B0230,144.68,2026-07-31T09:24:47+00:00
CCH-007652,ACCT-000198,B0230,690.58,2026-07-31T09:24:47+00:00
CCH-007653,ACCT-000359,B0230,88.41,2026-07-31T09:24:47+00:00
CCH-007654,ACCT-000205,B0230,211.22,2026-07-31T09:24:47+00:00
CCH-007655,ACCT-000323,B0230,912.69,2026-07-31T09:24:47+00:00
CCH-007656,ACCT-000218,B0230,640.47,2026-07-31T09:24:47+00:00
CCH-007657,ACCT-000044,B0230,157.09,2026-07-31T09:24:47+00:00
CCH-007658,ACCT-000278,B0230,308.52,2026-07-31T09:24:47+00:00
CCH-007659,ACCT-000302,B0230,192.13,2026-07-31T09:24:47+00:00
CCH-007660,ACCT-000254,B0230,298.44,2026-07-31T09:24:47+00:00
CCH-007661,ACCT-000795,B0230,605.07,2026-07-31T09:24:47+00:00
CCH-007662,ACCT-000571,B0230,1284.27,2026-07-31T09:24:47+00:00
CCH-007663,ACCT-000454,B0230,269.84,2026-07-31T09:24:47+00:00
CCH-007664,ACCT-000649,B0230,1042.4,2026-07-31T09:24:47+00:00
CCH-007665,ACCT-000495,B0230,502.49,2026-07-31T09:24:47+00:00
CCH-007666,ACCT-000797,B0230,927.45,2026-07-31T09:24:47+00:00
CCH-007667,ACCT-000637,B0230,481.1,2026-07-31T09:24:47+00:00
CCH-007668,ACCT-000600,B0230,499.66,2026-07-31T09:24:47+00:00
CCH-007669,ACCT-000015,B0230,199.61,2026-07-31T09:24:47+00:00
CCH-007670,ACCT-000289,B0230,1056.04,2026-07-31T09:24:47+00:00
CCH-007671,ACCT-000504,B0230,539.3,2026-07-31T09:24:47+00:00
CCH-007672,ACCT-000164,B0230,666.23,2026-07-31T09:24:47+00:00
CCH-007673,ACCT-000351,B0230,820.76,2026-07-31T09:24:47+00:00
CCH-007674,ACCT-000817,B0230,67.53,2026-07-31T09:24:47+00:00
CCH-007675,ACCT-000818,B0230,267.92,2026-07-31T09:24:47+00:00
CCH-007676,ACCT-000136,B0231,802.58,2026-07-31T11:37:38+00:00
CCH-007677,ACCT-000265,B0231,601.23,2026-07-31T11:37:38+00:00
CCH-007678,ACCT-000350,B0231,694.87,2026-07-31T11:37:38+00:00
CCH-007679,ACCT-000383,B0231,771.33,2026-07-31T11:37:38+00:00
CCH-007680,ACCT-000487,B0231,53.75,2026-07-31T11:37:38+00:00
CCH-007681,ACCT-000390,B0231,1058.18,2026-07-31T11:37:38+00:00
CCH-007682,ACCT-000217,B0231,775.13,2026-07-31T11:37:38+00:00
CCH-007683,ACCT-000683,B0231,611.82,2026-07-31T11:37:38+00:00
CCH-007684,ACCT-000179,B0231,321.65,2026-07-31T11:37:38+00:00
CCH-007685,ACCT-000637,B0231,413.05,2026-07-31T11:37:38+00:00
CCH-007686,ACCT-000470,B0231,315.22,2026-07-31T11:37:38+00:00
CCH-007687,ACCT-000059,B0231,412.46,2026-07-31T11:37:38+00:00
CCH-007688,ACCT-000221,B0231,34.53,2026-07-31T11:37:38+00:00
CCH-007689,ACCT-000004,B0231,424.88,2026-07-31T11:37:38+00:00
CCH-007690,ACCT-000716,B0231,864.12,2026-07-31T11:37:38+00:00
CCH-007691,ACCT-000323,B0231,663.25,2026-07-31T11:37:38+00:00
CCH-007692,ACCT-000514,B0231,801.89,2026-07-31T11:37:38+00:00
CCH-007693,ACCT-000212,B0231,436.78,2026-07-31T11:37:38+00:00
CCH-007694,ACCT-000581,B0231,485.93,2026-07-31T11:37:38+00:00
CCH-007695,ACCT-000459,B0231,138.8,2026-07-31T11:37:38+00:00
CCH-007696,ACCT-000815,B0231,142.84,2026-07-31T11:37:38+00:00
CCH-007697,ACCT-000625,B0231,523.63,2026-07-31T11:37:38+00:00
CCH-007698,ACCT-000385,B0231,414.23,2026-07-31T11:37:38+00:00
CCH-007699,ACCT-000482,B0231,151.54,2026-07-31T11:37:38+00:00
CCH-007700,ACCT-000124,B0231,578.12,2026-07-31T11:37:38+00:00
CCH-007701,ACCT-000819,B0231,840.79,2026-07-31T11:37:38+00:00
CCH-007702,ACCT-000820,B0231,1213.46,2026-07-31T11:37:38+00:00
CCH-007703,ACCT-000821,B0231,572.78,2026-07-31T11:37:38+00:00
CCH-007704,ACCT-000631,B0232,960.41,2026-07-31T13:44:53+00:00
CCH-007705,ACCT-000582,B0232,201.29,2026-07-31T13:44:53+00:00
CCH-007706,ACCT-000707,B0232,525.86,2026-07-31T13:44:53+00:00
CCH-007707,ACCT-000322,B0232,545.53,2026-07-31T13:44:53+00:00
CCH-007708,ACCT-000712,B0232,424.76,2026-07-31T13:44:53+00:00
CCH-007709,ACCT-000635,B0232,787.0,2026-07-31T13:44:53+00:00
CCH-007710,ACCT-000745,B0232,543.93,2026-07-31T13:44:53+00:00
CCH-007711,ACCT-000026,B0232,1402.33,2026-07-31T13:44:53+00:00
CCH-007712,ACCT-000701,B0232,708.53,2026-07-31T13:44:53+00:00
CCH-007713,ACCT-000493,B0232,295.79,2026-07-31T13:44:53+00:00
CCH-007714,ACCT-000614,B0232,252.37,2026-07-31T13:44:53+00:00
CCH-007715,ACCT-000147,B0232,842.64,2026-07-31T13:44:53+00:00
CCH-007716,ACCT-000729,B0232,693.53,2026-07-31T13:44:53+00:00
CCH-007717,ACCT-000155,B0232,664.27,2026-07-31T13:44:53+00:00
CCH-007718,ACCT-000260,B0232,892.87,2026-07-31T13:44:53+00:00
CCH-007719,ACCT-000618,B0232,414.51,2026-07-31T13:44:53+00:00
CCH-007720,ACCT-000468,B0232,304.9,2026-07-31T13:44:53+00:00
CCH-007721,ACCT-000779,B0232,731.02,2026-07-31T13:44:53+00:00
CCH-007722,ACCT-000119,B0232,520.82,2026-07-31T13:44:53+00:00
CCH-007723,ACCT-000577,B0232,734.26,2026-07-31T13:44:53+00:00
CCH-007724,ACCT-000065,B0232,503.36,2026-07-31T13:44:53+00:00
CCH-007725,ACCT-000747,B0232,245.97,2026-07-31T13:44:53+00:00
CCH-007726,ACCT-000517,B0232,417.2,2026-07-31T13:44:53+00:00
CCH-007727,ACCT-000679,B0232,792.11,2026-07-31T13:44:53+00:00
CCH-007728,ACCT-000138,B0232,1087.76,2026-07-31T13:44:53+00:00
CCH-007729,ACCT-000158,B0232,359.19,2026-07-31T13:44:53+00:00
CCH-007730,ACCT-000357,B0232,377.96,2026-07-31T13:44:53+00:00
CCH-007731,ACCT-000597,B0232,638.68,2026-07-31T13:44:53+00:00
CCH-007732,ACCT-000473,B0232,348.0,2026-07-31T13:44:53+00:00
CCH-007733,ACCT-000221,B0232,223.77,2026-07-31T13:44:53+00:00
CCH-007734,ACCT-000443,B0232,532.77,2026-07-31T13:44:53+00:00
CCH-007735,ACCT-000822,B0232,899.77,2026-07-31T13:44:53+00:00
CCH-007736,ACCT-000823,B0232,356.91,2026-07-31T13:44:53+00:00
CCH-007737,ACCT-000824,B0232,302.87,2026-07-31T13:44:53+00:00
CCH-007738,ACCT-000739,B0233,582.16,2026-07-31T15:56:36+00:00
CCH-007739,ACCT-000760,B0233,392.13,2026-07-31T15:56:36+00:00
CCH-007740,ACCT-000803,B0233,440.39,2026-07-31T15:56:36+00:00
CCH-007741,ACCT-000570,B0233,518.05,2026-07-31T15:56:36+00:00
CCH-007742,ACCT-000290,B0233,241.12,2026-07-31T15:56:36+00:00
CCH-007743,ACCT-000308,B0233,252.0,2026-07-31T15:56:36+00:00
CCH-007744,ACCT-000356,B0233,773.58,2026-07-31T15:56:36+00:00
CCH-007745,ACCT-000748,B0233,933.34,2026-07-31T15:56:36+00:00
CCH-007746,ACCT-000206,B0233,285.31,2026-07-31T15:56:36+00:00
CCH-007747,ACCT-000547,B0233,157.55,2026-07-31T15:56:36+00:00
CCH-007748,ACCT-000629,B0233,1162.59,2026-07-31T15:56:36+00:00
CCH-007749,ACCT-000484,B0233,803.93,2026-07-31T15:56:36+00:00
CCH-007750,ACCT-000209,B0233,492.35,2026-07-31T15:56:36+00:00
CCH-007751,ACCT-000454,B0233,806.66,2026-07-31T15:56:36+00:00
CCH-007752,ACCT-000678,B0233,612.89,2026-07-31T15:56:36+00:00
CCH-007753,ACCT-000391,B0233,1102.07,2026-07-31T15:56:36+00:00
CCH-007754,ACCT-000030,B0233,558.14,2026-07-31T15:56:36+00:00
CCH-007755,ACCT-000412,B0233,161.5,2026-07-31T15:56:36+00:00
CCH-007756,ACCT-000020,B0233,625.79,2026-07-31T15:56:36+00:00
CCH-007757,ACCT-000668,B0233,409.08,2026-07-31T15:56:36+00:00
CCH-007758,ACCT-000759,B0233,62.85,2026-07-31T15:56:36+00:00
CCH-007759,ACCT-000076,B0233,309.65,2026-07-31T15:56:36+00:00
CCH-007760,ACCT-000718,B0233,557.04,2026-07-31T15:56:36+00:00
CCH-007761,ACCT-000632,B0233,136.56,2026-07-31T15:56:36+00:00
CCH-007762,ACCT-000021,B0233,218.04,2026-07-31T15:56:36+00:00
CCH-007763,ACCT-000588,B0233,584.46,2026-07-31T15:56:36+00:00
CCH-007764,ACCT-000388,B0233,387.23,2026-07-31T15:56:36+00:00
CCH-007765,ACCT-000332,B0233,251.53,2026-07-31T15:56:36+00:00
CCH-007766,ACCT-000491,B0233,686.78,2026-07-31T15:56:36+00:00
CCH-007767,ACCT-000733,B0233,226.34,2026-07-31T15:56:36+00:00
CCH-007768,ACCT-000271,B0233,574.92,2026-07-31T15:56:36+00:00
CCH-007769,ACCT-000382,B0233,1016.29,2026-07-31T15:56:36+00:00
CCH-007770,ACCT-000666,B0233,618.51,2026-07-31T15:56:36+00:00
CCH-007771,ACCT-000825,B0233,339.94,2026-07-31T15:56:36+00:00
CCH-007772,ACCT-000826,B0233,712.19,2026-07-31T15:56:36+00:00
CCH-007773,ACCT-000827,B0233,641.21,2026-07-31T15:56:36+00:00
CCH-007774,ACCT-000215,B0234,258.74,2026-07-31T17:23:41+00:00
CCH-007775,ACCT-000032,B0234,22.25,2026-07-31T17:23:41+00:00
CCH-007776,ACCT-000280,B0234,418.57,2026-07-31T17:23:41+00:00
CCH-007777,ACCT-000572,B0234,973.08,2026-07-31T17:23:41+00:00
CCH-007778,ACCT-000279,B0234,853.87,2026-07-31T17:23:41+00:00
CCH-007779,ACCT-000545,B0234,469.27,2026-07-31T17:23:41+00:00
CCH-007780,ACCT-000675,B0234,320.68,2026-07-31T17:23:41+00:00
CCH-007781,ACCT-000588,B0234,966.26,2026-07-31T17:23:41+00:00
CCH-007782,ACCT-000499,B0234,316.39,2026-07-31T17:23:41+00:00
CCH-007783,ACCT-000761,B0234,513.32,2026-07-31T17:23:41+00:00
CCH-007784,ACCT-000631,B0234,662.13,2026-07-31T17:23:41+00:00
CCH-007785,ACCT-000770,B0234,181.07,2026-07-31T17:23:41+00:00
CCH-007786,ACCT-000686,B0234,322.06,2026-07-31T17:23:41+00:00
CCH-007787,ACCT-000522,B0234,1085.71,2026-07-31T17:23:41+00:00
CCH-007788,ACCT-000681,B0234,419.59,2026-07-31T17:23:41+00:00
CCH-007789,ACCT-000108,B0234,555.1,2026-07-31T17:23:41+00:00
CCH-007790,ACCT-000789,B0234,696.59,2026-07-31T17:23:41+00:00
CCH-007791,ACCT-000194,B0234,898.83,2026-07-31T17:23:41+00:00
CCH-007792,ACCT-000660,B0234,720.86,2026-07-31T17:23:41+00:00
CCH-007793,ACCT-000779,B0234,448.85,2026-07-31T17:23:41+00:00
CCH-007794,ACCT-000777,B0234,803.78,2026-07-31T17:23:41+00:00
CCH-007795,ACCT-000813,B0234,383.86,2026-07-31T17:23:41+00:00
CCH-007796,ACCT-000544,B0234,605.69,2026-07-31T17:23:41+00:00
CCH-007797,ACCT-000060,B0234,473.69,2026-07-31T17:23:41+00:00
CCH-007798,ACCT-000647,B0234,782.98,2026-07-31T17:23:41+00:00
CCH-007799,ACCT-000237,B0234,113.42,2026-07-31T17:23:41+00:00
CCH-007800,ACCT-000578,B0234,1152.64,2026-07-31T17:23:41+00:00
CCH-007801,ACCT-000489,B0234,277.79,2026-07-31T17:23:41+00:00
CCH-007802,ACCT-000828,B0234,1065.63,2026-07-31T17:23:41+00:00
CCH-007803,ACCT-000829,B0234,612.19,2026-07-31T17:23:41+00:00
CCH-007804,ACCT-000830,B0234,787.05,2026-07-31T17:23:41+00:00
CCH-007805,ACCT-000831,B0234,762.58,2026-07-31T17:23:41+00:00
CCH-007806,ACCT-000756,B0235,890.08,2026-07-31T18:50:57+00:00
CCH-007807,ACCT-000069,B0235,1095.34,2026-07-31T18:50:57+00:00
CCH-007808,ACCT-000773,B0235,727.53,2026-07-31T18:50:57+00:00
CCH-007809,ACCT-000695,B0235,668.53,2026-07-31T18:50:57+00:00
CCH-007810,ACCT-000702,B0235,900.15,2026-07-31T18:50:57+00:00
CCH-007811,ACCT-000260,B0235,651.72,2026-07-31T18:50:57+00:00
CCH-007812,ACCT-000696,B0235,669.56,2026-07-31T18:50:57+00:00
CCH-007813,ACCT-000733,B0235,311.61,2026-07-31T18:50:57+00:00
CCH-007814,ACCT-000739,B0235,434.82,2026-07-31T18:50:57+00:00
CCH-007815,ACCT-000653,B0235,588.35,2026-07-31T18:50:57+00:00
CCH-007816,ACCT-000517,B0235,171.99,2026-07-31T18:50:57+00:00
CCH-007817,ACCT-000800,B0235,252.07,2026-07-31T18:50:57+00:00
CCH-007818,ACCT-000383,B0235,529.46,2026-07-31T18:50:57+00:00
CCH-007819,ACCT-000682,B0235,700.81,2026-07-31T18:50:57+00:00
CCH-007820,ACCT-000207,B0235,1034.54,2026-07-31T18:50:57+00:00
CCH-007821,ACCT-000504,B0235,784.64,2026-07-31T18:50:57+00:00
CCH-007822,ACCT-000747,B0235,146.57,2026-07-31T18:50:57+00:00
CCH-007823,ACCT-000323,B0235,782.26,2026-07-31T18:50:57+00:00
CCH-007824,ACCT-000085,B0235,580.96,2026-07-31T18:50:57+00:00
CCH-007825,ACCT-000077,B0235,879.32,2026-07-31T18:50:57+00:00
CCH-007826,ACCT-000550,B0235,1161.64,2026-07-31T18:50:57+00:00
CCH-007827,ACCT-000121,B0235,335.75,2026-07-31T18:50:57+00:00
CCH-007828,ACCT-000303,B0235,1009.44,2026-07-31T18:50:57+00:00
CCH-007829,ACCT-000329,B0235,918.04,2026-07-31T18:50:57+00:00
CCH-007830,ACCT-000380,B0235,69.68,2026-07-31T18:50:57+00:00
CCH-007831,ACCT-000832,B0235,346.48,2026-07-31T18:50:57+00:00
CCH-007832,ACCT-000833,B0235,653.98,2026-07-31T18:50:57+00:00
CCH-007833,ACCT-000834,B0235,673.3,2026-07-31T18:50:57+00:00
CCH-007834,ACCT-000835,B0235,603.66,2026-07-31T18:50:57+00:00
CCH-007835,ACCT-000439,B0236,502.61,2026-07-31T20:15:34+00:00
CCH-007836,ACCT-000683,B0236,358.33,2026-07-31T20:15:34+00:00
CCH-007837,ACCT-000482,B0236,1007.79,2026-07-31T20:15:34+00:00
CCH-007838,ACCT-000023,B0236,634.11,2026-07-31T20:15:34+00:00
CCH-007839,ACCT-000600,B0236,1201.83,2026-07-31T20:15:34+00:00
CCH-007840,ACCT-000200,B0236,886.39,2026-07-31T20:15:34+00:00
CCH-007841,ACCT-000518,B0236,324.94,2026-07-31T20:15:34+00:00
CCH-007842,ACCT-000303,B0236,278.12,2026-07-31T20:15:34+00:00
CCH-007843,ACCT-000179,B0236,520.03,2026-07-31T20:15:34+00:00
CCH-007844,ACCT-000241,B0236,691.93,2026-07-31T20:15:34+00:00
CCH-007845,ACCT-000806,B0236,266.6,2026-07-31T20:15:34+00:00
CCH-007846,ACCT-000174,B0236,480.2,2026-07-31T20:15:34+00:00
CCH-007847,ACCT-000118,B0236,633.63,2026-07-31T20:15:34+00:00
CCH-007848,ACCT-000774,B0236,451.34,2026-07-31T20:15:34+00:00
CCH-007849,ACCT-000443,B0236,915.22,2026-07-31T20:15:34+00:00
CCH-007850,ACCT-000639,B0236,801.38,2026-07-31T20:15:34+00:00
CCH-007851,ACCT-000606,B0236,614.76,2026-07-31T20:15:34+00:00
CCH-007852,ACCT-000499,B0236,804.11,2026-07-31T20:15:34+00:00
CCH-007853,ACCT-000082,B0236,358.06,2026-07-31T20:15:34+00:00
CCH-007854,ACCT-000773,B0236,463.06,2026-07-31T20:15:34+00:00
CCH-007855,ACCT-000363,B0236,793.98,2026-07-31T20:15:34+00:00
CCH-007856,ACCT-000055,B0236,783.71,2026-07-31T20:15:34+00:00
CCH-007857,ACCT-000137,B0236,236.52,2026-07-31T20:15:34+00:00
CCH-007858,ACCT-000204,B0236,1117.8,2026-07-31T20:15:34+00:00
CCH-007859,ACCT-000677,B0236,577.2,2026-07-31T20:15:34+00:00
CCH-007860,ACCT-000344,B0236,464.27,2026-07-31T20:15:34+00:00
CCH-007861,ACCT-000742,B0236,694.02,2026-07-31T20:15:34+00:00
CCH-007862,ACCT-000369,B0236,614.63,2026-07-31T20:15:34+00:00
CCH-007863,ACCT-000631,B0236,673.7,2026-07-31T20:15:34+00:00
CCH-007864,ACCT-000170,B0236,628.59,2026-07-31T20:15:34+00:00
CCH-007865,ACCT-000836,B0236,467.71,2026-07-31T20:15:34+00:00
CCH-007866,ACCT-000837,B0236,651.56,2026-07-31T20:15:34+00:00
CCH-007867,ACCT-000838,B0236,228.49,2026-07-31T20:15:34+00:00
CCH-007868,ACCT-000652,B0237,580.28,2026-07-31T21:35:30+00:00
CCH-007869,ACCT-000706,B0237,201.83,2026-07-31T21:35:30+00:00
CCH-007870,ACCT-000719,B0237,629.83,2026-07-31T21:35:30+00:00
CCH-007871,ACCT-000405,B0237,199.43,2026-07-31T21:35:30+00:00
CCH-007872,ACCT-000275,B0237,907.82,2026-07-31T21:35:30+00:00
CCH-007873,ACCT-000478,B0237,898.52,2026-07-31T21:35:30+00:00
CCH-007874,ACCT-000347,B0237,40.96,2026-07-31T21:35:30+00:00
CCH-007875,ACCT-000003,B0237,542.25,2026-07-31T21:35:30+00:00
CCH-007876,ACCT-000250,B0237,433.06,2026-07-31T21:35:30+00:00
CCH-007877,ACCT-000392,B0237,966.61,2026-07-31T21:35:30+00:00
CCH-007878,ACCT-000661,B0237,963.36,2026-07-31T21:35:30+00:00
CCH-007879,ACCT-000537,B0237,943.79,2026-07-31T21:35:30+00:00
CCH-007880,ACCT-000088,B0237,884.07,2026-07-31T21:35:30+00:00
CCH-007881,ACCT-000762,B0237,1014.7,2026-07-31T21:35:30+00:00
CCH-007882,ACCT-000545,B0237,804.14,2026-07-31T21:35:30+00:00
CCH-007883,ACCT-000493,B0237,1027.24,2026-07-31T21:35:30+00:00
CCH-007884,ACCT-000594,B0237,268.74,2026-07-31T21:35:30+00:00
CCH-007885,ACCT-000684,B0237,164.76,2026-07-31T21:35:30+00:00
CCH-007886,ACCT-000168,B0237,654.41,2026-07-31T21:35:30+00:00
CCH-007887,ACCT-000029,B0237,638.79,2026-07-31T21:35:30+00:00
CCH-007888,ACCT-000342,B0237,168.08,2026-07-31T21:35:30+00:00
CCH-007889,ACCT-000263,B0237,746.3,2026-07-31T21:35:30+00:00
CCH-007890,ACCT-000151,B0237,660.26,2026-07-31T21:35:30+00:00
CCH-007891,ACCT-000780,B0237,607.06,2026-07-31T21:35:30+00:00
CCH-007892,ACCT-000306,B0237,392.01,2026-07-31T21:35:30+00:00
CCH-007893,ACCT-000709,B0237,698.81,2026-07-31T21:35:30+00:00
CCH-007894,ACCT-000839,B0237,127.96,2026-07-31T21:35:30+00:00
CCH-007895,ACCT-000840,B0237,957.83,2026-07-31T21:35:30+00:00
CCH-007896,ACCT-000841,B0237,795.17,2026-07-31T21:35:30+00:00
CCH-007897,ACCT-000083,B0238,593.22,2026-07-31T22:53:48+00:00
CCH-007898,ACCT-000240,B0238,180.41,2026-07-31T22:53:48+00:00
CCH-007899,ACCT-000377,B0238,600.59,2026-07-31T22:53:48+00:00
CCH-007900,ACCT-000237,B0238,336.28,2026-07-31T22:53:48+00:00
CCH-007901,ACCT-000547,B0238,530.11,2026-07-31T22:53:48+00:00
CCH-007902,ACCT-000445,B0238,706.41,2026-07-31T22:53:48+00:00
CCH-007903,ACCT-000156,B0238,196.83,2026-07-31T22:53:48+00:00
CCH-007904,ACCT-000217,B0238,487.8,2026-07-31T22:53:48+00:00
CCH-007905,ACCT-000137,B0238,903.46,2026-07-31T22:53:48+00:00
CCH-007906,ACCT-000747,B0238,549.58,2026-07-31T22:53:48+00:00
CCH-007907,ACCT-000370,B0238,933.14,2026-07-31T22:53:48+00:00
CCH-007908,ACCT-000175,B0238,285.36,2026-07-31T22:53:48+00:00
CCH-007909,ACCT-000161,B0238,61.57,2026-07-31T22:53:48+00:00
CCH-007910,ACCT-000056,B0238,704.51,2026-07-31T22:53:48+00:00
CCH-007911,ACCT-000674,B0238,840.64,2026-07-31T22:53:48+00:00
CCH-007912,ACCT-000380,B0238,843.04,2026-07-31T22:53:48+00:00
CCH-007913,ACCT-000187,B0238,419.88,2026-07-31T22:53:48+00:00
CCH-007914,ACCT-000705,B0238,674.73,2026-07-31T22:53:48+00:00
CCH-007915,ACCT-000793,B0238,1161.02,2026-07-31T22:53:48+00:00
CCH-007916,ACCT-000303,B0238,78.73,2026-07-31T22:53:48+00:00
CCH-007917,ACCT-000584,B0238,787.04,2026-07-31T22:53:48+00:00
CCH-007918,ACCT-000080,B0238,235.99,2026-07-31T22:53:48+00:00
CCH-007919,ACCT-000831,B0238,726.51,2026-07-31T22:53:48+00:00
CCH-007920,ACCT-000253,B0238,1078.76,2026-07-31T22:53:48+00:00
CCH-007921,ACCT-000358,B0238,469.23,2026-07-31T22:53:48+00:00
CCH-007922,ACCT-000422,B0238,1031.14,2026-07-31T22:53:48+00:00
CCH-007923,ACCT-000842,B0238,831.16,2026-07-31T22:53:48+00:00
CCH-007924,ACCT-000843,B0238,193.5,2026-07-31T22:53:48+00:00
CCH-007925,ACCT-000844,B0238,630.46,2026-07-31T22:53:48+00:00
CCH-007926,ACCT-000845,B0238,400.07,2026-07-31T22:53:48+00:00
CCH-007927,ACCT-000784,B0239,348.71,2026-07-31T23:55:05+00:00
CCH-007928,ACCT-000473,B0239,40.11,2026-07-31T23:55:05+00:00
CCH-007929,ACCT-000130,B0239,810.45,2026-07-31T23:55:05+00:00
CCH-007930,ACCT-000028,B0239,254.88,2026-07-31T23:55:05+00:00
CCH-007931,ACCT-000250,B0239,281.84,2026-07-31T23:55:05+00:00
CCH-007932,ACCT-000187,B0239,615.64,2026-07-31T23:55:05+00:00
CCH-007933,ACCT-000683,B0239,561.54,2026-07-31T23:55:05+00:00
CCH-007934,ACCT-000255,B0239,775.1,2026-07-31T23:55:05+00:00
CCH-007935,ACCT-000699,B0239,220.81,2026-07-31T23:55:05+00:00
CCH-007936,ACCT-000314,B0239,102.85,2026-07-31T23:55:05+00:00
CCH-007937,ACCT-000378,B0239,55.49,2026-07-31T23:55:05+00:00
CCH-007938,ACCT-000545,B0239,915.54,2026-07-31T23:55:05+00:00
CCH-007939,ACCT-000032,B0239,201.05,2026-07-31T23:55:05+00:00
CCH-007940,ACCT-000832,B0239,361.64,2026-07-31T23:55:05+00:00
CCH-007941,ACCT-000615,B0239,291.21,2026-07-31T23:55:05+00:00
CCH-007942,ACCT-000588,B0239,467.89,2026-07-31T23:55:05+00:00
CCH-007943,ACCT-000586,B0239,536.8,2026-07-31T23:55:05+00:00
CCH-007944,ACCT-000382,B0239,761.71,2026-07-31T23:55:05+00:00
CCH-007945,ACCT-000753,B0239,707.34,2026-07-31T23:55:05+00:00
CCH-007946,ACCT-000222,B0239,391.84,2026-07-31T23:55:05+00:00
CCH-007947,ACCT-000772,B0239,259.68,2026-07-31T23:55:05+00:00
CCH-007948,ACCT-000337,B0239,776.22,2026-07-31T23:55:05+00:00
CCH-007949,ACCT-000729,B0239,1120.37,2026-07-31T23:55:05+00:00
CCH-007950,ACCT-000648,B0239,330.76,2026-07-31T23:55:05+00:00
CCH-007951,ACCT-000786,B0239,234.22,2026-07-31T23:55:05+00:00
CCH-007952,ACCT-000158,B0239,219.67,2026-07-31T23:55:05+00:00
CCH-007953,ACCT-000348,B0239,368.48,2026-07-31T23:55:05+00:00
CCH-007954,ACCT-000846,B0239,261.24,2026-07-31T23:55:05+00:00
CCH-007955,ACCT-000847,B0239,708.21,2026-07-31T23:55:05+00:00
CCH-007956,ACCT-000464,B0240,491.91,2026-08-01T02:02:12+00:00
CCH-007957,ACCT-000005,B0240,234.81,2026-08-01T02:02:12+00:00
CCH-007958,ACCT-000703,B0240,332.6,2026-08-01T02:02:12+00:00
CCH-007959,ACCT-000781,B0240,244.19,2026-08-01T02:02:12+00:00
CCH-007960,ACCT-000133,B0240,445.71,2026-08-01T02:02:12+00:00
CCH-007961,ACCT-000753,B0240,267.98,2026-08-01T02:02:12+00:00
CCH-007962,ACCT-000396,B0240,673.22,2026-08-01T02:02:12+00:00
CCH-007963,ACCT-000497,B0240,820.8,2026-08-01T02:02:12+00:00
CCH-007964,ACCT-000445,B0240,384.05,2026-08-01T02:02:12+00:00
CCH-007965,ACCT-000339,B0240,169.82,2026-08-01T02:02:12+00:00
CCH-007966,ACCT-000035,B0240,495.05,2026-08-01T02:02:12+00:00
CCH-007967,ACCT-000723,B0240,181.64,2026-08-01T02:02:12+00:00
CCH-007968,ACCT-000475,B0240,64.7,2026-08-01T02:02:12+00:00
CCH-007969,ACCT-000575,B0240,968.83,2026-08-01T02:02:12+00:00
CCH-007970,ACCT-000640,B0240,729.0,2026-08-01T02:02:12+00:00
CCH-007971,ACCT-000799,B0240,278.0,2026-08-01T02:02:12+00:00
CCH-007972,ACCT-000471,B0240,372.29,2026-08-01T02:02:12+00:00
CCH-007973,ACCT-000370,B0240,351.93,2026-08-01T02:02:12+00:00
CCH-007974,ACCT-000237,B0240,559.58,2026-08-01T02:02:12+00:00
CCH-007975,ACCT-000071,B0240,1110.45,2026-08-01T02:02:12+00:00
CCH-007976,ACCT-000094,B0240,477.53,2026-08-01T02:02:12+00:00
CCH-007977,ACCT-000084,B0240,52.26,2026-08-01T02:02:12+00:00
CCH-007978,ACCT-000726,B0240,1141.03,2026-08-01T02:02:12+00:00
CCH-007979,ACCT-000053,B0240,395.68,2026-08-01T02:02:12+00:00
CCH-007980,ACCT-000672,B0240,467.93,2026-08-01T02:02:12+00:00
CCH-007981,ACCT-000545,B0240,277.76,2026-08-01T02:02:12+00:00
CCH-007982,ACCT-000623,B0240,1061.22,2026-08-01T02:02:12+00:00
CCH-007983,ACCT-000271,B0240,264.24,2026-08-01T02:02:12+00:00
CCH-007984,ACCT-000584,B0240,181.74,2026-08-01T02:02:12+00:00
CCH-007985,ACCT-000759,B0240,760.88,2026-08-01T02:02:12+00:00
CCH-007986,ACCT-000299,B0240,689.26,2026-08-01T02:02:12+00:00
CCH-007987,ACCT-000254,B0240,914.93,2026-08-01T02:02:12+00:00
CCH-007988,ACCT-000536,B0240,604.13,2026-08-01T02:02:12+00:00
CCH-007989,ACCT-000326,B0240,674.84,2026-08-01T02:02:12+00:00
CCH-007990,ACCT-000848,B0240,1083.91,2026-08-01T02:02:12+00:00
CCH-007991,ACCT-000849,B0240,717.06,2026-08-01T02:02:12+00:00
CCH-007992,ACCT-000306,B0241,889.34,2026-08-01T05:39:41+00:00
CCH-007993,ACCT-000309,B0241,591.78,2026-08-01T05:39:41+00:00
CCH-007994,ACCT-000654,B0241,514.68,2026-08-01T05:39:41+00:00
CCH-007995,ACCT-000069,B0241,51.04,2026-08-01T05:39:41+00:00
CCH-007996,ACCT-000564,B0241,113.32,2026-08-01T05:39:41+00:00
CCH-007997,ACCT-000658,B0241,146.22,2026-08-01T05:39:41+00:00
CCH-007998,ACCT-000644,B0241,408.64,2026-08-01T05:39:41+00:00
CCH-007999,ACCT-000397,B0241,533.5,2026-08-01T05:39:41+00:00
CCH-008000,ACCT-000009,B0241,442.84,2026-08-01T05:39:41+00:00
CCH-008001,ACCT-000113,B0241,431.57,2026-08-01T05:39:41+00:00
CCH-008002,ACCT-000228,B0241,678.78,2026-08-01T05:39:41+00:00
CCH-008003,ACCT-000665,B0241,248.89,2026-08-01T05:39:41+00:00
CCH-008004,ACCT-000045,B0241,166.89,2026-08-01T05:39:41+00:00
CCH-008005,ACCT-000801,B0241,105.03,2026-08-01T05:39:41+00:00
CCH-008006,ACCT-000171,B0241,700.34,2026-08-01T05:39:41+00:00
CCH-008007,ACCT-000601,B0241,695.0,2026-08-01T05:39:41+00:00
CCH-008008,ACCT-000395,B0241,529.84,2026-08-01T05:39:41+00:00
CCH-008009,ACCT-000122,B0241,275.71,2026-08-01T05:39:41+00:00
CCH-008010,ACCT-000162,B0241,1182.39,2026-08-01T05:39:41+00:00
CCH-008011,ACCT-000569,B0241,303.27,2026-08-01T05:39:41+00:00
CCH-008012,ACCT-000570,B0241,525.44,2026-08-01T05:39:41+00:00
CCH-008013,ACCT-000192,B0241,112.4,2026-08-01T05:39:41+00:00
CCH-008014,ACCT-000327,B0241,566.99,2026-08-01T05:39:41+00:00
CCH-008015,ACCT-000753,B0241,191.89,2026-08-01T05:39:41+00:00
CCH-008016,ACCT-000433,B0241,768.6,2026-08-01T05:39:41+00:00
CCH-008017,ACCT-000850,B0241,773.43,2026-08-01T05:39:41+00:00
CCH-008018,ACCT-000851,B0241,428.92,2026-08-01T05:39:41+00:00
CCH-008019,ACCT-000852,B0241,638.99,2026-08-01T05:39:41+00:00
CCH-008020,ACCT-000853,B0241,651.82,2026-08-01T05:39:41+00:00
CCH-008021,ACCT-000739,B0242,822.89,2026-08-01T08:06:52+00:00
CCH-008022,ACCT-000300,B0242,149.36,2026-08-01T08:06:52+00:00
CCH-008023,ACCT-000229,B0242,486.72,2026-08-01T08:06:52+00:00
CCH-008024,ACCT-000407,B0242,459.34,2026-08-01T08:06:52+00:00
CCH-008025,ACCT-000672,B0242,397.76,2026-08-01T08:06:52+00:00
CCH-008026,ACCT-000821,B0242,1104.42,2026-08-01T08:06:52+00:00
CCH-008027,ACCT-000843,B0242,615.4,2026-08-01T08:06:52+00:00
CCH-008028,ACCT-000375,B0242,877.31,2026-08-01T08:06:52+00:00
CCH-008029,ACCT-000455,B0242,226.55,2026-08-01T08:06:52+00:00
CCH-008030,ACCT-000697,B0242,371.62,2026-08-01T08:06:52+00:00
CCH-008031,ACCT-000433,B0242,1085.7,2026-08-01T08:06:52+00:00
CCH-008032,ACCT-000056,B0242,940.26,2026-08-01T08:06:52+00:00
CCH-008033,ACCT-000463,B0242,519.25,2026-08-01T08:06:52+00:00
CCH-008034,ACCT-000138,B0242,290.96,2026-08-01T08:06:52+00:00
CCH-008035,ACCT-000206,B0242,474.8,2026-08-01T08:06:52+00:00
CCH-008036,ACCT-000616,B0242,248.94,2026-08-01T08:06:52+00:00
CCH-008037,ACCT-000709,B0242,654.52,2026-08-01T08:06:52+00:00
CCH-008038,ACCT-000691,B0242,390.3,2026-08-01T08:06:52+00:00
CCH-008039,ACCT-000715,B0242,39.53,2026-08-01T08:06:52+00:00
CCH-008040,ACCT-000057,B0242,247.75,2026-08-01T08:06:52+00:00
CCH-008041,ACCT-000488,B0242,599.27,2026-08-01T08:06:52+00:00
CCH-008042,ACCT-000405,B0242,476.0,2026-08-01T08:06:52+00:00
CCH-008043,ACCT-000114,B0242,792.97,2026-08-01T08:06:52+00:00
CCH-008044,ACCT-000510,B0242,345.27,2026-08-01T08:06:52+00:00
CCH-008045,ACCT-000493,B0242,364.3,2026-08-01T08:06:52+00:00
CCH-008046,ACCT-000745,B0242,209.54,2026-08-01T08:06:52+00:00
CCH-008047,ACCT-000554,B0242,582.65,2026-08-01T08:06:52+00:00
CCH-008048,ACCT-000434,B0242,565.19,2026-08-01T08:06:52+00:00
CCH-008049,ACCT-000854,B0242,281.52,2026-08-01T08:06:52+00:00
CCH-008050,ACCT-000855,B0242,731.14,2026-08-01T08:06:52+00:00
CCH-008051,ACCT-000856,B0242,1172.64,2026-08-01T08:06:52+00:00
CCH-008052,ACCT-000857,B0242,844.32,2026-08-01T08:06:52+00:00
CCH-008053,ACCT-000527,B0243,343.32,2026-08-01T10:14:46+00:00
CCH-008054,ACCT-000393,B0243,269.67,2026-08-01T10:14:46+00:00
CCH-008055,ACCT-000267,B0243,143.31,2026-08-01T10:14:46+00:00
CCH-008056,ACCT-000372,B0243,679.53,2026-08-01T10:14:46+00:00
CCH-008057,ACCT-000297,B0243,920.53,2026-08-01T10:14:46+00:00
CCH-008058,ACCT-000635,B0243,612.41,2026-08-01T10:14:46+00:00
CCH-008059,ACCT-000845,B0243,410.52,2026-08-01T10:14:46+00:00
CCH-008060,ACCT-000381,B0243,430.26,2026-08-01T10:14:46+00:00
CCH-008061,ACCT-000419,B0243,508.12,2026-08-01T10:14:46+00:00
CCH-008062,ACCT-000260,B0243,344.91,2026-08-01T10:14:46+00:00
CCH-008063,ACCT-000773,B0243,1019.04,2026-08-01T10:14:46+00:00
CCH-008064,ACCT-000702,B0243,951.48,2026-08-01T10:14:46+00:00
CCH-008065,ACCT-000840,B0243,698.49,2026-08-01T10:14:46+00:00
CCH-008066,ACCT-000253,B0243,608.31,2026-08-01T10:14:46+00:00
CCH-008067,ACCT-000485,B0243,1252.86,2026-08-01T10:14:46+00:00
CCH-008068,ACCT-000247,B0243,615.26,2026-08-01T10:14:46+00:00
CCH-008069,ACCT-000697,B0243,525.18,2026-08-01T10:14:46+00:00
CCH-008070,ACCT-000529,B0243,738.32,2026-08-01T10:14:46+00:00
CCH-008071,ACCT-000284,B0243,579.76,2026-08-01T10:14:46+00:00
CCH-008072,ACCT-000245,B0243,382.58,2026-08-01T10:14:46+00:00
CCH-008073,ACCT-000103,B0243,406.9,2026-08-01T10:14:46+00:00
CCH-008074,ACCT-000543,B0243,245.88,2026-08-01T10:14:46+00:00
CCH-008075,ACCT-000150,B0243,684.0,2026-08-01T10:14:46+00:00
CCH-008076,ACCT-000823,B0243,375.92,2026-08-01T10:14:46+00:00
CCH-008077,ACCT-000107,B0243,848.07,2026-08-01T10:14:46+00:00
CCH-008078,ACCT-000130,B0243,581.67,2026-08-01T10:14:46+00:00
CCH-008079,ACCT-000151,B0243,685.12,2026-08-01T10:14:46+00:00
CCH-008080,ACCT-000761,B0243,465.57,2026-08-01T10:14:46+00:00
CCH-008081,ACCT-000471,B0243,763.01,2026-08-01T10:14:46+00:00
CCH-008082,ACCT-000509,B0243,550.42,2026-08-01T10:14:46+00:00
CCH-008083,ACCT-000319,B0243,176.86,2026-08-01T10:14:46+00:00
CCH-008084,ACCT-000858,B0243,525.91,2026-08-01T10:14:46+00:00
CCH-008085,ACCT-000859,B0243,891.74,2026-08-01T10:14:46+00:00
CCH-008086,ACCT-000860,B0243,20.18,2026-08-01T10:14:46+00:00
CCH-008087,ACCT-000833,B0244,931.58,2026-08-01T11:39:25+00:00
CCH-008088,ACCT-000388,B0244,137.37,2026-08-01T11:39:25+00:00
CCH-008089,ACCT-000193,B0244,593.25,2026-08-01T11:39:25+00:00
CCH-008090,ACCT-000818,B0244,136.52,2026-08-01T11:39:25+00:00
CCH-008091,ACCT-000594,B0244,975.72,2026-08-01T11:39:25+00:00
CCH-008092,ACCT-000078,B0244,139.13,2026-08-01T11:39:25+00:00
CCH-008093,ACCT-000843,B0244,296.99,2026-08-01T11:39:25+00:00
CCH-008094,ACCT-000572,B0244,710.7,2026-08-01T11:39:25+00:00
CCH-008095,ACCT-000478,B0244,504.13,2026-08-01T11:39:25+00:00
CCH-008096,ACCT-000401,B0244,234.14,2026-08-01T11:39:25+00:00
CCH-008097,ACCT-000345,B0244,665.84,2026-08-01T11:39:25+00:00
CCH-008098,ACCT-000697,B0244,451.5,2026-08-01T11:39:25+00:00
CCH-008099,ACCT-000445,B0244,286.37,2026-08-01T11:39:25+00:00
CCH-008100,ACCT-000032,B0244,460.42,2026-08-01T11:39:25+00:00
CCH-008101,ACCT-000814,B0244,521.36,2026-08-01T11:39:25+00:00
CCH-008102,ACCT-000609,B0244,984.27,2026-08-01T11:39:25+00:00
CCH-008103,ACCT-000689,B0244,413.79,2026-08-01T11:39:25+00:00
CCH-008104,ACCT-000506,B0244,696.6,2026-08-01T11:39:25+00:00
CCH-008105,ACCT-000569,B0244,268.15,2026-08-01T11:39:25+00:00
CCH-008106,ACCT-000286,B0244,1274.16,2026-08-01T11:39:25+00:00
CCH-008107,ACCT-000120,B0244,588.53,2026-08-01T11:39:25+00:00
CCH-008108,ACCT-000490,B0244,1301.37,2026-08-01T11:39:25+00:00
CCH-008109,ACCT-000534,B0244,210.33,2026-08-01T11:39:25+00:00
CCH-008110,ACCT-000045,B0244,450.77,2026-08-01T11:39:25+00:00
CCH-008111,ACCT-000308,B0244,232.01,2026-08-01T11:39:25+00:00
CCH-008112,ACCT-000024,B0244,50.94,2026-08-01T11:39:25+00:00
CCH-008113,ACCT-000556,B0244,560.96,2026-08-01T11:39:25+00:00
CCH-008114,ACCT-000095,B0244,311.24,2026-08-01T11:39:25+00:00
CCH-008115,ACCT-000278,B0244,379.32,2026-08-01T11:39:25+00:00
CCH-008116,ACCT-000815,B0244,639.18,2026-08-01T11:39:25+00:00
CCH-008117,ACCT-000708,B0244,718.42,2026-08-01T11:39:25+00:00
CCH-008118,ACCT-000225,B0244,327.13,2026-08-01T11:39:25+00:00
CCH-008119,ACCT-000861,B0244,517.56,2026-08-01T11:39:25+00:00
CCH-008120,ACCT-000862,B0244,364.76,2026-08-01T11:39:25+00:00
CCH-008121,ACCT-000863,B0244,1277.52,2026-08-01T11:39:25+00:00
CCH-008122,ACCT-000864,B0244,606.98,2026-08-01T11:39:25+00:00
CCH-008123,ACCT-000202,B0245,775.93,2026-08-01T13:01:03+00:00
CCH-008124,ACCT-000025,B0245,949.87,2026-08-01T13:01:03+00:00
CCH-008125,ACCT-000667,B0245,428.98,2026-08-01T13:01:03+00:00
CCH-008126,ACCT-000550,B0245,586.41,2026-08-01T13:01:03+00:00
CCH-008127,ACCT-000372,B0245,630.51,2026-08-01T13:01:03+00:00
CCH-008128,ACCT-000203,B0245,109.71,2026-08-01T13:01:03+00:00
CCH-008129,ACCT-000431,B0245,204.97,2026-08-01T13:01:03+00:00
CCH-008130,ACCT-000253,B0245,752.23,2026-08-01T13:01:03+00:00
CCH-008131,ACCT-000261,B0245,780.89,2026-08-01T13:01:03+00:00
CCH-008132,ACCT-000782,B0245,391.29,2026-08-01T13:01:03+00:00
CCH-008133,ACCT-000050,B0245,672.82,2026-08-01T13:01:03+00:00
CCH-008134,ACCT-000344,B0245,311.96,2026-08-01T13:01:03+00:00
CCH-008135,ACCT-000197,B0245,270.43,2026-08-01T13:01:03+00:00
CCH-008136,ACCT-000498,B0245,617.34,2026-08-01T13:01:03+00:00
CCH-008137,ACCT-000754,B0245,675.33,2026-08-01T13:01:03+00:00
CCH-008138,ACCT-000653,B0245,283.73,2026-08-01T13:01:03+00:00
CCH-008139,ACCT-000204,B0245,539.91,2026-08-01T13:01:03+00:00
CCH-008140,ACCT-000749,B0245,346.15,2026-08-01T13:01:03+00:00
CCH-008141,ACCT-000160,B0245,501.0,2026-08-01T13:01:03+00:00
CCH-008142,ACCT-000488,B0245,259.94,2026-08-01T13:01:03+00:00
CCH-008143,ACCT-000569,B0245,597.72,2026-08-01T13:01:03+00:00
CCH-008144,ACCT-000826,B0245,146.5,2026-08-01T13:01:03+00:00
CCH-008145,ACCT-000053,B0245,244.24,2026-08-01T13:01:03+00:00
CCH-008146,ACCT-000775,B0245,175.52,2026-08-01T13:01:03+00:00
CCH-008147,ACCT-000564,B0245,1023.03,2026-08-01T13:01:03+00:00
CCH-008148,ACCT-000026,B0245,178.74,2026-08-01T13:01:03+00:00
CCH-008149,ACCT-000566,B0245,949.13,2026-08-01T13:01:03+00:00
CCH-008150,ACCT-000680,B0245,141.78,2026-08-01T13:01:03+00:00
CCH-008151,ACCT-000229,B0245,162.25,2026-08-01T13:01:03+00:00
CCH-008152,ACCT-000436,B0245,1016.11,2026-08-01T13:01:03+00:00
CCH-008153,ACCT-000817,B0245,626.14,2026-08-01T13:01:03+00:00
CCH-008154,ACCT-000865,B0245,467.38,2026-08-01T13:01:03+00:00
CCH-008155,ACCT-000866,B0245,224.0,2026-08-01T13:01:03+00:00
CCH-008156,ACCT-000857,B0246,772.39,2026-08-01T14:43:21+00:00
CCH-008157,ACCT-000585,B0246,730.76,2026-08-01T14:43:21+00:00
CCH-008158,ACCT-000651,B0246,839.18,2026-08-01T14:43:21+00:00
CCH-008159,ACCT-000377,B0246,826.95,2026-08-01T14:43:21+00:00
CCH-008160,ACCT-000532,B0246,402.32,2026-08-01T14:43:21+00:00
CCH-008161,ACCT-000592,B0246,274.54,2026-08-01T14:43:21+00:00
CCH-008162,ACCT-000475,B0246,588.56,2026-08-01T14:43:21+00:00
CCH-008163,ACCT-000641,B0246,752.65,2026-08-01T14:43:21+00:00
CCH-008164,ACCT-000842,B0246,225.47,2026-08-01T14:43:21+00:00
CCH-008165,ACCT-000615,B0246,191.97,2026-08-01T14:43:21+00:00
CCH-008166,ACCT-000678,B0246,287.66,2026-08-01T14:43:21+00:00
CCH-008167,ACCT-000564,B0246,485.11,2026-08-01T14:43:21+00:00
CCH-008168,ACCT-000272,B0246,408.17,2026-08-01T14:43:21+00:00
CCH-008169,ACCT-000385,B0246,335.12,2026-08-01T14:43:21+00:00
CCH-008170,ACCT-000575,B0246,932.3,2026-08-01T14:43:21+00:00
CCH-008171,ACCT-000531,B0246,818.36,2026-08-01T14:43:21+00:00
CCH-008172,ACCT-000133,B0246,402.38,2026-08-01T14:43:21+00:00
CCH-008173,ACCT-000431,B0246,251.4,2026-08-01T14:43:21+00:00
CCH-008174,ACCT-000200,B0246,873.74,2026-08-01T14:43:21+00:00
CCH-008175,ACCT-000477,B0246,262.57,2026-08-01T14:43:21+00:00
CCH-008176,ACCT-000306,B0246,398.52,2026-08-01T14:43:21+00:00
CCH-008177,ACCT-000727,B0246,83.74,2026-08-01T14:43:21+00:00
CCH-008178,ACCT-000197,B0246,281.54,2026-08-01T14:43:21+00:00
CCH-008179,ACCT-000824,B0246,385.55,2026-08-01T14:43:21+00:00
CCH-008180,ACCT-000273,B0246,926.49,2026-08-01T14:43:21+00:00
CCH-008181,ACCT-000427,B0246,314.34,2026-08-01T14:43:21+00:00
CCH-008182,ACCT-000835,B0246,282.15,2026-08-01T14:43:21+00:00
CCH-008183,ACCT-000159,B0246,580.13,2026-08-01T14:43:21+00:00
CCH-008184,ACCT-000140,B0246,541.81,2026-08-01T14:43:21+00:00
CCH-008185,ACCT-000760,B0246,970.63,2026-08-01T14:43:21+00:00
CCH-008186,ACCT-000867,B0246,529.35,2026-08-01T14:43:21+00:00
CCH-008187,ACCT-000868,B0246,466.82,2026-08-01T14:43:21+00:00
CCH-008188,ACCT-000869,B0246,649.48,2026-08-01T14:43:21+00:00
CCH-008189,ACCT-000870,B0246,85.73,2026-08-01T14:43:21+00:00
CCH-008190,ACCT-000829,B0247,210.73,2026-08-01T15:54:48+00:00
CCH-008191,ACCT-000557,B0247,279.0,2026-08-01T15:54:48+00:00
CCH-008192,ACCT-000845,B0247,534.02,2026-08-01T15:54:48+00:00
CCH-008193,ACCT-000295,B0247,980.7,2026-08-01T15:54:48+00:00
CCH-008194,ACCT-000349,B0247,288.14,2026-08-01T15:54:48+00:00
CCH-008195,ACCT-000162,B0247,264.95,2026-08-01T15:54:48+00:00
CCH-008196,ACCT-000744,B0247,429.98,2026-08-01T15:54:48+00:00
CCH-008197,ACCT-000101,B0247,959.6,2026-08-01T15:54:48+00:00
CCH-008198,ACCT-000601,B0247,494.66,2026-08-01T15:54:48+00:00
CCH-008199,ACCT-000227,B0247,468.8,2026-08-01T15:54:48+00:00
CCH-008200,ACCT-000735,B0247,675.48,2026-08-01T15:54:48+00:00
CCH-008201,ACCT-000739,B0247,800.15,2026-08-01T15:54:48+00:00
CCH-008202,ACCT-000383,B0247,137.21,2026-08-01T15:54:48+00:00
CCH-008203,ACCT-000602,B0247,266.23,2026-08-01T15:54:48+00:00
CCH-008204,ACCT-000138,B0247,191.76,2026-08-01T15:54:48+00:00
CCH-008205,ACCT-000618,B0247,368.73,2026-08-01T15:54:48+00:00
CCH-008206,ACCT-000766,B0247,663.51,2026-08-01T15:54:48+00:00
CCH-008207,ACCT-000839,B0247,71.83,2026-08-01T15:54:48+00:00
CCH-008208,ACCT-000054,B0247,335.28,2026-08-01T15:54:48+00:00
CCH-008209,ACCT-000646,B0247,592.11,2026-08-01T15:54:48+00:00
CCH-008210,ACCT-000603,B0247,519.5,2026-08-01T15:54:48+00:00
CCH-008211,ACCT-000588,B0247,291.87,2026-08-01T15:54:48+00:00
CCH-008212,ACCT-000841,B0247,565.16,2026-08-01T15:54:48+00:00
CCH-008213,ACCT-000804,B0247,1092.94,2026-08-01T15:54:48+00:00
CCH-008214,ACCT-000808,B0247,668.57,2026-08-01T15:54:48+00:00
CCH-008215,ACCT-000770,B0247,644.9,2026-08-01T15:54:48+00:00
CCH-008216,ACCT-000371,B0247,527.74,2026-08-01T15:54:48+00:00
CCH-008217,ACCT-000816,B0247,621.35,2026-08-01T15:54:48+00:00
CCH-008218,ACCT-000413,B0247,721.63,2026-08-01T15:54:48+00:00
CCH-008219,ACCT-000231,B0247,567.6,2026-08-01T15:54:48+00:00
CCH-008220,ACCT-000268,B0247,1267.2,2026-08-01T15:54:48+00:00
CCH-008221,ACCT-000474,B0247,741.5,2026-08-01T15:54:48+00:00
CCH-008222,ACCT-000542,B0247,818.89,2026-08-01T15:54:48+00:00
CCH-008223,ACCT-000086,B0247,181.4,2026-08-01T15:54:48+00:00
CCH-008224,ACCT-000871,B0247,122.29,2026-08-01T15:54:48+00:00
CCH-008225,ACCT-000872,B0247,410.99,2026-08-01T15:54:48+00:00
CCH-008226,ACCT-000827,B0248,340.27,2026-08-01T16:52:14+00:00
CCH-008227,ACCT-000214,B0248,853.42,2026-08-01T16:52:14+00:00
CCH-008228,ACCT-000334,B0248,535.18,2026-08-01T16:52:14+00:00
CCH-008229,ACCT-000448,B0248,397.32,2026-08-01T16:52:14+00:00
CCH-008230,ACCT-000837,B0248,52.06,2026-08-01T16:52:14+00:00
CCH-008231,ACCT-000120,B0248,39.06,2026-08-01T16:52:14+00:00
CCH-008232,ACCT-000551,B0248,904.15,2026-08-01T16:52:14+00:00
CCH-008233,ACCT-000242,B0248,506.31,2026-08-01T16:52:14+00:00
CCH-008234,ACCT-000224,B0248,401.91,2026-08-01T16:52:14+00:00
CCH-008235,ACCT-000617,B0248,737.59,2026-08-01T16:52:14+00:00
CCH-008236,ACCT-000810,B0248,236.63,2026-08-01T16:52:14+00:00
CCH-008237,ACCT-000304,B0248,874.36,2026-08-01T16:52:14+00:00
CCH-008238,ACCT-000762,B0248,970.14,2026-08-01T16:52:14+00:00
CCH-008239,ACCT-000623,B0248,587.95,2026-08-01T16:52:14+00:00
CCH-008240,ACCT-000466,B0248,731.14,2026-08-01T16:52:14+00:00
CCH-008241,ACCT-000552,B0248,639.16,2026-08-01T16:52:14+00:00
CCH-008242,ACCT-000142,B0248,549.89,2026-08-01T16:52:14+00:00
CCH-008243,ACCT-000436,B0248,713.62,2026-08-01T16:52:14+00:00
CCH-008244,ACCT-000126,B0248,68.99,2026-08-01T16:52:14+00:00
CCH-008245,ACCT-000075,B0248,651.68,2026-08-01T16:52:14+00:00
CCH-008246,ACCT-000179,B0248,366.94,2026-08-01T16:52:14+00:00
CCH-008247,ACCT-000381,B0248,789.1,2026-08-01T16:52:14+00:00
CCH-008248,ACCT-000431,B0248,299.9,2026-08-01T16:52:14+00:00
CCH-008249,ACCT-000770,B0248,772.1,2026-08-01T16:52:14+00:00
CCH-008250,ACCT-000092,B0248,542.64,2026-08-01T16:52:14+00:00
CCH-008251,ACCT-000228,B0248,340.21,2026-08-01T16:52:14+00:00
CCH-008252,ACCT-000538,B0248,519.28,2026-08-01T16:52:14+00:00
CCH-008253,ACCT-000667,B0248,1106.92,2026-08-01T16:52:14+00:00
CCH-008254,ACCT-000429,B0248,667.47,2026-08-01T16:52:14+00:00
CCH-008255,ACCT-000869,B0248,293.94,2026-08-01T16:52:14+00:00
CCH-008256,ACCT-000196,B0248,474.51,2026-08-01T16:52:14+00:00
CCH-008257,ACCT-000006,B0248,257.7,2026-08-01T16:52:14+00:00
CCH-008258,ACCT-000873,B0248,1133.24,2026-08-01T16:52:14+00:00
CCH-008259,ACCT-000874,B0248,763.5,2026-08-01T16:52:14+00:00
CCH-008260,ACCT-000875,B0248,371.62,2026-08-01T16:52:14+00:00
CCH-008261,ACCT-000876,B0248,1165.65,2026-08-01T16:52:14+00:00
CCH-008262,ACCT-000813,B0249,354.75,2026-08-01T17:54:56+00:00
CCH-008263,ACCT-000811,B0249,313.7,2026-08-01T17:54:56+00:00
CCH-008264,ACCT-000501,B0249,377.67,2026-08-01T17:54:56+00:00
CCH-008265,ACCT-000704,B0249,23.63,2026-08-01T17:54:56+00:00
CCH-008266,ACCT-000554,B0249,632.46,2026-08-01T17:54:56+00:00
CCH-008267,ACCT-000666,B0249,298.59,2026-08-01T17:54:56+00:00
CCH-008268,ACCT-000446,B0249,490.52,2026-08-01T17:54:56+00:00
CCH-008269,ACCT-000013,B0249,717.61,2026-08-01T17:54:56+00:00
CCH-008270,ACCT-000562,B0249,696.59,2026-08-01T17:54:56+00:00
CCH-008271,ACCT-000766,B0249,434.08,2026-08-01T17:54:56+00:00
CCH-008272,ACCT-000422,B0249,941.68,2026-08-01T17:54:56+00:00
CCH-008273,ACCT-000219,B0249,264.73,2026-08-01T17:54:56+00:00
CCH-008274,ACCT-000796,B0249,422.93,2026-08-01T17:54:56+00:00
CCH-008275,ACCT-000205,B0249,723.86,2026-08-01T17:54:56+00:00
CCH-008276,ACCT-000029,B0249,1329.9,2026-08-01T17:54:56+00:00
CCH-008277,ACCT-000687,B0249,699.7,2026-08-01T17:54:56+00:00
CCH-008278,ACCT-000160,B0249,184.57,2026-08-01T17:54:56+00:00
CCH-008279,ACCT-000019,B0249,827.09,2026-08-01T17:54:56+00:00
CCH-008280,ACCT-000069,B0249,491.06,2026-08-01T17:54:56+00:00
CCH-008281,ACCT-000127,B0249,807.33,2026-08-01T17:54:56+00:00
CCH-008282,ACCT-000521,B0249,267.84,2026-08-01T17:54:56+00:00
CCH-008283,ACCT-000224,B0249,701.16,2026-08-01T17:54:56+00:00
CCH-008284,ACCT-000808,B0249,951.38,2026-08-01T17:54:56+00:00
CCH-008285,ACCT-000386,B0249,654.39,2026-08-01T17:54:56+00:00
CCH-008286,ACCT-000074,B0249,745.55,2026-08-01T17:54:56+00:00
CCH-008287,ACCT-000877,B0249,946.22,2026-08-01T17:54:56+00:00
CCH-008288,ACCT-000878,B0249,855.27,2026-08-01T17:54:56+00:00
CCH-008289,ACCT-000879,B0249,764.2,2026-08-01T17:54:56+00:00
CCH-008290,ACCT-000880,B0249,1050.8,2026-08-01T17:54:56+00:00
CCH-008291,ACCT-000866,B0250,308.35,2026-08-01T18:57:28+00:00
CCH-008292,ACCT-000102,B0250,251.74,2026-08-01T18:57:28+00:00
CCH-008293,ACCT-000350,B0250,123.61,2026-08-01T18:57:28+00:00
CCH-008294,ACCT-000557,B0250,816.53,2026-08-01T18:57:28+00:00
CCH-008295,ACCT-000162,B0250,788.79,2026-08-01T18:57:28+00:00
CCH-008296,ACCT-000451,B0250,417.42,2026-08-01T18:57:28+00:00
CCH-008297,ACCT-000446,B0250,820.22,2026-08-01T18:57:28+00:00
CCH-008298,ACCT-000459,B0250,423.65,2026-08-01T18:57:28+00:00
CCH-008299,ACCT-000001,B0250,1129.75,2026-08-01T18:57:28+00:00
CCH-008300,ACCT-000378,B0250,48.73,2026-08-01T18:57:28+00:00
CCH-008301,ACCT-000513,B0250,323.42,2026-08-01T18:57:28+00:00
CCH-008302,ACCT-000651,B0250,40.96,2026-08-01T18:57:28+00:00
CCH-008303,ACCT-000405,B0250,699.13,2026-08-01T18:57:28+00:00
CCH-008304,ACCT-000698,B0250,392.02,2026-08-01T18:57:28+00:00
CCH-008305,ACCT-000619,B0250,1126.75,2026-08-01T18:57:28+00:00
CCH-008306,ACCT-000218,B0250,447.87,2026-08-01T18:57:28+00:00
CCH-008307,ACCT-000433,B0250,381.01,2026-08-01T18:57:28+00:00
CCH-008308,ACCT-000564,B0250,162.99,2026-08-01T18:57:28+00:00
CCH-008309,ACCT-000734,B0250,454.14,2026-08-01T18:57:28+00:00
CCH-008310,ACCT-000879,B0250,712.14,2026-08-01T18:57:28+00:00
CCH-008311,ACCT-000725,B0250,768.38,2026-08-01T18:57:28+00:00
CCH-008312,ACCT-000592,B0250,876.78,2026-08-01T18:57:28+00:00
CCH-008313,ACCT-000810,B0250,524.93,2026-08-01T18:57:28+00:00
CCH-008314,ACCT-000463,B0250,1028.23,2026-08-01T18:57:28+00:00
CCH-008315,ACCT-000812,B0250,568.67,2026-08-01T18:57:28+00:00
CCH-008316,ACCT-000479,B0250,466.56,2026-08-01T18:57:28+00:00
CCH-008317,ACCT-000881,B0250,237.71,2026-08-01T18:57:28+00:00
CCH-008318,ACCT-000882,B0250,850.58,2026-08-01T18:57:28+00:00
CCH-008319,ACCT-000883,B0250,704.89,2026-08-01T18:57:28+00:00
CCH-008320,ACCT-000138,B0251,260.33,2026-08-01T20:08:34+00:00
CCH-008321,ACCT-000130,B0251,908.11,2026-08-01T20:08:34+00:00
CCH-008322,ACCT-000436,B0251,602.87,2026-08-01T20:08:34+00:00
CCH-008323,ACCT-000537,B0251,263.6,2026-08-01T20:08:34+00:00
CCH-008324,ACCT-000350,B0251,1077.07,2026-08-01T20:08:34+00:00
CCH-008325,ACCT-000066,B0251,863.48,2026-08-01T20:08:34+00:00
CCH-008326,ACCT-000746,B0251,668.31,2026-08-01T20:08:34+00:00
CCH-008327,ACCT-000383,B0251,705.96,2026-08-01T20:08:34+00:00
CCH-008328,ACCT-000129,B0251,202.93,2026-08-01T20:08:34+00:00
CCH-008329,ACCT-000629,B0251,450.19,2026-08-01T20:08:34+00:00
CCH-008330,ACCT-000711,B0251,416.46,2026-08-01T20:08:34+00:00
CCH-008331,ACCT-000875,B0251,76.19,2026-08-01T20:08:34+00:00
CCH-008332,ACCT-000283,B0251,816.81,2026-08-01T20:08:34+00:00
CCH-008333,ACCT-000397,B0251,1075.7,2026-08-01T20:08:34+00:00
CCH-008334,ACCT-000476,B0251,259.36,2026-08-01T20:08:34+00:00
CCH-008335,ACCT-000253,B0251,881.07,2026-08-01T20:08:34+00:00
CCH-008336,ACCT-000549,B0251,210.53,2026-08-01T20:08:34+00:00
CCH-008337,ACCT-000345,B0251,46.44,2026-08-01T20:08:34+00:00
CCH-008338,ACCT-000563,B0251,468.5,2026-08-01T20:08:34+00:00
CCH-008339,ACCT-000670,B0251,670.38,2026-08-01T20:08:34+00:00
CCH-008340,ACCT-000599,B0251,142.21,2026-08-01T20:08:34+00:00
CCH-008341,ACCT-000702,B0251,919.71,2026-08-01T20:08:34+00:00
CCH-008342,ACCT-000761,B0251,437.78,2026-08-01T20:08:34+00:00
CCH-008343,ACCT-000645,B0251,469.09,2026-08-01T20:08:34+00:00
CCH-008344,ACCT-000469,B0251,490.38,2026-08-01T20:08:34+00:00
CCH-008345,ACCT-000601,B0251,736.97,2026-08-01T20:08:34+00:00
CCH-008346,ACCT-000190,B0251,349.73,2026-08-01T20:08:34+00:00
CCH-008347,ACCT-000125,B0251,111.84,2026-08-01T20:08:34+00:00
CCH-008348,ACCT-000558,B0251,565.58,2026-08-01T20:08:34+00:00
CCH-008349,ACCT-000396,B0251,278.83,2026-08-01T20:08:34+00:00
CCH-008350,ACCT-000859,B0251,640.2,2026-08-01T20:08:34+00:00
CCH-008351,ACCT-000803,B0251,1210.26,2026-08-01T20:08:34+00:00
CCH-008352,ACCT-000884,B0251,1218.31,2026-08-01T20:08:34+00:00
CCH-008353,ACCT-000885,B0251,384.0,2026-08-01T20:08:34+00:00
CCH-008354,ACCT-000886,B0251,316.16,2026-08-01T20:08:34+00:00
CCH-008355,ACCT-000887,B0251,295.96,2026-08-01T20:08:34+00:00
CCH-008356,ACCT-000024,B0252,1102.13,2026-08-01T21:22:36+00:00
CCH-008357,ACCT-000080,B0252,731.3,2026-08-01T21:22:36+00:00
CCH-008358,ACCT-000844,B0252,523.12,2026-08-01T21:22:36+00:00
CCH-008359,ACCT-000353,B0252,261.46,2026-08-01T21:22:36+00:00
CCH-008360,ACCT-000247,B0252,478.05,2026-08-01T21:22:36+00:00
CCH-008361,ACCT-000489,B0252,133.03,2026-08-01T21:22:36+00:00
CCH-008362,ACCT-000367,B0252,379.16,2026-08-01T21:22:36+00:00
CCH-008363,ACCT-000075,B0252,165.09,2026-08-01T21:22:36+00:00
CCH-008364,ACCT-000760,B0252,727.89,2026-08-01T21:22:36+00:00
CCH-008365,ACCT-000722,B0252,202.28,2026-08-01T21:22:36+00:00
CCH-008366,ACCT-000349,B0252,807.06,2026-08-01T21:22:36+00:00
CCH-008367,ACCT-000013,B0252,225.73,2026-08-01T21:22:36+00:00
CCH-008368,ACCT-000726,B0252,674.14,2026-08-01T21:22:36+00:00
CCH-008369,ACCT-000654,B0252,698.03,2026-08-01T21:22:36+00:00
CCH-008370,ACCT-000209,B0252,857.18,2026-08-01T21:22:36+00:00
CCH-008371,ACCT-000413,B0252,641.59,2026-08-01T21:22:36+00:00
CCH-008372,ACCT-000288,B0252,186.69,2026-08-01T21:22:36+00:00
CCH-008373,ACCT-000282,B0252,114.07,2026-08-01T21:22:36+00:00
CCH-008374,ACCT-000862,B0252,383.46,2026-08-01T21:22:36+00:00
CCH-008375,ACCT-000764,B0252,227.18,2026-08-01T21:22:36+00:00
CCH-008376,ACCT-000408,B0252,526.02,2026-08-01T21:22:36+00:00
CCH-008377,ACCT-000548,B0252,360.29,2026-08-01T21:22:36+00:00
CCH-008378,ACCT-000378,B0252,135.27,2026-08-01T21:22:36+00:00
CCH-008379,ACCT-000667,B0252,394.44,2026-08-01T21:22:36+00:00
CCH-008380,ACCT-000803,B0252,67.54,2026-08-01T21:22:36+00:00
CCH-008381,ACCT-000255,B0252,494.99,2026-08-01T21:22:36+00:00
CCH-008382,ACCT-000638,B0252,1096.99,2026-08-01T21:22:36+00:00
CCH-008383,ACCT-000888,B0252,196.76,2026-08-01T21:22:36+00:00
CCH-008384,ACCT-000889,B0252,617.59,2026-08-01T21:22:36+00:00
CCH-008385,ACCT-000890,B0252,122.91,2026-08-01T21:22:36+00:00
CCH-008386,ACCT-000891,B0252,289.59,2026-08-01T21:22:36+00:00
CCH-008387,ACCT-000174,B0253,883.1,2026-08-01T22:25:20+00:00
CCH-008388,ACCT-000527,B0253,656.3,2026-08-01T22:25:20+00:00
CCH-008389,ACCT-000024,B0253,839.83,2026-08-01T22:25:20+00:00
CCH-008390,ACCT-000874,B0253,478.14,2026-08-01T22:25:20+00:00
CCH-008391,ACCT-000245,B0253,960.76,2026-08-01T22:25:20+00:00
CCH-008392,ACCT-000309,B0253,653.0,2026-08-01T22:25:20+00:00
CCH-008393,ACCT-000394,B0253,75.29,2026-08-01T22:25:20+00:00
CCH-008394,ACCT-000861,B0253,413.49,2026-08-01T22:25:20+00:00
CCH-008395,ACCT-000186,B0253,176.43,2026-08-01T22:25:20+00:00
CCH-008396,ACCT-000460,B0253,610.07,2026-08-01T22:25:20+00:00
CCH-008397,ACCT-000023,B0253,512.72,2026-08-01T22:25:20+00:00
CCH-008398,ACCT-000626,B0253,228.53,2026-08-01T22:25:20+00:00
CCH-008399,ACCT-000059,B0253,299.66,2026-08-01T22:25:20+00:00
CCH-008400,ACCT-000284,B0253,357.81,2026-08-01T22:25:20+00:00
CCH-008401,ACCT-000289,B0253,370.33,2026-08-01T22:25:20+00:00
CCH-008402,ACCT-000083,B0253,644.84,2026-08-01T22:25:20+00:00
CCH-008403,ACCT-000816,B0253,541.93,2026-08-01T22:25:20+00:00
CCH-008404,ACCT-000849,B0253,415.99,2026-08-01T22:25:20+00:00
CCH-008405,ACCT-000482,B0253,664.28,2026-08-01T22:25:20+00:00
CCH-008406,ACCT-000431,B0253,381.0,2026-08-01T22:25:20+00:00
CCH-008407,ACCT-000696,B0253,211.2,2026-08-01T22:25:20+00:00
CCH-008408,ACCT-000625,B0253,604.65,2026-08-01T22:25:20+00:00
CCH-008409,ACCT-000010,B0253,319.86,2026-08-01T22:25:20+00:00
CCH-008410,ACCT-000688,B0253,1045.61,2026-08-01T22:25:20+00:00
CCH-008411,ACCT-000865,B0253,382.52,2026-08-01T22:25:20+00:00
CCH-008412,ACCT-000636,B0253,920.1,2026-08-01T22:25:20+00:00
CCH-008413,ACCT-000007,B0253,492.41,2026-08-01T22:25:20+00:00
CCH-008414,ACCT-000408,B0253,895.43,2026-08-01T22:25:20+00:00
CCH-008415,ACCT-000892,B0253,1455.72,2026-08-01T22:25:20+00:00
CCH-008416,ACCT-000893,B0253,1045.39,2026-08-01T22:25:20+00:00
CCH-008417,ACCT-000894,B0253,613.39,2026-08-01T22:25:20+00:00
CCH-008418,ACCT-000274,B0254,300.02,2026-08-01T23:27:02+00:00
CCH-008419,ACCT-000868,B0254,393.03,2026-08-01T23:27:02+00:00
CCH-008420,ACCT-000339,B0254,527.87,2026-08-01T23:27:02+00:00
CCH-008421,ACCT-000484,B0254,211.13,2026-08-01T23:27:02+00:00
CCH-008422,ACCT-000815,B0254,781.51,2026-08-01T23:27:02+00:00
CCH-008423,ACCT-000429,B0254,239.59,2026-08-01T23:27:02+00:00
CCH-008424,ACCT-000159,B0254,342.07,2026-08-01T23:27:02+00:00
CCH-008425,ACCT-000377,B0254,187.37,2026-08-01T23:27:02+00:00
CCH-008426,ACCT-000776,B0254,616.36,2026-08-01T23:27:02+00:00
CCH-008427,ACCT-000463,B0254,469.13,2026-08-01T23:27:02+00:00
CCH-008428,ACCT-000398,B0254,728.03,2026-08-01T23:27:02+00:00
CCH-008429,ACCT-000749,B0254,1135.18,2026-08-01T23:27:02+00:00
CCH-008430,ACCT-000066,B0254,598.67,2026-08-01T23:27:02+00:00
CCH-008431,ACCT-000153,B0254,138.7,2026-08-01T23:27:02+00:00
CCH-008432,ACCT-000453,B0254,1194.34,2026-08-01T23:27:02+00:00
CCH-008433,ACCT-000259,B0254,734.85,2026-08-01T23:27:02+00:00
CCH-008434,ACCT-000506,B0254,370.9,2026-08-01T23:27:02+00:00
CCH-008435,ACCT-000663,B0254,916.64,2026-08-01T23:27:02+00:00
CCH-008436,ACCT-000345,B0254,572.58,2026-08-01T23:27:02+00:00
CCH-008437,ACCT-000304,B0254,195.28,2026-08-01T23:27:02+00:00
CCH-008438,ACCT-000555,B0254,185.12,2026-08-01T23:27:02+00:00
CCH-008439,ACCT-000761,B0254,337.81,2026-08-01T23:27:02+00:00
CCH-008440,ACCT-000047,B0254,261.35,2026-08-01T23:27:02+00:00
CCH-008441,ACCT-000295,B0254,207.76,2026-08-01T23:27:02+00:00
CCH-008442,ACCT-000177,B0254,310.04,2026-08-01T23:27:02+00:00
CCH-008443,ACCT-000556,B0254,499.52,2026-08-01T23:27:02+00:00
CCH-008444,ACCT-000676,B0254,815.44,2026-08-01T23:27:02+00:00
CCH-008445,ACCT-000064,B0254,481.01,2026-08-01T23:27:02+00:00
CCH-008446,ACCT-000895,B0254,216.86,2026-08-01T23:27:02+00:00
CCH-008447,ACCT-000896,B0254,308.19,2026-08-01T23:27:02+00:00
CCH-008448,ACCT-000897,B0254,218.48,2026-08-01T23:27:02+00:00
CCH-008449,ACCT-000898,B0254,302.35,2026-08-01T23:27:02+00:00
CCH-008450,ACCT-000403,B0255,703.71,2026-08-02T01:05:33+00:00
CCH-008451,ACCT-000885,B0255,712.11,2026-08-02T01:05:33+00:00
CCH-008452,ACCT-000392,B0255,756.01,2026-08-02T01:05:33+00:00
CCH-008453,ACCT-000171,B0255,1061.45,2026-08-02T01:05:33+00:00
CCH-008454,ACCT-000093,B0255,770.76,2026-08-02T01:05:33+00:00
CCH-008455,ACCT-000534,B0255,921.33,2026-08-02T01:05:33+00:00
CCH-008456,ACCT-000293,B0255,757.58,2026-08-02T01:05:33+00:00
CCH-008457,ACCT-000055,B0255,97.4,2026-08-02T01:05:33+00:00
CCH-008458,ACCT-000097,B0255,510.57,2026-08-02T01:05:33+00:00
CCH-008459,ACCT-000446,B0255,239.7,2026-08-02T01:05:33+00:00
CCH-008460,ACCT-000024,B0255,467.13,2026-08-02T01:05:33+00:00
CCH-008461,ACCT-000558,B0255,632.48,2026-08-02T01:05:33+00:00
CCH-008462,ACCT-000643,B0255,277.01,2026-08-02T01:05:33+00:00
CCH-008463,ACCT-000007,B0255,493.98,2026-08-02T01:05:33+00:00
CCH-008464,ACCT-000719,B0255,504.29,2026-08-02T01:05:33+00:00
CCH-008465,ACCT-000147,B0255,385.8,2026-08-02T01:05:33+00:00
CCH-008466,ACCT-000484,B0255,347.54,2026-08-02T01:05:33+00:00
CCH-008467,ACCT-000386,B0255,810.69,2026-08-02T01:05:33+00:00
CCH-008468,ACCT-000828,B0255,426.51,2026-08-02T01:05:33+00:00
CCH-008469,ACCT-000523,B0255,853.32,2026-08-02T01:05:33+00:00
CCH-008470,ACCT-000872,B0255,885.02,2026-08-02T01:05:33+00:00
CCH-008471,ACCT-000557,B0255,673.69,2026-08-02T01:05:33+00:00
CCH-008472,ACCT-000391,B0255,280.76,2026-08-02T01:05:33+00:00
CCH-008473,ACCT-000400,B0255,339.33,2026-08-02T01:05:33+00:00
CCH-008474,ACCT-000149,B0255,145.89,2026-08-02T01:05:33+00:00
CCH-008475,ACCT-000442,B0255,374.48,2026-08-02T01:05:33+00:00
CCH-008476,ACCT-000298,B0255,687.75,2026-08-02T01:05:33+00:00
CCH-008477,ACCT-000587,B0255,411.96,2026-08-02T01:05:33+00:00
CCH-008478,ACCT-000638,B0255,795.81,2026-08-02T01:05:33+00:00
CCH-008479,ACCT-000122,B0255,631.41,2026-08-02T01:05:33+00:00
CCH-008480,ACCT-000851,B0255,729.52,2026-08-02T01:05:33+00:00
CCH-008481,ACCT-000274,B0255,330.2,2026-08-02T01:05:33+00:00
CCH-008482,ACCT-000354,B0255,597.56,2026-08-02T01:05:33+00:00
CCH-008483,ACCT-000092,B0255,250.93,2026-08-02T01:05:33+00:00
CCH-008484,ACCT-000899,B0255,915.87,2026-08-02T01:05:33+00:00
CCH-008485,ACCT-000900,B0255,410.16,2026-08-02T01:05:33+00:00
CCH-008486,ACCT-000901,B0255,311.72,2026-08-02T01:05:33+00:00
CCH-008487,ACCT-000902,B0255,422.39,2026-08-02T01:05:33+00:00
CCH-008488,ACCT-000650,B0256,286.75,2026-08-02T04:49:17+00:00
CCH-008489,ACCT-000684,B0256,1189.61,2026-08-02T04:49:17+00:00
CCH-008490,ACCT-000449,B0256,856.47,2026-08-02T04:49:17+00:00
CCH-008491,ACCT-000337,B0256,327.11,2026-08-02T04:49:17+00:00
CCH-008492,ACCT-000584,B0256,693.7,2026-08-02T04:49:17+00:00
CCH-008493,ACCT-000429,B0256,559.73,2026-08-02T04:49:17+00:00
CCH-008494,ACCT-000502,B0256,394.57,2026-08-02T04:49:17+00:00
CCH-008495,ACCT-000217,B0256,357.95,2026-08-02T04:49:17+00:00
CCH-008496,ACCT-000477,B0256,341.88,2026-08-02T04:49:17+00:00
CCH-008497,ACCT-000685,B0256,374.44,2026-08-02T04:49:17+00:00
CCH-008498,ACCT-000262,B0256,832.92,2026-08-02T04:49:17+00:00
CCH-008499,ACCT-000839,B0256,285.22,2026-08-02T04:49:17+00:00
CCH-008500,ACCT-000422,B0256,156.38,2026-08-02T04:49:17+00:00
CCH-008501,ACCT-000758,B0256,261.87,2026-08-02T04:49:17+00:00
CCH-008502,ACCT-000882,B0256,735.77,2026-08-02T04:49:17+00:00
CCH-008503,ACCT-000110,B0256,648.0,2026-08-02T04:49:17+00:00
CCH-008504,ACCT-000062,B0256,182.38,2026-08-02T04:49:17+00:00
CCH-008505,ACCT-000686,B0256,906.54,2026-08-02T04:49:17+00:00
CCH-008506,ACCT-000779,B0256,103.82,2026-08-02T04:49:17+00:00
CCH-008507,ACCT-000182,B0256,357.31,2026-08-02T04:49:17+00:00
CCH-008508,ACCT-000320,B0256,173.34,2026-08-02T04:49:17+00:00
CCH-008509,ACCT-000508,B0256,311.36,2026-08-02T04:49:17+00:00
CCH-008510,ACCT-000057,B0256,464.63,2026-08-02T04:49:17+00:00
CCH-008511,ACCT-000728,B0256,1008.13,2026-08-02T04:49:17+00:00
CCH-008512,ACCT-000768,B0256,717.38,2026-08-02T04:49:17+00:00
CCH-008513,ACCT-000791,B0256,294.91,2026-08-02T04:49:17+00:00
CCH-008514,ACCT-000276,B0256,396.67,2026-08-02T04:49:17+00:00
CCH-008515,ACCT-000519,B0256,825.38,2026-08-02T04:49:17+00:00
CCH-008516,ACCT-000336,B0256,269.18,2026-08-02T04:49:17+00:00
CCH-008517,ACCT-000892,B0256,242.35,2026-08-02T04:49:17+00:00
CCH-008518,ACCT-000203,B0256,427.16,2026-08-02T04:49:17+00:00
CCH-008519,ACCT-000121,B0256,870.11,2026-08-02T04:49:17+00:00
CCH-008520,ACCT-000903,B0256,1042.75,2026-08-02T04:49:17+00:00
CCH-008521,ACCT-000904,B0256,393.09,2026-08-02T04:49:17+00:00
CCH-008522,ACCT-000505,B0257,904.88,2026-08-02T07:28:24+00:00
CCH-008523,ACCT-000884,B0257,378.67,2026-08-02T07:28:24+00:00
CCH-008524,ACCT-000389,B0257,827.7,2026-08-02T07:28:24+00:00
CCH-008525,ACCT-000194,B0257,743.49,2026-08-02T07:28:24+00:00
CCH-008526,ACCT-000714,B0257,587.12,2026-08-02T07:28:24+00:00
CCH-008527,ACCT-000133,B0257,595.12,2026-08-02T07:28:24+00:00
CCH-008528,ACCT-000562,B0257,385.08,2026-08-02T07:28:24+00:00
CCH-008529,ACCT-000091,B0257,665.47,2026-08-02T07:28:24+00:00
CCH-008530,ACCT-000586,B0257,105.16,2026-08-02T07:28:24+00:00
CCH-008531,ACCT-000167,B0257,599.58,2026-08-02T07:28:24+00:00
CCH-008532,ACCT-000704,B0257,546.1,2026-08-02T07:28:24+00:00
CCH-008533,ACCT-000376,B0257,126.16,2026-08-02T07:28:24+00:00
CCH-008534,ACCT-000391,B0257,1179.31,2026-08-02T07:28:24+00:00
CCH-008535,ACCT-000175,B0257,400.25,2026-08-02T07:28:24+00:00
CCH-008536,ACCT-000047,B0257,705.92,2026-08-02T07:28:24+00:00
CCH-008537,ACCT-000026,B0257,138.82,2026-08-02T07:28:24+00:00
CCH-008538,ACCT-000348,B0257,216.42,2026-08-02T07:28:24+00:00
CCH-008539,ACCT-000485,B0257,881.77,2026-08-02T07:28:24+00:00
CCH-008540,ACCT-000469,B0257,1007.69,2026-08-02T07:28:24+00:00
CCH-008541,ACCT-000220,B0257,416.39,2026-08-02T07:28:24+00:00
CCH-008542,ACCT-000846,B0257,142.08,2026-08-02T07:28:24+00:00
CCH-008543,ACCT-000598,B0257,338.12,2026-08-02T07:28:24+00:00
CCH-008544,ACCT-000180,B0257,837.12,2026-08-02T07:28:24+00:00
CCH-008545,ACCT-000169,B0257,392.13,2026-08-02T07:28:24+00:00
CCH-008546,ACCT-000698,B0257,658.82,2026-08-02T07:28:24+00:00
CCH-008547,ACCT-000682,B0257,977.64,2026-08-02T07:28:24+00:00
CCH-008548,ACCT-000535,B0257,683.32,2026-08-02T07:28:24+00:00
CCH-008549,ACCT-000726,B0257,202.07,2026-08-02T07:28:24+00:00
CCH-008550,ACCT-000235,B0257,524.94,2026-08-02T07:28:24+00:00
CCH-008551,ACCT-000530,B0257,768.49,2026-08-02T07:28:24+00:00
CCH-008552,ACCT-000033,B0257,1050.29,2026-08-02T07:28:24+00:00
CCH-008553,ACCT-000118,B0257,183.41,2026-08-02T07:28:24+00:00
CCH-008554,ACCT-000905,B0257,383.59,2026-08-02T07:28:24+00:00
CCH-008555,ACCT-000906,B0257,774.13,2026-08-02T07:28:24+00:00
CCH-008556,ACCT-000907,B0257,235.13,2026-08-02T07:28:24+00:00
CCH-008557,ACCT-000908,B0257,413.06,2026-08-02T07:28:24+00:00
CCH-008558,ACCT-000627,B0258,175.04,2026-08-02T09:33:11+00:00
CCH-008559,ACCT-000691,B0258,362.61,2026-08-02T09:33:11+00:00
CCH-008560,ACCT-000493,B0258,528.16,2026-08-02T09:33:11+00:00
CCH-008561,ACCT-000683,B0258,374.47,2026-08-02T09:33:11+00:00
CCH-008562,ACCT-000721,B0258,193.76,2026-08-02T09:33:11+00:00
CCH-008563,ACCT-000237,B0258,367.88,2026-08-02T09:33:11+00:00
CCH-008564,ACCT-000587,B0258,335.31,2026-08-02T09:33:11+00:00
CCH-008565,ACCT-000152,B0258,238.82,2026-08-02T09:33:11+00:00
CCH-008566,ACCT-000900,B0258,680.0,2026-08-02T09:33:11+00:00
CCH-008567,ACCT-000685,B0258,353.35,2026-08-02T09:33:11+00:00
CCH-008568,ACCT-000220,B0258,852.83,2026-08-02T09:33:11+00:00
CCH-008569,ACCT-000614,B0258,943.61,2026-08-02T09:33:11+00:00
CCH-008570,ACCT-000144,B0258,739.43,2026-08-02T09:33:11+00:00
CCH-008571,ACCT-000769,B0258,539.81,2026-08-02T09:33:11+00:00
CCH-008572,ACCT-000201,B0258,1025.78,2026-08-02T09:33:11+00:00
CCH-008573,ACCT-000206,B0258,652.19,2026-08-02T09:33:11+00:00
CCH-008574,ACCT-000760,B0258,559.37,2026-08-02T09:33:11+00:00
CCH-008575,ACCT-000418,B0258,265.26,2026-08-02T09:33:11+00:00
CCH-008576,ACCT-000409,B0258,409.3,2026-08-02T09:33:11+00:00
CCH-008577,ACCT-000460,B0258,584.29,2026-08-02T09:33:11+00:00
CCH-008578,ACCT-000660,B0258,212.79,2026-08-02T09:33:11+00:00
CCH-008579,ACCT-000708,B0258,392.0,2026-08-02T09:33:11+00:00
CCH-008580,ACCT-000321,B0258,289.1,2026-08-02T09:33:11+00:00
CCH-008581,ACCT-000480,B0258,748.24,2026-08-02T09:33:11+00:00
CCH-008582,ACCT-000406,B0258,1176.51,2026-08-02T09:33:11+00:00
CCH-008583,ACCT-000631,B0258,278.21,2026-08-02T09:33:11+00:00
CCH-008584,ACCT-000017,B0258,136.68,2026-08-02T09:33:11+00:00
CCH-008585,ACCT-000370,B0258,761.12,2026-08-02T09:33:11+00:00
CCH-008586,ACCT-000909,B0258,596.78,2026-08-02T09:33:11+00:00
CCH-008587,ACCT-000910,B0258,1051.99,2026-08-02T09:33:11+00:00
CCH-008588,ACCT-000911,B0258,737.44,2026-08-02T09:33:11+00:00
CCH-008589,ACCT-000349,B0259,622.36,2026-08-02T11:12:00+00:00
CCH-008590,ACCT-000580,B0259,31.27,2026-08-02T11:12:00+00:00
CCH-008591,ACCT-000550,B0259,1219.73,2026-08-02T11:12:00+00:00
CCH-008592,ACCT-000449,B0259,984.17,2026-08-02T11:12:00+00:00
CCH-008593,ACCT-000596,B0259,577.5,2026-08-02T11:12:00+00:00
CCH-008594,ACCT-000223,B0259,625.56,2026-08-02T11:12:00+00:00
CCH-008595,ACCT-000774,B0259,301.42,2026-08-02T11:12:00+00:00
CCH-008596,ACCT-000584,B0259,421.88,2026-08-02T11:12:00+00:00
CCH-008597,ACCT-000525,B0259,303.24,2026-08-02T11:12:00+00:00
CCH-008598,ACCT-000842,B0259,207.45,2026-08-02T11:12:00+00:00
CCH-008599,ACCT-000413,B0259,323.33,2026-08-02T11:12:00+00:00
CCH-008600,ACCT-000373,B0259,282.43,2026-08-02T11:12:00+00:00
CCH-008601,ACCT-000558,B0259,326.73,2026-08-02T11:12:00+00:00
CCH-008602,ACCT-000743,B0259,603.46,2026-08-02T11:12:00+00:00
CCH-008603,ACCT-000622,B0259,594.08,2026-08-02T11:12:00+00:00
CCH-008604,ACCT-000897,B0259,392.17,2026-08-02T11:12:00+00:00
CCH-008605,ACCT-000401,B0259,1159.07,2026-08-02T11:12:00+00:00
CCH-008606,ACCT-000808,B0259,983.13,2026-08-02T11:12:00+00:00
CCH-008607,ACCT-000447,B0259,873.9,2026-08-02T11:12:00+00:00
CCH-008608,ACCT-000693,B0259,361.42,2026-08-02T11:12:00+00:00
CCH-008609,ACCT-000169,B0259,244.3,2026-08-02T11:12:00+00:00
CCH-008610,ACCT-000524,B0259,561.49,2026-08-02T11:12:00+00:00
CCH-008611,ACCT-000046,B0259,540.23,2026-08-02T11:12:00+00:00
CCH-008612,ACCT-000461,B0259,1234.32,2026-08-02T11:12:00+00:00
CCH-008613,ACCT-000628,B0259,310.78,2026-08-02T11:12:00+00:00
CCH-008614,ACCT-000633,B0259,533.36,2026-08-02T11:12:00+00:00
CCH-008615,ACCT-000896,B0259,375.09,2026-08-02T11:12:00+00:00
CCH-008616,ACCT-000279,B0259,337.92,2026-08-02T11:12:00+00:00
CCH-008617,ACCT-000912,B0259,216.8,2026-08-02T11:12:00+00:00
CCH-008618,ACCT-000913,B0259,429.86,2026-08-02T11:12:00+00:00
CCH-008619,ACCT-000914,B0259,627.11,2026-08-02T11:12:00+00:00
CCH-008620,ACCT-000133,B0260,197.09,2026-08-02T12:33:33+00:00
CCH-008621,ACCT-000813,B0260,905.45,2026-08-02T12:33:33+00:00
CCH-008622,ACCT-000011,B0260,678.1,2026-08-02T12:33:33+00:00
CCH-008623,ACCT-000581,B0260,911.41,2026-08-02T12:33:33+00:00
CCH-008624,ACCT-000621,B0260,711.97,2026-08-02T12:33:33+00:00
CCH-008625,ACCT-000318,B0260,430.02,2026-08-02T12:33:33+00:00
CCH-008626,ACCT-000494,B0260,954.54,2026-08-02T12:33:33+00:00
CCH-008627,ACCT-000566,B0260,596.05,2026-08-02T12:33:33+00:00
CCH-008628,ACCT-000748,B0260,238.06,2026-08-02T12:33:33+00:00
CCH-008629,ACCT-000447,B0260,540.87,2026-08-02T12:33:33+00:00
CCH-008630,ACCT-000528,B0260,509.94,2026-08-02T12:33:33+00:00
CCH-008631,ACCT-000858,B0260,806.04,2026-08-02T12:33:33+00:00
CCH-008632,ACCT-000372,B0260,592.75,2026-08-02T12:33:33+00:00
CCH-008633,ACCT-000367,B0260,121.41,2026-08-02T12:33:33+00:00
CCH-008634,ACCT-000878,B0260,336.79,2026-08-02T12:33:33+00:00
CCH-008635,ACCT-000284,B0260,460.18,2026-08-02T12:33:33+00:00
CCH-008636,ACCT-000413,B0260,716.99,2026-08-02T12:33:33+00:00
CCH-008637,ACCT-000356,B0260,1168.52,2026-08-02T12:33:33+00:00
CCH-008638,ACCT-000608,B0260,645.3,2026-08-02T12:33:33+00:00
CCH-008639,ACCT-000897,B0260,801.98,2026-08-02T12:33:33+00:00
CCH-008640,ACCT-000685,B0260,823.87,2026-08-02T12:33:33+00:00
CCH-008641,ACCT-000399,B0260,318.8,2026-08-02T12:33:33+00:00
CCH-008642,ACCT-000817,B0260,237.12,2026-08-02T12:33:33+00:00
CCH-008643,ACCT-000738,B0260,925.31,2026-08-02T12:33:33+00:00
CCH-008644,ACCT-000365,B0260,665.49,2026-08-02T12:33:33+00:00
CCH-008645,ACCT-000225,B0260,757.16,2026-08-02T12:33:33+00:00
CCH-008646,ACCT-000723,B0260,602.14,2026-08-02T12:33:33+00:00
CCH-008647,ACCT-000915,B0260,436.52,2026-08-02T12:33:33+00:00
CCH-008648,ACCT-000916,B0260,546.19,2026-08-02T12:33:33+00:00
CCH-008649,ACCT-000917,B0260,555.47,2026-08-02T12:33:33+00:00
CCH-008650,ACCT-000610,B0261,585.06,2026-08-02T14:24:44+00:00
CCH-008651,ACCT-000533,B0261,422.49,2026-08-02T14:24:44+00:00
CCH-008652,ACCT-000428,B0261,589.44,2026-08-02T14:24:44+00:00
CCH-008653,ACCT-000220,B0261,146.07,2026-08-02T14:24:44+00:00
CCH-008654,ACCT-000573,B0261,1215.02,2026-08-02T14:24:44+00:00
CCH-008655,ACCT-000113,B0261,578.53,2026-08-02T14:24:44+00:00
CCH-008656,ACCT-000894,B0261,383.74,2026-08-02T14:24:44+00:00
CCH-008657,ACCT-000472,B0261,368.28,2026-08-02T14:24:44+00:00
CCH-008658,ACCT-000813,B0261,723.68,2026-08-02T14:24:44+00:00
CCH-008659,ACCT-000814,B0261,814.4,2026-08-02T14:24:44+00:00
CCH-008660,ACCT-000818,B0261,468.34,2026-08-02T14:24:44+00:00
CCH-008661,ACCT-000743,B0261,708.62,2026-08-02T14:24:44+00:00
CCH-008662,ACCT-000365,B0261,465.93,2026-08-02T14:24:44+00:00
CCH-008663,ACCT-000534,B0261,542.39,2026-08-02T14:24:44+00:00
CCH-008664,ACCT-000245,B0261,895.02,2026-08-02T14:24:44+00:00
CCH-008665,ACCT-000350,B0261,312.25,2026-08-02T14:24:44+00:00
CCH-008666,ACCT-000569,B0261,340.14,2026-08-02T14:24:44+00:00
CCH-008667,ACCT-000687,B0261,379.17,2026-08-02T14:24:44+00:00
CCH-008668,ACCT-000104,B0261,543.93,2026-08-02T14:24:44+00:00
CCH-008669,ACCT-000409,B0261,1065.34,2026-08-02T14:24:44+00:00
CCH-008670,ACCT-000196,B0261,453.12,2026-08-02T14:24:44+00:00
CCH-008671,ACCT-000755,B0261,595.98,2026-08-02T14:24:44+00:00
CCH-008672,ACCT-000770,B0261,243.43,2026-08-02T14:24:44+00:00
CCH-008673,ACCT-000711,B0261,786.77,2026-08-02T14:24:44+00:00
CCH-008674,ACCT-000565,B0261,650.27,2026-08-02T14:24:44+00:00
CCH-008675,ACCT-000324,B0261,775.37,2026-08-02T14:24:44+00:00
CCH-008676,ACCT-000723,B0261,690.86,2026-08-02T14:24:44+00:00
CCH-008677,ACCT-000519,B0261,643.94,2026-08-02T14:24:44+00:00
CCH-008678,ACCT-000079,B0261,931.47,2026-08-02T14:24:44+00:00
CCH-008679,ACCT-000018,B0261,156.09,2026-08-02T14:24:44+00:00
CCH-008680,ACCT-000906,B0261,403.97,2026-08-02T14:24:44+00:00
CCH-008681,ACCT-000101,B0261,244.86,2026-08-02T14:24:44+00:00
CCH-008682,ACCT-000918,B0261,837.22,2026-08-02T14:24:44+00:00
CCH-008683,ACCT-000919,B0261,1106.11,2026-08-02T14:24:44+00:00
CCH-008684,ACCT-000920,B0261,892.0,2026-08-02T14:24:44+00:00
CCH-008685,ACCT-000823,B0262,430.09,2026-08-02T16:51:30+00:00
CCH-008686,ACCT-000731,B0262,583.54,2026-08-02T16:51:30+00:00
CCH-008687,ACCT-000329,B0262,182.79,2026-08-02T16:51:30+00:00
CCH-008688,ACCT-000621,B0262,1110.12,2026-08-02T16:51:30+00:00
CCH-008689,ACCT-000375,B0262,472.39,2026-08-02T16:51:30+00:00
CCH-008690,ACCT-000063,B0262,1137.23,2026-08-02T16:51:30+00:00
CCH-008691,ACCT-000058,B0262,645.36,2026-08-02T16:51:30+00:00
CCH-008692,ACCT-000553,B0262,628.15,2026-08-02T16:51:30+00:00
CCH-008693,ACCT-000234,B0262,336.37,2026-08-02T16:51:30+00:00
CCH-008694,ACCT-000207,B0262,411.35,2026-08-02T16:51:30+00:00
CCH-008695,ACCT-000149,B0262,505.94,2026-08-02T16:51:30+00:00
CCH-008696,ACCT-000501,B0262,556.43,2026-08-02T16:51:30+00:00
CCH-008697,ACCT-000304,B0262,230.8,2026-08-02T16:51:30+00:00
CCH-008698,ACCT-000680,B0262,613.44,2026-08-02T16:51:30+00:00
CCH-008699,ACCT-000024,B0262,326.79,2026-08-02T16:51:30+00:00
CCH-008700,ACCT-000717,B0262,414.2,2026-08-02T16:51:30+00:00
CCH-008701,ACCT-000496,B0262,150.62,2026-08-02T16:51:30+00:00
CCH-008702,ACCT-000758,B0262,581.6,2026-08-02T16:51:30+00:00
CCH-008703,ACCT-000333,B0262,111.87,2026-08-02T16:51:30+00:00
CCH-008704,ACCT-000066,B0262,120.91,2026-08-02T16:51:30+00:00
CCH-008705,ACCT-000357,B0262,302.06,2026-08-02T16:51:30+00:00
CCH-008706,ACCT-000038,B0262,148.96,2026-08-02T16:51:30+00:00
CCH-008707,ACCT-000137,B0262,61.47,2026-08-02T16:51:30+00:00
CCH-008708,ACCT-000904,B0262,560.88,2026-08-02T16:51:30+00:00
CCH-008709,ACCT-000093,B0262,547.67,2026-08-02T16:51:30+00:00
CCH-008710,ACCT-000280,B0262,768.7,2026-08-02T16:51:30+00:00
CCH-008711,ACCT-000181,B0262,730.01,2026-08-02T16:51:30+00:00
CCH-008712,ACCT-000742,B0262,547.79,2026-08-02T16:51:30+00:00
CCH-008713,ACCT-000805,B0262,640.82,2026-08-02T16:51:30+00:00
CCH-008714,ACCT-000170,B0262,719.12,2026-08-02T16:51:30+00:00
CCH-008715,ACCT-000177,B0262,1011.71,2026-08-02T16:51:30+00:00
CCH-008716,ACCT-000127,B0262,255.68,2026-08-02T16:51:30+00:00
CCH-008717,ACCT-000921,B0262,1195.99,2026-08-02T16:51:30+00:00
CCH-008718,ACCT-000922,B0262,357.4,2026-08-02T16:51:30+00:00
CCH-008719,ACCT-000923,B0262,53.59,2026-08-02T16:51:30+00:00
CCH-008720,ACCT-000924,B0262,499.4,2026-08-02T16:51:30+00:00
CCH-008721,ACCT-000598,B0263,424.93,2026-08-02T17:55:54+00:00
CCH-008722,ACCT-000198,B0263,670.22,2026-08-02T17:55:54+00:00
CCH-008723,ACCT-000611,B0263,461.9,2026-08-02T17:55:54+00:00
CCH-008724,ACCT-000122,B0263,866.18,2026-08-02T17:55:54+00:00
CCH-008725,ACCT-000785,B0263,48.71,2026-08-02T17:55:54+00:00
CCH-008726,ACCT-000052,B0263,303.9,2026-08-02T17:55:54+00:00
CCH-008727,ACCT-000379,B0263,811.24,2026-08-02T17:55:54+00:00
CCH-008728,ACCT-000091,B0263,883.13,2026-08-02T17:55:54+00:00
CCH-008729,ACCT-000794,B0263,694.28,2026-08-02T17:55:54+00:00
CCH-008730,ACCT-000197,B0263,309.46,2026-08-02T17:55:54+00:00
CCH-008731,ACCT-000564,B0263,515.9,2026-08-02T17:55:54+00:00
CCH-008732,ACCT-000418,B0263,462.36,2026-08-02T17:55:54+00:00
CCH-008733,ACCT-000630,B0263,669.64,2026-08-02T17:55:54+00:00
CCH-008734,ACCT-000841,B0263,550.69,2026-08-02T17:55:54+00:00
CCH-008735,ACCT-000095,B0263,1266.32,2026-08-02T17:55:54+00:00
CCH-008736,ACCT-000475,B0263,579.32,2026-08-02T17:55:54+00:00
CCH-008737,ACCT-000344,B0263,773.11,2026-08-02T17:55:54+00:00
CCH-008738,ACCT-000782,B0263,740.0,2026-08-02T17:55:54+00:00
CCH-008739,ACCT-000736,B0263,198.8,2026-08-02T17:55:54+00:00
CCH-008740,ACCT-000003,B0263,737.01,2026-08-02T17:55:54+00:00
CCH-008741,ACCT-000259,B0263,36.14,2026-08-02T17:55:54+00:00
CCH-008742,ACCT-000315,B0263,893.6,2026-08-02T17:55:54+00:00
CCH-008743,ACCT-000131,B0263,77.87,2026-08-02T17:55:54+00:00
CCH-008744,ACCT-000579,B0263,118.22,2026-08-02T17:55:54+00:00
CCH-008745,ACCT-000826,B0263,727.19,2026-08-02T17:55:54+00:00
CCH-008746,ACCT-000156,B0263,79.86,2026-08-02T17:55:54+00:00
CCH-008747,ACCT-000214,B0263,145.02,2026-08-02T17:55:54+00:00
CCH-008748,ACCT-000925,B0263,51.64,2026-08-02T17:55:54+00:00
CCH-008749,ACCT-000926,B0263,450.1,2026-08-02T17:55:54+00:00
CCH-008750,ACCT-000927,B0263,560.06,2026-08-02T17:55:54+00:00
CCH-008751,ACCT-000735,B0264,579.45,2026-08-02T18:59:27+00:00
CCH-008752,ACCT-000557,B0264,771.92,2026-08-02T18:59:27+00:00
CCH-008753,ACCT-000214,B0264,56.29,2026-08-02T18:59:27+00:00
CCH-008754,ACCT-000040,B0264,944.41,2026-08-02T18:59:27+00:00
CCH-008755,ACCT-000134,B0264,1202.41,2026-08-02T18:59:27+00:00
CCH-008756,ACCT-000079,B0264,413.31,2026-08-02T18:59:27+00:00
CCH-008757,ACCT-000622,B0264,469.81,2026-08-02T18:59:27+00:00
CCH-008758,ACCT-000245,B0264,623.08,2026-08-02T18:59:27+00:00
CCH-008759,ACCT-000043,B0264,91.27,2026-08-02T18:59:27+00:00
CCH-008760,ACCT-000322,B0264,938.56,2026-08-02T18:59:27+00:00
CCH-008761,ACCT-000032,B0264,426.14,2026-08-02T18:59:27+00:00
CCH-008762,ACCT-000726,B0264,700.22,2026-08-02T18:59:27+00:00
CCH-008763,ACCT-000821,B0264,460.01,2026-08-02T18:59:27+00:00
CCH-008764,ACCT-000535,B0264,316.11,2026-08-02T18:59:27+00:00
CCH-008765,ACCT-000672,B0264,103.75,2026-08-02T18:59:27+00:00
CCH-008766,ACCT-000237,B0264,1000.91,2026-08-02T18:59:27+00:00
CCH-008767,ACCT-000691,B0264,189.47,2026-08-02T18:59:27+00:00
CCH-008768,ACCT-000474,B0264,437.16,2026-08-02T18:59:27+00:00
CCH-008769,ACCT-000829,B0264,534.02,2026-08-02T18:59:27+00:00
CCH-008770,ACCT-000819,B0264,45.05,2026-08-02T18:59:27+00:00
CCH-008771,ACCT-000597,B0264,539.18,2026-08-02T18:59:27+00:00
CCH-008772,ACCT-000479,B0264,154.57,2026-08-02T18:59:27+00:00
CCH-008773,ACCT-000404,B0264,311.16,2026-08-02T18:59:27+00:00
CCH-008774,ACCT-000088,B0264,629.11,2026-08-02T18:59:27+00:00
CCH-008775,ACCT-000302,B0264,645.43,2026-08-02T18:59:27+00:00
CCH-008776,ACCT-000472,B0264,530.65,2026-08-02T18:59:27+00:00
CCH-008777,ACCT-000176,B0264,298.58,2026-08-02T18:59:27+00:00
CCH-008778,ACCT-000643,B0264,124.74,2026-08-02T18:59:27+00:00
CCH-008779,ACCT-000292,B0264,29.2,2026-08-02T18:59:27+00:00
CCH-008780,ACCT-000928,B0264,286.59,2026-08-02T18:59:27+00:00
CCH-008781,ACCT-000929,B0264,334.62,2026-08-02T18:59:27+00:00
CCH-008782,ACCT-000090,B0265,541.6,2026-08-02T20:11:56+00:00
CCH-008783,ACCT-000717,B0265,659.79,2026-08-02T20:11:56+00:00
CCH-008784,ACCT-000106,B0265,162.63,2026-08-02T20:11:56+00:00
CCH-008785,ACCT-000288,B0265,1408.9,2026-08-02T20:11:56+00:00
CCH-008786,ACCT-000765,B0265,451.08,2026-08-02T20:11:56+00:00
CCH-008787,ACCT-000540,B0265,672.62,2026-08-02T20:11:56+00:00
CCH-008788,ACCT-000232,B0265,322.14,2026-08-02T20:11:56+00:00
CCH-008789,ACCT-000273,B0265,280.27,2026-08-02T20:11:56+00:00
CCH-008790,ACCT-000392,B0265,337.03,2026-08-02T20:11:56+00:00
CCH-008791,ACCT-000415,B0265,372.9,2026-08-02T20:11:56+00:00
CCH-008792,ACCT-000393,B0265,836.96,2026-08-02T20:11:56+00:00
CCH-008793,ACCT-000555,B0265,614.22,2026-08-02T20:11:56+00:00
CCH-008794,ACCT-000397,B0265,743.88,2026-08-02T20:11:56+00:00
CCH-008795,ACCT-000863,B0265,133.15,2026-08-02T20:11:56+00:00
CCH-008796,ACCT-000874,B0265,92.89,2026-08-02T20:11:56+00:00
CCH-008797,ACCT-000123,B0265,171.95,2026-08-02T20:11:56+00:00
CCH-008798,ACCT-000021,B0265,348.79,2026-08-02T20:11:56+00:00
CCH-008799,ACCT-000875,B0265,552.39,2026-08-02T20:11:56+00:00
CCH-008800,ACCT-000817,B0265,599.33,2026-08-02T20:11:56+00:00
CCH-008801,ACCT-000314,B0265,282.91,2026-08-02T20:11:56+00:00
CCH-008802,ACCT-000151,B0265,316.34,2026-08-02T20:11:56+00:00
CCH-008803,ACCT-000111,B0265,501.25,2026-08-02T20:11:56+00:00
CCH-008804,ACCT-000352,B0265,449.9,2026-08-02T20:11:56+00:00
CCH-008805,ACCT-000924,B0265,747.77,2026-08-02T20:11:56+00:00
CCH-008806,ACCT-000120,B0265,579.61,2026-08-02T20:11:56+00:00
CCH-008807,ACCT-000212,B0265,322.09,2026-08-02T20:11:56+00:00
CCH-008808,ACCT-000248,B0265,235.29,2026-08-02T20:11:56+00:00
CCH-008809,ACCT-000250,B0265,1042.85,2026-08-02T20:11:56+00:00
CCH-008810,ACCT-000550,B0265,563.66,2026-08-02T20:11:56+00:00
CCH-008811,ACCT-000425,B0265,390.99,2026-08-02T20:11:56+00:00
CCH-008812,ACCT-000318,B0265,331.83,2026-08-02T20:11:56+00:00
CCH-008813,ACCT-000524,B0265,39.08,2026-08-02T20:11:56+00:00
CCH-008814,ACCT-000686,B0265,281.93,2026-08-02T20:11:56+00:00
CCH-008815,ACCT-000930,B0265,1103.59,2026-08-02T20:11:56+00:00
CCH-008816,ACCT-000931,B0265,46.12,2026-08-02T20:11:56+00:00
CCH-008817,ACCT-000932,B0265,388.55,2026-08-02T20:11:56+00:00
CCH-008818,ACCT-000933,B0265,701.15,2026-08-02T20:11:56+00:00
CCH-008819,ACCT-000340,B0266,564.72,2026-08-02T21:22:48+00:00
CCH-008820,ACCT-000353,B0266,66.15,2026-08-02T21:22:48+00:00
CCH-008821,ACCT-000136,B0266,577.36,2026-08-02T21:22:48+00:00
CCH-008822,ACCT-000487,B0266,745.59,2026-08-02T21:22:48+00:00
CCH-008823,ACCT-000880,B0266,323.66,2026-08-02T21:22:48+00:00
CCH-008824,ACCT-000483,B0266,123.16,2026-08-02T21:22:48+00:00
CCH-008825,ACCT-000029,B0266,778.41,2026-08-02T21:22:48+00:00
CCH-008826,ACCT-000225,B0266,527.47,2026-08-02T21:22:48+00:00
CCH-008827,ACCT-000721,B0266,476.0,2026-08-02T21:22:48+00:00
CCH-008828,ACCT-000404,B0266,365.67,2026-08-02T21:22:48+00:00
CCH-008829,ACCT-000815,B0266,727.72,2026-08-02T21:22:48+00:00
CCH-008830,ACCT-000109,B0266,351.72,2026-08-02T21:22:48+00:00
CCH-008831,ACCT-000081,B0266,540.02,2026-08-02T21:22:48+00:00
CCH-008832,ACCT-000906,B0266,799.66,2026-08-02T21:22:48+00:00
CCH-008833,ACCT-000092,B0266,850.73,2026-08-02T21:22:48+00:00
CCH-008834,ACCT-000387,B0266,898.66,2026-08-02T21:22:48+00:00
CCH-008835,ACCT-000724,B0266,534.12,2026-08-02T21:22:48+00:00
CCH-008836,ACCT-000042,B0266,878.7,2026-08-02T21:22:48+00:00
CCH-008837,ACCT-000416,B0266,451.12,2026-08-02T21:22:48+00:00
CCH-008838,ACCT-000317,B0266,899.14,2026-08-02T21:22:48+00:00
CCH-008839,ACCT-000472,B0266,457.51,2026-08-02T21:22:48+00:00
CCH-008840,ACCT-000471,B0266,659.08,2026-08-02T21:22:48+00:00
CCH-008841,ACCT-000579,B0266,362.11,2026-08-02T21:22:48+00:00
CCH-008842,ACCT-000432,B0266,961.39,2026-08-02T21:22:48+00:00
CCH-008843,ACCT-000486,B0266,295.63,2026-08-02T21:22:48+00:00
CCH-008844,ACCT-000711,B0266,139.77,2026-08-02T21:22:48+00:00
CCH-008845,ACCT-000771,B0266,1056.79,2026-08-02T21:22:48+00:00
CCH-008846,ACCT-000934,B0266,72.4,2026-08-02T21:22:48+00:00
CCH-008847,ACCT-000935,B0266,843.84,2026-08-02T21:22:48+00:00
CCH-008848,ACCT-000936,B0266,502.32,2026-08-02T21:22:48+00:00
CCH-008849,ACCT-000881,B0267,655.13,2026-08-02T22:25:09+00:00
CCH-008850,ACCT-000735,B0267,553.96,2026-08-02T22:25:09+00:00
CCH-008851,ACCT-000651,B0267,463.02,2026-08-02T22:25:09+00:00
CCH-008852,ACCT-000128,B0267,193.14,2026-08-02T22:25:09+00:00
CCH-008853,ACCT-000743,B0267,427.78,2026-08-02T22:25:09+00:00
CCH-008854,ACCT-000510,B0267,643.69,2026-08-02T22:25:09+00:00
CCH-008855,ACCT-000901,B0267,21.15,2026-08-02T22:25:09+00:00
CCH-008856,ACCT-000897,B0267,153.51,2026-08-02T22:25:09+00:00
CCH-008857,ACCT-000299,B0267,130.86,2026-08-02T22:25:09+00:00
CCH-008858,ACCT-000857,B0267,833.54,2026-08-02T22:25:09+00:00
CCH-008859,ACCT-000045,B0267,482.99,2026-08-02T22:25:09+00:00
CCH-008860,ACCT-000912,B0267,717.61,2026-08-02T22:25:09+00:00
CCH-008861,ACCT-000665,B0267,327.97,2026-08-02T22:25:09+00:00
CCH-008862,ACCT-000280,B0267,312.16,2026-08-02T22:25:09+00:00
CCH-008863,ACCT-000030,B0267,376.66,2026-08-02T22:25:09+00:00
CCH-008864,ACCT-000065,B0267,858.88,2026-08-02T22:25:09+00:00
CCH-008865,ACCT-000022,B0267,1091.42,2026-08-02T22:25:09+00:00
CCH-008866,ACCT-000255,B0267,821.99,2026-08-02T22:25:09+00:00
CCH-008867,ACCT-000347,B0267,147.26,2026-08-02T22:25:09+00:00
CCH-008868,ACCT-000826,B0267,450.01,2026-08-02T22:25:09+00:00
CCH-008869,ACCT-000803,B0267,544.21,2026-08-02T22:25:09+00:00
CCH-008870,ACCT-000794,B0267,304.75,2026-08-02T22:25:09+00:00
CCH-008871,ACCT-000285,B0267,548.76,2026-08-02T22:25:09+00:00
CCH-008872,ACCT-000323,B0267,702.22,2026-08-02T22:25:09+00:00
CCH-008873,ACCT-000600,B0267,360.08,2026-08-02T22:25:09+00:00
CCH-008874,ACCT-000508,B0267,260.19,2026-08-02T22:25:09+00:00
CCH-008875,ACCT-000330,B0267,180.52,2026-08-02T22:25:09+00:00
CCH-008876,ACCT-000937,B0267,706.18,2026-08-02T22:25:09+00:00
CCH-008877,ACCT-000938,B0267,761.6,2026-08-02T22:25:09+00:00
CCH-008878,ACCT-000939,B0267,741.74,2026-08-02T22:25:09+00:00
CCH-008879,ACCT-000743,B0268,613.56,2026-08-02T23:27:18+00:00
CCH-008880,ACCT-000366,B0268,601.73,2026-08-02T23:27:18+00:00
CCH-008881,ACCT-000657,B0268,982.77,2026-08-02T23:27:18+00:00
CCH-008882,ACCT-000810,B0268,785.9,2026-08-02T23:27:18+00:00
CCH-008883,ACCT-000308,B0268,411.01,2026-08-02T23:27:18+00:00
CCH-008884,ACCT-000856,B0268,793.52,2026-08-02T23:27:18+00:00
CCH-008885,ACCT-000754,B0268,115.69,2026-08-02T23:27:18+00:00
CCH-008886,ACCT-000383,B0268,39.12,2026-08-02T23:27:18+00:00
CCH-008887,ACCT-000936,B0268,588.45,2026-08-02T23:27:18+00:00
CCH-008888,ACCT-000471,B0268,506.66,2026-08-02T23:27:18+00:00
CCH-008889,ACCT-000902,B0268,622.86,2026-08-02T23:27:18+00:00
CCH-008890,ACCT-000628,B0268,710.54,2026-08-02T23:27:18+00:00
CCH-008891,ACCT-000168,B0268,355.5,2026-08-02T23:27:18+00:00
CCH-008892,ACCT-000024,B0268,164.75,2026-08-02T23:27:18+00:00
CCH-008893,ACCT-000341,B0268,81.2,2026-08-02T23:27:18+00:00
CCH-008894,ACCT-000505,B0268,579.73,2026-08-02T23:27:18+00:00
CCH-008895,ACCT-000796,B0268,825.76,2026-08-02T23:27:18+00:00
CCH-008896,ACCT-000850,B0268,481.27,2026-08-02T23:27:18+00:00
CCH-008897,ACCT-000478,B0268,389.49,2026-08-02T23:27:18+00:00
CCH-008898,ACCT-000093,B0268,178.89,2026-08-02T23:27:18+00:00
CCH-008899,ACCT-000059,B0268,1092.49,2026-08-02T23:27:18+00:00
CCH-008900,ACCT-000216,B0268,1013.66,2026-08-02T23:27:18+00:00
CCH-008901,ACCT-000374,B0268,787.29,2026-08-02T23:27:18+00:00
CCH-008902,ACCT-000512,B0268,130.2,2026-08-02T23:27:18+00:00
CCH-008903,ACCT-000876,B0268,1034.32,2026-08-02T23:27:18+00:00
CCH-008904,ACCT-000141,B0268,206.03,2026-08-02T23:27:18+00:00
CCH-008905,ACCT-000613,B0268,287.31,2026-08-02T23:27:18+00:00
CCH-008906,ACCT-000940,B0268,276.06,2026-08-02T23:27:18+00:00
CCH-008907,ACCT-000941,B0268,467.49,2026-08-02T23:27:18+00:00
CCH-008908,ACCT-000942,B0268,511.37,2026-08-02T23:27:18+00:00
CCH-008909,ACCT-000943,B0268,783.19,2026-08-02T23:27:18+00:00
CCH-008910,ACCT-000394,B0269,212.85,2026-08-03T01:05:38+00:00
CCH-008911,ACCT-000447,B0269,794.83,2026-08-03T01:05:38+00:00
CCH-008912,ACCT-000823,B0269,742.16,2026-08-03T01:05:38+00:00
CCH-008913,ACCT-000449,B0269,742.6,2026-08-03T01:05:38+00:00
CCH-008914,ACCT-000245,B0269,866.46,2026-08-03T01:05:38+00:00
CCH-008915,ACCT-000629,B0269,644.3,2026-08-03T01:05:38+00:00
CCH-008916,ACCT-000870,B0269,233.15,2026-08-03T01:05:38+00:00
CCH-008917,ACCT-000004,B0269,348.35,2026-08-03T01:05:38+00:00
CCH-008918,ACCT-000189,B0269,519.25,2026-08-03T01:05:38+00:00
CCH-008919,ACCT-000593,B0269,283.09,2026-08-03T01:05:38+00:00
CCH-008920,ACCT-000538,B0269,438.35,2026-08-03T01:05:38+00:00
CCH-008921,ACCT-000625,B0269,406.14,2026-08-03T01:05:38+00:00
CCH-008922,ACCT-000786,B0269,369.07,2026-08-03T01:05:38+00:00
CCH-008923,ACCT-000107,B0269,387.57,2026-08-03T01:05:38+00:00
CCH-008924,ACCT-000399,B0269,421.81,2026-08-03T01:05:38+00:00
CCH-008925,ACCT-000716,B0269,359.84,2026-08-03T01:05:38+00:00
CCH-008926,ACCT-000087,B0269,179.6,2026-08-03T01:05:38+00:00
CCH-008927,ACCT-000306,B0269,651.6,2026-08-03T01:05:38+00:00
CCH-008928,ACCT-000114,B0269,95.9,2026-08-03T01:05:38+00:00
CCH-008929,ACCT-000600,B0269,774.98,2026-08-03T01:05:38+00:00
CCH-008930,ACCT-000925,B0269,769.06,2026-08-03T01:05:38+00:00
CCH-008931,ACCT-000200,B0269,367.53,2026-08-03T01:05:38+00:00
CCH-008932,ACCT-000751,B0269,667.56,2026-08-03T01:05:38+00:00
CCH-008933,ACCT-000382,B0269,260.24,2026-08-03T01:05:38+00:00
CCH-008934,ACCT-000631,B0269,649.14,2026-08-03T01:05:38+00:00
CCH-008935,ACCT-000576,B0269,249.98,2026-08-03T01:05:38+00:00
CCH-008936,ACCT-000737,B0269,488.83,2026-08-03T01:05:38+00:00
CCH-008937,ACCT-000834,B0269,219.66,2026-08-03T01:05:38+00:00
CCH-008938,ACCT-000008,B0269,773.51,2026-08-03T01:05:38+00:00
CCH-008939,ACCT-000944,B0269,42.89,2026-08-03T01:05:38+00:00
CCH-008940,ACCT-000945,B0269,1042.62,2026-08-03T01:05:38+00:00
CCH-008941,ACCT-000739,B0270,27.8,2026-08-03T04:58:23+00:00
CCH-008942,ACCT-000570,B0270,592.61,2026-08-03T04:58:23+00:00
CCH-008943,ACCT-000518,B0270,769.21,2026-08-03T04:58:23+00:00
CCH-008944,ACCT-000508,B0270,193.7,2026-08-03T04:58:23+00:00
CCH-008945,ACCT-000825,B0270,573.79,2026-08-03T04:58:23+00:00
CCH-008946,ACCT-000005,B0270,130.24,2026-08-03T04:58:23+00:00
CCH-008947,ACCT-000177,B0270,103.31,2026-08-03T04:58:23+00:00
CCH-008948,ACCT-000842,B0270,152.58,2026-08-03T04:58:23+00:00
CCH-008949,ACCT-000631,B0270,846.54,2026-08-03T04:58:23+00:00
CCH-008950,ACCT-000489,B0270,859.73,2026-08-03T04:58:23+00:00
CCH-008951,ACCT-000277,B0270,82.75,2026-08-03T04:58:23+00:00
CCH-008952,ACCT-000806,B0270,604.21,2026-08-03T04:58:23+00:00
CCH-008953,ACCT-000547,B0270,872.82,2026-08-03T04:58:23+00:00
CCH-008954,ACCT-000409,B0270,844.73,2026-08-03T04:58:23+00:00
CCH-008955,ACCT-000196,B0270,605.51,2026-08-03T04:58:23+00:00
CCH-008956,ACCT-000646,B0270,260.88,2026-08-03T04:58:23+00:00
CCH-008957,ACCT-000583,B0270,222.18,2026-08-03T04:58:23+00:00
CCH-008958,ACCT-000711,B0270,171.81,2026-08-03T04:58:23+00:00
CCH-008959,ACCT-000019,B0270,454.09,2026-08-03T04:58:23+00:00
CCH-008960,ACCT-000503,B0270,612.47,2026-08-03T04:58:23+00:00
CCH-008961,ACCT-000504,B0270,574.81,2026-08-03T04:58:23+00:00
CCH-008962,ACCT-000647,B0270,632.98,2026-08-03T04:58:23+00:00
CCH-008963,ACCT-000410,B0270,595.42,2026-08-03T04:58:23+00:00
CCH-008964,ACCT-000246,B0270,410.55,2026-08-03T04:58:23+00:00
CCH-008965,ACCT-000220,B0270,81.25,2026-08-03T04:58:23+00:00
CCH-008966,ACCT-000905,B0270,1103.81,2026-08-03T04:58:23+00:00
CCH-008967,ACCT-000254,B0270,77.01,2026-08-03T04:58:23+00:00
CCH-008968,ACCT-000276,B0270,219.46,2026-08-03T04:58:23+00:00
CCH-008969,ACCT-000946,B0270,462.45,2026-08-03T04:58:23+00:00
CCH-008970,ACCT-000947,B0270,320.46,2026-08-03T04:58:23+00:00
CCH-008971,ACCT-000948,B0270,370.83,2026-08-03T04:58:23+00:00
CCH-008972,ACCT-000277,B0271,482.9,2026-08-03T08:28:07+00:00
CCH-008973,ACCT-000381,B0271,215.79,2026-08-03T08:28:07+00:00
CCH-008974,ACCT-000343,B0271,332.38,2026-08-03T08:28:07+00:00
CCH-008975,ACCT-000349,B0271,439.95,2026-08-03T08:28:07+00:00
CCH-008976,ACCT-000834,B0271,521.18,2026-08-03T08:28:07+00:00
CCH-008977,ACCT-000669,B0271,469.06,2026-08-03T08:28:07+00:00
CCH-008978,ACCT-000424,B0271,560.11,2026-08-03T08:28:07+00:00
CCH-008979,ACCT-000378,B0271,609.4,2026-08-03T08:28:07+00:00
CCH-008980,ACCT-000284,B0271,390.3,2026-08-03T08:28:07+00:00
CCH-008981,ACCT-000825,B0271,954.27,2026-08-03T08:28:07+00:00
CCH-008982,ACCT-000364,B0271,566.74,2026-08-03T08:28:07+00:00
CCH-008983,ACCT-000319,B0271,105.21,2026-08-03T08:28:07+00:00
CCH-008984,ACCT-000062,B0271,84.98,2026-08-03T08:28:07+00:00
CCH-008985,ACCT-000201,B0271,74.32,2026-08-03T08:28:07+00:00
CCH-008986,ACCT-000639,B0271,185.49,2026-08-03T08:28:07+00:00
CCH-008987,ACCT-000538,B0271,1151.5,2026-08-03T08:28:07+00:00
CCH-008988,ACCT-000297,B0271,325.73,2026-08-03T08:28:07+00:00
CCH-008989,ACCT-000910,B0271,636.11,2026-08-03T08:28:07+00:00
CCH-008990,ACCT-000651,B0271,656.95,2026-08-03T08:28:07+00:00
CCH-008991,ACCT-000093,B0271,636.22,2026-08-03T08:28:07+00:00
CCH-008992,ACCT-000095,B0271,1084.74,2026-08-03T08:28:07+00:00
CCH-008993,ACCT-000430,B0271,724.67,2026-08-03T08:28:07+00:00
CCH-008994,ACCT-000182,B0271,428.21,2026-08-03T08:28:07+00:00
CCH-008995,ACCT-000584,B0271,680.18,2026-08-03T08:28:07+00:00
CCH-008996,ACCT-000147,B0271,309.36,2026-08-03T08:28:07+00:00
CCH-008997,ACCT-000826,B0271,137.28,2026-08-03T08:28:07+00:00
CCH-008998,ACCT-000320,B0271,431.61,2026-08-03T08:28:07+00:00
CCH-008999,ACCT-000728,B0271,486.74,2026-08-03T08:28:07+00:00
CCH-009000,ACCT-000747,B0271,629.35,2026-08-03T08:28:07+00:00
CCH-009001,ACCT-000907,B0271,278.95,2026-08-03T08:28:07+00:00
CCH-009002,ACCT-000411,B0271,160.92,2026-08-03T08:28:07+00:00
CCH-009003,ACCT-000799,B0271,440.48,2026-08-03T08:28:07+00:00
CCH-009004,ACCT-000014,B0271,542.59,2026-08-03T08:28:07+00:00
CCH-009005,ACCT-000949,B0271,446.47,2026-08-03T08:28:07+00:00
CCH-009006,ACCT-000950,B0271,743.69,2026-08-03T08:28:07+00:00
CCH-009007,ACCT-000951,B0271,191.04,2026-08-03T08:28:07+00:00
CCH-009008,ACCT-000680,B0272,662.16,2026-08-03T11:56:36+00:00
CCH-009009,ACCT-000778,B0272,237.71,2026-08-03T11:56:36+00:00
CCH-009010,ACCT-000098,B0272,350.73,2026-08-03T11:56:36+00:00
CCH-009011,ACCT-000205,B0272,50.53,2026-08-03T11:56:36+00:00
CCH-009012,ACCT-000085,B0272,366.85,2026-08-03T11:56:36+00:00
CCH-009013,ACCT-000615,B0272,416.34,2026-08-03T11:56:36+00:00
CCH-009014,ACCT-000723,B0272,762.27,2026-08-03T11:56:36+00:00
CCH-009015,ACCT-000796,B0272,254.33,2026-08-03T11:56:36+00:00
CCH-009016,ACCT-000110,B0272,704.75,2026-08-03T11:56:36+00:00
CCH-009017,ACCT-000782,B0272,78.57,2026-08-03T11:56:36+00:00
CCH-009018,ACCT-000731,B0272,284.03,2026-08-03T11:56:36+00:00
CCH-009019,ACCT-000313,B0272,342.86,2026-08-03T11:56:36+00:00
CCH-009020,ACCT-000231,B0272,672.04,2026-08-03T11:56:36+00:00
CCH-009021,ACCT-000661,B0272,385.43,2026-08-03T11:56:36+00:00
CCH-009022,ACCT-000103,B0272,456.34,2026-08-03T11:56:36+00:00
CCH-009023,ACCT-000417,B0272,31.95,2026-08-03T11:56:36+00:00
CCH-009024,ACCT-000371,B0272,145.38,2026-08-03T11:56:36+00:00
CCH-009025,ACCT-000481,B0272,712.8,2026-08-03T11:56:36+00:00
CCH-009026,ACCT-000393,B0272,411.61,2026-08-03T11:56:36+00:00
CCH-009027,ACCT-000055,B0272,387.74,2026-08-03T11:56:36+00:00
CCH-009028,ACCT-000817,B0272,576.64,2026-08-03T11:56:36+00:00
CCH-009029,ACCT-000913,B0272,664.29,2026-08-03T11:56:36+00:00
CCH-009030,ACCT-000257,B0272,601.4,2026-08-03T11:56:36+00:00
CCH-009031,ACCT-000290,B0272,153.62,2026-08-03T11:56:36+00:00
CCH-009032,ACCT-000105,B0272,582.15,2026-08-03T11:56:36+00:00
CCH-009033,ACCT-000952,B0272,342.82,2026-08-03T11:56:36+00:00
CCH-009034,ACCT-000953,B0272,56.57,2026-08-03T11:56:36+00:00
CCH-009035,ACCT-000954,B0272,236.24,2026-08-03T11:56:36+00:00
CCH-009036,ACCT-000827,B0273,382.4,2026-08-03T14:26:30+00:00
CCH-009037,ACCT-000662,B0273,458.88,2026-08-03T14:26:30+00:00
CCH-009038,ACCT-000480,B0273,490.84,2026-08-03T14:26:30+00:00
CCH-009039,ACCT-000245,B0273,841.9,2026-08-03T14:26:30+00:00
CCH-009040,ACCT-000865,B0273,436.71,2026-08-03T14:26:30+00:00
CCH-009041,ACCT-000230,B0273,362.57,2026-08-03T14:26:30+00:00
CCH-009042,ACCT-000564,B0273,900.65,2026-08-03T14:26:30+00:00
CCH-009043,ACCT-000659,B0273,667.38,2026-08-03T14:26:30+00:00
CCH-009044,ACCT-000340,B0273,673.44,2026-08-03T14:26:30+00:00
CCH-009045,ACCT-000433,B0273,573.93,2026-08-03T14:26:30+00:00
CCH-009046,ACCT-000921,B0273,575.29,2026-08-03T14:26:30+00:00
CCH-009047,ACCT-000642,B0273,352.03,2026-08-03T14:26:30+00:00
CCH-009048,ACCT-000877,B0273,963.31,2026-08-03T14:26:30+00:00
CCH-009049,ACCT-000671,B0273,600.95,2026-08-03T14:26:30+00:00
CCH-009050,ACCT-000779,B0273,905.4,2026-08-03T14:26:30+00:00
CCH-009051,ACCT-000262,B0273,335.08,2026-08-03T14:26:30+00:00
CCH-009052,ACCT-000016,B0273,492.24,2026-08-03T14:26:30+00:00
CCH-009053,ACCT-000401,B0273,142.27,2026-08-03T14:26:30+00:00
CCH-009054,ACCT-000624,B0273,185.85,2026-08-03T14:26:30+00:00
CCH-009055,ACCT-000204,B0273,313.92,2026-08-03T14:26:30+00:00
CCH-009056,ACCT-000205,B0273,1170.07,2026-08-03T14:26:30+00:00
CCH-009057,ACCT-000705,B0273,297.2,2026-08-03T14:26:30+00:00
CCH-009058,ACCT-000452,B0273,22.32,2026-08-03T14:26:30+00:00
CCH-009059,ACCT-000522,B0273,217.06,2026-08-03T14:26:30+00:00
CCH-009060,ACCT-000142,B0273,349.74,2026-08-03T14:26:30+00:00
CCH-009061,ACCT-000635,B0273,625.76,2026-08-03T14:26:30+00:00
CCH-009062,ACCT-000118,B0273,769.09,2026-08-03T14:26:30+00:00
CCH-009063,ACCT-000783,B0273,995.18,2026-08-03T14:26:30+00:00
CCH-009064,ACCT-000417,B0273,929.45,2026-08-03T14:26:30+00:00
CCH-009065,ACCT-000799,B0273,639.86,2026-08-03T14:26:30+00:00
CCH-009066,ACCT-000502,B0273,281.54,2026-08-03T14:26:30+00:00
CCH-009067,ACCT-000955,B0273,356.04,2026-08-03T14:26:30+00:00
CCH-009068,ACCT-000956,B0273,686.35,2026-08-03T14:26:30+00:00
CCH-009069,ACCT-000728,B0274,670.33,2026-08-03T16:55:59+00:00
CCH-009070,ACCT-000375,B0274,776.55,2026-08-03T16:55:59+00:00
CCH-009071,ACCT-000689,B0274,471.86,2026-08-03T16:55:59+00:00
CCH-009072,ACCT-000687,B0274,970.24,2026-08-03T16:55:59+00:00
CCH-009073,ACCT-000362,B0274,640.24,2026-08-03T16:55:59+00:00
CCH-009074,ACCT-000732,B0274,290.91,2026-08-03T16:55:59+00:00
CCH-009075,ACCT-000656,B0274,416.78,2026-08-03T16:55:59+00:00
CCH-009076,ACCT-000478,B0274,715.91,2026-08-03T16:55:59+00:00
CCH-009077,ACCT-000879,B0274,346.21,2026-08-03T16:55:59+00:00
CCH-009078,ACCT-000626,B0274,693.48,2026-08-03T16:55:59+00:00
CCH-009079,ACCT-000498,B0274,817.5,2026-08-03T16:55:59+00:00
CCH-009080,ACCT-000058,B0274,339.77,2026-08-03T16:55:59+00:00
CCH-009081,ACCT-000397,B0274,391.47,2026-08-03T16:55:59+00:00
CCH-009082,ACCT-000241,B0274,257.03,2026-08-03T16:55:59+00:00
CCH-009083,ACCT-000132,B0274,512.94,2026-08-03T16:55:59+00:00
CCH-009084,ACCT-000285,B0274,269.8,2026-08-03T16:55:59+00:00
CCH-009085,ACCT-000690,B0274,446.01,2026-08-03T16:55:59+00:00
CCH-009086,ACCT-000243,B0274,680.14,2026-08-03T16:55:59+00:00
CCH-009087,ACCT-000432,B0274,469.64,2026-08-03T16:55:59+00:00
CCH-009088,ACCT-000707,B0274,738.4,2026-08-03T16:55:59+00:00
CCH-009089,ACCT-000462,B0274,620.39,2026-08-03T16:55:59+00:00
CCH-009090,ACCT-000765,B0274,415.94,2026-08-03T16:55:59+00:00
CCH-009091,ACCT-000908,B0274,210.14,2026-08-03T16:55:59+00:00
CCH-009092,ACCT-000715,B0274,288.09,2026-08-03T16:55:59+00:00
CCH-009093,ACCT-000196,B0274,898.58,2026-08-03T16:55:59+00:00
CCH-009094,ACCT-000813,B0274,366.12,2026-08-03T16:55:59+00:00
CCH-009095,ACCT-000403,B0274,244.63,2026-08-03T16:55:59+00:00
CCH-009096,ACCT-000510,B0274,494.55,2026-08-03T16:55:59+00:00
CCH-009097,ACCT-000297,B0274,545.06,2026-08-03T16:55:59+00:00
CCH-009098,ACCT-000199,B0274,168.03,2026-08-03T16:55:59+00:00
CCH-009099,ACCT-000536,B0274,92.59,2026-08-03T16:55:59+00:00
CCH-009100,ACCT-000258,B0274,61.91,2026-08-03T16:55:59+00:00
CCH-009101,ACCT-000747,B0274,927.94,2026-08-03T16:55:59+00:00
CCH-009102,ACCT-000957,B0274,748.33,2026-08-03T16:55:59+00:00
CCH-009103,ACCT-000958,B0274,817.77,2026-08-03T16:55:59+00:00
CCH-009104,ACCT-000273,B0275,684.26,2026-08-03T18:44:49+00:00
CCH-009105,ACCT-000683,B0275,243.3,2026-08-03T18:44:49+00:00
CCH-009106,ACCT-000859,B0275,37.39,2026-08-03T18:44:49+00:00
CCH-009107,ACCT-000092,B0275,1230.17,2026-08-03T18:44:49+00:00
CCH-009108,ACCT-000370,B0275,769.05,2026-08-03T18:44:49+00:00
CCH-009109,ACCT-000795,B0275,851.01,2026-08-03T18:44:49+00:00
CCH-009110,ACCT-000847,B0275,766.13,2026-08-03T18:44:49+00:00
CCH-009111,ACCT-000757,B0275,720.66,2026-08-03T18:44:49+00:00
CCH-009112,ACCT-000533,B0275,385.48,2026-08-03T18:44:49+00:00
CCH-009113,ACCT-000902,B0275,537.79,2026-08-03T18:44:49+00:00
CCH-009114,ACCT-000137,B0275,496.33,2026-08-03T18:44:49+00:00
CCH-009115,ACCT-000600,B0275,759.48,2026-08-03T18:44:49+00:00
CCH-009116,ACCT-000561,B0275,288.84,2026-08-03T18:44:49+00:00
CCH-009117,ACCT-000906,B0275,411.46,2026-08-03T18:44:49+00:00
CCH-009118,ACCT-000599,B0275,397.65,2026-08-03T18:44:49+00:00
CCH-009119,ACCT-000345,B0275,388.23,2026-08-03T18:44:49+00:00
CCH-009120,ACCT-000317,B0275,341.67,2026-08-03T18:44:49+00:00
CCH-009121,ACCT-000499,B0275,537.42,2026-08-03T18:44:49+00:00
CCH-009122,ACCT-000870,B0275,1032.9,2026-08-03T18:44:49+00:00
CCH-009123,ACCT-000661,B0275,667.23,2026-08-03T18:44:49+00:00
CCH-009124,ACCT-000554,B0275,543.2,2026-08-03T18:44:49+00:00
CCH-009125,ACCT-000634,B0275,936.02,2026-08-03T18:44:49+00:00
CCH-009126,ACCT-000116,B0275,247.06,2026-08-03T18:44:49+00:00
CCH-009127,ACCT-000863,B0275,1243.17,2026-08-03T18:44:49+00:00
CCH-009128,ACCT-000313,B0275,369.45,2026-08-03T18:44:49+00:00
CCH-009129,ACCT-000227,B0275,537.14,2026-08-03T18:44:49+00:00
CCH-009130,ACCT-000030,B0275,201.36,2026-08-03T18:44:49+00:00
CCH-009131,ACCT-000646,B0275,521.38,2026-08-03T18:44:49+00:00
CCH-009132,ACCT-000910,B0275,287.37,2026-08-03T18:44:49+00:00
CCH-009133,ACCT-000235,B0275,116.24,2026-08-03T18:44:49+00:00
CCH-009134,ACCT-000146,B0275,1112.37,2026-08-03T18:44:49+00:00
CCH-009135,ACCT-000195,B0275,170.83,2026-08-03T18:44:49+00:00
CCH-009136,ACCT-000959,B0275,654.24,2026-08-03T18:44:49+00:00
CCH-009137,ACCT-000960,B0275,1060.35,2026-08-03T18:44:49+00:00
CCH-009138,ACCT-000961,B0275,575.96,2026-08-03T18:44:49+00:00
CCH-009139,ACCT-000376,B0276,724.0,2026-08-03T20:21:28+00:00
CCH-009140,ACCT-000587,B0276,183.7,2026-08-03T20:21:28+00:00
CCH-009141,ACCT-000844,B0276,795.36,2026-08-03T20:21:28+00:00
CCH-009142,ACCT-000954,B0276,266.83,2026-08-03T20:21:28+00:00
CCH-009143,ACCT-000308,B0276,620.0,2026-08-03T20:21:28+00:00
CCH-009144,ACCT-000663,B0276,388.73,2026-08-03T20:21:28+00:00
CCH-009145,ACCT-000537,B0276,792.53,2026-08-03T20:21:28+00:00
CCH-009146,ACCT-000783,B0276,1022.63,2026-08-03T20:21:28+00:00
CCH-009147,ACCT-000679,B0276,202.05,2026-08-03T20:21:28+00:00
CCH-009148,ACCT-000620,B0276,440.88,2026-08-03T20:21:28+00:00
CCH-009149,ACCT-000109,B0276,739.51,2026-08-03T20:21:28+00:00
CCH-009150,ACCT-000354,B0276,292.69,2026-08-03T20:21:28+00:00
CCH-009151,ACCT-000351,B0276,835.68,2026-08-03T20:21:28+00:00
CCH-009152,ACCT-000213,B0276,407.92,2026-08-03T20:21:28+00:00
CCH-009153,ACCT-000489,B0276,418.13,2026-08-03T20:21:28+00:00
CCH-009154,ACCT-000730,B0276,418.08,2026-08-03T20:21:28+00:00
CCH-009155,ACCT-000014,B0276,500.06,2026-08-03T20:21:28+00:00
CCH-009156,ACCT-000183,B0276,499.36,2026-08-03T20:21:28+00:00
CCH-009157,ACCT-000915,B0276,65.98,2026-08-03T20:21:28+00:00
CCH-009158,ACCT-000420,B0276,389.31,2026-08-03T20:21:28+00:00
CCH-009159,ACCT-000009,B0276,666.87,2026-08-03T20:21:28+00:00
CCH-009160,ACCT-000878,B0276,511.15,2026-08-03T20:21:28+00:00
CCH-009161,ACCT-000439,B0276,241.64,2026-08-03T20:21:28+00:00
CCH-009162,ACCT-000049,B0276,294.77,2026-08-03T20:21:28+00:00
CCH-009163,ACCT-000016,B0276,321.0,2026-08-03T20:21:28+00:00
CCH-009164,ACCT-000711,B0276,738.29,2026-08-03T20:21:28+00:00
CCH-009165,ACCT-000392,B0276,337.36,2026-08-03T20:21:28+00:00
CCH-009166,ACCT-000715,B0276,929.9,2026-08-03T20:21:28+00:00
CCH-009167,ACCT-000962,B0276,137.95,2026-08-03T20:21:28+00:00
CCH-009168,ACCT-000963,B0276,601.17,2026-08-03T20:21:28+00:00
CCH-009169,ACCT-000964,B0276,389.01,2026-08-03T20:21:28+00:00
CCH-009170,ACCT-000965,B0276,259.28,2026-08-03T20:21:28+00:00
CCH-009171,ACCT-000147,B0277,412.23,2026-08-03T21:37:16+00:00
CCH-009172,ACCT-000171,B0277,973.98,2026-08-03T21:37:16+00:00
CCH-009173,ACCT-000240,B0277,187.52,2026-08-03T21:37:16+00:00
CCH-009174,ACCT-000177,B0277,238.37,2026-08-03T21:37:16+00:00
CCH-009175,ACCT-000111,B0277,557.24,2026-08-03T21:37:16+00:00
CCH-009176,ACCT-000893,B0277,392.8,2026-08-03T21:37:16+00:00
CCH-009177,ACCT-000297,B0277,195.38,2026-08-03T21:37:16+00:00
CCH-009178,ACCT-000855,B0277,452.11,2026-08-03T21:37:16+00:00
CCH-009179,ACCT-000936,B0277,384.61,2026-08-03T21:37:16+00:00
CCH-009180,ACCT-000654,B0277,271.1,2026-08-03T21:37:16+00:00
CCH-009181,ACCT-000176,B0277,689.1,2026-08-03T21:37:16+00:00
CCH-009182,ACCT-000458,B0277,471.94,2026-08-03T21:37:16+00:00
CCH-009183,ACCT-000678,B0277,727.01,2026-08-03T21:37:16+00:00
CCH-009184,ACCT-000707,B0277,325.64,2026-08-03T21:37:16+00:00
CCH-009185,ACCT-000902,B0277,498.16,2026-08-03T21:37:16+00:00
CCH-009186,ACCT-000779,B0277,650.35,2026-08-03T21:37:16+00:00
CCH-009187,ACCT-000375,B0277,774.92,2026-08-03T21:37:16+00:00
CCH-009188,ACCT-000689,B0277,198.55,2026-08-03T21:37:16+00:00
CCH-009189,ACCT-000020,B0277,484.23,2026-08-03T21:37:16+00:00
CCH-009190,ACCT-000572,B0277,923.07,2026-08-03T21:37:16+00:00
CCH-009191,ACCT-000841,B0277,379.21,2026-08-03T21:37:16+00:00
CCH-009192,ACCT-000262,B0277,918.22,2026-08-03T21:37:16+00:00
CCH-009193,ACCT-000695,B0277,826.3,2026-08-03T21:37:16+00:00
CCH-009194,ACCT-000391,B0277,599.85,2026-08-03T21:37:16+00:00
CCH-009195,ACCT-000011,B0277,179.37,2026-08-03T21:37:16+00:00
CCH-009196,ACCT-000519,B0277,520.5,2026-08-03T21:37:16+00:00
CCH-009197,ACCT-000691,B0277,840.72,2026-08-03T21:37:16+00:00
CCH-009198,ACCT-000953,B0277,974.04,2026-08-03T21:37:16+00:00
CCH-009199,ACCT-000456,B0277,256.5,2026-08-03T21:37:16+00:00
CCH-009200,ACCT-000708,B0277,694.21,2026-08-03T21:37:16+00:00
CCH-009201,ACCT-000134,B0277,780.16,2026-08-03T21:37:16+00:00
CCH-009202,ACCT-000557,B0277,579.73,2026-08-03T21:37:16+00:00
CCH-009203,ACCT-000966,B0277,503.83,2026-08-03T21:37:16+00:00
CCH-009204,ACCT-000967,B0277,383.66,2026-08-03T21:37:16+00:00
CCH-009205,ACCT-000968,B0277,764.2,2026-08-03T21:37:16+00:00
CCH-009206,ACCT-000969,B0277,114.54,2026-08-03T21:37:16+00:00
CCH-009207,ACCT-000746,B0278,1061.44,2026-08-03T22:54:09+00:00
CCH-009208,ACCT-000785,B0278,432.89,2026-08-03T22:54:09+00:00
CCH-009209,ACCT-000158,B0278,112.5,2026-08-03T22:54:09+00:00
CCH-009210,ACCT-000385,B0278,328.92,2026-08-03T22:54:09+00:00
CCH-009211,ACCT-000880,B0278,307.56,2026-08-03T22:54:09+00:00
CCH-009212,ACCT-000732,B0278,236.44,2026-08-03T22:54:09+00:00
CCH-009213,ACCT-000010,B0278,680.2,2026-08-03T22:54:09+00:00
CCH-009214,ACCT-000466,B0278,197.72,2026-08-03T22:54:09+00:00
CCH-009215,ACCT-000796,B0278,789.3,2026-08-03T22:54:09+00:00
CCH-009216,ACCT-000961,B0278,1026.09,2026-08-03T22:54:09+00:00
CCH-009217,ACCT-000564,B0278,743.88,2026-08-03T22:54:09+00:00
CCH-009218,ACCT-000828,B0278,66.62,2026-08-03T22:54:09+00:00
CCH-009219,ACCT-000524,B0278,914.53,2026-08-03T22:54:09+00:00
CCH-009220,ACCT-000178,B0278,657.99,2026-08-03T22:54:09+00:00
CCH-009221,ACCT-000894,B0278,220.57,2026-08-03T22:54:09+00:00
CCH-009222,ACCT-000357,B0278,205.34,2026-08-03T22:54:09+00:00
CCH-009223,ACCT-000653,B0278,754.05,2026-08-03T22:54:09+00:00
CCH-009224,ACCT-000874,B0278,203.23,2026-08-03T22:54:09+00:00
CCH-009225,ACCT-000923,B0278,747.47,2026-08-03T22:54:09+00:00
CCH-009226,ACCT-000400,B0278,1322.83,2026-08-03T22:54:09+00:00
CCH-009227,ACCT-000175,B0278,167.44,2026-08-03T22:54:09+00:00
CCH-009228,ACCT-000678,B0278,378.21,2026-08-03T22:54:09+00:00
CCH-009229,ACCT-000704,B0278,382.99,2026-08-03T22:54:09+00:00
CCH-009230,ACCT-000517,B0278,850.29,2026-08-03T22:54:09+00:00
CCH-009231,ACCT-000177,B0278,195.49,2026-08-03T22:54:09+00:00
CCH-009232,ACCT-000942,B0278,739.46,2026-08-03T22:54:09+00:00
CCH-009233,ACCT-000374,B0278,841.12,2026-08-03T22:54:09+00:00
CCH-009234,ACCT-000700,B0278,878.53,2026-08-03T22:54:09+00:00
CCH-009235,ACCT-000644,B0278,403.18,2026-08-03T22:54:09+00:00
CCH-009236,ACCT-000205,B0278,727.39,2026-08-03T22:54:09+00:00
CCH-009237,ACCT-000970,B0278,895.14,2026-08-03T22:54:09+00:00
CCH-009238,ACCT-000971,B0278,103.25,2026-08-03T22:54:09+00:00
CCH-009239,ACCT-000972,B0278,1054.17,2026-08-03T22:54:09+00:00
CCH-009240,ACCT-000973,B0278,253.36,2026-08-03T22:54:09+00:00
CCH-009241,ACCT-000217,B0279,408.18,2026-08-04T00:01:44+00:00
CCH-009242,ACCT-000323,B0279,354.03,2026-08-04T00:01:44+00:00
CCH-009243,ACCT-000411,B0279,225.23,2026-08-04T00:01:44+00:00
CCH-009244,ACCT-000502,B0279,889.59,2026-08-04T00:01:44+00:00
CCH-009245,ACCT-000542,B0279,832.33,2026-08-04T00:01:44+00:00
CCH-009246,ACCT-000252,B0279,632.45,2026-08-04T00:01:44+00:00
CCH-009247,ACCT-000909,B0279,688.53,2026-08-04T00:01:44+00:00
CCH-009248,ACCT-000248,B0279,461.37,2026-08-04T00:01:44+00:00
CCH-009249,ACCT-000690,B0279,266.51,2026-08-04T00:01:44+00:00
CCH-009250,ACCT-000450,B0279,385.15,2026-08-04T00:01:44+00:00
CCH-009251,ACCT-000896,B0279,494.56,2026-08-04T00:01:44+00:00
CCH-009252,ACCT-000906,B0279,348.17,2026-08-04T00:01:44+00:00
CCH-009253,ACCT-000869,B0279,723.59,2026-08-04T00:01:44+00:00
CCH-009254,ACCT-000454,B0279,708.13,2026-08-04T00:01:44+00:00
CCH-009255,ACCT-000848,B0279,853.86,2026-08-04T00:01:44+00:00
CCH-009256,ACCT-000685,B0279,204.0,2026-08-04T00:01:44+00:00
CCH-009257,ACCT-000256,B0279,745.47,2026-08-04T00:01:44+00:00
CCH-009258,ACCT-000549,B0279,260.43,2026-08-04T00:01:44+00:00
CCH-009259,ACCT-000880,B0279,809.59,2026-08-04T00:01:44+00:00
CCH-009260,ACCT-000834,B0279,429.32,2026-08-04T00:01:44+00:00
CCH-009261,ACCT-000767,B0279,693.88,2026-08-04T00:01:44+00:00
CCH-009262,ACCT-000354,B0279,554.14,2026-08-04T00:01:44+00:00
CCH-009263,ACCT-000940,B0279,238.58,2026-08-04T00:01:44+00:00
CCH-009264,ACCT-000783,B0279,442.87,2026-08-04T00:01:44+00:00
CCH-009265,ACCT-000302,B0279,168.45,2026-08-04T00:01:44+00:00
CCH-009266,ACCT-000845,B0279,252.0,2026-08-04T00:01:44+00:00
CCH-009267,ACCT-000136,B0279,256.98,2026-08-04T00:01:44+00:00
CCH-009268,ACCT-000810,B0279,235.5,2026-08-04T00:01:44+00:00
CCH-009269,ACCT-000342,B0279,755.41,2026-08-04T00:01:44+00:00
CCH-009270,ACCT-000046,B0279,1083.97,2026-08-04T00:01:44+00:00
CCH-009271,ACCT-000067,B0279,579.0,2026-08-04T00:01:44+00:00
CCH-009272,ACCT-000599,B0279,753.58,2026-08-04T00:01:44+00:00
CCH-009273,ACCT-000508,B0279,264.91,2026-08-04T00:01:44+00:00
CCH-009274,ACCT-000503,B0279,337.35,2026-08-04T00:01:44+00:00
CCH-009275,ACCT-000974,B0279,1019.04,2026-08-04T00:01:44+00:00
CCH-009276,ACCT-000975,B0279,545.97,2026-08-04T00:01:44+00:00
CCH-009277,ACCT-000976,B0279,796.48,2026-08-04T00:01:44+00:00
CCH-009278,ACCT-000700,B0280,468.47,2026-08-04T03:46:20+00:00
CCH-009279,ACCT-000244,B0280,882.86,2026-08-04T03:46:20+00:00
CCH-009280,ACCT-000494,B0280,342.76,2026-08-04T03:46:20+00:00
CCH-009281,ACCT-000247,B0280,492.19,2026-08-04T03:46:20+00:00
CCH-009282,ACCT-000638,B0280,303.11,2026-08-04T03:46:20+00:00
CCH-009283,ACCT-000196,B0280,570.32,2026-08-04T03:46:20+00:00
CCH-009284,ACCT-000208,B0280,163.81,2026-08-04T03:46:20+00:00
CCH-009285,ACCT-000217,B0280,193.76,2026-08-04T03:46:20+00:00
CCH-009286,ACCT-000562,B0280,380.93,2026-08-04T03:46:20+00:00
CCH-009287,ACCT-000843,B0280,93.96,2026-08-04T03:46:20+00:00
CCH-009288,ACCT-000546,B0280,897.09,2026-08-04T03:46:20+00:00
CCH-009289,ACCT-000744,B0280,399.47,2026-08-04T03:46:20+00:00
CCH-009290,ACCT-000829,B0280,434.54,2026-08-04T03:46:20+00:00
CCH-009291,ACCT-000142,B0280,759.84,2026-08-04T03:46:20+00:00
CCH-009292,ACCT-000623,B0280,992.44,2026-08-04T03:46:20+00:00
CCH-009293,ACCT-000480,B0280,616.93,2026-08-04T03:46:20+00:00
CCH-009294,ACCT-000881,B0280,410.42,2026-08-04T03:46:20+00:00
CCH-009295,ACCT-000602,B0280,320.22,2026-08-04T03:46:20+00:00
CCH-009296,ACCT-000659,B0280,359.25,2026-08-04T03:46:20+00:00
CCH-009297,ACCT-000280,B0280,630.26,2026-08-04T03:46:20+00:00
CCH-009298,ACCT-000273,B0280,34.3,2026-08-04T03:46:20+00:00
CCH-009299,ACCT-000008,B0280,233.54,2026-08-04T03:46:20+00:00
CCH-009300,ACCT-000518,B0280,54.94,2026-08-04T03:46:20+00:00
CCH-009301,ACCT-000434,B0280,344.58,2026-08-04T03:46:20+00:00
CCH-009302,ACCT-000674,B0280,494.4,2026-08-04T03:46:20+00:00
CCH-009303,ACCT-000977,B0280,565.23,2026-08-04T03:46:20+00:00
CCH-009304,ACCT-000978,B0280,1311.87,2026-08-04T03:46:20+00:00
CCH-009305,ACCT-000222,B0281,357.16,2026-08-04T06:21:32+00:00
CCH-009306,ACCT-000248,B0281,618.11,2026-08-04T06:21:32+00:00
CCH-009307,ACCT-000684,B0281,197.36,2026-08-04T06:21:32+00:00
CCH-009308,ACCT-000597,B0281,829.0,2026-08-04T06:21:32+00:00
CCH-009309,ACCT-000760,B0281,534.82,2026-08-04T06:21:32+00:00
CCH-009310,ACCT-000019,B0281,580.23,2026-08-04T06:21:32+00:00
CCH-009311,ACCT-000388,B0281,559.02,2026-08-04T06:21:32+00:00
CCH-009312,ACCT-000632,B0281,435.46,2026-08-04T06:21:32+00:00
CCH-009313,ACCT-000554,B0281,304.84,2026-08-04T06:21:32+00:00
CCH-009314,ACCT-000877,B0281,148.12,2026-08-04T06:21:32+00:00
CCH-009315,ACCT-000058,B0281,802.83,2026-08-04T06:21:32+00:00
CCH-009316,ACCT-000042,B0281,437.19,2026-08-04T06:21:32+00:00
CCH-009317,ACCT-000608,B0281,566.3,2026-08-04T06:21:32+00:00
CCH-009318,ACCT-000635,B0281,352.18,2026-08-04T06:21:32+00:00
CCH-009319,ACCT-000785,B0281,493.26,2026-08-04T06:21:32+00:00
CCH-009320,ACCT-000860,B0281,483.08,2026-08-04T06:21:32+00:00
CCH-009321,ACCT-000171,B0281,570.98,2026-08-04T06:21:32+00:00
CCH-009322,ACCT-000153,B0281,319.25,2026-08-04T06:21:32+00:00
CCH-009323,ACCT-000481,B0281,168.54,2026-08-04T06:21:32+00:00
CCH-009324,ACCT-000088,B0281,26.95,2026-08-04T06:21:32+00:00
CCH-009325,ACCT-000263,B0281,490.54,2026-08-04T06:21:32+00:00
CCH-009326,ACCT-000678,B0281,280.85,2026-08-04T06:21:32+00:00
CCH-009327,ACCT-000483,B0281,374.51,2026-08-04T06:21:32+00:00
CCH-009328,ACCT-000281,B0281,970.07,2026-08-04T06:21:32+00:00
CCH-009329,ACCT-000787,B0281,712.5,2026-08-04T06:21:32+00:00
CCH-009330,ACCT-000735,B0281,489.24,2026-08-04T06:21:32+00:00
CCH-009331,ACCT-000072,B0281,493.36,2026-08-04T06:21:32+00:00
CCH-009332,ACCT-000832,B0281,306.93,2026-08-04T06:21:32+00:00
CCH-009333,ACCT-000515,B0281,587.29,2026-08-04T06:21:32+00:00
CCH-009334,ACCT-000969,B0281,859.45,2026-08-04T06:21:32+00:00
CCH-009335,ACCT-000979,B0281,1062.95,2026-08-04T06:21:32+00:00
CCH-009336,ACCT-000980,B0281,344.72,2026-08-04T06:21:32+00:00
CCH-009337,ACCT-000897,B0282,654.49,2026-08-04T09:18:49+00:00
CCH-009338,ACCT-000954,B0282,257.1,2026-08-04T09:18:49+00:00
CCH-009339,ACCT-000949,B0282,690.92,2026-08-04T09:18:49+00:00
CCH-009340,ACCT-000186,B0282,1328.35,2026-08-04T09:18:49+00:00
CCH-009341,ACCT-000322,B0282,992.79,2026-08-04T09:18:49+00:00
CCH-009342,ACCT-000368,B0282,367.96,2026-08-04T09:18:49+00:00
CCH-009343,ACCT-000261,B0282,300.82,2026-08-04T09:18:49+00:00
CCH-009344,ACCT-000860,B0282,94.32,2026-08-04T09:18:49+00:00
CCH-009345,ACCT-000976,B0282,615.89,2026-08-04T09:18:49+00:00
CCH-009346,ACCT-000865,B0282,371.26,2026-08-04T09:18:49+00:00
CCH-009347,ACCT-000248,B0282,768.94,2026-08-04T09:18:49+00:00
CCH-009348,ACCT-000969,B0282,871.04,2026-08-04T09:18:49+00:00
CCH-009349,ACCT-000388,B0282,607.56,2026-08-04T09:18:49+00:00
CCH-009350,ACCT-000535,B0282,568.74,2026-08-04T09:18:49+00:00
CCH-009351,ACCT-000611,B0282,467.04,2026-08-04T09:18:49+00:00
CCH-009352,ACCT-000688,B0282,1147.68,2026-08-04T09:18:49+00:00
CCH-009353,ACCT-000180,B0282,269.9,2026-08-04T09:18:49+00:00
CCH-009354,ACCT-000081,B0282,687.44,2026-08-04T09:18:49+00:00
CCH-009355,ACCT-000785,B0282,1111.43,2026-08-04T09:18:49+00:00
CCH-009356,ACCT-000521,B0282,849.33,2026-08-04T09:18:49+00:00
CCH-009357,ACCT-000880,B0282,416.55,2026-08-04T09:18:49+00:00
CCH-009358,ACCT-000763,B0282,143.37,2026-08-04T09:18:49+00:00
CCH-009359,ACCT-000209,B0282,125.24,2026-08-04T09:18:49+00:00
CCH-009360,ACCT-000350,B0282,265.77,2026-08-04T09:18:49+00:00
CCH-009361,ACCT-000328,B0282,703.52,2026-08-04T09:18:49+00:00
CCH-009362,ACCT-000303,B0282,663.27,2026-08-04T09:18:49+00:00
CCH-009363,ACCT-000895,B0282,666.95,2026-08-04T09:18:49+00:00
CCH-009364,ACCT-000452,B0282,653.56,2026-08-04T09:18:49+00:00
CCH-009365,ACCT-000320,B0282,426.51,2026-08-04T09:18:49+00:00
CCH-009366,ACCT-000116,B0282,242.52,2026-08-04T09:18:49+00:00
CCH-009367,ACCT-000142,B0282,620.36,2026-08-04T09:18:49+00:00
CCH-009368,ACCT-000823,B0282,608.31,2026-08-04T09:18:49+00:00
CCH-009369,ACCT-000981,B0282,395.62,2026-08-04T09:18:49+00:00
CCH-009370,ACCT-000982,B0282,770.58,2026-08-04T09:18:49+00:00
CCH-009371,ACCT-000983,B0282,183.98,2026-08-04T09:18:49+00:00
CCH-009372,ACCT-000984,B0282,520.05,2026-08-04T09:18:49+00:00
CCH-009373,ACCT-000892,B0283,108.08,2026-08-04T11:37:41+00:00
CCH-009374,ACCT-000914,B0283,640.48,2026-08-04T11:37:41+00:00
CCH-009375,ACCT-000223,B0283,326.8,2026-08-04T11:37:41+00:00
CCH-009376,ACCT-000736,B0283,359.34,2026-08-04T11:37:41+00:00
CCH-009377,ACCT-000366,B0283,706.55,2026-08-04T11:37:41+00:00
CCH-009378,ACCT-000932,B0283,505.25,2026-08-04T11:37:41+00:00
CCH-009379,ACCT-000805,B0283,423.18,2026-08-04T11:37:41+00:00
CCH-009380,ACCT-000845,B0283,362.98,2026-08-04T11:37:41+00:00
CCH-009381,ACCT-000778,B0283,409.42,2026-08-04T11:37:41+00:00
CCH-009382,ACCT-000182,B0283,867.24,2026-08-04T11:37:41+00:00
CCH-009383,ACCT-000667,B0283,547.45,2026-08-04T11:37:41+00:00
CCH-009384,ACCT-000771,B0283,749.58,2026-08-04T11:37:41+00:00
CCH-009385,ACCT-000874,B0283,347.13,2026-08-04T11:37:41+00:00
CCH-009386,ACCT-000670,B0283,921.18,2026-08-04T11:37:41+00:00
CCH-009387,ACCT-000737,B0283,139.61,2026-08-04T11:37:41+00:00
CCH-009388,ACCT-000943,B0283,470.5,2026-08-04T11:37:41+00:00
CCH-009389,ACCT-000001,B0283,473.16,2026-08-04T11:37:41+00:00
CCH-009390,ACCT-000570,B0283,544.03,2026-08-04T11:37:41+00:00
CCH-009391,ACCT-000125,B0283,628.1,2026-08-04T11:37:41+00:00
CCH-009392,ACCT-000498,B0283,1030.93,2026-08-04T11:37:41+00:00
CCH-009393,ACCT-000226,B0283,496.74,2026-08-04T11:37:41+00:00
CCH-009394,ACCT-000754,B0283,343.26,2026-08-04T11:37:41+00:00
CCH-009395,ACCT-000002,B0283,672.78,2026-08-04T11:37:41+00:00
CCH-009396,ACCT-000413,B0283,444.65,2026-08-04T11:37:41+00:00
CCH-009397,ACCT-000657,B0283,802.64,2026-08-04T11:37:41+00:00
CCH-009398,ACCT-000045,B0283,740.29,2026-08-04T11:37:41+00:00
CCH-009399,ACCT-000985,B0283,1207.12,2026-08-04T11:37:41+00:00
CCH-009400,ACCT-000986,B0283,69.67,2026-08-04T11:37:41+00:00
CCH-009401,ACCT-000526,B0284,150.03,2026-08-04T13:51:28+00:00
CCH-009402,ACCT-000338,B0284,252.02,2026-08-04T13:51:28+00:00
CCH-009403,ACCT-000304,B0284,319.23,2026-08-04T13:51:28+00:00
CCH-009404,ACCT-000779,B0284,839.37,2026-08-04T13:51:28+00:00
CCH-009405,ACCT-000564,B0284,439.47,2026-08-04T13:51:28+00:00
CCH-009406,ACCT-000786,B0284,884.8,2026-08-04T13:51:28+00:00
CCH-009407,ACCT-000753,B0284,711.55,2026-08-04T13:51:28+00:00
CCH-009408,ACCT-000440,B0284,122.07,2026-08-04T13:51:28+00:00
CCH-009409,ACCT-000132,B0284,197.16,2026-08-04T13:51:28+00:00
CCH-009410,ACCT-000555,B0284,212.47,2026-08-04T13:51:28+00:00
CCH-009411,ACCT-000969,B0284,301.17,2026-08-04T13:51:28+00:00
CCH-009412,ACCT-000672,B0284,511.33,2026-08-04T13:51:28+00:00
CCH-009413,ACCT-000119,B0284,106.52,2026-08-04T13:51:28+00:00
CCH-009414,ACCT-000254,B0284,765.9,2026-08-04T13:51:28+00:00
CCH-009415,ACCT-000169,B0284,221.22,2026-08-04T13:51:28+00:00
CCH-009416,ACCT-000723,B0284,806.96,2026-08-04T13:51:28+00:00
CCH-009417,ACCT-000111,B0284,511.79,2026-08-04T13:51:28+00:00
CCH-009418,ACCT-000115,B0284,465.43,2026-08-04T13:51:28+00:00
CCH-009419,ACCT-000588,B0284,590.04,2026-08-04T13:51:28+00:00
CCH-009420,ACCT-000318,B0284,457.75,2026-08-04T13:51:28+00:00
CCH-009421,ACCT-000238,B0284,1039.65,2026-08-04T13:51:28+00:00
CCH-009422,ACCT-000376,B0284,705.69,2026-08-04T13:51:28+00:00
CCH-009423,ACCT-000297,B0284,519.05,2026-08-04T13:51:28+00:00
CCH-009424,ACCT-000804,B0284,699.04,2026-08-04T13:51:28+00:00
CCH-009425,ACCT-000323,B0284,843.45,2026-08-04T13:51:28+00:00
CCH-009426,ACCT-000306,B0284,751.95,2026-08-04T13:51:28+00:00
CCH-009427,ACCT-000557,B0284,657.78,2026-08-04T13:51:28+00:00
CCH-009428,ACCT-000373,B0284,518.37,2026-08-04T13:51:28+00:00
CCH-009429,ACCT-000029,B0284,800.04,2026-08-04T13:51:28+00:00
CCH-009430,ACCT-000008,B0284,379.5,2026-08-04T13:51:28+00:00
CCH-009431,ACCT-000038,B0284,805.75,2026-08-04T13:51:28+00:00
CCH-009432,ACCT-000477,B0284,737.07,2026-08-04T13:51:28+00:00
CCH-009433,ACCT-000973,B0284,829.61,2026-08-04T13:51:28+00:00
CCH-009434,ACCT-000182,B0284,728.83,2026-08-04T13:51:28+00:00
CCH-009435,ACCT-000047,B0284,598.82,2026-08-04T13:51:28+00:00
CCH-009436,ACCT-000987,B0284,234.14,2026-08-04T13:51:28+00:00
CCH-009437,ACCT-000988,B0284,361.01,2026-08-04T13:51:28+00:00
CCH-009438,ACCT-000989,B0284,93.21,2026-08-04T13:51:28+00:00
CCH-009439,ACCT-000990,B0284,837.76,2026-08-04T13:51:28+00:00
CCH-009440,ACCT-000168,B0285,145.27,2026-08-04T16:08:45+00:00
CCH-009441,ACCT-000608,B0285,455.94,2026-08-04T16:08:45+00:00
CCH-009442,ACCT-000562,B0285,1066.64,2026-08-04T16:08:45+00:00
CCH-009443,ACCT-000227,B0285,437.51,2026-08-04T16:08:45+00:00
CCH-009444,ACCT-000736,B0285,668.64,2026-08-04T16:08:45+00:00
CCH-009445,ACCT-000499,B0285,830.06,2026-08-04T16:08:45+00:00
CCH-009446,ACCT-000033,B0285,280.05,2026-08-04T16:08:45+00:00
CCH-009447,ACCT-000035,B0285,49.42,2026-08-04T16:08:45+00:00
CCH-009448,ACCT-000745,B0285,620.62,2026-08-04T16:08:45+00:00
CCH-009449,ACCT-000332,B0285,164.72,2026-08-04T16:08:45+00:00
CCH-009450,ACCT-000670,B0285,962.37,2026-08-04T16:08:45+00:00
CCH-009451,ACCT-000720,B0285,752.3,2026-08-04T16:08:45+00:00
CCH-009452,ACCT-000937,B0285,940.19,2026-08-04T16:08:45+00:00
CCH-009453,ACCT-000543,B0285,876.15,2026-08-04T16:08:45+00:00
CCH-009454,ACCT-000490,B0285,612.02,2026-08-04T16:08:45+00:00
CCH-009455,ACCT-000568,B0285,314.37,2026-08-04T16:08:45+00:00
CCH-009456,ACCT-000129,B0285,418.84,2026-08-04T16:08:45+00:00
CCH-009457,ACCT-000988,B0285,235.04,2026-08-04T16:08:45+00:00
CCH-009458,ACCT-000739,B0285,56.37,2026-08-04T16:08:45+00:00
CCH-009459,ACCT-000631,B0285,308.7,2026-08-04T16:08:45+00:00
CCH-009460,ACCT-000525,B0285,344.73,2026-08-04T16:08:45+00:00
CCH-009461,ACCT-000325,B0285,878.81,2026-08-04T16:08:45+00:00
CCH-009462,ACCT-000658,B0285,751.42,2026-08-04T16:08:45+00:00
CCH-009463,ACCT-000655,B0285,358.37,2026-08-04T16:08:45+00:00
CCH-009464,ACCT-000823,B0285,353.02,2026-08-04T16:08:45+00:00
CCH-009465,ACCT-000991,B0285,163.04,2026-08-04T16:08:45+00:00
CCH-009466,ACCT-000992,B0285,839.47,2026-08-04T16:08:45+00:00
CCH-009467,ACCT-000993,B0285,533.24,2026-08-04T16:08:45+00:00
CCH-009468,ACCT-000522,B0286,568.55,2026-08-04T18:10:21+00:00
CCH-009469,ACCT-000388,B0286,648.82,2026-08-04T18:10:21+00:00
CCH-009470,ACCT-000044,B0286,681.72,2026-08-04T18:10:21+00:00
CCH-009471,ACCT-000862,B0286,20.47,2026-08-04T18:10:21+00:00
CCH-009472,ACCT-000929,B0286,669.4,2026-08-04T18:10:21+00:00
CCH-009473,ACCT-000017,B0286,320.17,2026-08-04T18:10:21+00:00
CCH-009474,ACCT-000967,B0286,637.62,2026-08-04T18:10:21+00:00
CCH-009475,ACCT-000632,B0286,27.36,2026-08-04T18:10:21+00:00
CCH-009476,ACCT-000490,B0286,76.77,2026-08-04T18:10:21+00:00
CCH-009477,ACCT-000758,B0286,497.85,2026-08-04T18:10:21+00:00
CCH-009478,ACCT-000940,B0286,276.81,2026-08-04T18:10:21+00:00
CCH-009479,ACCT-000380,B0286,516.79,2026-08-04T18:10:21+00:00
CCH-009480,ACCT-000310,B0286,985.63,2026-08-04T18:10:21+00:00
CCH-009481,ACCT-000263,B0286,966.79,2026-08-04T18:10:21+00:00
CCH-009482,ACCT-000419,B0286,950.26,2026-08-04T18:10:21+00:00
CCH-009483,ACCT-000766,B0286,529.2,2026-08-04T18:10:21+00:00
CCH-009484,ACCT-000039,B0286,1039.83,2026-08-04T18:10:21+00:00
CCH-009485,ACCT-000718,B0286,694.97,2026-08-04T18:10:21+00:00
CCH-009486,ACCT-000214,B0286,430.09,2026-08-04T18:10:21+00:00
CCH-009487,ACCT-000026,B0286,379.78,2026-08-04T18:10:21+00:00
CCH-009488,ACCT-000912,B0286,387.4,2026-08-04T18:10:21+00:00
CCH-009489,ACCT-000815,B0286,355.03,2026-08-04T18:10:21+00:00
CCH-009490,ACCT-000236,B0286,798.25,2026-08-04T18:10:21+00:00
CCH-009491,ACCT-000441,B0286,390.4,2026-08-04T18:10:21+00:00
CCH-009492,ACCT-000468,B0286,316.02,2026-08-04T18:10:21+00:00
CCH-009493,ACCT-000954,B0286,275.91,2026-08-04T18:10:21+00:00
CCH-009494,ACCT-000438,B0286,459.56,2026-08-04T18:10:21+00:00
CCH-009495,ACCT-000486,B0286,447.37,2026-08-04T18:10:21+00:00
CCH-009496,ACCT-000783,B0286,709.17,2026-08-04T18:10:21+00:00
CCH-009497,ACCT-000614,B0286,538.47,2026-08-04T18:10:21+00:00
CCH-009498,ACCT-000242,B0286,228.01,2026-08-04T18:10:21+00:00
CCH-009499,ACCT-000994,B0286,138.62,2026-08-04T18:10:21+00:00
CCH-009500,ACCT-000995,B0286,861.69,2026-08-04T18:10:21+00:00
CCH-009501,ACCT-000675,B0287,294.03,2026-08-04T20:07:51+00:00
CCH-009502,ACCT-000232,B0287,1022.12,2026-08-04T20:07:51+00:00
CCH-009503,ACCT-000083,B0287,266.33,2026-08-04T20:07:51+00:00
CCH-009504,ACCT-000044,B0287,85.63,2026-08-04T20:07:51+00:00
CCH-009505,ACCT-000002,B0287,294.72,2026-08-04T20:07:51+00:00
CCH-009506,ACCT-000890,B0287,624.77,2026-08-04T20:07:51+00:00
CCH-009507,ACCT-000570,B0287,931.37,2026-08-04T20:07:51+00:00
CCH-009508,ACCT-000526,B0287,172.49,2026-08-04T20:07:51+00:00
CCH-009509,ACCT-000608,B0287,685.87,2026-08-04T20:07:51+00:00
CCH-009510,ACCT-000301,B0287,487.2,2026-08-04T20:07:51+00:00
CCH-009511,ACCT-000229,B0287,323.25,2026-08-04T20:07:51+00:00
CCH-009512,ACCT-000625,B0287,381.81,2026-08-04T20:07:51+00:00
CCH-009513,ACCT-000486,B0287,549.28,2026-08-04T20:07:51+00:00
CCH-009514,ACCT-000367,B0287,470.94,2026-08-04T20:07:51+00:00
CCH-009515,ACCT-000773,B0287,176.12,2026-08-04T20:07:51+00:00
CCH-009516,ACCT-000733,B0287,212.26,2026-08-04T20:07:51+00:00
CCH-009517,ACCT-000568,B0287,309.51,2026-08-04T20:07:51+00:00
CCH-009518,ACCT-000153,B0287,810.28,2026-08-04T20:07:51+00:00
CCH-009519,ACCT-000920,B0287,1180.97,2026-08-04T20:07:51+00:00
CCH-009520,ACCT-000846,B0287,330.02,2026-08-04T20:07:51+00:00
CCH-009521,ACCT-000643,B0287,750.34,2026-08-04T20:07:51+00:00
CCH-009522,ACCT-000887,B0287,501.11,2026-08-04T20:07:51+00:00
CCH-009523,ACCT-000284,B0287,433.19,2026-08-04T20:07:51+00:00
CCH-009524,ACCT-000390,B0287,630.92,2026-08-04T20:07:51+00:00
CCH-009525,ACCT-000818,B0287,1157.21,2026-08-04T20:07:51+00:00
CCH-009526,ACCT-000216,B0287,643.59,2026-08-04T20:07:51+00:00
CCH-009527,ACCT-000629,B0287,1170.22,2026-08-04T20:07:51+00:00
CCH-009528,ACCT-000125,B0287,137.55,2026-08-04T20:07:51+00:00
CCH-009529,ACCT-000784,B0287,249.16,2026-08-04T20:07:51+00:00
CCH-009530,ACCT-000287,B0287,409.59,2026-08-04T20:07:51+00:00
CCH-009531,ACCT-000447,B0287,765.31,2026-08-04T20:07:51+00:00
CCH-009532,ACCT-000326,B0287,182.15,2026-08-04T20:07:51+00:00
CCH-009533,ACCT-000996,B0287,491.98,2026-08-04T20:07:51+00:00
CCH-009534,ACCT-000997,B0287,749.94,2026-08-04T20:07:51+00:00
CCH-009535,ACCT-000809,B0288,314.44,2026-08-04T21:46:14+00:00
CCH-009536,ACCT-000362,B0288,939.57,2026-08-04T21:46:14+00:00
CCH-009537,ACCT-000710,B0288,345.45,2026-08-04T21:46:14+00:00
CCH-009538,ACCT-000765,B0288,221.27,2026-08-04T21:46:14+00:00
CCH-009539,ACCT-000500,B0288,277.38,2026-08-04T21:46:14+00:00
CCH-009540,ACCT-000487,B0288,616.21,2026-08-04T21:46:14+00:00
CCH-009541,ACCT-000508,B0288,125.18,2026-08-04T21:46:14+00:00
CCH-009542,ACCT-000864,B0288,621.87,2026-08-04T21:46:14+00:00
CCH-009543,ACCT-000070,B0288,467.74,2026-08-04T21:46:14+00:00
CCH-009544,ACCT-000619,B0288,1328.13,2026-08-04T21:46:14+00:00
CCH-009545,ACCT-000610,B0288,395.02,2026-08-04T21:46:14+00:00
CCH-009546,ACCT-000314,B0288,718.49,2026-08-04T21:46:14+00:00
CCH-009547,ACCT-000513,B0288,1049.76,2026-08-04T21:46:14+00:00
CCH-009548,ACCT-000565,B0288,765.99,2026-08-04T21:46:14+00:00
CCH-009549,ACCT-000180,B0288,1008.09,2026-08-04T21:46:14+00:00
CCH-009550,ACCT-000367,B0288,807.12,2026-08-04T21:46:14+00:00
CCH-009551,ACCT-000398,B0288,901.8,2026-08-04T21:46:14+00:00
CCH-009552,ACCT-000992,B0288,701.17,2026-08-04T21:46:14+00:00
CCH-009553,ACCT-000344,B0288,223.0,2026-08-04T21:46:14+00:00
CCH-009554,ACCT-000045,B0288,987.26,2026-08-04T21:46:14+00:00
CCH-009555,ACCT-000144,B0288,696.7,2026-08-04T21:46:14+00:00
CCH-009556,ACCT-000258,B0288,217.13,2026-08-04T21:46:14+00:00
CCH-009557,ACCT-000506,B0288,165.47,2026-08-04T21:46:14+00:00
CCH-009558,ACCT-000205,B0288,568.28,2026-08-04T21:46:14+00:00
CCH-009559,ACCT-000574,B0288,108.31,2026-08-04T21:46:14+00:00
CCH-009560,ACCT-000445,B0288,443.34,2026-08-04T21:46:14+00:00
CCH-009561,ACCT-000548,B0288,455.2,2026-08-04T21:46:14+00:00
CCH-009562,ACCT-000126,B0288,220.82,2026-08-04T21:46:14+00:00
CCH-009563,ACCT-000343,B0288,105.98,2026-08-04T21:46:14+00:00
CCH-009564,ACCT-000241,B0288,354.62,2026-08-04T21:46:14+00:00
CCH-009565,ACCT-000189,B0288,718.44,2026-08-04T21:46:14+00:00
CCH-009566,ACCT-000965,B0288,237.18,2026-08-04T21:46:14+00:00
CCH-009567,ACCT-000194,B0288,761.91,2026-08-04T21:46:14+00:00
CCH-009568,ACCT-000304,B0288,680.9,2026-08-04T21:46:14+00:00
CCH-009569,ACCT-000998,B0288,925.27,2026-08-04T21:46:14+00:00
CCH-009570,ACCT-000999,B0288,277.95,2026-08-04T21:46:14+00:00
CCH-009571,ACCT-001000,B0288,221.91,2026-08-04T21:46:14+00:00
CCH-009572,ACCT-000331,B0289,145.0,2026-08-04T22:54:33+00:00
CCH-009573,ACCT-000387,B0289,370.1,2026-08-04T22:54:33+00:00
CCH-009574,ACCT-000875,B0289,970.12,2026-08-04T22:54:33+00:00
CCH-009575,ACCT-000035,B0289,802.04,2026-08-04T22:54:33+00:00
CCH-009576,ACCT-000094,B0289,374.84,2026-08-04T22:54:33+00:00
CCH-009577,ACCT-000206,B0289,114.58,2026-08-04T22:54:33+00:00
CCH-009578,ACCT-000040,B0289,55.59,2026-08-04T22:54:33+00:00
CCH-009579,ACCT-000382,B0289,409.86,2026-08-04T22:54:33+00:00
CCH-009580,ACCT-000204,B0289,298.82,2026-08-04T22:54:33+00:00
CCH-009581,ACCT-000241,B0289,1181.38,2026-08-04T22:54:33+00:00
CCH-009582,ACCT-000580,B0289,333.69,2026-08-04T22:54:33+00:00
CCH-009583,ACCT-000757,B0289,401.17,2026-08-04T22:54:33+00:00
CCH-009584,ACCT-000712,B0289,847.21,2026-08-04T22:54:33+00:00
CCH-009585,ACCT-000834,B0289,981.08,2026-08-04T22:54:33+00:00
CCH-009586,ACCT-000557,B0289,507.49,2026-08-04T22:54:33+00:00
CCH-009587,ACCT-000114,B0289,567.37,2026-08-04T22:54:33+00:00
CCH-009588,ACCT-000554,B0289,347.08,2026-08-04T22:54:33+00:00
CCH-009589,ACCT-000776,B0289,735.43,2026-08-04T22:54:33+00:00
CCH-009590,ACCT-000877,B0289,43.48,2026-08-04T22:54:33+00:00
CCH-009591,ACCT-000243,B0289,506.88,2026-08-04T22:54:33+00:00
CCH-009592,ACCT-000042,B0289,940.67,2026-08-04T22:54:33+00:00
CCH-009593,ACCT-000634,B0289,399.9,2026-08-04T22:54:33+00:00
CCH-009594,ACCT-000753,B0289,215.16,2026-08-04T22:54:33+00:00
CCH-009595,ACCT-000553,B0289,229.75,2026-08-04T22:54:33+00:00
CCH-009596,ACCT-000556,B0289,844.35,2026-08-04T22:54:33+00:00
CCH-009597,ACCT-000998,B0289,228.65,2026-08-04T22:54:33+00:00
CCH-009598,ACCT-000145,B0289,440.71,2026-08-04T22:54:33+00:00
CCH-009599,ACCT-000132,B0289,892.23,2026-08-04T22:54:33+00:00
CCH-009600,ACCT-000765,B0289,176.13,2026-08-04T22:54:33+00:00
CCH-009601,ACCT-000358,B0289,366.67,2026-08-04T22:54:33+00:00
CCH-009602,ACCT-000138,B0289,683.29,2026-08-04T22:54:33+00:00
CCH-009603,ACCT-001001,B0289,794.57,2026-08-04T22:54:33+00:00
CCH-009604,ACCT-001002,B0289,363.05,2026-08-04T22:54:33+00:00
CCH-009605,ACCT-001003,B0289,349.92,2026-08-04T22:54:33+00:00
CCH-009606,ACCT-000939,B0290,254.39,2026-08-04T23:56:56+00:00
CCH-009607,ACCT-000503,B0290,521.5,2026-08-04T23:56:56+00:00
CCH-009608,ACCT-000624,B0290,788.28,2026-08-04T23:56:56+00:00
CCH-009609,ACCT-000707,B0290,399.62,2026-08-04T23:56:56+00:00
CCH-009610,ACCT-000102,B0290,816.43,2026-08-04T23:56:56+00:00
CCH-009611,ACCT-000703,B0290,468.4,2026-08-04T23:56:56+00:00
CCH-009612,ACCT-000900,B0290,708.42,2026-08-04T23:56:56+00:00
CCH-009613,ACCT-000983,B0290,689.88,2026-08-04T23:56:56+00:00
CCH-009614,ACCT-000618,B0290,156.98,2026-08-04T23:56:56+00:00
CCH-009615,ACCT-000484,B0290,248.5,2026-08-04T23:56:56+00:00
CCH-009616,ACCT-000381,B0290,638.2,2026-08-04T23:56:56+00:00
CCH-009617,ACCT-000424,B0290,716.06,2026-08-04T23:56:56+00:00
CCH-009618,ACCT-000379,B0290,565.3,2026-08-04T23:56:56+00:00
CCH-009619,ACCT-000676,B0290,907.91,2026-08-04T23:56:56+00:00
CCH-009620,ACCT-000675,B0290,631.41,2026-08-04T23:56:56+00:00
CCH-009621,ACCT-000117,B0290,924.76,2026-08-04T23:56:56+00:00
CCH-009622,ACCT-000053,B0290,967.08,2026-08-04T23:56:56+00:00
CCH-009623,ACCT-000183,B0290,357.97,2026-08-04T23:56:56+00:00
CCH-009624,ACCT-000429,B0290,424.19,2026-08-04T23:56:56+00:00
CCH-009625,ACCT-000222,B0290,654.25,2026-08-04T23:56:56+00:00
CCH-009626,ACCT-000810,B0290,604.26,2026-08-04T23:56:56+00:00
CCH-009627,ACCT-000860,B0290,555.42,2026-08-04T23:56:56+00:00
CCH-009628,ACCT-000156,B0290,175.13,2026-08-04T23:56:56+00:00
CCH-009629,ACCT-000178,B0290,745.01,2026-08-04T23:56:56+00:00
CCH-009630,ACCT-000035,B0290,332.23,2026-08-04T23:56:56+00:00
CCH-009631,ACCT-000839,B0290,818.63,2026-08-04T23:56:56+00:00
CCH-009632,ACCT-000669,B0290,458.73,2026-08-04T23:56:56+00:00
CCH-009633,ACCT-000199,B0290,532.08,2026-08-04T23:56:56+00:00
CCH-009634,ACCT-000127,B0290,537.33,2026-08-04T23:56:56+00:00
CCH-009635,ACCT-000399,B0290,570.87,2026-08-04T23:56:56+00:00
CCH-009636,ACCT-001004,B0290,83.21,2026-08-04T23:56:56+00:00
CCH-009637,ACCT-001005,B0290,489.2,2026-08-04T23:56:56+00:00
CCH-009638,ACCT-000397,B0291,841.77,2026-08-05T02:03:44+00:00
CCH-009639,ACCT-000775,B0291,480.4,2026-08-05T02:03:44+00:00
CCH-009640,ACCT-000878,B0291,296.97,2026-08-05T02:03:44+00:00
CCH-009641,ACCT-000307,B0291,702.4,2026-08-05T02:03:44+00:00
CCH-009642,ACCT-000895,B0291,269.17,2026-08-05T02:03:44+00:00
CCH-009643,ACCT-000810,B0291,477.62,2026-08-05T02:03:44+00:00
CCH-009644,ACCT-000606,B0291,491.06,2026-08-05T02:03:44+00:00
CCH-009645,ACCT-000460,B0291,413.13,2026-08-05T02:03:44+00:00
CCH-009646,ACCT-000422,B0291,803.81,2026-08-05T02:03:44+00:00
CCH-009647,ACCT-000064,B0291,583.36,2026-08-05T02:03:44+00:00
CCH-009648,ACCT-000565,B0291,149.42,2026-08-05T02:03:44+00:00
CCH-009649,ACCT-000909,B0291,736.52,2026-08-05T02:03:44+00:00
CCH-009650,ACCT-000477,B0291,87.86,2026-08-05T02:03:44+00:00
CCH-009651,ACCT-000352,B0291,89.59,2026-08-05T02:03:44+00:00
CCH-009652,ACCT-000654,B0291,192.88,2026-08-05T02:03:44+00:00
CCH-009653,ACCT-000186,B0291,868.99,2026-08-05T02:03:44+00:00
CCH-009654,ACCT-000965,B0291,393.52,2026-08-05T02:03:44+00:00
CCH-009655,ACCT-000133,B0291,419.44,2026-08-05T02:03:44+00:00
CCH-009656,ACCT-000816,B0291,406.91,2026-08-05T02:03:44+00:00
CCH-009657,ACCT-000845,B0291,309.3,2026-08-05T02:03:44+00:00
CCH-009658,ACCT-000321,B0291,706.3,2026-08-05T02:03:44+00:00
CCH-009659,ACCT-000125,B0291,431.89,2026-08-05T02:03:44+00:00
CCH-009660,ACCT-000819,B0291,379.12,2026-08-05T02:03:44+00:00
CCH-009661,ACCT-000421,B0291,346.07,2026-08-05T02:03:44+00:00
CCH-009662,ACCT-000483,B0291,660.23,2026-08-05T02:03:44+00:00
CCH-009663,ACCT-000480,B0291,559.3,2026-08-05T02:03:44+00:00
CCH-009664,ACCT-000259,B0291,512.24,2026-08-05T02:03:44+00:00
CCH-009665,ACCT-000276,B0291,571.37,2026-08-05T02:03:44+00:00
CCH-009666,ACCT-000914,B0291,112.11,2026-08-05T02:03:44+00:00
CCH-009667,ACCT-000949,B0291,639.78,2026-08-05T02:03:44+00:00
CCH-009668,ACCT-001006,B0291,657.8,2026-08-05T02:03:44+00:00
CCH-009669,ACCT-001007,B0291,932.78,2026-08-05T02:03:44+00:00
CCH-009670,ACCT-000872,B0292,885.24,2026-08-05T05:28:08+00:00
CCH-009671,ACCT-000755,B0292,660.69,2026-08-05T05:28:08+00:00
CCH-009672,ACCT-000524,B0292,773.36,2026-08-05T05:28:08+00:00
CCH-009673,ACCT-000467,B0292,393.25,2026-08-05T05:28:08+00:00
CCH-009674,ACCT-000762,B0292,750.47,2026-08-05T05:28:08+00:00
CCH-009675,ACCT-000362,B0292,537.21,2026-08-05T05:28:08+00:00
CCH-009676,ACCT-000283,B0292,311.6,2026-08-05T05:28:08+00:00
CCH-009677,ACCT-000437,B0292,206.63,2026-08-05T05:28:08+00:00
CCH-009678,ACCT-000660,B0292,502.6,2026-08-05T05:28:08+00:00
CCH-009679,ACCT-000238,B0292,391.45,2026-08-05T05:28:08+00:00
CCH-009680,ACCT-000727,B0292,32.41,2026-08-05T05:28:08+00:00
CCH-009681,ACCT-000257,B0292,646.15,2026-08-05T05:28:08+00:00
CCH-009682,ACCT-000681,B0292,832.85,2026-08-05T05:28:08+00:00
CCH-009683,ACCT-000477,B0292,544.87,2026-08-05T05:28:08+00:00
CCH-009684,ACCT-000083,B0292,188.08,2026-08-05T05:28:08+00:00
CCH-009685,ACCT-000327,B0292,292.87,2026-08-05T05:28:08+00:00
CCH-009686,ACCT-000006,B0292,545.92,2026-08-05T05:28:08+00:00
CCH-009687,ACCT-000992,B0292,313.07,2026-08-05T05:28:08+00:00
CCH-009688,ACCT-000519,B0292,378.03,2026-08-05T05:28:08+00:00
CCH-009689,ACCT-000818,B0292,42.39,2026-08-05T05:28:08+00:00
CCH-009690,ACCT-000588,B0292,725.56,2026-08-05T05:28:08+00:00
CCH-009691,ACCT-000529,B0292,596.6,2026-08-05T05:28:08+00:00
CCH-009692,ACCT-000152,B0292,332.69,2026-08-05T05:28:08+00:00
CCH-009693,ACCT-000231,B0292,824.38,2026-08-05T05:28:08+00:00
CCH-009694,ACCT-000576,B0292,184.54,2026-08-05T05:28:08+00:00
CCH-009695,ACCT-000475,B0292,34.18,2026-08-05T05:28:08+00:00
CCH-009696,ACCT-000487,B0292,439.45,2026-08-05T05:28:08+00:00
CCH-009697,ACCT-000775,B0292,977.14,2026-08-05T05:28:08+00:00
CCH-009698,ACCT-000521,B0292,188.43,2026-08-05T05:28:08+00:00
CCH-009699,ACCT-000256,B0292,122.39,2026-08-05T05:28:08+00:00
CCH-009700,ACCT-000278,B0292,389.4,2026-08-05T05:28:08+00:00
CCH-009701,ACCT-000686,B0292,390.31,2026-08-05T05:28:08+00:00
CCH-009702,ACCT-000943,B0292,878.02,2026-08-05T05:28:08+00:00
CCH-009703,ACCT-000612,B0292,411.61,2026-08-05T05:28:08+00:00
CCH-009704,ACCT-001008,B0292,161.28,2026-08-05T05:28:08+00:00
CCH-009705,ACCT-001009,B0292,158.53,2026-08-05T05:28:08+00:00
CCH-009706,ACCT-001010,B0292,768.27,2026-08-05T05:28:08+00:00
CCH-009707,ACCT-000059,B0293,699.45,2026-08-05T08:01:58+00:00
CCH-009708,ACCT-000705,B0293,1004.68,2026-08-05T08:01:58+00:00
CCH-009709,ACCT-000346,B0293,825.4,2026-08-05T08:01:58+00:00
CCH-009710,ACCT-000939,B0293,53.39,2026-08-05T08:01:58+00:00
CCH-009711,ACCT-000920,B0293,750.17,2026-08-05T08:01:58+00:00
CCH-009712,ACCT-000473,B0293,24.53,2026-08-05T08:01:58+00:00
CCH-009713,ACCT-000768,B0293,750.54,2026-08-05T08:01:58+00:00
CCH-009714,ACCT-000930,B0293,401.4,2026-08-05T08:01:58+00:00
CCH-009715,ACCT-000566,B0293,632.41,2026-08-05T08:01:58+00:00
CCH-009716,ACCT-000679,B0293,313.59,2026-08-05T08:01:58+00:00
CCH-009717,ACCT-000816,B0293,146.51,2026-08-05T08:01:58+00:00
CCH-009718,ACCT-000091,B0293,361.82,2026-08-05T08:01:58+00:00
CCH-009719,ACCT-000546,B0293,559.41,2026-08-05T08:01:58+00:00
CCH-009720,ACCT-000883,B0293,844.24,2026-08-05T08:01:58+00:00
CCH-009721,ACCT-000361,B0293,619.61,2026-08-05T08:01:58+00:00
CCH-009722,ACCT-000439,B0293,648.93,2026-08-05T08:01:58+00:00
CCH-009723,ACCT-000725,B0293,632.17,2026-08-05T08:01:58+00:00
CCH-009724,ACCT-000036,B0293,1253.55,2026-08-05T08:01:58+00:00
CCH-009725,ACCT-000150,B0293,311.86,2026-08-05T08:01:58+00:00
CCH-009726,ACCT-000381,B0293,240.86,2026-08-05T08:01:58+00:00
CCH-009727,ACCT-000521,B0293,558.54,2026-08-05T08:01:58+00:00
CCH-009728,ACCT-000595,B0293,1095.48,2026-08-05T08:01:58+00:00
CCH-009729,ACCT-000568,B0293,562.21,2026-08-05T08:01:58+00:00
CCH-009730,ACCT-000617,B0293,117.9,2026-08-05T08:01:58+00:00
CCH-009731,ACCT-000430,B0293,338.34,2026-08-05T08:01:58+00:00
CCH-009732,ACCT-000811,B0293,773.52,2026-08-05T08:01:58+00:00
CCH-009733,ACCT-000773,B0293,385.21,2026-08-05T08:01:58+00:00
CCH-009734,ACCT-000067,B0293,1008.94,2026-08-05T08:01:58+00:00
CCH-009735,ACCT-000326,B0293,678.21,2026-08-05T08:01:58+00:00
CCH-009736,ACCT-000047,B0293,548.58,2026-08-05T08:01:58+00:00
CCH-009737,ACCT-001011,B0293,709.91,2026-08-05T08:01:58+00:00
CCH-009738,ACCT-001012,B0293,910.53,2026-08-05T08:01:58+00:00
CCH-009739,ACCT-001013,B0293,718.63,2026-08-05T08:01:58+00:00
CCH-009740,ACCT-000076,B0294,885.99,2026-08-05T10:57:48+00:00
CCH-009741,ACCT-000859,B0294,672.0,2026-08-05T10:57:48+00:00
CCH-009742,ACCT-000609,B0294,620.85,2026-08-05T10:57:48+00:00
CCH-009743,ACCT-000825,B0294,408.26,2026-08-05T10:57:48+00:00
CCH-009744,ACCT-000531,B0294,561.74,2026-08-05T10:57:48+00:00
CCH-009745,ACCT-000946,B0294,641.69,2026-08-05T10:57:48+00:00
CCH-009746,ACCT-000410,B0294,149.42,2026-08-05T10:57:48+00:00
CCH-009747,ACCT-000278,B0294,379.77,2026-08-05T10:57:48+00:00
CCH-009748,ACCT-000362,B0294,292.91,2026-08-05T10:57:48+00:00
CCH-009749,ACCT-000051,B0294,397.95,2026-08-05T10:57:48+00:00
CCH-009750,ACCT-000977,B0294,711.19,2026-08-05T10:57:48+00:00
CCH-009751,ACCT-000286,B0294,187.88,2026-08-05T10:57:48+00:00
CCH-009752,ACCT-000986,B0294,297.24,2026-08-05T10:57:48+00:00
CCH-009753,ACCT-000504,B0294,1024.19,2026-08-05T10:57:48+00:00
CCH-009754,ACCT-000902,B0294,204.41,2026-08-05T10:57:48+00:00
CCH-009755,ACCT-000967,B0294,20.25,2026-08-05T10:57:48+00:00
CCH-009756,ACCT-000201,B0294,372.49,2026-08-05T10:57:48+00:00
CCH-009757,ACCT-000364,B0294,430.19,2026-08-05T10:57:48+00:00
CCH-009758,ACCT-000975,B0294,1025.67,2026-08-05T10:57:48+00:00
CCH-009759,ACCT-000830,B0294,468.35,2026-08-05T10:57:48+00:00
CCH-009760,ACCT-000927,B0294,758.6,2026-08-05T10:57:48+00:00
CCH-009761,ACCT-000500,B0294,319.17,2026-08-05T10:57:48+00:00
CCH-009762,ACCT-000875,B0294,296.15,2026-08-05T10:57:48+00:00
CCH-009763,ACCT-000430,B0294,628.52,2026-08-05T10:57:48+00:00
CCH-009764,ACCT-000169,B0294,117.1,2026-08-05T10:57:48+00:00
CCH-009765,ACCT-000343,B0294,34.57,2026-08-05T10:57:48+00:00
CCH-009766,ACCT-000909,B0294,748.53,2026-08-05T10:57:48+00:00
CCH-009767,ACCT-000938,B0294,644.55,2026-08-05T10:57:48+00:00
CCH-009768,ACCT-000898,B0294,323.11,2026-08-05T10:57:48+00:00
CCH-009769,ACCT-000575,B0294,1178.42,2026-08-05T10:57:48+00:00
CCH-009770,ACCT-000954,B0294,451.83,2026-08-05T10:57:48+00:00
CCH-009771,ACCT-000022,B0294,594.91,2026-08-05T10:57:48+00:00
CCH-009772,ACCT-001014,B0294,625.1,2026-08-05T10:57:48+00:00
CCH-009773,ACCT-001015,B0294,371.81,2026-08-05T10:57:48+00:00
CCH-009774,ACCT-001016,B0294,444.48,2026-08-05T10:57:48+00:00
CCH-009775,ACCT-001017,B0294,145.33,2026-08-05T10:57:48+00:00
CCH-009776,ACCT-000901,B0295,547.15,2026-08-05T12:50:41+00:00
CCH-009777,ACCT-000775,B0295,640.53,2026-08-05T12:50:41+00:00
CCH-009778,ACCT-000280,B0295,817.08,2026-08-05T12:50:41+00:00
CCH-009779,ACCT-000577,B0295,44.09,2026-08-05T12:50:41+00:00
CCH-009780,ACCT-000107,B0295,562.24,2026-08-05T12:50:41+00:00
CCH-009781,ACCT-000059,B0295,158.21,2026-08-05T12:50:41+00:00
CCH-009782,ACCT-000723,B0295,544.39,2026-08-05T12:50:41+00:00
CCH-009783,ACCT-000071,B0295,177.45,2026-08-05T12:50:41+00:00
CCH-009784,ACCT-000894,B0295,497.27,2026-08-05T12:50:41+00:00
CCH-009785,ACCT-000385,B0295,401.42,2026-08-05T12:50:41+00:00
CCH-009786,ACCT-001009,B0295,1041.2,2026-08-05T12:50:41+00:00
CCH-009787,ACCT-000384,B0295,1046.81,2026-08-05T12:50:41+00:00
CCH-009788,ACCT-000245,B0295,691.32,2026-08-05T12:50:41+00:00
CCH-009789,ACCT-000111,B0295,615.92,2026-08-05T12:50:41+00:00
CCH-009790,ACCT-000195,B0295,178.73,2026-08-05T12:50:41+00:00
CCH-009791,ACCT-000325,B0295,378.04,2026-08-05T12:50:41+00:00
CCH-009792,ACCT-000503,B0295,917.88,2026-08-05T12:50:41+00:00
CCH-009793,ACCT-000968,B0295,924.26,2026-08-05T12:50:41+00:00
CCH-009794,ACCT-000537,B0295,698.46,2026-08-05T12:50:41+00:00
CCH-009795,ACCT-000517,B0295,64.33,2026-08-05T12:50:41+00:00
CCH-009796,ACCT-000972,B0295,691.93,2026-08-05T12:50:41+00:00
CCH-009797,ACCT-000488,B0295,721.3,2026-08-05T12:50:41+00:00
CCH-009798,ACCT-000850,B0295,315.08,2026-08-05T12:50:41+00:00
CCH-009799,ACCT-000208,B0295,335.33,2026-08-05T12:50:41+00:00
CCH-009800,ACCT-000095,B0295,422.29,2026-08-05T12:50:41+00:00
CCH-009801,ACCT-000952,B0295,911.09,2026-08-05T12:50:41+00:00
CCH-009802,ACCT-000145,B0295,216.32,2026-08-05T12:50:41+00:00
CCH-009803,ACCT-000533,B0295,643.06,2026-08-05T12:50:41+00:00
CCH-009804,ACCT-000833,B0295,971.29,2026-08-05T12:50:41+00:00
CCH-009805,ACCT-000946,B0295,209.54,2026-08-05T12:50:41+00:00
CCH-009806,ACCT-000937,B0295,300.87,2026-08-05T12:50:41+00:00
CCH-009807,ACCT-000343,B0295,1167.78,2026-08-05T12:50:41+00:00
CCH-009808,ACCT-001000,B0295,88.08,2026-08-05T12:50:41+00:00
CCH-009809,ACCT-000279,B0295,718.72,2026-08-05T12:50:41+00:00
CCH-009810,ACCT-000827,B0295,65.25,2026-08-05T12:50:41+00:00
CCH-009811,ACCT-001018,B0295,177.78,2026-08-05T12:50:41+00:00
CCH-009812,ACCT-001019,B0295,500.19,2026-08-05T12:50:41+00:00
CCH-009813,ACCT-000313,B0296,502.65,2026-08-05T15:09:16+00:00
CCH-009814,ACCT-001007,B0296,1198.77,2026-08-05T15:09:16+00:00
CCH-009815,ACCT-000305,B0296,1017.43,2026-08-05T15:09:16+00:00
CCH-009816,ACCT-000481,B0296,586.76,2026-08-05T15:09:16+00:00
CCH-009817,ACCT-000310,B0296,47.2,2026-08-05T15:09:16+00:00
CCH-009818,ACCT-000601,B0296,791.38,2026-08-05T15:09:16+00:00
CCH-009819,ACCT-000348,B0296,69.28,2026-08-05T15:09:16+00:00
CCH-009820,ACCT-000106,B0296,1194.63,2026-08-05T15:09:16+00:00
CCH-009821,ACCT-000039,B0296,819.27,2026-08-05T15:09:16+00:00
CCH-009822,ACCT-000436,B0296,711.16,2026-08-05T15:09:16+00:00
CCH-009823,ACCT-000540,B0296,283.31,2026-08-05T15:09:16+00:00
CCH-009824,ACCT-000293,B0296,397.23,2026-08-05T15:09:16+00:00
CCH-009825,ACCT-000440,B0296,517.8,2026-08-05T15:09:16+00:00
CCH-009826,ACCT-000479,B0296,607.75,2026-08-05T15:09:16+00:00
CCH-009827,ACCT-000807,B0296,621.77,2026-08-05T15:09:16+00:00
CCH-009828,ACCT-000737,B0296,838.52,2026-08-05T15:09:16+00:00
CCH-009829,ACCT-000590,B0296,254.62,2026-08-05T15:09:16+00:00
CCH-009830,ACCT-000554,B0296,470.05,2026-08-05T15:09:16+00:00
CCH-009831,ACCT-000589,B0296,489.38,2026-08-05T15:09:16+00:00
CCH-009832,ACCT-000374,B0296,391.06,2026-08-05T15:09:16+00:00
CCH-009833,ACCT-000600,B0296,162.24,2026-08-05T15:09:16+00:00
CCH-009834,ACCT-000092,B0296,234.72,2026-08-05T15:09:16+00:00
CCH-009835,ACCT-000878,B0296,599.71,2026-08-05T15:09:16+00:00
CCH-009836,ACCT-000583,B0296,620.39,2026-08-05T15:09:16+00:00
CCH-009837,ACCT-000174,B0296,536.0,2026-08-05T15:09:16+00:00
CCH-009838,ACCT-000550,B0296,717.33,2026-08-05T15:09:16+00:00
CCH-009839,ACCT-000669,B0296,530.2,2026-08-05T15:09:16+00:00
CCH-009840,ACCT-000877,B0296,1115.28,2026-08-05T15:09:16+00:00
CCH-009841,ACCT-000711,B0296,759.93,2026-08-05T15:09:16+00:00
CCH-009842,ACCT-000152,B0296,227.03,2026-08-05T15:09:16+00:00
CCH-009843,ACCT-000839,B0296,1156.28,2026-08-05T15:09:16+00:00
CCH-009844,ACCT-000731,B0296,261.92,2026-08-05T15:09:16+00:00
CCH-009845,ACCT-000381,B0296,369.15,2026-08-05T15:09:16+00:00
CCH-009846,ACCT-001020,B0296,191.36,2026-08-05T15:09:16+00:00
CCH-009847,ACCT-001021,B0296,341.59,2026-08-05T15:09:16+00:00
CCH-009848,ACCT-001022,B0296,524.95,2026-08-05T15:09:16+00:00
CCH-009849,ACCT-001023,B0296,840.26,2026-08-05T15:09:16+00:00
CCH-009850,ACCT-000899,B0297,253.86,2026-08-05T16:59:04+00:00
CCH-009851,ACCT-000172,B0297,194.71,2026-08-05T16:59:04+00:00
CCH-009852,ACCT-000028,B0297,231.32,2026-08-05T16:59:04+00:00
CCH-009853,ACCT-000817,B0297,308.61,2026-08-05T16:59:04+00:00
CCH-009854,ACCT-000638,B0297,516.46,2026-08-05T16:59:04+00:00
CCH-009855,ACCT-000647,B0297,783.19,2026-08-05T16:59:04+00:00
CCH-009856,ACCT-000636,B0297,506.08,2026-08-05T16:59:04+00:00
CCH-009857,ACCT-000668,B0297,880.32,2026-08-05T16:59:04+00:00
CCH-009858,ACCT-000419,B0297,772.64,2026-08-05T16:59:04+00:00
CCH-009859,ACCT-000919,B0297,525.53,2026-08-05T16:59:04+00:00
CCH-009860,ACCT-000253,B0297,212.76,2026-08-05T16:59:04+00:00
CCH-009861,ACCT-000269,B0297,629.53,2026-08-05T16:59:04+00:00
CCH-009862,ACCT-000996,B0297,187.17,2026-08-05T16:59:04+00:00
CCH-009863,ACCT-000248,B0297,553.05,2026-08-05T16:59:04+00:00
CCH-009864,ACCT-000812,B0297,462.26,2026-08-05T16:59:04+00:00
CCH-009865,ACCT-000830,B0297,899.49,2026-08-05T16:59:04+00:00
CCH-009866,ACCT-000477,B0297,294.12,2026-08-05T16:59:04+00:00
CCH-009867,ACCT-000385,B0297,452.95,2026-08-05T16:59:04+00:00
CCH-009868,ACCT-000722,B0297,619.86,2026-08-05T16:59:04+00:00
CCH-009869,ACCT-000122,B0297,686.21,2026-08-05T16:59:04+00:00
CCH-009870,ACCT-000985,B0297,610.31,2026-08-05T16:59:04+00:00
CCH-009871,ACCT-000218,B0297,156.65,2026-08-05T16:59:04+00:00
CCH-009872,ACCT-000524,B0297,65.35,2026-08-05T16:59:04+00:00
CCH-009873,ACCT-000920,B0297,372.39,2026-08-05T16:59:04+00:00
CCH-009874,ACCT-000802,B0297,126.91,2026-08-05T16:59:04+00:00
CCH-009875,ACCT-000489,B0297,764.24,2026-08-05T16:59:04+00:00
CCH-009876,ACCT-000039,B0297,412.02,2026-08-05T16:59:04+00:00
CCH-009877,ACCT-001024,B0297,664.92,2026-08-05T16:59:04+00:00
CCH-009878,ACCT-001025,B0297,917.17,2026-08-05T16:59:04+00:00
CCH-009879,ACCT-001026,B0297,521.48,2026-08-05T16:59:04+00:00
CCH-009880,ACCT-000929,B0298,188.03,2026-08-05T18:22:46+00:00
CCH-009881,ACCT-000180,B0298,327.01,2026-08-05T18:22:46+00:00
CCH-009882,ACCT-000815,B0298,1045.17,2026-08-05T18:22:46+00:00
CCH-009883,ACCT-001022,B0298,295.23,2026-08-05T18:22:46+00:00
CCH-009884,ACCT-000948,B0298,354.79,2026-08-05T18:22:46+00:00
CCH-009885,ACCT-000414,B0298,59.16,2026-08-05T18:22:46+00:00
CCH-009886,ACCT-000695,B0298,897.07,2026-08-05T18:22:46+00:00
CCH-009887,ACCT-000082,B0298,98.63,2026-08-05T18:22:46+00:00
CCH-009888,ACCT-000981,B0298,541.05,2026-08-05T18:22:46+00:00
CCH-009889,ACCT-000597,B0298,111.65,2026-08-05T18:22:46+00:00
CCH-009890,ACCT-001000,B0298,86.65,2026-08-05T18:22:46+00:00
CCH-009891,ACCT-000429,B0298,381.0,2026-08-05T18:22:46+00:00
CCH-009892,ACCT-000214,B0298,1060.53,2026-08-05T18:22:46+00:00
CCH-009893,ACCT-000231,B0298,579.57,2026-08-05T18:22:46+00:00
CCH-009894,ACCT-000627,B0298,117.71,2026-08-05T18:22:46+00:00
CCH-009895,ACCT-000157,B0298,228.14,2026-08-05T18:22:46+00:00
CCH-009896,ACCT-000223,B0298,812.67,2026-08-05T18:22:46+00:00
CCH-009897,ACCT-000680,B0298,884.48,2026-08-05T18:22:46+00:00
CCH-009898,ACCT-000662,B0298,547.26,2026-08-05T18:22:46+00:00
CCH-009899,ACCT-000381,B0298,782.32,2026-08-05T18:22:46+00:00
CCH-009900,ACCT-000449,B0298,430.25,2026-08-05T18:22:46+00:00
CCH-009901,ACCT-000185,B0298,271.14,2026-08-05T18:22:46+00:00
CCH-009902,ACCT-000690,B0298,917.45,2026-08-05T18:22:46+00:00
CCH-009903,ACCT-000333,B0298,367.58,2026-08-05T18:22:46+00:00
CCH-009904,ACCT-000417,B0298,49.56,2026-08-05T18:22:46+00:00
CCH-009905,ACCT-001016,B0298,870.91,2026-08-05T18:22:46+00:00
CCH-009906,ACCT-000124,B0298,162.47,2026-08-05T18:22:46+00:00
CCH-009907,ACCT-000913,B0298,362.31,2026-08-05T18:22:46+00:00
CCH-009908,ACCT-000153,B0298,837.02,2026-08-05T18:22:46+00:00
CCH-009909,ACCT-000089,B0298,80.76,2026-08-05T18:22:46+00:00
CCH-009910,ACCT-000578,B0298,955.58,2026-08-05T18:22:46+00:00
CCH-009911,ACCT-000198,B0298,1043.72,2026-08-05T18:22:46+00:00
CCH-009912,ACCT-001027,B0298,599.51,2026-08-05T18:22:46+00:00
CCH-009913,ACCT-001028,B0298,179.82,2026-08-05T18:22:46+00:00
CCH-009914,ACCT-001029,B0298,157.06,2026-08-05T18:22:46+00:00
CCH-009915,ACCT-000194,B0299,831.5,2026-08-05T20:04:04+00:00
CCH-009916,ACCT-000947,B0299,561.55,2026-08-05T20:04:04+00:00
CCH-009917,ACCT-000555,B0299,187.78,2026-08-05T20:04:04+00:00
CCH-009918,ACCT-000029,B0299,385.15,2026-08-05T20:04:04+00:00
CCH-009919,ACCT-000544,B0299,846.19,2026-08-05T20:04:04+00:00
CCH-009920,ACCT-000750,B0299,84.64,2026-08-05T20:04:04+00:00
CCH-009921,ACCT-001023,B0299,378.35,2026-08-05T20:04:04+00:00
CCH-009922,ACCT-000888,B0299,285.88,2026-08-05T20:04:04+00:00
CCH-009923,ACCT-000101,B0299,995.89,2026-08-05T20:04:04+00:00
CCH-009924,ACCT-000777,B0299,1175.83,2026-08-05T20:04:04+00:00
CCH-009925,ACCT-000686,B0299,366.18,2026-08-05T20:04:04+00:00
CCH-009926,ACCT-000263,B0299,227.77,2026-08-05T20:04:04+00:00
CCH-009927,ACCT-000077,B0299,529.93,2026-08-05T20:04:04+00:00
CCH-009928,ACCT-000565,B0299,646.94,2026-08-05T20:04:04+00:00
CCH-009929,ACCT-000220,B0299,42.76,2026-08-05T20:04:04+00:00
CCH-009930,ACCT-000855,B0299,1146.95,2026-08-05T20:04:04+00:00
CCH-009931,ACCT-000804,B0299,228.74,2026-08-05T20:04:04+00:00
CCH-009932,ACCT-000292,B0299,393.54,2026-08-05T20:04:04+00:00
CCH-009933,ACCT-000740,B0299,165.38,2026-08-05T20:04:04+00:00
CCH-009934,ACCT-000902,B0299,1138.9,2026-08-05T20:04:04+00:00
CCH-009935,ACCT-000355,B0299,398.38,2026-08-05T20:04:04+00:00
CCH-009936,ACCT-000028,B0299,141.1,2026-08-05T20:04:04+00:00
CCH-009937,ACCT-000379,B0299,956.42,2026-08-05T20:04:04+00:00
CCH-009938,ACCT-000793,B0299,300.61,2026-08-05T20:04:04+00:00
CCH-009939,ACCT-000722,B0299,575.96,2026-08-05T20:04:04+00:00
CCH-009940,ACCT-000955,B0299,732.83,2026-08-05T20:04:04+00:00
CCH-009941,ACCT-000400,B0299,397.39,2026-08-05T20:04:04+00:00
CCH-009942,ACCT-000580,B0299,320.22,2026-08-05T20:04:04+00:00
CCH-009943,ACCT-000154,B0299,837.8,2026-08-05T20:04:04+00:00
CCH-009944,ACCT-001030,B0299,225.95,2026-08-05T20:04:04+00:00
CCH-009945,ACCT-001031,B0299,473.46,2026-08-05T20:04:04+00:00
CCH-009946,ACCT-001032,B0299,604.47,2026-08-05T20:04:04+00:00
CCH-009947,ACCT-000917,B0300,356.56,2026-08-05T21:41:54+00:00
CCH-009948,ACCT-000009,B0300,569.92,2026-08-05T21:41:54+00:00
CCH-009949,ACCT-000509,B0300,592.7,2026-08-05T21:41:54+00:00
CCH-009950,ACCT-000835,B0300,322.95,2026-08-05T21:41:54+00:00
CCH-009951,ACCT-000478,B0300,494.87,2026-08-05T21:41:54+00:00
CCH-009952,ACCT-000390,B0300,1201.97,2026-08-05T21:41:54+00:00
CCH-009953,ACCT-000156,B0300,674.25,2026-08-05T21:41:54+00:00
CCH-009954,ACCT-000615,B0300,148.66,2026-08-05T21:41:54+00:00
CCH-009955,ACCT-000186,B0300,1339.96,2026-08-05T21:41:54+00:00
CCH-009956,ACCT-000527,B0300,125.31,2026-08-05T21:41:54+00:00
CCH-009957,ACCT-000984,B0300,824.9,2026-08-05T21:41:54+00:00
CCH-009958,ACCT-000040,B0300,744.86,2026-08-05T21:41:54+00:00
CCH-009959,ACCT-000790,B0300,557.72,2026-08-05T21:41:54+00:00
CCH-009960,ACCT-000828,B0300,555.66,2026-08-05T21:41:54+00:00
CCH-009961,ACCT-000375,B0300,340.79,2026-08-05T21:41:54+00:00
CCH-009962,ACCT-000383,B0300,698.81,2026-08-05T21:41:54+00:00
CCH-009963,ACCT-000246,B0300,915.09,2026-08-05T21:41:54+00:00
CCH-009964,ACCT-000568,B0300,807.85,2026-08-05T21:41:54+00:00
CCH-009965,ACCT-000460,B0300,713.72,2026-08-05T21:41:54+00:00
CCH-009966,ACCT-000843,B0300,790.52,2026-08-05T21:41:54+00:00
CCH-009967,ACCT-000551,B0300,334.63,2026-08-05T21:41:54+00:00
CCH-009968,ACCT-000397,B0300,657.15,2026-08-05T21:41:54+00:00
CCH-009969,ACCT-000378,B0300,53.61,2026-08-05T21:41:54+00:00
CCH-009970,ACCT-000708,B0300,261.16,2026-08-05T21:41:54+00:00
CCH-009971,ACCT-000683,B0300,248.98,2026-08-05T21:41:54+00:00
CCH-009972,ACCT-000428,B0300,744.47,2026-08-05T21:41:54+00:00
CCH-009973,ACCT-000974,B0300,62.02,2026-08-05T21:41:54+00:00
CCH-009974,ACCT-000059,B0300,1082.11,2026-08-05T21:41:54+00:00
CCH-009975,ACCT-000797,B0300,460.07,2026-08-05T21:41:54+00:00
CCH-009976,ACCT-000680,B0300,747.66,2026-08-05T21:41:54+00:00
CCH-009977,ACCT-000842,B0300,288.42,2026-08-05T21:41:54+00:00
CCH-009978,ACCT-001033,B0300,445.24,2026-08-05T21:41:54+00:00
CCH-009979,ACCT-001034,B0300,797.33,2026-08-05T21:41:54+00:00
CCH-009980,ACCT-001032,B0301,351.41,2026-08-05T22:50:56+00:00
CCH-009981,ACCT-000749,B0301,319.2,2026-08-05T22:50:56+00:00
CCH-009982,ACCT-000900,B0301,22.4,2026-08-05T22:50:56+00:00
CCH-009983,ACCT-000680,B0301,64.01,2026-08-05T22:50:56+00:00
CCH-009984,ACCT-000173,B0301,421.06,2026-08-05T22:50:56+00:00
CCH-009985,ACCT-000314,B0301,347.85,2026-08-05T22:50:56+00:00
CCH-009986,ACCT-000881,B0301,829.67,2026-08-05T22:50:56+00:00
CCH-009987,ACCT-000441,B0301,673.2,2026-08-05T22:50:56+00:00
CCH-009988,ACCT-000012,B0301,572.26,2026-08-05T22:50:56+00:00
CCH-009989,ACCT-000604,B0301,72.03,2026-08-05T22:50:56+00:00
CCH-009990,ACCT-001005,B0301,325.85,2026-08-05T22:50:56+00:00
CCH-009991,ACCT-000908,B0301,21.29,2026-08-05T22:50:56+00:00
CCH-009992,ACCT-000666,B0301,377.04,2026-08-05T22:50:56+00:00
CCH-009993,ACCT-000904,B0301,130.06,2026-08-05T22:50:56+00:00
CCH-009994,ACCT-000468,B0301,1137.94,2026-08-05T22:50:56+00:00
CCH-009995,ACCT-000888,B0301,235.74,2026-08-05T22:50:56+00:00
CCH-009996,ACCT-000284,B0301,215.43,2026-08-05T22:50:56+00:00
CCH-009997,ACCT-000633,B0301,655.54,2026-08-05T22:50:56+00:00
CCH-009998,ACCT-000368,B0301,1027.27,2026-08-05T22:50:56+00:00
CCH-009999,ACCT-000489,B0301,810.53,2026-08-05T22:50:56+00:00
CCH-010000,ACCT-000782,B0301,857.09,2026-08-05T22:50:56+00:00
CCH-010001,ACCT-000999,B0301,439.47,2026-08-05T22:50:56+00:00
CCH-010002,ACCT-000084,B0301,809.64,2026-08-05T22:50:56+00:00
CCH-010003,ACCT-000408,B0301,423.21,2026-08-05T22:50:56+00:00
CCH-010004,ACCT-000228,B0301,279.7,2026-08-05T22:50:56+00:00
CCH-010005,ACCT-000175,B0301,1026.97,2026-08-05T22:50:56+00:00
CCH-010006,ACCT-000836,B0301,157.16,2026-08-05T22:50:56+00:00
CCH-010007,ACCT-000324,B0301,440.81,2026-08-05T22:50:56+00:00
CCH-010008,ACCT-000559,B0301,485.74,2026-08-05T22:50:56+00:00
CCH-010009,ACCT-001034,B0301,927.97,2026-08-05T22:50:56+00:00
CCH-010010,ACCT-001035,B0301,233.85,2026-08-05T22:50:56+00:00
CCH-010011,ACCT-001036,B0301,199.9,2026-08-05T22:50:56+00:00
CCH-010012,ACCT-001037,B0301,45.92,2026-08-05T22:50:56+00:00
CCH-010013,ACCT-000773,B0302,648.06,2026-08-05T23:52:23+00:00
CCH-010014,ACCT-000213,B0302,801.31,2026-08-05T23:52:23+00:00
CCH-010015,ACCT-000173,B0302,487.36,2026-08-05T23:52:23+00:00
CCH-010016,ACCT-000695,B0302,323.58,2026-08-05T23:52:23+00:00
CCH-010017,ACCT-000309,B0302,174.31,2026-08-05T23:52:23+00:00
CCH-010018,ACCT-000562,B0302,419.24,2026-08-05T23:52:23+00:00
CCH-010019,ACCT-000291,B0302,337.53,2026-08-05T23:52:23+00:00
CCH-010020,ACCT-000359,B0302,399.49,2026-08-05T23:52:23+00:00
CCH-010021,ACCT-000310,B0302,640.57,2026-08-05T23:52:23+00:00
CCH-010022,ACCT-000051,B0302,922.45,2026-08-05T23:52:23+00:00
CCH-010023,ACCT-000235,B0302,229.84,2026-08-05T23:52:23+00:00
CCH-010024,ACCT-000729,B0302,713.95,2026-08-05T23:52:23+00:00
CCH-010025,ACCT-000114,B0302,345.39,2026-08-05T23:52:23+00:00
CCH-010026,ACCT-000722,B0302,626.92,2026-08-05T23:52:23+00:00
CCH-010027,ACCT-000879,B0302,437.08,2026-08-05T23:52:23+00:00
CCH-010028,ACCT-000960,B0302,1049.6,2026-08-05T23:52:23+00:00
CCH-010029,ACCT-000760,B0302,146.86,2026-08-05T23:52:23+00:00
CCH-010030,ACCT-000888,B0302,858.36,2026-08-05T23:52:23+00:00
CCH-010031,ACCT-000739,B0302,149.94,2026-08-05T23:52:23+00:00
CCH-010032,ACCT-000838,B0302,459.3,2026-08-05T23:52:23+00:00
CCH-010033,ACCT-000808,B0302,405.91,2026-08-05T23:52:23+00:00
CCH-010034,ACCT-000170,B0302,452.9,2026-08-05T23:52:23+00:00
CCH-010035,ACCT-000959,B0302,585.86,2026-08-05T23:52:23+00:00
CCH-010036,ACCT-000660,B0302,20.87,2026-08-05T23:52:23+00:00
CCH-010037,ACCT-000182,B0302,271.8,2026-08-05T23:52:23+00:00
CCH-010038,ACCT-000101,B0302,645.21,2026-08-05T23:52:23+00:00
CCH-010039,ACCT-000008,B0302,848.82,2026-08-05T23:52:23+00:00
CCH-010040,ACCT-000165,B0302,389.79,2026-08-05T23:52:23+00:00
CCH-010041,ACCT-000313,B0302,431.3,2026-08-05T23:52:23+00:00
CCH-010042,ACCT-000338,B0302,750.84,2026-08-05T23:52:23+00:00
CCH-010043,ACCT-001038,B0302,359.65,2026-08-05T23:52:23+00:00
CCH-010044,ACCT-001039,B0302,617.02,2026-08-05T23:52:23+00:00
CCH-010045,ACCT-001040,B0302,210.2,2026-08-05T23:52:23+00:00
CCH-010046,ACCT-001041,B0302,69.91,2026-08-05T23:52:23+00:00
CCH-010047,ACCT-000921,B0303,217.85,2026-08-06T01:48:56+00:00
CCH-010048,ACCT-000221,B0303,365.35,2026-08-06T01:48:56+00:00
CCH-010049,ACCT-000126,B0303,356.13,2026-08-06T01:48:56+00:00
CCH-010050,ACCT-000749,B0303,633.81,2026-08-06T01:48:56+00:00
CCH-010051,ACCT-000451,B0303,872.66,2026-08-06T01:48:56+00:00
CCH-010052,ACCT-000561,B0303,693.18,2026-08-06T01:48:56+00:00
CCH-010053,ACCT-000641,B0303,332.52,2026-08-06T01:48:56+00:00
CCH-010054,ACCT-000598,B0303,335.32,2026-08-06T01:48:56+00:00
CCH-010055,ACCT-000511,B0303,851.07,2026-08-06T01:48:56+00:00
CCH-010056,ACCT-000940,B0303,323.24,2026-08-06T01:48:56+00:00
CCH-010057,ACCT-000175,B0303,614.93,2026-08-06T01:48:56+00:00
CCH-010058,ACCT-000502,B0303,412.34,2026-08-06T01:48:56+00:00
CCH-010059,ACCT-000370,B0303,233.88,2026-08-06T01:48:56+00:00
CCH-010060,ACCT-000774,B0303,337.15,2026-08-06T01:48:56+00:00
CCH-010061,ACCT-000218,B0303,254.34,2026-08-06T01:48:56+00:00
CCH-010062,ACCT-000214,B0303,270.88,2026-08-06T01:48:56+00:00
CCH-010063,ACCT-000998,B0303,85.97,2026-08-06T01:48:56+00:00
CCH-010064,ACCT-000818,B0303,717.95,2026-08-06T01:48:56+00:00
CCH-010065,ACCT-000283,B0303,368.35,2026-08-06T01:48:56+00:00
CCH-010066,ACCT-000173,B0303,681.0,2026-08-06T01:48:56+00:00
CCH-010067,ACCT-000756,B0303,77.36,2026-08-06T01:48:56+00:00
CCH-010068,ACCT-000257,B0303,431.74,2026-08-06T01:48:56+00:00
CCH-010069,ACCT-000610,B0303,239.25,2026-08-06T01:48:56+00:00
CCH-010070,ACCT-000098,B0303,443.62,2026-08-06T01:48:56+00:00
CCH-010071,ACCT-000469,B0303,623.33,2026-08-06T01:48:56+00:00
CCH-010072,ACCT-000729,B0303,846.0,2026-08-06T01:48:56+00:00
CCH-010073,ACCT-001042,B0303,559.68,2026-08-06T01:48:56+00:00
CCH-010074,ACCT-001043,B0303,443.78,2026-08-06T01:48:56+00:00
CCH-010075,ACCT-001044,B0303,644.97,2026-08-06T01:48:56+00:00
CCH-010076,ACCT-000352,B0304,370.46,2026-08-06T04:59:20+00:00
CCH-010077,ACCT-000371,B0304,972.59,2026-08-06T04:59:20+00:00
CCH-010078,ACCT-000763,B0304,393.45,2026-08-06T04:59:20+00:00
CCH-010079,ACCT-000364,B0304,120.49,2026-08-06T04:59:20+00:00
CCH-010080,ACCT-000898,B0304,641.75,2026-08-06T04:59:20+00:00
CCH-010081,ACCT-000869,B0304,217.0,2026-08-06T04:59:20+00:00
CCH-010082,ACCT-001013,B0304,695.86,2026-08-06T04:59:20+00:00
CCH-010083,ACCT-000461,B0304,890.24,2026-08-06T04:59:20+00:00
CCH-010084,ACCT-000328,B0304,928.21,2026-08-06T04:59:20+00:00
CCH-010085,ACCT-001025,B0304,878.59,2026-08-06T04:59:20+00:00
CCH-010086,ACCT-000592,B0304,573.86,2026-08-06T04:59:20+00:00
CCH-010087,ACCT-000019,B0304,616.02,2026-08-06T04:59:20+00:00
CCH-010088,ACCT-000886,B0304,26.87,2026-08-06T04:59:20+00:00
CCH-010089,ACCT-000035,B0304,620.61,2026-08-06T04:59:20+00:00
CCH-010090,ACCT-000832,B0304,882.7,2026-08-06T04:59:20+00:00
CCH-010091,ACCT-000855,B0304,141.15,2026-08-06T04:59:20+00:00
CCH-010092,ACCT-000279,B0304,627.96,2026-08-06T04:59:20+00:00
CCH-010093,ACCT-000193,B0304,635.39,2026-08-06T04:59:20+00:00
CCH-010094,ACCT-000673,B0304,738.54,2026-08-06T04:59:20+00:00
CCH-010095,ACCT-000786,B0304,1142.03,2026-08-06T04:59:20+00:00
CCH-010096,ACCT-000721,B0304,1276.21,2026-08-06T04:59:20+00:00
CCH-010097,ACCT-000544,B0304,450.05,2026-08-06T04:59:20+00:00
CCH-010098,ACCT-000916,B0304,1161.71,2026-08-06T04:59:20+00:00
CCH-010099,ACCT-000781,B0304,344.9,2026-08-06T04:59:20+00:00
CCH-010100,ACCT-000060,B0304,30.5,2026-08-06T04:59:20+00:00
CCH-010101,ACCT-000295,B0304,327.38,2026-08-06T04:59:20+00:00
CCH-010102,ACCT-000114,B0304,565.03,2026-08-06T04:59:20+00:00
CCH-010103,ACCT-000322,B0304,355.28,2026-08-06T04:59:20+00:00
CCH-010104,ACCT-000465,B0304,166.93,2026-08-06T04:59:20+00:00
CCH-010105,ACCT-001045,B0304,515.01,2026-08-06T04:59:20+00:00
CCH-010106,ACCT-001046,B0304,917.14,2026-08-06T04:59:20+00:00
CCH-010107,ACCT-001047,B0304,335.4,2026-08-06T04:59:20+00:00
CCH-010108,ACCT-001048,B0304,257.51,2026-08-06T04:59:20+00:00
CCH-010109,ACCT-000049,B0305,638.77,2026-08-06T07:41:35+00:00
CCH-010110,ACCT-000244,B0305,776.85,2026-08-06T07:41:35+00:00
CCH-010111,ACCT-000058,B0305,609.95,2026-08-06T07:41:35+00:00
CCH-010112,ACCT-000211,B0305,322.07,2026-08-06T07:41:35+00:00
CCH-010113,ACCT-000548,B0305,1503.7,2026-08-06T07:41:35+00:00
CCH-010114,ACCT-000505,B0305,288.37,2026-08-06T07:41:35+00:00
CCH-010115,ACCT-001025,B0305,137.3,2026-08-06T07:41:35+00:00
CCH-010116,ACCT-000059,B0305,681.79,2026-08-06T07:41:35+00:00
CCH-010117,ACCT-000804,B0305,961.98,2026-08-06T07:41:35+00:00
CCH-010118,ACCT-000426,B0305,736.07,2026-08-06T07:41:35+00:00
CCH-010119,ACCT-000874,B0305,38.7,2026-08-06T07:41:35+00:00
CCH-010120,ACCT-000765,B0305,1316.22,2026-08-06T07:41:35+00:00
CCH-010121,ACCT-000023,B0305,807.03,2026-08-06T07:41:35+00:00
CCH-010122,ACCT-000775,B0305,381.18,2026-08-06T07:41:35+00:00
CCH-010123,ACCT-000030,B0305,437.7,2026-08-06T07:41:35+00:00
CCH-010124,ACCT-000354,B0305,639.66,2026-08-06T07:41:35+00:00
CCH-010125,ACCT-001038,B0305,1091.05,2026-08-06T07:41:35+00:00
CCH-010126,ACCT-000656,B0305,987.51,2026-08-06T07:41:35+00:00
CCH-010127,ACCT-000198,B0305,831.99,2026-08-06T07:41:35+00:00
CCH-010128,ACCT-000484,B0305,841.38,2026-08-06T07:41:35+00:00
CCH-010129,ACCT-000227,B0305,1170.53,2026-08-06T07:41:35+00:00
CCH-010130,ACCT-000950,B0305,275.31,2026-08-06T07:41:35+00:00
CCH-010131,ACCT-000820,B0305,857.68,2026-08-06T07:41:35+00:00
CCH-010132,ACCT-000418,B0305,81.33,2026-08-06T07:41:35+00:00
CCH-010133,ACCT-000357,B0305,342.9,2026-08-06T07:41:35+00:00
CCH-010134,ACCT-000317,B0305,738.52,2026-08-06T07:41:35+00:00
CCH-010135,ACCT-001039,B0305,669.18,2026-08-06T07:41:35+00:00
CCH-010136,ACCT-000387,B0305,1276.98,2026-08-06T07:41:35+00:00
CCH-010137,ACCT-000085,B0305,537.56,2026-08-06T07:41:35+00:00
CCH-010138,ACCT-000747,B0305,807.76,2026-08-06T07:41:35+00:00
CCH-010139,ACCT-000714,B0305,471.81,2026-08-06T07:41:35+00:00
CCH-010140,ACCT-000421,B0305,368.25,2026-08-06T07:41:35+00:00
CCH-010141,ACCT-001049,B0305,255.7,2026-08-06T07:41:35+00:00
CCH-010142,ACCT-001050,B0305,239.48,2026-08-06T07:41:35+00:00
CCH-010143,ACCT-001051,B0305,642.25,2026-08-06T07:41:35+00:00
CCH-010144,ACCT-000868,B0306,1080.95,2026-08-06T10:31:00+00:00
CCH-010145,ACCT-000947,B0306,836.03,2026-08-06T10:31:00+00:00
CCH-010146,ACCT-000195,B0306,867.59,2026-08-06T10:31:00+00:00
CCH-010147,ACCT-000562,B0306,670.36,2026-08-06T10:31:00+00:00
CCH-010148,ACCT-000295,B0306,195.12,2026-08-06T10:31:00+00:00
CCH-010149,ACCT-000767,B0306,841.4,2026-08-06T10:31:00+00:00
CCH-010150,ACCT-000814,B0306,468.1,2026-08-06T10:31:00+00:00
CCH-010151,ACCT-000456,B0306,117.99,2026-08-06T10:31:00+00:00
CCH-010152,ACCT-000807,B0306,569.47,2026-08-06T10:31:00+00:00
CCH-010153,ACCT-000655,B0306,638.57,2026-08-06T10:31:00+00:00
CCH-010154,ACCT-000151,B0306,432.59,2026-08-06T10:31:00+00:00
CCH-010155,ACCT-000187,B0306,635.55,2026-08-06T10:31:00+00:00
CCH-010156,ACCT-000466,B0306,660.69,2026-08-06T10:31:00+00:00
CCH-010157,ACCT-000914,B0306,816.78,2026-08-06T10:31:00+00:00
CCH-010158,ACCT-000327,B0306,186.38,2026-08-06T10:31:00+00:00
CCH-010159,ACCT-000457,B0306,220.92,2026-08-06T10:31:00+00:00
CCH-010160,ACCT-000777,B0306,572.98,2026-08-06T10:31:00+00:00
CCH-010161,ACCT-000770,B0306,992.24,2026-08-06T10:31:00+00:00
CCH-010162,ACCT-000720,B0306,194.16,2026-08-06T10:31:00+00:00
CCH-010163,ACCT-000088,B0306,375.51,2026-08-06T10:31:00+00:00
CCH-010164,ACCT-000964,B0306,189.82,2026-08-06T10:31:00+00:00
CCH-010165,ACCT-000167,B0306,33.47,2026-08-06T10:31:00+00:00
CCH-010166,ACCT-000607,B0306,492.74,2026-08-06T10:31:00+00:00
CCH-010167,ACCT-000488,B0306,358.61,2026-08-06T10:31:00+00:00
CCH-010168,ACCT-000030,B0306,1226.02,2026-08-06T10:31:00+00:00
CCH-010169,ACCT-000677,B0306,803.18,2026-08-06T10:31:00+00:00
CCH-010170,ACCT-000161,B0306,557.46,2026-08-06T10:31:00+00:00
CCH-010171,ACCT-000031,B0306,467.18,2026-08-06T10:31:00+00:00
CCH-010172,ACCT-000245,B0306,709.36,2026-08-06T10:31:00+00:00
CCH-010173,ACCT-000532,B0306,646.93,2026-08-06T10:31:00+00:00
CCH-010174,ACCT-000359,B0306,608.93,2026-08-06T10:31:00+00:00
CCH-010175,ACCT-001052,B0306,219.77,2026-08-06T10:31:00+00:00
CCH-010176,ACCT-001053,B0306,696.38,2026-08-06T10:31:00+00:00
CCH-010177,ACCT-001054,B0306,806.79,2026-08-06T10:31:00+00:00
CCH-010178,ACCT-001055,B0306,246.05,2026-08-06T10:31:00+00:00
CCH-010179,ACCT-000118,B0307,175.87,2026-08-06T12:52:13+00:00
CCH-010180,ACCT-000336,B0307,155.91,2026-08-06T12:52:13+00:00
CCH-010181,ACCT-000179,B0307,246.7,2026-08-06T12:52:13+00:00
CCH-010182,ACCT-000797,B0307,264.53,2026-08-06T12:52:13+00:00
CCH-010183,ACCT-000394,B0307,519.59,2026-08-06T12:52:13+00:00
CCH-010184,ACCT-000464,B0307,609.52,2026-08-06T12:52:13+00:00
CCH-010185,ACCT-000117,B0307,607.8,2026-08-06T12:52:13+00:00
CCH-010186,ACCT-000148,B0307,305.65,2026-08-06T12:52:13+00:00
CCH-010187,ACCT-000896,B0307,812.34,2026-08-06T12:52:13+00:00
CCH-010188,ACCT-000289,B0307,611.99,2026-08-06T12:52:13+00:00
CCH-010189,ACCT-000773,B0307,607.97,2026-08-06T12:52:13+00:00
CCH-010190,ACCT-000295,B0307,765.3,2026-08-06T12:52:13+00:00
CCH-010191,ACCT-000049,B0307,749.89,2026-08-06T12:52:13+00:00
CCH-010192,ACCT-000928,B0307,1207.19,2026-08-06T12:52:13+00:00
CCH-010193,ACCT-000455,B0307,441.55,2026-08-06T12:52:13+00:00
CCH-010194,ACCT-000571,B0307,464.56,2026-08-06T12:52:13+00:00
CCH-010195,ACCT-000611,B0307,901.3,2026-08-06T12:52:13+00:00
CCH-010196,ACCT-000826,B0307,735.85,2026-08-06T12:52:13+00:00
CCH-010197,ACCT-000033,B0307,571.57,2026-08-06T12:52:13+00:00
CCH-010198,ACCT-000973,B0307,888.0,2026-08-06T12:52:13+00:00
CCH-010199,ACCT-000640,B0307,359.33,2026-08-06T12:52:13+00:00
CCH-010200,ACCT-000160,B0307,297.8,2026-08-06T12:52:13+00:00
CCH-010201,ACCT-000204,B0307,419.12,2026-08-06T12:52:13+00:00
CCH-010202,ACCT-000886,B0307,199.72,2026-08-06T12:52:13+00:00
CCH-010203,ACCT-000139,B0307,944.09,2026-08-06T12:52:13+00:00
CCH-010204,ACCT-000047,B0307,142.64,2026-08-06T12:52:13+00:00
CCH-010205,ACCT-001009,B0307,1283.23,2026-08-06T12:52:13+00:00
CCH-010206,ACCT-000523,B0307,161.25,2026-08-06T12:52:13+00:00
CCH-010207,ACCT-000583,B0307,906.98,2026-08-06T12:52:13+00:00
CCH-010208,ACCT-000481,B0307,377.57,2026-08-06T12:52:13+00:00
CCH-010209,ACCT-000442,B0307,625.29,2026-08-06T12:52:13+00:00
CCH-010210,ACCT-000944,B0307,145.14,2026-08-06T12:52:13+00:00
CCH-010211,ACCT-000852,B0307,870.28,2026-08-06T12:52:13+00:00
CCH-010212,ACCT-000961,B0307,901.31,2026-08-06T12:52:13+00:00
CCH-010213,ACCT-000426,B0307,903.27,2026-08-06T12:52:13+00:00
CCH-010214,ACCT-001056,B0307,529.76,2026-08-06T12:52:13+00:00
CCH-010215,ACCT-001057,B0307,1262.72,2026-08-06T12:52:13+00:00
CCH-010216,ACCT-000765,B0308,94.7,2026-08-06T15:08:37+00:00
CCH-010217,ACCT-001054,B0308,875.37,2026-08-06T15:08:37+00:00
CCH-010218,ACCT-000793,B0308,1211.99,2026-08-06T15:08:37+00:00
CCH-010219,ACCT-000451,B0308,285.78,2026-08-06T15:08:37+00:00
CCH-010220,ACCT-001051,B0308,294.41,2026-08-06T15:08:37+00:00
CCH-010221,ACCT-000487,B0308,447.82,2026-08-06T15:08:37+00:00
CCH-010222,ACCT-000299,B0308,196.7,2026-08-06T15:08:37+00:00
CCH-010223,ACCT-000819,B0308,775.69,2026-08-06T15:08:37+00:00
CCH-010224,ACCT-000225,B0308,859.62,2026-08-06T15:08:37+00:00
CCH-010225,ACCT-000014,B0308,839.82,2026-08-06T15:08:37+00:00
CCH-010226,ACCT-000094,B0308,733.92,2026-08-06T15:08:37+00:00
CCH-010227,ACCT-000680,B0308,339.33,2026-08-06T15:08:37+00:00
CCH-010228,ACCT-000108,B0308,419.51,2026-08-06T15:08:37+00:00
CCH-010229,ACCT-000002,B0308,627.04,2026-08-06T15:08:37+00:00
CCH-010230,ACCT-000989,B0308,347.46,2026-08-06T15:08:37+00:00
CCH-010231,ACCT-000466,B0308,543.38,2026-08-06T15:08:37+00:00
CCH-010232,ACCT-000771,B0308,1225.21,2026-08-06T15:08:37+00:00
CCH-010233,ACCT-000435,B0308,767.26,2026-08-06T15:08:37+00:00
CCH-010234,ACCT-000084,B0308,403.92,2026-08-06T15:08:37+00:00
CCH-010235,ACCT-000406,B0308,587.46,2026-08-06T15:08:37+00:00
CCH-010236,ACCT-000654,B0308,705.21,2026-08-06T15:08:37+00:00
CCH-010237,ACCT-000307,B0308,630.69,2026-08-06T15:08:37+00:00
CCH-010238,ACCT-000470,B0308,770.88,2026-08-06T15:08:37+00:00
CCH-010239,ACCT-000304,B0308,442.81,2026-08-06T15:08:37+00:00
CCH-010240,ACCT-000795,B0308,955.19,2026-08-06T15:08:37+00:00
CCH-010241,ACCT-000289,B0308,760.22,2026-08-06T15:08:37+00:00
CCH-010242,ACCT-000213,B0308,493.44,2026-08-06T15:08:37+00:00
CCH-010243,ACCT-000663,B0308,4.15,2026-08-06T15:08:37+00:00
CCH-010244,ACCT-001058,B0308,84.21,2026-08-06T15:08:37+00:00
CCH-010245,ACCT-001059,B0308,399.89,2026-08-06T15:08:37+00:00
CCH-010246,ACCT-001060,B0308,735.63,2026-08-06T15:08:37+00:00
CCH-010247,ACCT-000048,B0309,827.4,2026-08-07T00:36:45+00:00
CCH-010248,ACCT-000753,B0309,1124.54,2026-08-07T00:36:45+00:00
CCH-010249,ACCT-000005,B0309,708.98,2026-08-07T00:36:45+00:00
CCH-010250,ACCT-000506,B0309,223.19,2026-08-07T00:36:45+00:00
CCH-010251,ACCT-000838,B0309,797.27,2026-08-07T00:36:45+00:00
CCH-010252,ACCT-000182,B0309,86.19,2026-08-07T00:36:45+00:00
CCH-010253,ACCT-000139,B0309,897.73,2026-08-07T00:36:45+00:00
CCH-010254,ACCT-000565,B0309,206.23,2026-08-07T00:36:45+00:00
CCH-010255,ACCT-000524,B0309,642.98,2026-08-07T00:36:45+00:00
CCH-010256,ACCT-000492,B0309,647.83,2026-08-07T00:36:45+00:00
CCH-010257,ACCT-001027,B0309,790.48,2026-08-07T00:36:45+00:00
CCH-010258,ACCT-000932,B0309,977.0,2026-08-07T00:36:45+00:00
CCH-010259,ACCT-001058,B0309,544.54,2026-08-07T00:36:45+00:00
CCH-010260,ACCT-000205,B0309,498.06,2026-08-07T00:36:45+00:00
CCH-010261,ACCT-000344,B0309,1020.0,2026-08-07T00:36:45+00:00
CCH-010262,ACCT-000563,B0309,459.87,2026-08-07T00:36:45+00:00
CCH-010263,ACCT-000646,B0309,1085.98,2026-08-07T00:36:45+00:00
CCH-010264,ACCT-000641,B0309,654.87,2026-08-07T00:36:45+00:00
CCH-010265,ACCT-000998,B0309,738.12,2026-08-07T00:36:45+00:00
CCH-010266,ACCT-000971,B0309,280.28,2026-08-07T00:36:45+00:00
CCH-010267,ACCT-000733,B0309,611.05,2026-08-07T00:36:45+00:00
CCH-010268,ACCT-000229,B0309,774.84,2026-08-07T00:36:45+00:00
CCH-010269,ACCT-000015,B0309,459.05,2026-08-07T00:36:45+00:00
CCH-010270,ACCT-000121,B0309,368.36,2026-08-07T00:36:45+00:00
CCH-010271,ACCT-000851,B0309,606.24,2026-08-07T00:36:45+00:00
CCH-010272,ACCT-000621,B0309,433.18,2026-08-07T00:36:45+00:00
CCH-010273,ACCT-000080,B0309,690.97,2026-08-07T00:36:45+00:00
CCH-010274,ACCT-000847,B0309,650.83,2026-08-07T00:36:45+00:00
CCH-010275,ACCT-000035,B0309,550.62,2026-08-07T00:36:45+00:00
CCH-010276,ACCT-000665,B0309,387.14,2026-08-07T00:36:45+00:00
CCH-010277,ACCT-000378,B0309,118.1,2026-08-07T00:36:45+00:00
CCH-010278,ACCT-000911,B0309,488.99,2026-08-07T00:36:45+00:00
CCH-010279,ACCT-001061,B0309,927.29,2026-08-07T00:36:45+00:00
CCH-010280,ACCT-001062,B0309,626.19,2026-08-07T00:36:45+00:00
CCH-010281,ACCT-001063,B0309,439.17,2026-08-07T00:36:45+00:00
CCH-010282,ACCT-001064,B0309,990.1,2026-08-07T00:36:45+00:00
CCH-010283,ACCT-000609,B0310,555.1,2026-08-07T03:44:07+00:00
CCH-010284,ACCT-000843,B0310,819.45,2026-08-07T03:44:07+00:00
CCH-010285,ACCT-000060,B0310,1074.57,2026-08-07T03:44:07+00:00
CCH-010286,ACCT-000549,B0310,297.87,2026-08-07T03:44:07+00:00
CCH-010287,ACCT-000938,B0310,525.64,2026-08-07T03:44:07+00:00
CCH-010288,ACCT-000787,B0310,627.08,2026-08-07T03:44:07+00:00
CCH-010289,ACCT-000630,B0310,646.4,2026-08-07T03:44:07+00:00
CCH-010290,ACCT-000660,B0310,786.2,2026-08-07T03:44:07+00:00
CCH-010291,ACCT-001009,B0310,229.72,2026-08-07T03:44:07+00:00
CCH-010292,ACCT-000937,B0310,245.74,2026-08-07T03:44:07+00:00
CCH-010293,ACCT-000978,B0310,900.98,2026-08-07T03:44:07+00:00
CCH-010294,ACCT-000301,B0310,980.86,2026-08-07T03:44:07+00:00
CCH-010295,ACCT-000725,B0310,599.54,2026-08-07T03:44:07+00:00
CCH-010296,ACCT-000355,B0310,985.41,2026-08-07T03:44:07+00:00
CCH-010297,ACCT-000642,B0310,28.83,2026-08-07T03:44:07+00:00
CCH-010298,ACCT-001037,B0310,239.52,2026-08-07T03:44:07+00:00
CCH-010299,ACCT-000835,B0310,1186.45,2026-08-07T03:44:07+00:00
CCH-010300,ACCT-000589,B0310,511.73,2026-08-07T03:44:07+00:00
CCH-010301,ACCT-000106,B0310,841.99,2026-08-07T03:44:07+00:00
CCH-010302,ACCT-000903,B0310,289.92,2026-08-07T03:44:07+00:00
CCH-010303,ACCT-000338,B0310,1078.99,2026-08-07T03:44:07+00:00
CCH-010304,ACCT-000317,B0310,190.48,2026-08-07T03:44:07+00:00
CCH-010305,ACCT-000972,B0310,384.13,2026-08-07T03:44:07+00:00
CCH-010306,ACCT-000954,B0310,212.25,2026-08-07T03:44:07+00:00
CCH-010307,ACCT-000427,B0310,500.03,2026-08-07T03:44:07+00:00
CCH-010308,ACCT-000914,B0310,750.18,2026-08-07T03:44:07+00:00
CCH-010309,ACCT-000423,B0310,251.4,2026-08-07T03:44:07+00:00
CCH-010310,ACCT-000605,B0310,1033.54,2026-08-07T03:44:07+00:00
CCH-010311,ACCT-000782,B0310,160.83,2026-08-07T03:44:07+00:00
CCH-010312,ACCT-000911,B0310,1065.04,2026-08-07T03:44:07+00:00
CCH-010313,ACCT-001065,B0310,901.3,2026-08-07T03:44:07+00:00
CCH-010314,ACCT-001066,B0310,334.63,2026-08-07T03:44:07+00:00
CCH-010315,ACCT-001067,B0310,496.84,2026-08-07T03:44:07+00:00
CCH-010316,ACCT-000468,B0311,719.15,2026-08-07T05:28:31+00:00
CCH-010317,ACCT-000696,B0311,1007.35,2026-08-07T05:28:31+00:00
CCH-010318,ACCT-000420,B0311,497.0,2026-08-07T05:28:31+00:00
CCH-010319,ACCT-000694,B0311,1077.08,2026-08-07T05:28:31+00:00
CCH-010320,ACCT-000153,B0311,219.63,2026-08-07T05:28:31+00:00
CCH-010321,ACCT-000866,B0311,486.09,2026-08-07T05:28:31+00:00
CCH-010322,ACCT-000391,B0311,611.18,2026-08-07T05:28:31+00:00
CCH-010323,ACCT-000977,B0311,1145.57,2026-08-07T05:28:31+00:00
CCH-010324,ACCT-000528,B0311,989.68,2026-08-07T05:28:31+00:00
CCH-010325,ACCT-000452,B0311,298.52,2026-08-07T05:28:31+00:00
CCH-010326,ACCT-000876,B0311,904.24,2026-08-07T05:28:31+00:00
CCH-010327,ACCT-000912,B0311,293.55,2026-08-07T05:28:31+00:00
CCH-010328,ACCT-000509,B0311,212.49,2026-08-07T05:28:31+00:00
CCH-010329,ACCT-000418,B0311,430.38,2026-08-07T05:28:31+00:00
CCH-010330,ACCT-001048,B0311,163.34,2026-08-07T05:28:31+00:00
CCH-010331,ACCT-000952,B0311,100.2,2026-08-07T05:28:31+00:00
CCH-010332,ACCT-000047,B0311,403.17,2026-08-07T05:28:31+00:00
CCH-010333,ACCT-000299,B0311,786.52,2026-08-07T05:28:31+00:00
CCH-010334,ACCT-000793,B0311,675.16,2026-08-07T05:28:31+00:00
CCH-010335,ACCT-000659,B0311,953.22,2026-08-07T05:28:31+00:00
CCH-010336,ACCT-000035,B0311,694.91,2026-08-07T05:28:31+00:00
CCH-010337,ACCT-000900,B0311,420.47,2026-08-07T05:28:31+00:00
CCH-010338,ACCT-000364,B0311,1041.67,2026-08-07T05:28:31+00:00
CCH-010339,ACCT-000436,B0311,306.04,2026-08-07T05:28:31+00:00
CCH-010340,ACCT-000849,B0311,169.2,2026-08-07T05:28:31+00:00
CCH-010341,ACCT-001068,B0311,700.68,2026-08-07T05:28:31+00:00
CCH-010342,ACCT-001069,B0311,423.62,2026-08-07T05:28:31+00:00
CCH-010343,ACCT-001070,B0311,569.19,2026-08-07T05:28:31+00:00
CCH-010344,ACCT-000348,B0312,538.69,2026-08-07T06:46:04+00:00
CCH-010345,ACCT-000027,B0312,210.96,2026-08-07T06:46:04+00:00
CCH-010346,ACCT-000345,B0312,1103.47,2026-08-07T06:46:04+00:00
CCH-010347,ACCT-000118,B0312,654.09,2026-08-07T06:46:04+00:00
CCH-010348,ACCT-000189,B0312,685.86,2026-08-07T06:46:04+00:00
CCH-010349,ACCT-000381,B0312,871.25,2026-08-07T06:46:04+00:00
CCH-010350,ACCT-000810,B0312,877.14,2026-08-07T06:46:04+00:00
CCH-010351,ACCT-000950,B0312,206.37,2026-08-07T06:46:04+00:00
CCH-010352,ACCT-000088,B0312,1062.38,2026-08-07T06:46:04+00:00
CCH-010353,ACCT-000675,B0312,214.53,2026-08-07T06:46:04+00:00
CCH-010354,ACCT-000614,B0312,233.08,2026-08-07T06:46:04+00:00
CCH-010355,ACCT-000878,B0312,1102.13,2026-08-07T06:46:04+00:00
CCH-010356,ACCT-000007,B0312,471.46,2026-08-07T06:46:04+00:00
CCH-010357,ACCT-000738,B0312,296.73,2026-08-07T06:46:04+00:00
CCH-010358,ACCT-000707,B0312,597.21,2026-08-07T06:46:04+00:00
CCH-010359,ACCT-000666,B0312,268.54,2026-08-07T06:46:04+00:00
CCH-010360,ACCT-000402,B0312,333.62,2026-08-07T06:46:04+00:00
CCH-010361,ACCT-000157,B0312,630.03,2026-08-07T06:46:04+00:00
CCH-010362,ACCT-000425,B0312,537.38,2026-08-07T06:46:04+00:00
CCH-010363,ACCT-000258,B0312,146.6,2026-08-07T06:46:04+00:00
CCH-010364,ACCT-000871,B0312,230.3,2026-08-07T06:46:04+00:00
CCH-010365,ACCT-000939,B0312,327.36,2026-08-07T06:46:04+00:00
CCH-010366,ACCT-001002,B0312,393.82,2026-08-07T06:46:04+00:00
CCH-010367,ACCT-000793,B0312,599.55,2026-08-07T06:46:04+00:00
CCH-010368,ACCT-000846,B0312,277.76,2026-08-07T06:46:04+00:00
CCH-010369,ACCT-000649,B0312,28.6,2026-08-07T06:46:04+00:00
CCH-010370,ACCT-000423,B0312,1030.71,2026-08-07T06:46:04+00:00
CCH-010371,ACCT-000276,B0312,705.13,2026-08-07T06:46:04+00:00
CCH-010372,ACCT-000761,B0312,152.23,2026-08-07T06:46:04+00:00
CCH-010373,ACCT-000236,B0312,685.81,2026-08-07T06:46:04+00:00
CCH-010374,ACCT-001066,B0312,325.63,2026-08-07T06:46:04+00:00
CCH-010375,ACCT-000836,B0312,293.12,2026-08-07T06:46:04+00:00
CCH-010376,ACCT-001071,B0312,419.31,2026-08-07T06:46:04+00:00
CCH-010377,ACCT-001072,B0312,534.86,2026-08-07T06:46:04+00:00
CCH-010378,ACCT-001073,B0312,447.97,2026-08-07T06:46:04+00:00
CCH-010379,ACCT-001074,B0312,1017.14,2026-08-07T06:46:04+00:00
CCH-010380,ACCT-000970,B0313,528.05,2026-08-07T08:08:43+00:00
CCH-010381,ACCT-001019,B0313,20.54,2026-08-07T08:08:43+00:00
CCH-010382,ACCT-001053,B0313,480.11,2026-08-07T08:08:43+00:00
CCH-010383,ACCT-000302,B0313,754.78,2026-08-07T08:08:43+00:00
CCH-010384,ACCT-001026,B0313,997.5,2026-08-07T08:08:43+00:00
CCH-010385,ACCT-000722,B0313,87.72,2026-08-07T08:08:43+00:00
CCH-010386,ACCT-000777,B0313,544.85,2026-08-07T08:08:43+00:00
CCH-010387,ACCT-000243,B0313,834.68,2026-08-07T08:08:43+00:00
CCH-010388,ACCT-000168,B0313,370.89,2026-08-07T08:08:43+00:00
CCH-010389,ACCT-000350,B0313,705.15,2026-08-07T08:08:43+00:00
CCH-010390,ACCT-000077,B0313,38.72,2026-08-07T08:08:43+00:00
CCH-010391,ACCT-000801,B0313,374.63,2026-08-07T08:08:43+00:00
CCH-010392,ACCT-000276,B0313,370.04,2026-08-07T08:08:43+00:00
CCH-010393,ACCT-000671,B0313,430.54,2026-08-07T08:08:43+00:00
CCH-010394,ACCT-000337,B0313,424.95,2026-08-07T08:08:43+00:00
CCH-010395,ACCT-000472,B0313,81.37,2026-08-07T08:08:43+00:00
CCH-010396,ACCT-000441,B0313,264.06,2026-08-07T08:08:43+00:00
CCH-010397,ACCT-000785,B0313,307.04,2026-08-07T08:08:43+00:00
CCH-010398,ACCT-000540,B0313,945.94,2026-08-07T08:08:43+00:00
CCH-010399,ACCT-000516,B0313,751.63,2026-08-07T08:08:43+00:00
CCH-010400,ACCT-000239,B0313,564.63,2026-08-07T08:08:43+00:00
CCH-010401,ACCT-000461,B0313,404.45,2026-08-07T08:08:43+00:00
CCH-010402,ACCT-000510,B0313,268.81,2026-08-07T08:08:43+00:00
CCH-010403,ACCT-000151,B0313,321.41,2026-08-07T08:08:43+00:00
CCH-010404,ACCT-000053,B0313,909.95,2026-08-07T08:08:43+00:00
CCH-010405,ACCT-000345,B0313,879.22,2026-08-07T08:08:43+00:00
CCH-010406,ACCT-000467,B0313,229.15,2026-08-07T08:08:43+00:00
CCH-010407,ACCT-000268,B0313,154.03,2026-08-07T08:08:43+00:00
CCH-010408,ACCT-000715,B0313,145.85,2026-08-07T08:08:43+00:00
CCH-010409,ACCT-000992,B0313,250.51,2026-08-07T08:08:43+00:00
CCH-010410,ACCT-000490,B0313,741.57,2026-08-07T08:08:43+00:00
CCH-010411,ACCT-000665,B0313,283.79,2026-08-07T08:08:43+00:00
CCH-010412,ACCT-000398,B0313,375.28,2026-08-07T08:08:43+00:00
CCH-010413,ACCT-001075,B0313,85.57,2026-08-07T08:08:43+00:00
CCH-010414,ACCT-001076,B0313,328.16,2026-08-07T08:08:43+00:00
CCH-010415,ACCT-000035,B0314,164.69,2026-08-07T09:30:18+00:00
CCH-010416,ACCT-000749,B0314,329.47,2026-08-07T09:30:18+00:00
CCH-010417,ACCT-000345,B0314,612.71,2026-08-07T09:30:18+00:00
CCH-010418,ACCT-000991,B0314,220.58,2026-08-07T09:30:18+00:00
CCH-010419,ACCT-000839,B0314,885.69,2026-08-07T09:30:18+00:00
CCH-010420,ACCT-000383,B0314,35.85,2026-08-07T09:30:18+00:00
CCH-010421,ACCT-000370,B0314,657.15,2026-08-07T09:30:18+00:00
CCH-010422,ACCT-000408,B0314,369.83,2026-08-07T09:30:18+00:00
CCH-010423,ACCT-000066,B0314,791.79,2026-08-07T09:30:18+00:00
CCH-010424,ACCT-000853,B0314,635.58,2026-08-07T09:30:18+00:00
CCH-010425,ACCT-000431,B0314,85.42,2026-08-07T09:30:18+00:00
CCH-010426,ACCT-000569,B0314,310.7,2026-08-07T09:30:18+00:00
CCH-010427,ACCT-000845,B0314,745.29,2026-08-07T09:30:18+00:00
CCH-010428,ACCT-000962,B0314,949.64,2026-08-07T09:30:18+00:00
CCH-010429,ACCT-000545,B0314,374.11,2026-08-07T09:30:18+00:00
CCH-010430,ACCT-000949,B0314,113.52,2026-08-07T09:30:18+00:00
CCH-010431,ACCT-000444,B0314,76.67,2026-08-07T09:30:18+00:00
CCH-010432,ACCT-000516,B0314,779.51,2026-08-07T09:30:18+00:00
CCH-010433,ACCT-000237,B0314,297.36,2026-08-07T09:30:18+00:00
CCH-010434,ACCT-000142,B0314,514.66,2026-08-07T09:30:18+00:00
CCH-010435,ACCT-000214,B0314,213.31,2026-08-07T09:30:18+00:00
CCH-010436,ACCT-000635,B0314,157.35,2026-08-07T09:30:18+00:00
CCH-010437,ACCT-000906,B0314,460.24,2026-08-07T09:30:18+00:00
CCH-010438,ACCT-000144,B0314,97.12,2026-08-07T09:30:18+00:00
CCH-010439,ACCT-000139,B0314,226.71,2026-08-07T09:30:18+00:00
CCH-010440,ACCT-000208,B0314,351.28,2026-08-07T09:30:18+00:00
CCH-010441,ACCT-000674,B0314,1146.58,2026-08-07T09:30:18+00:00
CCH-010442,ACCT-000915,B0314,67.52,2026-08-07T09:30:18+00:00
CCH-010443,ACCT-000922,B0314,155.23,2026-08-07T09:30:18+00:00
CCH-010444,ACCT-000551,B0314,25.42,2026-08-07T09:30:18+00:00
CCH-010445,ACCT-001031,B0314,70.12,2026-08-07T09:30:18+00:00
CCH-010446,ACCT-001077,B0314,149.86,2026-08-07T09:30:18+00:00
CCH-010447,ACCT-001078,B0314,715.68,2026-08-07T09:30:18+00:00
CCH-010448,ACCT-001079,B0314,814.51,2026-08-07T09:30:18+00:00
CCH-010449,ACCT-001080,B0314,913.53,2026-08-07T09:30:18+00:00
CCH-010450,ACCT-000682,B0315,866.29,2026-08-07T10:27:33+00:00
CCH-010451,ACCT-000535,B0315,1068.04,2026-08-07T10:27:33+00:00
CCH-010452,ACCT-000394,B0315,1071.75,2026-08-07T10:27:33+00:00
CCH-010453,ACCT-000331,B0315,893.39,2026-08-07T10:27:33+00:00
CCH-010454,ACCT-000203,B0315,950.94,2026-08-07T10:27:33+00:00
CCH-010455,ACCT-000662,B0315,535.12,2026-08-07T10:27:33+00:00
CCH-010456,ACCT-000415,B0315,301.75,2026-08-07T10:27:33+00:00
CCH-010457,ACCT-000218,B0315,126.29,2026-08-07T10:27:33+00:00
CCH-010458,ACCT-000616,B0315,496.79,2026-08-07T10:27:33+00:00
CCH-010459,ACCT-000955,B0315,709.48,2026-08-07T10:27:33+00:00
CCH-010460,ACCT-000917,B0315,780.12,2026-08-07T10:27:33+00:00
CCH-010461,ACCT-000737,B0315,70.87,2026-08-07T10:27:33+00:00
CCH-010462,ACCT-000303,B0315,163.76,2026-08-07T10:27:33+00:00
CCH-010463,ACCT-001073,B0315,409.71,2026-08-07T10:27:33+00:00
CCH-010464,ACCT-000083,B0315,1053.31,2026-08-07T10:27:33+00:00
CCH-010465,ACCT-000680,B0315,544.08,2026-08-07T10:27:33+00:00
CCH-010466,ACCT-000426,B0315,38.56,2026-08-07T10:27:33+00:00
CCH-010467,ACCT-000043,B0315,133.71,2026-08-07T10:27:33+00:00
CCH-010468,ACCT-000358,B0315,735.3,2026-08-07T10:27:33+00:00
CCH-010469,ACCT-000140,B0315,260.26,2026-08-07T10:27:33+00:00
CCH-010470,ACCT-000483,B0315,748.28,2026-08-07T10:27:33+00:00
CCH-010471,ACCT-001035,B0315,502.08,2026-08-07T10:27:33+00:00
CCH-010472,ACCT-000360,B0315,574.98,2026-08-07T10:27:33+00:00
CCH-010473,ACCT-000670,B0315,599.4,2026-08-07T10:27:33+00:00
CCH-010474,ACCT-000182,B0315,353.78,2026-08-07T10:27:33+00:00
CCH-010475,ACCT-000985,B0315,766.24,2026-08-07T10:27:33+00:00
CCH-010476,ACCT-000790,B0315,798.36,2026-08-07T10:27:33+00:00
CCH-010477,ACCT-000550,B0315,523.14,2026-08-07T10:27:33+00:00
CCH-010478,ACCT-000267,B0315,400.98,2026-08-07T10:27:33+00:00
CCH-010479,ACCT-000991,B0315,290.13,2026-08-07T10:27:33+00:00
CCH-010480,ACCT-000266,B0315,493.97,2026-08-07T10:27:33+00:00
CCH-010481,ACCT-001009,B0315,582.99,2026-08-07T10:27:33+00:00
CCH-010482,ACCT-001081,B0315,364.49,2026-08-07T10:27:33+00:00
CCH-010483,ACCT-001082,B0315,395.37,2026-08-07T10:27:33+00:00
CCH-010484,ACCT-000362,B0316,810.28,2026-08-07T11:21:26+00:00
CCH-010485,ACCT-000279,B0316,415.96,2026-08-07T11:21:26+00:00
CCH-010486,ACCT-000938,B0316,761.92,2026-08-07T11:21:26+00:00
CCH-010487,ACCT-000207,B0316,868.99,2026-08-07T11:21:26+00:00
CCH-010488,ACCT-000144,B0316,456.49,2026-08-07T11:21:26+00:00
CCH-010489,ACCT-000203,B0316,526.38,2026-08-07T11:21:26+00:00
CCH-010490,ACCT-000854,B0316,345.66,2026-08-07T11:21:26+00:00
CCH-010491,ACCT-000252,B0316,639.25,2026-08-07T11:21:26+00:00
CCH-010492,ACCT-000569,B0316,537.6,2026-08-07T11:21:26+00:00
CCH-010493,ACCT-000977,B0316,1060.54,2026-08-07T11:21:26+00:00
CCH-010494,ACCT-000542,B0316,1178.61,2026-08-07T11:21:26+00:00
CCH-010495,ACCT-000928,B0316,661.14,2026-08-07T11:21:26+00:00
CCH-010496,ACCT-000597,B0316,360.41,2026-08-07T11:21:26+00:00
CCH-010497,ACCT-001050,B0316,1273.57,2026-08-07T11:21:26+00:00
CCH-010498,ACCT-000235,B0316,399.78,2026-08-07T11:21:26+00:00
CCH-010499,ACCT-000294,B0316,352.73,2026-08-07T11:21:26+00:00
CCH-010500,ACCT-000143,B0316,139.25,2026-08-07T11:21:26+00:00
CCH-010501,ACCT-000257,B0316,123.0,2026-08-07T11:21:26+00:00
CCH-010502,ACCT-000945,B0316,925.08,2026-08-07T11:21:26+00:00
CCH-010503,ACCT-000372,B0316,282.9,2026-08-07T11:21:26+00:00
CCH-010504,ACCT-000536,B0316,110.63,2026-08-07T11:21:26+00:00
CCH-010505,ACCT-000814,B0316,364.74,2026-08-07T11:21:26+00:00
CCH-010506,ACCT-000622,B0316,326.84,2026-08-07T11:21:26+00:00
CCH-010507,ACCT-000695,B0316,1090.44,2026-08-07T11:21:26+00:00
CCH-010508,ACCT-000311,B0316,363.88,2026-08-07T11:21:26+00:00
CCH-010509,ACCT-000733,B0316,303.74,2026-08-07T11:21:26+00:00
CCH-010510,ACCT-001070,B0316,957.18,2026-08-07T11:21:26+00:00
CCH-010511,ACCT-000263,B0316,799.86,2026-08-07T11:21:26+00:00
CCH-010512,ACCT-000507,B0316,638.58,2026-08-07T11:21:26+00:00
CCH-010513,ACCT-000729,B0316,446.22,2026-08-07T11:21:26+00:00
CCH-010514,ACCT-000174,B0316,417.19,2026-08-07T11:21:26+00:00
CCH-010515,ACCT-001083,B0316,97.2,2026-08-07T11:21:26+00:00
CCH-010516,ACCT-001084,B0316,626.61,2026-08-07T11:21:26+00:00
CCH-010517,ACCT-001085,B0316,373.92,2026-08-07T11:21:26+00:00
CCH-010518,ACCT-001086,B0316,58.34,2026-08-07T11:21:26+00:00
CCH-010519,ACCT-000257,B0317,757.95,2026-08-07T12:06:31+00:00
CCH-010520,ACCT-000155,B0317,773.49,2026-08-07T12:06:31+00:00
CCH-010521,ACCT-000869,B0317,972.74,2026-08-07T12:06:31+00:00
CCH-010522,ACCT-001062,B0317,810.34,2026-08-07T12:06:31+00:00
CCH-010523,ACCT-000727,B0317,214.96,2026-08-07T12:06:31+00:00
CCH-010524,ACCT-000175,B0317,1074.11,2026-08-07T12:06:31+00:00
CCH-010525,ACCT-000515,B0317,1197.4,2026-08-07T12:06:31+00:00
CCH-010526,ACCT-000832,B0317,685.21,2026-08-07T12:06:31+00:00
CCH-010527,ACCT-000912,B0317,38.23,2026-08-07T12:06:31+00:00
CCH-010528,ACCT-000894,B0317,847.4,2026-08-07T12:06:31+00:00
CCH-010529,ACCT-000940,B0317,650.65,2026-08-07T12:06:31+00:00
CCH-010530,ACCT-000449,B0317,194.5,2026-08-07T12:06:31+00:00
CCH-010531,ACCT-000286,B0317,254.24,2026-08-07T12:06:31+00:00
CCH-010532,ACCT-000620,B0317,923.35,2026-08-07T12:06:31+00:00
CCH-010533,ACCT-000897,B0317,974.9,2026-08-07T12:06:31+00:00
CCH-010534,ACCT-000182,B0317,645.1,2026-08-07T12:06:31+00:00
CCH-010535,ACCT-000285,B0317,333.16,2026-08-07T12:06:31+00:00
CCH-010536,ACCT-000319,B0317,397.97,2026-08-07T12:06:31+00:00
CCH-010537,ACCT-000126,B0317,386.39,2026-08-07T12:06:31+00:00
CCH-010538,ACCT-000073,B0317,747.33,2026-08-07T12:06:31+00:00
CCH-010539,ACCT-000060,B0317,524.73,2026-08-07T12:06:31+00:00
CCH-010540,ACCT-000423,B0317,100.41,2026-08-07T12:06:31+00:00
CCH-010541,ACCT-001050,B0317,865.93,2026-08-07T12:06:31+00:00
CCH-010542,ACCT-000434,B0317,512.44,2026-08-07T12:06:31+00:00
CCH-010543,ACCT-000684,B0317,395.87,2026-08-07T12:06:31+00:00
CCH-010544,ACCT-000956,B0317,325.78,2026-08-07T12:06:31+00:00
CCH-010545,ACCT-000469,B0317,440.23,2026-08-07T12:06:31+00:00
CCH-010546,ACCT-001000,B0317,485.12,2026-08-07T12:06:31+00:00
CCH-010547,ACCT-000882,B0317,584.81,2026-08-07T12:06:31+00:00
CCH-010548,ACCT-000123,B0317,769.72,2026-08-07T12:06:31+00:00
CCH-010549,ACCT-001012,B0317,604.19,2026-08-07T12:06:31+00:00
CCH-010550,ACCT-000047,B0317,512.65,2026-08-07T12:06:31+00:00
CCH-010551,ACCT-000273,B0317,26.9,2026-08-07T12:06:31+00:00
CCH-010552,ACCT-000136,B0317,66.3,2026-08-07T12:06:31+00:00
CCH-010553,ACCT-000815,B0317,221.19,2026-08-07T12:06:31+00:00
CCH-010554,ACCT-001087,B0317,100.88,2026-08-07T12:06:31+00:00
CCH-010555,ACCT-001088,B0317,854.5,2026-08-07T12:06:31+00:00
CCH-010556,ACCT-000864,B0318,313.52,2026-08-07T13:46:53+00:00
CCH-010557,ACCT-000018,B0318,885.26,2026-08-07T13:46:53+00:00
CCH-010558,ACCT-000187,B0318,403.36,2026-08-07T13:46:53+00:00
CCH-010559,ACCT-000855,B0318,1045.2,2026-08-07T13:46:53+00:00
CCH-010560,ACCT-000167,B0318,697.19,2026-08-07T13:46:53+00:00
CCH-010561,ACCT-000428,B0318,774.19,2026-08-07T13:46:53+00:00
CCH-010562,ACCT-000435,B0318,910.78,2026-08-07T13:46:53+00:00
CCH-010563,ACCT-000550,B0318,1084.35,2026-08-07T13:46:53+00:00
CCH-010564,ACCT-000794,B0318,275.02,2026-08-07T13:46:53+00:00
CCH-010565,ACCT-000015,B0318,517.6,2026-08-07T13:46:53+00:00
CCH-010566,ACCT-000546,B0318,306.71,2026-08-07T13:46:53+00:00
CCH-010567,ACCT-000685,B0318,668.21,2026-08-07T13:46:53+00:00
CCH-010568,ACCT-000889,B0318,1381.19,2026-08-07T13:46:53+00:00
CCH-010569,ACCT-000273,B0318,460.19,2026-08-07T13:46:53+00:00
CCH-010570,ACCT-000379,B0318,852.78,2026-08-07T13:46:53+00:00
CCH-010571,ACCT-000241,B0318,212.55,2026-08-07T13:46:53+00:00
CCH-010572,ACCT-000391,B0318,80.48,2026-08-07T13:46:53+00:00
CCH-010573,ACCT-000369,B0318,372.53,2026-08-07T13:46:53+00:00
CCH-010574,ACCT-000949,B0318,654.23,2026-08-07T13:46:53+00:00
CCH-010575,ACCT-000749,B0318,879.35,2026-08-07T13:46:53+00:00
CCH-010576,ACCT-000021,B0318,308.92,2026-08-07T13:46:53+00:00
CCH-010577,ACCT-001079,B0318,668.97,2026-08-07T13:46:53+00:00
CCH-010578,ACCT-000190,B0318,645.29,2026-08-07T13:46:53+00:00
CCH-010579,ACCT-000805,B0318,490.57,2026-08-07T13:46:53+00:00
CCH-010580,ACCT-000509,B0318,494.13,2026-08-07T13:46:53+00:00
CCH-010581,ACCT-000367,B0318,566.87,2026-08-07T13:46:53+00:00
CCH-010582,ACCT-000966,B0318,70.28,2026-08-07T13:46:53+00:00
CCH-010583,ACCT-000265,B0318,620.47,2026-08-07T13:46:53+00:00
CCH-010584,ACCT-000127,B0318,290.89,2026-08-07T13:46:53+00:00
CCH-010585,ACCT-000327,B0318,318.28,2026-08-07T13:46:53+00:00
CCH-010586,ACCT-000048,B0318,486.28,2026-08-07T13:46:53+00:00
CCH-010587,ACCT-000938,B0318,1054.05,2026-08-07T13:46:53+00:00
CCH-010588,ACCT-000085,B0318,681.46,2026-08-07T13:46:53+00:00
CCH-010589,ACCT-001089,B0318,330.95,2026-08-07T13:46:53+00:00
CCH-010590,ACCT-001090,B0318,442.21,2026-08-07T13:46:53+00:00
CCH-010591,ACCT-000305,B0319,646.96,2026-08-07T14:46:39+00:00
CCH-010592,ACCT-001072,B0319,735.76,2026-08-07T14:46:39+00:00
CCH-010593,ACCT-000456,B0319,727.23,2026-08-07T14:46:39+00:00
CCH-010594,ACCT-000509,B0319,290.16,2026-08-07T14:46:39+00:00
CCH-010595,ACCT-000375,B0319,1120.77,2026-08-07T14:46:39+00:00
CCH-010596,ACCT-000938,B0319,607.22,2026-08-07T14:46:39+00:00
CCH-010597,ACCT-000639,B0319,950.83,2026-08-07T14:46:39+00:00
CCH-010598,ACCT-000343,B0319,607.84,2026-08-07T14:46:39+00:00
CCH-010599,ACCT-000073,B0319,281.26,2026-08-07T14:46:39+00:00
CCH-010600,ACCT-000083,B0319,78.17,2026-08-07T14:46:39+00:00
CCH-010601,ACCT-000057,B0319,263.4,2026-08-07T14:46:39+00:00
CCH-010602,ACCT-000350,B0319,297.59,2026-08-07T14:46:39+00:00
CCH-010603,ACCT-000263,B0319,470.73,2026-08-07T14:46:39+00:00
CCH-010604,ACCT-000257,B0319,371.69,2026-08-07T14:46:39+00:00
CCH-010605,ACCT-000299,B0319,492.48,2026-08-07T14:46:39+00:00
CCH-010606,ACCT-000260,B0319,766.81,2026-08-07T14:46:39+00:00
CCH-010607,ACCT-000788,B0319,615.05,2026-08-07T14:46:39+00:00
CCH-010608,ACCT-000733,B0319,1313.51,2026-08-07T14:46:39+00:00
CCH-010609,ACCT-000109,B0319,442.28,2026-08-07T14:46:39+00:00
CCH-010610,ACCT-000946,B0319,524.21,2026-08-07T14:46:39+00:00
CCH-010611,ACCT-000489,B0319,1007.24,2026-08-07T14:46:39+00:00
CCH-010612,ACCT-000198,B0319,41.39,2026-08-07T14:46:39+00:00
CCH-010613,ACCT-000793,B0319,432.35,2026-08-07T14:46:39+00:00
CCH-010614,ACCT-000529,B0319,370.24,2026-08-07T14:46:39+00:00
CCH-010615,ACCT-000516,B0319,541.92,2026-08-07T14:46:39+00:00
CCH-010616,ACCT-001091,B0319,935.66,2026-08-07T14:46:39+00:00
CCH-010617,ACCT-001092,B0319,435.18,2026-08-07T14:46:39+00:00
