export_id,account_id,batch_id,export_date,reported_rc_difference,generated_at
EXP-000001,ACCT-000001,B0001,2026-01-15,0.0,2026-07-12T19:44:37+00:00
EXP-000002,ACCT-000002,B0001,2026-01-15,0.0,2026-07-12T19:44:37+00:00
EXP-000003,ACCT-000003,B0001,2026-01-15,0.0,2026-07-12T19:44:37+00:00
EXP-000004,ACCT-000004,B0001,2026-01-15,0.0,2026-07-12T19:44:37+00:00
EXP-000005,ACCT-000005,B0001,2026-01-15,0.0,2026-07-12T19:44:37+00:00
EXP-000006,ACCT-000006,B0001,2026-01-15,0.0,2026-07-12T19:44:37+00:00
EXP-000007,ACCT-000007,B0001,2026-01-15,0.0,2026-07-12T19:44:37+00:00
EXP-000008,ACCT-000008,B0001,2026-01-15,0.0,2026-07-12T19:44:37+00:00
EXP-000009,ACCT-000009,B0001,2026-01-15,0.0,2026-07-12T19:44:37+00:00
EXP-000010,ACCT-000010,B0001,2026-01-15,0.0,2026-07-12T19:44:37+00:00
EXP-000011,ACCT-000011,B0001,2026-01-15,0.0,2026-07-12T19:44:37+00:00
EXP-000012,ACCT-000012,B0001,2026-01-15,0.0,2026-07-12T19:44:37+00:00
EXP-000013,ACCT-000013,B0001,2026-01-15,0.0,2026-07-12T19:44:37+00:00
EXP-000014,ACCT-000014,B0001,2026-01-15,0.0,2026-07-12T19:44:37+00:00
EXP-000015,ACCT-000015,B0001,2026-01-15,0.0,2026-07-12T19:44:37+00:00
EXP-000016,ACCT-000016,B0001,2026-01-15,0.0,2026-07-12T19:44:37+00:00
EXP-000017,ACCT-000017,B0001,2026-01-15,0.0,2026-07-12T19:44:37+00:00
EXP-000018,ACCT-000018,B0001,2026-01-15,0.0,2026-07-12T19:44:37+00:00
EXP-000019,ACCT-000019,B0001,2026-01-15,23.17,2026-07-12T19:44:37+00:00
EXP-000020,ACCT-000020,B0001,2026-01-15,0.0,2026-07-12T19:44:37+00:00
EXP-000021,ACCT-000021,B0001,2026-01-15,0.0,2026-07-12T19:44:37+00:00
EXP-000022,ACCT-000022,B0001,2026-01-15,0.0,2026-07-12T19:44:37+00:00
EXP-000023,ACCT-000023,B0001,2026-01-15,0.0,2026-07-12T19:44:37+00:00
EXP-000024,ACCT-000024,B0001,2026-01-15,0.0,2026-07-12T19:44:37+00:00
EXP-000025,ACCT-000025,B0001,2026-01-15,0.0,2026-07-12T19:44:37+00:00
EXP-000026,ACCT-000026,B0001,2026-01-15,0.0,2026-07-12T19:44:37+00:00
EXP-000027,ACCT-000027,B0001,2026-01-15,-4.48,2026-07-12T19:44:37+00:00
EXP-000028,ACCT-000028,B0001,2026-01-15,0.0,2026-07-12T19:44:37+00:00
EXP-000029,ACCT-000029,B0001,2026-01-15,0.0,2026-07-12T19:44:37+00:00
EXP-000030,ACCT-000030,B0001,2026-01-15,0.0,2026-07-12T19:44:37+00:00
EXP-000031,ACCT-000031,B0001,2026-01-15,2.84,2026-07-12T19:44:37+00:00
EXP-000032,ACCT-000032,B0001,2026-01-15,0.0,2026-07-12T19:44:37+00:00
EXP-000033,ACCT-000033,B0001,2026-01-15,0.0,2026-07-12T19:44:37+00:00
EXP-000034,ACCT-000034,B0001,2026-01-15,0.0,2026-07-12T19:44:37+00:00
EXP-000035,ACCT-000035,B0001,2026-01-15,0.0,2026-07-12T19:44:37+00:00
EXP-000036,ACCT-000036,B0001,2026-01-15,0.0,2026-07-12T19:44:37+00:00
EXP-000037,ACCT-000037,B0001,2026-01-15,0.0,2026-07-12T19:44:37+00:00
EXP-000038,ACCT-000038,B0001,2026-01-15,0.0,2026-07-12T19:44:37+00:00
EXP-000039,ACCT-000039,B0001,2026-01-15,0.0,2026-07-12T19:44:37+00:00
EXP-000040,ACCT-000040,B0001,2026-01-15,0.0,2026-07-12T19:44:37+00:00
EXP-000041,ACCT-000041,B0001,2026-01-15,0.0,2026-07-12T19:44:37+00:00
EXP-000042,ACCT-000042,B0001,2026-01-15,0.0,2026-07-12T19:44:37+00:00
EXP-000043,ACCT-000043,B0001,2026-01-15,0.0,2026-07-12T19:44:37+00:00
EXP-000044,ACCT-000044,B0001,2026-01-15,0.0,2026-07-12T19:44:37+00:00
EXP-000045,ACCT-000045,B0001,2026-01-15,0.0,2026-07-12T19:44:37+00:00
EXP-000046,ACCT-000046,B0001,2026-01-15,0.0,2026-07-12T19:44:37+00:00
EXP-000047,ACCT-000047,B0001,2026-01-15,0.0,2026-07-12T19:44:37+00:00
EXP-000048,ACCT-000048,B0001,2026-01-15,0.0,2026-07-12T19:44:37+00:00
EXP-000049,ACCT-000049,B0001,2026-01-15,0.0,2026-07-12T19:44:37+00:00
EXP-000050,ACCT-000050,B0001,2026-01-15,0.0,2026-07-12T19:44:37+00:00
EXP-000051,ACCT-000051,B0001,2026-01-15,0.0,2026-07-12T19:44:37+00:00
EXP-000052,ACCT-000052,B0001,2026-01-15,0.0,2026-07-12T19:44:37+00:00
EXP-000053,ACCT-000053,B0001,2026-01-15,0.0,2026-07-12T19:44:37+00:00
EXP-000054,ACCT-000054,B0001,2026-01-15,0.0,2026-07-12T19:44:37+00:00
EXP-000055,ACCT-000055,B0001,2026-01-15,0.0,2026-07-12T19:44:37+00:00
EXP-000056,ACCT-000056,B0001,2026-01-15,0.0,2026-07-12T19:44:37+00:00
EXP-000057,ACCT-000057,B0001,2026-01-15,0.0,2026-07-12T19:44:37+00:00
EXP-000058,ACCT-000058,B0001,2026-01-15,0.0,2026-07-12T19:44:37+00:00
EXP-000059,ACCT-000059,B0001,2026-01-15,0.0,2026-07-12T19:44:37+00:00
EXP-000060,ACCT-000060,B0001,2026-01-15,0.0,2026-07-12T19:44:37+00:00
EXP-000061,ACCT-000061,B0001,2026-01-15,0.0,2026-07-12T19:44:37+00:00
EXP-000062,ACCT-000062,B0001,2026-01-15,0.0,2026-07-12T19:44:37+00:00
EXP-000063,ACCT-000063,B0001,2026-01-15,0.0,2026-07-12T19:44:37+00:00
EXP-000064,ACCT-000064,B0001,2026-01-15,0.0,2026-07-12T19:44:37+00:00
EXP-000065,ACCT-000065,B0001,2026-01-15,-12.17,2026-07-12T19:44:37+00:00
EXP-000066,ACCT-000066,B0001,2026-01-15,0.0,2026-07-12T19:44:37+00:00
EXP-000067,ACCT-000067,B0001,2026-01-15,0.0,2026-07-12T19:44:37+00:00
EXP-000068,ACCT-000068,B0001,2026-01-15,0.0,2026-07-12T19:44:37+00:00
EXP-000069,ACCT-000069,B0001,2026-01-15,0.0,2026-07-12T19:44:37+00:00
EXP-000070,ACCT-000070,B0001,2026-01-15,0.0,2026-07-12T19:44:37+00:00
EXP-000071,ACCT-000071,B0001,2026-01-15,0.0,2026-07-12T19:44:37+00:00
EXP-000072,ACCT-000072,B0001,2026-01-15,0.0,2026-07-12T19:44:37+00:00
EXP-000073,ACCT-000073,B0001,2026-01-15,0.0,2026-07-12T19:44:37+00:00
EXP-000074,ACCT-000074,B0001,2026-01-15,0.0,2026-07-12T19:44:37+00:00
EXP-000075,ACCT-000075,B0001,2026-01-15,0.0,2026-07-12T19:44:37+00:00
EXP-000076,ACCT-000076,B0001,2026-01-15,42.21,2026-07-12T19:44:37+00:00
EXP-000077,ACCT-000077,B0001,2026-01-15,0.0,2026-07-12T19:44:37+00:00
EXP-000078,ACCT-000078,B0001,2026-01-15,0.0,2026-07-12T19:44:37+00:00
EXP-000079,ACCT-000079,B0001,2026-01-15,0.0,2026-07-12T19:44:37+00:00
EXP-000080,ACCT-000080,B0001,2026-01-15,0.0,2026-07-12T19:44:37+00:00
EXP-000081,ACCT-000081,B0001,2026-01-15,0.0,2026-07-12T19:44:37+00:00
EXP-000082,ACCT-000082,B0001,2026-01-15,0.0,2026-07-12T19:44:37+00:00
EXP-000083,ACCT-000083,B0001,2026-01-15,-2.03,2026-07-12T19:44:37+00:00
EXP-000084,ACCT-000084,B0001,2026-01-15,0.0,2026-07-12T19:44:37+00:00
EXP-000085,ACCT-000085,B0001,2026-01-15,0.0,2026-07-12T19:44:37+00:00
EXP-000086,ACCT-000086,B0001,2026-01-15,0.0,2026-07-12T19:44:37+00:00
EXP-000087,ACCT-000087,B0001,2026-01-15,0.0,2026-07-12T19:44:37+00:00
EXP-000088,ACCT-000088,B0001,2026-01-15,0.0,2026-07-12T19:44:37+00:00
EXP-000089,ACCT-000089,B0001,2026-01-15,0.0,2026-07-12T19:44:37+00:00
EXP-000090,ACCT-000090,B0001,2026-01-15,0.0,2026-07-12T19:44:37+00:00
EXP-000091,ACCT-000091,B0001,2026-01-15,0.0,2026-07-12T19:44:37+00:00
EXP-000092,ACCT-000092,B0001,2026-01-15,0.0,2026-07-12T19:44:37+00:00
EXP-000093,ACCT-000093,B0001,2026-01-15,0.0,2026-07-12T19:44:37+00:00
EXP-000094,ACCT-000094,B0001,2026-01-15,0.0,2026-07-12T19:44:37+00:00
EXP-000095,ACCT-000095,B0001,2026-01-15,0.0,2026-07-12T19:44:37+00:00
EXP-000096,ACCT-000096,B0001,2026-01-15,79.57,2026-07-12T19:44:37+00:00
EXP-000097,ACCT-000097,B0001,2026-01-15,0.0,2026-07-12T19:44:37+00:00
EXP-000098,ACCT-000098,B0001,2026-01-15,0.0,2026-07-12T19:44:37+00:00
EXP-000099,ACCT-000099,B0001,2026-01-15,0.0,2026-07-12T19:44:37+00:00
EXP-000100,ACCT-000100,B0001,2026-01-15,0.0,2026-07-12T19:44:37+00:00
EXP-000101,ACCT-000101,B0001,2026-01-15,0.0,2026-07-12T19:44:37+00:00
EXP-000102,ACCT-000102,B0001,2026-01-15,0.0,2026-07-12T19:44:37+00:00
EXP-000103,ACCT-000103,B0001,2026-01-15,0.0,2026-07-12T19:44:37+00:00
EXP-000104,ACCT-000104,B0001,2026-01-15,0.0,2026-07-12T19:44:37+00:00
EXP-000105,ACCT-000105,B0001,2026-01-15,0.0,2026-07-12T19:44:37+00:00
EXP-000106,ACCT-000106,B0001,2026-01-15,0.0,2026-07-12T19:44:37+00:00
EXP-000107,ACCT-000107,B0001,2026-01-15,0.0,2026-07-12T19:44:37+00:00
EXP-000108,ACCT-000108,B0001,2026-01-15,0.0,2026-07-12T19:44:37+00:00
EXP-000109,ACCT-000109,B0001,2026-01-15,0.0,2026-07-12T19:44:37+00:00
EXP-000110,ACCT-000110,B0001,2026-01-15,0.0,2026-07-12T19:44:37+00:00
EXP-000111,ACCT-000111,B0001,2026-01-15,0.0,2026-07-12T19:44:37+00:00
EXP-000112,ACCT-000112,B0001,2026-01-15,0.0,2026-07-12T19:44:37+00:00
EXP-000113,ACCT-000113,B0001,2026-01-15,0.0,2026-07-12T19:44:37+00:00
EXP-000114,ACCT-000114,B0001,2026-01-15,0.0,2026-07-12T19:44:37+00:00
EXP-000115,ACCT-000115,B0001,2026-01-15,0.0,2026-07-12T19:44:37+00:00
EXP-000116,ACCT-000116,B0001,2026-01-15,0.0,2026-07-12T19:44:37+00:00
EXP-000117,ACCT-000117,B0001,2026-01-15,0.0,2026-07-12T19:44:37+00:00
EXP-000118,ACCT-000118,B0001,2026-01-15,0.0,2026-07-12T19:44:37+00:00
EXP-000119,ACCT-000119,B0001,2026-01-15,0.0,2026-07-12T19:44:37+00:00
EXP-000120,ACCT-000120,B0001,2026-01-15,0.0,2026-07-12T19:44:37+00:00
EXP-000121,ACCT-000070,B0002,2026-02-14,0.0,2026-07-12T20:07:48+00:00
EXP-000122,ACCT-000111,B0002,2026-02-14,0.0,2026-07-12T20:07:48+00:00
EXP-000123,ACCT-000083,B0002,2026-02-14,0.0,2026-07-12T20:07:48+00:00
EXP-000124,ACCT-000079,B0002,2026-02-14,0.0,2026-07-12T20:07:48+00:00
EXP-000125,ACCT-000072,B0002,2026-02-14,0.0,2026-07-12T20:07:48+00:00
EXP-000126,ACCT-000027,B0002,2026-02-14,0.0,2026-07-12T20:07:48+00:00
EXP-000127,ACCT-000023,B0002,2026-02-14,6.01,2026-07-12T20:07:48+00:00
EXP-000128,ACCT-000016,B0002,2026-02-14,0.0,2026-07-12T20:07:48+00:00
EXP-000129,ACCT-000041,B0002,2026-02-14,0.0,2026-07-12T20:07:48+00:00
EXP-000130,ACCT-000042,B0002,2026-02-14,0.0,2026-07-12T20:07:48+00:00
EXP-000131,ACCT-000058,B0002,2026-02-14,0.0,2026-07-12T20:07:48+00:00
EXP-000132,ACCT-000025,B0002,2026-02-14,0.0,2026-07-12T20:07:48+00:00
EXP-000133,ACCT-000052,B0002,2026-02-14,0.0,2026-07-12T20:07:48+00:00
EXP-000134,ACCT-000076,B0002,2026-02-14,0.0,2026-07-12T20:07:48+00:00
EXP-000135,ACCT-000013,B0002,2026-02-14,0.0,2026-07-12T20:07:48+00:00
EXP-000136,ACCT-000113,B0002,2026-02-14,0.0,2026-07-12T20:07:48+00:00
EXP-000137,ACCT-000005,B0002,2026-02-14,0.0,2026-07-12T20:07:48+00:00
EXP-000138,ACCT-000037,B0002,2026-02-14,0.0,2026-07-12T20:07:48+00:00
EXP-000139,ACCT-000001,B0002,2026-02-14,0.0,2026-07-12T20:07:48+00:00
EXP-000140,ACCT-000107,B0002,2026-02-14,0.0,2026-07-12T20:07:48+00:00
EXP-000141,ACCT-000038,B0002,2026-02-14,0.0,2026-07-12T20:07:48+00:00
EXP-000142,ACCT-000028,B0002,2026-02-14,0.0,2026-07-12T20:07:48+00:00
EXP-000143,ACCT-000116,B0002,2026-02-14,-10.21,2026-07-12T20:07:48+00:00
EXP-000144,ACCT-000074,B0002,2026-02-14,0.0,2026-07-12T20:07:48+00:00
EXP-000145,ACCT-000012,B0002,2026-02-14,0.0,2026-07-12T20:07:48+00:00
EXP-000146,ACCT-000120,B0002,2026-02-14,0.0,2026-07-12T20:07:48+00:00
EXP-000147,ACCT-000078,B0002,2026-02-14,0.0,2026-07-12T20:07:48+00:00
EXP-000148,ACCT-000121,B0002,2026-02-14,0.0,2026-07-12T20:07:48+00:00
EXP-000149,ACCT-000122,B0002,2026-02-14,0.0,2026-07-12T20:07:48+00:00
EXP-000150,ACCT-000103,B0003,2026-03-16,0.0,2026-07-12T21:41:14+00:00
EXP-000151,ACCT-000017,B0003,2026-03-16,0.0,2026-07-12T21:41:14+00:00
EXP-000152,ACCT-000093,B0003,2026-03-16,0.0,2026-07-12T21:41:14+00:00
EXP-000153,ACCT-000089,B0003,2026-03-16,0.0,2026-07-12T21:41:14+00:00
EXP-000154,ACCT-000082,B0003,2026-03-16,0.0,2026-07-12T21:41:14+00:00
EXP-000155,ACCT-000109,B0003,2026-03-16,0.0,2026-07-12T21:41:14+00:00
EXP-000156,ACCT-000066,B0003,2026-03-16,0.0,2026-07-12T21:41:14+00:00
EXP-000157,ACCT-000024,B0003,2026-03-16,0.0,2026-07-12T21:41:14+00:00
EXP-000158,ACCT-000010,B0003,2026-03-16,-11.81,2026-07-12T21:41:14+00:00
EXP-000159,ACCT-000025,B0003,2026-03-16,0.0,2026-07-12T21:41:14+00:00
EXP-000160,ACCT-000114,B0003,2026-03-16,0.0,2026-07-12T21:41:14+00:00
EXP-000161,ACCT-000080,B0003,2026-03-16,0.0,2026-07-12T21:41:14+00:00
EXP-000162,ACCT-000011,B0003,2026-03-16,0.0,2026-07-12T21:41:14+00:00
EXP-000163,ACCT-000018,B0003,2026-03-16,0.0,2026-07-12T21:41:14+00:00
EXP-000164,ACCT-000029,B0003,2026-03-16,0.0,2026-07-12T21:41:14+00:00
EXP-000165,ACCT-000096,B0003,2026-03-16,0.0,2026-07-12T21:41:14+00:00
EXP-000166,ACCT-000100,B0003,2026-03-16,0.0,2026-07-12T21:41:14+00:00
EXP-000167,ACCT-000084,B0003,2026-03-16,0.0,2026-07-12T21:41:14+00:00
EXP-000168,ACCT-000044,B0003,2026-03-16,0.0,2026-07-12T21:41:14+00:00
EXP-000169,ACCT-000046,B0003,2026-03-16,0.0,2026-07-12T21:41:14+00:00
EXP-000170,ACCT-000091,B0003,2026-03-16,0.0,2026-07-12T21:41:14+00:00
EXP-000171,ACCT-000028,B0003,2026-03-16,0.0,2026-07-12T21:41:14+00:00
EXP-000172,ACCT-000112,B0003,2026-03-16,0.0,2026-07-12T21:41:14+00:00
EXP-000173,ACCT-000038,B0003,2026-03-16,0.0,2026-07-12T21:41:14+00:00
EXP-000174,ACCT-000085,B0003,2026-03-16,0.0,2026-07-12T21:41:14+00:00
EXP-000175,ACCT-000095,B0003,2026-03-16,0.0,2026-07-12T21:41:14+00:00
EXP-000176,ACCT-000087,B0003,2026-03-16,0.0,2026-07-12T21:41:14+00:00
EXP-000177,ACCT-000036,B0003,2026-03-16,0.0,2026-07-12T21:41:14+00:00
EXP-000178,ACCT-000053,B0003,2026-03-16,0.0,2026-07-12T21:41:14+00:00
EXP-000179,ACCT-000101,B0003,2026-03-16,0.0,2026-07-12T21:41:14+00:00
EXP-000180,ACCT-000033,B0003,2026-03-16,0.0,2026-07-12T21:41:14+00:00
EXP-000181,ACCT-000121,B0003,2026-03-16,0.0,2026-07-12T21:41:14+00:00
EXP-000182,ACCT-000123,B0003,2026-03-16,0.0,2026-07-12T21:41:14+00:00
EXP-000183,ACCT-000124,B0003,2026-03-16,0.0,2026-07-12T21:41:14+00:00
EXP-000184,ACCT-000125,B0003,2026-03-16,0.0,2026-07-12T21:41:14+00:00
EXP-000185,ACCT-000126,B0003,2026-03-16,67.86,2026-07-12T21:41:14+00:00
EXP-000186,ACCT-000064,B0004,2026-04-15,0.0,2026-07-12T22:39:31+00:00
EXP-000187,ACCT-000034,B0004,2026-04-15,0.0,2026-07-12T22:39:31+00:00
EXP-000188,ACCT-000096,B0004,2026-04-15,0.0,2026-07-12T22:39:31+00:00
EXP-000189,ACCT-000091,B0004,2026-04-15,0.0,2026-07-12T22:39:31+00:00
EXP-000190,ACCT-000068,B0004,2026-04-15,60.7,2026-07-12T22:39:31+00:00
EXP-000191,ACCT-000029,B0004,2026-04-15,0.0,2026-07-12T22:39:31+00:00
EXP-000192,ACCT-000047,B0004,2026-04-15,0.0,2026-07-12T22:39:31+00:00
EXP-000193,ACCT-000083,B0004,2026-04-15,0.0,2026-07-12T22:39:31+00:00
EXP-000194,ACCT-000052,B0004,2026-04-15,0.0,2026-07-12T22:39:31+00:00
EXP-000195,ACCT-000001,B0004,2026-04-15,0.0,2026-07-12T22:39:31+00:00
EXP-000196,ACCT-000022,B0004,2026-04-15,40.69,2026-07-12T22:39:31+00:00
EXP-000197,ACCT-000016,B0004,2026-04-15,6.41,2026-07-12T22:39:31+00:00
EXP-000198,ACCT-000102,B0004,2026-04-15,0.0,2026-07-12T22:39:31+00:00
EXP-000199,ACCT-000113,B0004,2026-04-15,0.0,2026-07-12T22:39:31+00:00
EXP-000200,ACCT-000013,B0004,2026-04-15,0.0,2026-07-12T22:39:31+00:00
EXP-000201,ACCT-000121,B0004,2026-04-15,3.19,2026-07-12T22:39:31+00:00
EXP-000202,ACCT-000030,B0004,2026-04-15,0.0,2026-07-12T22:39:31+00:00
EXP-000203,ACCT-000043,B0004,2026-04-15,0.0,2026-07-12T22:39:31+00:00
EXP-000204,ACCT-000105,B0004,2026-04-15,0.0,2026-07-12T22:39:31+00:00
EXP-000205,ACCT-000028,B0004,2026-04-15,0.0,2026-07-12T22:39:31+00:00
EXP-000206,ACCT-000010,B0004,2026-04-15,0.0,2026-07-12T22:39:31+00:00
EXP-000207,ACCT-000109,B0004,2026-04-15,18.83,2026-07-12T22:39:31+00:00
EXP-000208,ACCT-000103,B0004,2026-04-15,0.0,2026-07-12T22:39:31+00:00
EXP-000209,ACCT-000125,B0004,2026-04-15,0.0,2026-07-12T22:39:31+00:00
EXP-000210,ACCT-000046,B0004,2026-04-15,11.25,2026-07-12T22:39:31+00:00
EXP-000211,ACCT-000114,B0004,2026-04-15,0.0,2026-07-12T22:39:31+00:00
EXP-000212,ACCT-000011,B0004,2026-04-15,0.0,2026-07-12T22:39:31+00:00
EXP-000213,ACCT-000089,B0004,2026-04-15,0.0,2026-07-12T22:39:31+00:00
EXP-000214,ACCT-000092,B0004,2026-04-15,0.0,2026-07-12T22:39:31+00:00
EXP-000215,ACCT-000111,B0004,2026-04-15,0.0,2026-07-12T22:39:31+00:00
EXP-000216,ACCT-000079,B0004,2026-04-15,0.0,2026-07-12T22:39:31+00:00
EXP-000217,ACCT-000127,B0004,2026-04-15,0.0,2026-07-12T22:39:31+00:00
EXP-000218,ACCT-000128,B0004,2026-04-15,0.0,2026-07-12T22:39:31+00:00
EXP-000219,ACCT-000073,B0005,2026-05-15,0.0,2026-07-12T23:44:19+00:00
EXP-000220,ACCT-000115,B0005,2026-05-15,0.0,2026-07-12T23:44:19+00:00
EXP-000221,ACCT-000017,B0005,2026-05-15,0.0,2026-07-12T23:44:19+00:00
EXP-000222,ACCT-000043,B0005,2026-05-15,2.28,2026-07-12T23:44:19+00:00
EXP-000223,ACCT-000050,B0005,2026-05-15,0.0,2026-07-12T23:44:19+00:00
EXP-000224,ACCT-000083,B0005,2026-05-15,0.0,2026-07-12T23:44:19+00:00
EXP-000225,ACCT-000070,B0005,2026-05-15,0.0,2026-07-12T23:44:19+00:00
EXP-000226,ACCT-000075,B0005,2026-05-15,0.0,2026-07-12T23:44:19+00:00
EXP-000227,ACCT-000012,B0005,2026-05-15,0.0,2026-07-12T23:44:19+00:00
EXP-000228,ACCT-000076,B0005,2026-05-15,0.0,2026-07-12T23:44:19+00:00
EXP-000229,ACCT-000128,B0005,2026-05-15,0.0,2026-07-12T23:44:19+00:00
EXP-000230,ACCT-000118,B0005,2026-05-15,0.0,2026-07-12T23:44:19+00:00
EXP-000231,ACCT-000047,B0005,2026-05-15,0.0,2026-07-12T23:44:19+00:00
EXP-000232,ACCT-000031,B0005,2026-05-15,0.0,2026-07-12T23:44:19+00:00
EXP-000233,ACCT-000093,B0005,2026-05-15,0.0,2026-07-12T23:44:19+00:00
EXP-000234,ACCT-000049,B0005,2026-05-15,0.0,2026-07-12T23:44:19+00:00
EXP-000235,ACCT-000057,B0005,2026-05-15,0.0,2026-07-12T23:44:19+00:00
EXP-000236,ACCT-000097,B0005,2026-05-15,0.0,2026-07-12T23:44:19+00:00
EXP-000237,ACCT-000013,B0005,2026-05-15,0.0,2026-07-12T23:44:19+00:00
EXP-000238,ACCT-000005,B0005,2026-05-15,0.0,2026-07-12T23:44:19+00:00
EXP-000239,ACCT-000074,B0005,2026-05-15,0.0,2026-07-12T23:44:19+00:00
EXP-000240,ACCT-000104,B0005,2026-05-15,0.0,2026-07-12T23:44:19+00:00
EXP-000241,ACCT-000086,B0005,2026-05-15,0.0,2026-07-12T23:44:19+00:00
EXP-000242,ACCT-000018,B0005,2026-05-15,0.0,2026-07-12T23:44:19+00:00
EXP-000243,ACCT-000026,B0005,2026-05-15,0.0,2026-07-12T23:44:19+00:00
EXP-000244,ACCT-000072,B0005,2026-05-15,0.0,2026-07-12T23:44:19+00:00
EXP-000245,ACCT-000038,B0005,2026-05-15,0.0,2026-07-12T23:44:19+00:00
EXP-000246,ACCT-000080,B0005,2026-05-15,11.11,2026-07-12T23:44:19+00:00
EXP-000247,ACCT-000114,B0005,2026-05-15,0.0,2026-07-12T23:44:19+00:00
EXP-000248,ACCT-000011,B0005,2026-05-15,0.0,2026-07-12T23:44:19+00:00
EXP-000249,ACCT-000084,B0005,2026-05-15,0.0,2026-07-12T23:44:19+00:00
EXP-000250,ACCT-000095,B0005,2026-05-15,0.0,2026-07-12T23:44:19+00:00
EXP-000251,ACCT-000034,B0005,2026-05-15,0.0,2026-07-12T23:44:19+00:00
EXP-000252,ACCT-000081,B0005,2026-05-15,0.0,2026-07-12T23:44:19+00:00
EXP-000253,ACCT-000129,B0005,2026-05-15,0.0,2026-07-12T23:44:19+00:00
EXP-000254,ACCT-000130,B0005,2026-05-15,0.0,2026-07-12T23:44:19+00:00
EXP-000255,ACCT-000048,B0006,2026-06-14,0.0,2026-07-14T22:50:00+00:00
EXP-000256,ACCT-000064,B0006,2026-06-14,0.0,2026-07-14T22:50:00+00:00
EXP-000257,ACCT-000076,B0006,2026-06-14,0.0,2026-07-14T22:50:00+00:00
EXP-000258,ACCT-000041,B0006,2026-06-14,0.0,2026-07-14T22:50:00+00:00
EXP-000259,ACCT-000052,B0006,2026-06-14,0.0,2026-07-14T22:50:00+00:00
EXP-000260,ACCT-000011,B0006,2026-06-14,0.0,2026-07-14T22:50:00+00:00
EXP-000261,ACCT-000047,B0006,2026-06-14,0.0,2026-07-14T22:50:00+00:00
EXP-000262,ACCT-000034,B0006,2026-06-14,0.0,2026-07-14T22:50:00+00:00
EXP-000263,ACCT-000036,B0006,2026-06-14,0.0,2026-07-14T22:50:00+00:00
EXP-000264,ACCT-000069,B0006,2026-06-14,0.0,2026-07-14T22:50:00+00:00
EXP-000265,ACCT-000124,B0006,2026-06-14,0.0,2026-07-14T22:50:00+00:00
EXP-000266,ACCT-000039,B0006,2026-06-14,0.0,2026-07-14T22:50:00+00:00
EXP-000267,ACCT-000090,B0006,2026-06-14,0.0,2026-07-14T22:50:00+00:00
EXP-000268,ACCT-000129,B0006,2026-06-14,0.0,2026-07-14T22:50:00+00:00
EXP-000269,ACCT-000022,B0006,2026-06-14,6.32,2026-07-14T22:50:00+00:00
EXP-000270,ACCT-000118,B0006,2026-06-14,0.0,2026-07-14T22:50:00+00:00
EXP-000271,ACCT-000105,B0006,2026-06-14,0.0,2026-07-14T22:50:00+00:00
EXP-000272,ACCT-000038,B0006,2026-06-14,73.91,2026-07-14T22:50:00+00:00
EXP-000273,ACCT-000109,B0006,2026-06-14,0.0,2026-07-14T22:50:00+00:00
EXP-000274,ACCT-000119,B0006,2026-06-14,25.18,2026-07-14T22:50:00+00:00
EXP-000275,ACCT-000081,B0006,2026-06-14,0.0,2026-07-14T22:50:00+00:00
EXP-000276,ACCT-000120,B0006,2026-06-14,0.0,2026-07-14T22:50:00+00:00
EXP-000277,ACCT-000020,B0006,2026-06-14,24.99,2026-07-14T22:50:00+00:00
EXP-000278,ACCT-000057,B0006,2026-06-14,0.0,2026-07-14T22:50:00+00:00
EXP-000279,ACCT-000033,B0006,2026-06-14,0.0,2026-07-14T22:50:00+00:00
EXP-000280,ACCT-000093,B0006,2026-06-14,0.0,2026-07-14T22:50:00+00:00
EXP-000281,ACCT-000112,B0006,2026-06-14,0.0,2026-07-14T22:50:00+00:00
EXP-000282,ACCT-000088,B0006,2026-06-14,0.0,2026-07-14T22:50:00+00:00
EXP-000283,ACCT-000131,B0006,2026-06-14,-7.01,2026-07-14T22:50:00+00:00
EXP-000284,ACCT-000132,B0006,2026-06-14,0.0,2026-07-14T22:50:00+00:00
EXP-000285,ACCT-000133,B0006,2026-06-14,0.0,2026-07-14T22:50:00+00:00
EXP-000286,ACCT-000084,B0007,2026-07-14,0.0,2026-07-14T23:44:01+00:00
EXP-000287,ACCT-000089,B0007,2026-07-14,0.0,2026-07-14T23:44:01+00:00
EXP-000288,ACCT-000117,B0007,2026-07-14,0.0,2026-07-14T23:44:01+00:00
EXP-000289,ACCT-000039,B0007,2026-07-14,0.0,2026-07-14T23:44:01+00:00
EXP-000290,ACCT-000109,B0007,2026-07-14,0.0,2026-07-14T23:44:01+00:00
EXP-000291,ACCT-000076,B0007,2026-07-14,0.0,2026-07-14T23:44:01+00:00
EXP-000292,ACCT-000037,B0007,2026-07-14,0.0,2026-07-14T23:44:01+00:00
EXP-000293,ACCT-000035,B0007,2026-07-14,0.0,2026-07-14T23:44:01+00:00
EXP-000294,ACCT-000003,B0007,2026-07-14,0.0,2026-07-14T23:44:01+00:00
EXP-000295,ACCT-000045,B0007,2026-07-14,0.0,2026-07-14T23:44:01+00:00
EXP-000296,ACCT-000032,B0007,2026-07-14,0.0,2026-07-14T23:44:01+00:00
EXP-000297,ACCT-000087,B0007,2026-07-14,0.0,2026-07-14T23:44:01+00:00
EXP-000298,ACCT-000115,B0007,2026-07-14,0.0,2026-07-14T23:44:01+00:00
EXP-000299,ACCT-000128,B0007,2026-07-14,0.0,2026-07-14T23:44:01+00:00
EXP-000300,ACCT-000057,B0007,2026-07-14,0.0,2026-07-14T23:44:01+00:00
EXP-000301,ACCT-000123,B0007,2026-07-14,0.0,2026-07-14T23:44:01+00:00
EXP-000302,ACCT-000120,B0007,2026-07-14,0.0,2026-07-14T23:44:01+00:00
EXP-000303,ACCT-000053,B0007,2026-07-14,0.0,2026-07-14T23:44:01+00:00
EXP-000304,ACCT-000006,B0007,2026-07-14,0.0,2026-07-14T23:44:01+00:00
EXP-000305,ACCT-000088,B0007,2026-07-14,0.0,2026-07-14T23:44:01+00:00
EXP-000306,ACCT-000018,B0007,2026-07-14,0.0,2026-07-14T23:44:01+00:00
EXP-000307,ACCT-000067,B0007,2026-07-14,0.0,2026-07-14T23:44:01+00:00
EXP-000308,ACCT-000105,B0007,2026-07-14,0.0,2026-07-14T23:44:01+00:00
EXP-000309,ACCT-000101,B0007,2026-07-14,0.0,2026-07-14T23:44:01+00:00
EXP-000310,ACCT-000127,B0007,2026-07-14,0.0,2026-07-14T23:44:01+00:00
EXP-000311,ACCT-000134,B0007,2026-07-14,0.0,2026-07-14T23:44:01+00:00
EXP-000312,ACCT-000135,B0007,2026-07-14,0.0,2026-07-14T23:44:01+00:00
EXP-000313,ACCT-000136,B0007,2026-07-14,0.0,2026-07-14T23:44:01+00:00
EXP-000314,ACCT-000137,B0007,2026-07-14,0.0,2026-07-14T23:44:01+00:00
EXP-000315,ACCT-000133,B0008,2026-08-13,0.0,2026-07-15T01:41:57+00:00
EXP-000316,ACCT-000105,B0008,2026-08-13,0.0,2026-07-15T01:41:57+00:00
EXP-000317,ACCT-000126,B0008,2026-08-13,0.0,2026-07-15T01:41:57+00:00
EXP-000318,ACCT-000026,B0008,2026-08-13,-14.86,2026-07-15T01:41:57+00:00
EXP-000319,ACCT-000032,B0008,2026-08-13,0.0,2026-07-15T01:41:57+00:00
EXP-000320,ACCT-000084,B0008,2026-08-13,0.0,2026-07-15T01:41:57+00:00
EXP-000321,ACCT-000008,B0008,2026-08-13,0.0,2026-07-15T01:41:57+00:00
EXP-000322,ACCT-000024,B0008,2026-08-13,0.0,2026-07-15T01:41:57+00:00
EXP-000323,ACCT-000113,B0008,2026-08-13,0.0,2026-07-15T01:41:57+00:00
EXP-000324,ACCT-000076,B0008,2026-08-13,0.0,2026-07-15T01:41:57+00:00
EXP-000325,ACCT-000029,B0008,2026-08-13,0.0,2026-07-15T01:41:57+00:00
EXP-000326,ACCT-000058,B0008,2026-08-13,-2.78,2026-07-15T01:41:57+00:00
EXP-000327,ACCT-000114,B0008,2026-08-13,0.0,2026-07-15T01:41:57+00:00
EXP-000328,ACCT-000124,B0008,2026-08-13,0.0,2026-07-15T01:41:57+00:00
EXP-000329,ACCT-000115,B0008,2026-08-13,0.0,2026-07-15T01:41:57+00:00
EXP-000330,ACCT-000132,B0008,2026-08-13,0.0,2026-07-15T01:41:57+00:00
EXP-000331,ACCT-000006,B0008,2026-08-13,16.02,2026-07-15T01:41:57+00:00
EXP-000332,ACCT-000127,B0008,2026-08-13,0.0,2026-07-15T01:41:57+00:00
EXP-000333,ACCT-000069,B0008,2026-08-13,0.0,2026-07-15T01:41:57+00:00
EXP-000334,ACCT-000098,B0008,2026-08-13,0.0,2026-07-15T01:41:57+00:00
EXP-000335,ACCT-000063,B0008,2026-08-13,0.0,2026-07-15T01:41:57+00:00
EXP-000336,ACCT-000064,B0008,2026-08-13,0.0,2026-07-15T01:41:57+00:00
EXP-000337,ACCT-000030,B0008,2026-08-13,0.0,2026-07-15T01:41:57+00:00
EXP-000338,ACCT-000083,B0008,2026-08-13,0.0,2026-07-15T01:41:57+00:00
EXP-000339,ACCT-000081,B0008,2026-08-13,0.0,2026-07-15T01:41:57+00:00
EXP-000340,ACCT-000033,B0008,2026-08-13,0.0,2026-07-15T01:41:57+00:00
EXP-000341,ACCT-000077,B0008,2026-08-13,0.0,2026-07-15T01:41:57+00:00
EXP-000342,ACCT-000051,B0008,2026-08-13,0.0,2026-07-15T01:41:57+00:00
EXP-000343,ACCT-000130,B0008,2026-08-13,24.43,2026-07-15T01:41:57+00:00
EXP-000344,ACCT-000100,B0008,2026-08-13,0.0,2026-07-15T01:41:57+00:00
EXP-000345,ACCT-000052,B0008,2026-08-13,0.0,2026-07-15T01:41:57+00:00
EXP-000346,ACCT-000138,B0008,2026-08-13,0.0,2026-07-15T01:41:57+00:00
EXP-000347,ACCT-000139,B0008,2026-08-13,0.0,2026-07-15T01:41:57+00:00
EXP-000348,ACCT-000140,B0008,2026-08-13,0.0,2026-07-15T01:41:57+00:00
EXP-000349,ACCT-000081,B0009,2026-09-12,0.0,2026-07-15T04:44:07+00:00
EXP-000350,ACCT-000029,B0009,2026-09-12,0.0,2026-07-15T04:44:07+00:00
EXP-000351,ACCT-000057,B0009,2026-09-12,0.0,2026-07-15T04:44:07+00:00
EXP-000352,ACCT-000096,B0009,2026-09-12,0.0,2026-07-15T04:44:07+00:00
EXP-000353,ACCT-000085,B0009,2026-09-12,0.0,2026-07-15T04:44:07+00:00
EXP-000354,ACCT-000120,B0009,2026-09-12,0.0,2026-07-15T04:44:07+00:00
EXP-000355,ACCT-000101,B0009,2026-09-12,0.0,2026-07-15T04:44:07+00:00
EXP-000356,ACCT-000097,B0009,2026-09-12,0.0,2026-07-15T04:44:07+00:00
EXP-000357,ACCT-000079,B0009,2026-09-12,0.0,2026-07-15T04:44:07+00:00
EXP-000358,ACCT-000137,B0009,2026-09-12,0.0,2026-07-15T04:44:07+00:00
EXP-000359,ACCT-000071,B0009,2026-09-12,0.0,2026-07-15T04:44:07+00:00
EXP-000360,ACCT-000005,B0009,2026-09-12,0.0,2026-07-15T04:44:07+00:00
EXP-000361,ACCT-000094,B0009,2026-09-12,0.0,2026-07-15T04:44:07+00:00
EXP-000362,ACCT-000063,B0009,2026-09-12,0.0,2026-07-15T04:44:07+00:00
EXP-000363,ACCT-000128,B0009,2026-09-12,0.0,2026-07-15T04:44:07+00:00
EXP-000364,ACCT-000068,B0009,2026-09-12,0.0,2026-07-15T04:44:07+00:00
EXP-000365,ACCT-000048,B0009,2026-09-12,0.0,2026-07-15T04:44:07+00:00
EXP-000366,ACCT-000087,B0009,2026-09-12,0.0,2026-07-15T04:44:07+00:00
EXP-000367,ACCT-000062,B0009,2026-09-12,0.0,2026-07-15T04:44:07+00:00
EXP-000368,ACCT-000091,B0009,2026-09-12,0.0,2026-07-15T04:44:07+00:00
EXP-000369,ACCT-000092,B0009,2026-09-12,0.0,2026-07-15T04:44:07+00:00
EXP-000370,ACCT-000026,B0009,2026-09-12,0.0,2026-07-15T04:44:07+00:00
EXP-000371,ACCT-000113,B0009,2026-09-12,0.0,2026-07-15T04:44:07+00:00
EXP-000372,ACCT-000006,B0009,2026-09-12,0.0,2026-07-15T04:44:07+00:00
EXP-000373,ACCT-000061,B0009,2026-09-12,0.0,2026-07-15T04:44:07+00:00
EXP-000374,ACCT-000108,B0009,2026-09-12,0.0,2026-07-15T04:44:07+00:00
EXP-000375,ACCT-000058,B0009,2026-09-12,0.0,2026-07-15T04:44:07+00:00
EXP-000376,ACCT-000067,B0009,2026-09-12,0.0,2026-07-15T04:44:07+00:00
EXP-000377,ACCT-000055,B0009,2026-09-12,0.0,2026-07-15T04:44:07+00:00
EXP-000378,ACCT-000119,B0009,2026-09-12,0.0,2026-07-15T04:44:07+00:00
EXP-000379,ACCT-000141,B0009,2026-09-12,0.0,2026-07-15T04:44:07+00:00
EXP-000380,ACCT-000142,B0009,2026-09-12,41.91,2026-07-15T04:44:07+00:00
EXP-000381,ACCT-000143,B0009,2026-09-12,0.0,2026-07-15T04:44:07+00:00
EXP-000382,ACCT-000063,B0010,2026-10-12,0.0,2026-07-15T07:08:34+00:00
EXP-000383,ACCT-000103,B0010,2026-10-12,0.0,2026-07-15T07:08:34+00:00
EXP-000384,ACCT-000052,B0010,2026-10-12,0.0,2026-07-15T07:08:34+00:00
EXP-000385,ACCT-000041,B0010,2026-10-12,0.0,2026-07-15T07:08:34+00:00
EXP-000386,ACCT-000076,B0010,2026-10-12,21.68,2026-07-15T07:08:34+00:00
EXP-000387,ACCT-000075,B0010,2026-10-12,0.0,2026-07-15T07:08:34+00:00
EXP-000388,ACCT-000095,B0010,2026-10-12,0.0,2026-07-15T07:08:34+00:00
EXP-000389,ACCT-000003,B0010,2026-10-12,0.0,2026-07-15T07:08:34+00:00
EXP-000390,ACCT-000127,B0010,2026-10-12,0.0,2026-07-15T07:08:34+00:00
EXP-000391,ACCT-000092,B0010,2026-10-12,0.0,2026-07-15T07:08:34+00:00
EXP-000392,ACCT-000010,B0010,2026-10-12,0.0,2026-07-15T07:08:34+00:00
EXP-000393,ACCT-000021,B0010,2026-10-12,0.0,2026-07-15T07:08:34+00:00
EXP-000394,ACCT-000136,B0010,2026-10-12,0.0,2026-07-15T07:08:34+00:00
EXP-000395,ACCT-000061,B0010,2026-10-12,0.0,2026-07-15T07:08:34+00:00
EXP-000396,ACCT-000119,B0010,2026-10-12,0.0,2026-07-15T07:08:34+00:00
EXP-000397,ACCT-000002,B0010,2026-10-12,0.0,2026-07-15T07:08:34+00:00
EXP-000398,ACCT-000053,B0010,2026-10-12,0.0,2026-07-15T07:08:34+00:00
EXP-000399,ACCT-000084,B0010,2026-10-12,0.0,2026-07-15T07:08:34+00:00
EXP-000400,ACCT-000018,B0010,2026-10-12,0.0,2026-07-15T07:08:34+00:00
EXP-000401,ACCT-000074,B0010,2026-10-12,0.0,2026-07-15T07:08:34+00:00
EXP-000402,ACCT-000143,B0010,2026-10-12,0.0,2026-07-15T07:08:34+00:00
EXP-000403,ACCT-000049,B0010,2026-10-12,0.0,2026-07-15T07:08:34+00:00
EXP-000404,ACCT-000097,B0010,2026-10-12,0.0,2026-07-15T07:08:34+00:00
EXP-000405,ACCT-000048,B0010,2026-10-12,0.0,2026-07-15T07:08:34+00:00
EXP-000406,ACCT-000039,B0010,2026-10-12,0.0,2026-07-15T07:08:34+00:00
EXP-000407,ACCT-000038,B0010,2026-10-12,0.0,2026-07-15T07:08:34+00:00
EXP-000408,ACCT-000006,B0010,2026-10-12,0.0,2026-07-15T07:08:34+00:00
EXP-000409,ACCT-000124,B0010,2026-10-12,0.0,2026-07-15T07:08:34+00:00
EXP-000410,ACCT-000137,B0010,2026-10-12,0.0,2026-07-15T07:08:34+00:00
EXP-000411,ACCT-000117,B0010,2026-10-12,0.0,2026-07-15T07:08:34+00:00
EXP-000412,ACCT-000077,B0010,2026-10-12,0.0,2026-07-15T07:08:34+00:00
EXP-000413,ACCT-000031,B0010,2026-10-12,0.0,2026-07-15T07:08:34+00:00
EXP-000414,ACCT-000144,B0010,2026-10-12,0.0,2026-07-15T07:08:34+00:00
EXP-000415,ACCT-000145,B0010,2026-10-12,0.0,2026-07-15T07:08:34+00:00
EXP-000416,ACCT-000024,B0011,2026-11-11,0.0,2026-07-15T09:27:10+00:00
EXP-000417,ACCT-000055,B0011,2026-11-11,0.0,2026-07-15T09:27:10+00:00
EXP-000418,ACCT-000107,B0011,2026-11-11,0.0,2026-07-15T09:27:10+00:00
EXP-000419,ACCT-000086,B0011,2026-11-11,56.45,2026-07-15T09:27:10+00:00
EXP-000420,ACCT-000088,B0011,2026-11-11,0.0,2026-07-15T09:27:10+00:00
EXP-000421,ACCT-000114,B0011,2026-11-11,0.0,2026-07-15T09:27:10+00:00
EXP-000422,ACCT-000133,B0011,2026-11-11,0.0,2026-07-15T09:27:10+00:00
EXP-000423,ACCT-000058,B0011,2026-11-11,0.0,2026-07-15T09:27:10+00:00
EXP-000424,ACCT-000125,B0011,2026-11-11,0.0,2026-07-15T09:27:10+00:00
EXP-000425,ACCT-000062,B0011,2026-11-11,0.0,2026-07-15T09:27:10+00:00
EXP-000426,ACCT-000077,B0011,2026-11-11,0.0,2026-07-15T09:27:10+00:00
EXP-000427,ACCT-000116,B0011,2026-11-11,0.0,2026-07-15T09:27:10+00:00
EXP-000428,ACCT-000059,B0011,2026-11-11,0.0,2026-07-15T09:27:10+00:00
EXP-000429,ACCT-000016,B0011,2026-11-11,0.0,2026-07-15T09:27:10+00:00
EXP-000430,ACCT-000115,B0011,2026-11-11,0.0,2026-07-15T09:27:10+00:00
EXP-000431,ACCT-000067,B0011,2026-11-11,10.13,2026-07-15T09:27:10+00:00
EXP-000432,ACCT-000074,B0011,2026-11-11,0.0,2026-07-15T09:27:10+00:00
EXP-000433,ACCT-000010,B0011,2026-11-11,0.0,2026-07-15T09:27:10+00:00
EXP-000434,ACCT-000008,B0011,2026-11-11,0.0,2026-07-15T09:27:10+00:00
EXP-000435,ACCT-000050,B0011,2026-11-11,0.0,2026-07-15T09:27:10+00:00
EXP-000436,ACCT-000071,B0011,2026-11-11,0.0,2026-07-15T09:27:10+00:00
EXP-000437,ACCT-000099,B0011,2026-11-11,0.0,2026-07-15T09:27:10+00:00
EXP-000438,ACCT-000075,B0011,2026-11-11,0.0,2026-07-15T09:27:10+00:00
EXP-000439,ACCT-000121,B0011,2026-11-11,0.0,2026-07-15T09:27:10+00:00
EXP-000440,ACCT-000095,B0011,2026-11-11,-9.87,2026-07-15T09:27:10+00:00
EXP-000441,ACCT-000043,B0011,2026-11-11,0.0,2026-07-15T09:27:10+00:00
EXP-000442,ACCT-000096,B0011,2026-11-11,0.0,2026-07-15T09:27:10+00:00
EXP-000443,ACCT-000030,B0011,2026-11-11,0.0,2026-07-15T09:27:10+00:00
EXP-000444,ACCT-000073,B0011,2026-11-11,0.0,2026-07-15T09:27:10+00:00
EXP-000445,ACCT-000068,B0011,2026-11-11,0.0,2026-07-15T09:27:10+00:00
EXP-000446,ACCT-000006,B0011,2026-11-11,0.0,2026-07-15T09:27:10+00:00
EXP-000447,ACCT-000146,B0011,2026-11-11,0.0,2026-07-15T09:27:10+00:00
EXP-000448,ACCT-000147,B0011,2026-11-11,0.0,2026-07-15T09:27:10+00:00
EXP-000449,ACCT-000148,B0011,2026-11-11,0.0,2026-07-15T09:27:10+00:00
EXP-000450,ACCT-000125,B0012,2026-12-11,0.0,2026-07-15T11:08:21+00:00
EXP-000451,ACCT-000071,B0012,2026-12-11,69.28,2026-07-15T11:08:21+00:00
EXP-000452,ACCT-000036,B0012,2026-12-11,0.0,2026-07-15T11:08:21+00:00
EXP-000453,ACCT-000070,B0012,2026-12-11,0.0,2026-07-15T11:08:21+00:00
EXP-000454,ACCT-000020,B0012,2026-12-11,0.0,2026-07-15T11:08:21+00:00
EXP-000455,ACCT-000081,B0012,2026-12-11,0.0,2026-07-15T11:08:21+00:00
EXP-000456,ACCT-000127,B0012,2026-12-11,0.0,2026-07-15T11:08:21+00:00
EXP-000457,ACCT-000035,B0012,2026-12-11,0.0,2026-07-15T11:08:21+00:00
EXP-000458,ACCT-000078,B0012,2026-12-11,0.0,2026-07-15T11:08:21+00:00
EXP-000459,ACCT-000093,B0012,2026-12-11,0.0,2026-07-15T11:08:21+00:00
EXP-000460,ACCT-000104,B0012,2026-12-11,0.0,2026-07-15T11:08:21+00:00
EXP-000461,ACCT-000105,B0012,2026-12-11,0.0,2026-07-15T11:08:21+00:00
EXP-000462,ACCT-000108,B0012,2026-12-11,13.68,2026-07-15T11:08:21+00:00
EXP-000463,ACCT-000068,B0012,2026-12-11,0.0,2026-07-15T11:08:21+00:00
EXP-000464,ACCT-000029,B0012,2026-12-11,0.0,2026-07-15T11:08:21+00:00
EXP-000465,ACCT-000013,B0012,2026-12-11,0.0,2026-07-15T11:08:21+00:00
EXP-000466,ACCT-000072,B0012,2026-12-11,0.0,2026-07-15T11:08:21+00:00
EXP-000467,ACCT-000126,B0012,2026-12-11,0.0,2026-07-15T11:08:21+00:00
EXP-000468,ACCT-000141,B0012,2026-12-11,0.0,2026-07-15T11:08:21+00:00
EXP-000469,ACCT-000143,B0012,2026-12-11,0.0,2026-07-15T11:08:21+00:00
EXP-000470,ACCT-000034,B0012,2026-12-11,0.0,2026-07-15T11:08:21+00:00
EXP-000471,ACCT-000027,B0012,2026-12-11,0.0,2026-07-15T11:08:21+00:00
EXP-000472,ACCT-000062,B0012,2026-12-11,0.0,2026-07-15T11:08:21+00:00
EXP-000473,ACCT-000073,B0012,2026-12-11,0.0,2026-07-15T11:08:21+00:00
EXP-000474,ACCT-000045,B0012,2026-12-11,0.0,2026-07-15T11:08:21+00:00
EXP-000475,ACCT-000139,B0012,2026-12-11,-13.13,2026-07-15T11:08:21+00:00
EXP-000476,ACCT-000149,B0012,2026-12-11,0.0,2026-07-15T11:08:21+00:00
EXP-000477,ACCT-000150,B0012,2026-12-11,0.0,2026-07-15T11:08:21+00:00
EXP-000478,ACCT-000151,B0012,2026-12-11,0.0,2026-07-15T11:08:21+00:00
EXP-000479,ACCT-000075,B0013,2027-01-10,0.0,2026-07-15T12:49:22+00:00
EXP-000480,ACCT-000123,B0013,2027-01-10,0.0,2026-07-15T12:49:22+00:00
EXP-000481,ACCT-000013,B0013,2027-01-10,0.0,2026-07-15T12:49:22+00:00
EXP-000482,ACCT-000050,B0013,2027-01-10,0.0,2026-07-15T12:49:22+00:00
EXP-000483,ACCT-000041,B0013,2027-01-10,0.0,2026-07-15T12:49:22+00:00
EXP-000484,ACCT-000132,B0013,2027-01-10,0.0,2026-07-15T12:49:22+00:00
EXP-000485,ACCT-000025,B0013,2027-01-10,0.0,2026-07-15T12:49:22+00:00
EXP-000486,ACCT-000061,B0013,2027-01-10,0.0,2026-07-15T12:49:22+00:00
EXP-000487,ACCT-000126,B0013,2027-01-10,0.0,2026-07-15T12:49:22+00:00
EXP-000488,ACCT-000051,B0013,2027-01-10,0.0,2026-07-15T12:49:22+00:00
EXP-000489,ACCT-000150,B0013,2027-01-10,0.0,2026-07-15T12:49:22+00:00
EXP-000490,ACCT-000059,B0013,2027-01-10,0.0,2026-07-15T12:49:22+00:00
EXP-000491,ACCT-000121,B0013,2027-01-10,11.11,2026-07-15T12:49:22+00:00
EXP-000492,ACCT-000032,B0013,2027-01-10,0.0,2026-07-15T12:49:22+00:00
EXP-000493,ACCT-000118,B0013,2027-01-10,0.0,2026-07-15T12:49:22+00:00
EXP-000494,ACCT-000080,B0013,2027-01-10,0.0,2026-07-15T12:49:22+00:00
EXP-000495,ACCT-000017,B0013,2027-01-10,0.0,2026-07-15T12:49:22+00:00
EXP-000496,ACCT-000099,B0013,2027-01-10,0.0,2026-07-15T12:49:22+00:00
EXP-000497,ACCT-000005,B0013,2027-01-10,0.0,2026-07-15T12:49:22+00:00
EXP-000498,ACCT-000088,B0013,2027-01-10,0.0,2026-07-15T12:49:22+00:00
EXP-000499,ACCT-000124,B0013,2027-01-10,0.0,2026-07-15T12:49:22+00:00
EXP-000500,ACCT-000115,B0013,2027-01-10,0.0,2026-07-15T12:49:22+00:00
EXP-000501,ACCT-000056,B0013,2027-01-10,0.0,2026-07-15T12:49:22+00:00
EXP-000502,ACCT-000014,B0013,2027-01-10,0.0,2026-07-15T12:49:22+00:00
EXP-000503,ACCT-000120,B0013,2027-01-10,0.0,2026-07-15T12:49:22+00:00
EXP-000504,ACCT-000083,B0013,2027-01-10,0.0,2026-07-15T12:49:22+00:00
EXP-000505,ACCT-000101,B0013,2027-01-10,0.0,2026-07-15T12:49:22+00:00
EXP-000506,ACCT-000102,B0013,2027-01-10,0.0,2026-07-15T12:49:22+00:00
EXP-000507,ACCT-000134,B0013,2027-01-10,0.0,2026-07-15T12:49:22+00:00
EXP-000508,ACCT-000135,B0013,2027-01-10,0.0,2026-07-15T12:49:22+00:00
EXP-000509,ACCT-000098,B0013,2027-01-10,0.0,2026-07-15T12:49:22+00:00
EXP-000510,ACCT-000106,B0013,2027-01-10,36.74,2026-07-15T12:49:22+00:00
EXP-000511,ACCT-000007,B0013,2027-01-10,0.0,2026-07-15T12:49:22+00:00
EXP-000512,ACCT-000012,B0013,2027-01-10,0.0,2026-07-15T12:49:22+00:00
EXP-000513,ACCT-000060,B0013,2027-01-10,0.0,2026-07-15T12:49:22+00:00
EXP-000514,ACCT-000152,B0013,2027-01-10,0.0,2026-07-15T12:49:22+00:00
EXP-000515,ACCT-000153,B0013,2027-01-10,0.0,2026-07-15T12:49:22+00:00
EXP-000516,ACCT-000154,B0013,2027-01-10,-6.94,2026-07-15T12:49:22+00:00
EXP-000517,ACCT-000049,B0014,2027-02-09,0.0,2026-07-15T14:43:18+00:00
EXP-000518,ACCT-000078,B0014,2027-02-09,0.0,2026-07-15T14:43:18+00:00
EXP-000519,ACCT-000148,B0014,2027-02-09,0.0,2026-07-15T14:43:18+00:00
EXP-000520,ACCT-000093,B0014,2027-02-09,0.0,2026-07-15T14:43:18+00:00
EXP-000521,ACCT-000004,B0014,2027-02-09,0.0,2026-07-15T14:43:18+00:00
EXP-000522,ACCT-000070,B0014,2027-02-09,0.0,2026-07-15T14:43:18+00:00
EXP-000523,ACCT-000041,B0014,2027-02-09,0.0,2026-07-15T14:43:18+00:00
EXP-000524,ACCT-000035,B0014,2027-02-09,0.0,2026-07-15T14:43:18+00:00
EXP-000525,ACCT-000007,B0014,2027-02-09,0.0,2026-07-15T14:43:18+00:00
EXP-000526,ACCT-000137,B0014,2027-02-09,0.0,2026-07-15T14:43:18+00:00
EXP-000527,ACCT-000099,B0014,2027-02-09,0.0,2026-07-15T14:43:18+00:00
EXP-000528,ACCT-000005,B0014,2027-02-09,-13.44,2026-07-15T14:43:18+00:00
EXP-000529,ACCT-000018,B0014,2027-02-09,0.0,2026-07-15T14:43:18+00:00
EXP-000530,ACCT-000052,B0014,2027-02-09,0.0,2026-07-15T14:43:18+00:00
EXP-000531,ACCT-000086,B0014,2027-02-09,0.0,2026-07-15T14:43:18+00:00
EXP-000532,ACCT-000083,B0014,2027-02-09,0.0,2026-07-15T14:43:18+00:00
EXP-000533,ACCT-000045,B0014,2027-02-09,0.0,2026-07-15T14:43:18+00:00
EXP-000534,ACCT-000040,B0014,2027-02-09,0.0,2026-07-15T14:43:18+00:00
EXP-000535,ACCT-000081,B0014,2027-02-09,0.0,2026-07-15T14:43:18+00:00
EXP-000536,ACCT-000069,B0014,2027-02-09,0.0,2026-07-15T14:43:18+00:00
EXP-000537,ACCT-000085,B0014,2027-02-09,-14.34,2026-07-15T14:43:18+00:00
EXP-000538,ACCT-000098,B0014,2027-02-09,0.0,2026-07-15T14:43:18+00:00
EXP-000539,ACCT-000011,B0014,2027-02-09,0.0,2026-07-15T14:43:18+00:00
EXP-000540,ACCT-000015,B0014,2027-02-09,48.67,2026-07-15T14:43:18+00:00
EXP-000541,ACCT-000143,B0014,2027-02-09,52.76,2026-07-15T14:43:18+00:00
EXP-000542,ACCT-000028,B0014,2027-02-09,0.0,2026-07-15T14:43:18+00:00
EXP-000543,ACCT-000127,B0014,2027-02-09,0.0,2026-07-15T14:43:18+00:00
EXP-000544,ACCT-000019,B0014,2027-02-09,0.0,2026-07-15T14:43:18+00:00
EXP-000545,ACCT-000090,B0014,2027-02-09,0.0,2026-07-15T14:43:18+00:00
EXP-000546,ACCT-000038,B0014,2027-02-09,0.0,2026-07-15T14:43:18+00:00
EXP-000547,ACCT-000048,B0014,2027-02-09,0.0,2026-07-15T14:43:18+00:00
EXP-000548,ACCT-000145,B0014,2027-02-09,0.0,2026-07-15T14:43:18+00:00
EXP-000549,ACCT-000155,B0014,2027-02-09,0.0,2026-07-15T14:43:18+00:00
EXP-000550,ACCT-000156,B0014,2027-02-09,0.0,2026-07-15T14:43:18+00:00
EXP-000551,ACCT-000157,B0014,2027-02-09,0.0,2026-07-15T14:43:18+00:00
EXP-000552,ACCT-000009,B0015,2027-03-11,0.0,2026-07-15T16:14:57+00:00
EXP-000553,ACCT-000026,B0015,2027-03-11,0.0,2026-07-15T16:14:57+00:00
EXP-000554,ACCT-000064,B0015,2027-03-11,0.0,2026-07-15T16:14:57+00:00
EXP-000555,ACCT-000034,B0015,2027-03-11,0.0,2026-07-15T16:14:57+00:00
EXP-000556,ACCT-000021,B0015,2027-03-11,0.0,2026-07-15T16:14:57+00:00
EXP-000557,ACCT-000100,B0015,2027-03-11,0.0,2026-07-15T16:14:57+00:00
EXP-000558,ACCT-000086,B0015,2027-03-11,0.0,2026-07-15T16:14:57+00:00
EXP-000559,ACCT-000003,B0015,2027-03-11,0.0,2026-07-15T16:14:57+00:00
EXP-000560,ACCT-000078,B0015,2027-03-11,0.0,2026-07-15T16:14:57+00:00
EXP-000561,ACCT-000069,B0015,2027-03-11,0.0,2026-07-15T16:14:57+00:00
EXP-000562,ACCT-000047,B0015,2027-03-11,0.0,2026-07-15T16:14:57+00:00
EXP-000563,ACCT-000152,B0015,2027-03-11,0.0,2026-07-15T16:14:57+00:00
EXP-000564,ACCT-000079,B0015,2027-03-11,0.0,2026-07-15T16:14:57+00:00
EXP-000565,ACCT-000023,B0015,2027-03-11,0.0,2026-07-15T16:14:57+00:00
EXP-000566,ACCT-000001,B0015,2027-03-11,0.0,2026-07-15T16:14:57+00:00
EXP-000567,ACCT-000061,B0015,2027-03-11,0.0,2026-07-15T16:14:57+00:00
EXP-000568,ACCT-000057,B0015,2027-03-11,0.0,2026-07-15T16:14:57+00:00
EXP-000569,ACCT-000033,B0015,2027-03-11,9.4,2026-07-15T16:14:57+00:00
EXP-000570,ACCT-000129,B0015,2027-03-11,0.0,2026-07-15T16:14:57+00:00
EXP-000571,ACCT-000123,B0015,2027-03-11,0.0,2026-07-15T16:14:57+00:00
EXP-000572,ACCT-000137,B0015,2027-03-11,0.0,2026-07-15T16:14:57+00:00
EXP-000573,ACCT-000042,B0015,2027-03-11,0.0,2026-07-15T16:14:57+00:00
EXP-000574,ACCT-000036,B0015,2027-03-11,0.0,2026-07-15T16:14:57+00:00
EXP-000575,ACCT-000116,B0015,2027-03-11,0.0,2026-07-15T16:14:57+00:00
EXP-000576,ACCT-000140,B0015,2027-03-11,0.0,2026-07-15T16:14:57+00:00
EXP-000577,ACCT-000050,B0015,2027-03-11,0.0,2026-07-15T16:14:57+00:00
EXP-000578,ACCT-000010,B0015,2027-03-11,0.0,2026-07-15T16:14:57+00:00
EXP-000579,ACCT-000022,B0015,2027-03-11,0.0,2026-07-15T16:14:57+00:00
EXP-000580,ACCT-000158,B0015,2027-03-11,0.0,2026-07-15T16:14:57+00:00
EXP-000581,ACCT-000159,B0015,2027-03-11,0.0,2026-07-15T16:14:57+00:00
EXP-000582,ACCT-000096,B0016,2027-04-10,0.0,2026-07-15T17:44:30+00:00
EXP-000583,ACCT-000060,B0016,2027-04-10,0.0,2026-07-15T17:44:30+00:00
EXP-000584,ACCT-000130,B0016,2027-04-10,0.0,2026-07-15T17:44:30+00:00
EXP-000585,ACCT-000027,B0016,2027-04-10,0.0,2026-07-15T17:44:30+00:00
EXP-000586,ACCT-000035,B0016,2027-04-10,0.0,2026-07-15T17:44:30+00:00
EXP-000587,ACCT-000049,B0016,2027-04-10,0.0,2026-07-15T17:44:30+00:00
EXP-000588,ACCT-000158,B0016,2027-04-10,43.52,2026-07-15T17:44:30+00:00
EXP-000589,ACCT-000088,B0016,2027-04-10,0.0,2026-07-15T17:44:30+00:00
EXP-000590,ACCT-000001,B0016,2027-04-10,0.0,2026-07-15T17:44:30+00:00
EXP-000591,ACCT-000037,B0016,2027-04-10,0.0,2026-07-15T17:44:30+00:00
EXP-000592,ACCT-000077,B0016,2027-04-10,0.0,2026-07-15T17:44:30+00:00
EXP-000593,ACCT-000144,B0016,2027-04-10,0.0,2026-07-15T17:44:30+00:00
EXP-000594,ACCT-000092,B0016,2027-04-10,4.61,2026-07-15T17:44:30+00:00
EXP-000595,ACCT-000010,B0016,2027-04-10,0.0,2026-07-15T17:44:30+00:00
EXP-000596,ACCT-000090,B0016,2027-04-10,0.0,2026-07-15T17:44:30+00:00
EXP-000597,ACCT-000147,B0016,2027-04-10,74.59,2026-07-15T17:44:30+00:00
EXP-000598,ACCT-000070,B0016,2027-04-10,0.0,2026-07-15T17:44:30+00:00
EXP-000599,ACCT-000039,B0016,2027-04-10,0.0,2026-07-15T17:44:30+00:00
EXP-000600,ACCT-000089,B0016,2027-04-10,0.0,2026-07-15T17:44:30+00:00
EXP-000601,ACCT-000086,B0016,2027-04-10,0.0,2026-07-15T17:44:30+00:00
EXP-000602,ACCT-000139,B0016,2027-04-10,0.0,2026-07-15T17:44:30+00:00
EXP-000603,ACCT-000103,B0016,2027-04-10,-13.67,2026-07-15T17:44:30+00:00
EXP-000604,ACCT-000142,B0016,2027-04-10,0.0,2026-07-15T17:44:30+00:00
EXP-000605,ACCT-000036,B0016,2027-04-10,0.0,2026-07-15T17:44:30+00:00
EXP-000606,ACCT-000117,B0016,2027-04-10,0.0,2026-07-15T17:44:30+00:00
EXP-000607,ACCT-000112,B0016,2027-04-10,0.0,2026-07-15T17:44:30+00:00
EXP-000608,ACCT-000121,B0016,2027-04-10,47.47,2026-07-15T17:44:30+00:00
EXP-000609,ACCT-000019,B0016,2027-04-10,0.0,2026-07-15T17:44:30+00:00
EXP-000610,ACCT-000128,B0016,2027-04-10,0.0,2026-07-15T17:44:30+00:00
EXP-000611,ACCT-000093,B0016,2027-04-10,3.72,2026-07-15T17:44:30+00:00
EXP-000612,ACCT-000047,B0016,2027-04-10,0.0,2026-07-15T17:44:30+00:00
EXP-000613,ACCT-000065,B0016,2027-04-10,0.0,2026-07-15T17:44:30+00:00
EXP-000614,ACCT-000160,B0016,2027-04-10,0.0,2026-07-15T17:44:30+00:00
EXP-000615,ACCT-000161,B0016,2027-04-10,0.0,2026-07-15T17:44:30+00:00
EXP-000616,ACCT-000148,B0017,2027-05-10,0.0,2026-07-15T18:58:12+00:00
EXP-000617,ACCT-000019,B0017,2027-05-10,0.0,2026-07-15T18:58:12+00:00
EXP-000618,ACCT-000086,B0017,2027-05-10,0.0,2026-07-15T18:58:12+00:00
EXP-000619,ACCT-000052,B0017,2027-05-10,0.0,2026-07-15T18:58:12+00:00
EXP-000620,ACCT-000049,B0017,2027-05-10,0.0,2026-07-15T18:58:12+00:00
EXP-000621,ACCT-000154,B0017,2027-05-10,8.03,2026-07-15T18:58:12+00:00
EXP-000622,ACCT-000081,B0017,2027-05-10,0.0,2026-07-15T18:58:12+00:00
EXP-000623,ACCT-000119,B0017,2027-05-10,0.0,2026-07-15T18:58:12+00:00
EXP-000624,ACCT-000157,B0017,2027-05-10,0.0,2026-07-15T18:58:12+00:00
EXP-000625,ACCT-000037,B0017,2027-05-10,0.0,2026-07-15T18:58:12+00:00
EXP-000626,ACCT-000011,B0017,2027-05-10,-9.53,2026-07-15T18:58:12+00:00
EXP-000627,ACCT-000137,B0017,2027-05-10,0.0,2026-07-15T18:58:12+00:00
EXP-000628,ACCT-000055,B0017,2027-05-10,0.0,2026-07-15T18:58:12+00:00
EXP-000629,ACCT-000065,B0017,2027-05-10,0.0,2026-07-15T18:58:12+00:00
EXP-000630,ACCT-000009,B0017,2027-05-10,13.46,2026-07-15T18:58:12+00:00
EXP-000631,ACCT-000075,B0017,2027-05-10,0.0,2026-07-15T18:58:12+00:00
EXP-000632,ACCT-000130,B0017,2027-05-10,0.0,2026-07-15T18:58:12+00:00
EXP-000633,ACCT-000128,B0017,2027-05-10,0.0,2026-07-15T18:58:12+00:00
EXP-000634,ACCT-000108,B0017,2027-05-10,0.0,2026-07-15T18:58:12+00:00
EXP-000635,ACCT-000082,B0017,2027-05-10,0.0,2026-07-15T18:58:12+00:00
EXP-000636,ACCT-000017,B0017,2027-05-10,0.0,2026-07-15T18:58:12+00:00
EXP-000637,ACCT-000151,B0017,2027-05-10,0.0,2026-07-15T18:58:12+00:00
EXP-000638,ACCT-000139,B0017,2027-05-10,0.0,2026-07-15T18:58:12+00:00
EXP-000639,ACCT-000107,B0017,2027-05-10,0.0,2026-07-15T18:58:12+00:00
EXP-000640,ACCT-000044,B0017,2027-05-10,0.0,2026-07-15T18:58:12+00:00
EXP-000641,ACCT-000095,B0017,2027-05-10,0.0,2026-07-15T18:58:12+00:00
EXP-000642,ACCT-000048,B0017,2027-05-10,0.0,2026-07-15T18:58:12+00:00
EXP-000643,ACCT-000138,B0017,2027-05-10,0.0,2026-07-15T18:58:12+00:00
EXP-000644,ACCT-000056,B0017,2027-05-10,0.0,2026-07-15T18:58:12+00:00
EXP-000645,ACCT-000097,B0017,2027-05-10,8.42,2026-07-15T18:58:12+00:00
EXP-000646,ACCT-000106,B0017,2027-05-10,0.0,2026-07-15T18:58:12+00:00
EXP-000647,ACCT-000006,B0017,2027-05-10,0.0,2026-07-15T18:58:12+00:00
EXP-000648,ACCT-000124,B0017,2027-05-10,0.0,2026-07-15T18:58:12+00:00
EXP-000649,ACCT-000127,B0017,2027-05-10,0.0,2026-07-15T18:58:12+00:00
EXP-000650,ACCT-000113,B0017,2027-05-10,0.0,2026-07-15T18:58:12+00:00
EXP-000651,ACCT-000162,B0017,2027-05-10,0.0,2026-07-15T18:58:12+00:00
EXP-000652,ACCT-000163,B0017,2027-05-10,0.0,2026-07-15T18:58:12+00:00
EXP-000653,ACCT-000164,B0017,2027-05-10,0.0,2026-07-15T18:58:12+00:00
EXP-000654,ACCT-000152,B0018,2027-06-09,0.0,2026-07-15T20:08:35+00:00
EXP-000655,ACCT-000153,B0018,2027-06-09,0.0,2026-07-15T20:08:35+00:00
EXP-000656,ACCT-000106,B0018,2027-06-09,0.0,2026-07-15T20:08:35+00:00
EXP-000657,ACCT-000030,B0018,2027-06-09,0.0,2026-07-15T20:08:35+00:00
EXP-000658,ACCT-000143,B0018,2027-06-09,0.0,2026-07-15T20:08:35+00:00
EXP-000659,ACCT-000011,B0018,2027-06-09,0.0,2026-07-15T20:08:35+00:00
EXP-000660,ACCT-000095,B0018,2027-06-09,0.0,2026-07-15T20:08:35+00:00
EXP-000661,ACCT-000112,B0018,2027-06-09,0.0,2026-07-15T20:08:35+00:00
EXP-000662,ACCT-000098,B0018,2027-06-09,0.0,2026-07-15T20:08:35+00:00
EXP-000663,ACCT-000113,B0018,2027-06-09,16.25,2026-07-15T20:08:35+00:00
EXP-000664,ACCT-000127,B0018,2027-06-09,0.0,2026-07-15T20:08:35+00:00
EXP-000665,ACCT-000104,B0018,2027-06-09,0.0,2026-07-15T20:08:35+00:00
EXP-000666,ACCT-000077,B0018,2027-06-09,0.0,2026-07-15T20:08:35+00:00
EXP-000667,ACCT-000131,B0018,2027-06-09,0.0,2026-07-15T20:08:35+00:00
EXP-000668,ACCT-000148,B0018,2027-06-09,0.0,2026-07-15T20:08:35+00:00
EXP-000669,ACCT-000046,B0018,2027-06-09,0.0,2026-07-15T20:08:35+00:00
EXP-000670,ACCT-000100,B0018,2027-06-09,12.03,2026-07-15T20:08:35+00:00
EXP-000671,ACCT-000111,B0018,2027-06-09,0.0,2026-07-15T20:08:35+00:00
EXP-000672,ACCT-000058,B0018,2027-06-09,0.0,2026-07-15T20:08:35+00:00
EXP-000673,ACCT-000158,B0018,2027-06-09,0.0,2026-07-15T20:08:35+00:00
EXP-000674,ACCT-000124,B0018,2027-06-09,0.0,2026-07-15T20:08:35+00:00
EXP-000675,ACCT-000099,B0018,2027-06-09,0.0,2026-07-15T20:08:35+00:00
EXP-000676,ACCT-000140,B0018,2027-06-09,-2.68,2026-07-15T20:08:35+00:00
EXP-000677,ACCT-000054,B0018,2027-06-09,0.0,2026-07-15T20:08:35+00:00
EXP-000678,ACCT-000017,B0018,2027-06-09,0.0,2026-07-15T20:08:35+00:00
EXP-000679,ACCT-000120,B0018,2027-06-09,0.0,2026-07-15T20:08:35+00:00
EXP-000680,ACCT-000003,B0018,2027-06-09,0.0,2026-07-15T20:08:35+00:00
EXP-000681,ACCT-000149,B0018,2027-06-09,1.02,2026-07-15T20:08:35+00:00
EXP-000682,ACCT-000038,B0018,2027-06-09,0.0,2026-07-15T20:08:35+00:00
EXP-000683,ACCT-000043,B0018,2027-06-09,0.0,2026-07-15T20:08:35+00:00
EXP-000684,ACCT-000122,B0018,2027-06-09,2.43,2026-07-15T20:08:35+00:00
EXP-000685,ACCT-000102,B0018,2027-06-09,0.0,2026-07-15T20:08:35+00:00
EXP-000686,ACCT-000045,B0018,2027-06-09,0.0,2026-07-15T20:08:35+00:00
EXP-000687,ACCT-000165,B0018,2027-06-09,0.0,2026-07-15T20:08:35+00:00
EXP-000688,ACCT-000166,B0018,2027-06-09,-1.64,2026-07-15T20:08:35+00:00
EXP-000689,ACCT-000011,B0019,2027-07-09,0.0,2026-07-15T21:28:51+00:00
EXP-000690,ACCT-000002,B0019,2027-07-09,0.0,2026-07-15T21:28:51+00:00
EXP-000691,ACCT-000052,B0019,2027-07-09,0.0,2026-07-15T21:28:51+00:00
EXP-000692,ACCT-000074,B0019,2027-07-09,0.0,2026-07-15T21:28:51+00:00
EXP-000693,ACCT-000067,B0019,2027-07-09,0.0,2026-07-15T21:28:51+00:00
EXP-000694,ACCT-000123,B0019,2027-07-09,0.0,2026-07-15T21:28:51+00:00
EXP-000695,ACCT-000117,B0019,2027-07-09,0.0,2026-07-15T21:28:51+00:00
EXP-000696,ACCT-000129,B0019,2027-07-09,0.0,2026-07-15T21:28:51+00:00
EXP-000697,ACCT-000027,B0019,2027-07-09,0.0,2026-07-15T21:28:51+00:00
EXP-000698,ACCT-000153,B0019,2027-07-09,0.0,2026-07-15T21:28:51+00:00
EXP-000699,ACCT-000093,B0019,2027-07-09,0.0,2026-07-15T21:28:51+00:00
EXP-000700,ACCT-000014,B0019,2027-07-09,0.0,2026-07-15T21:28:51+00:00
EXP-000701,ACCT-000103,B0019,2027-07-09,0.0,2026-07-15T21:28:51+00:00
EXP-000702,ACCT-000134,B0019,2027-07-09,0.0,2026-07-15T21:28:51+00:00
EXP-000703,ACCT-000054,B0019,2027-07-09,0.0,2026-07-15T21:28:51+00:00
EXP-000704,ACCT-000066,B0019,2027-07-09,0.0,2026-07-15T21:28:51+00:00
EXP-000705,ACCT-000091,B0019,2027-07-09,0.0,2026-07-15T21:28:51+00:00
EXP-000706,ACCT-000160,B0019,2027-07-09,0.0,2026-07-15T21:28:51+00:00
EXP-000707,ACCT-000145,B0019,2027-07-09,0.0,2026-07-15T21:28:51+00:00
EXP-000708,ACCT-000082,B0019,2027-07-09,0.0,2026-07-15T21:28:51+00:00
EXP-000709,ACCT-000047,B0019,2027-07-09,0.0,2026-07-15T21:28:51+00:00
EXP-000710,ACCT-000130,B0019,2027-07-09,0.0,2026-07-15T21:28:51+00:00
EXP-000711,ACCT-000031,B0019,2027-07-09,0.0,2026-07-15T21:28:51+00:00
EXP-000712,ACCT-000164,B0019,2027-07-09,0.0,2026-07-15T21:28:51+00:00
EXP-000713,ACCT-000086,B0019,2027-07-09,0.0,2026-07-15T21:28:51+00:00
EXP-000714,ACCT-000113,B0019,2027-07-09,8.38,2026-07-15T21:28:51+00:00
EXP-000715,ACCT-000025,B0019,2027-07-09,0.0,2026-07-15T21:28:51+00:00
EXP-000716,ACCT-000068,B0019,2027-07-09,0.0,2026-07-15T21:28:51+00:00
EXP-000717,ACCT-000105,B0019,2027-07-09,0.0,2026-07-15T21:28:51+00:00
EXP-000718,ACCT-000056,B0019,2027-07-09,0.0,2026-07-15T21:28:51+00:00
EXP-000719,ACCT-000167,B0019,2027-07-09,0.0,2026-07-15T21:28:51+00:00
EXP-000720,ACCT-000168,B0019,2027-07-09,0.0,2026-07-15T21:28:51+00:00
EXP-000721,ACCT-000169,B0019,2027-07-09,0.0,2026-07-15T21:28:51+00:00
EXP-000722,ACCT-000170,B0019,2027-07-09,0.0,2026-07-15T21:28:51+00:00
EXP-000723,ACCT-000144,B0020,2027-08-08,0.0,2026-07-15T22:30:17+00:00
EXP-000724,ACCT-000117,B0020,2027-08-08,0.0,2026-07-15T22:30:17+00:00
EXP-000725,ACCT-000126,B0020,2027-08-08,0.0,2026-07-15T22:30:17+00:00
EXP-000726,ACCT-000085,B0020,2027-08-08,0.0,2026-07-15T22:30:17+00:00
EXP-000727,ACCT-000122,B0020,2027-08-08,0.0,2026-07-15T22:30:17+00:00
EXP-000728,ACCT-000100,B0020,2027-08-08,0.0,2026-07-15T22:30:17+00:00
EXP-000729,ACCT-000150,B0020,2027-08-08,0.0,2026-07-15T22:30:17+00:00
EXP-000730,ACCT-000140,B0020,2027-08-08,0.0,2026-07-15T22:30:17+00:00
EXP-000731,ACCT-000131,B0020,2027-08-08,0.0,2026-07-15T22:30:17+00:00
EXP-000732,ACCT-000095,B0020,2027-08-08,0.0,2026-07-15T22:30:17+00:00
EXP-000733,ACCT-000111,B0020,2027-08-08,0.0,2026-07-15T22:30:17+00:00
EXP-000734,ACCT-000129,B0020,2027-08-08,0.0,2026-07-15T22:30:17+00:00
EXP-000735,ACCT-000136,B0020,2027-08-08,0.0,2026-07-15T22:30:17+00:00
EXP-000736,ACCT-000161,B0020,2027-08-08,0.0,2026-07-15T22:30:17+00:00
EXP-000737,ACCT-000028,B0020,2027-08-08,0.0,2026-07-15T22:30:17+00:00
EXP-000738,ACCT-000054,B0020,2027-08-08,0.0,2026-07-15T22:30:17+00:00
EXP-000739,ACCT-000079,B0020,2027-08-08,20.09,2026-07-15T22:30:17+00:00
EXP-000740,ACCT-000046,B0020,2027-08-08,0.0,2026-07-15T22:30:17+00:00
EXP-000741,ACCT-000070,B0020,2027-08-08,0.0,2026-07-15T22:30:17+00:00
EXP-000742,ACCT-000011,B0020,2027-08-08,0.0,2026-07-15T22:30:17+00:00
EXP-000743,ACCT-000081,B0020,2027-08-08,0.0,2026-07-15T22:30:17+00:00
EXP-000744,ACCT-000169,B0020,2027-08-08,0.0,2026-07-15T22:30:17+00:00
EXP-000745,ACCT-000088,B0020,2027-08-08,0.0,2026-07-15T22:30:17+00:00
EXP-000746,ACCT-000005,B0020,2027-08-08,0.0,2026-07-15T22:30:17+00:00
EXP-000747,ACCT-000066,B0020,2027-08-08,0.0,2026-07-15T22:30:17+00:00
EXP-000748,ACCT-000059,B0020,2027-08-08,0.0,2026-07-15T22:30:17+00:00
EXP-000749,ACCT-000134,B0020,2027-08-08,0.0,2026-07-15T22:30:17+00:00
EXP-000750,ACCT-000171,B0020,2027-08-08,0.0,2026-07-15T22:30:17+00:00
EXP-000751,ACCT-000172,B0020,2027-08-08,30.6,2026-07-15T22:30:17+00:00
EXP-000752,ACCT-000173,B0020,2027-08-08,0.0,2026-07-15T22:30:17+00:00
EXP-000753,ACCT-000136,B0021,2027-09-07,0.0,2026-07-15T23:31:36+00:00
EXP-000754,ACCT-000024,B0021,2027-09-07,0.0,2026-07-15T23:31:36+00:00
EXP-000755,ACCT-000116,B0021,2027-09-07,0.0,2026-07-15T23:31:36+00:00
EXP-000756,ACCT-000069,B0021,2027-09-07,0.0,2026-07-15T23:31:36+00:00
EXP-000757,ACCT-000015,B0021,2027-09-07,0.0,2026-07-15T23:31:36+00:00
EXP-000758,ACCT-000092,B0021,2027-09-07,0.0,2026-07-15T23:31:36+00:00
EXP-000759,ACCT-000042,B0021,2027-09-07,0.0,2026-07-15T23:31:36+00:00
EXP-000760,ACCT-000158,B0021,2027-09-07,0.0,2026-07-15T23:31:36+00:00
EXP-000761,ACCT-000081,B0021,2027-09-07,0.0,2026-07-15T23:31:36+00:00
EXP-000762,ACCT-000052,B0021,2027-09-07,0.0,2026-07-15T23:31:36+00:00
EXP-000763,ACCT-000153,B0021,2027-09-07,0.0,2026-07-15T23:31:36+00:00
EXP-000764,ACCT-000045,B0021,2027-09-07,0.0,2026-07-15T23:31:36+00:00
EXP-000765,ACCT-000149,B0021,2027-09-07,13.14,2026-07-15T23:31:36+00:00
EXP-000766,ACCT-000072,B0021,2027-09-07,0.0,2026-07-15T23:31:36+00:00
EXP-000767,ACCT-000138,B0021,2027-09-07,0.0,2026-07-15T23:31:36+00:00
EXP-000768,ACCT-000103,B0021,2027-09-07,0.0,2026-07-15T23:31:36+00:00
EXP-000769,ACCT-000096,B0021,2027-09-07,0.0,2026-07-15T23:31:36+00:00
EXP-000770,ACCT-000157,B0021,2027-09-07,0.0,2026-07-15T23:31:36+00:00
EXP-000771,ACCT-000019,B0021,2027-09-07,0.0,2026-07-15T23:31:36+00:00
EXP-000772,ACCT-000139,B0021,2027-09-07,0.0,2026-07-15T23:31:36+00:00
EXP-000773,ACCT-000086,B0021,2027-09-07,0.0,2026-07-15T23:31:36+00:00
EXP-000774,ACCT-000172,B0021,2027-09-07,0.0,2026-07-15T23:31:36+00:00
EXP-000775,ACCT-000141,B0021,2027-09-07,0.0,2026-07-15T23:31:36+00:00
EXP-000776,ACCT-000131,B0021,2027-09-07,0.0,2026-07-15T23:31:36+00:00
EXP-000777,ACCT-000028,B0021,2027-09-07,0.0,2026-07-15T23:31:36+00:00
EXP-000778,ACCT-000135,B0021,2027-09-07,0.0,2026-07-15T23:31:36+00:00
EXP-000779,ACCT-000108,B0021,2027-09-07,0.0,2026-07-15T23:31:36+00:00
EXP-000780,ACCT-000082,B0021,2027-09-07,43.68,2026-07-15T23:31:36+00:00
EXP-000781,ACCT-000167,B0021,2027-09-07,0.0,2026-07-15T23:31:36+00:00
EXP-000782,ACCT-000093,B0021,2027-09-07,0.0,2026-07-15T23:31:36+00:00
EXP-000783,ACCT-000030,B0021,2027-09-07,0.0,2026-07-15T23:31:36+00:00
EXP-000784,ACCT-000097,B0021,2027-09-07,0.0,2026-07-15T23:31:36+00:00
EXP-000785,ACCT-000174,B0021,2027-09-07,0.0,2026-07-15T23:31:36+00:00
EXP-000786,ACCT-000175,B0021,2027-09-07,0.0,2026-07-15T23:31:36+00:00
EXP-000787,ACCT-000176,B0021,2027-09-07,-11.29,2026-07-15T23:31:36+00:00
EXP-000788,ACCT-000177,B0021,2027-09-07,0.0,2026-07-15T23:31:36+00:00
EXP-000789,ACCT-000084,B0022,2027-10-07,62.32,2026-07-16T01:51:46+00:00
EXP-000790,ACCT-000014,B0022,2027-10-07,0.0,2026-07-16T01:51:46+00:00
EXP-000791,ACCT-000082,B0022,2027-10-07,0.0,2026-07-16T01:51:46+00:00
EXP-000792,ACCT-000090,B0022,2027-10-07,0.0,2026-07-16T01:51:46+00:00
EXP-000793,ACCT-000112,B0022,2027-10-07,0.0,2026-07-16T01:51:46+00:00
EXP-000794,ACCT-000063,B0022,2027-10-07,0.0,2026-07-16T01:51:46+00:00
EXP-000795,ACCT-000088,B0022,2027-10-07,0.0,2026-07-16T01:51:46+00:00
EXP-000796,ACCT-000108,B0022,2027-10-07,0.0,2026-07-16T01:51:46+00:00
EXP-000797,ACCT-000007,B0022,2027-10-07,0.0,2026-07-16T01:51:46+00:00
EXP-000798,ACCT-000172,B0022,2027-10-07,0.0,2026-07-16T01:51:46+00:00
EXP-000799,ACCT-000025,B0022,2027-10-07,0.0,2026-07-16T01:51:46+00:00
EXP-000800,ACCT-000174,B0022,2027-10-07,67.13,2026-07-16T01:51:46+00:00
EXP-000801,ACCT-000104,B0022,2027-10-07,0.0,2026-07-16T01:51:46+00:00
EXP-000802,ACCT-000057,B0022,2027-10-07,0.0,2026-07-16T01:51:46+00:00
EXP-000803,ACCT-000089,B0022,2027-10-07,0.0,2026-07-16T01:51:46+00:00
EXP-000804,ACCT-000137,B0022,2027-10-07,0.0,2026-07-16T01:51:46+00:00
EXP-000805,ACCT-000154,B0022,2027-10-07,0.0,2026-07-16T01:51:46+00:00
EXP-000806,ACCT-000148,B0022,2027-10-07,0.0,2026-07-16T01:51:46+00:00
EXP-000807,ACCT-000114,B0022,2027-10-07,0.0,2026-07-16T01:51:46+00:00
EXP-000808,ACCT-000150,B0022,2027-10-07,0.0,2026-07-16T01:51:46+00:00
EXP-000809,ACCT-000044,B0022,2027-10-07,0.0,2026-07-16T01:51:46+00:00
EXP-000810,ACCT-000053,B0022,2027-10-07,0.0,2026-07-16T01:51:46+00:00
EXP-000811,ACCT-000036,B0022,2027-10-07,0.0,2026-07-16T01:51:46+00:00
EXP-000812,ACCT-000103,B0022,2027-10-07,0.0,2026-07-16T01:51:46+00:00
EXP-000813,ACCT-000070,B0022,2027-10-07,-1.76,2026-07-16T01:51:46+00:00
EXP-000814,ACCT-000165,B0022,2027-10-07,0.0,2026-07-16T01:51:46+00:00
EXP-000815,ACCT-000178,B0022,2027-10-07,0.0,2026-07-16T01:51:46+00:00
EXP-000816,ACCT-000179,B0022,2027-10-07,-5.11,2026-07-16T01:51:46+00:00
EXP-000817,ACCT-000132,B0023,2027-11-06,0.0,2026-07-16T04:53:53+00:00
EXP-000818,ACCT-000088,B0023,2027-11-06,0.0,2026-07-16T04:53:53+00:00
EXP-000819,ACCT-000123,B0023,2027-11-06,0.0,2026-07-16T04:53:53+00:00
EXP-000820,ACCT-000148,B0023,2027-11-06,0.0,2026-07-16T04:53:53+00:00
EXP-000821,ACCT-000130,B0023,2027-11-06,0.0,2026-07-16T04:53:53+00:00
EXP-000822,ACCT-000104,B0023,2027-11-06,0.0,2026-07-16T04:53:53+00:00
EXP-000823,ACCT-000089,B0023,2027-11-06,0.0,2026-07-16T04:53:53+00:00
EXP-000824,ACCT-000169,B0023,2027-11-06,0.0,2026-07-16T04:53:53+00:00
EXP-000825,ACCT-000048,B0023,2027-11-06,0.0,2026-07-16T04:53:53+00:00
EXP-000826,ACCT-000155,B0023,2027-11-06,0.0,2026-07-16T04:53:53+00:00
EXP-000827,ACCT-000056,B0023,2027-11-06,0.0,2026-07-16T04:53:53+00:00
EXP-000828,ACCT-000081,B0023,2027-11-06,0.0,2026-07-16T04:53:53+00:00
EXP-000829,ACCT-000174,B0023,2027-11-06,0.0,2026-07-16T04:53:53+00:00
EXP-000830,ACCT-000153,B0023,2027-11-06,0.0,2026-07-16T04:53:53+00:00
EXP-000831,ACCT-000058,B0023,2027-11-06,0.0,2026-07-16T04:53:53+00:00
EXP-000832,ACCT-000063,B0023,2027-11-06,0.0,2026-07-16T04:53:53+00:00
EXP-000833,ACCT-000145,B0023,2027-11-06,0.0,2026-07-16T04:53:53+00:00
EXP-000834,ACCT-000037,B0023,2027-11-06,0.0,2026-07-16T04:53:53+00:00
EXP-000835,ACCT-000075,B0023,2027-11-06,0.0,2026-07-16T04:53:53+00:00
EXP-000836,ACCT-000114,B0023,2027-11-06,0.0,2026-07-16T04:53:53+00:00
EXP-000837,ACCT-000044,B0023,2027-11-06,0.0,2026-07-16T04:53:53+00:00
EXP-000838,ACCT-000022,B0023,2027-11-06,0.0,2026-07-16T04:53:53+00:00
EXP-000839,ACCT-000156,B0023,2027-11-06,0.0,2026-07-16T04:53:53+00:00
EXP-000840,ACCT-000033,B0023,2027-11-06,0.0,2026-07-16T04:53:53+00:00
EXP-000841,ACCT-000036,B0023,2027-11-06,0.0,2026-07-16T04:53:53+00:00
EXP-000842,ACCT-000074,B0023,2027-11-06,0.0,2026-07-16T04:53:53+00:00
EXP-000843,ACCT-000147,B0023,2027-11-06,0.0,2026-07-16T04:53:53+00:00
EXP-000844,ACCT-000070,B0023,2027-11-06,0.0,2026-07-16T04:53:53+00:00
EXP-000845,ACCT-000115,B0023,2027-11-06,0.0,2026-07-16T04:53:53+00:00
EXP-000846,ACCT-000136,B0023,2027-11-06,16.91,2026-07-16T04:53:53+00:00
EXP-000847,ACCT-000078,B0023,2027-11-06,0.0,2026-07-16T04:53:53+00:00
EXP-000848,ACCT-000042,B0023,2027-11-06,0.0,2026-07-16T04:53:53+00:00
EXP-000849,ACCT-000030,B0023,2027-11-06,0.0,2026-07-16T04:53:53+00:00
EXP-000850,ACCT-000034,B0023,2027-11-06,0.0,2026-07-16T04:53:53+00:00
EXP-000851,ACCT-000062,B0023,2027-11-06,0.0,2026-07-16T04:53:53+00:00
EXP-000852,ACCT-000180,B0023,2027-11-06,0.0,2026-07-16T04:53:53+00:00
EXP-000853,ACCT-000181,B0023,2027-11-06,0.0,2026-07-16T04:53:53+00:00
EXP-000854,ACCT-000182,B0023,2027-11-06,0.0,2026-07-16T04:53:53+00:00
EXP-000855,ACCT-000039,B0024,2027-12-06,0.0,2026-07-16T07:18:19+00:00
EXP-000856,ACCT-000008,B0024,2027-12-06,47.4,2026-07-16T07:18:19+00:00
EXP-000857,ACCT-000059,B0024,2027-12-06,0.0,2026-07-16T07:18:19+00:00
EXP-000858,ACCT-000076,B0024,2027-12-06,0.0,2026-07-16T07:18:19+00:00
EXP-000859,ACCT-000171,B0024,2027-12-06,0.0,2026-07-16T07:18:19+00:00
EXP-000860,ACCT-000106,B0024,2027-12-06,0.0,2026-07-16T07:18:19+00:00
EXP-000861,ACCT-000069,B0024,2027-12-06,0.0,2026-07-16T07:18:19+00:00
EXP-000862,ACCT-000057,B0024,2027-12-06,0.0,2026-07-16T07:18:19+00:00
EXP-000863,ACCT-000001,B0024,2027-12-06,0.0,2026-07-16T07:18:19+00:00
EXP-000864,ACCT-000074,B0024,2027-12-06,0.0,2026-07-16T07:18:19+00:00
EXP-000865,ACCT-000172,B0024,2027-12-06,0.0,2026-07-16T07:18:19+00:00
EXP-000866,ACCT-000150,B0024,2027-12-06,0.0,2026-07-16T07:18:19+00:00
EXP-000867,ACCT-000174,B0024,2027-12-06,0.0,2026-07-16T07:18:19+00:00
EXP-000868,ACCT-000142,B0024,2027-12-06,0.0,2026-07-16T07:18:19+00:00
EXP-000869,ACCT-000011,B0024,2027-12-06,0.0,2026-07-16T07:18:19+00:00
EXP-000870,ACCT-000181,B0024,2027-12-06,0.0,2026-07-16T07:18:19+00:00
EXP-000871,ACCT-000093,B0024,2027-12-06,0.0,2026-07-16T07:18:19+00:00
EXP-000872,ACCT-000079,B0024,2027-12-06,0.0,2026-07-16T07:18:19+00:00
EXP-000873,ACCT-000062,B0024,2027-12-06,0.0,2026-07-16T07:18:19+00:00
EXP-000874,ACCT-000135,B0024,2027-12-06,0.0,2026-07-16T07:18:19+00:00
EXP-000875,ACCT-000089,B0024,2027-12-06,0.0,2026-07-16T07:18:19+00:00
EXP-000876,ACCT-000081,B0024,2027-12-06,0.0,2026-07-16T07:18:19+00:00
EXP-000877,ACCT-000010,B0024,2027-12-06,14.82,2026-07-16T07:18:19+00:00
EXP-000878,ACCT-000180,B0024,2027-12-06,0.0,2026-07-16T07:18:19+00:00
EXP-000879,ACCT-000163,B0024,2027-12-06,0.0,2026-07-16T07:18:19+00:00
EXP-000880,ACCT-000023,B0024,2027-12-06,0.0,2026-07-16T07:18:19+00:00
EXP-000881,ACCT-000121,B0024,2027-12-06,0.0,2026-07-16T07:18:19+00:00
EXP-000882,ACCT-000085,B0024,2027-12-06,0.0,2026-07-16T07:18:19+00:00
EXP-000883,ACCT-000183,B0024,2027-12-06,0.0,2026-07-16T07:18:19+00:00
EXP-000884,ACCT-000184,B0024,2027-12-06,0.0,2026-07-16T07:18:19+00:00
EXP-000885,ACCT-000150,B0025,2028-01-05,0.0,2026-07-16T09:34:14+00:00
EXP-000886,ACCT-000066,B0025,2028-01-05,0.0,2026-07-16T09:34:14+00:00
EXP-000887,ACCT-000038,B0025,2028-01-05,35.45,2026-07-16T09:34:14+00:00
EXP-000888,ACCT-000171,B0025,2028-01-05,0.0,2026-07-16T09:34:14+00:00
EXP-000889,ACCT-000159,B0025,2028-01-05,0.0,2026-07-16T09:34:14+00:00
EXP-000890,ACCT-000092,B0025,2028-01-05,0.0,2026-07-16T09:34:14+00:00
EXP-000891,ACCT-000162,B0025,2028-01-05,12.37,2026-07-16T09:34:14+00:00
EXP-000892,ACCT-000121,B0025,2028-01-05,22.51,2026-07-16T09:34:14+00:00
EXP-000893,ACCT-000049,B0025,2028-01-05,0.0,2026-07-16T09:34:14+00:00
EXP-000894,ACCT-000018,B0025,2028-01-05,0.0,2026-07-16T09:34:14+00:00
EXP-000895,ACCT-000026,B0025,2028-01-05,1.27,2026-07-16T09:34:14+00:00
EXP-000896,ACCT-000115,B0025,2028-01-05,0.0,2026-07-16T09:34:14+00:00
EXP-000897,ACCT-000119,B0025,2028-01-05,0.0,2026-07-16T09:34:14+00:00
EXP-000898,ACCT-000005,B0025,2028-01-05,0.0,2026-07-16T09:34:14+00:00
EXP-000899,ACCT-000006,B0025,2028-01-05,0.0,2026-07-16T09:34:14+00:00
EXP-000900,ACCT-000098,B0025,2028-01-05,0.0,2026-07-16T09:34:14+00:00
EXP-000901,ACCT-000023,B0025,2028-01-05,9.94,2026-07-16T09:34:14+00:00
EXP-000902,ACCT-000140,B0025,2028-01-05,0.0,2026-07-16T09:34:14+00:00
EXP-000903,ACCT-000078,B0025,2028-01-05,0.0,2026-07-16T09:34:14+00:00
EXP-000904,ACCT-000093,B0025,2028-01-05,0.0,2026-07-16T09:34:14+00:00
EXP-000905,ACCT-000129,B0025,2028-01-05,0.0,2026-07-16T09:34:14+00:00
EXP-000906,ACCT-000142,B0025,2028-01-05,0.0,2026-07-16T09:34:14+00:00
EXP-000907,ACCT-000114,B0025,2028-01-05,0.0,2026-07-16T09:34:14+00:00
EXP-000908,ACCT-000165,B0025,2028-01-05,0.0,2026-07-16T09:34:14+00:00
EXP-000909,ACCT-000022,B0025,2028-01-05,0.0,2026-07-16T09:34:14+00:00
EXP-000910,ACCT-000036,B0025,2028-01-05,0.0,2026-07-16T09:34:14+00:00
EXP-000911,ACCT-000071,B0025,2028-01-05,0.0,2026-07-16T09:34:14+00:00
EXP-000912,ACCT-000185,B0025,2028-01-05,0.0,2026-07-16T09:34:14+00:00
EXP-000913,ACCT-000186,B0025,2028-01-05,0.0,2026-07-16T09:34:14+00:00
EXP-000914,ACCT-000187,B0025,2028-01-05,0.0,2026-07-16T09:34:14+00:00
EXP-000915,ACCT-000188,B0025,2028-01-05,0.0,2026-07-16T09:34:14+00:00
EXP-000916,ACCT-000093,B0026,2028-02-04,0.0,2026-07-16T11:28:07+00:00
EXP-000917,ACCT-000187,B0026,2028-02-04,0.0,2026-07-16T11:28:07+00:00
EXP-000918,ACCT-000149,B0026,2028-02-04,0.0,2026-07-16T11:28:07+00:00
EXP-000919,ACCT-000026,B0026,2028-02-04,0.0,2026-07-16T11:28:07+00:00
EXP-000920,ACCT-000062,B0026,2028-02-04,0.0,2026-07-16T11:28:07+00:00
EXP-000921,ACCT-000101,B0026,2028-02-04,34.3,2026-07-16T11:28:07+00:00
EXP-000922,ACCT-000177,B0026,2028-02-04,0.0,2026-07-16T11:28:07+00:00
EXP-000923,ACCT-000169,B0026,2028-02-04,0.0,2026-07-16T11:28:07+00:00
EXP-000924,ACCT-000100,B0026,2028-02-04,0.0,2026-07-16T11:28:07+00:00
EXP-000925,ACCT-000025,B0026,2028-02-04,0.0,2026-07-16T11:28:07+00:00
EXP-000926,ACCT-000051,B0026,2028-02-04,0.0,2026-07-16T11:28:07+00:00
EXP-000927,ACCT-000011,B0026,2028-02-04,0.0,2026-07-16T11:28:07+00:00
EXP-000928,ACCT-000076,B0026,2028-02-04,55.34,2026-07-16T11:28:07+00:00
EXP-000929,ACCT-000027,B0026,2028-02-04,0.0,2026-07-16T11:28:07+00:00
EXP-000930,ACCT-000006,B0026,2028-02-04,0.0,2026-07-16T11:28:07+00:00
EXP-000931,ACCT-000145,B0026,2028-02-04,0.0,2026-07-16T11:28:07+00:00
EXP-000932,ACCT-000135,B0026,2028-02-04,0.0,2026-07-16T11:28:07+00:00
EXP-000933,ACCT-000120,B0026,2028-02-04,0.0,2026-07-16T11:28:07+00:00
EXP-000934,ACCT-000113,B0026,2028-02-04,0.0,2026-07-16T11:28:07+00:00
EXP-000935,ACCT-000116,B0026,2028-02-04,0.0,2026-07-16T11:28:07+00:00
EXP-000936,ACCT-000042,B0026,2028-02-04,0.0,2026-07-16T11:28:07+00:00
EXP-000937,ACCT-000058,B0026,2028-02-04,0.0,2026-07-16T11:28:07+00:00
EXP-000938,ACCT-000008,B0026,2028-02-04,0.0,2026-07-16T11:28:07+00:00
EXP-000939,ACCT-000005,B0026,2028-02-04,0.0,2026-07-16T11:28:07+00:00
EXP-000940,ACCT-000154,B0026,2028-02-04,0.0,2026-07-16T11:28:07+00:00
EXP-000941,ACCT-000146,B0026,2028-02-04,0.0,2026-07-16T11:28:07+00:00
EXP-000942,ACCT-000168,B0026,2028-02-04,0.0,2026-07-16T11:28:07+00:00
EXP-000943,ACCT-000105,B0026,2028-02-04,0.0,2026-07-16T11:28:07+00:00
EXP-000944,ACCT-000044,B0026,2028-02-04,0.0,2026-07-16T11:28:07+00:00
EXP-000945,ACCT-000160,B0026,2028-02-04,0.0,2026-07-16T11:28:07+00:00
EXP-000946,ACCT-000018,B0026,2028-02-04,0.0,2026-07-16T11:28:07+00:00
EXP-000947,ACCT-000181,B0026,2028-02-04,0.0,2026-07-16T11:28:07+00:00
EXP-000948,ACCT-000030,B0026,2028-02-04,0.0,2026-07-16T11:28:07+00:00
EXP-000949,ACCT-000077,B0026,2028-02-04,0.0,2026-07-16T11:28:07+00:00
EXP-000950,ACCT-000152,B0026,2028-02-04,0.0,2026-07-16T11:28:07+00:00
EXP-000951,ACCT-000189,B0026,2028-02-04,0.0,2026-07-16T11:28:07+00:00
EXP-000952,ACCT-000190,B0026,2028-02-04,0.0,2026-07-16T11:28:07+00:00
EXP-000953,ACCT-000191,B0026,2028-02-04,0.0,2026-07-16T11:28:07+00:00
EXP-000954,ACCT-000192,B0026,2028-02-04,0.0,2026-07-16T11:28:07+00:00
EXP-000955,ACCT-000127,B0027,2028-03-05,0.0,2026-07-16T12:59:56+00:00
EXP-000956,ACCT-000166,B0027,2028-03-05,0.0,2026-07-16T12:59:56+00:00
EXP-000957,ACCT-000129,B0027,2028-03-05,0.0,2026-07-16T12:59:56+00:00
EXP-000958,ACCT-000157,B0027,2028-03-05,0.0,2026-07-16T12:59:56+00:00
EXP-000959,ACCT-000035,B0027,2028-03-05,0.0,2026-07-16T12:59:56+00:00
EXP-000960,ACCT-000135,B0027,2028-03-05,0.0,2026-07-16T12:59:56+00:00
EXP-000961,ACCT-000132,B0027,2028-03-05,0.0,2026-07-16T12:59:56+00:00
EXP-000962,ACCT-000023,B0027,2028-03-05,0.0,2026-07-16T12:59:56+00:00
EXP-000963,ACCT-000159,B0027,2028-03-05,0.0,2026-07-16T12:59:56+00:00
EXP-000964,ACCT-000179,B0027,2028-03-05,0.0,2026-07-16T12:59:56+00:00
EXP-000965,ACCT-000024,B0027,2028-03-05,0.0,2026-07-16T12:59:56+00:00
EXP-000966,ACCT-000094,B0027,2028-03-05,0.0,2026-07-16T12:59:56+00:00
EXP-000967,ACCT-000188,B0027,2028-03-05,0.0,2026-07-16T12:59:56+00:00
EXP-000968,ACCT-000040,B0027,2028-03-05,0.0,2026-07-16T12:59:56+00:00
EXP-000969,ACCT-000078,B0027,2028-03-05,0.0,2026-07-16T12:59:56+00:00
EXP-000970,ACCT-000176,B0027,2028-03-05,0.0,2026-07-16T12:59:56+00:00
EXP-000971,ACCT-000062,B0027,2028-03-05,0.0,2026-07-16T12:59:56+00:00
EXP-000972,ACCT-000190,B0027,2028-03-05,0.0,2026-07-16T12:59:56+00:00
EXP-000973,ACCT-000154,B0027,2028-03-05,0.0,2026-07-16T12:59:56+00:00
EXP-000974,ACCT-000022,B0027,2028-03-05,0.0,2026-07-16T12:59:56+00:00
EXP-000975,ACCT-000009,B0027,2028-03-05,0.0,2026-07-16T12:59:56+00:00
EXP-000976,ACCT-000161,B0027,2028-03-05,0.0,2026-07-16T12:59:56+00:00
EXP-000977,ACCT-000111,B0027,2028-03-05,0.0,2026-07-16T12:59:56+00:00
EXP-000978,ACCT-000155,B0027,2028-03-05,0.0,2026-07-16T12:59:56+00:00
EXP-000979,ACCT-000102,B0027,2028-03-05,39.41,2026-07-16T12:59:56+00:00
EXP-000980,ACCT-000165,B0027,2028-03-05,0.0,2026-07-16T12:59:56+00:00
EXP-000981,ACCT-000193,B0027,2028-03-05,0.0,2026-07-16T12:59:56+00:00
EXP-000982,ACCT-000194,B0027,2028-03-05,0.0,2026-07-16T12:59:56+00:00
EXP-000983,ACCT-000166,B0028,2028-04-04,0.0,2026-07-16T15:05:52+00:00
EXP-000984,ACCT-000005,B0028,2028-04-04,0.0,2026-07-16T15:05:52+00:00
EXP-000985,ACCT-000059,B0028,2028-04-04,0.0,2026-07-16T15:05:52+00:00
EXP-000986,ACCT-000080,B0028,2028-04-04,0.0,2026-07-16T15:05:52+00:00
EXP-000987,ACCT-000052,B0028,2028-04-04,0.0,2026-07-16T15:05:52+00:00
EXP-000988,ACCT-000097,B0028,2028-04-04,0.0,2026-07-16T15:05:52+00:00
EXP-000989,ACCT-000101,B0028,2028-04-04,0.0,2026-07-16T15:05:52+00:00
EXP-000990,ACCT-000084,B0028,2028-04-04,0.0,2026-07-16T15:05:52+00:00
EXP-000991,ACCT-000098,B0028,2028-04-04,0.0,2026-07-16T15:05:52+00:00
EXP-000992,ACCT-000008,B0028,2028-04-04,0.0,2026-07-16T15:05:52+00:00
EXP-000993,ACCT-000119,B0028,2028-04-04,0.0,2026-07-16T15:05:52+00:00
EXP-000994,ACCT-000071,B0028,2028-04-04,0.0,2026-07-16T15:05:52+00:00
EXP-000995,ACCT-000163,B0028,2028-04-04,0.0,2026-07-16T15:05:52+00:00
EXP-000996,ACCT-000120,B0028,2028-04-04,0.0,2026-07-16T15:05:52+00:00
EXP-000997,ACCT-000141,B0028,2028-04-04,0.0,2026-07-16T15:05:52+00:00
EXP-000998,ACCT-000019,B0028,2028-04-04,0.0,2026-07-16T15:05:52+00:00
EXP-000999,ACCT-000159,B0028,2028-04-04,0.0,2026-07-16T15:05:52+00:00
EXP-001000,ACCT-000142,B0028,2028-04-04,0.0,2026-07-16T15:05:52+00:00
EXP-001001,ACCT-000127,B0028,2028-04-04,0.0,2026-07-16T15:05:52+00:00
EXP-001002,ACCT-000061,B0028,2028-04-04,0.0,2026-07-16T15:05:52+00:00
EXP-001003,ACCT-000125,B0028,2028-04-04,0.0,2026-07-16T15:05:52+00:00
EXP-001004,ACCT-000132,B0028,2028-04-04,0.0,2026-07-16T15:05:52+00:00
EXP-001005,ACCT-000038,B0028,2028-04-04,0.0,2026-07-16T15:05:52+00:00
EXP-001006,ACCT-000100,B0028,2028-04-04,0.0,2026-07-16T15:05:52+00:00
EXP-001007,ACCT-000007,B0028,2028-04-04,0.0,2026-07-16T15:05:52+00:00
EXP-001008,ACCT-000093,B0028,2028-04-04,0.0,2026-07-16T15:05:52+00:00
EXP-001009,ACCT-000195,B0028,2028-04-04,0.0,2026-07-16T15:05:52+00:00
EXP-001010,ACCT-000196,B0028,2028-04-04,0.0,2026-07-16T15:05:52+00:00
EXP-001011,ACCT-000197,B0028,2028-04-04,0.0,2026-07-16T15:05:52+00:00
EXP-001012,ACCT-000096,B0029,2028-05-04,0.0,2026-07-16T16:47:43+00:00
EXP-001013,ACCT-000012,B0029,2028-05-04,-4.61,2026-07-16T16:47:43+00:00
EXP-001014,ACCT-000026,B0029,2028-05-04,0.0,2026-07-16T16:47:43+00:00
EXP-001015,ACCT-000187,B0029,2028-05-04,1.6,2026-07-16T16:47:43+00:00
EXP-001016,ACCT-000017,B0029,2028-05-04,0.0,2026-07-16T16:47:43+00:00
EXP-001017,ACCT-000114,B0029,2028-05-04,0.0,2026-07-16T16:47:43+00:00
EXP-001018,ACCT-000032,B0029,2028-05-04,0.0,2026-07-16T16:47:43+00:00
EXP-001019,ACCT-000103,B0029,2028-05-04,0.0,2026-07-16T16:47:43+00:00
EXP-001020,ACCT-000064,B0029,2028-05-04,0.0,2026-07-16T16:47:43+00:00
EXP-001021,ACCT-000056,B0029,2028-05-04,0.0,2026-07-16T16:47:43+00:00
EXP-001022,ACCT-000022,B0029,2028-05-04,8.74,2026-07-16T16:47:43+00:00
EXP-001023,ACCT-000003,B0029,2028-05-04,0.0,2026-07-16T16:47:43+00:00
EXP-001024,ACCT-000009,B0029,2028-05-04,0.0,2026-07-16T16:47:43+00:00
EXP-001025,ACCT-000011,B0029,2028-05-04,0.0,2026-07-16T16:47:43+00:00
EXP-001026,ACCT-000112,B0029,2028-05-04,0.0,2026-07-16T16:47:43+00:00
EXP-001027,ACCT-000070,B0029,2028-05-04,-11.58,2026-07-16T16:47:43+00:00
EXP-001028,ACCT-000188,B0029,2028-05-04,0.0,2026-07-16T16:47:43+00:00
EXP-001029,ACCT-000153,B0029,2028-05-04,0.0,2026-07-16T16:47:43+00:00
EXP-001030,ACCT-000110,B0029,2028-05-04,0.0,2026-07-16T16:47:43+00:00
EXP-001031,ACCT-000057,B0029,2028-05-04,0.0,2026-07-16T16:47:43+00:00
EXP-001032,ACCT-000041,B0029,2028-05-04,0.0,2026-07-16T16:47:43+00:00
EXP-001033,ACCT-000172,B0029,2028-05-04,0.0,2026-07-16T16:47:43+00:00
EXP-001034,ACCT-000007,B0029,2028-05-04,0.0,2026-07-16T16:47:43+00:00
EXP-001035,ACCT-000048,B0029,2028-05-04,0.0,2026-07-16T16:47:43+00:00
EXP-001036,ACCT-000118,B0029,2028-05-04,0.0,2026-07-16T16:47:43+00:00
EXP-001037,ACCT-000174,B0029,2028-05-04,0.0,2026-07-16T16:47:43+00:00
EXP-001038,ACCT-000001,B0029,2028-05-04,0.0,2026-07-16T16:47:43+00:00
EXP-001039,ACCT-000051,B0029,2028-05-04,0.0,2026-07-16T16:47:43+00:00
EXP-001040,ACCT-000094,B0029,2028-05-04,30.76,2026-07-16T16:47:43+00:00
EXP-001041,ACCT-000198,B0029,2028-05-04,0.0,2026-07-16T16:47:43+00:00
EXP-001042,ACCT-000199,B0029,2028-05-04,0.0,2026-07-16T16:47:43+00:00
EXP-001043,ACCT-000200,B0029,2028-05-04,-2.68,2026-07-16T16:47:43+00:00
EXP-001044,ACCT-000154,B0030,2028-06-03,0.0,2026-07-16T17:59:28+00:00
EXP-001045,ACCT-000188,B0030,2028-06-03,0.0,2026-07-16T17:59:28+00:00
EXP-001046,ACCT-000165,B0030,2028-06-03,0.0,2026-07-16T17:59:28+00:00
EXP-001047,ACCT-000150,B0030,2028-06-03,-14.82,2026-07-16T17:59:28+00:00
EXP-001048,ACCT-000172,B0030,2028-06-03,0.0,2026-07-16T17:59:28+00:00
EXP-001049,ACCT-000115,B0030,2028-06-03,14.63,2026-07-16T17:59:28+00:00
EXP-001050,ACCT-000094,B0030,2028-06-03,-8.38,2026-07-16T17:59:28+00:00
EXP-001051,ACCT-000148,B0030,2028-06-03,0.0,2026-07-16T17:59:28+00:00
EXP-001052,ACCT-000002,B0030,2028-06-03,0.0,2026-07-16T17:59:28+00:00
EXP-001053,ACCT-000164,B0030,2028-06-03,0.0,2026-07-16T17:59:28+00:00
EXP-001054,ACCT-000040,B0030,2028-06-03,0.0,2026-07-16T17:59:28+00:00
EXP-001055,ACCT-000072,B0030,2028-06-03,0.0,2026-07-16T17:59:28+00:00
EXP-001056,ACCT-000136,B0030,2028-06-03,0.0,2026-07-16T17:59:28+00:00
EXP-001057,ACCT-000166,B0030,2028-06-03,0.0,2026-07-16T17:59:28+00:00
EXP-001058,ACCT-000088,B0030,2028-06-03,0.0,2026-07-16T17:59:28+00:00
EXP-001059,ACCT-000047,B0030,2028-06-03,0.0,2026-07-16T17:59:28+00:00
EXP-001060,ACCT-000162,B0030,2028-06-03,0.0,2026-07-16T17:59:28+00:00
EXP-001061,ACCT-000098,B0030,2028-06-03,0.0,2026-07-16T17:59:28+00:00
EXP-001062,ACCT-000178,B0030,2028-06-03,0.0,2026-07-16T17:59:28+00:00
EXP-001063,ACCT-000125,B0030,2028-06-03,0.0,2026-07-16T17:59:28+00:00
EXP-001064,ACCT-000041,B0030,2028-06-03,0.0,2026-07-16T17:59:28+00:00
EXP-001065,ACCT-000096,B0030,2028-06-03,0.0,2026-07-16T17:59:28+00:00
EXP-001066,ACCT-000122,B0030,2028-06-03,0.0,2026-07-16T17:59:28+00:00
EXP-001067,ACCT-000132,B0030,2028-06-03,0.0,2026-07-16T17:59:28+00:00
EXP-001068,ACCT-000140,B0030,2028-06-03,0.0,2026-07-16T17:59:28+00:00
EXP-001069,ACCT-000191,B0030,2028-06-03,-8.88,2026-07-16T17:59:28+00:00
EXP-001070,ACCT-000181,B0030,2028-06-03,0.0,2026-07-16T17:59:28+00:00
EXP-001071,ACCT-000159,B0030,2028-06-03,0.0,2026-07-16T17:59:28+00:00
EXP-001072,ACCT-000031,B0030,2028-06-03,0.0,2026-07-16T17:59:28+00:00
EXP-001073,ACCT-000152,B0030,2028-06-03,0.0,2026-07-16T17:59:28+00:00
EXP-001074,ACCT-000161,B0030,2028-06-03,0.0,2026-07-16T17:59:28+00:00
EXP-001075,ACCT-000201,B0030,2028-06-03,4.39,2026-07-16T17:59:28+00:00
EXP-001076,ACCT-000202,B0030,2028-06-03,0.0,2026-07-16T17:59:28+00:00
EXP-001077,ACCT-000203,B0030,2028-06-03,0.0,2026-07-16T17:59:28+00:00
EXP-001078,ACCT-000056,B0031,2028-07-03,0.0,2026-07-16T19:15:28+00:00
EXP-001079,ACCT-000090,B0031,2028-07-03,0.0,2026-07-16T19:15:28+00:00
EXP-001080,ACCT-000022,B0031,2028-07-03,0.0,2026-07-16T19:15:28+00:00
EXP-001081,ACCT-000053,B0031,2028-07-03,0.0,2026-07-16T19:15:28+00:00
EXP-001082,ACCT-000035,B0031,2028-07-03,0.0,2026-07-16T19:15:28+00:00
EXP-001083,ACCT-000138,B0031,2028-07-03,0.0,2026-07-16T19:15:28+00:00
EXP-001084,ACCT-000008,B0031,2028-07-03,0.0,2026-07-16T19:15:28+00:00
EXP-001085,ACCT-000155,B0031,2028-07-03,0.0,2026-07-16T19:15:28+00:00
EXP-001086,ACCT-000067,B0031,2028-07-03,0.0,2026-07-16T19:15:28+00:00
EXP-001087,ACCT-000203,B0031,2028-07-03,0.0,2026-07-16T19:15:28+00:00
EXP-001088,ACCT-000185,B0031,2028-07-03,0.0,2026-07-16T19:15:28+00:00
EXP-001089,ACCT-000163,B0031,2028-07-03,0.0,2026-07-16T19:15:28+00:00
EXP-001090,ACCT-000064,B0031,2028-07-03,0.0,2026-07-16T19:15:28+00:00
EXP-001091,ACCT-000157,B0031,2028-07-03,0.0,2026-07-16T19:15:28+00:00
EXP-001092,ACCT-000145,B0031,2028-07-03,0.0,2026-07-16T19:15:28+00:00
EXP-001093,ACCT-000071,B0031,2028-07-03,0.0,2026-07-16T19:15:28+00:00
EXP-001094,ACCT-000154,B0031,2028-07-03,0.0,2026-07-16T19:15:28+00:00
EXP-001095,ACCT-000196,B0031,2028-07-03,0.0,2026-07-16T19:15:28+00:00
EXP-001096,ACCT-000122,B0031,2028-07-03,0.0,2026-07-16T19:15:28+00:00
EXP-001097,ACCT-000119,B0031,2028-07-03,0.0,2026-07-16T19:15:28+00:00
EXP-001098,ACCT-000051,B0031,2028-07-03,0.0,2026-07-16T19:15:28+00:00
EXP-001099,ACCT-000171,B0031,2028-07-03,0.0,2026-07-16T19:15:28+00:00
EXP-001100,ACCT-000137,B0031,2028-07-03,0.0,2026-07-16T19:15:28+00:00
EXP-001101,ACCT-000181,B0031,2028-07-03,14.48,2026-07-16T19:15:28+00:00
EXP-001102,ACCT-000162,B0031,2028-07-03,24.56,2026-07-16T19:15:28+00:00
EXP-001103,ACCT-000021,B0031,2028-07-03,0.0,2026-07-16T19:15:28+00:00
EXP-001104,ACCT-000033,B0031,2028-07-03,0.0,2026-07-16T19:15:28+00:00
EXP-001105,ACCT-000121,B0031,2028-07-03,-1.52,2026-07-16T19:15:28+00:00
EXP-001106,ACCT-000095,B0031,2028-07-03,0.0,2026-07-16T19:15:28+00:00
EXP-001107,ACCT-000063,B0031,2028-07-03,0.0,2026-07-16T19:15:28+00:00
EXP-001108,ACCT-000158,B0031,2028-07-03,0.0,2026-07-16T19:15:28+00:00
EXP-001109,ACCT-000204,B0031,2028-07-03,0.0,2026-07-16T19:15:28+00:00
EXP-001110,ACCT-000205,B0031,2028-07-03,0.0,2026-07-16T19:15:28+00:00
EXP-001111,ACCT-000206,B0031,2028-07-03,0.0,2026-07-16T19:15:28+00:00
EXP-001112,ACCT-000207,B0031,2028-07-03,0.0,2026-07-16T19:15:28+00:00
EXP-001113,ACCT-000014,B0032,2028-08-02,0.0,2026-07-16T20:25:14+00:00
EXP-001114,ACCT-000130,B0032,2028-08-02,0.0,2026-07-16T20:25:14+00:00
EXP-001115,ACCT-000168,B0032,2028-08-02,0.0,2026-07-16T20:25:14+00:00
EXP-001116,ACCT-000050,B0032,2028-08-02,0.0,2026-07-16T20:25:14+00:00
EXP-001117,ACCT-000104,B0032,2028-08-02,0.0,2026-07-16T20:25:14+00:00
EXP-001118,ACCT-000058,B0032,2028-08-02,0.0,2026-07-16T20:25:14+00:00
EXP-001119,ACCT-000175,B0032,2028-08-02,0.0,2026-07-16T20:25:14+00:00
EXP-001120,ACCT-000195,B0032,2028-08-02,0.0,2026-07-16T20:25:14+00:00
EXP-001121,ACCT-000170,B0032,2028-08-02,0.0,2026-07-16T20:25:14+00:00
EXP-001122,ACCT-000206,B0032,2028-08-02,57.48,2026-07-16T20:25:14+00:00
EXP-001123,ACCT-000009,B0032,2028-08-02,0.0,2026-07-16T20:25:14+00:00
EXP-001124,ACCT-000042,B0032,2028-08-02,0.0,2026-07-16T20:25:14+00:00
EXP-001125,ACCT-000076,B0032,2028-08-02,0.0,2026-07-16T20:25:14+00:00
EXP-001126,ACCT-000008,B0032,2028-08-02,0.0,2026-07-16T20:25:14+00:00
EXP-001127,ACCT-000080,B0032,2028-08-02,0.0,2026-07-16T20:25:14+00:00
EXP-001128,ACCT-000127,B0032,2028-08-02,13.02,2026-07-16T20:25:14+00:00
EXP-001129,ACCT-000201,B0032,2028-08-02,0.0,2026-07-16T20:25:14+00:00
EXP-001130,ACCT-000128,B0032,2028-08-02,0.0,2026-07-16T20:25:14+00:00
EXP-001131,ACCT-000033,B0032,2028-08-02,0.0,2026-07-16T20:25:14+00:00
EXP-001132,ACCT-000056,B0032,2028-08-02,0.0,2026-07-16T20:25:14+00:00
EXP-001133,ACCT-000114,B0032,2028-08-02,0.0,2026-07-16T20:25:14+00:00
EXP-001134,ACCT-000055,B0032,2028-08-02,0.0,2026-07-16T20:25:14+00:00
EXP-001135,ACCT-000066,B0032,2028-08-02,0.0,2026-07-16T20:25:14+00:00
EXP-001136,ACCT-000094,B0032,2028-08-02,0.0,2026-07-16T20:25:14+00:00
EXP-001137,ACCT-000005,B0032,2028-08-02,0.0,2026-07-16T20:25:14+00:00
EXP-001138,ACCT-000003,B0032,2028-08-02,0.0,2026-07-16T20:25:14+00:00
EXP-001139,ACCT-000208,B0032,2028-08-02,0.0,2026-07-16T20:25:14+00:00
EXP-001140,ACCT-000209,B0032,2028-08-02,0.0,2026-07-16T20:25:14+00:00
EXP-001141,ACCT-000110,B0033,2028-09-01,0.0,2026-07-16T21:31:03+00:00
EXP-001142,ACCT-000127,B0033,2028-09-01,0.0,2026-07-16T21:31:03+00:00
EXP-001143,ACCT-000063,B0033,2028-09-01,17.44,2026-07-16T21:31:03+00:00
EXP-001144,ACCT-000051,B0033,2028-09-01,0.0,2026-07-16T21:31:03+00:00
EXP-001145,ACCT-000030,B0033,2028-09-01,0.0,2026-07-16T21:31:03+00:00
EXP-001146,ACCT-000201,B0033,2028-09-01,0.0,2026-07-16T21:31:03+00:00
EXP-001147,ACCT-000089,B0033,2028-09-01,0.0,2026-07-16T21:31:03+00:00
EXP-001148,ACCT-000050,B0033,2028-09-01,0.0,2026-07-16T21:31:03+00:00
EXP-001149,ACCT-000049,B0033,2028-09-01,0.0,2026-07-16T21:31:03+00:00
EXP-001150,ACCT-000035,B0033,2028-09-01,0.0,2026-07-16T21:31:03+00:00
EXP-001151,ACCT-000093,B0033,2028-09-01,0.0,2026-07-16T21:31:03+00:00
EXP-001152,ACCT-000010,B0033,2028-09-01,0.0,2026-07-16T21:31:03+00:00
EXP-001153,ACCT-000017,B0033,2028-09-01,0.0,2026-07-16T21:31:03+00:00
EXP-001154,ACCT-000086,B0033,2028-09-01,0.0,2026-07-16T21:31:03+00:00
EXP-001155,ACCT-000163,B0033,2028-09-01,0.0,2026-07-16T21:31:03+00:00
EXP-001156,ACCT-000209,B0033,2028-09-01,0.0,2026-07-16T21:31:03+00:00
EXP-001157,ACCT-000078,B0033,2028-09-01,0.0,2026-07-16T21:31:03+00:00
EXP-001158,ACCT-000152,B0033,2028-09-01,0.0,2026-07-16T21:31:03+00:00
EXP-001159,ACCT-000119,B0033,2028-09-01,0.0,2026-07-16T21:31:03+00:00
EXP-001160,ACCT-000148,B0033,2028-09-01,0.0,2026-07-16T21:31:03+00:00
EXP-001161,ACCT-000129,B0033,2028-09-01,0.0,2026-07-16T21:31:03+00:00
EXP-001162,ACCT-000153,B0033,2028-09-01,0.0,2026-07-16T21:31:03+00:00
EXP-001163,ACCT-000124,B0033,2028-09-01,0.0,2026-07-16T21:31:03+00:00
EXP-001164,ACCT-000208,B0033,2028-09-01,0.0,2026-07-16T21:31:03+00:00
EXP-001165,ACCT-000143,B0033,2028-09-01,0.0,2026-07-16T21:31:03+00:00
EXP-001166,ACCT-000197,B0033,2028-09-01,0.0,2026-07-16T21:31:03+00:00
EXP-001167,ACCT-000167,B0033,2028-09-01,0.0,2026-07-16T21:31:03+00:00
EXP-001168,ACCT-000044,B0033,2028-09-01,0.0,2026-07-16T21:31:03+00:00
EXP-001169,ACCT-000084,B0033,2028-09-01,0.0,2026-07-16T21:31:03+00:00
EXP-001170,ACCT-000094,B0033,2028-09-01,0.0,2026-07-16T21:31:03+00:00
EXP-001171,ACCT-000046,B0033,2028-09-01,0.0,2026-07-16T21:31:03+00:00
EXP-001172,ACCT-000210,B0033,2028-09-01,0.0,2026-07-16T21:31:03+00:00
EXP-001173,ACCT-000211,B0033,2028-09-01,0.0,2026-07-16T21:31:03+00:00
EXP-001174,ACCT-000212,B0033,2028-09-01,0.0,2026-07-16T21:31:03+00:00
EXP-001175,ACCT-000213,B0033,2028-09-01,0.0,2026-07-16T21:31:03+00:00
EXP-001176,ACCT-000149,B0034,2028-10-01,0.0,2026-07-16T22:51:41+00:00
EXP-001177,ACCT-000156,B0034,2028-10-01,0.0,2026-07-16T22:51:41+00:00
EXP-001178,ACCT-000159,B0034,2028-10-01,0.0,2026-07-16T22:51:41+00:00
EXP-001179,ACCT-000201,B0034,2028-10-01,0.0,2026-07-16T22:51:41+00:00
EXP-001180,ACCT-000206,B0034,2028-10-01,0.0,2026-07-16T22:51:41+00:00
EXP-001181,ACCT-000069,B0034,2028-10-01,0.0,2026-07-16T22:51:41+00:00
EXP-001182,ACCT-000066,B0034,2028-10-01,0.0,2026-07-16T22:51:41+00:00
EXP-001183,ACCT-000176,B0034,2028-10-01,0.0,2026-07-16T22:51:41+00:00
EXP-001184,ACCT-000162,B0034,2028-10-01,0.0,2026-07-16T22:51:41+00:00
EXP-001185,ACCT-000010,B0034,2028-10-01,0.0,2026-07-16T22:51:41+00:00
EXP-001186,ACCT-000020,B0034,2028-10-01,0.0,2026-07-16T22:51:41+00:00
EXP-001187,ACCT-000059,B0034,2028-10-01,0.0,2026-07-16T22:51:41+00:00
EXP-001188,ACCT-000187,B0034,2028-10-01,0.0,2026-07-16T22:51:41+00:00
EXP-001189,ACCT-000074,B0034,2028-10-01,0.0,2026-07-16T22:51:41+00:00
EXP-001190,ACCT-000111,B0034,2028-10-01,0.0,2026-07-16T22:51:41+00:00
EXP-001191,ACCT-000148,B0034,2028-10-01,0.0,2026-07-16T22:51:41+00:00
EXP-001192,ACCT-000117,B0034,2028-10-01,0.0,2026-07-16T22:51:41+00:00
EXP-001193,ACCT-000184,B0034,2028-10-01,0.0,2026-07-16T22:51:41+00:00
EXP-001194,ACCT-000190,B0034,2028-10-01,0.0,2026-07-16T22:51:41+00:00
EXP-001195,ACCT-000042,B0034,2028-10-01,0.0,2026-07-16T22:51:41+00:00
EXP-001196,ACCT-000046,B0034,2028-10-01,0.0,2026-07-16T22:51:41+00:00
EXP-001197,ACCT-000079,B0034,2028-10-01,0.0,2026-07-16T22:51:41+00:00
EXP-001198,ACCT-000013,B0034,2028-10-01,0.0,2026-07-16T22:51:41+00:00
EXP-001199,ACCT-000212,B0034,2028-10-01,0.0,2026-07-16T22:51:41+00:00
EXP-001200,ACCT-000092,B0034,2028-10-01,0.0,2026-07-16T22:51:41+00:00
EXP-001201,ACCT-000182,B0034,2028-10-01,0.0,2026-07-16T22:51:41+00:00
EXP-001202,ACCT-000086,B0034,2028-10-01,0.0,2026-07-16T22:51:41+00:00
EXP-001203,ACCT-000209,B0034,2028-10-01,0.0,2026-07-16T22:51:41+00:00
EXP-001204,ACCT-000061,B0034,2028-10-01,0.0,2026-07-16T22:51:41+00:00
EXP-001205,ACCT-000080,B0034,2028-10-01,0.0,2026-07-16T22:51:41+00:00
EXP-001206,ACCT-000214,B0034,2028-10-01,0.0,2026-07-16T22:51:41+00:00
EXP-001207,ACCT-000215,B0034,2028-10-01,0.0,2026-07-16T22:51:41+00:00
EXP-001208,ACCT-000095,B0035,2028-10-31,0.0,2026-07-16T23:52:31+00:00
EXP-001209,ACCT-000007,B0035,2028-10-31,0.0,2026-07-16T23:52:31+00:00
EXP-001210,ACCT-000043,B0035,2028-10-31,0.0,2026-07-16T23:52:31+00:00
EXP-001211,ACCT-000180,B0035,2028-10-31,0.0,2026-07-16T23:52:31+00:00
EXP-001212,ACCT-000166,B0035,2028-10-31,0.0,2026-07-16T23:52:31+00:00
EXP-001213,ACCT-000110,B0035,2028-10-31,0.0,2026-07-16T23:52:31+00:00
EXP-001214,ACCT-000193,B0035,2028-10-31,0.0,2026-07-16T23:52:31+00:00
EXP-001215,ACCT-000190,B0035,2028-10-31,0.0,2026-07-16T23:52:31+00:00
EXP-001216,ACCT-000114,B0035,2028-10-31,-7.6,2026-07-16T23:52:31+00:00
EXP-001217,ACCT-000189,B0035,2028-10-31,0.0,2026-07-16T23:52:31+00:00
EXP-001218,ACCT-000142,B0035,2028-10-31,64.51,2026-07-16T23:52:31+00:00
EXP-001219,ACCT-000133,B0035,2028-10-31,0.0,2026-07-16T23:52:31+00:00
EXP-001220,ACCT-000104,B0035,2028-10-31,0.0,2026-07-16T23:52:31+00:00
EXP-001221,ACCT-000002,B0035,2028-10-31,0.0,2026-07-16T23:52:31+00:00
EXP-001222,ACCT-000197,B0035,2028-10-31,0.0,2026-07-16T23:52:31+00:00
EXP-001223,ACCT-000090,B0035,2028-10-31,0.0,2026-07-16T23:52:31+00:00
EXP-001224,ACCT-000036,B0035,2028-10-31,0.0,2026-07-16T23:52:31+00:00
EXP-001225,ACCT-000199,B0035,2028-10-31,0.0,2026-07-16T23:52:31+00:00
EXP-001226,ACCT-000113,B0035,2028-10-31,0.0,2026-07-16T23:52:31+00:00
EXP-001227,ACCT-000112,B0035,2028-10-31,0.0,2026-07-16T23:52:31+00:00
EXP-001228,ACCT-000179,B0035,2028-10-31,0.0,2026-07-16T23:52:31+00:00
EXP-001229,ACCT-000109,B0035,2028-10-31,0.0,2026-07-16T23:52:31+00:00
EXP-001230,ACCT-000047,B0035,2028-10-31,0.0,2026-07-16T23:52:31+00:00
EXP-001231,ACCT-000176,B0035,2028-10-31,0.0,2026-07-16T23:52:31+00:00
EXP-001232,ACCT-000102,B0035,2028-10-31,0.0,2026-07-16T23:52:31+00:00
EXP-001233,ACCT-000124,B0035,2028-10-31,0.0,2026-07-16T23:52:31+00:00
EXP-001234,ACCT-000086,B0035,2028-10-31,0.0,2026-07-16T23:52:31+00:00
EXP-001235,ACCT-000116,B0035,2028-10-31,0.0,2026-07-16T23:52:31+00:00
EXP-001236,ACCT-000137,B0035,2028-10-31,0.0,2026-07-16T23:52:31+00:00
EXP-001237,ACCT-000107,B0035,2028-10-31,-3.8,2026-07-16T23:52:31+00:00
EXP-001238,ACCT-000082,B0035,2028-10-31,0.0,2026-07-16T23:52:31+00:00
EXP-001239,ACCT-000216,B0035,2028-10-31,0.0,2026-07-16T23:52:31+00:00
EXP-001240,ACCT-000217,B0035,2028-10-31,0.0,2026-07-16T23:52:31+00:00
EXP-001241,ACCT-000097,B0036,2028-11-30,0.0,2026-07-17T01:55:24+00:00
EXP-001242,ACCT-000138,B0036,2028-11-30,0.0,2026-07-17T01:55:24+00:00
EXP-001243,ACCT-000216,B0036,2028-11-30,0.0,2026-07-17T01:55:24+00:00
EXP-001244,ACCT-000181,B0036,2028-11-30,0.0,2026-07-17T01:55:24+00:00
EXP-001245,ACCT-000092,B0036,2028-11-30,0.0,2026-07-17T01:55:24+00:00
EXP-001246,ACCT-000192,B0036,2028-11-30,0.0,2026-07-17T01:55:24+00:00
EXP-001247,ACCT-000149,B0036,2028-11-30,0.0,2026-07-17T01:55:24+00:00
EXP-001248,ACCT-000189,B0036,2028-11-30,71.94,2026-07-17T01:55:24+00:00
EXP-001249,ACCT-000200,B0036,2028-11-30,0.0,2026-07-17T01:55:24+00:00
EXP-001250,ACCT-000127,B0036,2028-11-30,70.43,2026-07-17T01:55:24+00:00
EXP-001251,ACCT-000183,B0036,2028-11-30,0.0,2026-07-17T01:55:24+00:00
EXP-001252,ACCT-000143,B0036,2028-11-30,0.0,2026-07-17T01:55:24+00:00
EXP-001253,ACCT-000117,B0036,2028-11-30,0.0,2026-07-17T01:55:24+00:00
EXP-001254,ACCT-000012,B0036,2028-11-30,51.25,2026-07-17T01:55:24+00:00
EXP-001255,ACCT-000041,B0036,2028-11-30,0.0,2026-07-17T01:55:24+00:00
EXP-001256,ACCT-000196,B0036,2028-11-30,0.0,2026-07-17T01:55:24+00:00
EXP-001257,ACCT-000163,B0036,2028-11-30,0.0,2026-07-17T01:55:24+00:00
EXP-001258,ACCT-000031,B0036,2028-11-30,0.0,2026-07-17T01:55:24+00:00
EXP-001259,ACCT-000169,B0036,2028-11-30,0.0,2026-07-17T01:55:24+00:00
EXP-001260,ACCT-000159,B0036,2028-11-30,-13.31,2026-07-17T01:55:24+00:00
EXP-001261,ACCT-000111,B0036,2028-11-30,0.0,2026-07-17T01:55:24+00:00
EXP-001262,ACCT-000119,B0036,2028-11-30,0.0,2026-07-17T01:55:24+00:00
EXP-001263,ACCT-000151,B0036,2028-11-30,0.0,2026-07-17T01:55:24+00:00
EXP-001264,ACCT-000145,B0036,2028-11-30,0.0,2026-07-17T01:55:24+00:00
EXP-001265,ACCT-000168,B0036,2028-11-30,0.0,2026-07-17T01:55:24+00:00
EXP-001266,ACCT-000118,B0036,2028-11-30,0.0,2026-07-17T01:55:24+00:00
EXP-001267,ACCT-000218,B0036,2028-11-30,0.0,2026-07-17T01:55:24+00:00
EXP-001268,ACCT-000219,B0036,2028-11-30,0.0,2026-07-17T01:55:24+00:00
EXP-001269,ACCT-000220,B0036,2028-11-30,0.0,2026-07-17T01:55:24+00:00
EXP-001270,ACCT-000221,B0036,2028-11-30,0.0,2026-07-17T01:55:24+00:00
EXP-001271,ACCT-000129,B0037,2028-12-30,0.0,2026-07-17T04:57:40+00:00
EXP-001272,ACCT-000031,B0037,2028-12-30,0.0,2026-07-17T04:57:40+00:00
EXP-001273,ACCT-000060,B0037,2028-12-30,0.0,2026-07-17T04:57:40+00:00
EXP-001274,ACCT-000213,B0037,2028-12-30,0.0,2026-07-17T04:57:40+00:00
EXP-001275,ACCT-000218,B0037,2028-12-30,0.0,2026-07-17T04:57:40+00:00
EXP-001276,ACCT-000099,B0037,2028-12-30,0.0,2026-07-17T04:57:40+00:00
EXP-001277,ACCT-000199,B0037,2028-12-30,0.0,2026-07-17T04:57:40+00:00
EXP-001278,ACCT-000044,B0037,2028-12-30,0.0,2026-07-17T04:57:40+00:00
EXP-001279,ACCT-000048,B0037,2028-12-30,0.0,2026-07-17T04:57:40+00:00
EXP-001280,ACCT-000017,B0037,2028-12-30,0.0,2026-07-17T04:57:40+00:00
EXP-001281,ACCT-000052,B0037,2028-12-30,0.0,2026-07-17T04:57:40+00:00
EXP-001282,ACCT-000016,B0037,2028-12-30,0.0,2026-07-17T04:57:40+00:00
EXP-001283,ACCT-000108,B0037,2028-12-30,0.0,2026-07-17T04:57:40+00:00
EXP-001284,ACCT-000035,B0037,2028-12-30,0.0,2026-07-17T04:57:40+00:00
EXP-001285,ACCT-000059,B0037,2028-12-30,0.0,2026-07-17T04:57:40+00:00
EXP-001286,ACCT-000138,B0037,2028-12-30,0.0,2026-07-17T04:57:40+00:00
EXP-001287,ACCT-000132,B0037,2028-12-30,0.0,2026-07-17T04:57:40+00:00
EXP-001288,ACCT-000196,B0037,2028-12-30,0.0,2026-07-17T04:57:40+00:00
EXP-001289,ACCT-000061,B0037,2028-12-30,0.0,2026-07-17T04:57:40+00:00
EXP-001290,ACCT-000007,B0037,2028-12-30,0.0,2026-07-17T04:57:40+00:00
EXP-001291,ACCT-000080,B0037,2028-12-30,0.0,2026-07-17T04:57:40+00:00
EXP-001292,ACCT-000179,B0037,2028-12-30,0.0,2026-07-17T04:57:40+00:00
EXP-001293,ACCT-000103,B0037,2028-12-30,0.0,2026-07-17T04:57:40+00:00
EXP-001294,ACCT-000205,B0037,2028-12-30,0.0,2026-07-17T04:57:40+00:00
EXP-001295,ACCT-000022,B0037,2028-12-30,0.0,2026-07-17T04:57:40+00:00
EXP-001296,ACCT-000133,B0037,2028-12-30,0.0,2026-07-17T04:57:40+00:00
EXP-001297,ACCT-000207,B0037,2028-12-30,0.0,2026-07-17T04:57:40+00:00
EXP-001298,ACCT-000206,B0037,2028-12-30,0.0,2026-07-17T04:57:40+00:00
EXP-001299,ACCT-000222,B0037,2028-12-30,0.0,2026-07-17T04:57:40+00:00
EXP-001300,ACCT-000223,B0037,2028-12-30,0.0,2026-07-17T04:57:40+00:00
EXP-001301,ACCT-000224,B0037,2028-12-30,0.0,2026-07-17T04:57:40+00:00
EXP-001302,ACCT-000225,B0037,2028-12-30,0.0,2026-07-17T04:57:40+00:00
EXP-001303,ACCT-000200,B0038,2029-01-29,0.0,2026-07-17T07:14:41+00:00
EXP-001304,ACCT-000106,B0038,2029-01-29,0.0,2026-07-17T07:14:41+00:00
EXP-001305,ACCT-000189,B0038,2029-01-29,0.0,2026-07-17T07:14:41+00:00
EXP-001306,ACCT-000172,B0038,2029-01-29,0.0,2026-07-17T07:14:41+00:00
EXP-001307,ACCT-000212,B0038,2029-01-29,0.0,2026-07-17T07:14:41+00:00
EXP-001308,ACCT-000111,B0038,2029-01-29,0.0,2026-07-17T07:14:41+00:00
EXP-001309,ACCT-000088,B0038,2029-01-29,0.0,2026-07-17T07:14:41+00:00
EXP-001310,ACCT-000191,B0038,2029-01-29,0.0,2026-07-17T07:14:41+00:00
EXP-001311,ACCT-000177,B0038,2029-01-29,0.0,2026-07-17T07:14:41+00:00
EXP-001312,ACCT-000085,B0038,2029-01-29,0.0,2026-07-17T07:14:41+00:00
EXP-001313,ACCT-000083,B0038,2029-01-29,0.0,2026-07-17T07:14:41+00:00
EXP-001314,ACCT-000033,B0038,2029-01-29,0.0,2026-07-17T07:14:41+00:00
EXP-001315,ACCT-000142,B0038,2029-01-29,0.0,2026-07-17T07:14:41+00:00
EXP-001316,ACCT-000063,B0038,2029-01-29,0.0,2026-07-17T07:14:41+00:00
EXP-001317,ACCT-000195,B0038,2029-01-29,0.0,2026-07-17T07:14:41+00:00
EXP-001318,ACCT-000070,B0038,2029-01-29,0.0,2026-07-17T07:14:41+00:00
EXP-001319,ACCT-000133,B0038,2029-01-29,0.0,2026-07-17T07:14:41+00:00
EXP-001320,ACCT-000107,B0038,2029-01-29,0.0,2026-07-17T07:14:41+00:00
EXP-001321,ACCT-000028,B0038,2029-01-29,0.0,2026-07-17T07:14:41+00:00
EXP-001322,ACCT-000011,B0038,2029-01-29,47.24,2026-07-17T07:14:41+00:00
EXP-001323,ACCT-000171,B0038,2029-01-29,0.0,2026-07-17T07:14:41+00:00
EXP-001324,ACCT-000024,B0038,2029-01-29,0.0,2026-07-17T07:14:41+00:00
EXP-001325,ACCT-000160,B0038,2029-01-29,0.0,2026-07-17T07:14:41+00:00
EXP-001326,ACCT-000023,B0038,2029-01-29,0.0,2026-07-17T07:14:41+00:00
EXP-001327,ACCT-000147,B0038,2029-01-29,0.0,2026-07-17T07:14:41+00:00
EXP-001328,ACCT-000058,B0038,2029-01-29,0.0,2026-07-17T07:14:41+00:00
EXP-001329,ACCT-000101,B0038,2029-01-29,0.0,2026-07-17T07:14:41+00:00
EXP-001330,ACCT-000086,B0038,2029-01-29,0.0,2026-07-17T07:14:41+00:00
EXP-001331,ACCT-000201,B0038,2029-01-29,0.0,2026-07-17T07:14:41+00:00
EXP-001332,ACCT-000037,B0038,2029-01-29,0.0,2026-07-17T07:14:41+00:00
EXP-001333,ACCT-000215,B0038,2029-01-29,0.0,2026-07-17T07:14:41+00:00
EXP-001334,ACCT-000226,B0038,2029-01-29,0.0,2026-07-17T07:14:41+00:00
EXP-001335,ACCT-000227,B0038,2029-01-29,0.0,2026-07-17T07:14:41+00:00
EXP-001336,ACCT-000228,B0038,2029-01-29,0.0,2026-07-17T07:14:41+00:00
EXP-001337,ACCT-000104,B0039,2029-02-28,0.0,2026-07-17T09:26:38+00:00
EXP-001338,ACCT-000075,B0039,2029-02-28,0.0,2026-07-17T09:26:38+00:00
EXP-001339,ACCT-000191,B0039,2029-02-28,0.0,2026-07-17T09:26:38+00:00
EXP-001340,ACCT-000116,B0039,2029-02-28,0.0,2026-07-17T09:26:38+00:00
EXP-001341,ACCT-000052,B0039,2029-02-28,0.0,2026-07-17T09:26:38+00:00
EXP-001342,ACCT-000082,B0039,2029-02-28,0.0,2026-07-17T09:26:38+00:00
EXP-001343,ACCT-000150,B0039,2029-02-28,0.0,2026-07-17T09:26:38+00:00
EXP-001344,ACCT-000040,B0039,2029-02-28,0.0,2026-07-17T09:26:38+00:00
EXP-001345,ACCT-000056,B0039,2029-02-28,0.0,2026-07-17T09:26:38+00:00
EXP-001346,ACCT-000024,B0039,2029-02-28,0.0,2026-07-17T09:26:38+00:00
EXP-001347,ACCT-000179,B0039,2029-02-28,0.0,2026-07-17T09:26:38+00:00
EXP-001348,ACCT-000063,B0039,2029-02-28,0.0,2026-07-17T09:26:38+00:00
EXP-001349,ACCT-000091,B0039,2029-02-28,0.0,2026-07-17T09:26:38+00:00
EXP-001350,ACCT-000226,B0039,2029-02-28,0.0,2026-07-17T09:26:38+00:00
EXP-001351,ACCT-000010,B0039,2029-02-28,0.0,2026-07-17T09:26:38+00:00
EXP-001352,ACCT-000005,B0039,2029-02-28,0.0,2026-07-17T09:26:38+00:00
EXP-001353,ACCT-000105,B0039,2029-02-28,0.0,2026-07-17T09:26:38+00:00
EXP-001354,ACCT-000225,B0039,2029-02-28,0.0,2026-07-17T09:26:38+00:00
EXP-001355,ACCT-000134,B0039,2029-02-28,7.91,2026-07-17T09:26:38+00:00
EXP-001356,ACCT-000118,B0039,2029-02-28,0.0,2026-07-17T09:26:38+00:00
EXP-001357,ACCT-000152,B0039,2029-02-28,0.0,2026-07-17T09:26:38+00:00
EXP-001358,ACCT-000002,B0039,2029-02-28,0.0,2026-07-17T09:26:38+00:00
EXP-001359,ACCT-000121,B0039,2029-02-28,0.0,2026-07-17T09:26:38+00:00
EXP-001360,ACCT-000103,B0039,2029-02-28,0.0,2026-07-17T09:26:38+00:00
EXP-001361,ACCT-000057,B0039,2029-02-28,0.0,2026-07-17T09:26:38+00:00
EXP-001362,ACCT-000092,B0039,2029-02-28,0.0,2026-07-17T09:26:38+00:00
EXP-001363,ACCT-000195,B0039,2029-02-28,57.06,2026-07-17T09:26:38+00:00
EXP-001364,ACCT-000021,B0039,2029-02-28,0.0,2026-07-17T09:26:38+00:00
EXP-001365,ACCT-000176,B0039,2029-02-28,0.0,2026-07-17T09:26:38+00:00
EXP-001366,ACCT-000065,B0039,2029-02-28,0.0,2026-07-17T09:26:38+00:00
EXP-001367,ACCT-000145,B0039,2029-02-28,0.0,2026-07-17T09:26:38+00:00
EXP-001368,ACCT-000140,B0039,2029-02-28,0.0,2026-07-17T09:26:38+00:00
EXP-001369,ACCT-000011,B0039,2029-02-28,0.0,2026-07-17T09:26:38+00:00
EXP-001370,ACCT-000031,B0039,2029-02-28,0.0,2026-07-17T09:26:38+00:00
EXP-001371,ACCT-000141,B0039,2029-02-28,0.0,2026-07-17T09:26:38+00:00
EXP-001372,ACCT-000229,B0039,2029-02-28,0.0,2026-07-17T09:26:38+00:00
EXP-001373,ACCT-000230,B0039,2029-02-28,0.0,2026-07-17T09:26:38+00:00
EXP-001374,ACCT-000203,B0040,2029-03-30,0.0,2026-07-17T11:04:47+00:00
EXP-001375,ACCT-000011,B0040,2029-03-30,0.0,2026-07-17T11:04:47+00:00
EXP-001376,ACCT-000118,B0040,2029-03-30,0.0,2026-07-17T11:04:47+00:00
EXP-001377,ACCT-000047,B0040,2029-03-30,68.79,2026-07-17T11:04:47+00:00
EXP-001378,ACCT-000220,B0040,2029-03-30,54.53,2026-07-17T11:04:47+00:00
EXP-001379,ACCT-000115,B0040,2029-03-30,0.0,2026-07-17T11:04:47+00:00
EXP-001380,ACCT-000207,B0040,2029-03-30,0.0,2026-07-17T11:04:47+00:00
EXP-001381,ACCT-000056,B0040,2029-03-30,0.0,2026-07-17T11:04:47+00:00
EXP-001382,ACCT-000082,B0040,2029-03-30,0.0,2026-07-17T11:04:47+00:00
EXP-001383,ACCT-000167,B0040,2029-03-30,0.0,2026-07-17T11:04:47+00:00
EXP-001384,ACCT-000196,B0040,2029-03-30,10.21,2026-07-17T11:04:47+00:00
EXP-001385,ACCT-000226,B0040,2029-03-30,0.0,2026-07-17T11:04:47+00:00
EXP-001386,ACCT-000214,B0040,2029-03-30,0.0,2026-07-17T11:04:47+00:00
EXP-001387,ACCT-000176,B0040,2029-03-30,0.0,2026-07-17T11:04:47+00:00
EXP-001388,ACCT-000109,B0040,2029-03-30,0.0,2026-07-17T11:04:47+00:00
EXP-001389,ACCT-000128,B0040,2029-03-30,0.0,2026-07-17T11:04:47+00:00
EXP-001390,ACCT-000142,B0040,2029-03-30,0.0,2026-07-17T11:04:47+00:00
EXP-001391,ACCT-000210,B0040,2029-03-30,0.0,2026-07-17T11:04:47+00:00
EXP-001392,ACCT-000230,B0040,2029-03-30,0.0,2026-07-17T11:04:47+00:00
EXP-001393,ACCT-000102,B0040,2029-03-30,0.0,2026-07-17T11:04:47+00:00
EXP-001394,ACCT-000087,B0040,2029-03-30,0.0,2026-07-17T11:04:47+00:00
EXP-001395,ACCT-000040,B0040,2029-03-30,0.0,2026-07-17T11:04:47+00:00
EXP-001396,ACCT-000124,B0040,2029-03-30,0.0,2026-07-17T11:04:47+00:00
EXP-001397,ACCT-000215,B0040,2029-03-30,0.0,2026-07-17T11:04:47+00:00
EXP-001398,ACCT-000104,B0040,2029-03-30,0.0,2026-07-17T11:04:47+00:00
EXP-001399,ACCT-000007,B0040,2029-03-30,0.0,2026-07-17T11:04:47+00:00
EXP-001400,ACCT-000231,B0040,2029-03-30,0.0,2026-07-17T11:04:47+00:00
EXP-001401,ACCT-000232,B0040,2029-03-30,0.0,2026-07-17T11:04:47+00:00
EXP-001402,ACCT-000233,B0040,2029-03-30,0.0,2026-07-17T11:04:47+00:00
EXP-001403,ACCT-000132,B0041,2029-04-29,0.0,2026-07-17T12:40:47+00:00
EXP-001404,ACCT-000181,B0041,2029-04-29,0.0,2026-07-17T12:40:47+00:00
EXP-001405,ACCT-000084,B0041,2029-04-29,0.0,2026-07-17T12:40:47+00:00
EXP-001406,ACCT-000159,B0041,2029-04-29,7.07,2026-07-17T12:40:47+00:00
EXP-001407,ACCT-000179,B0041,2029-04-29,0.0,2026-07-17T12:40:47+00:00
EXP-001408,ACCT-000069,B0041,2029-04-29,0.0,2026-07-17T12:40:47+00:00
EXP-001409,ACCT-000009,B0041,2029-04-29,0.0,2026-07-17T12:40:47+00:00
EXP-001410,ACCT-000137,B0041,2029-04-29,0.0,2026-07-17T12:40:47+00:00
EXP-001411,ACCT-000070,B0041,2029-04-29,0.0,2026-07-17T12:40:47+00:00
EXP-001412,ACCT-000226,B0041,2029-04-29,20.81,2026-07-17T12:40:47+00:00
EXP-001413,ACCT-000231,B0041,2029-04-29,0.0,2026-07-17T12:40:47+00:00
EXP-001414,ACCT-000203,B0041,2029-04-29,-7.19,2026-07-17T12:40:47+00:00
EXP-001415,ACCT-000199,B0041,2029-04-29,0.0,2026-07-17T12:40:47+00:00
EXP-001416,ACCT-000049,B0041,2029-04-29,0.0,2026-07-17T12:40:47+00:00
EXP-001417,ACCT-000045,B0041,2029-04-29,0.0,2026-07-17T12:40:47+00:00
EXP-001418,ACCT-000076,B0041,2029-04-29,0.0,2026-07-17T12:40:47+00:00
EXP-001419,ACCT-000058,B0041,2029-04-29,0.0,2026-07-17T12:40:47+00:00
EXP-001420,ACCT-000119,B0041,2029-04-29,-7.24,2026-07-17T12:40:47+00:00
EXP-001421,ACCT-000200,B0041,2029-04-29,0.0,2026-07-17T12:40:47+00:00
EXP-001422,ACCT-000127,B0041,2029-04-29,0.0,2026-07-17T12:40:47+00:00
EXP-001423,ACCT-000158,B0041,2029-04-29,0.0,2026-07-17T12:40:47+00:00
EXP-001424,ACCT-000099,B0041,2029-04-29,0.0,2026-07-17T12:40:47+00:00
EXP-001425,ACCT-000040,B0041,2029-04-29,0.0,2026-07-17T12:40:47+00:00
EXP-001426,ACCT-000122,B0041,2029-04-29,0.0,2026-07-17T12:40:47+00:00
EXP-001427,ACCT-000081,B0041,2029-04-29,11.06,2026-07-17T12:40:47+00:00
EXP-001428,ACCT-000115,B0041,2029-04-29,0.0,2026-07-17T12:40:47+00:00
EXP-001429,ACCT-000193,B0041,2029-04-29,0.0,2026-07-17T12:40:47+00:00
EXP-001430,ACCT-000029,B0041,2029-04-29,0.0,2026-07-17T12:40:47+00:00
EXP-001431,ACCT-000184,B0041,2029-04-29,0.0,2026-07-17T12:40:47+00:00
EXP-001432,ACCT-000217,B0041,2029-04-29,0.0,2026-07-17T12:40:47+00:00
EXP-001433,ACCT-000222,B0041,2029-04-29,0.0,2026-07-17T12:40:47+00:00
EXP-001434,ACCT-000219,B0041,2029-04-29,0.0,2026-07-17T12:40:47+00:00
EXP-001435,ACCT-000044,B0041,2029-04-29,0.0,2026-07-17T12:40:47+00:00
EXP-001436,ACCT-000140,B0041,2029-04-29,0.0,2026-07-17T12:40:47+00:00
EXP-001437,ACCT-000043,B0041,2029-04-29,0.0,2026-07-17T12:40:47+00:00
EXP-001438,ACCT-000234,B0041,2029-04-29,0.0,2026-07-17T12:40:47+00:00
EXP-001439,ACCT-000235,B0041,2029-04-29,0.0,2026-07-17T12:40:47+00:00
EXP-001440,ACCT-000236,B0041,2029-04-29,0.0,2026-07-17T12:40:47+00:00
EXP-001441,ACCT-000237,B0041,2029-04-29,2.07,2026-07-17T12:40:47+00:00
EXP-001442,ACCT-000109,B0042,2029-05-29,0.0,2026-07-17T14:26:20+00:00
EXP-001443,ACCT-000221,B0042,2029-05-29,0.0,2026-07-17T14:26:20+00:00
EXP-001444,ACCT-000178,B0042,2029-05-29,0.0,2026-07-17T14:26:20+00:00
EXP-001445,ACCT-000102,B0042,2029-05-29,0.0,2026-07-17T14:26:20+00:00
EXP-001446,ACCT-000179,B0042,2029-05-29,0.0,2026-07-17T14:26:20+00:00
EXP-001447,ACCT-000018,B0042,2029-05-29,0.0,2026-07-17T14:26:20+00:00
EXP-001448,ACCT-000097,B0042,2029-05-29,0.0,2026-07-17T14:26:20+00:00
EXP-001449,ACCT-000151,B0042,2029-05-29,0.0,2026-07-17T14:26:20+00:00
EXP-001450,ACCT-000106,B0042,2029-05-29,0.0,2026-07-17T14:26:20+00:00
EXP-001451,ACCT-000019,B0042,2029-05-29,0.0,2026-07-17T14:26:20+00:00
EXP-001452,ACCT-000211,B0042,2029-05-29,0.0,2026-07-17T14:26:20+00:00
EXP-001453,ACCT-000196,B0042,2029-05-29,62.45,2026-07-17T14:26:20+00:00
EXP-001454,ACCT-000153,B0042,2029-05-29,0.0,2026-07-17T14:26:20+00:00
EXP-001455,ACCT-000182,B0042,2029-05-29,0.0,2026-07-17T14:26:20+00:00
EXP-001456,ACCT-000104,B0042,2029-05-29,0.0,2026-07-17T14:26:20+00:00
EXP-001457,ACCT-000072,B0042,2029-05-29,0.0,2026-07-17T14:26:20+00:00
EXP-001458,ACCT-000176,B0042,2029-05-29,0.0,2026-07-17T14:26:20+00:00
EXP-001459,ACCT-000214,B0042,2029-05-29,0.0,2026-07-17T14:26:20+00:00
EXP-001460,ACCT-000126,B0042,2029-05-29,1.43,2026-07-17T14:26:20+00:00
EXP-001461,ACCT-000183,B0042,2029-05-29,0.0,2026-07-17T14:26:20+00:00
EXP-001462,ACCT-000044,B0042,2029-05-29,0.0,2026-07-17T14:26:20+00:00
EXP-001463,ACCT-000147,B0042,2029-05-29,0.0,2026-07-17T14:26:20+00:00
EXP-001464,ACCT-000155,B0042,2029-05-29,0.0,2026-07-17T14:26:20+00:00
EXP-001465,ACCT-000133,B0042,2029-05-29,-12.82,2026-07-17T14:26:20+00:00
EXP-001466,ACCT-000055,B0042,2029-05-29,0.0,2026-07-17T14:26:20+00:00
EXP-001467,ACCT-000169,B0042,2029-05-29,0.0,2026-07-17T14:26:20+00:00
EXP-001468,ACCT-000162,B0042,2029-05-29,0.0,2026-07-17T14:26:20+00:00
EXP-001469,ACCT-000016,B0042,2029-05-29,2.73,2026-07-17T14:26:20+00:00
EXP-001470,ACCT-000231,B0042,2029-05-29,0.0,2026-07-17T14:26:20+00:00
EXP-001471,ACCT-000238,B0042,2029-05-29,0.0,2026-07-17T14:26:20+00:00
EXP-001472,ACCT-000239,B0042,2029-05-29,0.0,2026-07-17T14:26:20+00:00
EXP-001473,ACCT-000043,B0043,2029-06-28,0.0,2026-07-17T15:54:28+00:00
EXP-001474,ACCT-000049,B0043,2029-06-28,0.0,2026-07-17T15:54:28+00:00
EXP-001475,ACCT-000143,B0043,2029-06-28,0.0,2026-07-17T15:54:28+00:00
EXP-001476,ACCT-000070,B0043,2029-06-28,0.0,2026-07-17T15:54:28+00:00
EXP-001477,ACCT-000021,B0043,2029-06-28,0.0,2026-07-17T15:54:28+00:00
EXP-001478,ACCT-000140,B0043,2029-06-28,0.0,2026-07-17T15:54:28+00:00
EXP-001479,ACCT-000024,B0043,2029-06-28,0.0,2026-07-17T15:54:28+00:00
EXP-001480,ACCT-000214,B0043,2029-06-28,0.0,2026-07-17T15:54:28+00:00
EXP-001481,ACCT-000173,B0043,2029-06-28,0.0,2026-07-17T15:54:28+00:00
EXP-001482,ACCT-000033,B0043,2029-06-28,0.0,2026-07-17T15:54:28+00:00
EXP-001483,ACCT-000055,B0043,2029-06-28,0.0,2026-07-17T15:54:28+00:00
EXP-001484,ACCT-000039,B0043,2029-06-28,0.0,2026-07-17T15:54:28+00:00
EXP-001485,ACCT-000158,B0043,2029-06-28,0.0,2026-07-17T15:54:28+00:00
EXP-001486,ACCT-000080,B0043,2029-06-28,69.76,2026-07-17T15:54:28+00:00
EXP-001487,ACCT-000187,B0043,2029-06-28,0.0,2026-07-17T15:54:28+00:00
EXP-001488,ACCT-000130,B0043,2029-06-28,-7.78,2026-07-17T15:54:28+00:00
EXP-001489,ACCT-000121,B0043,2029-06-28,0.0,2026-07-17T15:54:28+00:00
EXP-001490,ACCT-000152,B0043,2029-06-28,0.0,2026-07-17T15:54:28+00:00
EXP-001491,ACCT-000213,B0043,2029-06-28,0.0,2026-07-17T15:54:28+00:00
EXP-001492,ACCT-000169,B0043,2029-06-28,0.0,2026-07-17T15:54:28+00:00
EXP-001493,ACCT-000011,B0043,2029-06-28,0.0,2026-07-17T15:54:28+00:00
EXP-001494,ACCT-000094,B0043,2029-06-28,0.0,2026-07-17T15:54:28+00:00
EXP-001495,ACCT-000063,B0043,2029-06-28,46.63,2026-07-17T15:54:28+00:00
EXP-001496,ACCT-000082,B0043,2029-06-28,0.0,2026-07-17T15:54:28+00:00
EXP-001497,ACCT-000116,B0043,2029-06-28,0.0,2026-07-17T15:54:28+00:00
EXP-001498,ACCT-000150,B0043,2029-06-28,0.0,2026-07-17T15:54:28+00:00
EXP-001499,ACCT-000240,B0043,2029-06-28,0.0,2026-07-17T15:54:28+00:00
EXP-001500,ACCT-000241,B0043,2029-06-28,0.0,2026-07-17T15:54:28+00:00
EXP-001501,ACCT-000242,B0043,2029-06-28,0.0,2026-07-17T15:54:28+00:00
EXP-001502,ACCT-000181,B0044,2029-07-28,0.0,2026-07-17T17:03:02+00:00
EXP-001503,ACCT-000109,B0044,2029-07-28,0.0,2026-07-17T17:03:02+00:00
EXP-001504,ACCT-000146,B0044,2029-07-28,0.0,2026-07-17T17:03:02+00:00
EXP-001505,ACCT-000111,B0044,2029-07-28,0.0,2026-07-17T17:03:02+00:00
EXP-001506,ACCT-000043,B0044,2029-07-28,0.0,2026-07-17T17:03:02+00:00
EXP-001507,ACCT-000121,B0044,2029-07-28,0.0,2026-07-17T17:03:02+00:00
EXP-001508,ACCT-000062,B0044,2029-07-28,0.0,2026-07-17T17:03:02+00:00
EXP-001509,ACCT-000219,B0044,2029-07-28,0.0,2026-07-17T17:03:02+00:00
EXP-001510,ACCT-000218,B0044,2029-07-28,0.0,2026-07-17T17:03:02+00:00
EXP-001511,ACCT-000042,B0044,2029-07-28,-1.69,2026-07-17T17:03:02+00:00
EXP-001512,ACCT-000045,B0044,2029-07-28,0.0,2026-07-17T17:03:02+00:00
EXP-001513,ACCT-000092,B0044,2029-07-28,0.0,2026-07-17T17:03:02+00:00
EXP-001514,ACCT-000141,B0044,2029-07-28,0.0,2026-07-17T17:03:02+00:00
EXP-001515,ACCT-000123,B0044,2029-07-28,0.0,2026-07-17T17:03:02+00:00
EXP-001516,ACCT-000056,B0044,2029-07-28,0.0,2026-07-17T17:03:02+00:00
EXP-001517,ACCT-000054,B0044,2029-07-28,-8.94,2026-07-17T17:03:02+00:00
EXP-001518,ACCT-000145,B0044,2029-07-28,0.0,2026-07-17T17:03:02+00:00
EXP-001519,ACCT-000011,B0044,2029-07-28,0.0,2026-07-17T17:03:02+00:00
EXP-001520,ACCT-000207,B0044,2029-07-28,0.0,2026-07-17T17:03:02+00:00
EXP-001521,ACCT-000079,B0044,2029-07-28,0.0,2026-07-17T17:03:02+00:00
EXP-001522,ACCT-000030,B0044,2029-07-28,0.0,2026-07-17T17:03:02+00:00
EXP-001523,ACCT-000003,B0044,2029-07-28,0.0,2026-07-17T17:03:02+00:00
EXP-001524,ACCT-000125,B0044,2029-07-28,0.0,2026-07-17T17:03:02+00:00
EXP-001525,ACCT-000021,B0044,2029-07-28,0.0,2026-07-17T17:03:02+00:00
EXP-001526,ACCT-000027,B0044,2029-07-28,0.0,2026-07-17T17:03:02+00:00
EXP-001527,ACCT-000029,B0044,2029-07-28,0.0,2026-07-17T17:03:02+00:00
EXP-001528,ACCT-000171,B0044,2029-07-28,0.0,2026-07-17T17:03:02+00:00
EXP-001529,ACCT-000186,B0044,2029-07-28,0.0,2026-07-17T17:03:02+00:00
EXP-001530,ACCT-000087,B0044,2029-07-28,0.0,2026-07-17T17:03:02+00:00
EXP-001531,ACCT-000233,B0044,2029-07-28,0.0,2026-07-17T17:03:02+00:00
EXP-001532,ACCT-000040,B0044,2029-07-28,0.0,2026-07-17T17:03:02+00:00
EXP-001533,ACCT-000139,B0044,2029-07-28,10.31,2026-07-17T17:03:02+00:00
EXP-001534,ACCT-000091,B0044,2029-07-28,0.0,2026-07-17T17:03:02+00:00
EXP-001535,ACCT-000175,B0044,2029-07-28,0.0,2026-07-17T17:03:02+00:00
EXP-001536,ACCT-000243,B0044,2029-07-28,0.0,2026-07-17T17:03:02+00:00
EXP-001537,ACCT-000244,B0044,2029-07-28,0.0,2026-07-17T17:03:02+00:00
EXP-001538,ACCT-000022,B0045,2029-08-27,0.0,2026-07-17T18:32:26+00:00
EXP-001539,ACCT-000184,B0045,2029-08-27,0.0,2026-07-17T18:32:26+00:00
EXP-001540,ACCT-000019,B0045,2029-08-27,0.0,2026-07-17T18:32:26+00:00
EXP-001541,ACCT-000166,B0045,2029-08-27,0.0,2026-07-17T18:32:26+00:00
EXP-001542,ACCT-000171,B0045,2029-08-27,0.0,2026-07-17T18:32:26+00:00
EXP-001543,ACCT-000164,B0045,2029-08-27,0.0,2026-07-17T18:32:26+00:00
EXP-001544,ACCT-000126,B0045,2029-08-27,0.0,2026-07-17T18:32:26+00:00
EXP-001545,ACCT-000125,B0045,2029-08-27,0.0,2026-07-17T18:32:26+00:00
EXP-001546,ACCT-000154,B0045,2029-08-27,-4.41,2026-07-17T18:32:26+00:00
EXP-001547,ACCT-000087,B0045,2029-08-27,0.0,2026-07-17T18:32:26+00:00
EXP-001548,ACCT-000237,B0045,2029-08-27,0.0,2026-07-17T18:32:26+00:00
EXP-001549,ACCT-000044,B0045,2029-08-27,0.0,2026-07-17T18:32:26+00:00
EXP-001550,ACCT-000111,B0045,2029-08-27,0.0,2026-07-17T18:32:26+00:00
EXP-001551,ACCT-000168,B0045,2029-08-27,0.0,2026-07-17T18:32:26+00:00
EXP-001552,ACCT-000007,B0045,2029-08-27,0.0,2026-07-17T18:32:26+00:00
EXP-001553,ACCT-000015,B0045,2029-08-27,0.0,2026-07-17T18:32:26+00:00
EXP-001554,ACCT-000181,B0045,2029-08-27,0.0,2026-07-17T18:32:26+00:00
EXP-001555,ACCT-000068,B0045,2029-08-27,0.0,2026-07-17T18:32:26+00:00
EXP-001556,ACCT-000114,B0045,2029-08-27,0.0,2026-07-17T18:32:26+00:00
EXP-001557,ACCT-000065,B0045,2029-08-27,71.95,2026-07-17T18:32:26+00:00
EXP-001558,ACCT-000133,B0045,2029-08-27,0.0,2026-07-17T18:32:26+00:00
EXP-001559,ACCT-000239,B0045,2029-08-27,0.0,2026-07-17T18:32:26+00:00
EXP-001560,ACCT-000063,B0045,2029-08-27,0.0,2026-07-17T18:32:26+00:00
EXP-001561,ACCT-000190,B0045,2029-08-27,0.0,2026-07-17T18:32:26+00:00
EXP-001562,ACCT-000081,B0045,2029-08-27,0.0,2026-07-17T18:32:26+00:00
EXP-001563,ACCT-000046,B0045,2029-08-27,0.0,2026-07-17T18:32:26+00:00
EXP-001564,ACCT-000244,B0045,2029-08-27,0.0,2026-07-17T18:32:26+00:00
EXP-001565,ACCT-000191,B0045,2029-08-27,0.0,2026-07-17T18:32:26+00:00
EXP-001566,ACCT-000092,B0045,2029-08-27,0.0,2026-07-17T18:32:26+00:00
EXP-001567,ACCT-000245,B0045,2029-08-27,0.0,2026-07-17T18:32:26+00:00
EXP-001568,ACCT-000246,B0045,2029-08-27,0.0,2026-07-17T18:32:26+00:00
EXP-001569,ACCT-000247,B0045,2029-08-27,0.0,2026-07-17T18:32:26+00:00
EXP-001570,ACCT-000062,B0046,2029-09-26,0.0,2026-07-17T20:00:13+00:00
EXP-001571,ACCT-000007,B0046,2029-09-26,0.0,2026-07-17T20:00:13+00:00
EXP-001572,ACCT-000039,B0046,2029-09-26,0.0,2026-07-17T20:00:13+00:00
EXP-001573,ACCT-000094,B0046,2029-09-26,0.0,2026-07-17T20:00:13+00:00
EXP-001574,ACCT-000138,B0046,2029-09-26,0.0,2026-07-17T20:00:13+00:00
EXP-001575,ACCT-000204,B0046,2029-09-26,0.0,2026-07-17T20:00:13+00:00
EXP-001576,ACCT-000025,B0046,2029-09-26,0.0,2026-07-17T20:00:13+00:00
EXP-001577,ACCT-000155,B0046,2029-09-26,0.0,2026-07-17T20:00:13+00:00
EXP-001578,ACCT-000172,B0046,2029-09-26,12.54,2026-07-17T20:00:13+00:00
EXP-001579,ACCT-000179,B0046,2029-09-26,0.0,2026-07-17T20:00:13+00:00
EXP-001580,ACCT-000246,B0046,2029-09-26,0.0,2026-07-17T20:00:13+00:00
EXP-001581,ACCT-000140,B0046,2029-09-26,0.0,2026-07-17T20:00:13+00:00
EXP-001582,ACCT-000024,B0046,2029-09-26,0.0,2026-07-17T20:00:13+00:00
EXP-001583,ACCT-000227,B0046,2029-09-26,0.0,2026-07-17T20:00:13+00:00
EXP-001584,ACCT-000027,B0046,2029-09-26,0.0,2026-07-17T20:00:13+00:00
EXP-001585,ACCT-000063,B0046,2029-09-26,-5.47,2026-07-17T20:00:13+00:00
EXP-001586,ACCT-000136,B0046,2029-09-26,0.0,2026-07-17T20:00:13+00:00
EXP-001587,ACCT-000074,B0046,2029-09-26,0.0,2026-07-17T20:00:13+00:00
EXP-001588,ACCT-000139,B0046,2029-09-26,0.0,2026-07-17T20:00:13+00:00
EXP-001589,ACCT-000162,B0046,2029-09-26,0.0,2026-07-17T20:00:13+00:00
EXP-001590,ACCT-000086,B0046,2029-09-26,0.0,2026-07-17T20:00:13+00:00
EXP-001591,ACCT-000052,B0046,2029-09-26,0.0,2026-07-17T20:00:13+00:00
EXP-001592,ACCT-000247,B0046,2029-09-26,0.0,2026-07-17T20:00:13+00:00
EXP-001593,ACCT-000096,B0046,2029-09-26,0.0,2026-07-17T20:00:13+00:00
EXP-001594,ACCT-000174,B0046,2029-09-26,0.0,2026-07-17T20:00:13+00:00
EXP-001595,ACCT-000192,B0046,2029-09-26,0.0,2026-07-17T20:00:13+00:00
EXP-001596,ACCT-000226,B0046,2029-09-26,0.0,2026-07-17T20:00:13+00:00
EXP-001597,ACCT-000072,B0046,2029-09-26,0.0,2026-07-17T20:00:13+00:00
EXP-001598,ACCT-000053,B0046,2029-09-26,0.0,2026-07-17T20:00:13+00:00
EXP-001599,ACCT-000188,B0046,2029-09-26,0.0,2026-07-17T20:00:13+00:00
EXP-001600,ACCT-000248,B0046,2029-09-26,0.0,2026-07-17T20:00:13+00:00
EXP-001601,ACCT-000249,B0046,2029-09-26,-1.52,2026-07-17T20:00:13+00:00
EXP-001602,ACCT-000190,B0047,2029-10-26,0.0,2026-07-17T21:00:58+00:00
EXP-001603,ACCT-000172,B0047,2029-10-26,0.0,2026-07-17T21:00:58+00:00
EXP-001604,ACCT-000212,B0047,2029-10-26,0.0,2026-07-17T21:00:58+00:00
EXP-001605,ACCT-000123,B0047,2029-10-26,0.0,2026-07-17T21:00:58+00:00
EXP-001606,ACCT-000221,B0047,2029-10-26,0.0,2026-07-17T21:00:58+00:00
EXP-001607,ACCT-000079,B0047,2029-10-26,44.14,2026-07-17T21:00:58+00:00
EXP-001608,ACCT-000245,B0047,2029-10-26,0.0,2026-07-17T21:00:58+00:00
EXP-001609,ACCT-000138,B0047,2029-10-26,0.0,2026-07-17T21:00:58+00:00
EXP-001610,ACCT-000164,B0047,2029-10-26,0.0,2026-07-17T21:00:58+00:00
EXP-001611,ACCT-000096,B0047,2029-10-26,0.0,2026-07-17T21:00:58+00:00
EXP-001612,ACCT-000117,B0047,2029-10-26,0.0,2026-07-17T21:00:58+00:00
EXP-001613,ACCT-000140,B0047,2029-10-26,0.0,2026-07-17T21:00:58+00:00
EXP-001614,ACCT-000234,B0047,2029-10-26,0.0,2026-07-17T21:00:58+00:00
EXP-001615,ACCT-000006,B0047,2029-10-26,0.0,2026-07-17T21:00:58+00:00
EXP-001616,ACCT-000247,B0047,2029-10-26,0.0,2026-07-17T21:00:58+00:00
EXP-001617,ACCT-000122,B0047,2029-10-26,10.79,2026-07-17T21:00:58+00:00
EXP-001618,ACCT-000003,B0047,2029-10-26,0.0,2026-07-17T21:00:58+00:00
EXP-001619,ACCT-000058,B0047,2029-10-26,0.0,2026-07-17T21:00:58+00:00
EXP-001620,ACCT-000120,B0047,2029-10-26,0.0,2026-07-17T21:00:58+00:00
EXP-001621,ACCT-000081,B0047,2029-10-26,0.0,2026-07-17T21:00:58+00:00
EXP-001622,ACCT-000139,B0047,2029-10-26,0.0,2026-07-17T21:00:58+00:00
EXP-001623,ACCT-000216,B0047,2029-10-26,0.0,2026-07-17T21:00:58+00:00
EXP-001624,ACCT-000119,B0047,2029-10-26,0.0,2026-07-17T21:00:58+00:00
EXP-001625,ACCT-000004,B0047,2029-10-26,0.0,2026-07-17T21:00:58+00:00
EXP-001626,ACCT-000191,B0047,2029-10-26,0.0,2026-07-17T21:00:58+00:00
EXP-001627,ACCT-000158,B0047,2029-10-26,0.0,2026-07-17T21:00:58+00:00
EXP-001628,ACCT-000052,B0047,2029-10-26,0.0,2026-07-17T21:00:58+00:00
EXP-001629,ACCT-000130,B0047,2029-10-26,0.0,2026-07-17T21:00:58+00:00
EXP-001630,ACCT-000061,B0047,2029-10-26,0.0,2026-07-17T21:00:58+00:00
EXP-001631,ACCT-000050,B0047,2029-10-26,0.0,2026-07-17T21:00:58+00:00
EXP-001632,ACCT-000088,B0047,2029-10-26,0.0,2026-07-17T21:00:58+00:00
EXP-001633,ACCT-000170,B0047,2029-10-26,0.0,2026-07-17T21:00:58+00:00
EXP-001634,ACCT-000109,B0047,2029-10-26,-9.29,2026-07-17T21:00:58+00:00
EXP-001635,ACCT-000250,B0047,2029-10-26,0.0,2026-07-17T21:00:58+00:00
EXP-001636,ACCT-000251,B0047,2029-10-26,0.0,2026-07-17T21:00:58+00:00
EXP-001637,ACCT-000252,B0047,2029-10-26,0.0,2026-07-17T21:00:58+00:00
EXP-001638,ACCT-000043,B0048,2029-11-25,-11.09,2026-07-17T22:11:44+00:00
EXP-001639,ACCT-000170,B0048,2029-11-25,0.0,2026-07-17T22:11:44+00:00
EXP-001640,ACCT-000187,B0048,2029-11-25,0.0,2026-07-17T22:11:44+00:00
EXP-001641,ACCT-000119,B0048,2029-11-25,0.0,2026-07-17T22:11:44+00:00
EXP-001642,ACCT-000103,B0048,2029-11-25,0.0,2026-07-17T22:11:44+00:00
EXP-001643,ACCT-000114,B0048,2029-11-25,0.0,2026-07-17T22:11:44+00:00
EXP-001644,ACCT-000003,B0048,2029-11-25,0.0,2026-07-17T22:11:44+00:00
EXP-001645,ACCT-000046,B0048,2029-11-25,0.0,2026-07-17T22:11:44+00:00
EXP-001646,ACCT-000035,B0048,2029-11-25,0.0,2026-07-17T22:11:44+00:00
EXP-001647,ACCT-000059,B0048,2029-11-25,0.0,2026-07-17T22:11:44+00:00
EXP-001648,ACCT-000129,B0048,2029-11-25,0.0,2026-07-17T22:11:44+00:00
EXP-001649,ACCT-000247,B0048,2029-11-25,0.0,2026-07-17T22:11:44+00:00
EXP-001650,ACCT-000026,B0048,2029-11-25,0.0,2026-07-17T22:11:44+00:00
EXP-001651,ACCT-000116,B0048,2029-11-25,0.0,2026-07-17T22:11:44+00:00
EXP-001652,ACCT-000198,B0048,2029-11-25,0.0,2026-07-17T22:11:44+00:00
EXP-001653,ACCT-000061,B0048,2029-11-25,0.0,2026-07-17T22:11:44+00:00
EXP-001654,ACCT-000052,B0048,2029-11-25,0.0,2026-07-17T22:11:44+00:00
EXP-001655,ACCT-000229,B0048,2029-11-25,0.0,2026-07-17T22:11:44+00:00
EXP-001656,ACCT-000211,B0048,2029-11-25,0.0,2026-07-17T22:11:44+00:00
EXP-001657,ACCT-000117,B0048,2029-11-25,0.0,2026-07-17T22:11:44+00:00
EXP-001658,ACCT-000106,B0048,2029-11-25,0.0,2026-07-17T22:11:44+00:00
EXP-001659,ACCT-000160,B0048,2029-11-25,72.34,2026-07-17T22:11:44+00:00
EXP-001660,ACCT-000087,B0048,2029-11-25,0.0,2026-07-17T22:11:44+00:00
EXP-001661,ACCT-000110,B0048,2029-11-25,0.0,2026-07-17T22:11:44+00:00
EXP-001662,ACCT-000239,B0048,2029-11-25,0.0,2026-07-17T22:11:44+00:00
EXP-001663,ACCT-000101,B0048,2029-11-25,0.0,2026-07-17T22:11:44+00:00
EXP-001664,ACCT-000029,B0048,2029-11-25,0.0,2026-07-17T22:11:44+00:00
EXP-001665,ACCT-000028,B0048,2029-11-25,0.0,2026-07-17T22:11:44+00:00
EXP-001666,ACCT-000065,B0048,2029-11-25,0.0,2026-07-17T22:11:44+00:00
EXP-001667,ACCT-000132,B0048,2029-11-25,0.0,2026-07-17T22:11:44+00:00
EXP-001668,ACCT-000098,B0048,2029-11-25,33.18,2026-07-17T22:11:44+00:00
EXP-001669,ACCT-000081,B0048,2029-11-25,0.0,2026-07-17T22:11:44+00:00
EXP-001670,ACCT-000140,B0048,2029-11-25,0.0,2026-07-17T22:11:44+00:00
EXP-001671,ACCT-000095,B0048,2029-11-25,0.0,2026-07-17T22:11:44+00:00
EXP-001672,ACCT-000194,B0048,2029-11-25,0.0,2026-07-17T22:11:44+00:00
EXP-001673,ACCT-000253,B0048,2029-11-25,0.0,2026-07-17T22:11:44+00:00
EXP-001674,ACCT-000254,B0048,2029-11-25,0.0,2026-07-17T22:11:44+00:00
EXP-001675,ACCT-000255,B0048,2029-11-25,0.0,2026-07-17T22:11:44+00:00
EXP-001676,ACCT-000256,B0048,2029-11-25,0.0,2026-07-17T22:11:44+00:00
EXP-001677,ACCT-000130,B0049,2029-12-25,0.0,2026-07-17T23:14:29+00:00
EXP-001678,ACCT-000117,B0049,2029-12-25,0.0,2026-07-17T23:14:29+00:00
EXP-001679,ACCT-000059,B0049,2029-12-25,0.0,2026-07-17T23:14:29+00:00
EXP-001680,ACCT-000197,B0049,2029-12-25,0.0,2026-07-17T23:14:29+00:00
EXP-001681,ACCT-000132,B0049,2029-12-25,0.0,2026-07-17T23:14:29+00:00
EXP-001682,ACCT-000145,B0049,2029-12-25,0.0,2026-07-17T23:14:29+00:00
EXP-001683,ACCT-000157,B0049,2029-12-25,0.0,2026-07-17T23:14:29+00:00
EXP-001684,ACCT-000137,B0049,2029-12-25,0.0,2026-07-17T23:14:29+00:00
EXP-001685,ACCT-000094,B0049,2029-12-25,0.0,2026-07-17T23:14:29+00:00
EXP-001686,ACCT-000235,B0049,2029-12-25,0.0,2026-07-17T23:14:29+00:00
EXP-001687,ACCT-000143,B0049,2029-12-25,0.0,2026-07-17T23:14:29+00:00
EXP-001688,ACCT-000021,B0049,2029-12-25,0.0,2026-07-17T23:14:29+00:00
EXP-001689,ACCT-000128,B0049,2029-12-25,0.0,2026-07-17T23:14:29+00:00
EXP-001690,ACCT-000005,B0049,2029-12-25,0.0,2026-07-17T23:14:29+00:00
EXP-001691,ACCT-000060,B0049,2029-12-25,0.0,2026-07-17T23:14:29+00:00
EXP-001692,ACCT-000011,B0049,2029-12-25,0.0,2026-07-17T23:14:29+00:00
EXP-001693,ACCT-000179,B0049,2029-12-25,0.0,2026-07-17T23:14:29+00:00
EXP-001694,ACCT-000002,B0049,2029-12-25,0.0,2026-07-17T23:14:29+00:00
EXP-001695,ACCT-000242,B0049,2029-12-25,0.0,2026-07-17T23:14:29+00:00
EXP-001696,ACCT-000135,B0049,2029-12-25,0.0,2026-07-17T23:14:29+00:00
EXP-001697,ACCT-000093,B0049,2029-12-25,0.0,2026-07-17T23:14:29+00:00
EXP-001698,ACCT-000200,B0049,2029-12-25,0.0,2026-07-17T23:14:29+00:00
EXP-001699,ACCT-000188,B0049,2029-12-25,0.0,2026-07-17T23:14:29+00:00
EXP-001700,ACCT-000225,B0049,2029-12-25,0.0,2026-07-17T23:14:29+00:00
EXP-001701,ACCT-000140,B0049,2029-12-25,0.0,2026-07-17T23:14:29+00:00
EXP-001702,ACCT-000054,B0049,2029-12-25,0.0,2026-07-17T23:14:29+00:00
EXP-001703,ACCT-000257,B0049,2029-12-25,0.0,2026-07-17T23:14:29+00:00
EXP-001704,ACCT-000258,B0049,2029-12-25,0.0,2026-07-17T23:14:29+00:00
EXP-001705,ACCT-000259,B0049,2029-12-25,0.0,2026-07-17T23:14:29+00:00
EXP-001706,ACCT-000260,B0049,2029-12-25,0.0,2026-07-17T23:14:29+00:00
EXP-001707,ACCT-000110,B0050,2030-01-24,0.0,2026-07-18T00:52:21+00:00
EXP-001708,ACCT-000198,B0050,2030-01-24,0.0,2026-07-18T00:52:21+00:00
EXP-001709,ACCT-000156,B0050,2030-01-24,0.0,2026-07-18T00:52:21+00:00
EXP-001710,ACCT-000023,B0050,2030-01-24,0.0,2026-07-18T00:52:21+00:00
EXP-001711,ACCT-000185,B0050,2030-01-24,44.84,2026-07-18T00:52:21+00:00
EXP-001712,ACCT-000257,B0050,2030-01-24,0.0,2026-07-18T00:52:21+00:00
EXP-001713,ACCT-000210,B0050,2030-01-24,0.0,2026-07-18T00:52:21+00:00
EXP-001714,ACCT-000171,B0050,2030-01-24,0.0,2026-07-18T00:52:21+00:00
EXP-001715,ACCT-000208,B0050,2030-01-24,0.0,2026-07-18T00:52:21+00:00
EXP-001716,ACCT-000240,B0050,2030-01-24,0.0,2026-07-18T00:52:21+00:00
EXP-001717,ACCT-000229,B0050,2030-01-24,0.0,2026-07-18T00:52:21+00:00
EXP-001718,ACCT-000177,B0050,2030-01-24,58.06,2026-07-18T00:52:21+00:00
EXP-001719,ACCT-000016,B0050,2030-01-24,0.0,2026-07-18T00:52:21+00:00
EXP-001720,ACCT-000124,B0050,2030-01-24,0.0,2026-07-18T00:52:21+00:00
EXP-001721,ACCT-000161,B0050,2030-01-24,0.0,2026-07-18T00:52:21+00:00
EXP-001722,ACCT-000213,B0050,2030-01-24,0.0,2026-07-18T00:52:21+00:00
EXP-001723,ACCT-000010,B0050,2030-01-24,0.0,2026-07-18T00:52:21+00:00
EXP-001724,ACCT-000139,B0050,2030-01-24,2.06,2026-07-18T00:52:21+00:00
EXP-001725,ACCT-000223,B0050,2030-01-24,0.0,2026-07-18T00:52:21+00:00
EXP-001726,ACCT-000028,B0050,2030-01-24,0.0,2026-07-18T00:52:21+00:00
EXP-001727,ACCT-000034,B0050,2030-01-24,0.0,2026-07-18T00:52:21+00:00
EXP-001728,ACCT-000183,B0050,2030-01-24,0.0,2026-07-18T00:52:21+00:00
EXP-001729,ACCT-000206,B0050,2030-01-24,0.0,2026-07-18T00:52:21+00:00
EXP-001730,ACCT-000205,B0050,2030-01-24,0.0,2026-07-18T00:52:21+00:00
EXP-001731,ACCT-000162,B0050,2030-01-24,0.0,2026-07-18T00:52:21+00:00
EXP-001732,ACCT-000261,B0050,2030-01-24,0.0,2026-07-18T00:52:21+00:00
EXP-001733,ACCT-000262,B0050,2030-01-24,0.0,2026-07-18T00:52:21+00:00
EXP-001734,ACCT-000263,B0050,2030-01-24,-14.03,2026-07-18T00:52:21+00:00
EXP-001735,ACCT-000264,B0050,2030-01-24,0.0,2026-07-18T00:52:21+00:00
EXP-001736,ACCT-000083,B0051,2030-02-23,0.0,2026-07-18T03:49:24+00:00
EXP-001737,ACCT-000227,B0051,2030-02-23,0.0,2026-07-18T03:49:24+00:00
EXP-001738,ACCT-000043,B0051,2030-02-23,0.0,2026-07-18T03:49:24+00:00
EXP-001739,ACCT-000044,B0051,2030-02-23,0.0,2026-07-18T03:49:24+00:00
EXP-001740,ACCT-000011,B0051,2030-02-23,0.0,2026-07-18T03:49:24+00:00
EXP-001741,ACCT-000201,B0051,2030-02-23,0.0,2026-07-18T03:49:24+00:00
EXP-001742,ACCT-000211,B0051,2030-02-23,0.0,2026-07-18T03:49:24+00:00
EXP-001743,ACCT-000038,B0051,2030-02-23,0.0,2026-07-18T03:49:24+00:00
EXP-001744,ACCT-000045,B0051,2030-02-23,0.0,2026-07-18T03:49:24+00:00
EXP-001745,ACCT-000165,B0051,2030-02-23,0.0,2026-07-18T03:49:24+00:00
EXP-001746,ACCT-000196,B0051,2030-02-23,0.0,2026-07-18T03:49:24+00:00
EXP-001747,ACCT-000124,B0051,2030-02-23,0.0,2026-07-18T03:49:24+00:00
EXP-001748,ACCT-000210,B0051,2030-02-23,0.0,2026-07-18T03:49:24+00:00
EXP-001749,ACCT-000106,B0051,2030-02-23,-3.12,2026-07-18T03:49:24+00:00
EXP-001750,ACCT-000118,B0051,2030-02-23,14.66,2026-07-18T03:49:24+00:00
EXP-001751,ACCT-000012,B0051,2030-02-23,0.0,2026-07-18T03:49:24+00:00
EXP-001752,ACCT-000066,B0051,2030-02-23,0.0,2026-07-18T03:49:24+00:00
EXP-001753,ACCT-000163,B0051,2030-02-23,0.0,2026-07-18T03:49:24+00:00
EXP-001754,ACCT-000206,B0051,2030-02-23,0.0,2026-07-18T03:49:24+00:00
EXP-001755,ACCT-000120,B0051,2030-02-23,67.41,2026-07-18T03:49:24+00:00
EXP-001756,ACCT-000180,B0051,2030-02-23,0.0,2026-07-18T03:49:24+00:00
EXP-001757,ACCT-000160,B0051,2030-02-23,0.0,2026-07-18T03:49:24+00:00
EXP-001758,ACCT-000129,B0051,2030-02-23,0.0,2026-07-18T03:49:24+00:00
EXP-001759,ACCT-000021,B0051,2030-02-23,0.0,2026-07-18T03:49:24+00:00
EXP-001760,ACCT-000156,B0051,2030-02-23,0.0,2026-07-18T03:49:24+00:00
EXP-001761,ACCT-000258,B0051,2030-02-23,-2.63,2026-07-18T03:49:24+00:00
EXP-001762,ACCT-000265,B0051,2030-02-23,0.0,2026-07-18T03:49:24+00:00
EXP-001763,ACCT-000266,B0051,2030-02-23,0.0,2026-07-18T03:49:24+00:00
EXP-001764,ACCT-000267,B0051,2030-02-23,0.0,2026-07-18T03:49:24+00:00
EXP-001765,ACCT-000022,B0052,2030-03-25,0.0,2026-07-18T05:58:36+00:00
EXP-001766,ACCT-000047,B0052,2030-03-25,0.0,2026-07-18T05:58:36+00:00
EXP-001767,ACCT-000192,B0052,2030-03-25,0.0,2026-07-18T05:58:36+00:00
EXP-001768,ACCT-000136,B0052,2030-03-25,0.0,2026-07-18T05:58:36+00:00
EXP-001769,ACCT-000066,B0052,2030-03-25,0.0,2026-07-18T05:58:36+00:00
EXP-001770,ACCT-000175,B0052,2030-03-25,0.0,2026-07-18T05:58:36+00:00
EXP-001771,ACCT-000157,B0052,2030-03-25,0.0,2026-07-18T05:58:36+00:00
EXP-001772,ACCT-000025,B0052,2030-03-25,0.0,2026-07-18T05:58:36+00:00
EXP-001773,ACCT-000103,B0052,2030-03-25,0.0,2026-07-18T05:58:36+00:00
EXP-001774,ACCT-000014,B0052,2030-03-25,0.0,2026-07-18T05:58:36+00:00
EXP-001775,ACCT-000190,B0052,2030-03-25,0.0,2026-07-18T05:58:36+00:00
EXP-001776,ACCT-000067,B0052,2030-03-25,13.14,2026-07-18T05:58:36+00:00
EXP-001777,ACCT-000096,B0052,2030-03-25,0.0,2026-07-18T05:58:36+00:00
EXP-001778,ACCT-000089,B0052,2030-03-25,0.0,2026-07-18T05:58:36+00:00
EXP-001779,ACCT-000253,B0052,2030-03-25,0.0,2026-07-18T05:58:36+00:00
EXP-001780,ACCT-000020,B0052,2030-03-25,0.0,2026-07-18T05:58:36+00:00
EXP-001781,ACCT-000127,B0052,2030-03-25,0.0,2026-07-18T05:58:36+00:00
EXP-001782,ACCT-000092,B0052,2030-03-25,0.0,2026-07-18T05:58:36+00:00
EXP-001783,ACCT-000073,B0052,2030-03-25,0.0,2026-07-18T05:58:36+00:00
EXP-001784,ACCT-000239,B0052,2030-03-25,0.0,2026-07-18T05:58:36+00:00
EXP-001785,ACCT-000129,B0052,2030-03-25,0.0,2026-07-18T05:58:36+00:00
EXP-001786,ACCT-000182,B0052,2030-03-25,0.0,2026-07-18T05:58:36+00:00
EXP-001787,ACCT-000199,B0052,2030-03-25,0.0,2026-07-18T05:58:36+00:00
EXP-001788,ACCT-000024,B0052,2030-03-25,0.0,2026-07-18T05:58:36+00:00
EXP-001789,ACCT-000032,B0052,2030-03-25,0.0,2026-07-18T05:58:36+00:00
EXP-001790,ACCT-000031,B0052,2030-03-25,0.0,2026-07-18T05:58:36+00:00
EXP-001791,ACCT-000213,B0052,2030-03-25,0.0,2026-07-18T05:58:36+00:00
EXP-001792,ACCT-000030,B0052,2030-03-25,0.0,2026-07-18T05:58:36+00:00
EXP-001793,ACCT-000033,B0052,2030-03-25,0.0,2026-07-18T05:58:36+00:00
EXP-001794,ACCT-000040,B0052,2030-03-25,-11.25,2026-07-18T05:58:36+00:00
EXP-001795,ACCT-000054,B0052,2030-03-25,0.0,2026-07-18T05:58:36+00:00
EXP-001796,ACCT-000268,B0052,2030-03-25,0.0,2026-07-18T05:58:36+00:00
EXP-001797,ACCT-000269,B0052,2030-03-25,0.0,2026-07-18T05:58:36+00:00
EXP-001798,ACCT-000182,B0053,2030-04-24,0.0,2026-07-18T07:51:11+00:00
EXP-001799,ACCT-000102,B0053,2030-04-24,0.0,2026-07-18T07:51:11+00:00
EXP-001800,ACCT-000017,B0053,2030-04-24,0.0,2026-07-18T07:51:11+00:00
EXP-001801,ACCT-000239,B0053,2030-04-24,0.0,2026-07-18T07:51:11+00:00
EXP-001802,ACCT-000186,B0053,2030-04-24,0.0,2026-07-18T07:51:11+00:00
EXP-001803,ACCT-000207,B0053,2030-04-24,0.0,2026-07-18T07:51:11+00:00
EXP-001804,ACCT-000087,B0053,2030-04-24,0.0,2026-07-18T07:51:11+00:00
EXP-001805,ACCT-000119,B0053,2030-04-24,0.0,2026-07-18T07:51:11+00:00
EXP-001806,ACCT-000140,B0053,2030-04-24,0.0,2026-07-18T07:51:11+00:00
EXP-001807,ACCT-000181,B0053,2030-04-24,15.43,2026-07-18T07:51:11+00:00
EXP-001808,ACCT-000259,B0053,2030-04-24,0.0,2026-07-18T07:51:11+00:00
EXP-001809,ACCT-000162,B0053,2030-04-24,0.0,2026-07-18T07:51:11+00:00
EXP-001810,ACCT-000189,B0053,2030-04-24,0.0,2026-07-18T07:51:11+00:00
EXP-001811,ACCT-000163,B0053,2030-04-24,0.0,2026-07-18T07:51:11+00:00
EXP-001812,ACCT-000110,B0053,2030-04-24,0.0,2026-07-18T07:51:11+00:00
EXP-001813,ACCT-000156,B0053,2030-04-24,0.0,2026-07-18T07:51:11+00:00
EXP-001814,ACCT-000061,B0053,2030-04-24,0.0,2026-07-18T07:51:11+00:00
EXP-001815,ACCT-000065,B0053,2030-04-24,0.0,2026-07-18T07:51:11+00:00
EXP-001816,ACCT-000252,B0053,2030-04-24,0.0,2026-07-18T07:51:11+00:00
EXP-001817,ACCT-000266,B0053,2030-04-24,0.0,2026-07-18T07:51:11+00:00
EXP-001818,ACCT-000251,B0053,2030-04-24,0.0,2026-07-18T07:51:11+00:00
EXP-001819,ACCT-000262,B0053,2030-04-24,0.0,2026-07-18T07:51:11+00:00
EXP-001820,ACCT-000203,B0053,2030-04-24,0.0,2026-07-18T07:51:11+00:00
EXP-001821,ACCT-000260,B0053,2030-04-24,0.0,2026-07-18T07:51:11+00:00
EXP-001822,ACCT-000150,B0053,2030-04-24,0.0,2026-07-18T07:51:11+00:00
EXP-001823,ACCT-000082,B0053,2030-04-24,0.0,2026-07-18T07:51:11+00:00
EXP-001824,ACCT-000128,B0053,2030-04-24,0.0,2026-07-18T07:51:11+00:00
EXP-001825,ACCT-000183,B0053,2030-04-24,0.0,2026-07-18T07:51:11+00:00
EXP-001826,ACCT-000034,B0053,2030-04-24,59.15,2026-07-18T07:51:11+00:00
EXP-001827,ACCT-000026,B0053,2030-04-24,0.0,2026-07-18T07:51:11+00:00
EXP-001828,ACCT-000135,B0053,2030-04-24,-10.01,2026-07-18T07:51:11+00:00
EXP-001829,ACCT-000168,B0053,2030-04-24,0.0,2026-07-18T07:51:11+00:00
EXP-001830,ACCT-000270,B0053,2030-04-24,0.0,2026-07-18T07:51:11+00:00
EXP-001831,ACCT-000271,B0053,2030-04-24,0.0,2026-07-18T07:51:11+00:00
EXP-001832,ACCT-000029,B0054,2030-05-24,0.0,2026-07-18T09:16:58+00:00
EXP-001833,ACCT-000054,B0054,2030-05-24,0.0,2026-07-18T09:16:58+00:00
EXP-001834,ACCT-000045,B0054,2030-05-24,0.0,2026-07-18T09:16:58+00:00
EXP-001835,ACCT-000252,B0054,2030-05-24,0.0,2026-07-18T09:16:58+00:00
EXP-001836,ACCT-000214,B0054,2030-05-24,0.0,2026-07-18T09:16:58+00:00
EXP-001837,ACCT-000011,B0054,2030-05-24,0.0,2026-07-18T09:16:58+00:00
EXP-001838,ACCT-000110,B0054,2030-05-24,0.0,2026-07-18T09:16:58+00:00
EXP-001839,ACCT-000122,B0054,2030-05-24,74.17,2026-07-18T09:16:58+00:00
EXP-001840,ACCT-000234,B0054,2030-05-24,0.0,2026-07-18T09:16:58+00:00
EXP-001841,ACCT-000048,B0054,2030-05-24,0.0,2026-07-18T09:16:58+00:00
EXP-001842,ACCT-000267,B0054,2030-05-24,0.0,2026-07-18T09:16:58+00:00
EXP-001843,ACCT-000007,B0054,2030-05-24,0.0,2026-07-18T09:16:58+00:00
EXP-001844,ACCT-000213,B0054,2030-05-24,0.0,2026-07-18T09:16:58+00:00
EXP-001845,ACCT-000087,B0054,2030-05-24,0.0,2026-07-18T09:16:58+00:00
EXP-001846,ACCT-000019,B0054,2030-05-24,0.0,2026-07-18T09:16:58+00:00
EXP-001847,ACCT-000165,B0054,2030-05-24,0.0,2026-07-18T09:16:58+00:00
EXP-001848,ACCT-000078,B0054,2030-05-24,0.0,2026-07-18T09:16:58+00:00
EXP-001849,ACCT-000056,B0054,2030-05-24,0.0,2026-07-18T09:16:58+00:00
EXP-001850,ACCT-000186,B0054,2030-05-24,0.0,2026-07-18T09:16:58+00:00
EXP-001851,ACCT-000235,B0054,2030-05-24,0.0,2026-07-18T09:16:58+00:00
EXP-001852,ACCT-000017,B0054,2030-05-24,0.0,2026-07-18T09:16:58+00:00
EXP-001853,ACCT-000255,B0054,2030-05-24,0.0,2026-07-18T09:16:58+00:00
EXP-001854,ACCT-000059,B0054,2030-05-24,-9.58,2026-07-18T09:16:58+00:00
EXP-001855,ACCT-000053,B0054,2030-05-24,0.0,2026-07-18T09:16:58+00:00
EXP-001856,ACCT-000097,B0054,2030-05-24,0.0,2026-07-18T09:16:58+00:00
EXP-001857,ACCT-000174,B0054,2030-05-24,0.0,2026-07-18T09:16:58+00:00
EXP-001858,ACCT-000272,B0054,2030-05-24,0.0,2026-07-18T09:16:58+00:00
EXP-001859,ACCT-000273,B0054,2030-05-24,0.0,2026-07-18T09:16:58+00:00
EXP-001860,ACCT-000274,B0054,2030-05-24,50.85,2026-07-18T09:16:58+00:00
EXP-001861,ACCT-000275,B0054,2030-05-24,28.75,2026-07-18T09:16:58+00:00
EXP-001862,ACCT-000006,B0055,2030-06-23,0.0,2026-07-18T10:45:26+00:00
EXP-001863,ACCT-000196,B0055,2030-06-23,0.0,2026-07-18T10:45:26+00:00
EXP-001864,ACCT-000180,B0055,2030-06-23,63.1,2026-07-18T10:45:26+00:00
EXP-001865,ACCT-000116,B0055,2030-06-23,0.0,2026-07-18T10:45:26+00:00
EXP-001866,ACCT-000039,B0055,2030-06-23,0.0,2026-07-18T10:45:26+00:00
EXP-001867,ACCT-000201,B0055,2030-06-23,43.56,2026-07-18T10:45:26+00:00
EXP-001868,ACCT-000228,B0055,2030-06-23,0.0,2026-07-18T10:45:26+00:00
EXP-001869,ACCT-000091,B0055,2030-06-23,0.0,2026-07-18T10:45:26+00:00
EXP-001870,ACCT-000096,B0055,2030-06-23,0.0,2026-07-18T10:45:26+00:00
EXP-001871,ACCT-000202,B0055,2030-06-23,0.0,2026-07-18T10:45:26+00:00
EXP-001872,ACCT-000247,B0055,2030-06-23,0.0,2026-07-18T10:45:26+00:00
EXP-001873,ACCT-000179,B0055,2030-06-23,-3.71,2026-07-18T10:45:26+00:00
EXP-001874,ACCT-000073,B0055,2030-06-23,0.0,2026-07-18T10:45:26+00:00
EXP-001875,ACCT-000189,B0055,2030-06-23,0.0,2026-07-18T10:45:26+00:00
EXP-001876,ACCT-000128,B0055,2030-06-23,0.0,2026-07-18T10:45:26+00:00
EXP-001877,ACCT-000198,B0055,2030-06-23,0.0,2026-07-18T10:45:26+00:00
EXP-001878,ACCT-000129,B0055,2030-06-23,0.0,2026-07-18T10:45:26+00:00
EXP-001879,ACCT-000266,B0055,2030-06-23,0.0,2026-07-18T10:45:26+00:00
EXP-001880,ACCT-000134,B0055,2030-06-23,0.0,2026-07-18T10:45:26+00:00
EXP-001881,ACCT-000079,B0055,2030-06-23,0.0,2026-07-18T10:45:26+00:00
EXP-001882,ACCT-000178,B0055,2030-06-23,0.0,2026-07-18T10:45:26+00:00
EXP-001883,ACCT-000124,B0055,2030-06-23,0.0,2026-07-18T10:45:26+00:00
EXP-001884,ACCT-000095,B0055,2030-06-23,0.0,2026-07-18T10:45:26+00:00
EXP-001885,ACCT-000020,B0055,2030-06-23,0.0,2026-07-18T10:45:26+00:00
EXP-001886,ACCT-000140,B0055,2030-06-23,0.0,2026-07-18T10:45:26+00:00
EXP-001887,ACCT-000118,B0055,2030-06-23,0.0,2026-07-18T10:45:26+00:00
EXP-001888,ACCT-000157,B0055,2030-06-23,0.0,2026-07-18T10:45:26+00:00
EXP-001889,ACCT-000125,B0055,2030-06-23,55.06,2026-07-18T10:45:26+00:00
EXP-001890,ACCT-000276,B0055,2030-06-23,0.0,2026-07-18T10:45:26+00:00
EXP-001891,ACCT-000277,B0055,2030-06-23,0.0,2026-07-18T10:45:26+00:00
EXP-001892,ACCT-000278,B0055,2030-06-23,0.0,2026-07-18T10:45:26+00:00
EXP-001893,ACCT-000279,B0055,2030-06-23,0.0,2026-07-18T10:45:26+00:00
EXP-001894,ACCT-000032,B0056,2030-07-23,0.0,2026-07-18T11:46:33+00:00
EXP-001895,ACCT-000035,B0056,2030-07-23,0.0,2026-07-18T11:46:33+00:00
EXP-001896,ACCT-000200,B0056,2030-07-23,0.0,2026-07-18T11:46:33+00:00
EXP-001897,ACCT-000235,B0056,2030-07-23,0.0,2026-07-18T11:46:33+00:00
EXP-001898,ACCT-000107,B0056,2030-07-23,0.0,2026-07-18T11:46:33+00:00
EXP-001899,ACCT-000239,B0056,2030-07-23,60.27,2026-07-18T11:46:33+00:00
EXP-001900,ACCT-000268,B0056,2030-07-23,0.0,2026-07-18T11:46:33+00:00
EXP-001901,ACCT-000020,B0056,2030-07-23,0.0,2026-07-18T11:46:33+00:00
EXP-001902,ACCT-000012,B0056,2030-07-23,0.0,2026-07-18T11:46:33+00:00
EXP-001903,ACCT-000188,B0056,2030-07-23,0.0,2026-07-18T11:46:33+00:00
EXP-001904,ACCT-000264,B0056,2030-07-23,0.0,2026-07-18T11:46:33+00:00
EXP-001905,ACCT-000158,B0056,2030-07-23,0.0,2026-07-18T11:46:33+00:00
EXP-001906,ACCT-000143,B0056,2030-07-23,0.0,2026-07-18T11:46:33+00:00
EXP-001907,ACCT-000067,B0056,2030-07-23,0.0,2026-07-18T11:46:33+00:00
EXP-001908,ACCT-000192,B0056,2030-07-23,0.0,2026-07-18T11:46:33+00:00
EXP-001909,ACCT-000278,B0056,2030-07-23,0.0,2026-07-18T11:46:33+00:00
EXP-001910,ACCT-000273,B0056,2030-07-23,0.0,2026-07-18T11:46:33+00:00
EXP-001911,ACCT-000233,B0056,2030-07-23,0.0,2026-07-18T11:46:33+00:00
EXP-001912,ACCT-000086,B0056,2030-07-23,0.0,2026-07-18T11:46:33+00:00
EXP-001913,ACCT-000112,B0056,2030-07-23,0.0,2026-07-18T11:46:33+00:00
EXP-001914,ACCT-000089,B0056,2030-07-23,0.0,2026-07-18T11:46:33+00:00
EXP-001915,ACCT-000198,B0056,2030-07-23,0.0,2026-07-18T11:46:33+00:00
EXP-001916,ACCT-000174,B0056,2030-07-23,0.0,2026-07-18T11:46:33+00:00
EXP-001917,ACCT-000134,B0056,2030-07-23,0.0,2026-07-18T11:46:33+00:00
EXP-001918,ACCT-000108,B0056,2030-07-23,0.0,2026-07-18T11:46:33+00:00
EXP-001919,ACCT-000139,B0056,2030-07-23,11.14,2026-07-18T11:46:33+00:00
EXP-001920,ACCT-000280,B0056,2030-07-23,0.0,2026-07-18T11:46:33+00:00
EXP-001921,ACCT-000281,B0056,2030-07-23,0.0,2026-07-18T11:46:33+00:00
EXP-001922,ACCT-000227,B0057,2030-08-22,0.0,2026-07-18T12:56:10+00:00
EXP-001923,ACCT-000072,B0057,2030-08-22,0.0,2026-07-18T12:56:10+00:00
EXP-001924,ACCT-000209,B0057,2030-08-22,0.0,2026-07-18T12:56:10+00:00
EXP-001925,ACCT-000181,B0057,2030-08-22,0.0,2026-07-18T12:56:10+00:00
EXP-001926,ACCT-000207,B0057,2030-08-22,0.0,2026-07-18T12:56:10+00:00
EXP-001927,ACCT-000243,B0057,2030-08-22,0.0,2026-07-18T12:56:10+00:00
EXP-001928,ACCT-000056,B0057,2030-08-22,0.0,2026-07-18T12:56:10+00:00
EXP-001929,ACCT-000130,B0057,2030-08-22,-14.49,2026-07-18T12:56:10+00:00
EXP-001930,ACCT-000240,B0057,2030-08-22,0.0,2026-07-18T12:56:10+00:00
EXP-001931,ACCT-000043,B0057,2030-08-22,0.0,2026-07-18T12:56:10+00:00
EXP-001932,ACCT-000229,B0057,2030-08-22,0.0,2026-07-18T12:56:10+00:00
EXP-001933,ACCT-000079,B0057,2030-08-22,0.0,2026-07-18T12:56:10+00:00
EXP-001934,ACCT-000198,B0057,2030-08-22,0.0,2026-07-18T12:56:10+00:00
EXP-001935,ACCT-000180,B0057,2030-08-22,0.0,2026-07-18T12:56:10+00:00
EXP-001936,ACCT-000174,B0057,2030-08-22,0.0,2026-07-18T12:56:10+00:00
EXP-001937,ACCT-000235,B0057,2030-08-22,0.0,2026-07-18T12:56:10+00:00
EXP-001938,ACCT-000236,B0057,2030-08-22,0.0,2026-07-18T12:56:10+00:00
EXP-001939,ACCT-000143,B0057,2030-08-22,0.0,2026-07-18T12:56:10+00:00
EXP-001940,ACCT-000082,B0057,2030-08-22,0.0,2026-07-18T12:56:10+00:00
EXP-001941,ACCT-000103,B0057,2030-08-22,0.0,2026-07-18T12:56:10+00:00
EXP-001942,ACCT-000154,B0057,2030-08-22,0.0,2026-07-18T12:56:10+00:00
EXP-001943,ACCT-000120,B0057,2030-08-22,0.0,2026-07-18T12:56:10+00:00
EXP-001944,ACCT-000008,B0057,2030-08-22,0.0,2026-07-18T12:56:10+00:00
EXP-001945,ACCT-000064,B0057,2030-08-22,0.0,2026-07-18T12:56:10+00:00
EXP-001946,ACCT-000034,B0057,2030-08-22,0.0,2026-07-18T12:56:10+00:00
EXP-001947,ACCT-000014,B0057,2030-08-22,0.0,2026-07-18T12:56:10+00:00
EXP-001948,ACCT-000151,B0057,2030-08-22,0.0,2026-07-18T12:56:10+00:00
EXP-001949,ACCT-000188,B0057,2030-08-22,0.0,2026-07-18T12:56:10+00:00
EXP-001950,ACCT-000208,B0057,2030-08-22,0.0,2026-07-18T12:56:10+00:00
EXP-001951,ACCT-000282,B0057,2030-08-22,0.0,2026-07-18T12:56:10+00:00
EXP-001952,ACCT-000283,B0057,2030-08-22,0.0,2026-07-18T12:56:10+00:00
EXP-001953,ACCT-000284,B0057,2030-08-22,0.0,2026-07-18T12:56:10+00:00
EXP-001954,ACCT-000285,B0057,2030-08-22,0.0,2026-07-18T12:56:10+00:00
EXP-001955,ACCT-000162,B0058,2030-09-21,0.0,2026-07-18T14:18:09+00:00
EXP-001956,ACCT-000274,B0058,2030-09-21,0.0,2026-07-18T14:18:09+00:00
EXP-001957,ACCT-000092,B0058,2030-09-21,0.0,2026-07-18T14:18:09+00:00
EXP-001958,ACCT-000045,B0058,2030-09-21,0.0,2026-07-18T14:18:09+00:00
EXP-001959,ACCT-000155,B0058,2030-09-21,0.0,2026-07-18T14:18:09+00:00
EXP-001960,ACCT-000132,B0058,2030-09-21,0.0,2026-07-18T14:18:09+00:00
EXP-001961,ACCT-000099,B0058,2030-09-21,0.0,2026-07-18T14:18:09+00:00
EXP-001962,ACCT-000080,B0058,2030-09-21,0.0,2026-07-18T14:18:09+00:00
EXP-001963,ACCT-000102,B0058,2030-09-21,0.0,2026-07-18T14:18:09+00:00
EXP-001964,ACCT-000119,B0058,2030-09-21,0.0,2026-07-18T14:18:09+00:00
EXP-001965,ACCT-000054,B0058,2030-09-21,0.0,2026-07-18T14:18:09+00:00
EXP-001966,ACCT-000063,B0058,2030-09-21,0.0,2026-07-18T14:18:09+00:00
EXP-001967,ACCT-000237,B0058,2030-09-21,0.0,2026-07-18T14:18:09+00:00
EXP-001968,ACCT-000270,B0058,2030-09-21,0.0,2026-07-18T14:18:09+00:00
EXP-001969,ACCT-000231,B0058,2030-09-21,0.0,2026-07-18T14:18:09+00:00
EXP-001970,ACCT-000209,B0058,2030-09-21,0.0,2026-07-18T14:18:09+00:00
EXP-001971,ACCT-000205,B0058,2030-09-21,-4.35,2026-07-18T14:18:09+00:00
EXP-001972,ACCT-000009,B0058,2030-09-21,0.0,2026-07-18T14:18:09+00:00
EXP-001973,ACCT-000184,B0058,2030-09-21,0.0,2026-07-18T14:18:09+00:00
EXP-001974,ACCT-000245,B0058,2030-09-21,0.0,2026-07-18T14:18:09+00:00
EXP-001975,ACCT-000136,B0058,2030-09-21,0.0,2026-07-18T14:18:09+00:00
EXP-001976,ACCT-000056,B0058,2030-09-21,0.0,2026-07-18T14:18:09+00:00
EXP-001977,ACCT-000157,B0058,2030-09-21,0.0,2026-07-18T14:18:09+00:00
EXP-001978,ACCT-000125,B0058,2030-09-21,0.0,2026-07-18T14:18:09+00:00
EXP-001979,ACCT-000032,B0058,2030-09-21,0.0,2026-07-18T14:18:09+00:00
EXP-001980,ACCT-000144,B0058,2030-09-21,0.0,2026-07-18T14:18:09+00:00
EXP-001981,ACCT-000172,B0058,2030-09-21,0.0,2026-07-18T14:18:09+00:00
EXP-001982,ACCT-000286,B0058,2030-09-21,0.0,2026-07-18T14:18:09+00:00
EXP-001983,ACCT-000287,B0058,2030-09-21,0.0,2026-07-18T14:18:09+00:00
EXP-001984,ACCT-000193,B0059,2030-10-21,0.0,2026-07-18T15:28:14+00:00
EXP-001985,ACCT-000031,B0059,2030-10-21,0.0,2026-07-18T15:28:14+00:00
EXP-001986,ACCT-000116,B0059,2030-10-21,0.0,2026-07-18T15:28:14+00:00
EXP-001987,ACCT-000150,B0059,2030-10-21,0.0,2026-07-18T15:28:14+00:00
EXP-001988,ACCT-000085,B0059,2030-10-21,0.0,2026-07-18T15:28:14+00:00
EXP-001989,ACCT-000236,B0059,2030-10-21,0.0,2026-07-18T15:28:14+00:00
EXP-001990,ACCT-000081,B0059,2030-10-21,0.0,2026-07-18T15:28:14+00:00
EXP-001991,ACCT-000026,B0059,2030-10-21,0.0,2026-07-18T15:28:14+00:00
EXP-001992,ACCT-000101,B0059,2030-10-21,0.0,2026-07-18T15:28:14+00:00
EXP-001993,ACCT-000005,B0059,2030-10-21,0.0,2026-07-18T15:28:14+00:00
EXP-001994,ACCT-000225,B0059,2030-10-21,0.0,2026-07-18T15:28:14+00:00
EXP-001995,ACCT-000167,B0059,2030-10-21,0.0,2026-07-18T15:28:14+00:00
EXP-001996,ACCT-000259,B0059,2030-10-21,0.0,2026-07-18T15:28:14+00:00
EXP-001997,ACCT-000247,B0059,2030-10-21,0.0,2026-07-18T15:28:14+00:00
EXP-001998,ACCT-000074,B0059,2030-10-21,0.0,2026-07-18T15:28:14+00:00
EXP-001999,ACCT-000268,B0059,2030-10-21,0.0,2026-07-18T15:28:14+00:00
EXP-002000,ACCT-000045,B0059,2030-10-21,0.0,2026-07-18T15:28:14+00:00
EXP-002001,ACCT-000278,B0059,2030-10-21,0.0,2026-07-18T15:28:14+00:00
EXP-002002,ACCT-000270,B0059,2030-10-21,30.28,2026-07-18T15:28:14+00:00
EXP-002003,ACCT-000229,B0059,2030-10-21,0.0,2026-07-18T15:28:14+00:00
EXP-002004,ACCT-000006,B0059,2030-10-21,0.0,2026-07-18T15:28:14+00:00
EXP-002005,ACCT-000114,B0059,2030-10-21,11.79,2026-07-18T15:28:14+00:00
EXP-002006,ACCT-000165,B0059,2030-10-21,0.0,2026-07-18T15:28:14+00:00
EXP-002007,ACCT-000244,B0059,2030-10-21,0.0,2026-07-18T15:28:14+00:00
EXP-002008,ACCT-000285,B0059,2030-10-21,0.0,2026-07-18T15:28:14+00:00
EXP-002009,ACCT-000072,B0059,2030-10-21,0.0,2026-07-18T15:28:14+00:00
EXP-002010,ACCT-000002,B0059,2030-10-21,74.52,2026-07-18T15:28:14+00:00
EXP-002011,ACCT-000141,B0059,2030-10-21,0.0,2026-07-18T15:28:14+00:00
EXP-002012,ACCT-000024,B0059,2030-10-21,0.0,2026-07-18T15:28:14+00:00
EXP-002013,ACCT-000288,B0059,2030-10-21,0.0,2026-07-18T15:28:14+00:00
EXP-002014,ACCT-000289,B0059,2030-10-21,-10.95,2026-07-18T15:28:14+00:00
EXP-002015,ACCT-000290,B0059,2030-10-21,0.0,2026-07-18T15:28:14+00:00
EXP-002016,ACCT-000291,B0059,2030-10-21,0.0,2026-07-18T15:28:14+00:00
EXP-002017,ACCT-000137,B0060,2030-11-20,0.0,2026-07-18T16:26:39+00:00
EXP-002018,ACCT-000184,B0060,2030-11-20,0.0,2026-07-18T16:26:39+00:00
EXP-002019,ACCT-000236,B0060,2030-11-20,0.0,2026-07-18T16:26:39+00:00
EXP-002020,ACCT-000008,B0060,2030-11-20,0.0,2026-07-18T16:26:39+00:00
EXP-002021,ACCT-000025,B0060,2030-11-20,31.64,2026-07-18T16:26:39+00:00
EXP-002022,ACCT-000040,B0060,2030-11-20,0.0,2026-07-18T16:26:39+00:00
EXP-002023,ACCT-000016,B0060,2030-11-20,0.0,2026-07-18T16:26:39+00:00
EXP-002024,ACCT-000183,B0060,2030-11-20,0.0,2026-07-18T16:26:39+00:00
EXP-002025,ACCT-000004,B0060,2030-11-20,0.0,2026-07-18T16:26:39+00:00
EXP-002026,ACCT-000225,B0060,2030-11-20,0.0,2026-07-18T16:26:39+00:00
EXP-002027,ACCT-000277,B0060,2030-11-20,0.0,2026-07-18T16:26:39+00:00
EXP-002028,ACCT-000034,B0060,2030-11-20,0.0,2026-07-18T16:26:39+00:00
EXP-002029,ACCT-000142,B0060,2030-11-20,0.0,2026-07-18T16:26:39+00:00
EXP-002030,ACCT-000007,B0060,2030-11-20,0.0,2026-07-18T16:26:39+00:00
EXP-002031,ACCT-000056,B0060,2030-11-20,0.0,2026-07-18T16:26:39+00:00
EXP-002032,ACCT-000055,B0060,2030-11-20,0.0,2026-07-18T16:26:39+00:00
EXP-002033,ACCT-000077,B0060,2030-11-20,0.0,2026-07-18T16:26:39+00:00
EXP-002034,ACCT-000074,B0060,2030-11-20,72.81,2026-07-18T16:26:39+00:00
EXP-002035,ACCT-000224,B0060,2030-11-20,0.0,2026-07-18T16:26:39+00:00
EXP-002036,ACCT-000228,B0060,2030-11-20,9.4,2026-07-18T16:26:39+00:00
EXP-002037,ACCT-000064,B0060,2030-11-20,0.0,2026-07-18T16:26:39+00:00
EXP-002038,ACCT-000109,B0060,2030-11-20,0.0,2026-07-18T16:26:39+00:00
EXP-002039,ACCT-000278,B0060,2030-11-20,0.0,2026-07-18T16:26:39+00:00
EXP-002040,ACCT-000037,B0060,2030-11-20,0.0,2026-07-18T16:26:39+00:00
EXP-002041,ACCT-000015,B0060,2030-11-20,0.0,2026-07-18T16:26:39+00:00
EXP-002042,ACCT-000018,B0060,2030-11-20,0.0,2026-07-18T16:26:39+00:00
EXP-002043,ACCT-000087,B0060,2030-11-20,0.0,2026-07-18T16:26:39+00:00
EXP-002044,ACCT-000258,B0060,2030-11-20,0.0,2026-07-18T16:26:39+00:00
EXP-002045,ACCT-000171,B0060,2030-11-20,0.0,2026-07-18T16:26:39+00:00
EXP-002046,ACCT-000151,B0060,2030-11-20,0.0,2026-07-18T16:26:39+00:00
EXP-002047,ACCT-000242,B0060,2030-11-20,31.55,2026-07-18T16:26:39+00:00
EXP-002048,ACCT-000239,B0060,2030-11-20,0.0,2026-07-18T16:26:39+00:00
EXP-002049,ACCT-000125,B0060,2030-11-20,0.0,2026-07-18T16:26:39+00:00
EXP-002050,ACCT-000292,B0060,2030-11-20,0.0,2026-07-18T16:26:39+00:00
EXP-002051,ACCT-000293,B0060,2030-11-20,0.0,2026-07-18T16:26:39+00:00
EXP-002052,ACCT-000294,B0060,2030-11-20,-11.72,2026-07-18T16:26:39+00:00
EXP-002053,ACCT-000295,B0060,2030-11-20,0.0,2026-07-18T16:26:39+00:00
EXP-002054,ACCT-000112,B0061,2030-12-20,0.0,2026-07-18T17:29:59+00:00
EXP-002055,ACCT-000035,B0061,2030-12-20,-10.99,2026-07-18T17:29:59+00:00
EXP-002056,ACCT-000003,B0061,2030-12-20,0.0,2026-07-18T17:29:59+00:00
EXP-002057,ACCT-000084,B0061,2030-12-20,0.0,2026-07-18T17:29:59+00:00
EXP-002058,ACCT-000214,B0061,2030-12-20,0.0,2026-07-18T17:29:59+00:00
EXP-002059,ACCT-000053,B0061,2030-12-20,0.0,2026-07-18T17:29:59+00:00
EXP-002060,ACCT-000049,B0061,2030-12-20,61.4,2026-07-18T17:29:59+00:00
EXP-002061,ACCT-000108,B0061,2030-12-20,57.91,2026-07-18T17:29:59+00:00
EXP-002062,ACCT-000031,B0061,2030-12-20,0.0,2026-07-18T17:29:59+00:00
EXP-002063,ACCT-000150,B0061,2030-12-20,17.02,2026-07-18T17:29:59+00:00
EXP-002064,ACCT-000116,B0061,2030-12-20,0.0,2026-07-18T17:29:59+00:00
EXP-002065,ACCT-000095,B0061,2030-12-20,0.0,2026-07-18T17:29:59+00:00
EXP-002066,ACCT-000078,B0061,2030-12-20,0.0,2026-07-18T17:29:59+00:00
EXP-002067,ACCT-000222,B0061,2030-12-20,0.0,2026-07-18T17:29:59+00:00
EXP-002068,ACCT-000011,B0061,2030-12-20,0.0,2026-07-18T17:29:59+00:00
EXP-002069,ACCT-000161,B0061,2030-12-20,0.0,2026-07-18T17:29:59+00:00
EXP-002070,ACCT-000231,B0061,2030-12-20,0.0,2026-07-18T17:29:59+00:00
EXP-002071,ACCT-000186,B0061,2030-12-20,0.0,2026-07-18T17:29:59+00:00
EXP-002072,ACCT-000217,B0061,2030-12-20,0.0,2026-07-18T17:29:59+00:00
EXP-002073,ACCT-000249,B0061,2030-12-20,0.0,2026-07-18T17:29:59+00:00
EXP-002074,ACCT-000059,B0061,2030-12-20,0.0,2026-07-18T17:29:59+00:00
EXP-002075,ACCT-000118,B0061,2030-12-20,0.0,2026-07-18T17:29:59+00:00
EXP-002076,ACCT-000138,B0061,2030-12-20,0.0,2026-07-18T17:29:59+00:00
EXP-002077,ACCT-000164,B0061,2030-12-20,0.0,2026-07-18T17:29:59+00:00
EXP-002078,ACCT-000005,B0061,2030-12-20,7.53,2026-07-18T17:29:59+00:00
EXP-002079,ACCT-000122,B0061,2030-12-20,7.65,2026-07-18T17:29:59+00:00
EXP-002080,ACCT-000148,B0061,2030-12-20,0.0,2026-07-18T17:29:59+00:00
EXP-002081,ACCT-000009,B0061,2030-12-20,0.0,2026-07-18T17:29:59+00:00
EXP-002082,ACCT-000283,B0061,2030-12-20,0.0,2026-07-18T17:29:59+00:00
EXP-002083,ACCT-000296,B0061,2030-12-20,0.0,2026-07-18T17:29:59+00:00
EXP-002084,ACCT-000297,B0061,2030-12-20,0.0,2026-07-18T17:29:59+00:00
EXP-002085,ACCT-000298,B0061,2030-12-20,6.86,2026-07-18T17:29:59+00:00
EXP-002086,ACCT-000185,B0062,2031-01-19,0.0,2026-07-18T18:28:11+00:00
EXP-002087,ACCT-000198,B0062,2031-01-19,0.0,2026-07-18T18:28:11+00:00
EXP-002088,ACCT-000001,B0062,2031-01-19,0.0,2026-07-18T18:28:11+00:00
EXP-002089,ACCT-000256,B0062,2031-01-19,0.0,2026-07-18T18:28:11+00:00
EXP-002090,ACCT-000190,B0062,2031-01-19,0.0,2026-07-18T18:28:11+00:00
EXP-002091,ACCT-000196,B0062,2031-01-19,0.0,2026-07-18T18:28:11+00:00
EXP-002092,ACCT-000211,B0062,2031-01-19,0.0,2026-07-18T18:28:11+00:00
EXP-002093,ACCT-000049,B0062,2031-01-19,0.0,2026-07-18T18:28:11+00:00
EXP-002094,ACCT-000174,B0062,2031-01-19,8.81,2026-07-18T18:28:11+00:00
EXP-002095,ACCT-000144,B0062,2031-01-19,0.0,2026-07-18T18:28:11+00:00
EXP-002096,ACCT-000003,B0062,2031-01-19,0.0,2026-07-18T18:28:11+00:00
EXP-002097,ACCT-000038,B0062,2031-01-19,0.0,2026-07-18T18:28:11+00:00
EXP-002098,ACCT-000175,B0062,2031-01-19,0.0,2026-07-18T18:28:11+00:00
EXP-002099,ACCT-000218,B0062,2031-01-19,0.0,2026-07-18T18:28:11+00:00
EXP-002100,ACCT-000076,B0062,2031-01-19,0.0,2026-07-18T18:28:11+00:00
EXP-002101,ACCT-000171,B0062,2031-01-19,0.0,2026-07-18T18:28:11+00:00
EXP-002102,ACCT-000035,B0062,2031-01-19,0.0,2026-07-18T18:28:11+00:00
EXP-002103,ACCT-000291,B0062,2031-01-19,-13.64,2026-07-18T18:28:11+00:00
EXP-002104,ACCT-000188,B0062,2031-01-19,0.0,2026-07-18T18:28:11+00:00
EXP-002105,ACCT-000205,B0062,2031-01-19,0.0,2026-07-18T18:28:11+00:00
EXP-002106,ACCT-000294,B0062,2031-01-19,70.73,2026-07-18T18:28:11+00:00
EXP-002107,ACCT-000018,B0062,2031-01-19,0.0,2026-07-18T18:28:11+00:00
EXP-002108,ACCT-000238,B0062,2031-01-19,0.0,2026-07-18T18:28:11+00:00
EXP-002109,ACCT-000118,B0062,2031-01-19,0.0,2026-07-18T18:28:11+00:00
EXP-002110,ACCT-000272,B0062,2031-01-19,0.0,2026-07-18T18:28:11+00:00
EXP-002111,ACCT-000289,B0062,2031-01-19,0.0,2026-07-18T18:28:11+00:00
EXP-002112,ACCT-000121,B0062,2031-01-19,0.0,2026-07-18T18:28:11+00:00
EXP-002113,ACCT-000163,B0062,2031-01-19,0.0,2026-07-18T18:28:11+00:00
EXP-002114,ACCT-000239,B0062,2031-01-19,0.0,2026-07-18T18:28:11+00:00
EXP-002115,ACCT-000146,B0062,2031-01-19,0.0,2026-07-18T18:28:11+00:00
EXP-002116,ACCT-000170,B0062,2031-01-19,0.0,2026-07-18T18:28:11+00:00
EXP-002117,ACCT-000299,B0062,2031-01-19,-2.37,2026-07-18T18:28:11+00:00
EXP-002118,ACCT-000300,B0062,2031-01-19,0.0,2026-07-18T18:28:11+00:00
EXP-002119,ACCT-000301,B0062,2031-01-19,0.0,2026-07-18T18:28:11+00:00
EXP-002120,ACCT-000154,B0063,2031-02-18,0.0,2026-07-18T19:41:46+00:00
EXP-002121,ACCT-000076,B0063,2031-02-18,0.0,2026-07-18T19:41:46+00:00
EXP-002122,ACCT-000070,B0063,2031-02-18,0.0,2026-07-18T19:41:46+00:00
EXP-002123,ACCT-000164,B0063,2031-02-18,0.0,2026-07-18T19:41:46+00:00
EXP-002124,ACCT-000147,B0063,2031-02-18,0.0,2026-07-18T19:41:46+00:00
EXP-002125,ACCT-000197,B0063,2031-02-18,0.0,2026-07-18T19:41:46+00:00
EXP-002126,ACCT-000260,B0063,2031-02-18,-12.27,2026-07-18T19:41:46+00:00
EXP-002127,ACCT-000006,B0063,2031-02-18,0.0,2026-07-18T19:41:46+00:00
EXP-002128,ACCT-000085,B0063,2031-02-18,0.0,2026-07-18T19:41:46+00:00
EXP-002129,ACCT-000248,B0063,2031-02-18,0.0,2026-07-18T19:41:46+00:00
EXP-002130,ACCT-000297,B0063,2031-02-18,0.0,2026-07-18T19:41:46+00:00
EXP-002131,ACCT-000099,B0063,2031-02-18,0.0,2026-07-18T19:41:46+00:00
EXP-002132,ACCT-000250,B0063,2031-02-18,-4.93,2026-07-18T19:41:46+00:00
EXP-002133,ACCT-000237,B0063,2031-02-18,0.0,2026-07-18T19:41:46+00:00
EXP-002134,ACCT-000152,B0063,2031-02-18,0.0,2026-07-18T19:41:46+00:00
EXP-002135,ACCT-000004,B0063,2031-02-18,0.0,2026-07-18T19:41:46+00:00
EXP-002136,ACCT-000239,B0063,2031-02-18,0.0,2026-07-18T19:41:46+00:00
EXP-002137,ACCT-000236,B0063,2031-02-18,0.0,2026-07-18T19:41:46+00:00
EXP-002138,ACCT-000113,B0063,2031-02-18,0.0,2026-07-18T19:41:46+00:00
EXP-002139,ACCT-000074,B0063,2031-02-18,0.0,2026-07-18T19:41:46+00:00
EXP-002140,ACCT-000101,B0063,2031-02-18,0.0,2026-07-18T19:41:46+00:00
EXP-002141,ACCT-000026,B0063,2031-02-18,0.0,2026-07-18T19:41:46+00:00
EXP-002142,ACCT-000168,B0063,2031-02-18,0.0,2026-07-18T19:41:46+00:00
EXP-002143,ACCT-000276,B0063,2031-02-18,63.66,2026-07-18T19:41:46+00:00
EXP-002144,ACCT-000119,B0063,2031-02-18,0.0,2026-07-18T19:41:46+00:00
EXP-002145,ACCT-000241,B0063,2031-02-18,0.0,2026-07-18T19:41:46+00:00
EXP-002146,ACCT-000175,B0063,2031-02-18,0.0,2026-07-18T19:41:46+00:00
EXP-002147,ACCT-000095,B0063,2031-02-18,0.0,2026-07-18T19:41:46+00:00
EXP-002148,ACCT-000284,B0063,2031-02-18,0.0,2026-07-18T19:41:46+00:00
EXP-002149,ACCT-000092,B0063,2031-02-18,0.0,2026-07-18T19:41:46+00:00
EXP-002150,ACCT-000047,B0063,2031-02-18,0.0,2026-07-18T19:41:46+00:00
EXP-002151,ACCT-000233,B0063,2031-02-18,0.0,2026-07-18T19:41:46+00:00
EXP-002152,ACCT-000016,B0063,2031-02-18,0.0,2026-07-18T19:41:46+00:00
EXP-002153,ACCT-000126,B0063,2031-02-18,0.0,2026-07-18T19:41:46+00:00
EXP-002154,ACCT-000302,B0063,2031-02-18,0.0,2026-07-18T19:41:46+00:00
EXP-002155,ACCT-000303,B0063,2031-02-18,0.0,2026-07-18T19:41:46+00:00
EXP-002156,ACCT-000304,B0063,2031-02-18,0.0,2026-07-18T19:41:46+00:00
EXP-002157,ACCT-000119,B0064,2031-03-20,0.0,2026-07-18T20:38:57+00:00
EXP-002158,ACCT-000053,B0064,2031-03-20,0.0,2026-07-18T20:38:57+00:00
EXP-002159,ACCT-000026,B0064,2031-03-20,54.26,2026-07-18T20:38:57+00:00
EXP-002160,ACCT-000165,B0064,2031-03-20,0.0,2026-07-18T20:38:57+00:00
EXP-002161,ACCT-000083,B0064,2031-03-20,0.0,2026-07-18T20:38:57+00:00
EXP-002162,ACCT-000278,B0064,2031-03-20,0.0,2026-07-18T20:38:57+00:00
EXP-002163,ACCT-000161,B0064,2031-03-20,-5.4,2026-07-18T20:38:57+00:00
EXP-002164,ACCT-000244,B0064,2031-03-20,0.0,2026-07-18T20:38:57+00:00
EXP-002165,ACCT-000173,B0064,2031-03-20,0.0,2026-07-18T20:38:57+00:00
EXP-002166,ACCT-000214,B0064,2031-03-20,0.0,2026-07-18T20:38:57+00:00
EXP-002167,ACCT-000060,B0064,2031-03-20,0.0,2026-07-18T20:38:57+00:00
EXP-002168,ACCT-000023,B0064,2031-03-20,0.0,2026-07-18T20:38:57+00:00
EXP-002169,ACCT-000113,B0064,2031-03-20,0.0,2026-07-18T20:38:57+00:00
EXP-002170,ACCT-000176,B0064,2031-03-20,0.0,2026-07-18T20:38:57+00:00
EXP-002171,ACCT-000186,B0064,2031-03-20,0.0,2026-07-18T20:38:57+00:00
EXP-002172,ACCT-000275,B0064,2031-03-20,0.0,2026-07-18T20:38:57+00:00
EXP-002173,ACCT-000055,B0064,2031-03-20,0.0,2026-07-18T20:38:57+00:00
EXP-002174,ACCT-000162,B0064,2031-03-20,0.0,2026-07-18T20:38:57+00:00
EXP-002175,ACCT-000177,B0064,2031-03-20,0.0,2026-07-18T20:38:57+00:00
EXP-002176,ACCT-000142,B0064,2031-03-20,0.0,2026-07-18T20:38:57+00:00
EXP-002177,ACCT-000078,B0064,2031-03-20,0.0,2026-07-18T20:38:57+00:00
EXP-002178,ACCT-000017,B0064,2031-03-20,0.0,2026-07-18T20:38:57+00:00
EXP-002179,ACCT-000074,B0064,2031-03-20,0.0,2026-07-18T20:38:57+00:00
EXP-002180,ACCT-000248,B0064,2031-03-20,0.0,2026-07-18T20:38:57+00:00
EXP-002181,ACCT-000293,B0064,2031-03-20,0.0,2026-07-18T20:38:57+00:00
EXP-002182,ACCT-000305,B0064,2031-03-20,0.0,2026-07-18T20:38:57+00:00
EXP-002183,ACCT-000306,B0064,2031-03-20,0.0,2026-07-18T20:38:57+00:00
EXP-002184,ACCT-000307,B0064,2031-03-20,27.27,2026-07-18T20:38:57+00:00
EXP-002185,ACCT-000139,B0065,2031-04-19,0.0,2026-07-18T21:42:31+00:00
EXP-002186,ACCT-000057,B0065,2031-04-19,0.0,2026-07-18T21:42:31+00:00
EXP-002187,ACCT-000046,B0065,2031-04-19,0.0,2026-07-18T21:42:31+00:00
EXP-002188,ACCT-000144,B0065,2031-04-19,0.0,2026-07-18T21:42:31+00:00
EXP-002189,ACCT-000050,B0065,2031-04-19,0.0,2026-07-18T21:42:31+00:00
EXP-002190,ACCT-000235,B0065,2031-04-19,0.0,2026-07-18T21:42:31+00:00
EXP-002191,ACCT-000177,B0065,2031-04-19,0.0,2026-07-18T21:42:31+00:00
EXP-002192,ACCT-000110,B0065,2031-04-19,0.0,2026-07-18T21:42:31+00:00
EXP-002193,ACCT-000211,B0065,2031-04-19,0.0,2026-07-18T21:42:31+00:00
EXP-002194,ACCT-000238,B0065,2031-04-19,0.0,2026-07-18T21:42:31+00:00
EXP-002195,ACCT-000102,B0065,2031-04-19,0.0,2026-07-18T21:42:31+00:00
EXP-002196,ACCT-000216,B0065,2031-04-19,0.0,2026-07-18T21:42:31+00:00
EXP-002197,ACCT-000137,B0065,2031-04-19,0.0,2026-07-18T21:42:31+00:00
EXP-002198,ACCT-000252,B0065,2031-04-19,0.0,2026-07-18T21:42:31+00:00
EXP-002199,ACCT-000243,B0065,2031-04-19,0.0,2026-07-18T21:42:31+00:00
EXP-002200,ACCT-000191,B0065,2031-04-19,0.0,2026-07-18T21:42:31+00:00
EXP-002201,ACCT-000135,B0065,2031-04-19,0.0,2026-07-18T21:42:31+00:00
EXP-002202,ACCT-000288,B0065,2031-04-19,0.0,2026-07-18T21:42:31+00:00
EXP-002203,ACCT-000245,B0065,2031-04-19,0.0,2026-07-18T21:42:31+00:00
EXP-002204,ACCT-000085,B0065,2031-04-19,0.0,2026-07-18T21:42:31+00:00
EXP-002205,ACCT-000249,B0065,2031-04-19,0.0,2026-07-18T21:42:31+00:00
EXP-002206,ACCT-000158,B0065,2031-04-19,0.0,2026-07-18T21:42:31+00:00
EXP-002207,ACCT-000306,B0065,2031-04-19,0.0,2026-07-18T21:42:31+00:00
EXP-002208,ACCT-000182,B0065,2031-04-19,0.0,2026-07-18T21:42:31+00:00
EXP-002209,ACCT-000239,B0065,2031-04-19,0.0,2026-07-18T21:42:31+00:00
EXP-002210,ACCT-000269,B0065,2031-04-19,0.0,2026-07-18T21:42:31+00:00
EXP-002211,ACCT-000108,B0065,2031-04-19,0.0,2026-07-18T21:42:31+00:00
EXP-002212,ACCT-000293,B0065,2031-04-19,0.0,2026-07-18T21:42:31+00:00
EXP-002213,ACCT-000122,B0065,2031-04-19,0.0,2026-07-18T21:42:31+00:00
EXP-002214,ACCT-000308,B0065,2031-04-19,0.0,2026-07-18T21:42:31+00:00
EXP-002215,ACCT-000309,B0065,2031-04-19,0.0,2026-07-18T21:42:31+00:00
EXP-002216,ACCT-000310,B0065,2031-04-19,0.0,2026-07-18T21:42:31+00:00
EXP-002217,ACCT-000296,B0066,2031-05-19,0.0,2026-07-18T22:42:02+00:00
EXP-002218,ACCT-000233,B0066,2031-05-19,0.0,2026-07-18T22:42:02+00:00
EXP-002219,ACCT-000208,B0066,2031-05-19,67.53,2026-07-18T22:42:02+00:00
EXP-002220,ACCT-000130,B0066,2031-05-19,0.0,2026-07-18T22:42:02+00:00
EXP-002221,ACCT-000005,B0066,2031-05-19,0.0,2026-07-18T22:42:02+00:00
EXP-002222,ACCT-000027,B0066,2031-05-19,0.0,2026-07-18T22:42:02+00:00
EXP-002223,ACCT-000106,B0066,2031-05-19,0.0,2026-07-18T22:42:02+00:00
EXP-002224,ACCT-000237,B0066,2031-05-19,0.0,2026-07-18T22:42:02+00:00
EXP-002225,ACCT-000075,B0066,2031-05-19,0.0,2026-07-18T22:42:02+00:00
EXP-002226,ACCT-000272,B0066,2031-05-19,0.0,2026-07-18T22:42:02+00:00
EXP-002227,ACCT-000285,B0066,2031-05-19,0.0,2026-07-18T22:42:02+00:00
EXP-002228,ACCT-000138,B0066,2031-05-19,0.0,2026-07-18T22:42:02+00:00
EXP-002229,ACCT-000104,B0066,2031-05-19,0.0,2026-07-18T22:42:02+00:00
EXP-002230,ACCT-000067,B0066,2031-05-19,0.0,2026-07-18T22:42:02+00:00
EXP-002231,ACCT-000161,B0066,2031-05-19,0.0,2026-07-18T22:42:02+00:00
EXP-002232,ACCT-000132,B0066,2031-05-19,0.0,2026-07-18T22:42:02+00:00
EXP-002233,ACCT-000107,B0066,2031-05-19,0.0,2026-07-18T22:42:02+00:00
EXP-002234,ACCT-000271,B0066,2031-05-19,0.0,2026-07-18T22:42:02+00:00
EXP-002235,ACCT-000060,B0066,2031-05-19,0.0,2026-07-18T22:42:02+00:00
EXP-002236,ACCT-000117,B0066,2031-05-19,0.0,2026-07-18T22:42:02+00:00
EXP-002237,ACCT-000074,B0066,2031-05-19,0.0,2026-07-18T22:42:02+00:00
EXP-002238,ACCT-000025,B0066,2031-05-19,0.0,2026-07-18T22:42:02+00:00
EXP-002239,ACCT-000076,B0066,2031-05-19,0.0,2026-07-18T22:42:02+00:00
EXP-002240,ACCT-000082,B0066,2031-05-19,0.0,2026-07-18T22:42:02+00:00
EXP-002241,ACCT-000134,B0066,2031-05-19,0.0,2026-07-18T22:42:02+00:00
EXP-002242,ACCT-000151,B0066,2031-05-19,0.0,2026-07-18T22:42:02+00:00
EXP-002243,ACCT-000214,B0066,2031-05-19,0.0,2026-07-18T22:42:02+00:00
EXP-002244,ACCT-000165,B0066,2031-05-19,0.0,2026-07-18T22:42:02+00:00
EXP-002245,ACCT-000311,B0066,2031-05-19,0.0,2026-07-18T22:42:02+00:00
EXP-002246,ACCT-000312,B0066,2031-05-19,0.0,2026-07-18T22:42:02+00:00
EXP-002247,ACCT-000283,B0067,2031-06-18,0.0,2026-07-18T23:44:12+00:00
EXP-002248,ACCT-000159,B0067,2031-06-18,0.0,2026-07-18T23:44:12+00:00
EXP-002249,ACCT-000260,B0067,2031-06-18,0.0,2026-07-18T23:44:12+00:00
EXP-002250,ACCT-000043,B0067,2031-06-18,0.0,2026-07-18T23:44:12+00:00
EXP-002251,ACCT-000294,B0067,2031-06-18,0.0,2026-07-18T23:44:12+00:00
EXP-002252,ACCT-000199,B0067,2031-06-18,0.0,2026-07-18T23:44:12+00:00
EXP-002253,ACCT-000302,B0067,2031-06-18,24.72,2026-07-18T23:44:12+00:00
EXP-002254,ACCT-000091,B0067,2031-06-18,0.0,2026-07-18T23:44:12+00:00
EXP-002255,ACCT-000071,B0067,2031-06-18,0.0,2026-07-18T23:44:12+00:00
EXP-002256,ACCT-000045,B0067,2031-06-18,0.0,2026-07-18T23:44:12+00:00
EXP-002257,ACCT-000272,B0067,2031-06-18,0.0,2026-07-18T23:44:12+00:00
EXP-002258,ACCT-000089,B0067,2031-06-18,0.0,2026-07-18T23:44:12+00:00
EXP-002259,ACCT-000129,B0067,2031-06-18,0.0,2026-07-18T23:44:12+00:00
EXP-002260,ACCT-000150,B0067,2031-06-18,-8.3,2026-07-18T23:44:12+00:00
EXP-002261,ACCT-000066,B0067,2031-06-18,0.0,2026-07-18T23:44:12+00:00
EXP-002262,ACCT-000284,B0067,2031-06-18,0.0,2026-07-18T23:44:12+00:00
EXP-002263,ACCT-000237,B0067,2031-06-18,0.0,2026-07-18T23:44:12+00:00
EXP-002264,ACCT-000093,B0067,2031-06-18,0.0,2026-07-18T23:44:12+00:00
EXP-002265,ACCT-000140,B0067,2031-06-18,-1.29,2026-07-18T23:44:12+00:00
EXP-002266,ACCT-000012,B0067,2031-06-18,0.0,2026-07-18T23:44:12+00:00
EXP-002267,ACCT-000265,B0067,2031-06-18,0.0,2026-07-18T23:44:12+00:00
EXP-002268,ACCT-000042,B0067,2031-06-18,0.0,2026-07-18T23:44:12+00:00
EXP-002269,ACCT-000076,B0067,2031-06-18,0.0,2026-07-18T23:44:12+00:00
EXP-002270,ACCT-000095,B0067,2031-06-18,0.0,2026-07-18T23:44:12+00:00
EXP-002271,ACCT-000161,B0067,2031-06-18,0.0,2026-07-18T23:44:12+00:00
EXP-002272,ACCT-000198,B0067,2031-06-18,0.0,2026-07-18T23:44:12+00:00
EXP-002273,ACCT-000087,B0067,2031-06-18,0.0,2026-07-18T23:44:12+00:00
EXP-002274,ACCT-000296,B0067,2031-06-18,0.0,2026-07-18T23:44:12+00:00
EXP-002275,ACCT-000241,B0067,2031-06-18,0.0,2026-07-18T23:44:12+00:00
EXP-002276,ACCT-000078,B0067,2031-06-18,0.0,2026-07-18T23:44:12+00:00
EXP-002277,ACCT-000303,B0067,2031-06-18,0.0,2026-07-18T23:44:12+00:00
EXP-002278,ACCT-000254,B0067,2031-06-18,0.0,2026-07-18T23:44:12+00:00
EXP-002279,ACCT-000109,B0067,2031-06-18,0.0,2026-07-18T23:44:12+00:00
EXP-002280,ACCT-000105,B0067,2031-06-18,0.0,2026-07-18T23:44:12+00:00
EXP-002281,ACCT-000313,B0067,2031-06-18,64.73,2026-07-18T23:44:12+00:00
EXP-002282,ACCT-000314,B0067,2031-06-18,0.0,2026-07-18T23:44:12+00:00
EXP-002283,ACCT-000117,B0068,2031-07-18,0.0,2026-07-19T01:53:56+00:00
EXP-002284,ACCT-000126,B0068,2031-07-18,0.0,2026-07-19T01:53:56+00:00
EXP-002285,ACCT-000313,B0068,2031-07-18,0.0,2026-07-19T01:53:56+00:00
EXP-002286,ACCT-000182,B0068,2031-07-18,0.0,2026-07-19T01:53:56+00:00
EXP-002287,ACCT-000059,B0068,2031-07-18,0.0,2026-07-19T01:53:56+00:00
EXP-002288,ACCT-000094,B0068,2031-07-18,0.0,2026-07-19T01:53:56+00:00
EXP-002289,ACCT-000104,B0068,2031-07-18,0.0,2026-07-19T01:53:56+00:00
EXP-002290,ACCT-000234,B0068,2031-07-18,0.0,2026-07-19T01:53:56+00:00
EXP-002291,ACCT-000062,B0068,2031-07-18,0.0,2026-07-19T01:53:56+00:00
EXP-002292,ACCT-000073,B0068,2031-07-18,0.0,2026-07-19T01:53:56+00:00
EXP-002293,ACCT-000210,B0068,2031-07-18,0.0,2026-07-19T01:53:56+00:00
EXP-002294,ACCT-000288,B0068,2031-07-18,0.0,2026-07-19T01:53:56+00:00
EXP-002295,ACCT-000174,B0068,2031-07-18,0.0,2026-07-19T01:53:56+00:00
EXP-002296,ACCT-000091,B0068,2031-07-18,0.0,2026-07-19T01:53:56+00:00
EXP-002297,ACCT-000287,B0068,2031-07-18,0.0,2026-07-19T01:53:56+00:00
EXP-002298,ACCT-000097,B0068,2031-07-18,0.0,2026-07-19T01:53:56+00:00
EXP-002299,ACCT-000153,B0068,2031-07-18,0.0,2026-07-19T01:53:56+00:00
EXP-002300,ACCT-000237,B0068,2031-07-18,0.0,2026-07-19T01:53:56+00:00
EXP-002301,ACCT-000216,B0068,2031-07-18,0.0,2026-07-19T01:53:56+00:00
EXP-002302,ACCT-000244,B0068,2031-07-18,0.0,2026-07-19T01:53:56+00:00
EXP-002303,ACCT-000310,B0068,2031-07-18,-4.42,2026-07-19T01:53:56+00:00
EXP-002304,ACCT-000179,B0068,2031-07-18,0.0,2026-07-19T01:53:56+00:00
EXP-002305,ACCT-000003,B0068,2031-07-18,0.0,2026-07-19T01:53:56+00:00
EXP-002306,ACCT-000240,B0068,2031-07-18,0.0,2026-07-19T01:53:56+00:00
EXP-002307,ACCT-000208,B0068,2031-07-18,0.0,2026-07-19T01:53:56+00:00
EXP-002308,ACCT-000290,B0068,2031-07-18,0.0,2026-07-19T01:53:56+00:00
EXP-002309,ACCT-000149,B0068,2031-07-18,0.0,2026-07-19T01:53:56+00:00
EXP-002310,ACCT-000312,B0068,2031-07-18,0.0,2026-07-19T01:53:56+00:00
EXP-002311,ACCT-000017,B0068,2031-07-18,0.0,2026-07-19T01:53:56+00:00
EXP-002312,ACCT-000187,B0068,2031-07-18,0.0,2026-07-19T01:53:56+00:00
EXP-002313,ACCT-000232,B0068,2031-07-18,0.0,2026-07-19T01:53:56+00:00
EXP-002314,ACCT-000188,B0068,2031-07-18,0.0,2026-07-19T01:53:56+00:00
EXP-002315,ACCT-000095,B0068,2031-07-18,0.0,2026-07-19T01:53:56+00:00
EXP-002316,ACCT-000168,B0068,2031-07-18,0.0,2026-07-19T01:53:56+00:00
EXP-002317,ACCT-000315,B0068,2031-07-18,0.0,2026-07-19T01:53:56+00:00
EXP-002318,ACCT-000316,B0068,2031-07-18,0.0,2026-07-19T01:53:56+00:00
EXP-002319,ACCT-000317,B0068,2031-07-18,0.0,2026-07-19T01:53:56+00:00
EXP-002320,ACCT-000318,B0068,2031-07-18,0.0,2026-07-19T01:53:56+00:00
EXP-002321,ACCT-000155,B0069,2031-08-17,0.0,2026-07-19T05:15:16+00:00
EXP-002322,ACCT-000048,B0069,2031-08-17,0.0,2026-07-19T05:15:16+00:00
EXP-002323,ACCT-000101,B0069,2031-08-17,0.0,2026-07-19T05:15:16+00:00
EXP-002324,ACCT-000161,B0069,2031-08-17,-3.82,2026-07-19T05:15:16+00:00
EXP-002325,ACCT-000087,B0069,2031-08-17,0.0,2026-07-19T05:15:16+00:00
EXP-002326,ACCT-000240,B0069,2031-08-17,0.0,2026-07-19T05:15:16+00:00
EXP-002327,ACCT-000300,B0069,2031-08-17,0.0,2026-07-19T05:15:16+00:00
EXP-002328,ACCT-000254,B0069,2031-08-17,0.0,2026-07-19T05:15:16+00:00
EXP-002329,ACCT-000027,B0069,2031-08-17,-14.75,2026-07-19T05:15:16+00:00
EXP-002330,ACCT-000011,B0069,2031-08-17,9.08,2026-07-19T05:15:16+00:00
EXP-002331,ACCT-000251,B0069,2031-08-17,0.0,2026-07-19T05:15:16+00:00
EXP-002332,ACCT-000194,B0069,2031-08-17,0.0,2026-07-19T05:15:16+00:00
EXP-002333,ACCT-000228,B0069,2031-08-17,0.0,2026-07-19T05:15:16+00:00
EXP-002334,ACCT-000168,B0069,2031-08-17,0.0,2026-07-19T05:15:16+00:00
EXP-002335,ACCT-000204,B0069,2031-08-17,0.0,2026-07-19T05:15:16+00:00
EXP-002336,ACCT-000293,B0069,2031-08-17,0.0,2026-07-19T05:15:16+00:00
EXP-002337,ACCT-000140,B0069,2031-08-17,0.0,2026-07-19T05:15:16+00:00
EXP-002338,ACCT-000072,B0069,2031-08-17,23.01,2026-07-19T05:15:16+00:00
EXP-002339,ACCT-000089,B0069,2031-08-17,0.0,2026-07-19T05:15:16+00:00
EXP-002340,ACCT-000009,B0069,2031-08-17,0.0,2026-07-19T05:15:16+00:00
EXP-002341,ACCT-000273,B0069,2031-08-17,0.0,2026-07-19T05:15:16+00:00
EXP-002342,ACCT-000176,B0069,2031-08-17,15.36,2026-07-19T05:15:16+00:00
EXP-002343,ACCT-000029,B0069,2031-08-17,0.0,2026-07-19T05:15:16+00:00
EXP-002344,ACCT-000150,B0069,2031-08-17,0.0,2026-07-19T05:15:16+00:00
EXP-002345,ACCT-000302,B0069,2031-08-17,0.0,2026-07-19T05:15:16+00:00
EXP-002346,ACCT-000180,B0069,2031-08-17,0.0,2026-07-19T05:15:16+00:00
EXP-002347,ACCT-000319,B0069,2031-08-17,0.0,2026-07-19T05:15:16+00:00
EXP-002348,ACCT-000320,B0069,2031-08-17,0.0,2026-07-19T05:15:16+00:00
EXP-002349,ACCT-000321,B0069,2031-08-17,0.0,2026-07-19T05:15:16+00:00
EXP-002350,ACCT-000322,B0069,2031-08-17,0.0,2026-07-19T05:15:16+00:00
EXP-002351,ACCT-000270,B0070,2031-09-16,0.0,2026-07-19T07:38:37+00:00
EXP-002352,ACCT-000141,B0070,2031-09-16,0.0,2026-07-19T07:38:37+00:00
EXP-002353,ACCT-000074,B0070,2031-09-16,0.0,2026-07-19T07:38:37+00:00
EXP-002354,ACCT-000125,B0070,2031-09-16,62.86,2026-07-19T07:38:37+00:00
EXP-002355,ACCT-000088,B0070,2031-09-16,0.0,2026-07-19T07:38:37+00:00
EXP-002356,ACCT-000129,B0070,2031-09-16,0.0,2026-07-19T07:38:37+00:00
EXP-002357,ACCT-000245,B0070,2031-09-16,0.0,2026-07-19T07:38:37+00:00
EXP-002358,ACCT-000312,B0070,2031-09-16,0.0,2026-07-19T07:38:37+00:00
EXP-002359,ACCT-000289,B0070,2031-09-16,0.0,2026-07-19T07:38:37+00:00
EXP-002360,ACCT-000247,B0070,2031-09-16,0.0,2026-07-19T07:38:37+00:00
EXP-002361,ACCT-000032,B0070,2031-09-16,0.0,2026-07-19T07:38:37+00:00
EXP-002362,ACCT-000003,B0070,2031-09-16,45.14,2026-07-19T07:38:37+00:00
EXP-002363,ACCT-000092,B0070,2031-09-16,4.04,2026-07-19T07:38:37+00:00
EXP-002364,ACCT-000192,B0070,2031-09-16,0.0,2026-07-19T07:38:37+00:00
EXP-002365,ACCT-000220,B0070,2031-09-16,0.0,2026-07-19T07:38:37+00:00
EXP-002366,ACCT-000184,B0070,2031-09-16,0.0,2026-07-19T07:38:37+00:00
EXP-002367,ACCT-000126,B0070,2031-09-16,0.0,2026-07-19T07:38:37+00:00
EXP-002368,ACCT-000098,B0070,2031-09-16,0.0,2026-07-19T07:38:37+00:00
EXP-002369,ACCT-000272,B0070,2031-09-16,0.0,2026-07-19T07:38:37+00:00
EXP-002370,ACCT-000051,B0070,2031-09-16,0.0,2026-07-19T07:38:37+00:00
EXP-002371,ACCT-000046,B0070,2031-09-16,0.0,2026-07-19T07:38:37+00:00
EXP-002372,ACCT-000201,B0070,2031-09-16,0.0,2026-07-19T07:38:37+00:00
EXP-002373,ACCT-000309,B0070,2031-09-16,0.0,2026-07-19T07:38:37+00:00
EXP-002374,ACCT-000024,B0070,2031-09-16,0.0,2026-07-19T07:38:37+00:00
EXP-002375,ACCT-000018,B0070,2031-09-16,0.0,2026-07-19T07:38:37+00:00
EXP-002376,ACCT-000254,B0070,2031-09-16,0.0,2026-07-19T07:38:37+00:00
EXP-002377,ACCT-000293,B0070,2031-09-16,0.0,2026-07-19T07:38:37+00:00
EXP-002378,ACCT-000022,B0070,2031-09-16,0.0,2026-07-19T07:38:37+00:00
EXP-002379,ACCT-000299,B0070,2031-09-16,0.0,2026-07-19T07:38:37+00:00
EXP-002380,ACCT-000228,B0070,2031-09-16,0.0,2026-07-19T07:38:37+00:00
EXP-002381,ACCT-000232,B0070,2031-09-16,0.0,2026-07-19T07:38:37+00:00
EXP-002382,ACCT-000038,B0070,2031-09-16,0.0,2026-07-19T07:38:37+00:00
EXP-002383,ACCT-000323,B0070,2031-09-16,0.0,2026-07-19T07:38:37+00:00
EXP-002384,ACCT-000324,B0070,2031-09-16,0.0,2026-07-19T07:38:37+00:00
EXP-002385,ACCT-000325,B0070,2031-09-16,0.0,2026-07-19T07:38:37+00:00
EXP-002386,ACCT-000326,B0070,2031-09-16,0.0,2026-07-19T07:38:37+00:00
EXP-002387,ACCT-000282,B0071,2031-10-16,6.35,2026-07-19T09:46:09+00:00
EXP-002388,ACCT-000113,B0071,2031-10-16,0.0,2026-07-19T09:46:09+00:00
EXP-002389,ACCT-000180,B0071,2031-10-16,0.0,2026-07-19T09:46:09+00:00
EXP-002390,ACCT-000131,B0071,2031-10-16,0.0,2026-07-19T09:46:09+00:00
EXP-002391,ACCT-000097,B0071,2031-10-16,0.0,2026-07-19T09:46:09+00:00
EXP-002392,ACCT-000015,B0071,2031-10-16,0.0,2026-07-19T09:46:09+00:00
EXP-002393,ACCT-000158,B0071,2031-10-16,0.0,2026-07-19T09:46:09+00:00
EXP-002394,ACCT-000104,B0071,2031-10-16,0.0,2026-07-19T09:46:09+00:00
EXP-002395,ACCT-000067,B0071,2031-10-16,0.0,2026-07-19T09:46:09+00:00
EXP-002396,ACCT-000183,B0071,2031-10-16,0.0,2026-07-19T09:46:09+00:00
EXP-002397,ACCT-000071,B0071,2031-10-16,0.0,2026-07-19T09:46:09+00:00
EXP-002398,ACCT-000012,B0071,2031-10-16,0.0,2026-07-19T09:46:09+00:00
EXP-002399,ACCT-000322,B0071,2031-10-16,0.0,2026-07-19T09:46:09+00:00
EXP-002400,ACCT-000300,B0071,2031-10-16,53.89,2026-07-19T09:46:09+00:00
EXP-002401,ACCT-000292,B0071,2031-10-16,0.0,2026-07-19T09:46:09+00:00
EXP-002402,ACCT-000226,B0071,2031-10-16,0.0,2026-07-19T09:46:09+00:00
EXP-002403,ACCT-000171,B0071,2031-10-16,0.0,2026-07-19T09:46:09+00:00
EXP-002404,ACCT-000206,B0071,2031-10-16,0.0,2026-07-19T09:46:09+00:00
EXP-002405,ACCT-000018,B0071,2031-10-16,0.0,2026-07-19T09:46:09+00:00
EXP-002406,ACCT-000258,B0071,2031-10-16,0.0,2026-07-19T09:46:09+00:00
EXP-002407,ACCT-000192,B0071,2031-10-16,0.0,2026-07-19T09:46:09+00:00
EXP-002408,ACCT-000056,B0071,2031-10-16,0.0,2026-07-19T09:46:09+00:00
EXP-002409,ACCT-000271,B0071,2031-10-16,0.0,2026-07-19T09:46:09+00:00
EXP-002410,ACCT-000058,B0071,2031-10-16,0.0,2026-07-19T09:46:09+00:00
EXP-002411,ACCT-000041,B0071,2031-10-16,0.0,2026-07-19T09:46:09+00:00
EXP-002412,ACCT-000277,B0071,2031-10-16,0.0,2026-07-19T09:46:09+00:00
EXP-002413,ACCT-000214,B0071,2031-10-16,0.0,2026-07-19T09:46:09+00:00
EXP-002414,ACCT-000327,B0071,2031-10-16,0.0,2026-07-19T09:46:09+00:00
EXP-002415,ACCT-000328,B0071,2031-10-16,0.0,2026-07-19T09:46:09+00:00
EXP-002416,ACCT-000329,B0071,2031-10-16,0.0,2026-07-19T09:46:09+00:00
EXP-002417,ACCT-000086,B0072,2031-11-15,0.0,2026-07-19T11:05:49+00:00
EXP-002418,ACCT-000022,B0072,2031-11-15,0.0,2026-07-19T11:05:49+00:00
EXP-002419,ACCT-000279,B0072,2031-11-15,0.0,2026-07-19T11:05:49+00:00
EXP-002420,ACCT-000046,B0072,2031-11-15,0.0,2026-07-19T11:05:49+00:00
EXP-002421,ACCT-000304,B0072,2031-11-15,0.0,2026-07-19T11:05:49+00:00
EXP-002422,ACCT-000130,B0072,2031-11-15,0.0,2026-07-19T11:05:49+00:00
EXP-002423,ACCT-000157,B0072,2031-11-15,0.0,2026-07-19T11:05:49+00:00
EXP-002424,ACCT-000256,B0072,2031-11-15,5.63,2026-07-19T11:05:49+00:00
EXP-002425,ACCT-000105,B0072,2031-11-15,0.0,2026-07-19T11:05:49+00:00
EXP-002426,ACCT-000149,B0072,2031-11-15,50.76,2026-07-19T11:05:49+00:00
EXP-002427,ACCT-000062,B0072,2031-11-15,0.0,2026-07-19T11:05:49+00:00
EXP-002428,ACCT-000002,B0072,2031-11-15,0.0,2026-07-19T11:05:49+00:00
EXP-002429,ACCT-000052,B0072,2031-11-15,0.0,2026-07-19T11:05:49+00:00
EXP-002430,ACCT-000126,B0072,2031-11-15,0.0,2026-07-19T11:05:49+00:00
EXP-002431,ACCT-000084,B0072,2031-11-15,12.93,2026-07-19T11:05:49+00:00
EXP-002432,ACCT-000050,B0072,2031-11-15,0.0,2026-07-19T11:05:49+00:00
EXP-002433,ACCT-000178,B0072,2031-11-15,0.0,2026-07-19T11:05:49+00:00
EXP-002434,ACCT-000005,B0072,2031-11-15,0.0,2026-07-19T11:05:49+00:00
EXP-002435,ACCT-000148,B0072,2031-11-15,0.0,2026-07-19T11:05:49+00:00
EXP-002436,ACCT-000018,B0072,2031-11-15,0.0,2026-07-19T11:05:49+00:00
EXP-002437,ACCT-000227,B0072,2031-11-15,0.0,2026-07-19T11:05:49+00:00
EXP-002438,ACCT-000287,B0072,2031-11-15,0.0,2026-07-19T11:05:49+00:00
EXP-002439,ACCT-000144,B0072,2031-11-15,0.0,2026-07-19T11:05:49+00:00
EXP-002440,ACCT-000238,B0072,2031-11-15,0.0,2026-07-19T11:05:49+00:00
EXP-002441,ACCT-000316,B0072,2031-11-15,0.0,2026-07-19T11:05:49+00:00
EXP-002442,ACCT-000030,B0072,2031-11-15,0.0,2026-07-19T11:05:49+00:00
EXP-002443,ACCT-000330,B0072,2031-11-15,0.0,2026-07-19T11:05:49+00:00
EXP-002444,ACCT-000331,B0072,2031-11-15,0.0,2026-07-19T11:05:49+00:00
EXP-002445,ACCT-000332,B0072,2031-11-15,0.0,2026-07-19T11:05:49+00:00
EXP-002446,ACCT-000328,B0073,2031-12-15,0.0,2026-07-19T12:12:06+00:00
EXP-002447,ACCT-000123,B0073,2031-12-15,0.0,2026-07-19T12:12:06+00:00
EXP-002448,ACCT-000145,B0073,2031-12-15,0.0,2026-07-19T12:12:06+00:00
EXP-002449,ACCT-000011,B0073,2031-12-15,0.0,2026-07-19T12:12:06+00:00
EXP-002450,ACCT-000108,B0073,2031-12-15,0.0,2026-07-19T12:12:06+00:00
EXP-002451,ACCT-000001,B0073,2031-12-15,0.0,2026-07-19T12:12:06+00:00
EXP-002452,ACCT-000306,B0073,2031-12-15,0.0,2026-07-19T12:12:06+00:00
EXP-002453,ACCT-000193,B0073,2031-12-15,0.0,2026-07-19T12:12:06+00:00
EXP-002454,ACCT-000125,B0073,2031-12-15,22.19,2026-07-19T12:12:06+00:00
EXP-002455,ACCT-000048,B0073,2031-12-15,0.0,2026-07-19T12:12:06+00:00
EXP-002456,ACCT-000237,B0073,2031-12-15,0.0,2026-07-19T12:12:06+00:00
EXP-002457,ACCT-000321,B0073,2031-12-15,0.0,2026-07-19T12:12:06+00:00
EXP-002458,ACCT-000114,B0073,2031-12-15,0.0,2026-07-19T12:12:06+00:00
EXP-002459,ACCT-000221,B0073,2031-12-15,0.0,2026-07-19T12:12:06+00:00
EXP-002460,ACCT-000090,B0073,2031-12-15,0.0,2026-07-19T12:12:06+00:00
EXP-002461,ACCT-000098,B0073,2031-12-15,0.0,2026-07-19T12:12:06+00:00
EXP-002462,ACCT-000122,B0073,2031-12-15,0.0,2026-07-19T12:12:06+00:00
EXP-002463,ACCT-000241,B0073,2031-12-15,0.0,2026-07-19T12:12:06+00:00
EXP-002464,ACCT-000182,B0073,2031-12-15,0.0,2026-07-19T12:12:06+00:00
EXP-002465,ACCT-000157,B0073,2031-12-15,32.89,2026-07-19T12:12:06+00:00
EXP-002466,ACCT-000288,B0073,2031-12-15,0.0,2026-07-19T12:12:06+00:00
EXP-002467,ACCT-000073,B0073,2031-12-15,0.0,2026-07-19T12:12:06+00:00
EXP-002468,ACCT-000033,B0073,2031-12-15,8.14,2026-07-19T12:12:06+00:00
EXP-002469,ACCT-000210,B0073,2031-12-15,0.0,2026-07-19T12:12:06+00:00
EXP-002470,ACCT-000151,B0073,2031-12-15,0.0,2026-07-19T12:12:06+00:00
EXP-002471,ACCT-000015,B0073,2031-12-15,0.0,2026-07-19T12:12:06+00:00
EXP-002472,ACCT-000249,B0073,2031-12-15,0.0,2026-07-19T12:12:06+00:00
EXP-002473,ACCT-000110,B0073,2031-12-15,0.0,2026-07-19T12:12:06+00:00
EXP-002474,ACCT-000100,B0073,2031-12-15,0.0,2026-07-19T12:12:06+00:00
EXP-002475,ACCT-000099,B0073,2031-12-15,0.0,2026-07-19T12:12:06+00:00
EXP-002476,ACCT-000029,B0073,2031-12-15,0.0,2026-07-19T12:12:06+00:00
EXP-002477,ACCT-000045,B0073,2031-12-15,0.0,2026-07-19T12:12:06+00:00
EXP-002478,ACCT-000272,B0073,2031-12-15,0.0,2026-07-19T12:12:06+00:00
EXP-002479,ACCT-000333,B0073,2031-12-15,0.0,2026-07-19T12:12:06+00:00
EXP-002480,ACCT-000334,B0073,2031-12-15,0.0,2026-07-19T12:12:06+00:00
EXP-002481,ACCT-000235,B0074,2032-01-14,0.0,2026-07-19T13:59:55+00:00
EXP-002482,ACCT-000238,B0074,2032-01-14,13.86,2026-07-19T13:59:55+00:00
EXP-002483,ACCT-000173,B0074,2032-01-14,0.0,2026-07-19T13:59:55+00:00
EXP-002484,ACCT-000105,B0074,2032-01-14,0.0,2026-07-19T13:59:55+00:00
EXP-002485,ACCT-000197,B0074,2032-01-14,0.0,2026-07-19T13:59:55+00:00
EXP-002486,ACCT-000055,B0074,2032-01-14,0.0,2026-07-19T13:59:55+00:00
EXP-002487,ACCT-000333,B0074,2032-01-14,0.0,2026-07-19T13:59:55+00:00
EXP-002488,ACCT-000204,B0074,2032-01-14,0.0,2026-07-19T13:59:55+00:00
EXP-002489,ACCT-000332,B0074,2032-01-14,0.0,2026-07-19T13:59:55+00:00
EXP-002490,ACCT-000114,B0074,2032-01-14,0.0,2026-07-19T13:59:55+00:00
EXP-002491,ACCT-000054,B0074,2032-01-14,0.0,2026-07-19T13:59:55+00:00
EXP-002492,ACCT-000222,B0074,2032-01-14,0.0,2026-07-19T13:59:55+00:00
EXP-002493,ACCT-000280,B0074,2032-01-14,0.0,2026-07-19T13:59:55+00:00
EXP-002494,ACCT-000276,B0074,2032-01-14,0.0,2026-07-19T13:59:55+00:00
EXP-002495,ACCT-000062,B0074,2032-01-14,0.0,2026-07-19T13:59:55+00:00
EXP-002496,ACCT-000304,B0074,2032-01-14,0.0,2026-07-19T13:59:55+00:00
EXP-002497,ACCT-000031,B0074,2032-01-14,0.0,2026-07-19T13:59:55+00:00
EXP-002498,ACCT-000195,B0074,2032-01-14,0.0,2026-07-19T13:59:55+00:00
EXP-002499,ACCT-000176,B0074,2032-01-14,0.0,2026-07-19T13:59:55+00:00
EXP-002500,ACCT-000246,B0074,2032-01-14,0.0,2026-07-19T13:59:55+00:00
EXP-002501,ACCT-000154,B0074,2032-01-14,0.0,2026-07-19T13:59:55+00:00
EXP-002502,ACCT-000299,B0074,2032-01-14,0.0,2026-07-19T13:59:55+00:00
EXP-002503,ACCT-000224,B0074,2032-01-14,0.0,2026-07-19T13:59:55+00:00
EXP-002504,ACCT-000179,B0074,2032-01-14,0.0,2026-07-19T13:59:55+00:00
EXP-002505,ACCT-000230,B0074,2032-01-14,0.0,2026-07-19T13:59:55+00:00
EXP-002506,ACCT-000320,B0074,2032-01-14,0.0,2026-07-19T13:59:55+00:00
EXP-002507,ACCT-000228,B0074,2032-01-14,0.0,2026-07-19T13:59:55+00:00
EXP-002508,ACCT-000310,B0074,2032-01-14,0.0,2026-07-19T13:59:55+00:00
EXP-002509,ACCT-000008,B0074,2032-01-14,0.0,2026-07-19T13:59:55+00:00
EXP-002510,ACCT-000335,B0074,2032-01-14,0.0,2026-07-19T13:59:55+00:00
EXP-002511,ACCT-000336,B0074,2032-01-14,0.0,2026-07-19T13:59:55+00:00
EXP-002512,ACCT-000337,B0074,2032-01-14,0.0,2026-07-19T13:59:55+00:00
EXP-002513,ACCT-000326,B0075,2032-02-13,-5.81,2026-07-19T14:59:57+00:00
EXP-002514,ACCT-000110,B0075,2032-02-13,0.0,2026-07-19T14:59:57+00:00
EXP-002515,ACCT-000296,B0075,2032-02-13,0.0,2026-07-19T14:59:57+00:00
EXP-002516,ACCT-000190,B0075,2032-02-13,0.0,2026-07-19T14:59:57+00:00
EXP-002517,ACCT-000168,B0075,2032-02-13,0.0,2026-07-19T14:59:57+00:00
EXP-002518,ACCT-000094,B0075,2032-02-13,0.0,2026-07-19T14:59:57+00:00
EXP-002519,ACCT-000312,B0075,2032-02-13,0.0,2026-07-19T14:59:57+00:00
EXP-002520,ACCT-000001,B0075,2032-02-13,0.0,2026-07-19T14:59:57+00:00
EXP-002521,ACCT-000101,B0075,2032-02-13,0.0,2026-07-19T14:59:57+00:00
EXP-002522,ACCT-000173,B0075,2032-02-13,27.72,2026-07-19T14:59:57+00:00
EXP-002523,ACCT-000276,B0075,2032-02-13,-5.55,2026-07-19T14:59:57+00:00
EXP-002524,ACCT-000086,B0075,2032-02-13,0.0,2026-07-19T14:59:57+00:00
EXP-002525,ACCT-000122,B0075,2032-02-13,0.0,2026-07-19T14:59:57+00:00
EXP-002526,ACCT-000324,B0075,2032-02-13,0.0,2026-07-19T14:59:57+00:00
EXP-002527,ACCT-000266,B0075,2032-02-13,0.0,2026-07-19T14:59:57+00:00
EXP-002528,ACCT-000285,B0075,2032-02-13,0.0,2026-07-19T14:59:57+00:00
EXP-002529,ACCT-000013,B0075,2032-02-13,0.0,2026-07-19T14:59:57+00:00
EXP-002530,ACCT-000200,B0075,2032-02-13,0.0,2026-07-19T14:59:57+00:00
EXP-002531,ACCT-000192,B0075,2032-02-13,0.0,2026-07-19T14:59:57+00:00
EXP-002532,ACCT-000247,B0075,2032-02-13,0.0,2026-07-19T14:59:57+00:00
EXP-002533,ACCT-000275,B0075,2032-02-13,0.0,2026-07-19T14:59:57+00:00
EXP-002534,ACCT-000283,B0075,2032-02-13,0.0,2026-07-19T14:59:57+00:00
EXP-002535,ACCT-000064,B0075,2032-02-13,0.0,2026-07-19T14:59:57+00:00
EXP-002536,ACCT-000007,B0075,2032-02-13,0.0,2026-07-19T14:59:57+00:00
EXP-002537,ACCT-000062,B0075,2032-02-13,0.0,2026-07-19T14:59:57+00:00
EXP-002538,ACCT-000225,B0075,2032-02-13,0.0,2026-07-19T14:59:57+00:00
EXP-002539,ACCT-000257,B0075,2032-02-13,0.0,2026-07-19T14:59:57+00:00
EXP-002540,ACCT-000111,B0075,2032-02-13,0.0,2026-07-19T14:59:57+00:00
EXP-002541,ACCT-000085,B0075,2032-02-13,0.0,2026-07-19T14:59:57+00:00
EXP-002542,ACCT-000158,B0075,2032-02-13,0.0,2026-07-19T14:59:57+00:00
EXP-002543,ACCT-000145,B0075,2032-02-13,0.0,2026-07-19T14:59:57+00:00
EXP-002544,ACCT-000056,B0075,2032-02-13,0.0,2026-07-19T14:59:57+00:00
EXP-002545,ACCT-000105,B0075,2032-02-13,-8.76,2026-07-19T14:59:57+00:00
EXP-002546,ACCT-000144,B0075,2032-02-13,0.0,2026-07-19T14:59:57+00:00
EXP-002547,ACCT-000338,B0075,2032-02-13,0.0,2026-07-19T14:59:57+00:00
EXP-002548,ACCT-000339,B0075,2032-02-13,0.0,2026-07-19T14:59:57+00:00
EXP-002549,ACCT-000340,B0075,2032-02-13,72.76,2026-07-19T14:59:57+00:00
EXP-002550,ACCT-000341,B0075,2032-02-13,0.0,2026-07-19T14:59:57+00:00
EXP-002551,ACCT-000293,B0076,2032-03-14,0.0,2026-07-19T16:00:40+00:00
EXP-002552,ACCT-000089,B0076,2032-03-14,0.0,2026-07-19T16:00:40+00:00
EXP-002553,ACCT-000228,B0076,2032-03-14,0.0,2026-07-19T16:00:40+00:00
EXP-002554,ACCT-000204,B0076,2032-03-14,0.0,2026-07-19T16:00:40+00:00
EXP-002555,ACCT-000098,B0076,2032-03-14,0.0,2026-07-19T16:00:40+00:00
EXP-002556,ACCT-000200,B0076,2032-03-14,0.0,2026-07-19T16:00:40+00:00
EXP-002557,ACCT-000070,B0076,2032-03-14,-2.28,2026-07-19T16:00:40+00:00
EXP-002558,ACCT-000249,B0076,2032-03-14,0.0,2026-07-19T16:00:40+00:00
EXP-002559,ACCT-000144,B0076,2032-03-14,0.0,2026-07-19T16:00:40+00:00
EXP-002560,ACCT-000180,B0076,2032-03-14,79.87,2026-07-19T16:00:40+00:00
EXP-002561,ACCT-000195,B0076,2032-03-14,0.0,2026-07-19T16:00:40+00:00
EXP-002562,ACCT-000225,B0076,2032-03-14,0.0,2026-07-19T16:00:40+00:00
EXP-002563,ACCT-000075,B0076,2032-03-14,0.0,2026-07-19T16:00:40+00:00
EXP-002564,ACCT-000158,B0076,2032-03-14,0.0,2026-07-19T16:00:40+00:00
EXP-002565,ACCT-000049,B0076,2032-03-14,0.0,2026-07-19T16:00:40+00:00
EXP-002566,ACCT-000104,B0076,2032-03-14,0.0,2026-07-19T16:00:40+00:00
EXP-002567,ACCT-000328,B0076,2032-03-14,0.0,2026-07-19T16:00:40+00:00
EXP-002568,ACCT-000174,B0076,2032-03-14,0.0,2026-07-19T16:00:40+00:00
EXP-002569,ACCT-000121,B0076,2032-03-14,0.0,2026-07-19T16:00:40+00:00
EXP-002570,ACCT-000156,B0076,2032-03-14,0.0,2026-07-19T16:00:40+00:00
EXP-002571,ACCT-000093,B0076,2032-03-14,0.0,2026-07-19T16:00:40+00:00
EXP-002572,ACCT-000327,B0076,2032-03-14,0.0,2026-07-19T16:00:40+00:00
EXP-002573,ACCT-000252,B0076,2032-03-14,0.0,2026-07-19T16:00:40+00:00
EXP-002574,ACCT-000095,B0076,2032-03-14,-13.98,2026-07-19T16:00:40+00:00
EXP-002575,ACCT-000097,B0076,2032-03-14,0.0,2026-07-19T16:00:40+00:00
EXP-002576,ACCT-000062,B0076,2032-03-14,0.0,2026-07-19T16:00:40+00:00
EXP-002577,ACCT-000021,B0076,2032-03-14,0.0,2026-07-19T16:00:40+00:00
EXP-002578,ACCT-000287,B0076,2032-03-14,0.0,2026-07-19T16:00:40+00:00
EXP-002579,ACCT-000209,B0076,2032-03-14,0.0,2026-07-19T16:00:40+00:00
EXP-002580,ACCT-000323,B0076,2032-03-14,0.0,2026-07-19T16:00:40+00:00
EXP-002581,ACCT-000342,B0076,2032-03-14,0.0,2026-07-19T16:00:40+00:00
EXP-002582,ACCT-000343,B0076,2032-03-14,0.0,2026-07-19T16:00:40+00:00
EXP-002583,ACCT-000344,B0076,2032-03-14,11.75,2026-07-19T16:00:40+00:00
EXP-002584,ACCT-000283,B0077,2032-04-13,0.0,2026-07-19T17:30:37+00:00
EXP-002585,ACCT-000268,B0077,2032-04-13,-3.2,2026-07-19T17:30:37+00:00
EXP-002586,ACCT-000295,B0077,2032-04-13,-6.5,2026-07-19T17:30:37+00:00
EXP-002587,ACCT-000108,B0077,2032-04-13,0.0,2026-07-19T17:30:37+00:00
EXP-002588,ACCT-000056,B0077,2032-04-13,0.0,2026-07-19T17:30:37+00:00
EXP-002589,ACCT-000280,B0077,2032-04-13,0.0,2026-07-19T17:30:37+00:00
EXP-002590,ACCT-000081,B0077,2032-04-13,0.0,2026-07-19T17:30:37+00:00
EXP-002591,ACCT-000216,B0077,2032-04-13,0.0,2026-07-19T17:30:37+00:00
EXP-002592,ACCT-000071,B0077,2032-04-13,0.0,2026-07-19T17:30:37+00:00
EXP-002593,ACCT-000116,B0077,2032-04-13,0.0,2026-07-19T17:30:37+00:00
EXP-002594,ACCT-000102,B0077,2032-04-13,0.0,2026-07-19T17:30:37+00:00
EXP-002595,ACCT-000186,B0077,2032-04-13,23.29,2026-07-19T17:30:37+00:00
EXP-002596,ACCT-000101,B0077,2032-04-13,0.0,2026-07-19T17:30:37+00:00
EXP-002597,ACCT-000050,B0077,2032-04-13,0.0,2026-07-19T17:30:37+00:00
EXP-002598,ACCT-000136,B0077,2032-04-13,-4.04,2026-07-19T17:30:37+00:00
EXP-002599,ACCT-000298,B0077,2032-04-13,0.0,2026-07-19T17:30:37+00:00
EXP-002600,ACCT-000211,B0077,2032-04-13,0.0,2026-07-19T17:30:37+00:00
EXP-002601,ACCT-000026,B0077,2032-04-13,0.0,2026-07-19T17:30:37+00:00
EXP-002602,ACCT-000274,B0077,2032-04-13,40.85,2026-07-19T17:30:37+00:00
EXP-002603,ACCT-000290,B0077,2032-04-13,0.0,2026-07-19T17:30:37+00:00
EXP-002604,ACCT-000313,B0077,2032-04-13,0.0,2026-07-19T17:30:37+00:00
EXP-002605,ACCT-000289,B0077,2032-04-13,0.0,2026-07-19T17:30:37+00:00
EXP-002606,ACCT-000244,B0077,2032-04-13,0.0,2026-07-19T17:30:37+00:00
EXP-002607,ACCT-000093,B0077,2032-04-13,0.0,2026-07-19T17:30:37+00:00
EXP-002608,ACCT-000223,B0077,2032-04-13,33.87,2026-07-19T17:30:37+00:00
EXP-002609,ACCT-000153,B0077,2032-04-13,0.0,2026-07-19T17:30:37+00:00
EXP-002610,ACCT-000141,B0077,2032-04-13,0.0,2026-07-19T17:30:37+00:00
EXP-002611,ACCT-000345,B0077,2032-04-13,0.0,2026-07-19T17:30:37+00:00
EXP-002612,ACCT-000346,B0077,2032-04-13,0.0,2026-07-19T17:30:37+00:00
EXP-002613,ACCT-000347,B0077,2032-04-13,75.34,2026-07-19T17:30:37+00:00
EXP-002614,ACCT-000319,B0078,2032-05-13,0.0,2026-07-19T18:29:47+00:00
EXP-002615,ACCT-000086,B0078,2032-05-13,0.0,2026-07-19T18:29:47+00:00
EXP-002616,ACCT-000151,B0078,2032-05-13,0.0,2026-07-19T18:29:47+00:00
EXP-002617,ACCT-000092,B0078,2032-05-13,0.0,2026-07-19T18:29:47+00:00
EXP-002618,ACCT-000172,B0078,2032-05-13,0.0,2026-07-19T18:29:47+00:00
EXP-002619,ACCT-000078,B0078,2032-05-13,0.0,2026-07-19T18:29:47+00:00
EXP-002620,ACCT-000327,B0078,2032-05-13,74.29,2026-07-19T18:29:47+00:00
EXP-002621,ACCT-000020,B0078,2032-05-13,0.0,2026-07-19T18:29:47+00:00
EXP-002622,ACCT-000003,B0078,2032-05-13,0.0,2026-07-19T18:29:47+00:00
EXP-002623,ACCT-000070,B0078,2032-05-13,0.0,2026-07-19T18:29:47+00:00
EXP-002624,ACCT-000109,B0078,2032-05-13,0.0,2026-07-19T18:29:47+00:00
EXP-002625,ACCT-000087,B0078,2032-05-13,0.0,2026-07-19T18:29:47+00:00
EXP-002626,ACCT-000031,B0078,2032-05-13,0.0,2026-07-19T18:29:47+00:00
EXP-002627,ACCT-000224,B0078,2032-05-13,0.0,2026-07-19T18:29:47+00:00
EXP-002628,ACCT-000200,B0078,2032-05-13,0.0,2026-07-19T18:29:47+00:00
EXP-002629,ACCT-000201,B0078,2032-05-13,0.0,2026-07-19T18:29:47+00:00
EXP-002630,ACCT-000280,B0078,2032-05-13,0.0,2026-07-19T18:29:47+00:00
EXP-002631,ACCT-000267,B0078,2032-05-13,0.0,2026-07-19T18:29:47+00:00
EXP-002632,ACCT-000098,B0078,2032-05-13,30.11,2026-07-19T18:29:47+00:00
EXP-002633,ACCT-000121,B0078,2032-05-13,0.0,2026-07-19T18:29:47+00:00
EXP-002634,ACCT-000034,B0078,2032-05-13,0.0,2026-07-19T18:29:47+00:00
EXP-002635,ACCT-000301,B0078,2032-05-13,0.0,2026-07-19T18:29:47+00:00
EXP-002636,ACCT-000132,B0078,2032-05-13,0.0,2026-07-19T18:29:47+00:00
EXP-002637,ACCT-000125,B0078,2032-05-13,0.0,2026-07-19T18:29:47+00:00
EXP-002638,ACCT-000111,B0078,2032-05-13,0.0,2026-07-19T18:29:47+00:00
EXP-002639,ACCT-000245,B0078,2032-05-13,-9.25,2026-07-19T18:29:47+00:00
EXP-002640,ACCT-000266,B0078,2032-05-13,0.0,2026-07-19T18:29:47+00:00
EXP-002641,ACCT-000240,B0078,2032-05-13,0.0,2026-07-19T18:29:47+00:00
EXP-002642,ACCT-000314,B0078,2032-05-13,0.0,2026-07-19T18:29:47+00:00
EXP-002643,ACCT-000167,B0078,2032-05-13,0.0,2026-07-19T18:29:47+00:00
EXP-002644,ACCT-000062,B0078,2032-05-13,-12.0,2026-07-19T18:29:47+00:00
EXP-002645,ACCT-000196,B0078,2032-05-13,0.0,2026-07-19T18:29:47+00:00
EXP-002646,ACCT-000179,B0078,2032-05-13,45.11,2026-07-19T18:29:47+00:00
EXP-002647,ACCT-000348,B0078,2032-05-13,-13.18,2026-07-19T18:29:47+00:00
EXP-002648,ACCT-000349,B0078,2032-05-13,0.0,2026-07-19T18:29:47+00:00
EXP-002649,ACCT-000350,B0078,2032-05-13,0.0,2026-07-19T18:29:47+00:00
EXP-002650,ACCT-000351,B0078,2032-05-13,0.0,2026-07-19T18:29:47+00:00
EXP-002651,ACCT-000230,B0079,2032-06-12,0.0,2026-07-19T19:42:08+00:00
EXP-002652,ACCT-000184,B0079,2032-06-12,0.0,2026-07-19T19:42:08+00:00
EXP-002653,ACCT-000347,B0079,2032-06-12,0.0,2026-07-19T19:42:08+00:00
EXP-002654,ACCT-000061,B0079,2032-06-12,0.0,2026-07-19T19:42:08+00:00
EXP-002655,ACCT-000019,B0079,2032-06-12,0.0,2026-07-19T19:42:08+00:00
EXP-002656,ACCT-000234,B0079,2032-06-12,0.0,2026-07-19T19:42:08+00:00
EXP-002657,ACCT-000050,B0079,2032-06-12,0.0,2026-07-19T19:42:08+00:00
EXP-002658,ACCT-000248,B0079,2032-06-12,0.0,2026-07-19T19:42:08+00:00
EXP-002659,ACCT-000216,B0079,2032-06-12,0.0,2026-07-19T19:42:08+00:00
EXP-002660,ACCT-000198,B0079,2032-06-12,0.0,2026-07-19T19:42:08+00:00
EXP-002661,ACCT-000255,B0079,2032-06-12,0.0,2026-07-19T19:42:08+00:00
EXP-002662,ACCT-000009,B0079,2032-06-12,0.0,2026-07-19T19:42:08+00:00
EXP-002663,ACCT-000231,B0079,2032-06-12,0.0,2026-07-19T19:42:08+00:00
EXP-002664,ACCT-000099,B0079,2032-06-12,0.0,2026-07-19T19:42:08+00:00
EXP-002665,ACCT-000325,B0079,2032-06-12,0.0,2026-07-19T19:42:08+00:00
EXP-002666,ACCT-000279,B0079,2032-06-12,0.0,2026-07-19T19:42:08+00:00
EXP-002667,ACCT-000226,B0079,2032-06-12,0.0,2026-07-19T19:42:08+00:00
EXP-002668,ACCT-000238,B0079,2032-06-12,0.0,2026-07-19T19:42:08+00:00
EXP-002669,ACCT-000196,B0079,2032-06-12,0.0,2026-07-19T19:42:08+00:00
EXP-002670,ACCT-000217,B0079,2032-06-12,0.0,2026-07-19T19:42:08+00:00
EXP-002671,ACCT-000272,B0079,2032-06-12,0.0,2026-07-19T19:42:08+00:00
EXP-002672,ACCT-000018,B0079,2032-06-12,0.0,2026-07-19T19:42:08+00:00
EXP-002673,ACCT-000183,B0079,2032-06-12,0.0,2026-07-19T19:42:08+00:00
EXP-002674,ACCT-000117,B0079,2032-06-12,0.0,2026-07-19T19:42:08+00:00
EXP-002675,ACCT-000284,B0079,2032-06-12,0.0,2026-07-19T19:42:08+00:00
EXP-002676,ACCT-000098,B0079,2032-06-12,0.0,2026-07-19T19:42:08+00:00
EXP-002677,ACCT-000280,B0079,2032-06-12,0.0,2026-07-19T19:42:08+00:00
EXP-002678,ACCT-000068,B0079,2032-06-12,0.0,2026-07-19T19:42:08+00:00
EXP-002679,ACCT-000247,B0079,2032-06-12,0.0,2026-07-19T19:42:08+00:00
EXP-002680,ACCT-000311,B0079,2032-06-12,-2.55,2026-07-19T19:42:08+00:00
EXP-002681,ACCT-000052,B0079,2032-06-12,0.0,2026-07-19T19:42:08+00:00
EXP-002682,ACCT-000314,B0079,2032-06-12,0.0,2026-07-19T19:42:08+00:00
EXP-002683,ACCT-000318,B0079,2032-06-12,0.0,2026-07-19T19:42:08+00:00
EXP-002684,ACCT-000352,B0079,2032-06-12,0.0,2026-07-19T19:42:08+00:00
EXP-002685,ACCT-000353,B0079,2032-06-12,0.0,2026-07-19T19:42:08+00:00
EXP-002686,ACCT-000328,B0080,2032-07-12,0.0,2026-07-19T20:39:07+00:00
EXP-002687,ACCT-000193,B0080,2032-07-12,0.0,2026-07-19T20:39:07+00:00
EXP-002688,ACCT-000154,B0080,2032-07-12,0.0,2026-07-19T20:39:07+00:00
EXP-002689,ACCT-000266,B0080,2032-07-12,0.0,2026-07-19T20:39:07+00:00
EXP-002690,ACCT-000239,B0080,2032-07-12,0.0,2026-07-19T20:39:07+00:00
EXP-002691,ACCT-000120,B0080,2032-07-12,0.0,2026-07-19T20:39:07+00:00
EXP-002692,ACCT-000286,B0080,2032-07-12,0.0,2026-07-19T20:39:07+00:00
EXP-002693,ACCT-000350,B0080,2032-07-12,-7.61,2026-07-19T20:39:07+00:00
EXP-002694,ACCT-000274,B0080,2032-07-12,0.0,2026-07-19T20:39:07+00:00
EXP-002695,ACCT-000083,B0080,2032-07-12,0.0,2026-07-19T20:39:07+00:00
EXP-002696,ACCT-000090,B0080,2032-07-12,0.0,2026-07-19T20:39:07+00:00
EXP-002697,ACCT-000113,B0080,2032-07-12,0.0,2026-07-19T20:39:07+00:00
EXP-002698,ACCT-000279,B0080,2032-07-12,0.0,2026-07-19T20:39:07+00:00
EXP-002699,ACCT-000028,B0080,2032-07-12,0.0,2026-07-19T20:39:07+00:00
EXP-002700,ACCT-000102,B0080,2032-07-12,0.0,2026-07-19T20:39:07+00:00
EXP-002701,ACCT-000207,B0080,2032-07-12,0.0,2026-07-19T20:39:07+00:00
EXP-002702,ACCT-000316,B0080,2032-07-12,0.0,2026-07-19T20:39:07+00:00
EXP-002703,ACCT-000321,B0080,2032-07-12,0.0,2026-07-19T20:39:07+00:00
EXP-002704,ACCT-000085,B0080,2032-07-12,0.0,2026-07-19T20:39:07+00:00
EXP-002705,ACCT-000345,B0080,2032-07-12,0.0,2026-07-19T20:39:07+00:00
EXP-002706,ACCT-000217,B0080,2032-07-12,0.0,2026-07-19T20:39:07+00:00
EXP-002707,ACCT-000219,B0080,2032-07-12,0.0,2026-07-19T20:39:07+00:00
EXP-002708,ACCT-000109,B0080,2032-07-12,0.0,2026-07-19T20:39:07+00:00
EXP-002709,ACCT-000153,B0080,2032-07-12,0.0,2026-07-19T20:39:07+00:00
EXP-002710,ACCT-000176,B0080,2032-07-12,0.0,2026-07-19T20:39:07+00:00
EXP-002711,ACCT-000249,B0080,2032-07-12,0.0,2026-07-19T20:39:07+00:00
EXP-002712,ACCT-000253,B0080,2032-07-12,0.0,2026-07-19T20:39:07+00:00
EXP-002713,ACCT-000324,B0080,2032-07-12,0.0,2026-07-19T20:39:07+00:00
EXP-002714,ACCT-000067,B0080,2032-07-12,0.0,2026-07-19T20:39:07+00:00
EXP-002715,ACCT-000013,B0080,2032-07-12,0.0,2026-07-19T20:39:07+00:00
EXP-002716,ACCT-000149,B0080,2032-07-12,-1.49,2026-07-19T20:39:07+00:00
EXP-002717,ACCT-000354,B0080,2032-07-12,0.0,2026-07-19T20:39:07+00:00
EXP-002718,ACCT-000355,B0080,2032-07-12,0.0,2026-07-19T20:39:07+00:00
EXP-002719,ACCT-000356,B0080,2032-07-12,0.0,2026-07-19T20:39:07+00:00
EXP-002720,ACCT-000357,B0080,2032-07-12,0.0,2026-07-19T20:39:07+00:00
EXP-002721,ACCT-000139,B0081,2032-08-11,0.0,2026-07-19T21:43:13+00:00
EXP-002722,ACCT-000340,B0081,2032-08-11,0.0,2026-07-19T21:43:13+00:00
EXP-002723,ACCT-000294,B0081,2032-08-11,0.0,2026-07-19T21:43:13+00:00
EXP-002724,ACCT-000300,B0081,2032-08-11,0.0,2026-07-19T21:43:13+00:00
EXP-002725,ACCT-000141,B0081,2032-08-11,48.69,2026-07-19T21:43:13+00:00
EXP-002726,ACCT-000112,B0081,2032-08-11,0.0,2026-07-19T21:43:13+00:00
EXP-002727,ACCT-000151,B0081,2032-08-11,0.0,2026-07-19T21:43:13+00:00
EXP-002728,ACCT-000167,B0081,2032-08-11,0.0,2026-07-19T21:43:13+00:00
EXP-002729,ACCT-000025,B0081,2032-08-11,0.0,2026-07-19T21:43:13+00:00
EXP-002730,ACCT-000134,B0081,2032-08-11,0.0,2026-07-19T21:43:13+00:00
EXP-002731,ACCT-000003,B0081,2032-08-11,0.0,2026-07-19T21:43:13+00:00
EXP-002732,ACCT-000275,B0081,2032-08-11,0.0,2026-07-19T21:43:13+00:00
EXP-002733,ACCT-000240,B0081,2032-08-11,0.0,2026-07-19T21:43:13+00:00
EXP-002734,ACCT-000247,B0081,2032-08-11,0.0,2026-07-19T21:43:13+00:00
EXP-002735,ACCT-000102,B0081,2032-08-11,0.0,2026-07-19T21:43:13+00:00
EXP-002736,ACCT-000228,B0081,2032-08-11,0.0,2026-07-19T21:43:13+00:00
EXP-002737,ACCT-000199,B0081,2032-08-11,0.0,2026-07-19T21:43:13+00:00
EXP-002738,ACCT-000331,B0081,2032-08-11,0.0,2026-07-19T21:43:13+00:00
EXP-002739,ACCT-000090,B0081,2032-08-11,26.54,2026-07-19T21:43:13+00:00
EXP-002740,ACCT-000073,B0081,2032-08-11,0.0,2026-07-19T21:43:13+00:00
EXP-002741,ACCT-000353,B0081,2032-08-11,0.0,2026-07-19T21:43:13+00:00
EXP-002742,ACCT-000253,B0081,2032-08-11,0.0,2026-07-19T21:43:13+00:00
EXP-002743,ACCT-000097,B0081,2032-08-11,0.0,2026-07-19T21:43:13+00:00
EXP-002744,ACCT-000263,B0081,2032-08-11,0.0,2026-07-19T21:43:13+00:00
EXP-002745,ACCT-000334,B0081,2032-08-11,0.0,2026-07-19T21:43:13+00:00
EXP-002746,ACCT-000298,B0081,2032-08-11,0.0,2026-07-19T21:43:13+00:00
EXP-002747,ACCT-000070,B0081,2032-08-11,0.0,2026-07-19T21:43:13+00:00
EXP-002748,ACCT-000315,B0081,2032-08-11,0.0,2026-07-19T21:43:13+00:00
EXP-002749,ACCT-000266,B0081,2032-08-11,10.45,2026-07-19T21:43:13+00:00
EXP-002750,ACCT-000358,B0081,2032-08-11,0.0,2026-07-19T21:43:13+00:00
EXP-002751,ACCT-000359,B0081,2032-08-11,0.0,2026-07-19T21:43:13+00:00
EXP-002752,ACCT-000360,B0081,2032-08-11,0.0,2026-07-19T21:43:13+00:00
EXP-002753,ACCT-000361,B0081,2032-08-11,0.0,2026-07-19T21:43:13+00:00
EXP-002754,ACCT-000139,B0082,2032-09-10,0.0,2026-07-19T22:42:47+00:00
EXP-002755,ACCT-000252,B0082,2032-09-10,0.0,2026-07-19T22:42:47+00:00
EXP-002756,ACCT-000120,B0082,2032-09-10,0.0,2026-07-19T22:42:47+00:00
EXP-002757,ACCT-000118,B0082,2032-09-10,0.0,2026-07-19T22:42:47+00:00
EXP-002758,ACCT-000082,B0082,2032-09-10,0.0,2026-07-19T22:42:47+00:00
EXP-002759,ACCT-000028,B0082,2032-09-10,0.0,2026-07-19T22:42:47+00:00
EXP-002760,ACCT-000286,B0082,2032-09-10,0.0,2026-07-19T22:42:47+00:00
EXP-002761,ACCT-000211,B0082,2032-09-10,0.0,2026-07-19T22:42:47+00:00
EXP-002762,ACCT-000355,B0082,2032-09-10,0.0,2026-07-19T22:42:47+00:00
EXP-002763,ACCT-000078,B0082,2032-09-10,0.0,2026-07-19T22:42:47+00:00
EXP-002764,ACCT-000196,B0082,2032-09-10,0.0,2026-07-19T22:42:47+00:00
EXP-002765,ACCT-000091,B0082,2032-09-10,0.0,2026-07-19T22:42:47+00:00
EXP-002766,ACCT-000181,B0082,2032-09-10,0.0,2026-07-19T22:42:47+00:00
EXP-002767,ACCT-000175,B0082,2032-09-10,0.0,2026-07-19T22:42:47+00:00
EXP-002768,ACCT-000121,B0082,2032-09-10,0.0,2026-07-19T22:42:47+00:00
EXP-002769,ACCT-000339,B0082,2032-09-10,0.0,2026-07-19T22:42:47+00:00
EXP-002770,ACCT-000143,B0082,2032-09-10,0.0,2026-07-19T22:42:47+00:00
EXP-002771,ACCT-000202,B0082,2032-09-10,0.0,2026-07-19T22:42:47+00:00
EXP-002772,ACCT-000122,B0082,2032-09-10,76.46,2026-07-19T22:42:47+00:00
EXP-002773,ACCT-000094,B0082,2032-09-10,0.0,2026-07-19T22:42:47+00:00
EXP-002774,ACCT-000225,B0082,2032-09-10,0.0,2026-07-19T22:42:47+00:00
EXP-002775,ACCT-000253,B0082,2032-09-10,0.0,2026-07-19T22:42:47+00:00
EXP-002776,ACCT-000067,B0082,2032-09-10,0.0,2026-07-19T22:42:47+00:00
EXP-002777,ACCT-000169,B0082,2032-09-10,0.0,2026-07-19T22:42:47+00:00
EXP-002778,ACCT-000342,B0082,2032-09-10,0.0,2026-07-19T22:42:47+00:00
EXP-002779,ACCT-000362,B0082,2032-09-10,0.0,2026-07-19T22:42:47+00:00
EXP-002780,ACCT-000363,B0082,2032-09-10,0.0,2026-07-19T22:42:47+00:00
EXP-002781,ACCT-000364,B0082,2032-09-10,0.0,2026-07-19T22:42:47+00:00
EXP-002782,ACCT-000020,B0083,2032-10-10,0.0,2026-07-19T23:50:51+00:00
EXP-002783,ACCT-000244,B0083,2032-10-10,0.0,2026-07-19T23:50:51+00:00
EXP-002784,ACCT-000355,B0083,2032-10-10,0.0,2026-07-19T23:50:51+00:00
EXP-002785,ACCT-000265,B0083,2032-10-10,0.0,2026-07-19T23:50:51+00:00
EXP-002786,ACCT-000117,B0083,2032-10-10,0.0,2026-07-19T23:50:51+00:00
EXP-002787,ACCT-000237,B0083,2032-10-10,0.0,2026-07-19T23:50:51+00:00
EXP-002788,ACCT-000081,B0083,2032-10-10,0.0,2026-07-19T23:50:51+00:00
EXP-002789,ACCT-000033,B0083,2032-10-10,0.0,2026-07-19T23:50:51+00:00
EXP-002790,ACCT-000217,B0083,2032-10-10,0.0,2026-07-19T23:50:51+00:00
EXP-002791,ACCT-000295,B0083,2032-10-10,0.0,2026-07-19T23:50:51+00:00
EXP-002792,ACCT-000125,B0083,2032-10-10,0.0,2026-07-19T23:50:51+00:00
EXP-002793,ACCT-000332,B0083,2032-10-10,25.7,2026-07-19T23:50:51+00:00
EXP-002794,ACCT-000106,B0083,2032-10-10,0.0,2026-07-19T23:50:51+00:00
EXP-002795,ACCT-000162,B0083,2032-10-10,0.0,2026-07-19T23:50:51+00:00
EXP-002796,ACCT-000096,B0083,2032-10-10,47.09,2026-07-19T23:50:51+00:00
EXP-002797,ACCT-000293,B0083,2032-10-10,0.0,2026-07-19T23:50:51+00:00
EXP-002798,ACCT-000226,B0083,2032-10-10,0.0,2026-07-19T23:50:51+00:00
EXP-002799,ACCT-000039,B0083,2032-10-10,0.0,2026-07-19T23:50:51+00:00
EXP-002800,ACCT-000071,B0083,2032-10-10,0.0,2026-07-19T23:50:51+00:00
EXP-002801,ACCT-000159,B0083,2032-10-10,0.0,2026-07-19T23:50:51+00:00
EXP-002802,ACCT-000342,B0083,2032-10-10,5.32,2026-07-19T23:50:51+00:00
EXP-002803,ACCT-000232,B0083,2032-10-10,0.0,2026-07-19T23:50:51+00:00
EXP-002804,ACCT-000207,B0083,2032-10-10,0.0,2026-07-19T23:50:51+00:00
EXP-002805,ACCT-000266,B0083,2032-10-10,0.0,2026-07-19T23:50:51+00:00
EXP-002806,ACCT-000356,B0083,2032-10-10,0.0,2026-07-19T23:50:51+00:00
EXP-002807,ACCT-000053,B0083,2032-10-10,0.0,2026-07-19T23:50:51+00:00
EXP-002808,ACCT-000143,B0083,2032-10-10,0.0,2026-07-19T23:50:51+00:00
EXP-002809,ACCT-000259,B0083,2032-10-10,0.0,2026-07-19T23:50:51+00:00
EXP-002810,ACCT-000273,B0083,2032-10-10,0.0,2026-07-19T23:50:51+00:00
EXP-002811,ACCT-000060,B0083,2032-10-10,0.0,2026-07-19T23:50:51+00:00
EXP-002812,ACCT-000343,B0083,2032-10-10,0.0,2026-07-19T23:50:51+00:00
EXP-002813,ACCT-000365,B0083,2032-10-10,0.0,2026-07-19T23:50:51+00:00
EXP-002814,ACCT-000366,B0083,2032-10-10,0.0,2026-07-19T23:50:51+00:00
EXP-002815,ACCT-000367,B0083,2032-10-10,-9.36,2026-07-19T23:50:51+00:00
EXP-002816,ACCT-000368,B0083,2032-10-10,0.0,2026-07-19T23:50:51+00:00
EXP-002817,ACCT-000044,B0084,2032-11-09,0.0,2026-07-20T02:13:30+00:00
EXP-002818,ACCT-000272,B0084,2032-11-09,0.0,2026-07-20T02:13:30+00:00
EXP-002819,ACCT-000179,B0084,2032-11-09,0.0,2026-07-20T02:13:30+00:00
EXP-002820,ACCT-000289,B0084,2032-11-09,0.0,2026-07-20T02:13:30+00:00
EXP-002821,ACCT-000304,B0084,2032-11-09,0.0,2026-07-20T02:13:30+00:00
EXP-002822,ACCT-000314,B0084,2032-11-09,0.0,2026-07-20T02:13:30+00:00
EXP-002823,ACCT-000199,B0084,2032-11-09,0.0,2026-07-20T02:13:30+00:00
EXP-002824,ACCT-000022,B0084,2032-11-09,0.0,2026-07-20T02:13:30+00:00
EXP-002825,ACCT-000049,B0084,2032-11-09,0.0,2026-07-20T02:13:30+00:00
EXP-002826,ACCT-000129,B0084,2032-11-09,66.15,2026-07-20T02:13:30+00:00
EXP-002827,ACCT-000252,B0084,2032-11-09,-5.25,2026-07-20T02:13:30+00:00
EXP-002828,ACCT-000055,B0084,2032-11-09,0.0,2026-07-20T02:13:30+00:00
EXP-002829,ACCT-000368,B0084,2032-11-09,0.0,2026-07-20T02:13:30+00:00
EXP-002830,ACCT-000324,B0084,2032-11-09,0.0,2026-07-20T02:13:30+00:00
EXP-002831,ACCT-000257,B0084,2032-11-09,0.0,2026-07-20T02:13:30+00:00
EXP-002832,ACCT-000317,B0084,2032-11-09,0.0,2026-07-20T02:13:30+00:00
EXP-002833,ACCT-000157,B0084,2032-11-09,0.0,2026-07-20T02:13:30+00:00
EXP-002834,ACCT-000251,B0084,2032-11-09,0.0,2026-07-20T02:13:30+00:00
EXP-002835,ACCT-000217,B0084,2032-11-09,0.0,2026-07-20T02:13:30+00:00
EXP-002836,ACCT-000256,B0084,2032-11-09,0.0,2026-07-20T02:13:30+00:00
EXP-002837,ACCT-000198,B0084,2032-11-09,0.0,2026-07-20T02:13:30+00:00
EXP-002838,ACCT-000238,B0084,2032-11-09,0.0,2026-07-20T02:13:30+00:00
EXP-002839,ACCT-000351,B0084,2032-11-09,0.0,2026-07-20T02:13:30+00:00
EXP-002840,ACCT-000321,B0084,2032-11-09,0.0,2026-07-20T02:13:30+00:00
EXP-002841,ACCT-000048,B0084,2032-11-09,0.0,2026-07-20T02:13:30+00:00
EXP-002842,ACCT-000353,B0084,2032-11-09,0.0,2026-07-20T02:13:30+00:00
EXP-002843,ACCT-000151,B0084,2032-11-09,0.0,2026-07-20T02:13:30+00:00
EXP-002844,ACCT-000104,B0084,2032-11-09,0.0,2026-07-20T02:13:30+00:00
EXP-002845,ACCT-000369,B0084,2032-11-09,0.0,2026-07-20T02:13:30+00:00
EXP-002846,ACCT-000370,B0084,2032-11-09,0.0,2026-07-20T02:13:30+00:00
EXP-002847,ACCT-000248,B0085,2032-12-09,0.0,2026-07-20T05:52:38+00:00
EXP-002848,ACCT-000358,B0085,2032-12-09,0.0,2026-07-20T05:52:38+00:00
EXP-002849,ACCT-000346,B0085,2032-12-09,0.0,2026-07-20T05:52:38+00:00
EXP-002850,ACCT-000252,B0085,2032-12-09,0.0,2026-07-20T05:52:38+00:00
EXP-002851,ACCT-000345,B0085,2032-12-09,0.0,2026-07-20T05:52:38+00:00
EXP-002852,ACCT-000274,B0085,2032-12-09,0.0,2026-07-20T05:52:38+00:00
EXP-002853,ACCT-000044,B0085,2032-12-09,0.0,2026-07-20T05:52:38+00:00
EXP-002854,ACCT-000084,B0085,2032-12-09,21.11,2026-07-20T05:52:38+00:00
EXP-002855,ACCT-000247,B0085,2032-12-09,0.0,2026-07-20T05:52:38+00:00
EXP-002856,ACCT-000019,B0085,2032-12-09,0.0,2026-07-20T05:52:38+00:00
EXP-002857,ACCT-000048,B0085,2032-12-09,0.0,2026-07-20T05:52:38+00:00
EXP-002858,ACCT-000306,B0085,2032-12-09,0.0,2026-07-20T05:52:38+00:00
EXP-002859,ACCT-000203,B0085,2032-12-09,0.0,2026-07-20T05:52:38+00:00
EXP-002860,ACCT-000083,B0085,2032-12-09,0.0,2026-07-20T05:52:38+00:00
EXP-002861,ACCT-000223,B0085,2032-12-09,0.0,2026-07-20T05:52:38+00:00
EXP-002862,ACCT-000095,B0085,2032-12-09,0.0,2026-07-20T05:52:38+00:00
EXP-002863,ACCT-000287,B0085,2032-12-09,63.73,2026-07-20T05:52:38+00:00
EXP-002864,ACCT-000154,B0085,2032-12-09,0.0,2026-07-20T05:52:38+00:00
EXP-002865,ACCT-000341,B0085,2032-12-09,0.0,2026-07-20T05:52:38+00:00
EXP-002866,ACCT-000323,B0085,2032-12-09,0.0,2026-07-20T05:52:38+00:00
EXP-002867,ACCT-000330,B0085,2032-12-09,0.0,2026-07-20T05:52:38+00:00
EXP-002868,ACCT-000152,B0085,2032-12-09,7.14,2026-07-20T05:52:38+00:00
EXP-002869,ACCT-000009,B0085,2032-12-09,0.0,2026-07-20T05:52:38+00:00
EXP-002870,ACCT-000008,B0085,2032-12-09,0.0,2026-07-20T05:52:38+00:00
EXP-002871,ACCT-000080,B0085,2032-12-09,0.0,2026-07-20T05:52:38+00:00
EXP-002872,ACCT-000023,B0085,2032-12-09,0.0,2026-07-20T05:52:38+00:00
EXP-002873,ACCT-000258,B0085,2032-12-09,0.0,2026-07-20T05:52:38+00:00
EXP-002874,ACCT-000132,B0085,2032-12-09,0.0,2026-07-20T05:52:38+00:00
EXP-002875,ACCT-000101,B0085,2032-12-09,0.0,2026-07-20T05:52:38+00:00
EXP-002876,ACCT-000112,B0085,2032-12-09,0.0,2026-07-20T05:52:38+00:00
EXP-002877,ACCT-000020,B0085,2032-12-09,0.0,2026-07-20T05:52:38+00:00
EXP-002878,ACCT-000165,B0085,2032-12-09,0.0,2026-07-20T05:52:38+00:00
EXP-002879,ACCT-000305,B0085,2032-12-09,0.0,2026-07-20T05:52:38+00:00
EXP-002880,ACCT-000222,B0085,2032-12-09,0.0,2026-07-20T05:52:38+00:00
EXP-002881,ACCT-000322,B0085,2032-12-09,0.0,2026-07-20T05:52:38+00:00
EXP-002882,ACCT-000371,B0085,2032-12-09,71.59,2026-07-20T05:52:38+00:00
EXP-002883,ACCT-000372,B0085,2032-12-09,0.0,2026-07-20T05:52:38+00:00
EXP-002884,ACCT-000373,B0085,2032-12-09,0.0,2026-07-20T05:52:38+00:00
EXP-002885,ACCT-000010,B0086,2033-01-08,0.0,2026-07-20T08:43:59+00:00
EXP-002886,ACCT-000275,B0086,2033-01-08,0.0,2026-07-20T08:43:59+00:00
EXP-002887,ACCT-000157,B0086,2033-01-08,0.0,2026-07-20T08:43:59+00:00
EXP-002888,ACCT-000222,B0086,2033-01-08,0.0,2026-07-20T08:43:59+00:00
EXP-002889,ACCT-000047,B0086,2033-01-08,0.0,2026-07-20T08:43:59+00:00
EXP-002890,ACCT-000053,B0086,2033-01-08,0.0,2026-07-20T08:43:59+00:00
EXP-002891,ACCT-000202,B0086,2033-01-08,0.0,2026-07-20T08:43:59+00:00
EXP-002892,ACCT-000207,B0086,2033-01-08,0.0,2026-07-20T08:43:59+00:00
EXP-002893,ACCT-000070,B0086,2033-01-08,0.0,2026-07-20T08:43:59+00:00
EXP-002894,ACCT-000109,B0086,2033-01-08,33.28,2026-07-20T08:43:59+00:00
EXP-002895,ACCT-000051,B0086,2033-01-08,50.36,2026-07-20T08:43:59+00:00
EXP-002896,ACCT-000092,B0086,2033-01-08,0.0,2026-07-20T08:43:59+00:00
EXP-002897,ACCT-000261,B0086,2033-01-08,0.0,2026-07-20T08:43:59+00:00
EXP-002898,ACCT-000300,B0086,2033-01-08,0.0,2026-07-20T08:43:59+00:00
EXP-002899,ACCT-000176,B0086,2033-01-08,0.0,2026-07-20T08:43:59+00:00
EXP-002900,ACCT-000188,B0086,2033-01-08,0.0,2026-07-20T08:43:59+00:00
EXP-002901,ACCT-000165,B0086,2033-01-08,0.0,2026-07-20T08:43:59+00:00
EXP-002902,ACCT-000080,B0086,2033-01-08,0.0,2026-07-20T08:43:59+00:00
EXP-002903,ACCT-000086,B0086,2033-01-08,0.0,2026-07-20T08:43:59+00:00
EXP-002904,ACCT-000152,B0086,2033-01-08,6.4,2026-07-20T08:43:59+00:00
EXP-002905,ACCT-000108,B0086,2033-01-08,0.0,2026-07-20T08:43:59+00:00
EXP-002906,ACCT-000311,B0086,2033-01-08,0.0,2026-07-20T08:43:59+00:00
EXP-002907,ACCT-000159,B0086,2033-01-08,0.0,2026-07-20T08:43:59+00:00
EXP-002908,ACCT-000111,B0086,2033-01-08,41.87,2026-07-20T08:43:59+00:00
EXP-002909,ACCT-000011,B0086,2033-01-08,0.0,2026-07-20T08:43:59+00:00
EXP-002910,ACCT-000028,B0086,2033-01-08,0.0,2026-07-20T08:43:59+00:00
EXP-002911,ACCT-000374,B0086,2033-01-08,0.0,2026-07-20T08:43:59+00:00
EXP-002912,ACCT-000375,B0086,2033-01-08,0.0,2026-07-20T08:43:59+00:00
EXP-002913,ACCT-000376,B0086,2033-01-08,0.0,2026-07-20T08:43:59+00:00
EXP-002914,ACCT-000189,B0087,2033-02-07,71.95,2026-07-20T11:38:03+00:00
EXP-002915,ACCT-000177,B0087,2033-02-07,-5.56,2026-07-20T11:38:03+00:00
EXP-002916,ACCT-000364,B0087,2033-02-07,0.0,2026-07-20T11:38:03+00:00
EXP-002917,ACCT-000106,B0087,2033-02-07,0.0,2026-07-20T11:38:03+00:00
EXP-002918,ACCT-000088,B0087,2033-02-07,0.0,2026-07-20T11:38:03+00:00
EXP-002919,ACCT-000023,B0087,2033-02-07,0.0,2026-07-20T11:38:03+00:00
EXP-002920,ACCT-000367,B0087,2033-02-07,0.0,2026-07-20T11:38:03+00:00
EXP-002921,ACCT-000195,B0087,2033-02-07,0.0,2026-07-20T11:38:03+00:00
EXP-002922,ACCT-000049,B0087,2033-02-07,0.0,2026-07-20T11:38:03+00:00
EXP-002923,ACCT-000300,B0087,2033-02-07,0.0,2026-07-20T11:38:03+00:00
EXP-002924,ACCT-000021,B0087,2033-02-07,0.0,2026-07-20T11:38:03+00:00
EXP-002925,ACCT-000136,B0087,2033-02-07,0.0,2026-07-20T11:38:03+00:00
EXP-002926,ACCT-000071,B0087,2033-02-07,0.0,2026-07-20T11:38:03+00:00
EXP-002927,ACCT-000208,B0087,2033-02-07,0.0,2026-07-20T11:38:03+00:00
EXP-002928,ACCT-000039,B0087,2033-02-07,0.0,2026-07-20T11:38:03+00:00
EXP-002929,ACCT-000307,B0087,2033-02-07,0.0,2026-07-20T11:38:03+00:00
EXP-002930,ACCT-000224,B0087,2033-02-07,0.0,2026-07-20T11:38:03+00:00
EXP-002931,ACCT-000284,B0087,2033-02-07,0.0,2026-07-20T11:38:03+00:00
EXP-002932,ACCT-000265,B0087,2033-02-07,0.0,2026-07-20T11:38:03+00:00
EXP-002933,ACCT-000244,B0087,2033-02-07,0.0,2026-07-20T11:38:03+00:00
EXP-002934,ACCT-000040,B0087,2033-02-07,0.0,2026-07-20T11:38:03+00:00
EXP-002935,ACCT-000215,B0087,2033-02-07,0.0,2026-07-20T11:38:03+00:00
EXP-002936,ACCT-000055,B0087,2033-02-07,0.0,2026-07-20T11:38:03+00:00
EXP-002937,ACCT-000128,B0087,2033-02-07,0.0,2026-07-20T11:38:03+00:00
EXP-002938,ACCT-000345,B0087,2033-02-07,0.0,2026-07-20T11:38:03+00:00
EXP-002939,ACCT-000206,B0087,2033-02-07,0.0,2026-07-20T11:38:03+00:00
EXP-002940,ACCT-000139,B0087,2033-02-07,0.0,2026-07-20T11:38:03+00:00
EXP-002941,ACCT-000102,B0087,2033-02-07,0.0,2026-07-20T11:38:03+00:00
EXP-002942,ACCT-000257,B0087,2033-02-07,0.0,2026-07-20T11:38:03+00:00
EXP-002943,ACCT-000187,B0087,2033-02-07,0.0,2026-07-20T11:38:03+00:00
EXP-002944,ACCT-000236,B0087,2033-02-07,0.0,2026-07-20T11:38:03+00:00
EXP-002945,ACCT-000377,B0087,2033-02-07,0.0,2026-07-20T11:38:03+00:00
EXP-002946,ACCT-000378,B0087,2033-02-07,0.0,2026-07-20T11:38:03+00:00
EXP-002947,ACCT-000379,B0087,2033-02-07,0.0,2026-07-20T11:38:03+00:00
EXP-002948,ACCT-000342,B0088,2033-03-09,0.0,2026-07-20T13:51:08+00:00
EXP-002949,ACCT-000023,B0088,2033-03-09,59.91,2026-07-20T13:51:08+00:00
EXP-002950,ACCT-000104,B0088,2033-03-09,0.0,2026-07-20T13:51:08+00:00
EXP-002951,ACCT-000306,B0088,2033-03-09,0.0,2026-07-20T13:51:08+00:00
EXP-002952,ACCT-000230,B0088,2033-03-09,0.0,2026-07-20T13:51:08+00:00
EXP-002953,ACCT-000136,B0088,2033-03-09,0.0,2026-07-20T13:51:08+00:00
EXP-002954,ACCT-000139,B0088,2033-03-09,0.0,2026-07-20T13:51:08+00:00
EXP-002955,ACCT-000249,B0088,2033-03-09,0.0,2026-07-20T13:51:08+00:00
EXP-002956,ACCT-000367,B0088,2033-03-09,0.0,2026-07-20T13:51:08+00:00
EXP-002957,ACCT-000325,B0088,2033-03-09,0.0,2026-07-20T13:51:08+00:00
EXP-002958,ACCT-000100,B0088,2033-03-09,0.0,2026-07-20T13:51:08+00:00
EXP-002959,ACCT-000351,B0088,2033-03-09,0.0,2026-07-20T13:51:08+00:00
EXP-002960,ACCT-000376,B0088,2033-03-09,79.27,2026-07-20T13:51:08+00:00
EXP-002961,ACCT-000361,B0088,2033-03-09,0.0,2026-07-20T13:51:08+00:00
EXP-002962,ACCT-000179,B0088,2033-03-09,0.0,2026-07-20T13:51:08+00:00
EXP-002963,ACCT-000357,B0088,2033-03-09,0.0,2026-07-20T13:51:08+00:00
EXP-002964,ACCT-000267,B0088,2033-03-09,0.0,2026-07-20T13:51:08+00:00
EXP-002965,ACCT-000315,B0088,2033-03-09,0.0,2026-07-20T13:51:08+00:00
EXP-002966,ACCT-000229,B0088,2033-03-09,0.0,2026-07-20T13:51:08+00:00
EXP-002967,ACCT-000013,B0088,2033-03-09,0.0,2026-07-20T13:51:08+00:00
EXP-002968,ACCT-000057,B0088,2033-03-09,0.0,2026-07-20T13:51:08+00:00
EXP-002969,ACCT-000045,B0088,2033-03-09,0.0,2026-07-20T13:51:08+00:00
EXP-002970,ACCT-000180,B0088,2033-03-09,0.0,2026-07-20T13:51:08+00:00
EXP-002971,ACCT-000010,B0088,2033-03-09,0.0,2026-07-20T13:51:08+00:00
EXP-002972,ACCT-000156,B0088,2033-03-09,0.0,2026-07-20T13:51:08+00:00
EXP-002973,ACCT-000061,B0088,2033-03-09,0.0,2026-07-20T13:51:08+00:00
EXP-002974,ACCT-000141,B0088,2033-03-09,0.0,2026-07-20T13:51:08+00:00
EXP-002975,ACCT-000157,B0088,2033-03-09,0.0,2026-07-20T13:51:08+00:00
EXP-002976,ACCT-000207,B0088,2033-03-09,13.04,2026-07-20T13:51:08+00:00
EXP-002977,ACCT-000160,B0088,2033-03-09,0.0,2026-07-20T13:51:08+00:00
EXP-002978,ACCT-000187,B0088,2033-03-09,0.0,2026-07-20T13:51:08+00:00
EXP-002979,ACCT-000303,B0088,2033-03-09,0.0,2026-07-20T13:51:08+00:00
EXP-002980,ACCT-000380,B0088,2033-03-09,0.0,2026-07-20T13:51:08+00:00
EXP-002981,ACCT-000381,B0088,2033-03-09,0.0,2026-07-20T13:51:08+00:00
EXP-002982,ACCT-000382,B0088,2033-03-09,0.0,2026-07-20T13:51:08+00:00
EXP-002983,ACCT-000383,B0088,2033-03-09,0.0,2026-07-20T13:51:08+00:00
EXP-002984,ACCT-000183,B0089,2033-04-08,0.0,2026-07-20T15:46:17+00:00
EXP-002985,ACCT-000214,B0089,2033-04-08,0.0,2026-07-20T15:46:17+00:00
EXP-002986,ACCT-000099,B0089,2033-04-08,0.0,2026-07-20T15:46:17+00:00
EXP-002987,ACCT-000363,B0089,2033-04-08,0.0,2026-07-20T15:46:17+00:00
EXP-002988,ACCT-000177,B0089,2033-04-08,0.0,2026-07-20T15:46:17+00:00
EXP-002989,ACCT-000150,B0089,2033-04-08,0.0,2026-07-20T15:46:17+00:00
EXP-002990,ACCT-000010,B0089,2033-04-08,0.0,2026-07-20T15:46:17+00:00
EXP-002991,ACCT-000182,B0089,2033-04-08,0.0,2026-07-20T15:46:17+00:00
EXP-002992,ACCT-000229,B0089,2033-04-08,0.0,2026-07-20T15:46:17+00:00
EXP-002993,ACCT-000073,B0089,2033-04-08,0.0,2026-07-20T15:46:17+00:00
EXP-002994,ACCT-000359,B0089,2033-04-08,0.0,2026-07-20T15:46:17+00:00
EXP-002995,ACCT-000097,B0089,2033-04-08,0.0,2026-07-20T15:46:17+00:00
EXP-002996,ACCT-000145,B0089,2033-04-08,0.0,2026-07-20T15:46:17+00:00
EXP-002997,ACCT-000323,B0089,2033-04-08,0.0,2026-07-20T15:46:17+00:00
EXP-002998,ACCT-000088,B0089,2033-04-08,0.0,2026-07-20T15:46:17+00:00
EXP-002999,ACCT-000220,B0089,2033-04-08,0.0,2026-07-20T15:46:17+00:00
EXP-003000,ACCT-000348,B0089,2033-04-08,0.0,2026-07-20T15:46:17+00:00
EXP-003001,ACCT-000049,B0089,2033-04-08,0.0,2026-07-20T15:46:17+00:00
EXP-003002,ACCT-000259,B0089,2033-04-08,0.0,2026-07-20T15:46:17+00:00
EXP-003003,ACCT-000248,B0089,2033-04-08,0.0,2026-07-20T15:46:17+00:00
EXP-003004,ACCT-000115,B0089,2033-04-08,0.0,2026-07-20T15:46:17+00:00
EXP-003005,ACCT-000318,B0089,2033-04-08,0.0,2026-07-20T15:46:17+00:00
EXP-003006,ACCT-000187,B0089,2033-04-08,0.0,2026-07-20T15:46:17+00:00
EXP-003007,ACCT-000143,B0089,2033-04-08,0.0,2026-07-20T15:46:17+00:00
EXP-003008,ACCT-000037,B0089,2033-04-08,0.0,2026-07-20T15:46:17+00:00
EXP-003009,ACCT-000224,B0089,2033-04-08,0.0,2026-07-20T15:46:17+00:00
EXP-003010,ACCT-000017,B0089,2033-04-08,0.0,2026-07-20T15:46:17+00:00
EXP-003011,ACCT-000287,B0089,2033-04-08,0.0,2026-07-20T15:46:17+00:00
EXP-003012,ACCT-000242,B0089,2033-04-08,0.0,2026-07-20T15:46:17+00:00
EXP-003013,ACCT-000272,B0089,2033-04-08,0.0,2026-07-20T15:46:17+00:00
EXP-003014,ACCT-000384,B0089,2033-04-08,0.0,2026-07-20T15:46:17+00:00
EXP-003015,ACCT-000385,B0089,2033-04-08,61.41,2026-07-20T15:46:17+00:00
EXP-003016,ACCT-000386,B0089,2033-04-08,0.0,2026-07-20T15:46:17+00:00
EXP-003017,ACCT-000187,B0090,2033-05-08,0.0,2026-07-20T17:26:24+00:00
EXP-003018,ACCT-000113,B0090,2033-05-08,0.0,2026-07-20T17:26:24+00:00
EXP-003019,ACCT-000076,B0090,2033-05-08,0.0,2026-07-20T17:26:24+00:00
EXP-003020,ACCT-000028,B0090,2033-05-08,0.0,2026-07-20T17:26:24+00:00
EXP-003021,ACCT-000106,B0090,2033-05-08,0.0,2026-07-20T17:26:24+00:00
EXP-003022,ACCT-000157,B0090,2033-05-08,0.0,2026-07-20T17:26:24+00:00
EXP-003023,ACCT-000342,B0090,2033-05-08,0.0,2026-07-20T17:26:24+00:00
EXP-003024,ACCT-000037,B0090,2033-05-08,0.0,2026-07-20T17:26:24+00:00
EXP-003025,ACCT-000193,B0090,2033-05-08,0.0,2026-07-20T17:26:24+00:00
EXP-003026,ACCT-000313,B0090,2033-05-08,10.98,2026-07-20T17:26:24+00:00
EXP-003027,ACCT-000141,B0090,2033-05-08,0.0,2026-07-20T17:26:24+00:00
EXP-003028,ACCT-000020,B0090,2033-05-08,0.0,2026-07-20T17:26:24+00:00
EXP-003029,ACCT-000057,B0090,2033-05-08,0.0,2026-07-20T17:26:24+00:00
EXP-003030,ACCT-000357,B0090,2033-05-08,0.0,2026-07-20T17:26:24+00:00
EXP-003031,ACCT-000144,B0090,2033-05-08,0.0,2026-07-20T17:26:24+00:00
EXP-003032,ACCT-000096,B0090,2033-05-08,0.0,2026-07-20T17:26:24+00:00
EXP-003033,ACCT-000333,B0090,2033-05-08,0.0,2026-07-20T17:26:24+00:00
EXP-003034,ACCT-000283,B0090,2033-05-08,0.0,2026-07-20T17:26:24+00:00
EXP-003035,ACCT-000124,B0090,2033-05-08,0.0,2026-07-20T17:26:24+00:00
EXP-003036,ACCT-000221,B0090,2033-05-08,0.0,2026-07-20T17:26:24+00:00
EXP-003037,ACCT-000347,B0090,2033-05-08,0.0,2026-07-20T17:26:24+00:00
EXP-003038,ACCT-000374,B0090,2033-05-08,0.0,2026-07-20T17:26:24+00:00
EXP-003039,ACCT-000185,B0090,2033-05-08,0.0,2026-07-20T17:26:24+00:00
EXP-003040,ACCT-000292,B0090,2033-05-08,0.0,2026-07-20T17:26:24+00:00
EXP-003041,ACCT-000158,B0090,2033-05-08,57.73,2026-07-20T17:26:24+00:00
EXP-003042,ACCT-000326,B0090,2033-05-08,0.0,2026-07-20T17:26:24+00:00
EXP-003043,ACCT-000308,B0090,2033-05-08,0.0,2026-07-20T17:26:24+00:00
EXP-003044,ACCT-000029,B0090,2033-05-08,0.0,2026-07-20T17:26:24+00:00
EXP-003045,ACCT-000387,B0090,2033-05-08,0.0,2026-07-20T17:26:24+00:00
EXP-003046,ACCT-000388,B0090,2033-05-08,0.0,2026-07-20T17:26:24+00:00
EXP-003047,ACCT-000203,B0091,2033-06-07,10.87,2026-07-20T19:12:47+00:00
EXP-003048,ACCT-000387,B0091,2033-06-07,0.0,2026-07-20T19:12:47+00:00
EXP-003049,ACCT-000131,B0091,2033-06-07,0.0,2026-07-20T19:12:47+00:00
EXP-003050,ACCT-000272,B0091,2033-06-07,0.0,2026-07-20T19:12:47+00:00
EXP-003051,ACCT-000126,B0091,2033-06-07,0.0,2026-07-20T19:12:47+00:00
EXP-003052,ACCT-000209,B0091,2033-06-07,0.0,2026-07-20T19:12:47+00:00
EXP-003053,ACCT-000178,B0091,2033-06-07,0.0,2026-07-20T19:12:47+00:00
EXP-003054,ACCT-000285,B0091,2033-06-07,0.0,2026-07-20T19:12:47+00:00
EXP-003055,ACCT-000273,B0091,2033-06-07,0.0,2026-07-20T19:12:47+00:00
EXP-003056,ACCT-000128,B0091,2033-06-07,0.0,2026-07-20T19:12:47+00:00
EXP-003057,ACCT-000216,B0091,2033-06-07,0.0,2026-07-20T19:12:47+00:00
EXP-003058,ACCT-000347,B0091,2033-06-07,0.0,2026-07-20T19:12:47+00:00
EXP-003059,ACCT-000068,B0091,2033-06-07,0.0,2026-07-20T19:12:47+00:00
EXP-003060,ACCT-000306,B0091,2033-06-07,0.0,2026-07-20T19:12:47+00:00
EXP-003061,ACCT-000245,B0091,2033-06-07,0.0,2026-07-20T19:12:47+00:00
EXP-003062,ACCT-000124,B0091,2033-06-07,0.0,2026-07-20T19:12:47+00:00
EXP-003063,ACCT-000310,B0091,2033-06-07,0.0,2026-07-20T19:12:47+00:00
EXP-003064,ACCT-000327,B0091,2033-06-07,0.0,2026-07-20T19:12:47+00:00
EXP-003065,ACCT-000162,B0091,2033-06-07,0.0,2026-07-20T19:12:47+00:00
EXP-003066,ACCT-000291,B0091,2033-06-07,0.0,2026-07-20T19:12:47+00:00
EXP-003067,ACCT-000167,B0091,2033-06-07,0.0,2026-07-20T19:12:47+00:00
EXP-003068,ACCT-000146,B0091,2033-06-07,0.0,2026-07-20T19:12:47+00:00
EXP-003069,ACCT-000301,B0091,2033-06-07,44.4,2026-07-20T19:12:47+00:00
EXP-003070,ACCT-000038,B0091,2033-06-07,0.0,2026-07-20T19:12:47+00:00
EXP-003071,ACCT-000080,B0091,2033-06-07,0.0,2026-07-20T19:12:47+00:00
EXP-003072,ACCT-000087,B0091,2033-06-07,0.0,2026-07-20T19:12:47+00:00
EXP-003073,ACCT-000052,B0091,2033-06-07,0.0,2026-07-20T19:12:47+00:00
EXP-003074,ACCT-000230,B0091,2033-06-07,0.0,2026-07-20T19:12:47+00:00
EXP-003075,ACCT-000366,B0091,2033-06-07,0.0,2026-07-20T19:12:47+00:00
EXP-003076,ACCT-000158,B0091,2033-06-07,0.0,2026-07-20T19:12:47+00:00
EXP-003077,ACCT-000305,B0091,2033-06-07,0.0,2026-07-20T19:12:47+00:00
EXP-003078,ACCT-000170,B0091,2033-06-07,0.0,2026-07-20T19:12:47+00:00
EXP-003079,ACCT-000247,B0091,2033-06-07,0.0,2026-07-20T19:12:47+00:00
EXP-003080,ACCT-000389,B0091,2033-06-07,0.0,2026-07-20T19:12:47+00:00
EXP-003081,ACCT-000390,B0091,2033-06-07,0.0,2026-07-20T19:12:47+00:00
EXP-003082,ACCT-000316,B0092,2033-07-07,0.0,2026-07-20T20:47:08+00:00
EXP-003083,ACCT-000198,B0092,2033-07-07,0.0,2026-07-20T20:47:08+00:00
EXP-003084,ACCT-000317,B0092,2033-07-07,0.0,2026-07-20T20:47:08+00:00
EXP-003085,ACCT-000063,B0092,2033-07-07,0.0,2026-07-20T20:47:08+00:00
EXP-003086,ACCT-000348,B0092,2033-07-07,0.0,2026-07-20T20:47:08+00:00
EXP-003087,ACCT-000221,B0092,2033-07-07,0.0,2026-07-20T20:47:08+00:00
EXP-003088,ACCT-000373,B0092,2033-07-07,0.0,2026-07-20T20:47:08+00:00
EXP-003089,ACCT-000183,B0092,2033-07-07,0.0,2026-07-20T20:47:08+00:00
EXP-003090,ACCT-000219,B0092,2033-07-07,0.0,2026-07-20T20:47:08+00:00
EXP-003091,ACCT-000058,B0092,2033-07-07,0.0,2026-07-20T20:47:08+00:00
EXP-003092,ACCT-000334,B0092,2033-07-07,0.0,2026-07-20T20:47:08+00:00
EXP-003093,ACCT-000236,B0092,2033-07-07,0.0,2026-07-20T20:47:08+00:00
EXP-003094,ACCT-000284,B0092,2033-07-07,0.0,2026-07-20T20:47:08+00:00
EXP-003095,ACCT-000380,B0092,2033-07-07,0.0,2026-07-20T20:47:08+00:00
EXP-003096,ACCT-000387,B0092,2033-07-07,0.0,2026-07-20T20:47:08+00:00
EXP-003097,ACCT-000383,B0092,2033-07-07,0.0,2026-07-20T20:47:08+00:00
EXP-003098,ACCT-000086,B0092,2033-07-07,0.0,2026-07-20T20:47:08+00:00
EXP-003099,ACCT-000161,B0092,2033-07-07,0.0,2026-07-20T20:47:08+00:00
EXP-003100,ACCT-000076,B0092,2033-07-07,0.0,2026-07-20T20:47:08+00:00
EXP-003101,ACCT-000248,B0092,2033-07-07,0.0,2026-07-20T20:47:08+00:00
EXP-003102,ACCT-000067,B0092,2033-07-07,0.0,2026-07-20T20:47:08+00:00
EXP-003103,ACCT-000164,B0092,2033-07-07,0.0,2026-07-20T20:47:08+00:00
EXP-003104,ACCT-000009,B0092,2033-07-07,0.0,2026-07-20T20:47:08+00:00
EXP-003105,ACCT-000237,B0092,2033-07-07,0.0,2026-07-20T20:47:08+00:00
EXP-003106,ACCT-000305,B0092,2033-07-07,0.0,2026-07-20T20:47:08+00:00
EXP-003107,ACCT-000301,B0092,2033-07-07,0.0,2026-07-20T20:47:08+00:00
EXP-003108,ACCT-000126,B0092,2033-07-07,0.0,2026-07-20T20:47:08+00:00
EXP-003109,ACCT-000391,B0092,2033-07-07,0.0,2026-07-20T20:47:08+00:00
EXP-003110,ACCT-000392,B0092,2033-07-07,0.0,2026-07-20T20:47:08+00:00
EXP-003111,ACCT-000050,B0093,2033-08-06,0.0,2026-07-20T21:56:08+00:00
EXP-003112,ACCT-000077,B0093,2033-08-06,0.0,2026-07-20T21:56:08+00:00
EXP-003113,ACCT-000183,B0093,2033-08-06,0.0,2026-07-20T21:56:08+00:00
EXP-003114,ACCT-000238,B0093,2033-08-06,0.0,2026-07-20T21:56:08+00:00
EXP-003115,ACCT-000236,B0093,2033-08-06,0.0,2026-07-20T21:56:08+00:00
EXP-003116,ACCT-000054,B0093,2033-08-06,0.0,2026-07-20T21:56:08+00:00
EXP-003117,ACCT-000081,B0093,2033-08-06,0.0,2026-07-20T21:56:08+00:00
EXP-003118,ACCT-000221,B0093,2033-08-06,0.0,2026-07-20T21:56:08+00:00
EXP-003119,ACCT-000351,B0093,2033-08-06,0.0,2026-07-20T21:56:08+00:00
EXP-003120,ACCT-000324,B0093,2033-08-06,0.0,2026-07-20T21:56:08+00:00
EXP-003121,ACCT-000385,B0093,2033-08-06,0.0,2026-07-20T21:56:08+00:00
EXP-003122,ACCT-000088,B0093,2033-08-06,0.0,2026-07-20T21:56:08+00:00
EXP-003123,ACCT-000219,B0093,2033-08-06,0.0,2026-07-20T21:56:08+00:00
EXP-003124,ACCT-000141,B0093,2033-08-06,0.0,2026-07-20T21:56:08+00:00
EXP-003125,ACCT-000062,B0093,2033-08-06,0.0,2026-07-20T21:56:08+00:00
EXP-003126,ACCT-000200,B0093,2033-08-06,0.0,2026-07-20T21:56:08+00:00
EXP-003127,ACCT-000233,B0093,2033-08-06,0.0,2026-07-20T21:56:08+00:00
EXP-003128,ACCT-000375,B0093,2033-08-06,0.0,2026-07-20T21:56:08+00:00
EXP-003129,ACCT-000182,B0093,2033-08-06,0.0,2026-07-20T21:56:08+00:00
EXP-003130,ACCT-000392,B0093,2033-08-06,0.0,2026-07-20T21:56:08+00:00
EXP-003131,ACCT-000014,B0093,2033-08-06,0.0,2026-07-20T21:56:08+00:00
EXP-003132,ACCT-000023,B0093,2033-08-06,0.0,2026-07-20T21:56:08+00:00
EXP-003133,ACCT-000044,B0093,2033-08-06,0.0,2026-07-20T21:56:08+00:00
EXP-003134,ACCT-000312,B0093,2033-08-06,0.0,2026-07-20T21:56:08+00:00
EXP-003135,ACCT-000161,B0093,2033-08-06,0.0,2026-07-20T21:56:08+00:00
EXP-003136,ACCT-000007,B0093,2033-08-06,0.0,2026-07-20T21:56:08+00:00
EXP-003137,ACCT-000311,B0093,2033-08-06,0.0,2026-07-20T21:56:08+00:00
EXP-003138,ACCT-000353,B0093,2033-08-06,0.0,2026-07-20T21:56:08+00:00
EXP-003139,ACCT-000249,B0093,2033-08-06,-2.77,2026-07-20T21:56:08+00:00
EXP-003140,ACCT-000393,B0093,2033-08-06,0.0,2026-07-20T21:56:08+00:00
EXP-003141,ACCT-000394,B0093,2033-08-06,0.0,2026-07-20T21:56:08+00:00
EXP-003142,ACCT-000395,B0093,2033-08-06,0.0,2026-07-20T21:56:08+00:00
EXP-003143,ACCT-000271,B0094,2033-09-05,0.0,2026-07-20T22:52:55+00:00
EXP-003144,ACCT-000352,B0094,2033-09-05,0.0,2026-07-20T22:52:55+00:00
EXP-003145,ACCT-000198,B0094,2033-09-05,0.0,2026-07-20T22:52:55+00:00
EXP-003146,ACCT-000240,B0094,2033-09-05,0.0,2026-07-20T22:52:55+00:00
EXP-003147,ACCT-000249,B0094,2033-09-05,0.0,2026-07-20T22:52:55+00:00
EXP-003148,ACCT-000042,B0094,2033-09-05,79.32,2026-07-20T22:52:55+00:00
EXP-003149,ACCT-000321,B0094,2033-09-05,0.0,2026-07-20T22:52:55+00:00
EXP-003150,ACCT-000027,B0094,2033-09-05,0.0,2026-07-20T22:52:55+00:00
EXP-003151,ACCT-000107,B0094,2033-09-05,0.0,2026-07-20T22:52:55+00:00
EXP-003152,ACCT-000328,B0094,2033-09-05,0.0,2026-07-20T22:52:55+00:00
EXP-003153,ACCT-000390,B0094,2033-09-05,0.0,2026-07-20T22:52:55+00:00
EXP-003154,ACCT-000068,B0094,2033-09-05,0.0,2026-07-20T22:52:55+00:00
EXP-003155,ACCT-000038,B0094,2033-09-05,0.0,2026-07-20T22:52:55+00:00
EXP-003156,ACCT-000226,B0094,2033-09-05,0.0,2026-07-20T22:52:55+00:00
EXP-003157,ACCT-000121,B0094,2033-09-05,0.0,2026-07-20T22:52:55+00:00
EXP-003158,ACCT-000341,B0094,2033-09-05,0.0,2026-07-20T22:52:55+00:00
EXP-003159,ACCT-000064,B0094,2033-09-05,0.0,2026-07-20T22:52:55+00:00
EXP-003160,ACCT-000065,B0094,2033-09-05,0.0,2026-07-20T22:52:55+00:00
EXP-003161,ACCT-000152,B0094,2033-09-05,0.0,2026-07-20T22:52:55+00:00
EXP-003162,ACCT-000367,B0094,2033-09-05,0.0,2026-07-20T22:52:55+00:00
EXP-003163,ACCT-000325,B0094,2033-09-05,0.0,2026-07-20T22:52:55+00:00
EXP-003164,ACCT-000217,B0094,2033-09-05,77.72,2026-07-20T22:52:55+00:00
EXP-003165,ACCT-000301,B0094,2033-09-05,0.0,2026-07-20T22:52:55+00:00
EXP-003166,ACCT-000213,B0094,2033-09-05,0.0,2026-07-20T22:52:55+00:00
EXP-003167,ACCT-000207,B0094,2033-09-05,0.0,2026-07-20T22:52:55+00:00
EXP-003168,ACCT-000025,B0094,2033-09-05,0.0,2026-07-20T22:52:55+00:00
EXP-003169,ACCT-000396,B0094,2033-09-05,0.0,2026-07-20T22:52:55+00:00
EXP-003170,ACCT-000397,B0094,2033-09-05,0.0,2026-07-20T22:52:55+00:00
EXP-003171,ACCT-000396,B0095,2033-10-05,0.0,2026-07-20T23:49:56+00:00
EXP-003172,ACCT-000057,B0095,2033-10-05,0.0,2026-07-20T23:49:56+00:00
EXP-003173,ACCT-000001,B0095,2033-10-05,0.0,2026-07-20T23:49:56+00:00
EXP-003174,ACCT-000189,B0095,2033-10-05,0.0,2026-07-20T23:49:56+00:00
EXP-003175,ACCT-000170,B0095,2033-10-05,5.31,2026-07-20T23:49:56+00:00
EXP-003176,ACCT-000300,B0095,2033-10-05,0.0,2026-07-20T23:49:56+00:00
EXP-003177,ACCT-000360,B0095,2033-10-05,0.0,2026-07-20T23:49:56+00:00
EXP-003178,ACCT-000359,B0095,2033-10-05,0.0,2026-07-20T23:49:56+00:00
EXP-003179,ACCT-000381,B0095,2033-10-05,0.0,2026-07-20T23:49:56+00:00
EXP-003180,ACCT-000297,B0095,2033-10-05,0.0,2026-07-20T23:49:56+00:00
EXP-003181,ACCT-000257,B0095,2033-10-05,0.0,2026-07-20T23:49:56+00:00
EXP-003182,ACCT-000193,B0095,2033-10-05,0.0,2026-07-20T23:49:56+00:00
EXP-003183,ACCT-000166,B0095,2033-10-05,0.0,2026-07-20T23:49:56+00:00
EXP-003184,ACCT-000337,B0095,2033-10-05,0.0,2026-07-20T23:49:56+00:00
EXP-003185,ACCT-000279,B0095,2033-10-05,0.0,2026-07-20T23:49:56+00:00
EXP-003186,ACCT-000325,B0095,2033-10-05,0.0,2026-07-20T23:49:56+00:00
EXP-003187,ACCT-000039,B0095,2033-10-05,0.0,2026-07-20T23:49:56+00:00
EXP-003188,ACCT-000205,B0095,2033-10-05,0.0,2026-07-20T23:49:56+00:00
EXP-003189,ACCT-000362,B0095,2033-10-05,0.0,2026-07-20T23:49:56+00:00
EXP-003190,ACCT-000066,B0095,2033-10-05,0.0,2026-07-20T23:49:56+00:00
EXP-003191,ACCT-000134,B0095,2033-10-05,0.0,2026-07-20T23:49:56+00:00
EXP-003192,ACCT-000127,B0095,2033-10-05,0.0,2026-07-20T23:49:56+00:00
EXP-003193,ACCT-000293,B0095,2033-10-05,0.0,2026-07-20T23:49:56+00:00
EXP-003194,ACCT-000283,B0095,2033-10-05,0.0,2026-07-20T23:49:56+00:00
EXP-003195,ACCT-000228,B0095,2033-10-05,0.0,2026-07-20T23:49:56+00:00
EXP-003196,ACCT-000398,B0095,2033-10-05,0.0,2026-07-20T23:49:56+00:00
EXP-003197,ACCT-000399,B0095,2033-10-05,0.0,2026-07-20T23:49:56+00:00
EXP-003198,ACCT-000400,B0095,2033-10-05,0.0,2026-07-20T23:49:56+00:00
EXP-003199,ACCT-000401,B0095,2033-10-05,0.0,2026-07-20T23:49:56+00:00
EXP-003200,ACCT-000180,B0096,2033-11-04,0.0,2026-07-21T01:53:50+00:00
EXP-003201,ACCT-000071,B0096,2033-11-04,0.0,2026-07-21T01:53:50+00:00
EXP-003202,ACCT-000013,B0096,2033-11-04,0.0,2026-07-21T01:53:50+00:00
EXP-003203,ACCT-000123,B0096,2033-11-04,0.0,2026-07-21T01:53:50+00:00
EXP-003204,ACCT-000073,B0096,2033-11-04,0.0,2026-07-21T01:53:50+00:00
EXP-003205,ACCT-000352,B0096,2033-11-04,0.0,2026-07-21T01:53:50+00:00
EXP-003206,ACCT-000283,B0096,2033-11-04,0.0,2026-07-21T01:53:50+00:00
EXP-003207,ACCT-000308,B0096,2033-11-04,0.0,2026-07-21T01:53:50+00:00
EXP-003208,ACCT-000032,B0096,2033-11-04,0.0,2026-07-21T01:53:50+00:00
EXP-003209,ACCT-000229,B0096,2033-11-04,0.0,2026-07-21T01:53:50+00:00
EXP-003210,ACCT-000297,B0096,2033-11-04,0.0,2026-07-21T01:53:50+00:00
EXP-003211,ACCT-000398,B0096,2033-11-04,0.0,2026-07-21T01:53:50+00:00
EXP-003212,ACCT-000085,B0096,2033-11-04,0.0,2026-07-21T01:53:50+00:00
EXP-003213,ACCT-000289,B0096,2033-11-04,0.0,2026-07-21T01:53:50+00:00
EXP-003214,ACCT-000151,B0096,2033-11-04,-2.71,2026-07-21T01:53:50+00:00
EXP-003215,ACCT-000050,B0096,2033-11-04,0.0,2026-07-21T01:53:50+00:00
EXP-003216,ACCT-000384,B0096,2033-11-04,35.36,2026-07-21T01:53:50+00:00
EXP-003217,ACCT-000246,B0096,2033-11-04,0.0,2026-07-21T01:53:50+00:00
EXP-003218,ACCT-000090,B0096,2033-11-04,0.0,2026-07-21T01:53:50+00:00
EXP-003219,ACCT-000069,B0096,2033-11-04,0.0,2026-07-21T01:53:50+00:00
EXP-003220,ACCT-000303,B0096,2033-11-04,0.0,2026-07-21T01:53:50+00:00
EXP-003221,ACCT-000171,B0096,2033-11-04,0.0,2026-07-21T01:53:50+00:00
EXP-003222,ACCT-000278,B0096,2033-11-04,0.0,2026-07-21T01:53:50+00:00
EXP-003223,ACCT-000120,B0096,2033-11-04,0.0,2026-07-21T01:53:50+00:00
EXP-003224,ACCT-000159,B0096,2033-11-04,0.0,2026-07-21T01:53:50+00:00
EXP-003225,ACCT-000014,B0096,2033-11-04,0.0,2026-07-21T01:53:50+00:00
EXP-003226,ACCT-000179,B0096,2033-11-04,0.0,2026-07-21T01:53:50+00:00
EXP-003227,ACCT-000270,B0096,2033-11-04,0.0,2026-07-21T01:53:50+00:00
EXP-003228,ACCT-000273,B0096,2033-11-04,0.0,2026-07-21T01:53:50+00:00
EXP-003229,ACCT-000402,B0096,2033-11-04,0.0,2026-07-21T01:53:50+00:00
EXP-003230,ACCT-000403,B0096,2033-11-04,-9.25,2026-07-21T01:53:50+00:00
EXP-003231,ACCT-000404,B0096,2033-11-04,0.0,2026-07-21T01:53:50+00:00
EXP-003232,ACCT-000046,B0097,2033-12-04,0.0,2026-07-21T05:14:21+00:00
EXP-003233,ACCT-000037,B0097,2033-12-04,0.0,2026-07-21T05:14:21+00:00
EXP-003234,ACCT-000121,B0097,2033-12-04,0.0,2026-07-21T05:14:21+00:00
EXP-003235,ACCT-000236,B0097,2033-12-04,0.0,2026-07-21T05:14:21+00:00
EXP-003236,ACCT-000201,B0097,2033-12-04,0.0,2026-07-21T05:14:21+00:00
EXP-003237,ACCT-000324,B0097,2033-12-04,0.0,2026-07-21T05:14:21+00:00
EXP-003238,ACCT-000384,B0097,2033-12-04,0.0,2026-07-21T05:14:21+00:00
EXP-003239,ACCT-000357,B0097,2033-12-04,0.0,2026-07-21T05:14:21+00:00
EXP-003240,ACCT-000117,B0097,2033-12-04,0.0,2026-07-21T05:14:21+00:00
EXP-003241,ACCT-000295,B0097,2033-12-04,0.0,2026-07-21T05:14:21+00:00
EXP-003242,ACCT-000065,B0097,2033-12-04,0.0,2026-07-21T05:14:21+00:00
EXP-003243,ACCT-000328,B0097,2033-12-04,0.0,2026-07-21T05:14:21+00:00
EXP-003244,ACCT-000272,B0097,2033-12-04,0.0,2026-07-21T05:14:21+00:00
EXP-003245,ACCT-000090,B0097,2033-12-04,0.0,2026-07-21T05:14:21+00:00
EXP-003246,ACCT-000076,B0097,2033-12-04,0.0,2026-07-21T05:14:21+00:00
EXP-003247,ACCT-000006,B0097,2033-12-04,0.0,2026-07-21T05:14:21+00:00
EXP-003248,ACCT-000401,B0097,2033-12-04,0.0,2026-07-21T05:14:21+00:00
EXP-003249,ACCT-000207,B0097,2033-12-04,0.0,2026-07-21T05:14:21+00:00
EXP-003250,ACCT-000041,B0097,2033-12-04,0.0,2026-07-21T05:14:21+00:00
EXP-003251,ACCT-000105,B0097,2033-12-04,0.0,2026-07-21T05:14:21+00:00
EXP-003252,ACCT-000226,B0097,2033-12-04,0.0,2026-07-21T05:14:21+00:00
EXP-003253,ACCT-000332,B0097,2033-12-04,0.0,2026-07-21T05:14:21+00:00
EXP-003254,ACCT-000051,B0097,2033-12-04,0.0,2026-07-21T05:14:21+00:00
EXP-003255,ACCT-000237,B0097,2033-12-04,0.0,2026-07-21T05:14:21+00:00
EXP-003256,ACCT-000310,B0097,2033-12-04,0.0,2026-07-21T05:14:21+00:00
EXP-003257,ACCT-000346,B0097,2033-12-04,0.0,2026-07-21T05:14:21+00:00
EXP-003258,ACCT-000377,B0097,2033-12-04,0.0,2026-07-21T05:14:21+00:00
EXP-003259,ACCT-000027,B0097,2033-12-04,0.0,2026-07-21T05:14:21+00:00
EXP-003260,ACCT-000220,B0097,2033-12-04,0.0,2026-07-21T05:14:21+00:00
EXP-003261,ACCT-000082,B0097,2033-12-04,0.0,2026-07-21T05:14:21+00:00
EXP-003262,ACCT-000354,B0097,2033-12-04,0.0,2026-07-21T05:14:21+00:00
EXP-003263,ACCT-000280,B0097,2033-12-04,0.0,2026-07-21T05:14:21+00:00
EXP-003264,ACCT-000329,B0097,2033-12-04,0.0,2026-07-21T05:14:21+00:00
EXP-003265,ACCT-000365,B0097,2033-12-04,0.0,2026-07-21T05:14:21+00:00
EXP-003266,ACCT-000405,B0097,2033-12-04,0.0,2026-07-21T05:14:21+00:00
EXP-003267,ACCT-000406,B0097,2033-12-04,0.0,2026-07-21T05:14:21+00:00
EXP-003268,ACCT-000066,B0098,2034-01-03,0.0,2026-07-21T07:53:12+00:00
EXP-003269,ACCT-000071,B0098,2034-01-03,0.0,2026-07-21T07:53:12+00:00
EXP-003270,ACCT-000195,B0098,2034-01-03,0.0,2026-07-21T07:53:12+00:00
EXP-003271,ACCT-000275,B0098,2034-01-03,0.0,2026-07-21T07:53:12+00:00
EXP-003272,ACCT-000301,B0098,2034-01-03,0.0,2026-07-21T07:53:12+00:00
EXP-003273,ACCT-000248,B0098,2034-01-03,0.0,2026-07-21T07:53:12+00:00
EXP-003274,ACCT-000099,B0098,2034-01-03,0.0,2026-07-21T07:53:12+00:00
EXP-003275,ACCT-000182,B0098,2034-01-03,0.0,2026-07-21T07:53:12+00:00
EXP-003276,ACCT-000072,B0098,2034-01-03,0.0,2026-07-21T07:53:12+00:00
EXP-003277,ACCT-000354,B0098,2034-01-03,0.0,2026-07-21T07:53:12+00:00
EXP-003278,ACCT-000303,B0098,2034-01-03,0.0,2026-07-21T07:53:12+00:00
EXP-003279,ACCT-000388,B0098,2034-01-03,0.0,2026-07-21T07:53:12+00:00
EXP-003280,ACCT-000328,B0098,2034-01-03,0.0,2026-07-21T07:53:12+00:00
EXP-003281,ACCT-000176,B0098,2034-01-03,0.0,2026-07-21T07:53:12+00:00
EXP-003282,ACCT-000245,B0098,2034-01-03,0.0,2026-07-21T07:53:12+00:00
EXP-003283,ACCT-000390,B0098,2034-01-03,21.2,2026-07-21T07:53:12+00:00
EXP-003284,ACCT-000392,B0098,2034-01-03,0.0,2026-07-21T07:53:12+00:00
EXP-003285,ACCT-000104,B0098,2034-01-03,30.34,2026-07-21T07:53:12+00:00
EXP-003286,ACCT-000011,B0098,2034-01-03,0.0,2026-07-21T07:53:12+00:00
EXP-003287,ACCT-000061,B0098,2034-01-03,0.0,2026-07-21T07:53:12+00:00
EXP-003288,ACCT-000218,B0098,2034-01-03,7.66,2026-07-21T07:53:12+00:00
EXP-003289,ACCT-000284,B0098,2034-01-03,0.0,2026-07-21T07:53:12+00:00
EXP-003290,ACCT-000160,B0098,2034-01-03,0.0,2026-07-21T07:53:12+00:00
EXP-003291,ACCT-000210,B0098,2034-01-03,0.0,2026-07-21T07:53:12+00:00
EXP-003292,ACCT-000166,B0098,2034-01-03,0.0,2026-07-21T07:53:12+00:00
EXP-003293,ACCT-000155,B0098,2034-01-03,0.0,2026-07-21T07:53:12+00:00
EXP-003294,ACCT-000038,B0098,2034-01-03,0.0,2026-07-21T07:53:12+00:00
EXP-003295,ACCT-000079,B0098,2034-01-03,0.0,2026-07-21T07:53:12+00:00
EXP-003296,ACCT-000134,B0098,2034-01-03,0.0,2026-07-21T07:53:12+00:00
EXP-003297,ACCT-000319,B0098,2034-01-03,0.0,2026-07-21T07:53:12+00:00
EXP-003298,ACCT-000168,B0098,2034-01-03,0.0,2026-07-21T07:53:12+00:00
EXP-003299,ACCT-000407,B0098,2034-01-03,0.0,2026-07-21T07:53:12+00:00
EXP-003300,ACCT-000408,B0098,2034-01-03,0.0,2026-07-21T07:53:12+00:00
EXP-003301,ACCT-000409,B0098,2034-01-03,0.0,2026-07-21T07:53:12+00:00
EXP-003302,ACCT-000337,B0099,2034-02-02,0.0,2026-07-21T10:18:23+00:00
EXP-003303,ACCT-000013,B0099,2034-02-02,0.0,2026-07-21T10:18:23+00:00
EXP-003304,ACCT-000313,B0099,2034-02-02,0.0,2026-07-21T10:18:23+00:00
EXP-003305,ACCT-000341,B0099,2034-02-02,0.0,2026-07-21T10:18:23+00:00
EXP-003306,ACCT-000127,B0099,2034-02-02,0.0,2026-07-21T10:18:23+00:00
EXP-003307,ACCT-000230,B0099,2034-02-02,0.0,2026-07-21T10:18:23+00:00
EXP-003308,ACCT-000319,B0099,2034-02-02,0.0,2026-07-21T10:18:23+00:00
EXP-003309,ACCT-000118,B0099,2034-02-02,0.0,2026-07-21T10:18:23+00:00
EXP-003310,ACCT-000174,B0099,2034-02-02,0.0,2026-07-21T10:18:23+00:00
EXP-003311,ACCT-000018,B0099,2034-02-02,0.0,2026-07-21T10:18:23+00:00
EXP-003312,ACCT-000136,B0099,2034-02-02,0.0,2026-07-21T10:18:23+00:00
EXP-003313,ACCT-000345,B0099,2034-02-02,0.0,2026-07-21T10:18:23+00:00
EXP-003314,ACCT-000295,B0099,2034-02-02,0.0,2026-07-21T10:18:23+00:00
EXP-003315,ACCT-000186,B0099,2034-02-02,0.0,2026-07-21T10:18:23+00:00
EXP-003316,ACCT-000189,B0099,2034-02-02,0.0,2026-07-21T10:18:23+00:00
EXP-003317,ACCT-000193,B0099,2034-02-02,10.65,2026-07-21T10:18:23+00:00
EXP-003318,ACCT-000079,B0099,2034-02-02,0.0,2026-07-21T10:18:23+00:00
EXP-003319,ACCT-000041,B0099,2034-02-02,0.0,2026-07-21T10:18:23+00:00
EXP-003320,ACCT-000187,B0099,2034-02-02,0.0,2026-07-21T10:18:23+00:00
EXP-003321,ACCT-000099,B0099,2034-02-02,7.06,2026-07-21T10:18:23+00:00
EXP-003322,ACCT-000078,B0099,2034-02-02,0.0,2026-07-21T10:18:23+00:00
EXP-003323,ACCT-000375,B0099,2034-02-02,0.0,2026-07-21T10:18:23+00:00
EXP-003324,ACCT-000206,B0099,2034-02-02,77.54,2026-07-21T10:18:23+00:00
EXP-003325,ACCT-000208,B0099,2034-02-02,0.0,2026-07-21T10:18:23+00:00
EXP-003326,ACCT-000063,B0099,2034-02-02,0.0,2026-07-21T10:18:23+00:00
EXP-003327,ACCT-000138,B0099,2034-02-02,0.0,2026-07-21T10:18:23+00:00
EXP-003328,ACCT-000256,B0099,2034-02-02,0.0,2026-07-21T10:18:23+00:00
EXP-003329,ACCT-000395,B0099,2034-02-02,0.0,2026-07-21T10:18:23+00:00
EXP-003330,ACCT-000148,B0099,2034-02-02,0.0,2026-07-21T10:18:23+00:00
EXP-003331,ACCT-000410,B0099,2034-02-02,0.0,2026-07-21T10:18:23+00:00
EXP-003332,ACCT-000411,B0099,2034-02-02,0.0,2026-07-21T10:18:23+00:00
EXP-003333,ACCT-000412,B0099,2034-02-02,0.0,2026-07-21T10:18:23+00:00
EXP-003334,ACCT-000413,B0099,2034-02-02,0.0,2026-07-21T10:18:23+00:00
EXP-003335,ACCT-000401,B0100,2034-03-04,0.0,2026-07-21T12:07:07+00:00
EXP-003336,ACCT-000241,B0100,2034-03-04,11.77,2026-07-21T12:07:07+00:00
EXP-003337,ACCT-000288,B0100,2034-03-04,0.0,2026-07-21T12:07:07+00:00
EXP-003338,ACCT-000185,B0100,2034-03-04,0.0,2026-07-21T12:07:07+00:00
EXP-003339,ACCT-000373,B0100,2034-03-04,0.0,2026-07-21T12:07:07+00:00
EXP-003340,ACCT-000194,B0100,2034-03-04,0.0,2026-07-21T12:07:07+00:00
EXP-003341,ACCT-000116,B0100,2034-03-04,0.0,2026-07-21T12:07:07+00:00
EXP-003342,ACCT-000317,B0100,2034-03-04,0.0,2026-07-21T12:07:07+00:00
EXP-003343,ACCT-000077,B0100,2034-03-04,0.0,2026-07-21T12:07:07+00:00
EXP-003344,ACCT-000393,B0100,2034-03-04,0.0,2026-07-21T12:07:07+00:00
EXP-003345,ACCT-000206,B0100,2034-03-04,0.0,2026-07-21T12:07:07+00:00
EXP-003346,ACCT-000090,B0100,2034-03-04,49.5,2026-07-21T12:07:07+00:00
EXP-003347,ACCT-000153,B0100,2034-03-04,73.72,2026-07-21T12:07:07+00:00
EXP-003348,ACCT-000214,B0100,2034-03-04,0.0,2026-07-21T12:07:07+00:00
EXP-003349,ACCT-000052,B0100,2034-03-04,0.0,2026-07-21T12:07:07+00:00
EXP-003350,ACCT-000269,B0100,2034-03-04,0.0,2026-07-21T12:07:07+00:00
EXP-003351,ACCT-000133,B0100,2034-03-04,0.0,2026-07-21T12:07:07+00:00
EXP-003352,ACCT-000382,B0100,2034-03-04,0.0,2026-07-21T12:07:07+00:00
EXP-003353,ACCT-000396,B0100,2034-03-04,0.0,2026-07-21T12:07:07+00:00
EXP-003354,ACCT-000072,B0100,2034-03-04,0.0,2026-07-21T12:07:07+00:00
EXP-003355,ACCT-000306,B0100,2034-03-04,0.0,2026-07-21T12:07:07+00:00
EXP-003356,ACCT-000320,B0100,2034-03-04,0.0,2026-07-21T12:07:07+00:00
EXP-003357,ACCT-000100,B0100,2034-03-04,0.0,2026-07-21T12:07:07+00:00
EXP-003358,ACCT-000291,B0100,2034-03-04,0.0,2026-07-21T12:07:07+00:00
EXP-003359,ACCT-000271,B0100,2034-03-04,17.65,2026-07-21T12:07:07+00:00
EXP-003360,ACCT-000285,B0100,2034-03-04,0.0,2026-07-21T12:07:07+00:00
EXP-003361,ACCT-000058,B0100,2034-03-04,0.0,2026-07-21T12:07:07+00:00
EXP-003362,ACCT-000365,B0100,2034-03-04,0.0,2026-07-21T12:07:07+00:00
EXP-003363,ACCT-000414,B0100,2034-03-04,0.0,2026-07-21T12:07:07+00:00
EXP-003364,ACCT-000415,B0100,2034-03-04,15.33,2026-07-21T12:07:07+00:00
EXP-003365,ACCT-000405,B0101,2034-04-03,0.0,2026-07-21T14:32:06+00:00
EXP-003366,ACCT-000091,B0101,2034-04-03,0.0,2026-07-21T14:32:06+00:00
EXP-003367,ACCT-000050,B0101,2034-04-03,0.0,2026-07-21T14:32:06+00:00
EXP-003368,ACCT-000159,B0101,2034-04-03,0.0,2026-07-21T14:32:06+00:00
EXP-003369,ACCT-000104,B0101,2034-04-03,0.0,2026-07-21T14:32:06+00:00
EXP-003370,ACCT-000010,B0101,2034-04-03,-5.41,2026-07-21T14:32:06+00:00
EXP-003371,ACCT-000028,B0101,2034-04-03,0.0,2026-07-21T14:32:06+00:00
EXP-003372,ACCT-000373,B0101,2034-04-03,0.0,2026-07-21T14:32:06+00:00
EXP-003373,ACCT-000318,B0101,2034-04-03,70.14,2026-07-21T14:32:06+00:00
EXP-003374,ACCT-000275,B0101,2034-04-03,0.0,2026-07-21T14:32:06+00:00
EXP-003375,ACCT-000364,B0101,2034-04-03,0.0,2026-07-21T14:32:06+00:00
EXP-003376,ACCT-000383,B0101,2034-04-03,0.0,2026-07-21T14:32:06+00:00
EXP-003377,ACCT-000136,B0101,2034-04-03,0.0,2026-07-21T14:32:06+00:00
EXP-003378,ACCT-000073,B0101,2034-04-03,0.0,2026-07-21T14:32:06+00:00
EXP-003379,ACCT-000128,B0101,2034-04-03,0.0,2026-07-21T14:32:06+00:00
EXP-003380,ACCT-000404,B0101,2034-04-03,0.0,2026-07-21T14:32:06+00:00
EXP-003381,ACCT-000304,B0101,2034-04-03,0.0,2026-07-21T14:32:06+00:00
EXP-003382,ACCT-000309,B0101,2034-04-03,-8.77,2026-07-21T14:32:06+00:00
EXP-003383,ACCT-000160,B0101,2034-04-03,0.0,2026-07-21T14:32:06+00:00
EXP-003384,ACCT-000332,B0101,2034-04-03,0.0,2026-07-21T14:32:06+00:00
EXP-003385,ACCT-000107,B0101,2034-04-03,0.0,2026-07-21T14:32:06+00:00
EXP-003386,ACCT-000363,B0101,2034-04-03,0.0,2026-07-21T14:32:06+00:00
EXP-003387,ACCT-000204,B0101,2034-04-03,1.44,2026-07-21T14:32:06+00:00
EXP-003388,ACCT-000274,B0101,2034-04-03,49.07,2026-07-21T14:32:06+00:00
EXP-003389,ACCT-000400,B0101,2034-04-03,5.78,2026-07-21T14:32:06+00:00
EXP-003390,ACCT-000394,B0101,2034-04-03,0.0,2026-07-21T14:32:06+00:00
EXP-003391,ACCT-000320,B0101,2034-04-03,0.0,2026-07-21T14:32:06+00:00
EXP-003392,ACCT-000030,B0101,2034-04-03,0.0,2026-07-21T14:32:06+00:00
EXP-003393,ACCT-000353,B0101,2034-04-03,18.41,2026-07-21T14:32:06+00:00
EXP-003394,ACCT-000237,B0101,2034-04-03,0.0,2026-07-21T14:32:06+00:00
EXP-003395,ACCT-000261,B0101,2034-04-03,0.0,2026-07-21T14:32:06+00:00
EXP-003396,ACCT-000262,B0101,2034-04-03,0.0,2026-07-21T14:32:06+00:00
EXP-003397,ACCT-000416,B0101,2034-04-03,-1.75,2026-07-21T14:32:06+00:00
EXP-003398,ACCT-000417,B0101,2034-04-03,0.0,2026-07-21T14:32:06+00:00
EXP-003399,ACCT-000413,B0102,2034-05-03,0.0,2026-07-21T16:17:34+00:00
EXP-003400,ACCT-000129,B0102,2034-05-03,0.0,2026-07-21T16:17:34+00:00
EXP-003401,ACCT-000172,B0102,2034-05-03,0.0,2026-07-21T16:17:34+00:00
EXP-003402,ACCT-000377,B0102,2034-05-03,0.0,2026-07-21T16:17:34+00:00
EXP-003403,ACCT-000196,B0102,2034-05-03,0.0,2026-07-21T16:17:34+00:00
EXP-003404,ACCT-000398,B0102,2034-05-03,0.0,2026-07-21T16:17:34+00:00
EXP-003405,ACCT-000292,B0102,2034-05-03,0.0,2026-07-21T16:17:34+00:00
EXP-003406,ACCT-000303,B0102,2034-05-03,9.86,2026-07-21T16:17:34+00:00
EXP-003407,ACCT-000311,B0102,2034-05-03,0.0,2026-07-21T16:17:34+00:00
EXP-003408,ACCT-000287,B0102,2034-05-03,0.0,2026-07-21T16:17:34+00:00
EXP-003409,ACCT-000063,B0102,2034-05-03,0.0,2026-07-21T16:17:34+00:00
EXP-003410,ACCT-000181,B0102,2034-05-03,0.0,2026-07-21T16:17:34+00:00
EXP-003411,ACCT-000220,B0102,2034-05-03,-3.92,2026-07-21T16:17:34+00:00
EXP-003412,ACCT-000326,B0102,2034-05-03,0.0,2026-07-21T16:17:34+00:00
EXP-003413,ACCT-000156,B0102,2034-05-03,0.0,2026-07-21T16:17:34+00:00
EXP-003414,ACCT-000290,B0102,2034-05-03,0.0,2026-07-21T16:17:34+00:00
EXP-003415,ACCT-000194,B0102,2034-05-03,-7.16,2026-07-21T16:17:34+00:00
EXP-003416,ACCT-000026,B0102,2034-05-03,69.77,2026-07-21T16:17:34+00:00
EXP-003417,ACCT-000213,B0102,2034-05-03,0.0,2026-07-21T16:17:34+00:00
EXP-003418,ACCT-000323,B0102,2034-05-03,0.0,2026-07-21T16:17:34+00:00
EXP-003419,ACCT-000346,B0102,2034-05-03,0.0,2026-07-21T16:17:34+00:00
EXP-003420,ACCT-000328,B0102,2034-05-03,0.0,2026-07-21T16:17:34+00:00
EXP-003421,ACCT-000178,B0102,2034-05-03,0.0,2026-07-21T16:17:34+00:00
EXP-003422,ACCT-000336,B0102,2034-05-03,0.0,2026-07-21T16:17:34+00:00
EXP-003423,ACCT-000018,B0102,2034-05-03,0.0,2026-07-21T16:17:34+00:00
EXP-003424,ACCT-000099,B0102,2034-05-03,0.0,2026-07-21T16:17:34+00:00
EXP-003425,ACCT-000418,B0102,2034-05-03,0.0,2026-07-21T16:17:34+00:00
EXP-003426,ACCT-000419,B0102,2034-05-03,0.0,2026-07-21T16:17:34+00:00
EXP-003427,ACCT-000420,B0102,2034-05-03,0.0,2026-07-21T16:17:34+00:00
EXP-003428,ACCT-000421,B0102,2034-05-03,0.0,2026-07-21T16:17:34+00:00
EXP-003429,ACCT-000368,B0103,2034-06-02,0.0,2026-07-21T17:51:00+00:00
EXP-003430,ACCT-000301,B0103,2034-06-02,0.0,2026-07-21T17:51:00+00:00
EXP-003431,ACCT-000228,B0103,2034-06-02,0.0,2026-07-21T17:51:00+00:00
EXP-003432,ACCT-000408,B0103,2034-06-02,-7.26,2026-07-21T17:51:00+00:00
EXP-003433,ACCT-000026,B0103,2034-06-02,25.56,2026-07-21T17:51:00+00:00
EXP-003434,ACCT-000240,B0103,2034-06-02,0.0,2026-07-21T17:51:00+00:00
EXP-003435,ACCT-000219,B0103,2034-06-02,0.0,2026-07-21T17:51:00+00:00
EXP-003436,ACCT-000185,B0103,2034-06-02,0.0,2026-07-21T17:51:00+00:00
EXP-003437,ACCT-000147,B0103,2034-06-02,0.0,2026-07-21T17:51:00+00:00
EXP-003438,ACCT-000005,B0103,2034-06-02,0.0,2026-07-21T17:51:00+00:00
EXP-003439,ACCT-000145,B0103,2034-06-02,0.0,2026-07-21T17:51:00+00:00
EXP-003440,ACCT-000241,B0103,2034-06-02,0.0,2026-07-21T17:51:00+00:00
EXP-003441,ACCT-000403,B0103,2034-06-02,0.0,2026-07-21T17:51:00+00:00
EXP-003442,ACCT-000257,B0103,2034-06-02,0.0,2026-07-21T17:51:00+00:00
EXP-003443,ACCT-000244,B0103,2034-06-02,0.0,2026-07-21T17:51:00+00:00
EXP-003444,ACCT-000310,B0103,2034-06-02,0.0,2026-07-21T17:51:00+00:00
EXP-003445,ACCT-000134,B0103,2034-06-02,0.0,2026-07-21T17:51:00+00:00
EXP-003446,ACCT-000162,B0103,2034-06-02,0.0,2026-07-21T17:51:00+00:00
EXP-003447,ACCT-000348,B0103,2034-06-02,0.0,2026-07-21T17:51:00+00:00
EXP-003448,ACCT-000003,B0103,2034-06-02,0.0,2026-07-21T17:51:00+00:00
EXP-003449,ACCT-000388,B0103,2034-06-02,0.0,2026-07-21T17:51:00+00:00
EXP-003450,ACCT-000102,B0103,2034-06-02,0.0,2026-07-21T17:51:00+00:00
EXP-003451,ACCT-000099,B0103,2034-06-02,1.54,2026-07-21T17:51:00+00:00
EXP-003452,ACCT-000004,B0103,2034-06-02,0.0,2026-07-21T17:51:00+00:00
EXP-003453,ACCT-000084,B0103,2034-06-02,0.0,2026-07-21T17:51:00+00:00
EXP-003454,ACCT-000189,B0103,2034-06-02,0.0,2026-07-21T17:51:00+00:00
EXP-003455,ACCT-000080,B0103,2034-06-02,0.0,2026-07-21T17:51:00+00:00
EXP-003456,ACCT-000316,B0103,2034-06-02,0.0,2026-07-21T17:51:00+00:00
EXP-003457,ACCT-000227,B0103,2034-06-02,0.0,2026-07-21T17:51:00+00:00
EXP-003458,ACCT-000072,B0103,2034-06-02,0.0,2026-07-21T17:51:00+00:00
EXP-003459,ACCT-000045,B0103,2034-06-02,0.0,2026-07-21T17:51:00+00:00
EXP-003460,ACCT-000048,B0103,2034-06-02,47.26,2026-07-21T17:51:00+00:00
EXP-003461,ACCT-000422,B0103,2034-06-02,0.0,2026-07-21T17:51:00+00:00
EXP-003462,ACCT-000423,B0103,2034-06-02,0.0,2026-07-21T17:51:00+00:00
EXP-003463,ACCT-000219,B0104,2034-07-02,0.0,2026-07-21T19:06:40+00:00
EXP-003464,ACCT-000385,B0104,2034-07-02,0.0,2026-07-21T19:06:40+00:00
EXP-003465,ACCT-000051,B0104,2034-07-02,13.32,2026-07-21T19:06:40+00:00
EXP-003466,ACCT-000070,B0104,2034-07-02,0.0,2026-07-21T19:06:40+00:00
EXP-003467,ACCT-000295,B0104,2034-07-02,0.0,2026-07-21T19:06:40+00:00
EXP-003468,ACCT-000384,B0104,2034-07-02,62.65,2026-07-21T19:06:40+00:00
EXP-003469,ACCT-000351,B0104,2034-07-02,0.0,2026-07-21T19:06:40+00:00
EXP-003470,ACCT-000099,B0104,2034-07-02,0.0,2026-07-21T19:06:40+00:00
EXP-003471,ACCT-000172,B0104,2034-07-02,0.0,2026-07-21T19:06:40+00:00
EXP-003472,ACCT-000262,B0104,2034-07-02,17.79,2026-07-21T19:06:40+00:00
EXP-003473,ACCT-000009,B0104,2034-07-02,0.0,2026-07-21T19:06:40+00:00
EXP-003474,ACCT-000363,B0104,2034-07-02,0.0,2026-07-21T19:06:40+00:00
EXP-003475,ACCT-000316,B0104,2034-07-02,0.0,2026-07-21T19:06:40+00:00
EXP-003476,ACCT-000398,B0104,2034-07-02,0.0,2026-07-21T19:06:40+00:00
EXP-003477,ACCT-000206,B0104,2034-07-02,0.0,2026-07-21T19:06:40+00:00
EXP-003478,ACCT-000199,B0104,2034-07-02,0.0,2026-07-21T19:06:40+00:00
EXP-003479,ACCT-000423,B0104,2034-07-02,16.66,2026-07-21T19:06:40+00:00
EXP-003480,ACCT-000047,B0104,2034-07-02,0.0,2026-07-21T19:06:40+00:00
EXP-003481,ACCT-000102,B0104,2034-07-02,0.0,2026-07-21T19:06:40+00:00
EXP-003482,ACCT-000077,B0104,2034-07-02,0.0,2026-07-21T19:06:40+00:00
EXP-003483,ACCT-000388,B0104,2034-07-02,0.0,2026-07-21T19:06:40+00:00
EXP-003484,ACCT-000163,B0104,2034-07-02,0.0,2026-07-21T19:06:40+00:00
EXP-003485,ACCT-000177,B0104,2034-07-02,0.0,2026-07-21T19:06:40+00:00
EXP-003486,ACCT-000171,B0104,2034-07-02,0.0,2026-07-21T19:06:40+00:00
EXP-003487,ACCT-000243,B0104,2034-07-02,0.0,2026-07-21T19:06:40+00:00
EXP-003488,ACCT-000389,B0104,2034-07-02,0.0,2026-07-21T19:06:40+00:00
EXP-003489,ACCT-000355,B0104,2034-07-02,0.0,2026-07-21T19:06:40+00:00
EXP-003490,ACCT-000279,B0104,2034-07-02,0.0,2026-07-21T19:06:40+00:00
EXP-003491,ACCT-000021,B0104,2034-07-02,0.0,2026-07-21T19:06:40+00:00
EXP-003492,ACCT-000084,B0104,2034-07-02,0.0,2026-07-21T19:06:40+00:00
EXP-003493,ACCT-000227,B0104,2034-07-02,0.0,2026-07-21T19:06:40+00:00
EXP-003494,ACCT-000417,B0104,2034-07-02,0.0,2026-07-21T19:06:40+00:00
EXP-003495,ACCT-000424,B0104,2034-07-02,0.0,2026-07-21T19:06:40+00:00
EXP-003496,ACCT-000425,B0104,2034-07-02,-8.94,2026-07-21T19:06:40+00:00
EXP-003497,ACCT-000206,B0105,2034-08-01,0.0,2026-07-21T20:41:36+00:00
EXP-003498,ACCT-000245,B0105,2034-08-01,0.0,2026-07-21T20:41:36+00:00
EXP-003499,ACCT-000361,B0105,2034-08-01,0.0,2026-07-21T20:41:36+00:00
EXP-003500,ACCT-000219,B0105,2034-08-01,0.0,2026-07-21T20:41:36+00:00
EXP-003501,ACCT-000211,B0105,2034-08-01,0.0,2026-07-21T20:41:36+00:00
EXP-003502,ACCT-000185,B0105,2034-08-01,0.0,2026-07-21T20:41:36+00:00
EXP-003503,ACCT-000242,B0105,2034-08-01,0.0,2026-07-21T20:41:36+00:00
EXP-003504,ACCT-000188,B0105,2034-08-01,0.0,2026-07-21T20:41:36+00:00
EXP-003505,ACCT-000378,B0105,2034-08-01,0.0,2026-07-21T20:41:36+00:00
EXP-003506,ACCT-000258,B0105,2034-08-01,0.0,2026-07-21T20:41:36+00:00
EXP-003507,ACCT-000168,B0105,2034-08-01,0.0,2026-07-21T20:41:36+00:00
EXP-003508,ACCT-000124,B0105,2034-08-01,0.0,2026-07-21T20:41:36+00:00
EXP-003509,ACCT-000078,B0105,2034-08-01,0.0,2026-07-21T20:41:36+00:00
EXP-003510,ACCT-000145,B0105,2034-08-01,0.0,2026-07-21T20:41:36+00:00
EXP-003511,ACCT-000371,B0105,2034-08-01,0.0,2026-07-21T20:41:36+00:00
EXP-003512,ACCT-000131,B0105,2034-08-01,0.0,2026-07-21T20:41:36+00:00
EXP-003513,ACCT-000008,B0105,2034-08-01,5.13,2026-07-21T20:41:36+00:00
EXP-003514,ACCT-000357,B0105,2034-08-01,0.0,2026-07-21T20:41:36+00:00
EXP-003515,ACCT-000405,B0105,2034-08-01,0.0,2026-07-21T20:41:36+00:00
EXP-003516,ACCT-000031,B0105,2034-08-01,0.0,2026-07-21T20:41:36+00:00
EXP-003517,ACCT-000375,B0105,2034-08-01,0.0,2026-07-21T20:41:36+00:00
EXP-003518,ACCT-000030,B0105,2034-08-01,0.0,2026-07-21T20:41:36+00:00
EXP-003519,ACCT-000153,B0105,2034-08-01,0.0,2026-07-21T20:41:36+00:00
EXP-003520,ACCT-000274,B0105,2034-08-01,0.0,2026-07-21T20:41:36+00:00
EXP-003521,ACCT-000037,B0105,2034-08-01,0.0,2026-07-21T20:41:36+00:00
EXP-003522,ACCT-000222,B0105,2034-08-01,0.0,2026-07-21T20:41:36+00:00
EXP-003523,ACCT-000419,B0105,2034-08-01,0.0,2026-07-21T20:41:36+00:00
EXP-003524,ACCT-000079,B0105,2034-08-01,0.0,2026-07-21T20:41:36+00:00
EXP-003525,ACCT-000214,B0105,2034-08-01,0.0,2026-07-21T20:41:36+00:00
EXP-003526,ACCT-000298,B0105,2034-08-01,0.0,2026-07-21T20:41:36+00:00
EXP-003527,ACCT-000426,B0105,2034-08-01,0.0,2026-07-21T20:41:36+00:00
EXP-003528,ACCT-000427,B0105,2034-08-01,-10.08,2026-07-21T20:41:36+00:00
EXP-003529,ACCT-000428,B0105,2034-08-01,0.0,2026-07-21T20:41:36+00:00
EXP-003530,ACCT-000227,B0106,2034-08-31,0.0,2026-07-21T21:57:51+00:00
EXP-003531,ACCT-000091,B0106,2034-08-31,0.0,2026-07-21T21:57:51+00:00
EXP-003532,ACCT-000229,B0106,2034-08-31,0.0,2026-07-21T21:57:51+00:00
EXP-003533,ACCT-000214,B0106,2034-08-31,0.0,2026-07-21T21:57:51+00:00
EXP-003534,ACCT-000310,B0106,2034-08-31,4.99,2026-07-21T21:57:51+00:00
EXP-003535,ACCT-000109,B0106,2034-08-31,0.0,2026-07-21T21:57:51+00:00
EXP-003536,ACCT-000284,B0106,2034-08-31,0.0,2026-07-21T21:57:51+00:00
EXP-003537,ACCT-000428,B0106,2034-08-31,0.0,2026-07-21T21:57:51+00:00
EXP-003538,ACCT-000105,B0106,2034-08-31,0.0,2026-07-21T21:57:51+00:00
EXP-003539,ACCT-000192,B0106,2034-08-31,0.0,2026-07-21T21:57:51+00:00
EXP-003540,ACCT-000426,B0106,2034-08-31,3.21,2026-07-21T21:57:51+00:00
EXP-003541,ACCT-000346,B0106,2034-08-31,0.0,2026-07-21T21:57:51+00:00
EXP-003542,ACCT-000077,B0106,2034-08-31,0.0,2026-07-21T21:57:51+00:00
EXP-003543,ACCT-000016,B0106,2034-08-31,0.0,2026-07-21T21:57:51+00:00
EXP-003544,ACCT-000093,B0106,2034-08-31,0.0,2026-07-21T21:57:51+00:00
EXP-003545,ACCT-000419,B0106,2034-08-31,0.0,2026-07-21T21:57:51+00:00
EXP-003546,ACCT-000041,B0106,2034-08-31,0.0,2026-07-21T21:57:51+00:00
EXP-003547,ACCT-000230,B0106,2034-08-31,0.0,2026-07-21T21:57:51+00:00
EXP-003548,ACCT-000092,B0106,2034-08-31,0.0,2026-07-21T21:57:51+00:00
EXP-003549,ACCT-000299,B0106,2034-08-31,0.0,2026-07-21T21:57:51+00:00
EXP-003550,ACCT-000160,B0106,2034-08-31,0.0,2026-07-21T21:57:51+00:00
EXP-003551,ACCT-000058,B0106,2034-08-31,0.0,2026-07-21T21:57:51+00:00
EXP-003552,ACCT-000134,B0106,2034-08-31,0.0,2026-07-21T21:57:51+00:00
EXP-003553,ACCT-000039,B0106,2034-08-31,0.0,2026-07-21T21:57:51+00:00
EXP-003554,ACCT-000146,B0106,2034-08-31,0.0,2026-07-21T21:57:51+00:00
EXP-003555,ACCT-000199,B0106,2034-08-31,0.0,2026-07-21T21:57:51+00:00
EXP-003556,ACCT-000021,B0106,2034-08-31,0.0,2026-07-21T21:57:51+00:00
EXP-003557,ACCT-000033,B0106,2034-08-31,0.0,2026-07-21T21:57:51+00:00
EXP-003558,ACCT-000218,B0106,2034-08-31,0.0,2026-07-21T21:57:51+00:00
EXP-003559,ACCT-000429,B0106,2034-08-31,0.0,2026-07-21T21:57:51+00:00
EXP-003560,ACCT-000430,B0106,2034-08-31,25.39,2026-07-21T21:57:51+00:00
EXP-003561,ACCT-000340,B0107,2034-09-30,0.0,2026-07-21T22:54:38+00:00
EXP-003562,ACCT-000131,B0107,2034-09-30,0.0,2026-07-21T22:54:38+00:00
EXP-003563,ACCT-000178,B0107,2034-09-30,0.0,2026-07-21T22:54:38+00:00
EXP-003564,ACCT-000368,B0107,2034-09-30,0.0,2026-07-21T22:54:38+00:00
EXP-003565,ACCT-000143,B0107,2034-09-30,0.0,2026-07-21T22:54:38+00:00
EXP-003566,ACCT-000421,B0107,2034-09-30,0.0,2026-07-21T22:54:38+00:00
EXP-003567,ACCT-000007,B0107,2034-09-30,28.62,2026-07-21T22:54:38+00:00
EXP-003568,ACCT-000142,B0107,2034-09-30,0.0,2026-07-21T22:54:38+00:00
EXP-003569,ACCT-000134,B0107,2034-09-30,0.0,2026-07-21T22:54:38+00:00
EXP-003570,ACCT-000209,B0107,2034-09-30,0.0,2026-07-21T22:54:38+00:00
EXP-003571,ACCT-000006,B0107,2034-09-30,0.0,2026-07-21T22:54:38+00:00
EXP-003572,ACCT-000344,B0107,2034-09-30,0.0,2026-07-21T22:54:38+00:00
EXP-003573,ACCT-000033,B0107,2034-09-30,0.0,2026-07-21T22:54:38+00:00
EXP-003574,ACCT-000225,B0107,2034-09-30,18.46,2026-07-21T22:54:38+00:00
EXP-003575,ACCT-000242,B0107,2034-09-30,0.0,2026-07-21T22:54:38+00:00
EXP-003576,ACCT-000309,B0107,2034-09-30,0.0,2026-07-21T22:54:38+00:00
EXP-003577,ACCT-000052,B0107,2034-09-30,0.0,2026-07-21T22:54:38+00:00
EXP-003578,ACCT-000179,B0107,2034-09-30,0.0,2026-07-21T22:54:38+00:00
EXP-003579,ACCT-000224,B0107,2034-09-30,0.0,2026-07-21T22:54:38+00:00
EXP-003580,ACCT-000195,B0107,2034-09-30,0.0,2026-07-21T22:54:38+00:00
EXP-003581,ACCT-000232,B0107,2034-09-30,0.0,2026-07-21T22:54:38+00:00
EXP-003582,ACCT-000161,B0107,2034-09-30,0.0,2026-07-21T22:54:38+00:00
EXP-003583,ACCT-000329,B0107,2034-09-30,0.0,2026-07-21T22:54:38+00:00
EXP-003584,ACCT-000041,B0107,2034-09-30,0.0,2026-07-21T22:54:38+00:00
EXP-003585,ACCT-000305,B0107,2034-09-30,0.0,2026-07-21T22:54:38+00:00
EXP-003586,ACCT-000108,B0107,2034-09-30,0.0,2026-07-21T22:54:38+00:00
EXP-003587,ACCT-000251,B0107,2034-09-30,0.0,2026-07-21T22:54:38+00:00
EXP-003588,ACCT-000233,B0107,2034-09-30,0.0,2026-07-21T22:54:38+00:00
EXP-003589,ACCT-000020,B0107,2034-09-30,0.0,2026-07-21T22:54:38+00:00
EXP-003590,ACCT-000015,B0107,2034-09-30,0.0,2026-07-21T22:54:38+00:00
EXP-003591,ACCT-000127,B0107,2034-09-30,0.0,2026-07-21T22:54:38+00:00
EXP-003592,ACCT-000372,B0107,2034-09-30,0.0,2026-07-21T22:54:38+00:00
EXP-003593,ACCT-000394,B0107,2034-09-30,0.0,2026-07-21T22:54:38+00:00
EXP-003594,ACCT-000336,B0107,2034-09-30,0.0,2026-07-21T22:54:38+00:00
EXP-003595,ACCT-000431,B0107,2034-09-30,70.53,2026-07-21T22:54:38+00:00
EXP-003596,ACCT-000432,B0107,2034-09-30,0.0,2026-07-21T22:54:38+00:00
EXP-003597,ACCT-000272,B0108,2034-10-30,0.0,2026-07-21T23:50:35+00:00
EXP-003598,ACCT-000430,B0108,2034-10-30,0.0,2026-07-21T23:50:35+00:00
EXP-003599,ACCT-000162,B0108,2034-10-30,0.0,2026-07-21T23:50:35+00:00
EXP-003600,ACCT-000342,B0108,2034-10-30,0.0,2026-07-21T23:50:35+00:00
EXP-003601,ACCT-000387,B0108,2034-10-30,0.0,2026-07-21T23:50:35+00:00
EXP-003602,ACCT-000336,B0108,2034-10-30,0.0,2026-07-21T23:50:35+00:00
EXP-003603,ACCT-000075,B0108,2034-10-30,10.79,2026-07-21T23:50:35+00:00
EXP-003604,ACCT-000315,B0108,2034-10-30,0.0,2026-07-21T23:50:35+00:00
EXP-003605,ACCT-000143,B0108,2034-10-30,0.0,2026-07-21T23:50:35+00:00
EXP-003606,ACCT-000376,B0108,2034-10-30,0.0,2026-07-21T23:50:35+00:00
EXP-003607,ACCT-000058,B0108,2034-10-30,0.0,2026-07-21T23:50:35+00:00
EXP-003608,ACCT-000354,B0108,2034-10-30,0.0,2026-07-21T23:50:35+00:00
EXP-003609,ACCT-000318,B0108,2034-10-30,0.0,2026-07-21T23:50:35+00:00
EXP-003610,ACCT-000050,B0108,2034-10-30,0.0,2026-07-21T23:50:35+00:00
EXP-003611,ACCT-000182,B0108,2034-10-30,0.0,2026-07-21T23:50:35+00:00
EXP-003612,ACCT-000100,B0108,2034-10-30,0.0,2026-07-21T23:50:35+00:00
EXP-003613,ACCT-000231,B0108,2034-10-30,0.0,2026-07-21T23:50:35+00:00
EXP-003614,ACCT-000383,B0108,2034-10-30,0.0,2026-07-21T23:50:35+00:00
EXP-003615,ACCT-000221,B0108,2034-10-30,0.0,2026-07-21T23:50:35+00:00
EXP-003616,ACCT-000417,B0108,2034-10-30,0.0,2026-07-21T23:50:35+00:00
EXP-003617,ACCT-000280,B0108,2034-10-30,0.0,2026-07-21T23:50:35+00:00
EXP-003618,ACCT-000332,B0108,2034-10-30,0.0,2026-07-21T23:50:35+00:00
EXP-003619,ACCT-000316,B0108,2034-10-30,0.0,2026-07-21T23:50:35+00:00
EXP-003620,ACCT-000307,B0108,2034-10-30,0.0,2026-07-21T23:50:35+00:00
EXP-003621,ACCT-000094,B0108,2034-10-30,0.0,2026-07-21T23:50:35+00:00
EXP-003622,ACCT-000425,B0108,2034-10-30,0.0,2026-07-21T23:50:35+00:00
EXP-003623,ACCT-000301,B0108,2034-10-30,0.0,2026-07-21T23:50:35+00:00
EXP-003624,ACCT-000245,B0108,2034-10-30,0.0,2026-07-21T23:50:35+00:00
EXP-003625,ACCT-000433,B0108,2034-10-30,0.0,2026-07-21T23:50:35+00:00
EXP-003626,ACCT-000434,B0108,2034-10-30,0.0,2026-07-21T23:50:35+00:00
EXP-003627,ACCT-000238,B0109,2034-11-29,0.0,2026-07-22T01:52:33+00:00
EXP-003628,ACCT-000067,B0109,2034-11-29,0.0,2026-07-22T01:52:33+00:00
EXP-003629,ACCT-000412,B0109,2034-11-29,0.0,2026-07-22T01:52:33+00:00
EXP-003630,ACCT-000240,B0109,2034-11-29,0.0,2026-07-22T01:52:33+00:00
EXP-003631,ACCT-000395,B0109,2034-11-29,0.0,2026-07-22T01:52:33+00:00
EXP-003632,ACCT-000352,B0109,2034-11-29,0.0,2026-07-22T01:52:33+00:00
EXP-003633,ACCT-000434,B0109,2034-11-29,0.0,2026-07-22T01:52:33+00:00
EXP-003634,ACCT-000164,B0109,2034-11-29,0.0,2026-07-22T01:52:33+00:00
EXP-003635,ACCT-000239,B0109,2034-11-29,-12.07,2026-07-22T01:52:33+00:00
EXP-003636,ACCT-000253,B0109,2034-11-29,0.0,2026-07-22T01:52:33+00:00
EXP-003637,ACCT-000279,B0109,2034-11-29,0.0,2026-07-22T01:52:33+00:00
EXP-003638,ACCT-000012,B0109,2034-11-29,0.0,2026-07-22T01:52:33+00:00
EXP-003639,ACCT-000069,B0109,2034-11-29,0.0,2026-07-22T01:52:33+00:00
EXP-003640,ACCT-000184,B0109,2034-11-29,0.0,2026-07-22T01:52:33+00:00
EXP-003641,ACCT-000393,B0109,2034-11-29,0.0,2026-07-22T01:52:33+00:00
EXP-003642,ACCT-000121,B0109,2034-11-29,4.91,2026-07-22T01:52:33+00:00
EXP-003643,ACCT-000324,B0109,2034-11-29,0.0,2026-07-22T01:52:33+00:00
EXP-003644,ACCT-000355,B0109,2034-11-29,0.0,2026-07-22T01:52:33+00:00
EXP-003645,ACCT-000194,B0109,2034-11-29,0.0,2026-07-22T01:52:33+00:00
EXP-003646,ACCT-000401,B0109,2034-11-29,0.0,2026-07-22T01:52:33+00:00
EXP-003647,ACCT-000051,B0109,2034-11-29,0.0,2026-07-22T01:52:33+00:00
EXP-003648,ACCT-000152,B0109,2034-11-29,0.0,2026-07-22T01:52:33+00:00
EXP-003649,ACCT-000156,B0109,2034-11-29,0.0,2026-07-22T01:52:33+00:00
EXP-003650,ACCT-000168,B0109,2034-11-29,0.0,2026-07-22T01:52:33+00:00
EXP-003651,ACCT-000403,B0109,2034-11-29,0.0,2026-07-22T01:52:33+00:00
EXP-003652,ACCT-000171,B0109,2034-11-29,0.0,2026-07-22T01:52:33+00:00
EXP-003653,ACCT-000435,B0109,2034-11-29,0.0,2026-07-22T01:52:33+00:00
EXP-003654,ACCT-000436,B0109,2034-11-29,0.0,2026-07-22T01:52:33+00:00
EXP-003655,ACCT-000171,B0110,2034-12-29,0.0,2026-07-22T05:12:58+00:00
EXP-003656,ACCT-000106,B0110,2034-12-29,0.0,2026-07-22T05:12:58+00:00
EXP-003657,ACCT-000346,B0110,2034-12-29,0.0,2026-07-22T05:12:58+00:00
EXP-003658,ACCT-000294,B0110,2034-12-29,0.0,2026-07-22T05:12:58+00:00
EXP-003659,ACCT-000323,B0110,2034-12-29,0.0,2026-07-22T05:12:58+00:00
EXP-003660,ACCT-000200,B0110,2034-12-29,0.0,2026-07-22T05:12:58+00:00
EXP-003661,ACCT-000116,B0110,2034-12-29,0.0,2026-07-22T05:12:58+00:00
EXP-003662,ACCT-000243,B0110,2034-12-29,0.0,2026-07-22T05:12:58+00:00
EXP-003663,ACCT-000349,B0110,2034-12-29,0.0,2026-07-22T05:12:58+00:00
EXP-003664,ACCT-000218,B0110,2034-12-29,0.0,2026-07-22T05:12:58+00:00
EXP-003665,ACCT-000176,B0110,2034-12-29,0.0,2026-07-22T05:12:58+00:00
EXP-003666,ACCT-000325,B0110,2034-12-29,0.0,2026-07-22T05:12:58+00:00
EXP-003667,ACCT-000157,B0110,2034-12-29,0.0,2026-07-22T05:12:58+00:00
EXP-003668,ACCT-000002,B0110,2034-12-29,0.0,2026-07-22T05:12:58+00:00
EXP-003669,ACCT-000111,B0110,2034-12-29,14.11,2026-07-22T05:12:58+00:00
EXP-003670,ACCT-000235,B0110,2034-12-29,0.0,2026-07-22T05:12:58+00:00
EXP-003671,ACCT-000016,B0110,2034-12-29,0.0,2026-07-22T05:12:58+00:00
EXP-003672,ACCT-000140,B0110,2034-12-29,59.09,2026-07-22T05:12:58+00:00
EXP-003673,ACCT-000096,B0110,2034-12-29,0.0,2026-07-22T05:12:58+00:00
EXP-003674,ACCT-000253,B0110,2034-12-29,0.0,2026-07-22T05:12:58+00:00
EXP-003675,ACCT-000414,B0110,2034-12-29,0.0,2026-07-22T05:12:58+00:00
EXP-003676,ACCT-000042,B0110,2034-12-29,0.0,2026-07-22T05:12:58+00:00
EXP-003677,ACCT-000114,B0110,2034-12-29,0.0,2026-07-22T05:12:58+00:00
EXP-003678,ACCT-000070,B0110,2034-12-29,0.0,2026-07-22T05:12:58+00:00
EXP-003679,ACCT-000285,B0110,2034-12-29,0.0,2026-07-22T05:12:58+00:00
EXP-003680,ACCT-000103,B0110,2034-12-29,0.0,2026-07-22T05:12:58+00:00
EXP-003681,ACCT-000376,B0110,2034-12-29,9.65,2026-07-22T05:12:58+00:00
EXP-003682,ACCT-000129,B0110,2034-12-29,0.0,2026-07-22T05:12:58+00:00
EXP-003683,ACCT-000100,B0110,2034-12-29,0.0,2026-07-22T05:12:58+00:00
EXP-003684,ACCT-000101,B0110,2034-12-29,0.0,2026-07-22T05:12:58+00:00
EXP-003685,ACCT-000076,B0110,2034-12-29,8.61,2026-07-22T05:12:58+00:00
EXP-003686,ACCT-000219,B0110,2034-12-29,0.0,2026-07-22T05:12:58+00:00
EXP-003687,ACCT-000437,B0110,2034-12-29,0.0,2026-07-22T05:12:58+00:00
EXP-003688,ACCT-000438,B0110,2034-12-29,0.0,2026-07-22T05:12:58+00:00
EXP-003689,ACCT-000439,B0110,2034-12-29,0.0,2026-07-22T05:12:58+00:00
EXP-003690,ACCT-000440,B0110,2034-12-29,0.0,2026-07-22T05:12:58+00:00
EXP-003691,ACCT-000012,B0111,2035-01-28,0.0,2026-07-22T07:53:12+00:00
EXP-003692,ACCT-000147,B0111,2035-01-28,0.0,2026-07-22T07:53:12+00:00
EXP-003693,ACCT-000189,B0111,2035-01-28,0.0,2026-07-22T07:53:12+00:00
EXP-003694,ACCT-000106,B0111,2035-01-28,0.0,2026-07-22T07:53:12+00:00
EXP-003695,ACCT-000022,B0111,2035-01-28,0.0,2026-07-22T07:53:12+00:00
EXP-003696,ACCT-000265,B0111,2035-01-28,0.0,2026-07-22T07:53:12+00:00
EXP-003697,ACCT-000069,B0111,2035-01-28,0.0,2026-07-22T07:53:12+00:00
EXP-003698,ACCT-000227,B0111,2035-01-28,0.0,2026-07-22T07:53:12+00:00
EXP-003699,ACCT-000325,B0111,2035-01-28,0.0,2026-07-22T07:53:12+00:00
EXP-003700,ACCT-000304,B0111,2035-01-28,0.0,2026-07-22T07:53:12+00:00
EXP-003701,ACCT-000362,B0111,2035-01-28,0.0,2026-07-22T07:53:12+00:00
EXP-003702,ACCT-000019,B0111,2035-01-28,0.0,2026-07-22T07:53:12+00:00
EXP-003703,ACCT-000142,B0111,2035-01-28,0.0,2026-07-22T07:53:12+00:00
EXP-003704,ACCT-000400,B0111,2035-01-28,0.0,2026-07-22T07:53:12+00:00
EXP-003705,ACCT-000341,B0111,2035-01-28,0.0,2026-07-22T07:53:12+00:00
EXP-003706,ACCT-000131,B0111,2035-01-28,0.0,2026-07-22T07:53:12+00:00
EXP-003707,ACCT-000313,B0111,2035-01-28,0.0,2026-07-22T07:53:12+00:00
EXP-003708,ACCT-000384,B0111,2035-01-28,0.0,2026-07-22T07:53:12+00:00
EXP-003709,ACCT-000289,B0111,2035-01-28,0.0,2026-07-22T07:53:12+00:00
EXP-003710,ACCT-000169,B0111,2035-01-28,0.0,2026-07-22T07:53:12+00:00
EXP-003711,ACCT-000267,B0111,2035-01-28,0.0,2026-07-22T07:53:12+00:00
EXP-003712,ACCT-000308,B0111,2035-01-28,0.0,2026-07-22T07:53:12+00:00
EXP-003713,ACCT-000020,B0111,2035-01-28,0.0,2026-07-22T07:53:12+00:00
EXP-003714,ACCT-000137,B0111,2035-01-28,0.0,2026-07-22T07:53:12+00:00
EXP-003715,ACCT-000340,B0111,2035-01-28,0.0,2026-07-22T07:53:12+00:00
EXP-003716,ACCT-000215,B0111,2035-01-28,0.0,2026-07-22T07:53:12+00:00
EXP-003717,ACCT-000006,B0111,2035-01-28,0.0,2026-07-22T07:53:12+00:00
EXP-003718,ACCT-000067,B0111,2035-01-28,0.0,2026-07-22T07:53:12+00:00
EXP-003719,ACCT-000145,B0111,2035-01-28,0.0,2026-07-22T07:53:12+00:00
EXP-003720,ACCT-000138,B0111,2035-01-28,0.0,2026-07-22T07:53:12+00:00
EXP-003721,ACCT-000109,B0111,2035-01-28,0.0,2026-07-22T07:53:12+00:00
EXP-003722,ACCT-000421,B0111,2035-01-28,0.0,2026-07-22T07:53:12+00:00
EXP-003723,ACCT-000357,B0111,2035-01-28,0.0,2026-07-22T07:53:12+00:00
EXP-003724,ACCT-000441,B0111,2035-01-28,76.98,2026-07-22T07:53:12+00:00
EXP-003725,ACCT-000442,B0111,2035-01-28,-12.11,2026-07-22T07:53:12+00:00
EXP-003726,ACCT-000443,B0111,2035-01-28,0.0,2026-07-22T07:53:12+00:00
EXP-003727,ACCT-000444,B0111,2035-01-28,0.0,2026-07-22T07:53:12+00:00
EXP-003728,ACCT-000158,B0112,2035-02-27,0.0,2026-07-22T10:17:35+00:00
EXP-003729,ACCT-000431,B0112,2035-02-27,0.0,2026-07-22T10:17:35+00:00
EXP-003730,ACCT-000244,B0112,2035-02-27,0.0,2026-07-22T10:17:35+00:00
EXP-003731,ACCT-000426,B0112,2035-02-27,0.0,2026-07-22T10:17:35+00:00
EXP-003732,ACCT-000155,B0112,2035-02-27,0.0,2026-07-22T10:17:35+00:00
EXP-003733,ACCT-000223,B0112,2035-02-27,0.0,2026-07-22T10:17:35+00:00
EXP-003734,ACCT-000021,B0112,2035-02-27,0.0,2026-07-22T10:17:35+00:00
EXP-003735,ACCT-000224,B0112,2035-02-27,68.82,2026-07-22T10:17:35+00:00
EXP-003736,ACCT-000060,B0112,2035-02-27,0.0,2026-07-22T10:17:35+00:00
EXP-003737,ACCT-000439,B0112,2035-02-27,0.0,2026-07-22T10:17:35+00:00
EXP-003738,ACCT-000374,B0112,2035-02-27,0.0,2026-07-22T10:17:35+00:00
EXP-003739,ACCT-000115,B0112,2035-02-27,-1.17,2026-07-22T10:17:35+00:00
EXP-003740,ACCT-000135,B0112,2035-02-27,0.0,2026-07-22T10:17:35+00:00
EXP-003741,ACCT-000070,B0112,2035-02-27,0.0,2026-07-22T10:17:35+00:00
EXP-003742,ACCT-000397,B0112,2035-02-27,0.0,2026-07-22T10:17:35+00:00
EXP-003743,ACCT-000352,B0112,2035-02-27,0.0,2026-07-22T10:17:35+00:00
EXP-003744,ACCT-000363,B0112,2035-02-27,12.25,2026-07-22T10:17:35+00:00
EXP-003745,ACCT-000247,B0112,2035-02-27,0.0,2026-07-22T10:17:35+00:00
EXP-003746,ACCT-000044,B0112,2035-02-27,0.0,2026-07-22T10:17:35+00:00
EXP-003747,ACCT-000279,B0112,2035-02-27,0.0,2026-07-22T10:17:35+00:00
EXP-003748,ACCT-000343,B0112,2035-02-27,0.0,2026-07-22T10:17:35+00:00
EXP-003749,ACCT-000401,B0112,2035-02-27,0.0,2026-07-22T10:17:35+00:00
EXP-003750,ACCT-000011,B0112,2035-02-27,0.0,2026-07-22T10:17:35+00:00
EXP-003751,ACCT-000153,B0112,2035-02-27,0.0,2026-07-22T10:17:35+00:00
EXP-003752,ACCT-000346,B0112,2035-02-27,0.0,2026-07-22T10:17:35+00:00
EXP-003753,ACCT-000239,B0112,2035-02-27,0.0,2026-07-22T10:17:35+00:00
EXP-003754,ACCT-000185,B0112,2035-02-27,0.0,2026-07-22T10:17:35+00:00
EXP-003755,ACCT-000357,B0112,2035-02-27,0.0,2026-07-22T10:17:35+00:00
EXP-003756,ACCT-000280,B0112,2035-02-27,-9.82,2026-07-22T10:17:35+00:00
EXP-003757,ACCT-000257,B0112,2035-02-27,0.0,2026-07-22T10:17:35+00:00
EXP-003758,ACCT-000184,B0112,2035-02-27,0.0,2026-07-22T10:17:35+00:00
EXP-003759,ACCT-000445,B0112,2035-02-27,0.0,2026-07-22T10:17:35+00:00
EXP-003760,ACCT-000446,B0112,2035-02-27,0.0,2026-07-22T10:17:35+00:00
EXP-003761,ACCT-000078,B0113,2035-03-29,0.0,2026-07-22T12:10:56+00:00
EXP-003762,ACCT-000179,B0113,2035-03-29,0.0,2026-07-22T12:10:56+00:00
EXP-003763,ACCT-000227,B0113,2035-03-29,0.0,2026-07-22T12:10:56+00:00
EXP-003764,ACCT-000436,B0113,2035-03-29,0.0,2026-07-22T12:10:56+00:00
EXP-003765,ACCT-000369,B0113,2035-03-29,0.0,2026-07-22T12:10:56+00:00
EXP-003766,ACCT-000271,B0113,2035-03-29,0.0,2026-07-22T12:10:56+00:00
EXP-003767,ACCT-000050,B0113,2035-03-29,0.0,2026-07-22T12:10:56+00:00
EXP-003768,ACCT-000353,B0113,2035-03-29,0.0,2026-07-22T12:10:56+00:00
EXP-003769,ACCT-000161,B0113,2035-03-29,0.0,2026-07-22T12:10:56+00:00
EXP-003770,ACCT-000344,B0113,2035-03-29,0.0,2026-07-22T12:10:56+00:00
EXP-003771,ACCT-000174,B0113,2035-03-29,0.0,2026-07-22T12:10:56+00:00
EXP-003772,ACCT-000359,B0113,2035-03-29,0.0,2026-07-22T12:10:56+00:00
EXP-003773,ACCT-000017,B0113,2035-03-29,0.0,2026-07-22T12:10:56+00:00
EXP-003774,ACCT-000356,B0113,2035-03-29,0.0,2026-07-22T12:10:56+00:00
EXP-003775,ACCT-000281,B0113,2035-03-29,-13.67,2026-07-22T12:10:56+00:00
EXP-003776,ACCT-000321,B0113,2035-03-29,0.0,2026-07-22T12:10:56+00:00
EXP-003777,ACCT-000185,B0113,2035-03-29,0.0,2026-07-22T12:10:56+00:00
EXP-003778,ACCT-000429,B0113,2035-03-29,0.0,2026-07-22T12:10:56+00:00
EXP-003779,ACCT-000255,B0113,2035-03-29,0.0,2026-07-22T12:10:56+00:00
EXP-003780,ACCT-000374,B0113,2035-03-29,0.0,2026-07-22T12:10:56+00:00
EXP-003781,ACCT-000072,B0113,2035-03-29,0.0,2026-07-22T12:10:56+00:00
EXP-003782,ACCT-000141,B0113,2035-03-29,8.74,2026-07-22T12:10:56+00:00
EXP-003783,ACCT-000125,B0113,2035-03-29,0.0,2026-07-22T12:10:56+00:00
EXP-003784,ACCT-000097,B0113,2035-03-29,0.0,2026-07-22T12:10:56+00:00
EXP-003785,ACCT-000052,B0113,2035-03-29,0.0,2026-07-22T12:10:56+00:00
EXP-003786,ACCT-000299,B0113,2035-03-29,0.0,2026-07-22T12:10:56+00:00
EXP-003787,ACCT-000154,B0113,2035-03-29,0.0,2026-07-22T12:10:56+00:00
EXP-003788,ACCT-000446,B0113,2035-03-29,0.0,2026-07-22T12:10:56+00:00
EXP-003789,ACCT-000386,B0113,2035-03-29,0.0,2026-07-22T12:10:56+00:00
EXP-003790,ACCT-000447,B0113,2035-03-29,0.0,2026-07-22T12:10:56+00:00
EXP-003791,ACCT-000448,B0113,2035-03-29,0.0,2026-07-22T12:10:56+00:00
EXP-003792,ACCT-000230,B0114,2035-04-28,0.0,2026-07-22T14:32:45+00:00
EXP-003793,ACCT-000097,B0114,2035-04-28,0.0,2026-07-22T14:32:45+00:00
EXP-003794,ACCT-000181,B0114,2035-04-28,0.0,2026-07-22T14:32:45+00:00
EXP-003795,ACCT-000065,B0114,2035-04-28,0.0,2026-07-22T14:32:45+00:00
EXP-003796,ACCT-000126,B0114,2035-04-28,0.0,2026-07-22T14:32:45+00:00
EXP-003797,ACCT-000195,B0114,2035-04-28,0.0,2026-07-22T14:32:45+00:00
EXP-003798,ACCT-000242,B0114,2035-04-28,0.0,2026-07-22T14:32:45+00:00
EXP-003799,ACCT-000158,B0114,2035-04-28,0.0,2026-07-22T14:32:45+00:00
EXP-003800,ACCT-000313,B0114,2035-04-28,0.0,2026-07-22T14:32:45+00:00
EXP-003801,ACCT-000134,B0114,2035-04-28,0.0,2026-07-22T14:32:45+00:00
EXP-003802,ACCT-000367,B0114,2035-04-28,0.0,2026-07-22T14:32:45+00:00
EXP-003803,ACCT-000397,B0114,2035-04-28,0.0,2026-07-22T14:32:45+00:00
EXP-003804,ACCT-000089,B0114,2035-04-28,0.0,2026-07-22T14:32:45+00:00
EXP-003805,ACCT-000032,B0114,2035-04-28,0.0,2026-07-22T14:32:45+00:00
EXP-003806,ACCT-000154,B0114,2035-04-28,0.0,2026-07-22T14:32:45+00:00
EXP-003807,ACCT-000336,B0114,2035-04-28,0.0,2026-07-22T14:32:45+00:00
EXP-003808,ACCT-000425,B0114,2035-04-28,0.0,2026-07-22T14:32:45+00:00
EXP-003809,ACCT-000030,B0114,2035-04-28,0.0,2026-07-22T14:32:45+00:00
EXP-003810,ACCT-000299,B0114,2035-04-28,0.0,2026-07-22T14:32:45+00:00
EXP-003811,ACCT-000341,B0114,2035-04-28,0.0,2026-07-22T14:32:45+00:00
EXP-003812,ACCT-000143,B0114,2035-04-28,0.0,2026-07-22T14:32:45+00:00
EXP-003813,ACCT-000054,B0114,2035-04-28,0.0,2026-07-22T14:32:45+00:00
EXP-003814,ACCT-000109,B0114,2035-04-28,0.0,2026-07-22T14:32:45+00:00
EXP-003815,ACCT-000131,B0114,2035-04-28,0.0,2026-07-22T14:32:45+00:00
EXP-003816,ACCT-000429,B0114,2035-04-28,0.0,2026-07-22T14:32:45+00:00
EXP-003817,ACCT-000110,B0114,2035-04-28,0.0,2026-07-22T14:32:45+00:00
EXP-003818,ACCT-000159,B0114,2035-04-28,0.0,2026-07-22T14:32:45+00:00
EXP-003819,ACCT-000057,B0114,2035-04-28,0.0,2026-07-22T14:32:45+00:00
EXP-003820,ACCT-000228,B0114,2035-04-28,0.0,2026-07-22T14:32:45+00:00
EXP-003821,ACCT-000321,B0114,2035-04-28,0.0,2026-07-22T14:32:45+00:00
EXP-003822,ACCT-000314,B0114,2035-04-28,0.0,2026-07-22T14:32:45+00:00
EXP-003823,ACCT-000449,B0114,2035-04-28,0.0,2026-07-22T14:32:45+00:00
EXP-003824,ACCT-000450,B0114,2035-04-28,0.0,2026-07-22T14:32:45+00:00
EXP-003825,ACCT-000451,B0114,2035-04-28,0.0,2026-07-22T14:32:45+00:00
EXP-003826,ACCT-000452,B0114,2035-04-28,0.0,2026-07-22T14:32:45+00:00
EXP-003827,ACCT-000316,B0115,2035-05-28,0.0,2026-07-22T16:16:12+00:00
EXP-003828,ACCT-000062,B0115,2035-05-28,0.0,2026-07-22T16:16:12+00:00
EXP-003829,ACCT-000128,B0115,2035-05-28,-7.63,2026-07-22T16:16:12+00:00
EXP-003830,ACCT-000091,B0115,2035-05-28,0.0,2026-07-22T16:16:12+00:00
EXP-003831,ACCT-000227,B0115,2035-05-28,0.0,2026-07-22T16:16:12+00:00
EXP-003832,ACCT-000305,B0115,2035-05-28,0.0,2026-07-22T16:16:12+00:00
EXP-003833,ACCT-000126,B0115,2035-05-28,0.0,2026-07-22T16:16:12+00:00
EXP-003834,ACCT-000191,B0115,2035-05-28,2.74,2026-07-22T16:16:12+00:00
EXP-003835,ACCT-000212,B0115,2035-05-28,0.0,2026-07-22T16:16:12+00:00
EXP-003836,ACCT-000047,B0115,2035-05-28,0.0,2026-07-22T16:16:12+00:00
EXP-003837,ACCT-000363,B0115,2035-05-28,0.0,2026-07-22T16:16:12+00:00
EXP-003838,ACCT-000124,B0115,2035-05-28,0.0,2026-07-22T16:16:12+00:00
EXP-003839,ACCT-000252,B0115,2035-05-28,0.0,2026-07-22T16:16:12+00:00
EXP-003840,ACCT-000432,B0115,2035-05-28,0.0,2026-07-22T16:16:12+00:00
EXP-003841,ACCT-000373,B0115,2035-05-28,0.0,2026-07-22T16:16:12+00:00
EXP-003842,ACCT-000169,B0115,2035-05-28,0.0,2026-07-22T16:16:12+00:00
EXP-003843,ACCT-000248,B0115,2035-05-28,0.0,2026-07-22T16:16:12+00:00
EXP-003844,ACCT-000358,B0115,2035-05-28,0.0,2026-07-22T16:16:12+00:00
EXP-003845,ACCT-000003,B0115,2035-05-28,0.0,2026-07-22T16:16:12+00:00
EXP-003846,ACCT-000038,B0115,2035-05-28,66.13,2026-07-22T16:16:12+00:00
EXP-003847,ACCT-000276,B0115,2035-05-28,0.0,2026-07-22T16:16:12+00:00
EXP-003848,ACCT-000164,B0115,2035-05-28,0.0,2026-07-22T16:16:12+00:00
EXP-003849,ACCT-000006,B0115,2035-05-28,0.0,2026-07-22T16:16:12+00:00
EXP-003850,ACCT-000151,B0115,2035-05-28,0.0,2026-07-22T16:16:12+00:00
EXP-003851,ACCT-000149,B0115,2035-05-28,0.0,2026-07-22T16:16:12+00:00
EXP-003852,ACCT-000235,B0115,2035-05-28,0.0,2026-07-22T16:16:12+00:00
EXP-003853,ACCT-000355,B0115,2035-05-28,0.0,2026-07-22T16:16:12+00:00
EXP-003854,ACCT-000120,B0115,2035-05-28,0.0,2026-07-22T16:16:12+00:00
EXP-003855,ACCT-000213,B0115,2035-05-28,0.0,2026-07-22T16:16:12+00:00
EXP-003856,ACCT-000453,B0115,2035-05-28,0.0,2026-07-22T16:16:12+00:00
EXP-003857,ACCT-000454,B0115,2035-05-28,0.0,2026-07-22T16:16:12+00:00
EXP-003858,ACCT-000455,B0115,2035-05-28,0.0,2026-07-22T16:16:12+00:00
EXP-003859,ACCT-000418,B0116,2035-06-27,0.0,2026-07-22T17:47:50+00:00
EXP-003860,ACCT-000148,B0116,2035-06-27,0.0,2026-07-22T17:47:50+00:00
EXP-003861,ACCT-000010,B0116,2035-06-27,0.0,2026-07-22T17:47:50+00:00
EXP-003862,ACCT-000212,B0116,2035-06-27,0.0,2026-07-22T17:47:50+00:00
EXP-003863,ACCT-000353,B0116,2035-06-27,0.0,2026-07-22T17:47:50+00:00
EXP-003864,ACCT-000411,B0116,2035-06-27,0.0,2026-07-22T17:47:50+00:00
EXP-003865,ACCT-000029,B0116,2035-06-27,0.0,2026-07-22T17:47:50+00:00
EXP-003866,ACCT-000124,B0116,2035-06-27,0.0,2026-07-22T17:47:50+00:00
EXP-003867,ACCT-000392,B0116,2035-06-27,-4.23,2026-07-22T17:47:50+00:00
EXP-003868,ACCT-000321,B0116,2035-06-27,0.0,2026-07-22T17:47:50+00:00
EXP-003869,ACCT-000234,B0116,2035-06-27,0.0,2026-07-22T17:47:50+00:00
EXP-003870,ACCT-000154,B0116,2035-06-27,0.0,2026-07-22T17:47:50+00:00
EXP-003871,ACCT-000335,B0116,2035-06-27,0.0,2026-07-22T17:47:50+00:00
EXP-003872,ACCT-000352,B0116,2035-06-27,0.0,2026-07-22T17:47:50+00:00
EXP-003873,ACCT-000042,B0116,2035-06-27,0.0,2026-07-22T17:47:50+00:00
EXP-003874,ACCT-000326,B0116,2035-06-27,0.0,2026-07-22T17:47:50+00:00
EXP-003875,ACCT-000374,B0116,2035-06-27,63.36,2026-07-22T17:47:50+00:00
EXP-003876,ACCT-000312,B0116,2035-06-27,0.0,2026-07-22T17:47:50+00:00
EXP-003877,ACCT-000247,B0116,2035-06-27,0.0,2026-07-22T17:47:50+00:00
EXP-003878,ACCT-000267,B0116,2035-06-27,0.0,2026-07-22T17:47:50+00:00
EXP-003879,ACCT-000120,B0116,2035-06-27,0.0,2026-07-22T17:47:50+00:00
EXP-003880,ACCT-000143,B0116,2035-06-27,0.0,2026-07-22T17:47:50+00:00
EXP-003881,ACCT-000358,B0116,2035-06-27,0.0,2026-07-22T17:47:50+00:00
EXP-003882,ACCT-000389,B0116,2035-06-27,0.0,2026-07-22T17:47:50+00:00
EXP-003883,ACCT-000019,B0116,2035-06-27,0.0,2026-07-22T17:47:50+00:00
EXP-003884,ACCT-000021,B0116,2035-06-27,65.0,2026-07-22T17:47:50+00:00
EXP-003885,ACCT-000317,B0116,2035-06-27,0.0,2026-07-22T17:47:50+00:00
EXP-003886,ACCT-000165,B0116,2035-06-27,0.0,2026-07-22T17:47:50+00:00
EXP-003887,ACCT-000064,B0116,2035-06-27,0.0,2026-07-22T17:47:50+00:00
EXP-003888,ACCT-000324,B0116,2035-06-27,0.0,2026-07-22T17:47:50+00:00
EXP-003889,ACCT-000037,B0116,2035-06-27,0.0,2026-07-22T17:47:50+00:00
EXP-003890,ACCT-000188,B0116,2035-06-27,0.0,2026-07-22T17:47:50+00:00
EXP-003891,ACCT-000243,B0116,2035-06-27,0.0,2026-07-22T17:47:50+00:00
EXP-003892,ACCT-000456,B0116,2035-06-27,0.0,2026-07-22T17:47:50+00:00
EXP-003893,ACCT-000457,B0116,2035-06-27,0.0,2026-07-22T17:47:50+00:00
EXP-003894,ACCT-000458,B0116,2035-06-27,0.0,2026-07-22T17:47:50+00:00
EXP-003895,ACCT-000459,B0116,2035-06-27,0.0,2026-07-22T17:47:50+00:00
EXP-003896,ACCT-000050,B0117,2035-07-27,0.0,2026-07-22T19:00:08+00:00
EXP-003897,ACCT-000324,B0117,2035-07-27,0.0,2026-07-22T19:00:08+00:00
EXP-003898,ACCT-000352,B0117,2035-07-27,0.0,2026-07-22T19:00:08+00:00
EXP-003899,ACCT-000130,B0117,2035-07-27,20.14,2026-07-22T19:00:08+00:00
EXP-003900,ACCT-000009,B0117,2035-07-27,0.0,2026-07-22T19:00:08+00:00
EXP-003901,ACCT-000096,B0117,2035-07-27,0.0,2026-07-22T19:00:08+00:00
EXP-003902,ACCT-000108,B0117,2035-07-27,0.0,2026-07-22T19:00:08+00:00
EXP-003903,ACCT-000117,B0117,2035-07-27,0.0,2026-07-22T19:00:08+00:00
EXP-003904,ACCT-000012,B0117,2035-07-27,0.0,2026-07-22T19:00:08+00:00
EXP-003905,ACCT-000088,B0117,2035-07-27,0.0,2026-07-22T19:00:08+00:00
EXP-003906,ACCT-000029,B0117,2035-07-27,0.0,2026-07-22T19:00:08+00:00
EXP-003907,ACCT-000140,B0117,2035-07-27,0.0,2026-07-22T19:00:08+00:00
EXP-003908,ACCT-000262,B0117,2035-07-27,0.0,2026-07-22T19:00:08+00:00
EXP-003909,ACCT-000245,B0117,2035-07-27,0.0,2026-07-22T19:00:08+00:00
EXP-003910,ACCT-000240,B0117,2035-07-27,2.82,2026-07-22T19:00:08+00:00
EXP-003911,ACCT-000235,B0117,2035-07-27,0.0,2026-07-22T19:00:08+00:00
EXP-003912,ACCT-000387,B0117,2035-07-27,0.0,2026-07-22T19:00:08+00:00
EXP-003913,ACCT-000445,B0117,2035-07-27,0.0,2026-07-22T19:00:08+00:00
EXP-003914,ACCT-000133,B0117,2035-07-27,0.0,2026-07-22T19:00:08+00:00
EXP-003915,ACCT-000444,B0117,2035-07-27,0.0,2026-07-22T19:00:08+00:00
EXP-003916,ACCT-000203,B0117,2035-07-27,0.0,2026-07-22T19:00:08+00:00
EXP-003917,ACCT-000268,B0117,2035-07-27,0.0,2026-07-22T19:00:08+00:00
EXP-003918,ACCT-000227,B0117,2035-07-27,0.0,2026-07-22T19:00:08+00:00
EXP-003919,ACCT-000384,B0117,2035-07-27,0.0,2026-07-22T19:00:08+00:00
EXP-003920,ACCT-000107,B0117,2035-07-27,0.0,2026-07-22T19:00:08+00:00
EXP-003921,ACCT-000017,B0117,2035-07-27,0.0,2026-07-22T19:00:08+00:00
EXP-003922,ACCT-000375,B0117,2035-07-27,0.0,2026-07-22T19:00:08+00:00
EXP-003923,ACCT-000083,B0117,2035-07-27,0.0,2026-07-22T19:00:08+00:00
EXP-003924,ACCT-000070,B0117,2035-07-27,0.0,2026-07-22T19:00:08+00:00
EXP-003925,ACCT-000159,B0117,2035-07-27,0.0,2026-07-22T19:00:08+00:00
EXP-003926,ACCT-000458,B0117,2035-07-27,0.0,2026-07-22T19:00:08+00:00
EXP-003927,ACCT-000460,B0117,2035-07-27,10.49,2026-07-22T19:00:08+00:00
EXP-003928,ACCT-000461,B0117,2035-07-27,0.0,2026-07-22T19:00:08+00:00
EXP-003929,ACCT-000359,B0118,2035-08-26,0.0,2026-07-22T20:14:04+00:00
EXP-003930,ACCT-000420,B0118,2035-08-26,0.0,2026-07-22T20:14:04+00:00
EXP-003931,ACCT-000334,B0118,2035-08-26,0.0,2026-07-22T20:14:04+00:00
EXP-003932,ACCT-000391,B0118,2035-08-26,0.0,2026-07-22T20:14:04+00:00
EXP-003933,ACCT-000404,B0118,2035-08-26,0.0,2026-07-22T20:14:04+00:00
EXP-003934,ACCT-000436,B0118,2035-08-26,0.0,2026-07-22T20:14:04+00:00
EXP-003935,ACCT-000195,B0118,2035-08-26,0.0,2026-07-22T20:14:04+00:00
EXP-003936,ACCT-000040,B0118,2035-08-26,0.0,2026-07-22T20:14:04+00:00
EXP-003937,ACCT-000270,B0118,2035-08-26,6.36,2026-07-22T20:14:04+00:00
EXP-003938,ACCT-000371,B0118,2035-08-26,0.0,2026-07-22T20:14:04+00:00
EXP-003939,ACCT-000376,B0118,2035-08-26,0.0,2026-07-22T20:14:04+00:00
EXP-003940,ACCT-000192,B0118,2035-08-26,0.0,2026-07-22T20:14:04+00:00
EXP-003941,ACCT-000303,B0118,2035-08-26,0.0,2026-07-22T20:14:04+00:00
EXP-003942,ACCT-000193,B0118,2035-08-26,0.0,2026-07-22T20:14:04+00:00
EXP-003943,ACCT-000422,B0118,2035-08-26,0.0,2026-07-22T20:14:04+00:00
EXP-003944,ACCT-000162,B0118,2035-08-26,0.0,2026-07-22T20:14:04+00:00
EXP-003945,ACCT-000229,B0118,2035-08-26,0.0,2026-07-22T20:14:04+00:00
EXP-003946,ACCT-000406,B0118,2035-08-26,0.0,2026-07-22T20:14:04+00:00
EXP-003947,ACCT-000310,B0118,2035-08-26,0.0,2026-07-22T20:14:04+00:00
EXP-003948,ACCT-000291,B0118,2035-08-26,0.0,2026-07-22T20:14:04+00:00
EXP-003949,ACCT-000417,B0118,2035-08-26,0.0,2026-07-22T20:14:04+00:00
EXP-003950,ACCT-000411,B0118,2035-08-26,0.0,2026-07-22T20:14:04+00:00
EXP-003951,ACCT-000158,B0118,2035-08-26,0.0,2026-07-22T20:14:04+00:00
EXP-003952,ACCT-000416,B0118,2035-08-26,0.0,2026-07-22T20:14:04+00:00
EXP-003953,ACCT-000021,B0118,2035-08-26,0.0,2026-07-22T20:14:04+00:00
EXP-003954,ACCT-000268,B0118,2035-08-26,0.0,2026-07-22T20:14:04+00:00
EXP-003955,ACCT-000384,B0118,2035-08-26,0.0,2026-07-22T20:14:04+00:00
EXP-003956,ACCT-000462,B0118,2035-08-26,0.0,2026-07-22T20:14:04+00:00
EXP-003957,ACCT-000463,B0118,2035-08-26,0.0,2026-07-22T20:14:04+00:00
EXP-003958,ACCT-000464,B0118,2035-08-26,0.0,2026-07-22T20:14:04+00:00
EXP-003959,ACCT-000024,B0119,2035-09-25,0.0,2026-07-22T21:35:46+00:00
EXP-003960,ACCT-000394,B0119,2035-09-25,0.0,2026-07-22T21:35:46+00:00
EXP-003961,ACCT-000105,B0119,2035-09-25,0.0,2026-07-22T21:35:46+00:00
EXP-003962,ACCT-000285,B0119,2035-09-25,0.0,2026-07-22T21:35:46+00:00
EXP-003963,ACCT-000378,B0119,2035-09-25,0.0,2026-07-22T21:35:46+00:00
EXP-003964,ACCT-000081,B0119,2035-09-25,-14.09,2026-07-22T21:35:46+00:00
EXP-003965,ACCT-000026,B0119,2035-09-25,0.0,2026-07-22T21:35:46+00:00
EXP-003966,ACCT-000047,B0119,2035-09-25,11.35,2026-07-22T21:35:46+00:00
EXP-003967,ACCT-000314,B0119,2035-09-25,-9.74,2026-07-22T21:35:46+00:00
EXP-003968,ACCT-000053,B0119,2035-09-25,0.0,2026-07-22T21:35:46+00:00
EXP-003969,ACCT-000368,B0119,2035-09-25,0.0,2026-07-22T21:35:46+00:00
EXP-003970,ACCT-000247,B0119,2035-09-25,0.0,2026-07-22T21:35:46+00:00
EXP-003971,ACCT-000462,B0119,2035-09-25,0.0,2026-07-22T21:35:46+00:00
EXP-003972,ACCT-000213,B0119,2035-09-25,0.0,2026-07-22T21:35:46+00:00
EXP-003973,ACCT-000033,B0119,2035-09-25,0.0,2026-07-22T21:35:46+00:00
EXP-003974,ACCT-000431,B0119,2035-09-25,31.63,2026-07-22T21:35:46+00:00
EXP-003975,ACCT-000043,B0119,2035-09-25,14.8,2026-07-22T21:35:46+00:00
EXP-003976,ACCT-000251,B0119,2035-09-25,0.0,2026-07-22T21:35:46+00:00
EXP-003977,ACCT-000432,B0119,2035-09-25,0.0,2026-07-22T21:35:46+00:00
EXP-003978,ACCT-000365,B0119,2035-09-25,0.0,2026-07-22T21:35:46+00:00
EXP-003979,ACCT-000340,B0119,2035-09-25,8.02,2026-07-22T21:35:46+00:00
EXP-003980,ACCT-000437,B0119,2035-09-25,0.0,2026-07-22T21:35:46+00:00
EXP-003981,ACCT-000403,B0119,2035-09-25,0.0,2026-07-22T21:35:46+00:00
EXP-003982,ACCT-000027,B0119,2035-09-25,0.0,2026-07-22T21:35:46+00:00
EXP-003983,ACCT-000035,B0119,2035-09-25,0.0,2026-07-22T21:35:46+00:00
EXP-003984,ACCT-000189,B0119,2035-09-25,0.0,2026-07-22T21:35:46+00:00
EXP-003985,ACCT-000106,B0119,2035-09-25,44.67,2026-07-22T21:35:46+00:00
EXP-003986,ACCT-000353,B0119,2035-09-25,0.0,2026-07-22T21:35:46+00:00
EXP-003987,ACCT-000048,B0119,2035-09-25,0.0,2026-07-22T21:35:46+00:00
EXP-003988,ACCT-000165,B0119,2035-09-25,0.0,2026-07-22T21:35:46+00:00
EXP-003989,ACCT-000465,B0119,2035-09-25,0.0,2026-07-22T21:35:46+00:00
EXP-003990,ACCT-000466,B0119,2035-09-25,0.0,2026-07-22T21:35:46+00:00
EXP-003991,ACCT-000467,B0119,2035-09-25,57.91,2026-07-22T21:35:46+00:00
EXP-003992,ACCT-000088,B0120,2035-10-25,0.0,2026-07-22T22:54:59+00:00
EXP-003993,ACCT-000033,B0120,2035-10-25,0.0,2026-07-22T22:54:59+00:00
EXP-003994,ACCT-000005,B0120,2035-10-25,0.0,2026-07-22T22:54:59+00:00
EXP-003995,ACCT-000071,B0120,2035-10-25,0.0,2026-07-22T22:54:59+00:00
EXP-003996,ACCT-000448,B0120,2035-10-25,0.0,2026-07-22T22:54:59+00:00
EXP-003997,ACCT-000388,B0120,2035-10-25,0.0,2026-07-22T22:54:59+00:00
EXP-003998,ACCT-000050,B0120,2035-10-25,12.92,2026-07-22T22:54:59+00:00
EXP-003999,ACCT-000462,B0120,2035-10-25,0.0,2026-07-22T22:54:59+00:00
EXP-004000,ACCT-000361,B0120,2035-10-25,0.0,2026-07-22T22:54:59+00:00
EXP-004001,ACCT-000397,B0120,2035-10-25,0.0,2026-07-22T22:54:59+00:00
EXP-004002,ACCT-000122,B0120,2035-10-25,0.0,2026-07-22T22:54:59+00:00
EXP-004003,ACCT-000442,B0120,2035-10-25,0.0,2026-07-22T22:54:59+00:00
EXP-004004,ACCT-000408,B0120,2035-10-25,0.0,2026-07-22T22:54:59+00:00
EXP-004005,ACCT-000465,B0120,2035-10-25,0.0,2026-07-22T22:54:59+00:00
EXP-004006,ACCT-000432,B0120,2035-10-25,0.0,2026-07-22T22:54:59+00:00
EXP-004007,ACCT-000089,B0120,2035-10-25,0.0,2026-07-22T22:54:59+00:00
EXP-004008,ACCT-000156,B0120,2035-10-25,0.0,2026-07-22T22:54:59+00:00
EXP-004009,ACCT-000305,B0120,2035-10-25,0.0,2026-07-22T22:54:59+00:00
EXP-004010,ACCT-000364,B0120,2035-10-25,0.0,2026-07-22T22:54:59+00:00
EXP-004011,ACCT-000415,B0120,2035-10-25,70.45,2026-07-22T22:54:59+00:00
EXP-004012,ACCT-000345,B0120,2035-10-25,0.0,2026-07-22T22:54:59+00:00
EXP-004013,ACCT-000293,B0120,2035-10-25,0.0,2026-07-22T22:54:59+00:00
EXP-004014,ACCT-000440,B0120,2035-10-25,0.0,2026-07-22T22:54:59+00:00
EXP-004015,ACCT-000195,B0120,2035-10-25,0.0,2026-07-22T22:54:59+00:00
EXP-004016,ACCT-000418,B0120,2035-10-25,0.0,2026-07-22T22:54:59+00:00
EXP-004017,ACCT-000183,B0120,2035-10-25,0.0,2026-07-22T22:54:59+00:00
EXP-004018,ACCT-000171,B0120,2035-10-25,0.0,2026-07-22T22:54:59+00:00
EXP-004019,ACCT-000182,B0120,2035-10-25,2.43,2026-07-22T22:54:59+00:00
EXP-004020,ACCT-000009,B0120,2035-10-25,0.0,2026-07-22T22:54:59+00:00
EXP-004021,ACCT-000139,B0120,2035-10-25,0.0,2026-07-22T22:54:59+00:00
EXP-004022,ACCT-000468,B0120,2035-10-25,0.0,2026-07-22T22:54:59+00:00
EXP-004023,ACCT-000469,B0120,2035-10-25,0.0,2026-07-22T22:54:59+00:00
EXP-004024,ACCT-000470,B0120,2035-10-25,0.0,2026-07-22T22:54:59+00:00
EXP-004025,ACCT-000410,B0121,2035-11-24,0.0,2026-07-22T23:56:13+00:00
EXP-004026,ACCT-000467,B0121,2035-11-24,11.13,2026-07-22T23:56:13+00:00
EXP-004027,ACCT-000453,B0121,2035-11-24,28.22,2026-07-22T23:56:13+00:00
EXP-004028,ACCT-000139,B0121,2035-11-24,0.0,2026-07-22T23:56:13+00:00
EXP-004029,ACCT-000012,B0121,2035-11-24,0.0,2026-07-22T23:56:13+00:00
EXP-004030,ACCT-000123,B0121,2035-11-24,0.0,2026-07-22T23:56:13+00:00
EXP-004031,ACCT-000122,B0121,2035-11-24,0.0,2026-07-22T23:56:13+00:00
EXP-004032,ACCT-000444,B0121,2035-11-24,-4.92,2026-07-22T23:56:13+00:00
EXP-004033,ACCT-000156,B0121,2035-11-24,0.0,2026-07-22T23:56:13+00:00
EXP-004034,ACCT-000065,B0121,2035-11-24,33.08,2026-07-22T23:56:13+00:00
EXP-004035,ACCT-000281,B0121,2035-11-24,70.57,2026-07-22T23:56:13+00:00
EXP-004036,ACCT-000190,B0121,2035-11-24,0.0,2026-07-22T23:56:13+00:00
EXP-004037,ACCT-000327,B0121,2035-11-24,0.0,2026-07-22T23:56:13+00:00
EXP-004038,ACCT-000132,B0121,2035-11-24,0.0,2026-07-22T23:56:13+00:00
EXP-004039,ACCT-000407,B0121,2035-11-24,0.0,2026-07-22T23:56:13+00:00
EXP-004040,ACCT-000370,B0121,2035-11-24,0.0,2026-07-22T23:56:13+00:00
EXP-004041,ACCT-000405,B0121,2035-11-24,26.98,2026-07-22T23:56:13+00:00
EXP-004042,ACCT-000283,B0121,2035-11-24,0.0,2026-07-22T23:56:13+00:00
EXP-004043,ACCT-000166,B0121,2035-11-24,0.0,2026-07-22T23:56:13+00:00
EXP-004044,ACCT-000417,B0121,2035-11-24,3.64,2026-07-22T23:56:13+00:00
EXP-004045,ACCT-000220,B0121,2035-11-24,17.78,2026-07-22T23:56:13+00:00
EXP-004046,ACCT-000366,B0121,2035-11-24,0.0,2026-07-22T23:56:13+00:00
EXP-004047,ACCT-000436,B0121,2035-11-24,0.0,2026-07-22T23:56:13+00:00
EXP-004048,ACCT-000219,B0121,2035-11-24,0.0,2026-07-22T23:56:13+00:00
EXP-004049,ACCT-000149,B0121,2035-11-24,0.0,2026-07-22T23:56:13+00:00
EXP-004050,ACCT-000466,B0121,2035-11-24,-3.55,2026-07-22T23:56:13+00:00
EXP-004051,ACCT-000345,B0121,2035-11-24,0.0,2026-07-22T23:56:13+00:00
EXP-004052,ACCT-000303,B0121,2035-11-24,0.0,2026-07-22T23:56:13+00:00
EXP-004053,ACCT-000354,B0121,2035-11-24,0.0,2026-07-22T23:56:13+00:00
EXP-004054,ACCT-000145,B0121,2035-11-24,0.0,2026-07-22T23:56:13+00:00
EXP-004055,ACCT-000471,B0121,2035-11-24,0.0,2026-07-22T23:56:13+00:00
EXP-004056,ACCT-000472,B0121,2035-11-24,22.61,2026-07-22T23:56:13+00:00
EXP-004057,ACCT-000473,B0121,2035-11-24,0.0,2026-07-22T23:56:13+00:00
EXP-004058,ACCT-000474,B0121,2035-11-24,0.0,2026-07-22T23:56:13+00:00
EXP-004059,ACCT-000295,B0122,2035-12-24,0.0,2026-07-23T02:07:22+00:00
EXP-004060,ACCT-000077,B0122,2035-12-24,0.0,2026-07-23T02:07:22+00:00
EXP-004061,ACCT-000013,B0122,2035-12-24,0.0,2026-07-23T02:07:22+00:00
EXP-004062,ACCT-000065,B0122,2035-12-24,56.1,2026-07-23T02:07:22+00:00
EXP-004063,ACCT-000416,B0122,2035-12-24,0.0,2026-07-23T02:07:22+00:00
EXP-004064,ACCT-000220,B0122,2035-12-24,0.0,2026-07-23T02:07:22+00:00
EXP-004065,ACCT-000085,B0122,2035-12-24,0.0,2026-07-23T02:07:22+00:00
EXP-004066,ACCT-000397,B0122,2035-12-24,0.0,2026-07-23T02:07:22+00:00
EXP-004067,ACCT-000388,B0122,2035-12-24,0.0,2026-07-23T02:07:22+00:00
EXP-004068,ACCT-000371,B0122,2035-12-24,54.92,2026-07-23T02:07:22+00:00
EXP-004069,ACCT-000068,B0122,2035-12-24,0.0,2026-07-23T02:07:22+00:00
EXP-004070,ACCT-000396,B0122,2035-12-24,71.66,2026-07-23T02:07:22+00:00
EXP-004071,ACCT-000340,B0122,2035-12-24,0.0,2026-07-23T02:07:22+00:00
EXP-004072,ACCT-000200,B0122,2035-12-24,0.0,2026-07-23T02:07:22+00:00
EXP-004073,ACCT-000046,B0122,2035-12-24,0.0,2026-07-23T02:07:22+00:00
EXP-004074,ACCT-000066,B0122,2035-12-24,0.0,2026-07-23T02:07:22+00:00
EXP-004075,ACCT-000223,B0122,2035-12-24,0.0,2026-07-23T02:07:22+00:00
EXP-004076,ACCT-000262,B0122,2035-12-24,0.0,2026-07-23T02:07:22+00:00
EXP-004077,ACCT-000131,B0122,2035-12-24,0.0,2026-07-23T02:07:22+00:00
EXP-004078,ACCT-000334,B0122,2035-12-24,0.0,2026-07-23T02:07:22+00:00
EXP-004079,ACCT-000342,B0122,2035-12-24,0.0,2026-07-23T02:07:22+00:00
EXP-004080,ACCT-000132,B0122,2035-12-24,0.0,2026-07-23T02:07:22+00:00
EXP-004081,ACCT-000225,B0122,2035-12-24,0.0,2026-07-23T02:07:22+00:00
EXP-004082,ACCT-000235,B0122,2035-12-24,0.0,2026-07-23T02:07:22+00:00
EXP-004083,ACCT-000284,B0122,2035-12-24,0.0,2026-07-23T02:07:22+00:00
EXP-004084,ACCT-000339,B0122,2035-12-24,0.0,2026-07-23T02:07:22+00:00
EXP-004085,ACCT-000197,B0122,2035-12-24,0.0,2026-07-23T02:07:22+00:00
EXP-004086,ACCT-000069,B0122,2035-12-24,0.0,2026-07-23T02:07:22+00:00
EXP-004087,ACCT-000359,B0122,2035-12-24,11.95,2026-07-23T02:07:22+00:00
EXP-004088,ACCT-000281,B0122,2035-12-24,0.0,2026-07-23T02:07:22+00:00
EXP-004089,ACCT-000282,B0122,2035-12-24,0.0,2026-07-23T02:07:22+00:00
EXP-004090,ACCT-000280,B0122,2035-12-24,33.09,2026-07-23T02:07:22+00:00
EXP-004091,ACCT-000094,B0122,2035-12-24,0.0,2026-07-23T02:07:22+00:00
EXP-004092,ACCT-000475,B0122,2035-12-24,0.0,2026-07-23T02:07:22+00:00
EXP-004093,ACCT-000476,B0122,2035-12-24,0.0,2026-07-23T02:07:22+00:00
EXP-004094,ACCT-000477,B0122,2035-12-24,0.0,2026-07-23T02:07:22+00:00
EXP-004095,ACCT-000478,B0122,2035-12-24,0.0,2026-07-23T02:07:22+00:00
EXP-004096,ACCT-000060,B0123,2036-01-23,0.0,2026-07-23T05:38:23+00:00
EXP-004097,ACCT-000370,B0123,2036-01-23,0.0,2026-07-23T05:38:23+00:00
EXP-004098,ACCT-000449,B0123,2036-01-23,0.0,2026-07-23T05:38:23+00:00
EXP-004099,ACCT-000368,B0123,2036-01-23,0.0,2026-07-23T05:38:23+00:00
EXP-004100,ACCT-000377,B0123,2036-01-23,0.0,2026-07-23T05:38:23+00:00
EXP-004101,ACCT-000073,B0123,2036-01-23,0.0,2026-07-23T05:38:23+00:00
EXP-004102,ACCT-000151,B0123,2036-01-23,0.0,2026-07-23T05:38:23+00:00
EXP-004103,ACCT-000382,B0123,2036-01-23,0.0,2026-07-23T05:38:23+00:00
EXP-004104,ACCT-000090,B0123,2036-01-23,0.0,2026-07-23T05:38:23+00:00
EXP-004105,ACCT-000240,B0123,2036-01-23,74.85,2026-07-23T05:38:23+00:00
EXP-004106,ACCT-000315,B0123,2036-01-23,0.0,2026-07-23T05:38:23+00:00
EXP-004107,ACCT-000208,B0123,2036-01-23,0.0,2026-07-23T05:38:23+00:00
EXP-004108,ACCT-000367,B0123,2036-01-23,0.0,2026-07-23T05:38:23+00:00
EXP-004109,ACCT-000209,B0123,2036-01-23,0.0,2026-07-23T05:38:23+00:00
EXP-004110,ACCT-000373,B0123,2036-01-23,0.0,2026-07-23T05:38:23+00:00
EXP-004111,ACCT-000403,B0123,2036-01-23,0.0,2026-07-23T05:38:23+00:00
EXP-004112,ACCT-000044,B0123,2036-01-23,0.0,2026-07-23T05:38:23+00:00
EXP-004113,ACCT-000160,B0123,2036-01-23,0.0,2026-07-23T05:38:23+00:00
EXP-004114,ACCT-000281,B0123,2036-01-23,0.0,2026-07-23T05:38:23+00:00
EXP-004115,ACCT-000460,B0123,2036-01-23,0.0,2026-07-23T05:38:23+00:00
EXP-004116,ACCT-000171,B0123,2036-01-23,0.0,2026-07-23T05:38:23+00:00
EXP-004117,ACCT-000409,B0123,2036-01-23,0.0,2026-07-23T05:38:23+00:00
EXP-004118,ACCT-000426,B0123,2036-01-23,0.0,2026-07-23T05:38:23+00:00
EXP-004119,ACCT-000133,B0123,2036-01-23,0.0,2026-07-23T05:38:23+00:00
EXP-004120,ACCT-000238,B0123,2036-01-23,0.0,2026-07-23T05:38:23+00:00
EXP-004121,ACCT-000356,B0123,2036-01-23,0.0,2026-07-23T05:38:23+00:00
EXP-004122,ACCT-000041,B0123,2036-01-23,0.0,2026-07-23T05:38:23+00:00
EXP-004123,ACCT-000316,B0123,2036-01-23,0.0,2026-07-23T05:38:23+00:00
EXP-004124,ACCT-000156,B0123,2036-01-23,0.0,2026-07-23T05:38:23+00:00
EXP-004125,ACCT-000325,B0123,2036-01-23,0.0,2026-07-23T05:38:23+00:00
EXP-004126,ACCT-000009,B0123,2036-01-23,0.0,2026-07-23T05:38:23+00:00
EXP-004127,ACCT-000109,B0123,2036-01-23,0.0,2026-07-23T05:38:23+00:00
EXP-004128,ACCT-000479,B0123,2036-01-23,-12.08,2026-07-23T05:38:23+00:00
EXP-004129,ACCT-000480,B0123,2036-01-23,0.0,2026-07-23T05:38:23+00:00
EXP-004130,ACCT-000229,B0124,2036-02-22,0.0,2026-07-23T08:14:51+00:00
EXP-004131,ACCT-000276,B0124,2036-02-22,0.0,2026-07-23T08:14:51+00:00
EXP-004132,ACCT-000201,B0124,2036-02-22,0.0,2026-07-23T08:14:51+00:00
EXP-004133,ACCT-000383,B0124,2036-02-22,25.23,2026-07-23T08:14:51+00:00
EXP-004134,ACCT-000119,B0124,2036-02-22,0.0,2026-07-23T08:14:51+00:00
EXP-004135,ACCT-000031,B0124,2036-02-22,0.0,2026-07-23T08:14:51+00:00
EXP-004136,ACCT-000134,B0124,2036-02-22,0.0,2026-07-23T08:14:51+00:00
EXP-004137,ACCT-000443,B0124,2036-02-22,0.0,2026-07-23T08:14:51+00:00
EXP-004138,ACCT-000188,B0124,2036-02-22,0.0,2026-07-23T08:14:51+00:00
EXP-004139,ACCT-000137,B0124,2036-02-22,0.0,2026-07-23T08:14:51+00:00
EXP-004140,ACCT-000377,B0124,2036-02-22,0.0,2026-07-23T08:14:51+00:00
EXP-004141,ACCT-000208,B0124,2036-02-22,0.0,2026-07-23T08:14:51+00:00
EXP-004142,ACCT-000423,B0124,2036-02-22,43.59,2026-07-23T08:14:51+00:00
EXP-004143,ACCT-000475,B0124,2036-02-22,0.0,2026-07-23T08:14:51+00:00
EXP-004144,ACCT-000168,B0124,2036-02-22,0.0,2026-07-23T08:14:51+00:00
EXP-004145,ACCT-000244,B0124,2036-02-22,0.0,2026-07-23T08:14:51+00:00
EXP-004146,ACCT-000096,B0124,2036-02-22,0.0,2026-07-23T08:14:51+00:00
EXP-004147,ACCT-000402,B0124,2036-02-22,0.0,2026-07-23T08:14:51+00:00
EXP-004148,ACCT-000297,B0124,2036-02-22,-2.22,2026-07-23T08:14:51+00:00
EXP-004149,ACCT-000274,B0124,2036-02-22,0.0,2026-07-23T08:14:51+00:00
EXP-004150,ACCT-000198,B0124,2036-02-22,0.0,2026-07-23T08:14:51+00:00
EXP-004151,ACCT-000285,B0124,2036-02-22,7.34,2026-07-23T08:14:51+00:00
EXP-004152,ACCT-000432,B0124,2036-02-22,0.0,2026-07-23T08:14:51+00:00
EXP-004153,ACCT-000269,B0124,2036-02-22,0.0,2026-07-23T08:14:51+00:00
EXP-004154,ACCT-000323,B0124,2036-02-22,0.0,2026-07-23T08:14:51+00:00
EXP-004155,ACCT-000481,B0124,2036-02-22,0.0,2026-07-23T08:14:51+00:00
EXP-004156,ACCT-000482,B0124,2036-02-22,18.36,2026-07-23T08:14:51+00:00
EXP-004157,ACCT-000192,B0125,2036-03-23,0.0,2026-07-23T10:38:22+00:00
EXP-004158,ACCT-000064,B0125,2036-03-23,0.0,2026-07-23T10:38:22+00:00
EXP-004159,ACCT-000043,B0125,2036-03-23,0.0,2026-07-23T10:38:22+00:00
EXP-004160,ACCT-000292,B0125,2036-03-23,0.0,2026-07-23T10:38:22+00:00
EXP-004161,ACCT-000076,B0125,2036-03-23,0.0,2026-07-23T10:38:22+00:00
EXP-004162,ACCT-000408,B0125,2036-03-23,0.0,2026-07-23T10:38:22+00:00
EXP-004163,ACCT-000406,B0125,2036-03-23,0.0,2026-07-23T10:38:22+00:00
EXP-004164,ACCT-000063,B0125,2036-03-23,0.0,2026-07-23T10:38:22+00:00
EXP-004165,ACCT-000137,B0125,2036-03-23,0.0,2026-07-23T10:38:22+00:00
EXP-004166,ACCT-000302,B0125,2036-03-23,0.0,2026-07-23T10:38:22+00:00
EXP-004167,ACCT-000254,B0125,2036-03-23,0.0,2026-07-23T10:38:22+00:00
EXP-004168,ACCT-000384,B0125,2036-03-23,0.0,2026-07-23T10:38:22+00:00
EXP-004169,ACCT-000321,B0125,2036-03-23,0.0,2026-07-23T10:38:22+00:00
EXP-004170,ACCT-000437,B0125,2036-03-23,0.0,2026-07-23T10:38:22+00:00
EXP-004171,ACCT-000458,B0125,2036-03-23,0.0,2026-07-23T10:38:22+00:00
EXP-004172,ACCT-000250,B0125,2036-03-23,0.0,2026-07-23T10:38:22+00:00
EXP-004173,ACCT-000419,B0125,2036-03-23,3.77,2026-07-23T10:38:22+00:00
EXP-004174,ACCT-000090,B0125,2036-03-23,0.0,2026-07-23T10:38:22+00:00
EXP-004175,ACCT-000471,B0125,2036-03-23,0.0,2026-07-23T10:38:22+00:00
EXP-004176,ACCT-000424,B0125,2036-03-23,0.0,2026-07-23T10:38:22+00:00
EXP-004177,ACCT-000447,B0125,2036-03-23,0.0,2026-07-23T10:38:22+00:00
EXP-004178,ACCT-000048,B0125,2036-03-23,0.0,2026-07-23T10:38:22+00:00
EXP-004179,ACCT-000155,B0125,2036-03-23,0.0,2026-07-23T10:38:22+00:00
EXP-004180,ACCT-000340,B0125,2036-03-23,0.0,2026-07-23T10:38:22+00:00
EXP-004181,ACCT-000034,B0125,2036-03-23,0.0,2026-07-23T10:38:22+00:00
EXP-004182,ACCT-000382,B0125,2036-03-23,0.0,2026-07-23T10:38:22+00:00
EXP-004183,ACCT-000145,B0125,2036-03-23,0.0,2026-07-23T10:38:22+00:00
EXP-004184,ACCT-000280,B0125,2036-03-23,0.0,2026-07-23T10:38:22+00:00
EXP-004185,ACCT-000217,B0125,2036-03-23,0.0,2026-07-23T10:38:22+00:00
EXP-004186,ACCT-000160,B0125,2036-03-23,0.0,2026-07-23T10:38:22+00:00
EXP-004187,ACCT-000483,B0125,2036-03-23,0.0,2026-07-23T10:38:22+00:00
EXP-004188,ACCT-000484,B0125,2036-03-23,0.0,2026-07-23T10:38:22+00:00
EXP-004189,ACCT-000485,B0125,2036-03-23,0.0,2026-07-23T10:38:22+00:00
EXP-004190,ACCT-000115,B0126,2036-04-22,0.0,2026-07-23T12:20:03+00:00
EXP-004191,ACCT-000428,B0126,2036-04-22,0.0,2026-07-23T12:20:03+00:00
EXP-004192,ACCT-000180,B0126,2036-04-22,0.0,2026-07-23T12:20:03+00:00
EXP-004193,ACCT-000094,B0126,2036-04-22,0.0,2026-07-23T12:20:03+00:00
EXP-004194,ACCT-000295,B0126,2036-04-22,0.0,2026-07-23T12:20:03+00:00
EXP-004195,ACCT-000367,B0126,2036-04-22,0.0,2026-07-23T12:20:03+00:00
EXP-004196,ACCT-000009,B0126,2036-04-22,0.0,2026-07-23T12:20:03+00:00
EXP-004197,ACCT-000404,B0126,2036-04-22,0.0,2026-07-23T12:20:03+00:00
EXP-004198,ACCT-000354,B0126,2036-04-22,0.0,2026-07-23T12:20:03+00:00
EXP-004199,ACCT-000029,B0126,2036-04-22,-12.56,2026-07-23T12:20:03+00:00
EXP-004200,ACCT-000177,B0126,2036-04-22,0.0,2026-07-23T12:20:03+00:00
EXP-004201,ACCT-000132,B0126,2036-04-22,0.0,2026-07-23T12:20:03+00:00
EXP-004202,ACCT-000022,B0126,2036-04-22,0.0,2026-07-23T12:20:03+00:00
EXP-004203,ACCT-000258,B0126,2036-04-22,0.0,2026-07-23T12:20:03+00:00
EXP-004204,ACCT-000063,B0126,2036-04-22,0.0,2026-07-23T12:20:03+00:00
EXP-004205,ACCT-000085,B0126,2036-04-22,11.15,2026-07-23T12:20:03+00:00
EXP-004206,ACCT-000187,B0126,2036-04-22,0.0,2026-07-23T12:20:03+00:00
EXP-004207,ACCT-000412,B0126,2036-04-22,0.0,2026-07-23T12:20:03+00:00
EXP-004208,ACCT-000344,B0126,2036-04-22,0.0,2026-07-23T12:20:03+00:00
EXP-004209,ACCT-000352,B0126,2036-04-22,0.0,2026-07-23T12:20:03+00:00
EXP-004210,ACCT-000364,B0126,2036-04-22,0.0,2026-07-23T12:20:03+00:00
EXP-004211,ACCT-000201,B0126,2036-04-22,-6.42,2026-07-23T12:20:03+00:00
EXP-004212,ACCT-000397,B0126,2036-04-22,6.99,2026-07-23T12:20:03+00:00
EXP-004213,ACCT-000099,B0126,2036-04-22,4.47,2026-07-23T12:20:03+00:00
EXP-004214,ACCT-000082,B0126,2036-04-22,0.0,2026-07-23T12:20:03+00:00
EXP-004215,ACCT-000377,B0126,2036-04-22,0.0,2026-07-23T12:20:03+00:00
EXP-004216,ACCT-000371,B0126,2036-04-22,0.0,2026-07-23T12:20:03+00:00
EXP-004217,ACCT-000393,B0126,2036-04-22,29.72,2026-07-23T12:20:03+00:00
EXP-004218,ACCT-000483,B0126,2036-04-22,0.0,2026-07-23T12:20:03+00:00
EXP-004219,ACCT-000268,B0126,2036-04-22,0.0,2026-07-23T12:20:03+00:00
EXP-004220,ACCT-000486,B0126,2036-04-22,0.0,2026-07-23T12:20:03+00:00
EXP-004221,ACCT-000487,B0126,2036-04-22,0.0,2026-07-23T12:20:03+00:00
EXP-004222,ACCT-000488,B0126,2036-04-22,0.0,2026-07-23T12:20:03+00:00
EXP-004223,ACCT-000489,B0126,2036-04-22,0.0,2026-07-23T12:20:03+00:00
EXP-004224,ACCT-000467,B0127,2036-05-22,0.0,2026-07-23T14:40:04+00:00
EXP-004225,ACCT-000359,B0127,2036-05-22,0.0,2026-07-23T14:40:04+00:00
EXP-004226,ACCT-000168,B0127,2036-05-22,0.0,2026-07-23T14:40:04+00:00
EXP-004227,ACCT-000039,B0127,2036-05-22,0.0,2026-07-23T14:40:04+00:00
EXP-004228,ACCT-000108,B0127,2036-05-22,0.0,2026-07-23T14:40:04+00:00
EXP-004229,ACCT-000144,B0127,2036-05-22,0.0,2026-07-23T14:40:04+00:00
EXP-004230,ACCT-000269,B0127,2036-05-22,0.0,2026-07-23T14:40:04+00:00
EXP-004231,ACCT-000452,B0127,2036-05-22,0.0,2026-07-23T14:40:04+00:00
EXP-004232,ACCT-000196,B0127,2036-05-22,0.0,2026-07-23T14:40:04+00:00
EXP-004233,ACCT-000107,B0127,2036-05-22,0.0,2026-07-23T14:40:04+00:00
EXP-004234,ACCT-000336,B0127,2036-05-22,0.0,2026-07-23T14:40:04+00:00
EXP-004235,ACCT-000109,B0127,2036-05-22,0.0,2026-07-23T14:40:04+00:00
EXP-004236,ACCT-000317,B0127,2036-05-22,0.0,2026-07-23T14:40:04+00:00
EXP-004237,ACCT-000084,B0127,2036-05-22,0.0,2026-07-23T14:40:04+00:00
EXP-004238,ACCT-000321,B0127,2036-05-22,0.0,2026-07-23T14:40:04+00:00
EXP-004239,ACCT-000201,B0127,2036-05-22,0.0,2026-07-23T14:40:04+00:00
EXP-004240,ACCT-000379,B0127,2036-05-22,0.0,2026-07-23T14:40:04+00:00
EXP-004241,ACCT-000253,B0127,2036-05-22,0.0,2026-07-23T14:40:04+00:00
EXP-004242,ACCT-000357,B0127,2036-05-22,0.0,2026-07-23T14:40:04+00:00
EXP-004243,ACCT-000368,B0127,2036-05-22,0.0,2026-07-23T14:40:04+00:00
EXP-004244,ACCT-000024,B0127,2036-05-22,0.0,2026-07-23T14:40:04+00:00
EXP-004245,ACCT-000172,B0127,2036-05-22,0.0,2026-07-23T14:40:04+00:00
EXP-004246,ACCT-000445,B0127,2036-05-22,0.0,2026-07-23T14:40:04+00:00
EXP-004247,ACCT-000315,B0127,2036-05-22,0.0,2026-07-23T14:40:04+00:00
EXP-004248,ACCT-000453,B0127,2036-05-22,0.0,2026-07-23T14:40:04+00:00
EXP-004249,ACCT-000490,B0127,2036-05-22,0.0,2026-07-23T14:40:04+00:00
EXP-004250,ACCT-000491,B0127,2036-05-22,-7.9,2026-07-23T14:40:04+00:00
EXP-004251,ACCT-000419,B0128,2036-06-21,0.0,2026-07-23T16:21:43+00:00
EXP-004252,ACCT-000386,B0128,2036-06-21,0.0,2026-07-23T16:21:43+00:00
EXP-004253,ACCT-000235,B0128,2036-06-21,0.0,2026-07-23T16:21:43+00:00
EXP-004254,ACCT-000417,B0128,2036-06-21,0.0,2026-07-23T16:21:43+00:00
EXP-004255,ACCT-000093,B0128,2036-06-21,0.0,2026-07-23T16:21:43+00:00
EXP-004256,ACCT-000490,B0128,2036-06-21,0.0,2026-07-23T16:21:43+00:00
EXP-004257,ACCT-000416,B0128,2036-06-21,0.0,2026-07-23T16:21:43+00:00
EXP-004258,ACCT-000155,B0128,2036-06-21,0.0,2026-07-23T16:21:43+00:00
EXP-004259,ACCT-000353,B0128,2036-06-21,0.0,2026-07-23T16:21:43+00:00
EXP-004260,ACCT-000302,B0128,2036-06-21,0.0,2026-07-23T16:21:43+00:00
EXP-004261,ACCT-000429,B0128,2036-06-21,0.0,2026-07-23T16:21:43+00:00
EXP-004262,ACCT-000414,B0128,2036-06-21,0.0,2026-07-23T16:21:43+00:00
EXP-004263,ACCT-000334,B0128,2036-06-21,0.0,2026-07-23T16:21:43+00:00
EXP-004264,ACCT-000060,B0128,2036-06-21,0.0,2026-07-23T16:21:43+00:00
EXP-004265,ACCT-000124,B0128,2036-06-21,0.0,2026-07-23T16:21:43+00:00
EXP-004266,ACCT-000267,B0128,2036-06-21,0.0,2026-07-23T16:21:43+00:00
EXP-004267,ACCT-000128,B0128,2036-06-21,0.0,2026-07-23T16:21:43+00:00
EXP-004268,ACCT-000312,B0128,2036-06-21,0.0,2026-07-23T16:21:43+00:00
EXP-004269,ACCT-000310,B0128,2036-06-21,0.0,2026-07-23T16:21:43+00:00
EXP-004270,ACCT-000193,B0128,2036-06-21,0.0,2026-07-23T16:21:43+00:00
EXP-004271,ACCT-000299,B0128,2036-06-21,0.0,2026-07-23T16:21:43+00:00
EXP-004272,ACCT-000164,B0128,2036-06-21,0.0,2026-07-23T16:21:43+00:00
EXP-004273,ACCT-000232,B0128,2036-06-21,0.0,2026-07-23T16:21:43+00:00
EXP-004274,ACCT-000450,B0128,2036-06-21,0.0,2026-07-23T16:21:43+00:00
EXP-004275,ACCT-000234,B0128,2036-06-21,0.0,2026-07-23T16:21:43+00:00
EXP-004276,ACCT-000370,B0128,2036-06-21,0.0,2026-07-23T16:21:43+00:00
EXP-004277,ACCT-000357,B0128,2036-06-21,0.0,2026-07-23T16:21:43+00:00
EXP-004278,ACCT-000129,B0128,2036-06-21,0.0,2026-07-23T16:21:43+00:00
EXP-004279,ACCT-000189,B0128,2036-06-21,0.0,2026-07-23T16:21:43+00:00
EXP-004280,ACCT-000324,B0128,2036-06-21,0.0,2026-07-23T16:21:43+00:00
EXP-004281,ACCT-000001,B0128,2036-06-21,0.0,2026-07-23T16:21:43+00:00
EXP-004282,ACCT-000372,B0128,2036-06-21,0.0,2026-07-23T16:21:43+00:00
EXP-004283,ACCT-000209,B0128,2036-06-21,0.0,2026-07-23T16:21:43+00:00
EXP-004284,ACCT-000390,B0128,2036-06-21,0.0,2026-07-23T16:21:43+00:00
EXP-004285,ACCT-000492,B0128,2036-06-21,0.0,2026-07-23T16:21:43+00:00
EXP-004286,ACCT-000493,B0128,2036-06-21,0.0,2026-07-23T16:21:43+00:00
EXP-004287,ACCT-000494,B0128,2036-06-21,0.0,2026-07-23T16:21:43+00:00
EXP-004288,ACCT-000295,B0129,2036-07-21,0.0,2026-07-23T17:54:22+00:00
EXP-004289,ACCT-000211,B0129,2036-07-21,13.58,2026-07-23T17:54:22+00:00
EXP-004290,ACCT-000250,B0129,2036-07-21,0.0,2026-07-23T17:54:22+00:00
EXP-004291,ACCT-000005,B0129,2036-07-21,0.0,2026-07-23T17:54:22+00:00
EXP-004292,ACCT-000256,B0129,2036-07-21,0.0,2026-07-23T17:54:22+00:00
EXP-004293,ACCT-000414,B0129,2036-07-21,0.0,2026-07-23T17:54:22+00:00
EXP-004294,ACCT-000167,B0129,2036-07-21,0.0,2026-07-23T17:54:22+00:00
EXP-004295,ACCT-000331,B0129,2036-07-21,0.0,2026-07-23T17:54:22+00:00
EXP-004296,ACCT-000392,B0129,2036-07-21,0.0,2026-07-23T17:54:22+00:00
EXP-004297,ACCT-000346,B0129,2036-07-21,-11.21,2026-07-23T17:54:22+00:00
EXP-004298,ACCT-000059,B0129,2036-07-21,0.0,2026-07-23T17:54:22+00:00
EXP-004299,ACCT-000466,B0129,2036-07-21,0.0,2026-07-23T17:54:22+00:00
EXP-004300,ACCT-000190,B0129,2036-07-21,0.0,2026-07-23T17:54:22+00:00
EXP-004301,ACCT-000143,B0129,2036-07-21,41.02,2026-07-23T17:54:22+00:00
EXP-004302,ACCT-000251,B0129,2036-07-21,0.0,2026-07-23T17:54:22+00:00
EXP-004303,ACCT-000433,B0129,2036-07-21,-7.27,2026-07-23T17:54:22+00:00
EXP-004304,ACCT-000321,B0129,2036-07-21,0.0,2026-07-23T17:54:22+00:00
EXP-004305,ACCT-000063,B0129,2036-07-21,0.0,2026-07-23T17:54:22+00:00
EXP-004306,ACCT-000009,B0129,2036-07-21,0.0,2026-07-23T17:54:22+00:00
EXP-004307,ACCT-000337,B0129,2036-07-21,0.0,2026-07-23T17:54:22+00:00
EXP-004308,ACCT-000177,B0129,2036-07-21,0.0,2026-07-23T17:54:22+00:00
EXP-004309,ACCT-000218,B0129,2036-07-21,0.0,2026-07-23T17:54:22+00:00
EXP-004310,ACCT-000162,B0129,2036-07-21,0.0,2026-07-23T17:54:22+00:00
EXP-004311,ACCT-000189,B0129,2036-07-21,0.0,2026-07-23T17:54:22+00:00
EXP-004312,ACCT-000166,B0129,2036-07-21,0.0,2026-07-23T17:54:22+00:00
EXP-004313,ACCT-000209,B0129,2036-07-21,0.0,2026-07-23T17:54:22+00:00
EXP-004314,ACCT-000416,B0129,2036-07-21,0.0,2026-07-23T17:54:22+00:00
EXP-004315,ACCT-000309,B0129,2036-07-21,0.0,2026-07-23T17:54:22+00:00
EXP-004316,ACCT-000495,B0129,2036-07-21,0.0,2026-07-23T17:54:22+00:00
EXP-004317,ACCT-000496,B0129,2036-07-21,0.0,2026-07-23T17:54:22+00:00
EXP-004318,ACCT-000497,B0129,2036-07-21,0.0,2026-07-23T17:54:22+00:00
EXP-004319,ACCT-000468,B0130,2036-08-20,0.0,2026-07-23T19:02:10+00:00
EXP-004320,ACCT-000323,B0130,2036-08-20,0.0,2026-07-23T19:02:10+00:00
EXP-004321,ACCT-000292,B0130,2036-08-20,0.0,2026-07-23T19:02:10+00:00
EXP-004322,ACCT-000496,B0130,2036-08-20,0.0,2026-07-23T19:02:10+00:00
EXP-004323,ACCT-000362,B0130,2036-08-20,0.0,2026-07-23T19:02:10+00:00
EXP-004324,ACCT-000432,B0130,2036-08-20,0.0,2026-07-23T19:02:10+00:00
EXP-004325,ACCT-000289,B0130,2036-08-20,0.0,2026-07-23T19:02:10+00:00
EXP-004326,ACCT-000245,B0130,2036-08-20,0.0,2026-07-23T19:02:10+00:00
EXP-004327,ACCT-000235,B0130,2036-08-20,0.0,2026-07-23T19:02:10+00:00
EXP-004328,ACCT-000242,B0130,2036-08-20,0.0,2026-07-23T19:02:10+00:00
EXP-004329,ACCT-000039,B0130,2036-08-20,0.0,2026-07-23T19:02:10+00:00
EXP-004330,ACCT-000166,B0130,2036-08-20,0.0,2026-07-23T19:02:10+00:00
EXP-004331,ACCT-000437,B0130,2036-08-20,0.0,2026-07-23T19:02:10+00:00
EXP-004332,ACCT-000471,B0130,2036-08-20,0.0,2026-07-23T19:02:10+00:00
EXP-004333,ACCT-000113,B0130,2036-08-20,0.0,2026-07-23T19:02:10+00:00
EXP-004334,ACCT-000115,B0130,2036-08-20,0.0,2026-07-23T19:02:10+00:00
EXP-004335,ACCT-000173,B0130,2036-08-20,49.81,2026-07-23T19:02:10+00:00
EXP-004336,ACCT-000325,B0130,2036-08-20,0.0,2026-07-23T19:02:10+00:00
EXP-004337,ACCT-000219,B0130,2036-08-20,0.0,2026-07-23T19:02:10+00:00
EXP-004338,ACCT-000197,B0130,2036-08-20,0.0,2026-07-23T19:02:10+00:00
EXP-004339,ACCT-000350,B0130,2036-08-20,0.0,2026-07-23T19:02:10+00:00
EXP-004340,ACCT-000095,B0130,2036-08-20,0.0,2026-07-23T19:02:10+00:00
EXP-004341,ACCT-000431,B0130,2036-08-20,0.0,2026-07-23T19:02:10+00:00
EXP-004342,ACCT-000274,B0130,2036-08-20,0.0,2026-07-23T19:02:10+00:00
EXP-004343,ACCT-000473,B0130,2036-08-20,0.0,2026-07-23T19:02:10+00:00
EXP-004344,ACCT-000251,B0130,2036-08-20,0.0,2026-07-23T19:02:10+00:00
EXP-004345,ACCT-000125,B0130,2036-08-20,0.0,2026-07-23T19:02:10+00:00
EXP-004346,ACCT-000319,B0130,2036-08-20,0.0,2026-07-23T19:02:10+00:00
EXP-004347,ACCT-000180,B0130,2036-08-20,0.0,2026-07-23T19:02:10+00:00
EXP-004348,ACCT-000498,B0130,2036-08-20,0.0,2026-07-23T19:02:10+00:00
EXP-004349,ACCT-000499,B0130,2036-08-20,0.0,2026-07-23T19:02:10+00:00
EXP-004350,ACCT-000071,B0131,2036-09-19,0.0,2026-07-23T20:35:00+00:00
EXP-004351,ACCT-000270,B0131,2036-09-19,0.0,2026-07-23T20:35:00+00:00
EXP-004352,ACCT-000275,B0131,2036-09-19,0.0,2026-07-23T20:35:00+00:00
EXP-004353,ACCT-000280,B0131,2036-09-19,0.0,2026-07-23T20:35:00+00:00
EXP-004354,ACCT-000137,B0131,2036-09-19,0.0,2026-07-23T20:35:00+00:00
EXP-004355,ACCT-000360,B0131,2036-09-19,64.21,2026-07-23T20:35:00+00:00
EXP-004356,ACCT-000257,B0131,2036-09-19,0.0,2026-07-23T20:35:00+00:00
EXP-004357,ACCT-000100,B0131,2036-09-19,0.0,2026-07-23T20:35:00+00:00
EXP-004358,ACCT-000312,B0131,2036-09-19,0.0,2026-07-23T20:35:00+00:00
EXP-004359,ACCT-000337,B0131,2036-09-19,0.0,2026-07-23T20:35:00+00:00
EXP-004360,ACCT-000327,B0131,2036-09-19,0.0,2026-07-23T20:35:00+00:00
EXP-004361,ACCT-000373,B0131,2036-09-19,12.43,2026-07-23T20:35:00+00:00
EXP-004362,ACCT-000096,B0131,2036-09-19,0.0,2026-07-23T20:35:00+00:00
EXP-004363,ACCT-000049,B0131,2036-09-19,0.0,2026-07-23T20:35:00+00:00
EXP-004364,ACCT-000028,B0131,2036-09-19,0.0,2026-07-23T20:35:00+00:00
EXP-004365,ACCT-000126,B0131,2036-09-19,0.0,2026-07-23T20:35:00+00:00
EXP-004366,ACCT-000059,B0131,2036-09-19,0.0,2026-07-23T20:35:00+00:00
EXP-004367,ACCT-000041,B0131,2036-09-19,0.0,2026-07-23T20:35:00+00:00
EXP-004368,ACCT-000476,B0131,2036-09-19,0.0,2026-07-23T20:35:00+00:00
EXP-004369,ACCT-000263,B0131,2036-09-19,-6.35,2026-07-23T20:35:00+00:00
EXP-004370,ACCT-000348,B0131,2036-09-19,0.0,2026-07-23T20:35:00+00:00
EXP-004371,ACCT-000068,B0131,2036-09-19,0.0,2026-07-23T20:35:00+00:00
EXP-004372,ACCT-000057,B0131,2036-09-19,-6.13,2026-07-23T20:35:00+00:00
EXP-004373,ACCT-000084,B0131,2036-09-19,0.0,2026-07-23T20:35:00+00:00
EXP-004374,ACCT-000433,B0131,2036-09-19,0.0,2026-07-23T20:35:00+00:00
EXP-004375,ACCT-000078,B0131,2036-09-19,0.0,2026-07-23T20:35:00+00:00
EXP-004376,ACCT-000393,B0131,2036-09-19,0.0,2026-07-23T20:35:00+00:00
EXP-004377,ACCT-000340,B0131,2036-09-19,0.0,2026-07-23T20:35:00+00:00
EXP-004378,ACCT-000111,B0131,2036-09-19,50.56,2026-07-23T20:35:00+00:00
EXP-004379,ACCT-000117,B0131,2036-09-19,0.0,2026-07-23T20:35:00+00:00
EXP-004380,ACCT-000284,B0131,2036-09-19,0.0,2026-07-23T20:35:00+00:00
EXP-004381,ACCT-000388,B0131,2036-09-19,0.0,2026-07-23T20:35:00+00:00
EXP-004382,ACCT-000321,B0131,2036-09-19,0.0,2026-07-23T20:35:00+00:00
EXP-004383,ACCT-000500,B0131,2036-09-19,0.0,2026-07-23T20:35:00+00:00
EXP-004384,ACCT-000501,B0131,2036-09-19,0.0,2026-07-23T20:35:00+00:00
EXP-004385,ACCT-000017,B0132,2036-10-19,69.95,2026-07-23T21:58:50+00:00
EXP-004386,ACCT-000399,B0132,2036-10-19,0.0,2026-07-23T21:58:50+00:00
EXP-004387,ACCT-000022,B0132,2036-10-19,0.0,2026-07-23T21:58:50+00:00
EXP-004388,ACCT-000162,B0132,2036-10-19,0.0,2026-07-23T21:58:50+00:00
EXP-004389,ACCT-000372,B0132,2036-10-19,0.0,2026-07-23T21:58:50+00:00
EXP-004390,ACCT-000211,B0132,2036-10-19,0.0,2026-07-23T21:58:50+00:00
EXP-004391,ACCT-000033,B0132,2036-10-19,0.0,2026-07-23T21:58:50+00:00
EXP-004392,ACCT-000438,B0132,2036-10-19,0.0,2026-07-23T21:58:50+00:00
EXP-004393,ACCT-000073,B0132,2036-10-19,0.0,2026-07-23T21:58:50+00:00
EXP-004394,ACCT-000486,B0132,2036-10-19,0.0,2026-07-23T21:58:50+00:00
EXP-004395,ACCT-000488,B0132,2036-10-19,0.0,2026-07-23T21:58:50+00:00
EXP-004396,ACCT-000151,B0132,2036-10-19,0.0,2026-07-23T21:58:50+00:00
EXP-004397,ACCT-000439,B0132,2036-10-19,0.0,2026-07-23T21:58:50+00:00
EXP-004398,ACCT-000402,B0132,2036-10-19,0.0,2026-07-23T21:58:50+00:00
EXP-004399,ACCT-000392,B0132,2036-10-19,0.0,2026-07-23T21:58:50+00:00
EXP-004400,ACCT-000403,B0132,2036-10-19,0.0,2026-07-23T21:58:50+00:00
EXP-004401,ACCT-000411,B0132,2036-10-19,0.0,2026-07-23T21:58:50+00:00
EXP-004402,ACCT-000357,B0132,2036-10-19,0.0,2026-07-23T21:58:50+00:00
EXP-004403,ACCT-000291,B0132,2036-10-19,0.0,2026-07-23T21:58:50+00:00
EXP-004404,ACCT-000288,B0132,2036-10-19,0.0,2026-07-23T21:58:50+00:00
EXP-004405,ACCT-000299,B0132,2036-10-19,0.0,2026-07-23T21:58:50+00:00
EXP-004406,ACCT-000247,B0132,2036-10-19,0.0,2026-07-23T21:58:50+00:00
EXP-004407,ACCT-000322,B0132,2036-10-19,-7.97,2026-07-23T21:58:50+00:00
EXP-004408,ACCT-000112,B0132,2036-10-19,0.0,2026-07-23T21:58:50+00:00
EXP-004409,ACCT-000164,B0132,2036-10-19,0.0,2026-07-23T21:58:50+00:00
EXP-004410,ACCT-000343,B0132,2036-10-19,0.0,2026-07-23T21:58:50+00:00
EXP-004411,ACCT-000227,B0132,2036-10-19,0.0,2026-07-23T21:58:50+00:00
EXP-004412,ACCT-000165,B0132,2036-10-19,0.0,2026-07-23T21:58:50+00:00
EXP-004413,ACCT-000019,B0132,2036-10-19,0.0,2026-07-23T21:58:50+00:00
EXP-004414,ACCT-000502,B0132,2036-10-19,10.4,2026-07-23T21:58:50+00:00
EXP-004415,ACCT-000503,B0132,2036-10-19,0.0,2026-07-23T21:58:50+00:00
EXP-004416,ACCT-000504,B0132,2036-10-19,0.0,2026-07-23T21:58:50+00:00
EXP-004417,ACCT-000239,B0133,2036-11-18,0.0,2026-07-23T22:57:28+00:00
EXP-004418,ACCT-000342,B0133,2036-11-18,-5.92,2026-07-23T22:57:28+00:00
EXP-004419,ACCT-000382,B0133,2036-11-18,0.0,2026-07-23T22:57:28+00:00
EXP-004420,ACCT-000355,B0133,2036-11-18,0.0,2026-07-23T22:57:28+00:00
EXP-004421,ACCT-000380,B0133,2036-11-18,37.04,2026-07-23T22:57:28+00:00
EXP-004422,ACCT-000353,B0133,2036-11-18,0.0,2026-07-23T22:57:28+00:00
EXP-004423,ACCT-000228,B0133,2036-11-18,0.0,2026-07-23T22:57:28+00:00
EXP-004424,ACCT-000325,B0133,2036-11-18,0.0,2026-07-23T22:57:28+00:00
EXP-004425,ACCT-000405,B0133,2036-11-18,0.0,2026-07-23T22:57:28+00:00
EXP-004426,ACCT-000344,B0133,2036-11-18,0.0,2026-07-23T22:57:28+00:00
EXP-004427,ACCT-000144,B0133,2036-11-18,0.0,2026-07-23T22:57:28+00:00
EXP-004428,ACCT-000309,B0133,2036-11-18,0.0,2026-07-23T22:57:28+00:00
EXP-004429,ACCT-000293,B0133,2036-11-18,0.0,2026-07-23T22:57:28+00:00
EXP-004430,ACCT-000481,B0133,2036-11-18,0.0,2026-07-23T22:57:28+00:00
EXP-004431,ACCT-000047,B0133,2036-11-18,0.0,2026-07-23T22:57:28+00:00
EXP-004432,ACCT-000005,B0133,2036-11-18,0.0,2026-07-23T22:57:28+00:00
EXP-004433,ACCT-000086,B0133,2036-11-18,0.0,2026-07-23T22:57:28+00:00
EXP-004434,ACCT-000424,B0133,2036-11-18,0.0,2026-07-23T22:57:28+00:00
EXP-004435,ACCT-000396,B0133,2036-11-18,0.0,2026-07-23T22:57:28+00:00
EXP-004436,ACCT-000490,B0133,2036-11-18,0.0,2026-07-23T22:57:28+00:00
EXP-004437,ACCT-000423,B0133,2036-11-18,0.0,2026-07-23T22:57:28+00:00
EXP-004438,ACCT-000231,B0133,2036-11-18,0.0,2026-07-23T22:57:28+00:00
EXP-004439,ACCT-000070,B0133,2036-11-18,0.0,2026-07-23T22:57:28+00:00
EXP-004440,ACCT-000321,B0133,2036-11-18,0.0,2026-07-23T22:57:28+00:00
EXP-004441,ACCT-000048,B0133,2036-11-18,0.0,2026-07-23T22:57:28+00:00
EXP-004442,ACCT-000092,B0133,2036-11-18,0.0,2026-07-23T22:57:28+00:00
EXP-004443,ACCT-000414,B0133,2036-11-18,0.0,2026-07-23T22:57:28+00:00
EXP-004444,ACCT-000223,B0133,2036-11-18,60.58,2026-07-23T22:57:28+00:00
EXP-004445,ACCT-000165,B0133,2036-11-18,0.0,2026-07-23T22:57:28+00:00
EXP-004446,ACCT-000400,B0133,2036-11-18,0.0,2026-07-23T22:57:28+00:00
EXP-004447,ACCT-000254,B0133,2036-11-18,-11.96,2026-07-23T22:57:28+00:00
EXP-004448,ACCT-000214,B0133,2036-11-18,0.0,2026-07-23T22:57:28+00:00
EXP-004449,ACCT-000256,B0133,2036-11-18,0.0,2026-07-23T22:57:28+00:00
EXP-004450,ACCT-000505,B0133,2036-11-18,0.0,2026-07-23T22:57:28+00:00
EXP-004451,ACCT-000506,B0133,2036-11-18,0.0,2026-07-23T22:57:28+00:00
EXP-004452,ACCT-000507,B0133,2036-11-18,0.0,2026-07-23T22:57:28+00:00
EXP-004453,ACCT-000508,B0133,2036-11-18,0.0,2026-07-23T22:57:28+00:00
EXP-004454,ACCT-000226,B0134,2036-12-18,0.0,2026-07-23T23:58:01+00:00
EXP-004455,ACCT-000332,B0134,2036-12-18,0.0,2026-07-23T23:58:01+00:00
EXP-004456,ACCT-000228,B0134,2036-12-18,0.0,2026-07-23T23:58:01+00:00
EXP-004457,ACCT-000342,B0134,2036-12-18,13.28,2026-07-23T23:58:01+00:00
EXP-004458,ACCT-000449,B0134,2036-12-18,0.0,2026-07-23T23:58:01+00:00
EXP-004459,ACCT-000371,B0134,2036-12-18,0.0,2026-07-23T23:58:01+00:00
EXP-004460,ACCT-000425,B0134,2036-12-18,0.0,2026-07-23T23:58:01+00:00
EXP-004461,ACCT-000281,B0134,2036-12-18,0.0,2026-07-23T23:58:01+00:00
EXP-004462,ACCT-000134,B0134,2036-12-18,0.0,2026-07-23T23:58:01+00:00
EXP-004463,ACCT-000240,B0134,2036-12-18,0.0,2026-07-23T23:58:01+00:00
EXP-004464,ACCT-000270,B0134,2036-12-18,0.0,2026-07-23T23:58:01+00:00
EXP-004465,ACCT-000077,B0134,2036-12-18,0.0,2026-07-23T23:58:01+00:00
EXP-004466,ACCT-000508,B0134,2036-12-18,0.0,2026-07-23T23:58:01+00:00
EXP-004467,ACCT-000492,B0134,2036-12-18,0.0,2026-07-23T23:58:01+00:00
EXP-004468,ACCT-000473,B0134,2036-12-18,0.0,2026-07-23T23:58:01+00:00
EXP-004469,ACCT-000411,B0134,2036-12-18,0.0,2026-07-23T23:58:01+00:00
EXP-004470,ACCT-000050,B0134,2036-12-18,0.0,2026-07-23T23:58:01+00:00
EXP-004471,ACCT-000202,B0134,2036-12-18,0.0,2026-07-23T23:58:01+00:00
EXP-004472,ACCT-000023,B0134,2036-12-18,0.0,2026-07-23T23:58:01+00:00
EXP-004473,ACCT-000406,B0134,2036-12-18,0.0,2026-07-23T23:58:01+00:00
EXP-004474,ACCT-000027,B0134,2036-12-18,0.0,2026-07-23T23:58:01+00:00
EXP-004475,ACCT-000434,B0134,2036-12-18,0.0,2026-07-23T23:58:01+00:00
EXP-004476,ACCT-000286,B0134,2036-12-18,0.0,2026-07-23T23:58:01+00:00
EXP-004477,ACCT-000407,B0134,2036-12-18,0.0,2026-07-23T23:58:01+00:00
EXP-004478,ACCT-000422,B0134,2036-12-18,0.0,2026-07-23T23:58:01+00:00
EXP-004479,ACCT-000355,B0134,2036-12-18,0.0,2026-07-23T23:58:01+00:00
EXP-004480,ACCT-000353,B0134,2036-12-18,0.0,2026-07-23T23:58:01+00:00
EXP-004481,ACCT-000303,B0134,2036-12-18,0.0,2026-07-23T23:58:01+00:00
EXP-004482,ACCT-000483,B0134,2036-12-18,0.0,2026-07-23T23:58:01+00:00
EXP-004483,ACCT-000137,B0134,2036-12-18,0.0,2026-07-23T23:58:01+00:00
EXP-004484,ACCT-000509,B0134,2036-12-18,0.0,2026-07-23T23:58:01+00:00
EXP-004485,ACCT-000510,B0134,2036-12-18,0.0,2026-07-23T23:58:01+00:00
EXP-004486,ACCT-000511,B0134,2036-12-18,0.0,2026-07-23T23:58:01+00:00
EXP-004487,ACCT-000512,B0134,2036-12-18,0.0,2026-07-23T23:58:01+00:00
EXP-004488,ACCT-000303,B0135,2037-01-17,0.0,2026-07-24T02:31:52+00:00
EXP-004489,ACCT-000509,B0135,2037-01-17,0.0,2026-07-24T02:31:52+00:00
EXP-004490,ACCT-000354,B0135,2037-01-17,0.0,2026-07-24T02:31:52+00:00
EXP-004491,ACCT-000426,B0135,2037-01-17,0.0,2026-07-24T02:31:52+00:00
EXP-004492,ACCT-000298,B0135,2037-01-17,-11.73,2026-07-24T02:31:52+00:00
EXP-004493,ACCT-000001,B0135,2037-01-17,0.0,2026-07-24T02:31:52+00:00
EXP-004494,ACCT-000384,B0135,2037-01-17,0.0,2026-07-24T02:31:52+00:00
EXP-004495,ACCT-000069,B0135,2037-01-17,0.0,2026-07-24T02:31:52+00:00
EXP-004496,ACCT-000160,B0135,2037-01-17,0.0,2026-07-24T02:31:52+00:00
EXP-004497,ACCT-000106,B0135,2037-01-17,0.0,2026-07-24T02:31:52+00:00
EXP-004498,ACCT-000179,B0135,2037-01-17,0.0,2026-07-24T02:31:52+00:00
EXP-004499,ACCT-000408,B0135,2037-01-17,-1.23,2026-07-24T02:31:52+00:00
EXP-004500,ACCT-000407,B0135,2037-01-17,0.0,2026-07-24T02:31:52+00:00
EXP-004501,ACCT-000271,B0135,2037-01-17,0.0,2026-07-24T02:31:52+00:00
EXP-004502,ACCT-000244,B0135,2037-01-17,0.0,2026-07-24T02:31:52+00:00
EXP-004503,ACCT-000418,B0135,2037-01-17,0.0,2026-07-24T02:31:52+00:00
EXP-004504,ACCT-000234,B0135,2037-01-17,0.0,2026-07-24T02:31:52+00:00
EXP-004505,ACCT-000431,B0135,2037-01-17,0.0,2026-07-24T02:31:52+00:00
EXP-004506,ACCT-000021,B0135,2037-01-17,0.0,2026-07-24T02:31:52+00:00
EXP-004507,ACCT-000342,B0135,2037-01-17,0.0,2026-07-24T02:31:52+00:00
EXP-004508,ACCT-000292,B0135,2037-01-17,0.0,2026-07-24T02:31:52+00:00
EXP-004509,ACCT-000424,B0135,2037-01-17,0.0,2026-07-24T02:31:52+00:00
EXP-004510,ACCT-000371,B0135,2037-01-17,0.0,2026-07-24T02:31:52+00:00
EXP-004511,ACCT-000291,B0135,2037-01-17,40.65,2026-07-24T02:31:52+00:00
EXP-004512,ACCT-000395,B0135,2037-01-17,0.0,2026-07-24T02:31:52+00:00
EXP-004513,ACCT-000507,B0135,2037-01-17,0.0,2026-07-24T02:31:52+00:00
EXP-004514,ACCT-000228,B0135,2037-01-17,0.0,2026-07-24T02:31:52+00:00
EXP-004515,ACCT-000360,B0135,2037-01-17,0.0,2026-07-24T02:31:52+00:00
EXP-004516,ACCT-000413,B0135,2037-01-17,0.0,2026-07-24T02:31:52+00:00
EXP-004517,ACCT-000513,B0135,2037-01-17,0.0,2026-07-24T02:31:52+00:00
EXP-004518,ACCT-000514,B0135,2037-01-17,0.0,2026-07-24T02:31:52+00:00
EXP-004519,ACCT-000515,B0135,2037-01-17,0.0,2026-07-24T02:31:52+00:00
EXP-004520,ACCT-000516,B0135,2037-01-17,0.0,2026-07-24T02:31:52+00:00
EXP-004521,ACCT-000362,B0136,2037-02-16,0.0,2026-07-24T05:42:36+00:00
EXP-004522,ACCT-000514,B0136,2037-02-16,0.0,2026-07-24T05:42:36+00:00
EXP-004523,ACCT-000064,B0136,2037-02-16,0.0,2026-07-24T05:42:36+00:00
EXP-004524,ACCT-000268,B0136,2037-02-16,0.0,2026-07-24T05:42:36+00:00
EXP-004525,ACCT-000396,B0136,2037-02-16,0.0,2026-07-24T05:42:36+00:00
EXP-004526,ACCT-000427,B0136,2037-02-16,62.72,2026-07-24T05:42:36+00:00
EXP-004527,ACCT-000136,B0136,2037-02-16,0.0,2026-07-24T05:42:36+00:00
EXP-004528,ACCT-000325,B0136,2037-02-16,0.0,2026-07-24T05:42:36+00:00
EXP-004529,ACCT-000072,B0136,2037-02-16,0.0,2026-07-24T05:42:36+00:00
EXP-004530,ACCT-000211,B0136,2037-02-16,0.0,2026-07-24T05:42:36+00:00
EXP-004531,ACCT-000475,B0136,2037-02-16,0.0,2026-07-24T05:42:36+00:00
EXP-004532,ACCT-000055,B0136,2037-02-16,11.33,2026-07-24T05:42:36+00:00
EXP-004533,ACCT-000048,B0136,2037-02-16,0.0,2026-07-24T05:42:36+00:00
EXP-004534,ACCT-000385,B0136,2037-02-16,0.0,2026-07-24T05:42:36+00:00
EXP-004535,ACCT-000052,B0136,2037-02-16,0.0,2026-07-24T05:42:36+00:00
EXP-004536,ACCT-000260,B0136,2037-02-16,0.0,2026-07-24T05:42:36+00:00
EXP-004537,ACCT-000257,B0136,2037-02-16,0.0,2026-07-24T05:42:36+00:00
EXP-004538,ACCT-000197,B0136,2037-02-16,0.0,2026-07-24T05:42:36+00:00
EXP-004539,ACCT-000513,B0136,2037-02-16,0.0,2026-07-24T05:42:36+00:00
EXP-004540,ACCT-000419,B0136,2037-02-16,6.95,2026-07-24T05:42:36+00:00
EXP-004541,ACCT-000001,B0136,2037-02-16,0.0,2026-07-24T05:42:36+00:00
EXP-004542,ACCT-000035,B0136,2037-02-16,0.0,2026-07-24T05:42:36+00:00
EXP-004543,ACCT-000112,B0136,2037-02-16,0.0,2026-07-24T05:42:36+00:00
EXP-004544,ACCT-000150,B0136,2037-02-16,0.0,2026-07-24T05:42:36+00:00
EXP-004545,ACCT-000301,B0136,2037-02-16,0.0,2026-07-24T05:42:36+00:00
EXP-004546,ACCT-000111,B0136,2037-02-16,0.0,2026-07-24T05:42:36+00:00
EXP-004547,ACCT-000517,B0136,2037-02-16,0.0,2026-07-24T05:42:36+00:00
EXP-004548,ACCT-000518,B0136,2037-02-16,0.0,2026-07-24T05:42:36+00:00
EXP-004549,ACCT-000519,B0136,2037-02-16,0.0,2026-07-24T05:42:36+00:00
EXP-004550,ACCT-000520,B0136,2037-02-16,0.0,2026-07-24T05:42:36+00:00
EXP-004551,ACCT-000051,B0137,2037-03-18,0.0,2026-07-24T08:11:04+00:00
EXP-004552,ACCT-000451,B0137,2037-03-18,0.0,2026-07-24T08:11:04+00:00
EXP-004553,ACCT-000387,B0137,2037-03-18,0.0,2026-07-24T08:11:04+00:00
EXP-004554,ACCT-000491,B0137,2037-03-18,0.0,2026-07-24T08:11:04+00:00
EXP-004555,ACCT-000132,B0137,2037-03-18,0.0,2026-07-24T08:11:04+00:00
EXP-004556,ACCT-000155,B0137,2037-03-18,0.0,2026-07-24T08:11:04+00:00
EXP-004557,ACCT-000418,B0137,2037-03-18,0.0,2026-07-24T08:11:04+00:00
EXP-004558,ACCT-000444,B0137,2037-03-18,0.0,2026-07-24T08:11:04+00:00
EXP-004559,ACCT-000254,B0137,2037-03-18,0.0,2026-07-24T08:11:04+00:00
EXP-004560,ACCT-000057,B0137,2037-03-18,0.0,2026-07-24T08:11:04+00:00
EXP-004561,ACCT-000163,B0137,2037-03-18,0.0,2026-07-24T08:11:04+00:00
EXP-004562,ACCT-000234,B0137,2037-03-18,0.0,2026-07-24T08:11:04+00:00
EXP-004563,ACCT-000473,B0137,2037-03-18,0.0,2026-07-24T08:11:04+00:00
EXP-004564,ACCT-000107,B0137,2037-03-18,0.0,2026-07-24T08:11:04+00:00
EXP-004565,ACCT-000078,B0137,2037-03-18,0.0,2026-07-24T08:11:04+00:00
EXP-004566,ACCT-000439,B0137,2037-03-18,0.0,2026-07-24T08:11:04+00:00
EXP-004567,ACCT-000191,B0137,2037-03-18,0.0,2026-07-24T08:11:04+00:00
EXP-004568,ACCT-000343,B0137,2037-03-18,0.0,2026-07-24T08:11:04+00:00
EXP-004569,ACCT-000076,B0137,2037-03-18,0.0,2026-07-24T08:11:04+00:00
EXP-004570,ACCT-000232,B0137,2037-03-18,0.0,2026-07-24T08:11:04+00:00
EXP-004571,ACCT-000008,B0137,2037-03-18,0.0,2026-07-24T08:11:04+00:00
EXP-004572,ACCT-000177,B0137,2037-03-18,0.0,2026-07-24T08:11:04+00:00
EXP-004573,ACCT-000055,B0137,2037-03-18,0.0,2026-07-24T08:11:04+00:00
EXP-004574,ACCT-000292,B0137,2037-03-18,0.0,2026-07-24T08:11:04+00:00
EXP-004575,ACCT-000352,B0137,2037-03-18,0.0,2026-07-24T08:11:04+00:00
EXP-004576,ACCT-000410,B0137,2037-03-18,0.0,2026-07-24T08:11:04+00:00
EXP-004577,ACCT-000001,B0137,2037-03-18,14.87,2026-07-24T08:11:04+00:00
EXP-004578,ACCT-000156,B0137,2037-03-18,0.0,2026-07-24T08:11:04+00:00
EXP-004579,ACCT-000298,B0137,2037-03-18,0.0,2026-07-24T08:11:04+00:00
EXP-004580,ACCT-000036,B0137,2037-03-18,0.0,2026-07-24T08:11:04+00:00
EXP-004581,ACCT-000241,B0137,2037-03-18,0.0,2026-07-24T08:11:04+00:00
EXP-004582,ACCT-000230,B0137,2037-03-18,0.0,2026-07-24T08:11:04+00:00
EXP-004583,ACCT-000521,B0137,2037-03-18,0.0,2026-07-24T08:11:04+00:00
EXP-004584,ACCT-000522,B0137,2037-03-18,0.0,2026-07-24T08:11:04+00:00
EXP-004585,ACCT-000471,B0138,2037-04-17,0.0,2026-07-24T10:32:12+00:00
EXP-004586,ACCT-000171,B0138,2037-04-17,0.0,2026-07-24T10:32:12+00:00
EXP-004587,ACCT-000345,B0138,2037-04-17,0.0,2026-07-24T10:32:12+00:00
EXP-004588,ACCT-000055,B0138,2037-04-17,0.0,2026-07-24T10:32:12+00:00
EXP-004589,ACCT-000456,B0138,2037-04-17,0.0,2026-07-24T10:32:12+00:00
EXP-004590,ACCT-000135,B0138,2037-04-17,0.0,2026-07-24T10:32:12+00:00
EXP-004591,ACCT-000441,B0138,2037-04-17,0.0,2026-07-24T10:32:12+00:00
EXP-004592,ACCT-000472,B0138,2037-04-17,-5.32,2026-07-24T10:32:12+00:00
EXP-004593,ACCT-000367,B0138,2037-04-17,0.0,2026-07-24T10:32:12+00:00
EXP-004594,ACCT-000008,B0138,2037-04-17,0.0,2026-07-24T10:32:12+00:00
EXP-004595,ACCT-000322,B0138,2037-04-17,0.0,2026-07-24T10:32:12+00:00
EXP-004596,ACCT-000098,B0138,2037-04-17,0.0,2026-07-24T10:32:12+00:00
EXP-004597,ACCT-000218,B0138,2037-04-17,0.0,2026-07-24T10:32:12+00:00
EXP-004598,ACCT-000137,B0138,2037-04-17,0.0,2026-07-24T10:32:12+00:00
EXP-004599,ACCT-000460,B0138,2037-04-17,0.0,2026-07-24T10:32:12+00:00
EXP-004600,ACCT-000316,B0138,2037-04-17,0.0,2026-07-24T10:32:12+00:00
EXP-004601,ACCT-000202,B0138,2037-04-17,0.0,2026-07-24T10:32:12+00:00
EXP-004602,ACCT-000522,B0138,2037-04-17,0.0,2026-07-24T10:32:12+00:00
EXP-004603,ACCT-000252,B0138,2037-04-17,0.0,2026-07-24T10:32:12+00:00
EXP-004604,ACCT-000225,B0138,2037-04-17,0.0,2026-07-24T10:32:12+00:00
EXP-004605,ACCT-000504,B0138,2037-04-17,0.0,2026-07-24T10:32:12+00:00
EXP-004606,ACCT-000315,B0138,2037-04-17,0.0,2026-07-24T10:32:12+00:00
EXP-004607,ACCT-000493,B0138,2037-04-17,0.0,2026-07-24T10:32:12+00:00
EXP-004608,ACCT-000301,B0138,2037-04-17,0.0,2026-07-24T10:32:12+00:00
EXP-004609,ACCT-000190,B0138,2037-04-17,0.0,2026-07-24T10:32:12+00:00
EXP-004610,ACCT-000509,B0138,2037-04-17,0.0,2026-07-24T10:32:12+00:00
EXP-004611,ACCT-000464,B0138,2037-04-17,0.0,2026-07-24T10:32:12+00:00
EXP-004612,ACCT-000233,B0138,2037-04-17,0.0,2026-07-24T10:32:12+00:00
EXP-004613,ACCT-000006,B0138,2037-04-17,0.0,2026-07-24T10:32:12+00:00
EXP-004614,ACCT-000186,B0138,2037-04-17,76.53,2026-07-24T10:32:12+00:00
EXP-004615,ACCT-000392,B0138,2037-04-17,0.0,2026-07-24T10:32:12+00:00
EXP-004616,ACCT-000100,B0138,2037-04-17,0.0,2026-07-24T10:32:12+00:00
EXP-004617,ACCT-000224,B0138,2037-04-17,0.0,2026-07-24T10:32:12+00:00
EXP-004618,ACCT-000371,B0138,2037-04-17,0.0,2026-07-24T10:32:12+00:00
EXP-004619,ACCT-000149,B0138,2037-04-17,0.0,2026-07-24T10:32:12+00:00
EXP-004620,ACCT-000523,B0138,2037-04-17,0.0,2026-07-24T10:32:12+00:00
EXP-004621,ACCT-000524,B0138,2037-04-17,0.0,2026-07-24T10:32:12+00:00
EXP-004622,ACCT-000525,B0138,2037-04-17,0.0,2026-07-24T10:32:12+00:00
EXP-004623,ACCT-000526,B0138,2037-04-17,12.88,2026-07-24T10:32:12+00:00
EXP-004624,ACCT-000160,B0139,2037-05-17,0.0,2026-07-24T12:14:28+00:00
EXP-004625,ACCT-000159,B0139,2037-05-17,0.0,2026-07-24T12:14:28+00:00
EXP-004626,ACCT-000134,B0139,2037-05-17,0.0,2026-07-24T12:14:28+00:00
EXP-004627,ACCT-000303,B0139,2037-05-17,0.0,2026-07-24T12:14:28+00:00
EXP-004628,ACCT-000056,B0139,2037-05-17,0.0,2026-07-24T12:14:28+00:00
EXP-004629,ACCT-000511,B0139,2037-05-17,0.0,2026-07-24T12:14:28+00:00
EXP-004630,ACCT-000217,B0139,2037-05-17,0.0,2026-07-24T12:14:28+00:00
EXP-004631,ACCT-000406,B0139,2037-05-17,0.0,2026-07-24T12:14:28+00:00
EXP-004632,ACCT-000223,B0139,2037-05-17,0.0,2026-07-24T12:14:28+00:00
EXP-004633,ACCT-000357,B0139,2037-05-17,0.0,2026-07-24T12:14:28+00:00
EXP-004634,ACCT-000169,B0139,2037-05-17,0.0,2026-07-24T12:14:28+00:00
EXP-004635,ACCT-000206,B0139,2037-05-17,0.0,2026-07-24T12:14:28+00:00
EXP-004636,ACCT-000395,B0139,2037-05-17,0.0,2026-07-24T12:14:28+00:00
EXP-004637,ACCT-000433,B0139,2037-05-17,0.0,2026-07-24T12:14:28+00:00
EXP-004638,ACCT-000404,B0139,2037-05-17,0.0,2026-07-24T12:14:28+00:00
EXP-004639,ACCT-000423,B0139,2037-05-17,0.0,2026-07-24T12:14:28+00:00
EXP-004640,ACCT-000102,B0139,2037-05-17,0.0,2026-07-24T12:14:28+00:00
EXP-004641,ACCT-000100,B0139,2037-05-17,0.0,2026-07-24T12:14:28+00:00
EXP-004642,ACCT-000372,B0139,2037-05-17,0.0,2026-07-24T12:14:28+00:00
EXP-004643,ACCT-000119,B0139,2037-05-17,0.0,2026-07-24T12:14:28+00:00
EXP-004644,ACCT-000023,B0139,2037-05-17,0.0,2026-07-24T12:14:28+00:00
EXP-004645,ACCT-000410,B0139,2037-05-17,0.0,2026-07-24T12:14:28+00:00
EXP-004646,ACCT-000413,B0139,2037-05-17,0.0,2026-07-24T12:14:28+00:00
EXP-004647,ACCT-000344,B0139,2037-05-17,0.0,2026-07-24T12:14:28+00:00
EXP-004648,ACCT-000480,B0139,2037-05-17,0.0,2026-07-24T12:14:28+00:00
EXP-004649,ACCT-000450,B0139,2037-05-17,0.0,2026-07-24T12:14:28+00:00
EXP-004650,ACCT-000058,B0139,2037-05-17,0.0,2026-07-24T12:14:28+00:00
EXP-004651,ACCT-000059,B0139,2037-05-17,0.0,2026-07-24T12:14:28+00:00
EXP-004652,ACCT-000467,B0139,2037-05-17,0.0,2026-07-24T12:14:28+00:00
EXP-004653,ACCT-000035,B0139,2037-05-17,0.0,2026-07-24T12:14:28+00:00
EXP-004654,ACCT-000224,B0139,2037-05-17,0.0,2026-07-24T12:14:28+00:00
EXP-004655,ACCT-000104,B0139,2037-05-17,0.0,2026-07-24T12:14:28+00:00
EXP-004656,ACCT-000133,B0139,2037-05-17,0.0,2026-07-24T12:14:28+00:00
EXP-004657,ACCT-000527,B0139,2037-05-17,0.0,2026-07-24T12:14:28+00:00
EXP-004658,ACCT-000528,B0139,2037-05-17,-9.18,2026-07-24T12:14:28+00:00
EXP-004659,ACCT-000529,B0139,2037-05-17,0.0,2026-07-24T12:14:28+00:00
EXP-004660,ACCT-000530,B0139,2037-05-17,0.0,2026-07-24T12:14:28+00:00
EXP-004661,ACCT-000128,B0140,2037-06-16,0.0,2026-07-24T14:19:23+00:00
EXP-004662,ACCT-000119,B0140,2037-06-16,0.0,2026-07-24T14:19:23+00:00
EXP-004663,ACCT-000022,B0140,2037-06-16,0.0,2026-07-24T14:19:23+00:00
EXP-004664,ACCT-000505,B0140,2037-06-16,0.0,2026-07-24T14:19:23+00:00
EXP-004665,ACCT-000314,B0140,2037-06-16,0.0,2026-07-24T14:19:23+00:00
EXP-004666,ACCT-000238,B0140,2037-06-16,0.0,2026-07-24T14:19:23+00:00
EXP-004667,ACCT-000402,B0140,2037-06-16,0.0,2026-07-24T14:19:23+00:00
EXP-004668,ACCT-000221,B0140,2037-06-16,0.0,2026-07-24T14:19:23+00:00
EXP-004669,ACCT-000170,B0140,2037-06-16,0.0,2026-07-24T14:19:23+00:00
EXP-004670,ACCT-000275,B0140,2037-06-16,0.0,2026-07-24T14:19:23+00:00
EXP-004671,ACCT-000133,B0140,2037-06-16,0.0,2026-07-24T14:19:23+00:00
EXP-004672,ACCT-000214,B0140,2037-06-16,0.0,2026-07-24T14:19:23+00:00
EXP-004673,ACCT-000283,B0140,2037-06-16,0.0,2026-07-24T14:19:23+00:00
EXP-004674,ACCT-000044,B0140,2037-06-16,0.0,2026-07-24T14:19:23+00:00
EXP-004675,ACCT-000529,B0140,2037-06-16,17.15,2026-07-24T14:19:23+00:00
EXP-004676,ACCT-000419,B0140,2037-06-16,0.0,2026-07-24T14:19:23+00:00
EXP-004677,ACCT-000447,B0140,2037-06-16,0.0,2026-07-24T14:19:23+00:00
EXP-004678,ACCT-000448,B0140,2037-06-16,35.88,2026-07-24T14:19:23+00:00
EXP-004679,ACCT-000311,B0140,2037-06-16,0.0,2026-07-24T14:19:23+00:00
EXP-004680,ACCT-000200,B0140,2037-06-16,0.0,2026-07-24T14:19:23+00:00
EXP-004681,ACCT-000471,B0140,2037-06-16,0.0,2026-07-24T14:19:23+00:00
EXP-004682,ACCT-000181,B0140,2037-06-16,0.0,2026-07-24T14:19:23+00:00
EXP-004683,ACCT-000235,B0140,2037-06-16,0.0,2026-07-24T14:19:23+00:00
EXP-004684,ACCT-000118,B0140,2037-06-16,-6.51,2026-07-24T14:19:23+00:00
EXP-004685,ACCT-000436,B0140,2037-06-16,0.0,2026-07-24T14:19:23+00:00
EXP-004686,ACCT-000288,B0140,2037-06-16,0.0,2026-07-24T14:19:23+00:00
EXP-004687,ACCT-000233,B0140,2037-06-16,0.0,2026-07-24T14:19:23+00:00
EXP-004688,ACCT-000464,B0140,2037-06-16,0.0,2026-07-24T14:19:23+00:00
EXP-004689,ACCT-000357,B0140,2037-06-16,0.0,2026-07-24T14:19:23+00:00
EXP-004690,ACCT-000261,B0140,2037-06-16,0.0,2026-07-24T14:19:23+00:00
EXP-004691,ACCT-000463,B0140,2037-06-16,0.0,2026-07-24T14:19:23+00:00
EXP-004692,ACCT-000531,B0140,2037-06-16,0.0,2026-07-24T14:19:23+00:00
EXP-004693,ACCT-000532,B0140,2037-06-16,0.0,2026-07-24T14:19:23+00:00
EXP-004694,ACCT-000533,B0140,2037-06-16,0.0,2026-07-24T14:19:23+00:00
EXP-004695,ACCT-000534,B0140,2037-06-16,0.0,2026-07-24T14:19:23+00:00
EXP-004696,ACCT-000391,B0141,2037-07-16,0.0,2026-07-24T15:52:26+00:00
EXP-004697,ACCT-000305,B0141,2037-07-16,79.06,2026-07-24T15:52:26+00:00
EXP-004698,ACCT-000452,B0141,2037-07-16,0.0,2026-07-24T15:52:26+00:00
EXP-004699,ACCT-000512,B0141,2037-07-16,0.0,2026-07-24T15:52:26+00:00
EXP-004700,ACCT-000157,B0141,2037-07-16,0.0,2026-07-24T15:52:26+00:00
EXP-004701,ACCT-000341,B0141,2037-07-16,0.0,2026-07-24T15:52:26+00:00
EXP-004702,ACCT-000492,B0141,2037-07-16,0.0,2026-07-24T15:52:26+00:00
EXP-004703,ACCT-000373,B0141,2037-07-16,0.0,2026-07-24T15:52:26+00:00
EXP-004704,ACCT-000196,B0141,2037-07-16,0.0,2026-07-24T15:52:26+00:00
EXP-004705,ACCT-000471,B0141,2037-07-16,0.0,2026-07-24T15:52:26+00:00
EXP-004706,ACCT-000491,B0141,2037-07-16,0.0,2026-07-24T15:52:26+00:00
EXP-004707,ACCT-000091,B0141,2037-07-16,0.0,2026-07-24T15:52:26+00:00
EXP-004708,ACCT-000527,B0141,2037-07-16,0.0,2026-07-24T15:52:26+00:00
EXP-004709,ACCT-000167,B0141,2037-07-16,0.0,2026-07-24T15:52:26+00:00
EXP-004710,ACCT-000018,B0141,2037-07-16,0.0,2026-07-24T15:52:26+00:00
EXP-004711,ACCT-000075,B0141,2037-07-16,0.0,2026-07-24T15:52:26+00:00
EXP-004712,ACCT-000019,B0141,2037-07-16,0.0,2026-07-24T15:52:26+00:00
EXP-004713,ACCT-000307,B0141,2037-07-16,0.0,2026-07-24T15:52:26+00:00
EXP-004714,ACCT-000192,B0141,2037-07-16,0.0,2026-07-24T15:52:26+00:00
EXP-004715,ACCT-000468,B0141,2037-07-16,0.0,2026-07-24T15:52:26+00:00
EXP-004716,ACCT-000533,B0141,2037-07-16,0.0,2026-07-24T15:52:26+00:00
EXP-004717,ACCT-000206,B0141,2037-07-16,0.0,2026-07-24T15:52:26+00:00
EXP-004718,ACCT-000461,B0141,2037-07-16,0.0,2026-07-24T15:52:26+00:00
EXP-004719,ACCT-000028,B0141,2037-07-16,17.81,2026-07-24T15:52:26+00:00
EXP-004720,ACCT-000123,B0141,2037-07-16,0.0,2026-07-24T15:52:26+00:00
EXP-004721,ACCT-000338,B0141,2037-07-16,0.0,2026-07-24T15:52:26+00:00
EXP-004722,ACCT-000078,B0141,2037-07-16,0.0,2026-07-24T15:52:26+00:00
EXP-004723,ACCT-000322,B0141,2037-07-16,0.0,2026-07-24T15:52:26+00:00
EXP-004724,ACCT-000535,B0141,2037-07-16,0.0,2026-07-24T15:52:26+00:00
EXP-004725,ACCT-000536,B0141,2037-07-16,0.0,2026-07-24T15:52:26+00:00
EXP-004726,ACCT-000537,B0141,2037-07-16,-1.94,2026-07-24T15:52:26+00:00
EXP-004727,ACCT-000538,B0141,2037-07-16,0.0,2026-07-24T15:52:26+00:00
EXP-004728,ACCT-000297,B0142,2037-08-15,0.0,2026-07-24T17:22:13+00:00
EXP-004729,ACCT-000396,B0142,2037-08-15,0.0,2026-07-24T17:22:13+00:00
EXP-004730,ACCT-000449,B0142,2037-08-15,0.0,2026-07-24T17:22:13+00:00
EXP-004731,ACCT-000225,B0142,2037-08-15,0.0,2026-07-24T17:22:13+00:00
EXP-004732,ACCT-000455,B0142,2037-08-15,0.0,2026-07-24T17:22:13+00:00
EXP-004733,ACCT-000185,B0142,2037-08-15,0.0,2026-07-24T17:22:13+00:00
EXP-004734,ACCT-000340,B0142,2037-08-15,0.0,2026-07-24T17:22:13+00:00
EXP-004735,ACCT-000175,B0142,2037-08-15,0.0,2026-07-24T17:22:13+00:00
EXP-004736,ACCT-000215,B0142,2037-08-15,0.0,2026-07-24T17:22:13+00:00
EXP-004737,ACCT-000398,B0142,2037-08-15,0.0,2026-07-24T17:22:13+00:00
EXP-004738,ACCT-000058,B0142,2037-08-15,0.0,2026-07-24T17:22:13+00:00
EXP-004739,ACCT-000035,B0142,2037-08-15,0.0,2026-07-24T17:22:13+00:00
EXP-004740,ACCT-000442,B0142,2037-08-15,0.0,2026-07-24T17:22:13+00:00
EXP-004741,ACCT-000502,B0142,2037-08-15,0.0,2026-07-24T17:22:13+00:00
EXP-004742,ACCT-000217,B0142,2037-08-15,0.0,2026-07-24T17:22:13+00:00
EXP-004743,ACCT-000508,B0142,2037-08-15,-2.49,2026-07-24T17:22:13+00:00
EXP-004744,ACCT-000028,B0142,2037-08-15,2.58,2026-07-24T17:22:13+00:00
EXP-004745,ACCT-000243,B0142,2037-08-15,0.0,2026-07-24T17:22:13+00:00
EXP-004746,ACCT-000308,B0142,2037-08-15,0.0,2026-07-24T17:22:13+00:00
EXP-004747,ACCT-000337,B0142,2037-08-15,0.0,2026-07-24T17:22:13+00:00
EXP-004748,ACCT-000431,B0142,2037-08-15,0.0,2026-07-24T17:22:13+00:00
EXP-004749,ACCT-000096,B0142,2037-08-15,0.0,2026-07-24T17:22:13+00:00
EXP-004750,ACCT-000080,B0142,2037-08-15,0.0,2026-07-24T17:22:13+00:00
EXP-004751,ACCT-000146,B0142,2037-08-15,0.0,2026-07-24T17:22:13+00:00
EXP-004752,ACCT-000023,B0142,2037-08-15,0.0,2026-07-24T17:22:13+00:00
EXP-004753,ACCT-000539,B0142,2037-08-15,0.0,2026-07-24T17:22:13+00:00
EXP-004754,ACCT-000540,B0142,2037-08-15,0.0,2026-07-24T17:22:13+00:00
EXP-004755,ACCT-000522,B0143,2037-09-14,0.0,2026-07-24T18:54:21+00:00
EXP-004756,ACCT-000521,B0143,2037-09-14,0.0,2026-07-24T18:54:21+00:00
EXP-004757,ACCT-000329,B0143,2037-09-14,0.0,2026-07-24T18:54:21+00:00
EXP-004758,ACCT-000145,B0143,2037-09-14,0.0,2026-07-24T18:54:21+00:00
EXP-004759,ACCT-000028,B0143,2037-09-14,0.0,2026-07-24T18:54:21+00:00
EXP-004760,ACCT-000017,B0143,2037-09-14,0.0,2026-07-24T18:54:21+00:00
EXP-004761,ACCT-000432,B0143,2037-09-14,-14.19,2026-07-24T18:54:21+00:00
EXP-004762,ACCT-000277,B0143,2037-09-14,0.0,2026-07-24T18:54:21+00:00
EXP-004763,ACCT-000451,B0143,2037-09-14,0.0,2026-07-24T18:54:21+00:00
EXP-004764,ACCT-000184,B0143,2037-09-14,0.0,2026-07-24T18:54:21+00:00
EXP-004765,ACCT-000359,B0143,2037-09-14,0.0,2026-07-24T18:54:21+00:00
EXP-004766,ACCT-000015,B0143,2037-09-14,0.0,2026-07-24T18:54:21+00:00
EXP-004767,ACCT-000353,B0143,2037-09-14,0.0,2026-07-24T18:54:21+00:00
EXP-004768,ACCT-000331,B0143,2037-09-14,0.0,2026-07-24T18:54:21+00:00
EXP-004769,ACCT-000350,B0143,2037-09-14,0.0,2026-07-24T18:54:21+00:00
EXP-004770,ACCT-000518,B0143,2037-09-14,0.0,2026-07-24T18:54:21+00:00
EXP-004771,ACCT-000455,B0143,2037-09-14,0.0,2026-07-24T18:54:21+00:00
EXP-004772,ACCT-000249,B0143,2037-09-14,0.0,2026-07-24T18:54:21+00:00
EXP-004773,ACCT-000114,B0143,2037-09-14,0.0,2026-07-24T18:54:21+00:00
EXP-004774,ACCT-000226,B0143,2037-09-14,0.0,2026-07-24T18:54:21+00:00
EXP-004775,ACCT-000012,B0143,2037-09-14,0.0,2026-07-24T18:54:21+00:00
EXP-004776,ACCT-000155,B0143,2037-09-14,0.0,2026-07-24T18:54:21+00:00
EXP-004777,ACCT-000442,B0143,2037-09-14,0.0,2026-07-24T18:54:21+00:00
EXP-004778,ACCT-000219,B0143,2037-09-14,0.0,2026-07-24T18:54:21+00:00
EXP-004779,ACCT-000410,B0143,2037-09-14,0.0,2026-07-24T18:54:21+00:00
EXP-004780,ACCT-000074,B0143,2037-09-14,0.0,2026-07-24T18:54:21+00:00
EXP-004781,ACCT-000541,B0143,2037-09-14,0.0,2026-07-24T18:54:21+00:00
EXP-004782,ACCT-000542,B0143,2037-09-14,0.0,2026-07-24T18:54:21+00:00
EXP-004783,ACCT-000543,B0143,2037-09-14,0.0,2026-07-24T18:54:21+00:00
EXP-004784,ACCT-000392,B0144,2037-10-14,0.0,2026-07-24T20:12:52+00:00
EXP-004785,ACCT-000187,B0144,2037-10-14,0.0,2026-07-24T20:12:52+00:00
EXP-004786,ACCT-000303,B0144,2037-10-14,0.0,2026-07-24T20:12:52+00:00
EXP-004787,ACCT-000260,B0144,2037-10-14,0.0,2026-07-24T20:12:52+00:00
EXP-004788,ACCT-000083,B0144,2037-10-14,0.0,2026-07-24T20:12:52+00:00
EXP-004789,ACCT-000185,B0144,2037-10-14,0.0,2026-07-24T20:12:52+00:00
EXP-004790,ACCT-000298,B0144,2037-10-14,0.0,2026-07-24T20:12:52+00:00
EXP-004791,ACCT-000204,B0144,2037-10-14,0.0,2026-07-24T20:12:52+00:00
EXP-004792,ACCT-000398,B0144,2037-10-14,0.0,2026-07-24T20:12:52+00:00
EXP-004793,ACCT-000026,B0144,2037-10-14,0.0,2026-07-24T20:12:52+00:00
EXP-004794,ACCT-000262,B0144,2037-10-14,0.0,2026-07-24T20:12:52+00:00
EXP-004795,ACCT-000173,B0144,2037-10-14,0.0,2026-07-24T20:12:52+00:00
EXP-004796,ACCT-000417,B0144,2037-10-14,0.0,2026-07-24T20:12:52+00:00
EXP-004797,ACCT-000071,B0144,2037-10-14,0.0,2026-07-24T20:12:52+00:00
EXP-004798,ACCT-000241,B0144,2037-10-14,0.0,2026-07-24T20:12:52+00:00
EXP-004799,ACCT-000345,B0144,2037-10-14,0.0,2026-07-24T20:12:52+00:00
EXP-004800,ACCT-000086,B0144,2037-10-14,0.0,2026-07-24T20:12:52+00:00
EXP-004801,ACCT-000093,B0144,2037-10-14,0.0,2026-07-24T20:12:52+00:00
EXP-004802,ACCT-000355,B0144,2037-10-14,9.35,2026-07-24T20:12:52+00:00
EXP-004803,ACCT-000182,B0144,2037-10-14,0.0,2026-07-24T20:12:52+00:00
EXP-004804,ACCT-000376,B0144,2037-10-14,0.0,2026-07-24T20:12:52+00:00
EXP-004805,ACCT-000024,B0144,2037-10-14,0.0,2026-07-24T20:12:52+00:00
EXP-004806,ACCT-000343,B0144,2037-10-14,6.68,2026-07-24T20:12:52+00:00
EXP-004807,ACCT-000023,B0144,2037-10-14,0.0,2026-07-24T20:12:52+00:00
EXP-004808,ACCT-000532,B0144,2037-10-14,0.0,2026-07-24T20:12:52+00:00
EXP-004809,ACCT-000104,B0144,2037-10-14,0.0,2026-07-24T20:12:52+00:00
EXP-004810,ACCT-000164,B0144,2037-10-14,0.0,2026-07-24T20:12:52+00:00
EXP-004811,ACCT-000544,B0144,2037-10-14,0.0,2026-07-24T20:12:52+00:00
EXP-004812,ACCT-000545,B0144,2037-10-14,0.0,2026-07-24T20:12:52+00:00
EXP-004813,ACCT-000546,B0144,2037-10-14,0.0,2026-07-24T20:12:52+00:00
EXP-004814,ACCT-000547,B0144,2037-10-14,0.0,2026-07-24T20:12:52+00:00
EXP-004815,ACCT-000382,B0145,2037-11-13,0.0,2026-07-24T21:34:35+00:00
EXP-004816,ACCT-000461,B0145,2037-11-13,0.0,2026-07-24T21:34:35+00:00
EXP-004817,ACCT-000334,B0145,2037-11-13,0.0,2026-07-24T21:34:35+00:00
EXP-004818,ACCT-000158,B0145,2037-11-13,0.0,2026-07-24T21:34:35+00:00
EXP-004819,ACCT-000500,B0145,2037-11-13,0.0,2026-07-24T21:34:35+00:00
EXP-004820,ACCT-000499,B0145,2037-11-13,0.0,2026-07-24T21:34:35+00:00
EXP-004821,ACCT-000485,B0145,2037-11-13,0.0,2026-07-24T21:34:35+00:00
EXP-004822,ACCT-000361,B0145,2037-11-13,0.0,2026-07-24T21:34:35+00:00
EXP-004823,ACCT-000013,B0145,2037-11-13,0.0,2026-07-24T21:34:35+00:00
EXP-004824,ACCT-000178,B0145,2037-11-13,-13.06,2026-07-24T21:34:35+00:00
EXP-004825,ACCT-000484,B0145,2037-11-13,0.0,2026-07-24T21:34:35+00:00
EXP-004826,ACCT-000511,B0145,2037-11-13,0.0,2026-07-24T21:34:35+00:00
EXP-004827,ACCT-000207,B0145,2037-11-13,0.0,2026-07-24T21:34:35+00:00
EXP-004828,ACCT-000373,B0145,2037-11-13,0.0,2026-07-24T21:34:35+00:00
EXP-004829,ACCT-000099,B0145,2037-11-13,0.0,2026-07-24T21:34:35+00:00
EXP-004830,ACCT-000295,B0145,2037-11-13,0.0,2026-07-24T21:34:35+00:00
EXP-004831,ACCT-000064,B0145,2037-11-13,0.0,2026-07-24T21:34:35+00:00
EXP-004832,ACCT-000314,B0145,2037-11-13,0.0,2026-07-24T21:34:35+00:00
EXP-004833,ACCT-000102,B0145,2037-11-13,0.0,2026-07-24T21:34:35+00:00
EXP-004834,ACCT-000399,B0145,2037-11-13,11.5,2026-07-24T21:34:35+00:00
EXP-004835,ACCT-000449,B0145,2037-11-13,0.0,2026-07-24T21:34:35+00:00
EXP-004836,ACCT-000090,B0145,2037-11-13,0.0,2026-07-24T21:34:35+00:00
EXP-004837,ACCT-000472,B0145,2037-11-13,40.0,2026-07-24T21:34:35+00:00
EXP-004838,ACCT-000268,B0145,2037-11-13,0.0,2026-07-24T21:34:35+00:00
EXP-004839,ACCT-000151,B0145,2037-11-13,0.0,2026-07-24T21:34:35+00:00
EXP-004840,ACCT-000296,B0145,2037-11-13,0.0,2026-07-24T21:34:35+00:00
EXP-004841,ACCT-000014,B0145,2037-11-13,20.04,2026-07-24T21:34:35+00:00
EXP-004842,ACCT-000197,B0145,2037-11-13,0.0,2026-07-24T21:34:35+00:00
EXP-004843,ACCT-000447,B0145,2037-11-13,0.0,2026-07-24T21:34:35+00:00
EXP-004844,ACCT-000523,B0145,2037-11-13,0.0,2026-07-24T21:34:35+00:00
EXP-004845,ACCT-000059,B0145,2037-11-13,0.0,2026-07-24T21:34:35+00:00
EXP-004846,ACCT-000496,B0145,2037-11-13,0.0,2026-07-24T21:34:35+00:00
EXP-004847,ACCT-000384,B0145,2037-11-13,0.0,2026-07-24T21:34:35+00:00
EXP-004848,ACCT-000453,B0145,2037-11-13,0.0,2026-07-24T21:34:35+00:00
EXP-004849,ACCT-000548,B0145,2037-11-13,0.0,2026-07-24T21:34:35+00:00
EXP-004850,ACCT-000549,B0145,2037-11-13,0.0,2026-07-24T21:34:35+00:00
EXP-004851,ACCT-000550,B0145,2037-11-13,0.0,2026-07-24T21:34:35+00:00
EXP-004852,ACCT-000167,B0146,2037-12-13,0.0,2026-07-24T22:55:06+00:00
EXP-004853,ACCT-000303,B0146,2037-12-13,0.0,2026-07-24T22:55:06+00:00
EXP-004854,ACCT-000012,B0146,2037-12-13,39.59,2026-07-24T22:55:06+00:00
EXP-004855,ACCT-000543,B0146,2037-12-13,0.0,2026-07-24T22:55:06+00:00
EXP-004856,ACCT-000207,B0146,2037-12-13,0.0,2026-07-24T22:55:06+00:00
EXP-004857,ACCT-000283,B0146,2037-12-13,0.0,2026-07-24T22:55:06+00:00
EXP-004858,ACCT-000318,B0146,2037-12-13,0.0,2026-07-24T22:55:06+00:00
EXP-004859,ACCT-000117,B0146,2037-12-13,0.0,2026-07-24T22:55:06+00:00
EXP-004860,ACCT-000502,B0146,2037-12-13,0.0,2026-07-24T22:55:06+00:00
EXP-004861,ACCT-000124,B0146,2037-12-13,0.0,2026-07-24T22:55:06+00:00
EXP-004862,ACCT-000327,B0146,2037-12-13,0.0,2026-07-24T22:55:06+00:00
EXP-004863,ACCT-000104,B0146,2037-12-13,0.0,2026-07-24T22:55:06+00:00
EXP-004864,ACCT-000308,B0146,2037-12-13,12.35,2026-07-24T22:55:06+00:00
EXP-004865,ACCT-000077,B0146,2037-12-13,0.0,2026-07-24T22:55:06+00:00
EXP-004866,ACCT-000549,B0146,2037-12-13,0.0,2026-07-24T22:55:06+00:00
EXP-004867,ACCT-000359,B0146,2037-12-13,0.0,2026-07-24T22:55:06+00:00
EXP-004868,ACCT-000278,B0146,2037-12-13,13.52,2026-07-24T22:55:06+00:00
EXP-004869,ACCT-000130,B0146,2037-12-13,0.0,2026-07-24T22:55:06+00:00
EXP-004870,ACCT-000202,B0146,2037-12-13,0.0,2026-07-24T22:55:06+00:00
EXP-004871,ACCT-000050,B0146,2037-12-13,13.06,2026-07-24T22:55:06+00:00
EXP-004872,ACCT-000274,B0146,2037-12-13,0.0,2026-07-24T22:55:06+00:00
EXP-004873,ACCT-000119,B0146,2037-12-13,-5.77,2026-07-24T22:55:06+00:00
EXP-004874,ACCT-000192,B0146,2037-12-13,0.0,2026-07-24T22:55:06+00:00
EXP-004875,ACCT-000538,B0146,2037-12-13,0.0,2026-07-24T22:55:06+00:00
EXP-004876,ACCT-000195,B0146,2037-12-13,0.0,2026-07-24T22:55:06+00:00
EXP-004877,ACCT-000299,B0146,2037-12-13,0.0,2026-07-24T22:55:06+00:00
EXP-004878,ACCT-000375,B0146,2037-12-13,0.0,2026-07-24T22:55:06+00:00
EXP-004879,ACCT-000511,B0146,2037-12-13,0.0,2026-07-24T22:55:06+00:00
EXP-004880,ACCT-000519,B0146,2037-12-13,0.0,2026-07-24T22:55:06+00:00
EXP-004881,ACCT-000248,B0146,2037-12-13,0.0,2026-07-24T22:55:06+00:00
EXP-004882,ACCT-000455,B0146,2037-12-13,0.0,2026-07-24T22:55:06+00:00
EXP-004883,ACCT-000411,B0146,2037-12-13,0.0,2026-07-24T22:55:06+00:00
EXP-004884,ACCT-000113,B0146,2037-12-13,0.0,2026-07-24T22:55:06+00:00
EXP-004885,ACCT-000384,B0146,2037-12-13,-9.79,2026-07-24T22:55:06+00:00
EXP-004886,ACCT-000551,B0146,2037-12-13,0.0,2026-07-24T22:55:06+00:00
EXP-004887,ACCT-000552,B0146,2037-12-13,0.0,2026-07-24T22:55:06+00:00
EXP-004888,ACCT-000209,B0147,2038-01-12,0.0,2026-07-24T23:57:31+00:00
EXP-004889,ACCT-000246,B0147,2038-01-12,0.0,2026-07-24T23:57:31+00:00
EXP-004890,ACCT-000444,B0147,2038-01-12,0.0,2026-07-24T23:57:31+00:00
EXP-004891,ACCT-000299,B0147,2038-01-12,0.0,2026-07-24T23:57:31+00:00
EXP-004892,ACCT-000398,B0147,2038-01-12,55.87,2026-07-24T23:57:31+00:00
EXP-004893,ACCT-000448,B0147,2038-01-12,0.0,2026-07-24T23:57:31+00:00
EXP-004894,ACCT-000411,B0147,2038-01-12,0.0,2026-07-24T23:57:31+00:00
EXP-004895,ACCT-000109,B0147,2038-01-12,0.0,2026-07-24T23:57:31+00:00
EXP-004896,ACCT-000529,B0147,2038-01-12,0.0,2026-07-24T23:57:31+00:00
EXP-004897,ACCT-000242,B0147,2038-01-12,0.0,2026-07-24T23:57:31+00:00
EXP-004898,ACCT-000083,B0147,2038-01-12,0.0,2026-07-24T23:57:31+00:00
EXP-004899,ACCT-000143,B0147,2038-01-12,0.0,2026-07-24T23:57:31+00:00
EXP-004900,ACCT-000317,B0147,2038-01-12,0.0,2026-07-24T23:57:31+00:00
EXP-004901,ACCT-000426,B0147,2038-01-12,50.2,2026-07-24T23:57:31+00:00
EXP-004902,ACCT-000513,B0147,2038-01-12,0.0,2026-07-24T23:57:31+00:00
EXP-004903,ACCT-000031,B0147,2038-01-12,0.0,2026-07-24T23:57:31+00:00
EXP-004904,ACCT-000067,B0147,2038-01-12,0.0,2026-07-24T23:57:31+00:00
EXP-004905,ACCT-000284,B0147,2038-01-12,0.0,2026-07-24T23:57:31+00:00
EXP-004906,ACCT-000244,B0147,2038-01-12,0.0,2026-07-24T23:57:31+00:00
EXP-004907,ACCT-000483,B0147,2038-01-12,0.0,2026-07-24T23:57:31+00:00
EXP-004908,ACCT-000217,B0147,2038-01-12,0.0,2026-07-24T23:57:31+00:00
EXP-004909,ACCT-000074,B0147,2038-01-12,0.0,2026-07-24T23:57:31+00:00
EXP-004910,ACCT-000332,B0147,2038-01-12,0.0,2026-07-24T23:57:31+00:00
EXP-004911,ACCT-000410,B0147,2038-01-12,0.0,2026-07-24T23:57:31+00:00
EXP-004912,ACCT-000461,B0147,2038-01-12,0.0,2026-07-24T23:57:31+00:00
EXP-004913,ACCT-000525,B0147,2038-01-12,0.0,2026-07-24T23:57:31+00:00
EXP-004914,ACCT-000219,B0147,2038-01-12,0.0,2026-07-24T23:57:31+00:00
EXP-004915,ACCT-000181,B0147,2038-01-12,0.0,2026-07-24T23:57:31+00:00
EXP-004916,ACCT-000228,B0147,2038-01-12,0.0,2026-07-24T23:57:31+00:00
EXP-004917,ACCT-000499,B0147,2038-01-12,0.0,2026-07-24T23:57:31+00:00
EXP-004918,ACCT-000413,B0147,2038-01-12,0.0,2026-07-24T23:57:31+00:00
EXP-004919,ACCT-000155,B0147,2038-01-12,0.0,2026-07-24T23:57:31+00:00
EXP-004920,ACCT-000471,B0147,2038-01-12,0.0,2026-07-24T23:57:31+00:00
EXP-004921,ACCT-000553,B0147,2038-01-12,0.0,2026-07-24T23:57:31+00:00
EXP-004922,ACCT-000554,B0147,2038-01-12,0.0,2026-07-24T23:57:31+00:00
EXP-004923,ACCT-000555,B0147,2038-01-12,0.0,2026-07-24T23:57:31+00:00
EXP-004924,ACCT-000006,B0148,2038-02-11,0.0,2026-07-25T02:25:23+00:00
EXP-004925,ACCT-000390,B0148,2038-02-11,0.0,2026-07-25T02:25:23+00:00
EXP-004926,ACCT-000477,B0148,2038-02-11,0.0,2026-07-25T02:25:23+00:00
EXP-004927,ACCT-000211,B0148,2038-02-11,15.06,2026-07-25T02:25:23+00:00
EXP-004928,ACCT-000461,B0148,2038-02-11,0.0,2026-07-25T02:25:23+00:00
EXP-004929,ACCT-000088,B0148,2038-02-11,0.0,2026-07-25T02:25:23+00:00
EXP-004930,ACCT-000038,B0148,2038-02-11,0.0,2026-07-25T02:25:23+00:00
EXP-004931,ACCT-000428,B0148,2038-02-11,0.0,2026-07-25T02:25:23+00:00
EXP-004932,ACCT-000320,B0148,2038-02-11,0.0,2026-07-25T02:25:23+00:00
EXP-004933,ACCT-000151,B0148,2038-02-11,5.46,2026-07-25T02:25:23+00:00
EXP-004934,ACCT-000399,B0148,2038-02-11,0.0,2026-07-25T02:25:23+00:00
EXP-004935,ACCT-000529,B0148,2038-02-11,0.0,2026-07-25T02:25:23+00:00
EXP-004936,ACCT-000044,B0148,2038-02-11,0.0,2026-07-25T02:25:23+00:00
EXP-004937,ACCT-000448,B0148,2038-02-11,0.0,2026-07-25T02:25:23+00:00
EXP-004938,ACCT-000070,B0148,2038-02-11,0.0,2026-07-25T02:25:23+00:00
EXP-004939,ACCT-000297,B0148,2038-02-11,0.0,2026-07-25T02:25:23+00:00
EXP-004940,ACCT-000079,B0148,2038-02-11,0.0,2026-07-25T02:25:23+00:00
EXP-004941,ACCT-000253,B0148,2038-02-11,0.0,2026-07-25T02:25:23+00:00
EXP-004942,ACCT-000456,B0148,2038-02-11,-12.08,2026-07-25T02:25:23+00:00
EXP-004943,ACCT-000193,B0148,2038-02-11,0.0,2026-07-25T02:25:23+00:00
EXP-004944,ACCT-000538,B0148,2038-02-11,0.0,2026-07-25T02:25:23+00:00
EXP-004945,ACCT-000022,B0148,2038-02-11,0.0,2026-07-25T02:25:23+00:00
EXP-004946,ACCT-000246,B0148,2038-02-11,-4.87,2026-07-25T02:25:23+00:00
EXP-004947,ACCT-000426,B0148,2038-02-11,0.0,2026-07-25T02:25:23+00:00
EXP-004948,ACCT-000213,B0148,2038-02-11,0.0,2026-07-25T02:25:23+00:00
EXP-004949,ACCT-000455,B0148,2038-02-11,0.0,2026-07-25T02:25:23+00:00
EXP-004950,ACCT-000419,B0148,2038-02-11,0.0,2026-07-25T02:25:23+00:00
EXP-004951,ACCT-000121,B0148,2038-02-11,0.0,2026-07-25T02:25:23+00:00
EXP-004952,ACCT-000556,B0148,2038-02-11,0.0,2026-07-25T02:25:23+00:00
EXP-004953,ACCT-000557,B0148,2038-02-11,0.0,2026-07-25T02:25:23+00:00
EXP-004954,ACCT-000303,B0149,2038-03-13,0.0,2026-07-25T05:27:49+00:00
EXP-004955,ACCT-000232,B0149,2038-03-13,0.0,2026-07-25T05:27:49+00:00
EXP-004956,ACCT-000299,B0149,2038-03-13,0.0,2026-07-25T05:27:49+00:00
EXP-004957,ACCT-000409,B0149,2038-03-13,0.0,2026-07-25T05:27:49+00:00
EXP-004958,ACCT-000550,B0149,2038-03-13,0.0,2026-07-25T05:27:49+00:00
EXP-004959,ACCT-000507,B0149,2038-03-13,0.0,2026-07-25T05:27:49+00:00
EXP-004960,ACCT-000320,B0149,2038-03-13,0.0,2026-07-25T05:27:49+00:00
EXP-004961,ACCT-000329,B0149,2038-03-13,0.0,2026-07-25T05:27:49+00:00
EXP-004962,ACCT-000146,B0149,2038-03-13,0.0,2026-07-25T05:27:49+00:00
EXP-004963,ACCT-000540,B0149,2038-03-13,0.0,2026-07-25T05:27:49+00:00
EXP-004964,ACCT-000373,B0149,2038-03-13,0.0,2026-07-25T05:27:49+00:00
EXP-004965,ACCT-000300,B0149,2038-03-13,0.0,2026-07-25T05:27:49+00:00
EXP-004966,ACCT-000206,B0149,2038-03-13,0.0,2026-07-25T05:27:49+00:00
EXP-004967,ACCT-000509,B0149,2038-03-13,0.0,2026-07-25T05:27:49+00:00
EXP-004968,ACCT-000226,B0149,2038-03-13,0.0,2026-07-25T05:27:49+00:00
EXP-004969,ACCT-000490,B0149,2038-03-13,0.0,2026-07-25T05:27:49+00:00
EXP-004970,ACCT-000034,B0149,2038-03-13,0.0,2026-07-25T05:27:49+00:00
EXP-004971,ACCT-000170,B0149,2038-03-13,0.0,2026-07-25T05:27:49+00:00
EXP-004972,ACCT-000514,B0149,2038-03-13,0.0,2026-07-25T05:27:49+00:00
EXP-004973,ACCT-000072,B0149,2038-03-13,0.0,2026-07-25T05:27:49+00:00
EXP-004974,ACCT-000118,B0149,2038-03-13,0.0,2026-07-25T05:27:49+00:00
EXP-004975,ACCT-000090,B0149,2038-03-13,0.0,2026-07-25T05:27:49+00:00
EXP-004976,ACCT-000486,B0149,2038-03-13,0.0,2026-07-25T05:27:49+00:00
EXP-004977,ACCT-000104,B0149,2038-03-13,0.0,2026-07-25T05:27:49+00:00
EXP-004978,ACCT-000330,B0149,2038-03-13,0.0,2026-07-25T05:27:49+00:00
EXP-004979,ACCT-000508,B0149,2038-03-13,0.0,2026-07-25T05:27:49+00:00
EXP-004980,ACCT-000278,B0149,2038-03-13,0.0,2026-07-25T05:27:49+00:00
EXP-004981,ACCT-000512,B0149,2038-03-13,0.0,2026-07-25T05:27:49+00:00
EXP-004982,ACCT-000337,B0149,2038-03-13,0.0,2026-07-25T05:27:49+00:00
EXP-004983,ACCT-000198,B0149,2038-03-13,0.0,2026-07-25T05:27:49+00:00
EXP-004984,ACCT-000558,B0149,2038-03-13,0.0,2026-07-25T05:27:49+00:00
EXP-004985,ACCT-000559,B0149,2038-03-13,0.0,2026-07-25T05:27:49+00:00
EXP-004986,ACCT-000560,B0149,2038-03-13,0.0,2026-07-25T05:27:49+00:00
EXP-004987,ACCT-000561,B0149,2038-03-13,0.0,2026-07-25T05:27:49+00:00
EXP-004988,ACCT-000408,B0150,2038-04-12,0.0,2026-07-25T07:32:50+00:00
EXP-004989,ACCT-000326,B0150,2038-04-12,0.0,2026-07-25T07:32:50+00:00
EXP-004990,ACCT-000547,B0150,2038-04-12,0.0,2026-07-25T07:32:50+00:00
EXP-004991,ACCT-000176,B0150,2038-04-12,0.0,2026-07-25T07:32:50+00:00
EXP-004992,ACCT-000133,B0150,2038-04-12,0.0,2026-07-25T07:32:50+00:00
EXP-004993,ACCT-000124,B0150,2038-04-12,0.0,2026-07-25T07:32:50+00:00
EXP-004994,ACCT-000037,B0150,2038-04-12,0.0,2026-07-25T07:32:50+00:00
EXP-004995,ACCT-000206,B0150,2038-04-12,0.0,2026-07-25T07:32:50+00:00
EXP-004996,ACCT-000077,B0150,2038-04-12,0.0,2026-07-25T07:32:50+00:00
EXP-004997,ACCT-000181,B0150,2038-04-12,0.0,2026-07-25T07:32:50+00:00
EXP-004998,ACCT-000527,B0150,2038-04-12,0.0,2026-07-25T07:32:50+00:00
EXP-004999,ACCT-000030,B0150,2038-04-12,0.0,2026-07-25T07:32:50+00:00
EXP-005000,ACCT-000294,B0150,2038-04-12,0.0,2026-07-25T07:32:50+00:00
EXP-005001,ACCT-000458,B0150,2038-04-12,0.0,2026-07-25T07:32:50+00:00
EXP-005002,ACCT-000064,B0150,2038-04-12,0.0,2026-07-25T07:32:50+00:00
EXP-005003,ACCT-000553,B0150,2038-04-12,0.0,2026-07-25T07:32:50+00:00
EXP-005004,ACCT-000365,B0150,2038-04-12,0.0,2026-07-25T07:32:50+00:00
EXP-005005,ACCT-000203,B0150,2038-04-12,7.98,2026-07-25T07:32:50+00:00
EXP-005006,ACCT-000555,B0150,2038-04-12,0.0,2026-07-25T07:32:50+00:00
EXP-005007,ACCT-000232,B0150,2038-04-12,0.0,2026-07-25T07:32:50+00:00
EXP-005008,ACCT-000487,B0150,2038-04-12,0.0,2026-07-25T07:32:50+00:00
EXP-005009,ACCT-000510,B0150,2038-04-12,0.0,2026-07-25T07:32:50+00:00
EXP-005010,ACCT-000218,B0150,2038-04-12,0.0,2026-07-25T07:32:50+00:00
EXP-005011,ACCT-000533,B0150,2038-04-12,0.0,2026-07-25T07:32:50+00:00
EXP-005012,ACCT-000195,B0150,2038-04-12,0.0,2026-07-25T07:32:50+00:00
EXP-005013,ACCT-000515,B0150,2038-04-12,0.0,2026-07-25T07:32:50+00:00
EXP-005014,ACCT-000035,B0150,2038-04-12,0.0,2026-07-25T07:32:50+00:00
EXP-005015,ACCT-000299,B0150,2038-04-12,0.0,2026-07-25T07:32:50+00:00
EXP-005016,ACCT-000511,B0150,2038-04-12,20.07,2026-07-25T07:32:50+00:00
EXP-005017,ACCT-000281,B0150,2038-04-12,0.0,2026-07-25T07:32:50+00:00
EXP-005018,ACCT-000145,B0150,2038-04-12,0.0,2026-07-25T07:32:50+00:00
EXP-005019,ACCT-000476,B0150,2038-04-12,0.0,2026-07-25T07:32:50+00:00
EXP-005020,ACCT-000418,B0150,2038-04-12,0.0,2026-07-25T07:32:50+00:00
EXP-005021,ACCT-000423,B0150,2038-04-12,0.0,2026-07-25T07:32:50+00:00
EXP-005022,ACCT-000562,B0150,2038-04-12,0.0,2026-07-25T07:32:50+00:00
EXP-005023,ACCT-000563,B0150,2038-04-12,0.0,2026-07-25T07:32:50+00:00
EXP-005024,ACCT-000564,B0150,2038-04-12,0.0,2026-07-25T07:32:50+00:00
EXP-005025,ACCT-000290,B0151,2038-05-12,0.0,2026-07-25T09:30:00+00:00
EXP-005026,ACCT-000303,B0151,2038-05-12,0.0,2026-07-25T09:30:00+00:00
EXP-005027,ACCT-000551,B0151,2038-05-12,0.0,2026-07-25T09:30:00+00:00
EXP-005028,ACCT-000217,B0151,2038-05-12,0.0,2026-07-25T09:30:00+00:00
EXP-005029,ACCT-000539,B0151,2038-05-12,21.49,2026-07-25T09:30:00+00:00
EXP-005030,ACCT-000363,B0151,2038-05-12,0.0,2026-07-25T09:30:00+00:00
EXP-005031,ACCT-000068,B0151,2038-05-12,21.98,2026-07-25T09:30:00+00:00
EXP-005032,ACCT-000319,B0151,2038-05-12,0.0,2026-07-25T09:30:00+00:00
EXP-005033,ACCT-000056,B0151,2038-05-12,0.0,2026-07-25T09:30:00+00:00
EXP-005034,ACCT-000103,B0151,2038-05-12,0.0,2026-07-25T09:30:00+00:00
EXP-005035,ACCT-000313,B0151,2038-05-12,0.0,2026-07-25T09:30:00+00:00
EXP-005036,ACCT-000536,B0151,2038-05-12,0.0,2026-07-25T09:30:00+00:00
EXP-005037,ACCT-000504,B0151,2038-05-12,0.0,2026-07-25T09:30:00+00:00
EXP-005038,ACCT-000206,B0151,2038-05-12,0.0,2026-07-25T09:30:00+00:00
EXP-005039,ACCT-000169,B0151,2038-05-12,0.0,2026-07-25T09:30:00+00:00
EXP-005040,ACCT-000321,B0151,2038-05-12,0.0,2026-07-25T09:30:00+00:00
EXP-005041,ACCT-000473,B0151,2038-05-12,0.0,2026-07-25T09:30:00+00:00
EXP-005042,ACCT-000067,B0151,2038-05-12,0.0,2026-07-25T09:30:00+00:00
EXP-005043,ACCT-000512,B0151,2038-05-12,0.0,2026-07-25T09:30:00+00:00
EXP-005044,ACCT-000191,B0151,2038-05-12,0.0,2026-07-25T09:30:00+00:00
EXP-005045,ACCT-000432,B0151,2038-05-12,57.85,2026-07-25T09:30:00+00:00
EXP-005046,ACCT-000416,B0151,2038-05-12,0.0,2026-07-25T09:30:00+00:00
EXP-005047,ACCT-000487,B0151,2038-05-12,0.0,2026-07-25T09:30:00+00:00
EXP-005048,ACCT-000004,B0151,2038-05-12,0.0,2026-07-25T09:30:00+00:00
EXP-005049,ACCT-000114,B0151,2038-05-12,-13.0,2026-07-25T09:30:00+00:00
EXP-005050,ACCT-000565,B0151,2038-05-12,0.0,2026-07-25T09:30:00+00:00
EXP-005051,ACCT-000566,B0151,2038-05-12,0.0,2026-07-25T09:30:00+00:00
EXP-005052,ACCT-000567,B0151,2038-05-12,0.0,2026-07-25T09:30:00+00:00
EXP-005053,ACCT-000568,B0151,2038-05-12,0.0,2026-07-25T09:30:00+00:00
EXP-005054,ACCT-000562,B0152,2038-06-11,0.0,2026-07-25T10:53:14+00:00
EXP-005055,ACCT-000480,B0152,2038-06-11,0.0,2026-07-25T10:53:14+00:00
EXP-005056,ACCT-000117,B0152,2038-06-11,0.0,2026-07-25T10:53:14+00:00
EXP-005057,ACCT-000170,B0152,2038-06-11,0.0,2026-07-25T10:53:14+00:00
EXP-005058,ACCT-000518,B0152,2038-06-11,0.0,2026-07-25T10:53:14+00:00
EXP-005059,ACCT-000151,B0152,2038-06-11,0.0,2026-07-25T10:53:14+00:00
EXP-005060,ACCT-000050,B0152,2038-06-11,0.0,2026-07-25T10:53:14+00:00
EXP-005061,ACCT-000346,B0152,2038-06-11,0.0,2026-07-25T10:53:14+00:00
EXP-005062,ACCT-000205,B0152,2038-06-11,21.45,2026-07-25T10:53:14+00:00
EXP-005063,ACCT-000200,B0152,2038-06-11,0.0,2026-07-25T10:53:14+00:00
EXP-005064,ACCT-000275,B0152,2038-06-11,0.0,2026-07-25T10:53:14+00:00
EXP-005065,ACCT-000387,B0152,2038-06-11,0.0,2026-07-25T10:53:14+00:00
EXP-005066,ACCT-000412,B0152,2038-06-11,0.0,2026-07-25T10:53:14+00:00
EXP-005067,ACCT-000425,B0152,2038-06-11,0.0,2026-07-25T10:53:14+00:00
EXP-005068,ACCT-000372,B0152,2038-06-11,0.0,2026-07-25T10:53:14+00:00
EXP-005069,ACCT-000424,B0152,2038-06-11,0.0,2026-07-25T10:53:14+00:00
EXP-005070,ACCT-000254,B0152,2038-06-11,0.0,2026-07-25T10:53:14+00:00
EXP-005071,ACCT-000178,B0152,2038-06-11,7.77,2026-07-25T10:53:14+00:00
EXP-005072,ACCT-000179,B0152,2038-06-11,0.0,2026-07-25T10:53:14+00:00
EXP-005073,ACCT-000534,B0152,2038-06-11,0.0,2026-07-25T10:53:14+00:00
EXP-005074,ACCT-000353,B0152,2038-06-11,-1.95,2026-07-25T10:53:14+00:00
EXP-005075,ACCT-000124,B0152,2038-06-11,0.0,2026-07-25T10:53:14+00:00
EXP-005076,ACCT-000268,B0152,2038-06-11,0.0,2026-07-25T10:53:14+00:00
EXP-005077,ACCT-000492,B0152,2038-06-11,0.0,2026-07-25T10:53:14+00:00
EXP-005078,ACCT-000109,B0152,2038-06-11,0.0,2026-07-25T10:53:14+00:00
EXP-005079,ACCT-000375,B0152,2038-06-11,0.0,2026-07-25T10:53:14+00:00
EXP-005080,ACCT-000538,B0152,2038-06-11,0.0,2026-07-25T10:53:14+00:00
EXP-005081,ACCT-000184,B0152,2038-06-11,0.0,2026-07-25T10:53:14+00:00
EXP-005082,ACCT-000475,B0152,2038-06-11,0.0,2026-07-25T10:53:14+00:00
EXP-005083,ACCT-000082,B0152,2038-06-11,0.0,2026-07-25T10:53:14+00:00
EXP-005084,ACCT-000123,B0152,2038-06-11,0.0,2026-07-25T10:53:14+00:00
EXP-005085,ACCT-000421,B0152,2038-06-11,44.56,2026-07-25T10:53:14+00:00
EXP-005086,ACCT-000485,B0152,2038-06-11,0.0,2026-07-25T10:53:14+00:00
EXP-005087,ACCT-000055,B0152,2038-06-11,0.0,2026-07-25T10:53:14+00:00
EXP-005088,ACCT-000180,B0152,2038-06-11,0.0,2026-07-25T10:53:14+00:00
EXP-005089,ACCT-000569,B0152,2038-06-11,0.0,2026-07-25T10:53:14+00:00
EXP-005090,ACCT-000570,B0152,2038-06-11,0.0,2026-07-25T10:53:14+00:00
EXP-005091,ACCT-000571,B0152,2038-06-11,0.0,2026-07-25T10:53:14+00:00
EXP-005092,ACCT-000005,B0153,2038-07-11,0.0,2026-07-25T11:58:32+00:00
EXP-005093,ACCT-000221,B0153,2038-07-11,0.0,2026-07-25T11:58:32+00:00
EXP-005094,ACCT-000149,B0153,2038-07-11,0.0,2026-07-25T11:58:32+00:00
EXP-005095,ACCT-000352,B0153,2038-07-11,0.0,2026-07-25T11:58:32+00:00
EXP-005096,ACCT-000174,B0153,2038-07-11,0.0,2026-07-25T11:58:32+00:00
EXP-005097,ACCT-000313,B0153,2038-07-11,0.0,2026-07-25T11:58:32+00:00
EXP-005098,ACCT-000142,B0153,2038-07-11,0.0,2026-07-25T11:58:32+00:00
EXP-005099,ACCT-000472,B0153,2038-07-11,0.0,2026-07-25T11:58:32+00:00
EXP-005100,ACCT-000531,B0153,2038-07-11,0.0,2026-07-25T11:58:32+00:00
EXP-005101,ACCT-000444,B0153,2038-07-11,0.0,2026-07-25T11:58:32+00:00
EXP-005102,ACCT-000137,B0153,2038-07-11,0.0,2026-07-25T11:58:32+00:00
EXP-005103,ACCT-000216,B0153,2038-07-11,0.0,2026-07-25T11:58:32+00:00
EXP-005104,ACCT-000038,B0153,2038-07-11,0.0,2026-07-25T11:58:32+00:00
EXP-005105,ACCT-000113,B0153,2038-07-11,0.0,2026-07-25T11:58:32+00:00
EXP-005106,ACCT-000287,B0153,2038-07-11,0.0,2026-07-25T11:58:32+00:00
EXP-005107,ACCT-000505,B0153,2038-07-11,0.0,2026-07-25T11:58:32+00:00
EXP-005108,ACCT-000286,B0153,2038-07-11,0.0,2026-07-25T11:58:32+00:00
EXP-005109,ACCT-000213,B0153,2038-07-11,0.0,2026-07-25T11:58:32+00:00
EXP-005110,ACCT-000382,B0153,2038-07-11,0.0,2026-07-25T11:58:32+00:00
EXP-005111,ACCT-000159,B0153,2038-07-11,0.0,2026-07-25T11:58:32+00:00
EXP-005112,ACCT-000181,B0153,2038-07-11,0.0,2026-07-25T11:58:32+00:00
EXP-005113,ACCT-000415,B0153,2038-07-11,-2.95,2026-07-25T11:58:32+00:00
EXP-005114,ACCT-000008,B0153,2038-07-11,0.0,2026-07-25T11:58:32+00:00
EXP-005115,ACCT-000125,B0153,2038-07-11,0.0,2026-07-25T11:58:32+00:00
EXP-005116,ACCT-000045,B0153,2038-07-11,0.0,2026-07-25T11:58:32+00:00
EXP-005117,ACCT-000111,B0153,2038-07-11,0.0,2026-07-25T11:58:32+00:00
EXP-005118,ACCT-000380,B0153,2038-07-11,0.0,2026-07-25T11:58:32+00:00
EXP-005119,ACCT-000391,B0153,2038-07-11,0.0,2026-07-25T11:58:32+00:00
EXP-005120,ACCT-000409,B0153,2038-07-11,0.0,2026-07-25T11:58:32+00:00
EXP-005121,ACCT-000401,B0153,2038-07-11,6.91,2026-07-25T11:58:32+00:00
EXP-005122,ACCT-000572,B0153,2038-07-11,0.0,2026-07-25T11:58:32+00:00
EXP-005123,ACCT-000573,B0153,2038-07-11,0.0,2026-07-25T11:58:32+00:00
EXP-005124,ACCT-000416,B0154,2038-08-10,0.0,2026-07-25T13:25:01+00:00
EXP-005125,ACCT-000131,B0154,2038-08-10,0.0,2026-07-25T13:25:01+00:00
EXP-005126,ACCT-000086,B0154,2038-08-10,0.0,2026-07-25T13:25:01+00:00
EXP-005127,ACCT-000155,B0154,2038-08-10,0.0,2026-07-25T13:25:01+00:00
EXP-005128,ACCT-000090,B0154,2038-08-10,0.0,2026-07-25T13:25:01+00:00
EXP-005129,ACCT-000262,B0154,2038-08-10,0.0,2026-07-25T13:25:01+00:00
EXP-005130,ACCT-000330,B0154,2038-08-10,-11.34,2026-07-25T13:25:01+00:00
EXP-005131,ACCT-000043,B0154,2038-08-10,0.0,2026-07-25T13:25:01+00:00
EXP-005132,ACCT-000219,B0154,2038-08-10,0.0,2026-07-25T13:25:01+00:00
EXP-005133,ACCT-000074,B0154,2038-08-10,0.0,2026-07-25T13:25:01+00:00
EXP-005134,ACCT-000414,B0154,2038-08-10,0.0,2026-07-25T13:25:01+00:00
EXP-005135,ACCT-000140,B0154,2038-08-10,0.0,2026-07-25T13:25:01+00:00
EXP-005136,ACCT-000013,B0154,2038-08-10,0.0,2026-07-25T13:25:01+00:00
EXP-005137,ACCT-000286,B0154,2038-08-10,0.0,2026-07-25T13:25:01+00:00
EXP-005138,ACCT-000558,B0154,2038-08-10,0.0,2026-07-25T13:25:01+00:00
EXP-005139,ACCT-000336,B0154,2038-08-10,0.0,2026-07-25T13:25:01+00:00
EXP-005140,ACCT-000101,B0154,2038-08-10,0.0,2026-07-25T13:25:01+00:00
EXP-005141,ACCT-000476,B0154,2038-08-10,0.0,2026-07-25T13:25:01+00:00
EXP-005142,ACCT-000463,B0154,2038-08-10,0.0,2026-07-25T13:25:01+00:00
EXP-005143,ACCT-000218,B0154,2038-08-10,-6.25,2026-07-25T13:25:01+00:00
EXP-005144,ACCT-000303,B0154,2038-08-10,0.0,2026-07-25T13:25:01+00:00
EXP-005145,ACCT-000343,B0154,2038-08-10,0.0,2026-07-25T13:25:01+00:00
EXP-005146,ACCT-000510,B0154,2038-08-10,76.07,2026-07-25T13:25:01+00:00
EXP-005147,ACCT-000028,B0154,2038-08-10,0.0,2026-07-25T13:25:01+00:00
EXP-005148,ACCT-000316,B0154,2038-08-10,0.0,2026-07-25T13:25:01+00:00
EXP-005149,ACCT-000109,B0154,2038-08-10,0.0,2026-07-25T13:25:01+00:00
EXP-005150,ACCT-000056,B0154,2038-08-10,0.0,2026-07-25T13:25:01+00:00
EXP-005151,ACCT-000353,B0154,2038-08-10,0.0,2026-07-25T13:25:01+00:00
EXP-005152,ACCT-000331,B0154,2038-08-10,0.0,2026-07-25T13:25:01+00:00
EXP-005153,ACCT-000464,B0154,2038-08-10,0.0,2026-07-25T13:25:01+00:00
EXP-005154,ACCT-000290,B0154,2038-08-10,0.0,2026-07-25T13:25:01+00:00
EXP-005155,ACCT-000480,B0154,2038-08-10,0.0,2026-07-25T13:25:01+00:00
EXP-005156,ACCT-000018,B0154,2038-08-10,0.0,2026-07-25T13:25:01+00:00
EXP-005157,ACCT-000486,B0154,2038-08-10,0.0,2026-07-25T13:25:01+00:00
EXP-005158,ACCT-000574,B0154,2038-08-10,0.0,2026-07-25T13:25:01+00:00
EXP-005159,ACCT-000575,B0154,2038-08-10,0.0,2026-07-25T13:25:01+00:00
EXP-005160,ACCT-000576,B0154,2038-08-10,0.0,2026-07-25T13:25:01+00:00
EXP-005161,ACCT-000553,B0155,2038-09-09,0.0,2026-07-25T14:45:16+00:00
EXP-005162,ACCT-000502,B0155,2038-09-09,0.0,2026-07-25T14:45:16+00:00
EXP-005163,ACCT-000303,B0155,2038-09-09,0.0,2026-07-25T14:45:16+00:00
EXP-005164,ACCT-000182,B0155,2038-09-09,0.0,2026-07-25T14:45:16+00:00
EXP-005165,ACCT-000443,B0155,2038-09-09,0.0,2026-07-25T14:45:16+00:00
EXP-005166,ACCT-000547,B0155,2038-09-09,0.0,2026-07-25T14:45:16+00:00
EXP-005167,ACCT-000010,B0155,2038-09-09,77.41,2026-07-25T14:45:16+00:00
EXP-005168,ACCT-000299,B0155,2038-09-09,0.0,2026-07-25T14:45:16+00:00
EXP-005169,ACCT-000166,B0155,2038-09-09,-8.38,2026-07-25T14:45:16+00:00
EXP-005170,ACCT-000535,B0155,2038-09-09,0.0,2026-07-25T14:45:16+00:00
EXP-005171,ACCT-000325,B0155,2038-09-09,0.0,2026-07-25T14:45:16+00:00
EXP-005172,ACCT-000360,B0155,2038-09-09,0.0,2026-07-25T14:45:16+00:00
EXP-005173,ACCT-000070,B0155,2038-09-09,0.0,2026-07-25T14:45:16+00:00
EXP-005174,ACCT-000229,B0155,2038-09-09,0.0,2026-07-25T14:45:16+00:00
EXP-005175,ACCT-000114,B0155,2038-09-09,0.0,2026-07-25T14:45:16+00:00
EXP-005176,ACCT-000466,B0155,2038-09-09,0.0,2026-07-25T14:45:16+00:00
EXP-005177,ACCT-000052,B0155,2038-09-09,0.0,2026-07-25T14:45:16+00:00
EXP-005178,ACCT-000357,B0155,2038-09-09,0.0,2026-07-25T14:45:16+00:00
EXP-005179,ACCT-000474,B0155,2038-09-09,0.0,2026-07-25T14:45:16+00:00
EXP-005180,ACCT-000258,B0155,2038-09-09,0.0,2026-07-25T14:45:16+00:00
EXP-005181,ACCT-000220,B0155,2038-09-09,0.0,2026-07-25T14:45:16+00:00
EXP-005182,ACCT-000311,B0155,2038-09-09,0.0,2026-07-25T14:45:16+00:00
EXP-005183,ACCT-000376,B0155,2038-09-09,0.0,2026-07-25T14:45:16+00:00
EXP-005184,ACCT-000277,B0155,2038-09-09,0.0,2026-07-25T14:45:16+00:00
EXP-005185,ACCT-000029,B0155,2038-09-09,0.0,2026-07-25T14:45:16+00:00
EXP-005186,ACCT-000446,B0155,2038-09-09,0.0,2026-07-25T14:45:16+00:00
EXP-005187,ACCT-000225,B0155,2038-09-09,0.0,2026-07-25T14:45:16+00:00
EXP-005188,ACCT-000423,B0155,2038-09-09,0.0,2026-07-25T14:45:16+00:00
EXP-005189,ACCT-000433,B0155,2038-09-09,0.0,2026-07-25T14:45:16+00:00
EXP-005190,ACCT-000555,B0155,2038-09-09,0.0,2026-07-25T14:45:16+00:00
EXP-005191,ACCT-000326,B0155,2038-09-09,0.0,2026-07-25T14:45:16+00:00
EXP-005192,ACCT-000450,B0155,2038-09-09,0.0,2026-07-25T14:45:16+00:00
EXP-005193,ACCT-000194,B0155,2038-09-09,0.0,2026-07-25T14:45:16+00:00
EXP-005194,ACCT-000415,B0155,2038-09-09,0.0,2026-07-25T14:45:16+00:00
EXP-005195,ACCT-000577,B0155,2038-09-09,0.0,2026-07-25T14:45:16+00:00
EXP-005196,ACCT-000578,B0155,2038-09-09,8.52,2026-07-25T14:45:16+00:00
EXP-005197,ACCT-000579,B0155,2038-09-09,-8.49,2026-07-25T14:45:16+00:00
EXP-005198,ACCT-000192,B0156,2038-10-09,0.0,2026-07-25T15:58:42+00:00
EXP-005199,ACCT-000578,B0156,2038-10-09,0.0,2026-07-25T15:58:42+00:00
EXP-005200,ACCT-000414,B0156,2038-10-09,14.51,2026-07-25T15:58:42+00:00
EXP-005201,ACCT-000286,B0156,2038-10-09,0.0,2026-07-25T15:58:42+00:00
EXP-005202,ACCT-000138,B0156,2038-10-09,27.29,2026-07-25T15:58:42+00:00
EXP-005203,ACCT-000264,B0156,2038-10-09,0.0,2026-07-25T15:58:42+00:00
EXP-005204,ACCT-000268,B0156,2038-10-09,0.0,2026-07-25T15:58:42+00:00
EXP-005205,ACCT-000003,B0156,2038-10-09,0.0,2026-07-25T15:58:42+00:00
EXP-005206,ACCT-000564,B0156,2038-10-09,0.0,2026-07-25T15:58:42+00:00
EXP-005207,ACCT-000388,B0156,2038-10-09,0.0,2026-07-25T15:58:42+00:00
EXP-005208,ACCT-000156,B0156,2038-10-09,0.0,2026-07-25T15:58:42+00:00
EXP-005209,ACCT-000207,B0156,2038-10-09,28.76,2026-07-25T15:58:42+00:00
EXP-005210,ACCT-000130,B0156,2038-10-09,0.0,2026-07-25T15:58:42+00:00
EXP-005211,ACCT-000172,B0156,2038-10-09,0.0,2026-07-25T15:58:42+00:00
EXP-005212,ACCT-000563,B0156,2038-10-09,0.0,2026-07-25T15:58:42+00:00
EXP-005213,ACCT-000146,B0156,2038-10-09,0.0,2026-07-25T15:58:42+00:00
EXP-005214,ACCT-000262,B0156,2038-10-09,0.0,2026-07-25T15:58:42+00:00
EXP-005215,ACCT-000513,B0156,2038-10-09,0.0,2026-07-25T15:58:42+00:00
EXP-005216,ACCT-000001,B0156,2038-10-09,0.0,2026-07-25T15:58:42+00:00
EXP-005217,ACCT-000342,B0156,2038-10-09,0.0,2026-07-25T15:58:42+00:00
EXP-005218,ACCT-000401,B0156,2038-10-09,0.0,2026-07-25T15:58:42+00:00
EXP-005219,ACCT-000173,B0156,2038-10-09,0.0,2026-07-25T15:58:42+00:00
EXP-005220,ACCT-000084,B0156,2038-10-09,0.0,2026-07-25T15:58:42+00:00
EXP-005221,ACCT-000234,B0156,2038-10-09,0.0,2026-07-25T15:58:42+00:00
EXP-005222,ACCT-000393,B0156,2038-10-09,0.0,2026-07-25T15:58:42+00:00
EXP-005223,ACCT-000051,B0156,2038-10-09,0.0,2026-07-25T15:58:42+00:00
EXP-005224,ACCT-000104,B0156,2038-10-09,0.0,2026-07-25T15:58:42+00:00
EXP-005225,ACCT-000324,B0156,2038-10-09,0.0,2026-07-25T15:58:42+00:00
EXP-005226,ACCT-000017,B0156,2038-10-09,0.0,2026-07-25T15:58:42+00:00
EXP-005227,ACCT-000580,B0156,2038-10-09,0.0,2026-07-25T15:58:42+00:00
EXP-005228,ACCT-000581,B0156,2038-10-09,0.0,2026-07-25T15:58:42+00:00
EXP-005229,ACCT-000582,B0156,2038-10-09,0.0,2026-07-25T15:58:42+00:00
EXP-005230,ACCT-000583,B0156,2038-10-09,0.0,2026-07-25T15:58:42+00:00
EXP-005231,ACCT-000513,B0157,2038-11-08,0.0,2026-07-25T16:57:53+00:00
EXP-005232,ACCT-000392,B0157,2038-11-08,0.0,2026-07-25T16:57:53+00:00
EXP-005233,ACCT-000039,B0157,2038-11-08,0.0,2026-07-25T16:57:53+00:00
EXP-005234,ACCT-000165,B0157,2038-11-08,0.0,2026-07-25T16:57:53+00:00
EXP-005235,ACCT-000192,B0157,2038-11-08,0.0,2026-07-25T16:57:53+00:00
EXP-005236,ACCT-000184,B0157,2038-11-08,0.0,2026-07-25T16:57:53+00:00
EXP-005237,ACCT-000413,B0157,2038-11-08,2.77,2026-07-25T16:57:53+00:00
EXP-005238,ACCT-000304,B0157,2038-11-08,0.0,2026-07-25T16:57:53+00:00
EXP-005239,ACCT-000123,B0157,2038-11-08,0.0,2026-07-25T16:57:53+00:00
EXP-005240,ACCT-000552,B0157,2038-11-08,0.0,2026-07-25T16:57:53+00:00
EXP-005241,ACCT-000228,B0157,2038-11-08,0.0,2026-07-25T16:57:53+00:00
EXP-005242,ACCT-000072,B0157,2038-11-08,0.0,2026-07-25T16:57:53+00:00
EXP-005243,ACCT-000260,B0157,2038-11-08,0.0,2026-07-25T16:57:53+00:00
EXP-005244,ACCT-000500,B0157,2038-11-08,0.0,2026-07-25T16:57:53+00:00
EXP-005245,ACCT-000244,B0157,2038-11-08,0.0,2026-07-25T16:57:53+00:00
EXP-005246,ACCT-000194,B0157,2038-11-08,0.0,2026-07-25T16:57:53+00:00
EXP-005247,ACCT-000196,B0157,2038-11-08,0.0,2026-07-25T16:57:53+00:00
EXP-005248,ACCT-000055,B0157,2038-11-08,0.0,2026-07-25T16:57:53+00:00
EXP-005249,ACCT-000042,B0157,2038-11-08,0.0,2026-07-25T16:57:53+00:00
EXP-005250,ACCT-000543,B0157,2038-11-08,0.0,2026-07-25T16:57:53+00:00
EXP-005251,ACCT-000274,B0157,2038-11-08,0.0,2026-07-25T16:57:53+00:00
EXP-005252,ACCT-000246,B0157,2038-11-08,0.0,2026-07-25T16:57:53+00:00
EXP-005253,ACCT-000540,B0157,2038-11-08,0.0,2026-07-25T16:57:53+00:00
EXP-005254,ACCT-000499,B0157,2038-11-08,0.0,2026-07-25T16:57:53+00:00
EXP-005255,ACCT-000518,B0157,2038-11-08,0.0,2026-07-25T16:57:53+00:00
EXP-005256,ACCT-000539,B0157,2038-11-08,0.0,2026-07-25T16:57:53+00:00
EXP-005257,ACCT-000226,B0157,2038-11-08,0.0,2026-07-25T16:57:53+00:00
EXP-005258,ACCT-000201,B0157,2038-11-08,0.0,2026-07-25T16:57:53+00:00
EXP-005259,ACCT-000560,B0157,2038-11-08,0.0,2026-07-25T16:57:53+00:00
EXP-005260,ACCT-000044,B0157,2038-11-08,0.0,2026-07-25T16:57:53+00:00
EXP-005261,ACCT-000464,B0157,2038-11-08,0.0,2026-07-25T16:57:53+00:00
EXP-005262,ACCT-000436,B0157,2038-11-08,68.77,2026-07-25T16:57:53+00:00
EXP-005263,ACCT-000105,B0157,2038-11-08,0.0,2026-07-25T16:57:53+00:00
EXP-005264,ACCT-000584,B0157,2038-11-08,0.0,2026-07-25T16:57:53+00:00
EXP-005265,ACCT-000585,B0157,2038-11-08,0.0,2026-07-25T16:57:53+00:00
EXP-005266,ACCT-000586,B0157,2038-11-08,0.0,2026-07-25T16:57:53+00:00
EXP-005267,ACCT-000587,B0157,2038-11-08,0.0,2026-07-25T16:57:53+00:00
EXP-005268,ACCT-000179,B0158,2038-12-08,0.0,2026-07-25T17:57:28+00:00
EXP-005269,ACCT-000462,B0158,2038-12-08,0.0,2026-07-25T17:57:28+00:00
EXP-005270,ACCT-000276,B0158,2038-12-08,0.0,2026-07-25T17:57:28+00:00
EXP-005271,ACCT-000037,B0158,2038-12-08,56.56,2026-07-25T17:57:28+00:00
EXP-005272,ACCT-000054,B0158,2038-12-08,0.0,2026-07-25T17:57:28+00:00
EXP-005273,ACCT-000364,B0158,2038-12-08,0.0,2026-07-25T17:57:28+00:00
EXP-005274,ACCT-000213,B0158,2038-12-08,0.0,2026-07-25T17:57:28+00:00
EXP-005275,ACCT-000277,B0158,2038-12-08,0.0,2026-07-25T17:57:28+00:00
EXP-005276,ACCT-000095,B0158,2038-12-08,0.0,2026-07-25T17:57:28+00:00
EXP-005277,ACCT-000163,B0158,2038-12-08,0.0,2026-07-25T17:57:28+00:00
EXP-005278,ACCT-000267,B0158,2038-12-08,0.0,2026-07-25T17:57:28+00:00
EXP-005279,ACCT-000305,B0158,2038-12-08,0.0,2026-07-25T17:57:28+00:00
EXP-005280,ACCT-000033,B0158,2038-12-08,0.0,2026-07-25T17:57:28+00:00
EXP-005281,ACCT-000357,B0158,2038-12-08,0.0,2026-07-25T17:57:28+00:00
EXP-005282,ACCT-000447,B0158,2038-12-08,0.0,2026-07-25T17:57:28+00:00
EXP-005283,ACCT-000452,B0158,2038-12-08,0.0,2026-07-25T17:57:28+00:00
EXP-005284,ACCT-000453,B0158,2038-12-08,0.0,2026-07-25T17:57:28+00:00
EXP-005285,ACCT-000549,B0158,2038-12-08,0.0,2026-07-25T17:57:28+00:00
EXP-005286,ACCT-000006,B0158,2038-12-08,0.0,2026-07-25T17:57:28+00:00
EXP-005287,ACCT-000112,B0158,2038-12-08,0.0,2026-07-25T17:57:28+00:00
EXP-005288,ACCT-000063,B0158,2038-12-08,0.0,2026-07-25T17:57:28+00:00
EXP-005289,ACCT-000123,B0158,2038-12-08,-2.88,2026-07-25T17:57:28+00:00
EXP-005290,ACCT-000582,B0158,2038-12-08,0.0,2026-07-25T17:57:28+00:00
EXP-005291,ACCT-000576,B0158,2038-12-08,0.0,2026-07-25T17:57:28+00:00
EXP-005292,ACCT-000479,B0158,2038-12-08,0.0,2026-07-25T17:57:28+00:00
EXP-005293,ACCT-000580,B0158,2038-12-08,0.0,2026-07-25T17:57:28+00:00
EXP-005294,ACCT-000347,B0158,2038-12-08,0.0,2026-07-25T17:57:28+00:00
EXP-005295,ACCT-000552,B0158,2038-12-08,0.0,2026-07-25T17:57:28+00:00
EXP-005296,ACCT-000588,B0158,2038-12-08,5.02,2026-07-25T17:57:28+00:00
EXP-005297,ACCT-000589,B0158,2038-12-08,0.0,2026-07-25T17:57:28+00:00
EXP-005298,ACCT-000590,B0158,2038-12-08,0.0,2026-07-25T17:57:28+00:00
EXP-005299,ACCT-000591,B0158,2038-12-08,0.0,2026-07-25T17:57:28+00:00
EXP-005300,ACCT-000496,B0159,2039-01-07,0.0,2026-07-25T19:02:39+00:00
EXP-005301,ACCT-000274,B0159,2039-01-07,0.0,2026-07-25T19:02:39+00:00
EXP-005302,ACCT-000198,B0159,2039-01-07,0.0,2026-07-25T19:02:39+00:00
EXP-005303,ACCT-000397,B0159,2039-01-07,36.69,2026-07-25T19:02:39+00:00
EXP-005304,ACCT-000069,B0159,2039-01-07,0.0,2026-07-25T19:02:39+00:00
EXP-005305,ACCT-000064,B0159,2039-01-07,0.0,2026-07-25T19:02:39+00:00
EXP-005306,ACCT-000280,B0159,2039-01-07,0.0,2026-07-25T19:02:39+00:00
EXP-005307,ACCT-000158,B0159,2039-01-07,0.0,2026-07-25T19:02:39+00:00
EXP-005308,ACCT-000236,B0159,2039-01-07,0.0,2026-07-25T19:02:39+00:00
EXP-005309,ACCT-000028,B0159,2039-01-07,0.0,2026-07-25T19:02:39+00:00
EXP-005310,ACCT-000439,B0159,2039-01-07,0.0,2026-07-25T19:02:39+00:00
EXP-005311,ACCT-000542,B0159,2039-01-07,0.0,2026-07-25T19:02:39+00:00
EXP-005312,ACCT-000117,B0159,2039-01-07,0.0,2026-07-25T19:02:39+00:00
EXP-005313,ACCT-000097,B0159,2039-01-07,0.0,2026-07-25T19:02:39+00:00
EXP-005314,ACCT-000333,B0159,2039-01-07,0.0,2026-07-25T19:02:39+00:00
EXP-005315,ACCT-000546,B0159,2039-01-07,0.0,2026-07-25T19:02:39+00:00
EXP-005316,ACCT-000295,B0159,2039-01-07,0.0,2026-07-25T19:02:39+00:00
EXP-005317,ACCT-000327,B0159,2039-01-07,0.0,2026-07-25T19:02:39+00:00
EXP-005318,ACCT-000292,B0159,2039-01-07,0.0,2026-07-25T19:02:39+00:00
EXP-005319,ACCT-000533,B0159,2039-01-07,0.0,2026-07-25T19:02:39+00:00
EXP-005320,ACCT-000174,B0159,2039-01-07,28.17,2026-07-25T19:02:39+00:00
EXP-005321,ACCT-000461,B0159,2039-01-07,0.0,2026-07-25T19:02:39+00:00
EXP-005322,ACCT-000187,B0159,2039-01-07,0.0,2026-07-25T19:02:39+00:00
EXP-005323,ACCT-000223,B0159,2039-01-07,0.0,2026-07-25T19:02:39+00:00
EXP-005324,ACCT-000376,B0159,2039-01-07,0.0,2026-07-25T19:02:39+00:00
EXP-005325,ACCT-000061,B0159,2039-01-07,0.0,2026-07-25T19:02:39+00:00
EXP-005326,ACCT-000554,B0159,2039-01-07,0.0,2026-07-25T19:02:39+00:00
EXP-005327,ACCT-000320,B0159,2039-01-07,0.0,2026-07-25T19:02:39+00:00
EXP-005328,ACCT-000381,B0159,2039-01-07,0.0,2026-07-25T19:02:39+00:00
EXP-005329,ACCT-000404,B0159,2039-01-07,0.0,2026-07-25T19:02:39+00:00
EXP-005330,ACCT-000078,B0159,2039-01-07,73.33,2026-07-25T19:02:39+00:00
EXP-005331,ACCT-000220,B0159,2039-01-07,0.0,2026-07-25T19:02:39+00:00
EXP-005332,ACCT-000024,B0159,2039-01-07,0.0,2026-07-25T19:02:39+00:00
EXP-005333,ACCT-000359,B0159,2039-01-07,0.0,2026-07-25T19:02:39+00:00
EXP-005334,ACCT-000199,B0159,2039-01-07,0.0,2026-07-25T19:02:39+00:00
EXP-005335,ACCT-000592,B0159,2039-01-07,0.0,2026-07-25T19:02:39+00:00
EXP-005336,ACCT-000593,B0159,2039-01-07,0.0,2026-07-25T19:02:39+00:00
EXP-005337,ACCT-000219,B0160,2039-02-06,0.0,2026-07-25T20:26:20+00:00
EXP-005338,ACCT-000443,B0160,2039-02-06,0.0,2026-07-25T20:26:20+00:00
EXP-005339,ACCT-000392,B0160,2039-02-06,0.0,2026-07-25T20:26:20+00:00
EXP-005340,ACCT-000376,B0160,2039-02-06,0.0,2026-07-25T20:26:20+00:00
EXP-005341,ACCT-000023,B0160,2039-02-06,0.0,2026-07-25T20:26:20+00:00
EXP-005342,ACCT-000030,B0160,2039-02-06,36.4,2026-07-25T20:26:20+00:00
EXP-005343,ACCT-000483,B0160,2039-02-06,0.0,2026-07-25T20:26:20+00:00
EXP-005344,ACCT-000071,B0160,2039-02-06,0.0,2026-07-25T20:26:20+00:00
EXP-005345,ACCT-000579,B0160,2039-02-06,0.0,2026-07-25T20:26:20+00:00
EXP-005346,ACCT-000428,B0160,2039-02-06,0.0,2026-07-25T20:26:20+00:00
EXP-005347,ACCT-000072,B0160,2039-02-06,0.0,2026-07-25T20:26:20+00:00
EXP-005348,ACCT-000268,B0160,2039-02-06,0.0,2026-07-25T20:26:20+00:00
EXP-005349,ACCT-000500,B0160,2039-02-06,0.0,2026-07-25T20:26:20+00:00
EXP-005350,ACCT-000481,B0160,2039-02-06,0.0,2026-07-25T20:26:20+00:00
EXP-005351,ACCT-000329,B0160,2039-02-06,0.0,2026-07-25T20:26:20+00:00
EXP-005352,ACCT-000096,B0160,2039-02-06,0.0,2026-07-25T20:26:20+00:00
EXP-005353,ACCT-000377,B0160,2039-02-06,0.0,2026-07-25T20:26:20+00:00
EXP-005354,ACCT-000109,B0160,2039-02-06,0.0,2026-07-25T20:26:20+00:00
EXP-005355,ACCT-000247,B0160,2039-02-06,0.0,2026-07-25T20:26:20+00:00
EXP-005356,ACCT-000180,B0160,2039-02-06,0.0,2026-07-25T20:26:20+00:00
EXP-005357,ACCT-000574,B0160,2039-02-06,0.0,2026-07-25T20:26:20+00:00
EXP-005358,ACCT-000098,B0160,2039-02-06,0.0,2026-07-25T20:26:20+00:00
EXP-005359,ACCT-000240,B0160,2039-02-06,0.0,2026-07-25T20:26:20+00:00
EXP-005360,ACCT-000120,B0160,2039-02-06,0.0,2026-07-25T20:26:20+00:00
EXP-005361,ACCT-000470,B0160,2039-02-06,0.0,2026-07-25T20:26:20+00:00
EXP-005362,ACCT-000250,B0160,2039-02-06,0.0,2026-07-25T20:26:20+00:00
EXP-005363,ACCT-000383,B0160,2039-02-06,0.0,2026-07-25T20:26:20+00:00
EXP-005364,ACCT-000043,B0160,2039-02-06,0.0,2026-07-25T20:26:20+00:00
EXP-005365,ACCT-000368,B0160,2039-02-06,0.0,2026-07-25T20:26:20+00:00
EXP-005366,ACCT-000312,B0160,2039-02-06,0.0,2026-07-25T20:26:20+00:00
EXP-005367,ACCT-000594,B0160,2039-02-06,0.0,2026-07-25T20:26:20+00:00
EXP-005368,ACCT-000595,B0160,2039-02-06,71.91,2026-07-25T20:26:20+00:00
EXP-005369,ACCT-000596,B0160,2039-02-06,0.0,2026-07-25T20:26:20+00:00
EXP-005370,ACCT-000272,B0161,2039-03-08,-9.31,2026-07-25T21:23:51+00:00
EXP-005371,ACCT-000473,B0161,2039-03-08,0.0,2026-07-25T21:23:51+00:00
EXP-005372,ACCT-000554,B0161,2039-03-08,0.0,2026-07-25T21:23:51+00:00
EXP-005373,ACCT-000409,B0161,2039-03-08,0.0,2026-07-25T21:23:51+00:00
EXP-005374,ACCT-000318,B0161,2039-03-08,0.0,2026-07-25T21:23:51+00:00
EXP-005375,ACCT-000589,B0161,2039-03-08,0.0,2026-07-25T21:23:51+00:00
EXP-005376,ACCT-000214,B0161,2039-03-08,0.0,2026-07-25T21:23:51+00:00
EXP-005377,ACCT-000408,B0161,2039-03-08,0.0,2026-07-25T21:23:51+00:00
EXP-005378,ACCT-000184,B0161,2039-03-08,0.0,2026-07-25T21:23:51+00:00
EXP-005379,ACCT-000564,B0161,2039-03-08,0.0,2026-07-25T21:23:51+00:00
EXP-005380,ACCT-000078,B0161,2039-03-08,0.0,2026-07-25T21:23:51+00:00
EXP-005381,ACCT-000132,B0161,2039-03-08,0.0,2026-07-25T21:23:51+00:00
EXP-005382,ACCT-000339,B0161,2039-03-08,0.0,2026-07-25T21:23:51+00:00
EXP-005383,ACCT-000265,B0161,2039-03-08,0.0,2026-07-25T21:23:51+00:00
EXP-005384,ACCT-000313,B0161,2039-03-08,27.35,2026-07-25T21:23:51+00:00
EXP-005385,ACCT-000006,B0161,2039-03-08,0.0,2026-07-25T21:23:51+00:00
EXP-005386,ACCT-000066,B0161,2039-03-08,0.0,2026-07-25T21:23:51+00:00
EXP-005387,ACCT-000470,B0161,2039-03-08,7.39,2026-07-25T21:23:51+00:00
EXP-005388,ACCT-000459,B0161,2039-03-08,0.0,2026-07-25T21:23:51+00:00
EXP-005389,ACCT-000225,B0161,2039-03-08,0.0,2026-07-25T21:23:51+00:00
EXP-005390,ACCT-000491,B0161,2039-03-08,0.0,2026-07-25T21:23:51+00:00
EXP-005391,ACCT-000092,B0161,2039-03-08,0.0,2026-07-25T21:23:51+00:00
EXP-005392,ACCT-000062,B0161,2039-03-08,0.0,2026-07-25T21:23:51+00:00
EXP-005393,ACCT-000110,B0161,2039-03-08,0.0,2026-07-25T21:23:51+00:00
EXP-005394,ACCT-000590,B0161,2039-03-08,0.0,2026-07-25T21:23:51+00:00
EXP-005395,ACCT-000155,B0161,2039-03-08,0.0,2026-07-25T21:23:51+00:00
EXP-005396,ACCT-000315,B0161,2039-03-08,0.0,2026-07-25T21:23:51+00:00
EXP-005397,ACCT-000524,B0161,2039-03-08,0.0,2026-07-25T21:23:51+00:00
EXP-005398,ACCT-000466,B0161,2039-03-08,0.0,2026-07-25T21:23:51+00:00
EXP-005399,ACCT-000429,B0161,2039-03-08,0.0,2026-07-25T21:23:51+00:00
EXP-005400,ACCT-000096,B0161,2039-03-08,0.0,2026-07-25T21:23:51+00:00
EXP-005401,ACCT-000597,B0161,2039-03-08,30.46,2026-07-25T21:23:51+00:00
EXP-005402,ACCT-000598,B0161,2039-03-08,0.0,2026-07-25T21:23:51+00:00
EXP-005403,ACCT-000599,B0161,2039-03-08,0.0,2026-07-25T21:23:51+00:00
EXP-005404,ACCT-000387,B0162,2039-04-07,0.0,2026-07-25T22:24:24+00:00
EXP-005405,ACCT-000047,B0162,2039-04-07,0.0,2026-07-25T22:24:24+00:00
EXP-005406,ACCT-000094,B0162,2039-04-07,0.0,2026-07-25T22:24:24+00:00
EXP-005407,ACCT-000301,B0162,2039-04-07,0.0,2026-07-25T22:24:24+00:00
EXP-005408,ACCT-000282,B0162,2039-04-07,0.0,2026-07-25T22:24:24+00:00
EXP-005409,ACCT-000378,B0162,2039-04-07,0.0,2026-07-25T22:24:24+00:00
EXP-005410,ACCT-000054,B0162,2039-04-07,7.19,2026-07-25T22:24:24+00:00
EXP-005411,ACCT-000422,B0162,2039-04-07,0.0,2026-07-25T22:24:24+00:00
EXP-005412,ACCT-000209,B0162,2039-04-07,0.0,2026-07-25T22:24:24+00:00
EXP-005413,ACCT-000104,B0162,2039-04-07,0.0,2026-07-25T22:24:24+00:00
EXP-005414,ACCT-000020,B0162,2039-04-07,77.0,2026-07-25T22:24:24+00:00
EXP-005415,ACCT-000075,B0162,2039-04-07,0.0,2026-07-25T22:24:24+00:00
EXP-005416,ACCT-000223,B0162,2039-04-07,0.0,2026-07-25T22:24:24+00:00
EXP-005417,ACCT-000398,B0162,2039-04-07,0.0,2026-07-25T22:24:24+00:00
EXP-005418,ACCT-000187,B0162,2039-04-07,0.0,2026-07-25T22:24:24+00:00
EXP-005419,ACCT-000305,B0162,2039-04-07,0.0,2026-07-25T22:24:24+00:00
EXP-005420,ACCT-000212,B0162,2039-04-07,0.0,2026-07-25T22:24:24+00:00
EXP-005421,ACCT-000101,B0162,2039-04-07,0.0,2026-07-25T22:24:24+00:00
EXP-005422,ACCT-000550,B0162,2039-04-07,0.0,2026-07-25T22:24:24+00:00
EXP-005423,ACCT-000161,B0162,2039-04-07,-3.6,2026-07-25T22:24:24+00:00
EXP-005424,ACCT-000163,B0162,2039-04-07,0.0,2026-07-25T22:24:24+00:00
EXP-005425,ACCT-000532,B0162,2039-04-07,0.0,2026-07-25T22:24:24+00:00
EXP-005426,ACCT-000211,B0162,2039-04-07,0.0,2026-07-25T22:24:24+00:00
EXP-005427,ACCT-000241,B0162,2039-04-07,0.0,2026-07-25T22:24:24+00:00
EXP-005428,ACCT-000535,B0162,2039-04-07,0.0,2026-07-25T22:24:24+00:00
EXP-005429,ACCT-000250,B0162,2039-04-07,0.0,2026-07-25T22:24:24+00:00
EXP-005430,ACCT-000410,B0162,2039-04-07,0.0,2026-07-25T22:24:24+00:00
EXP-005431,ACCT-000013,B0162,2039-04-07,0.0,2026-07-25T22:24:24+00:00
EXP-005432,ACCT-000096,B0162,2039-04-07,0.0,2026-07-25T22:24:24+00:00
EXP-005433,ACCT-000168,B0162,2039-04-07,0.0,2026-07-25T22:24:24+00:00
EXP-005434,ACCT-000600,B0162,2039-04-07,0.0,2026-07-25T22:24:24+00:00
EXP-005435,ACCT-000601,B0162,2039-04-07,0.0,2026-07-25T22:24:24+00:00
EXP-005436,ACCT-000389,B0163,2039-05-07,0.0,2026-07-25T23:28:02+00:00
EXP-005437,ACCT-000487,B0163,2039-05-07,0.0,2026-07-25T23:28:02+00:00
EXP-005438,ACCT-000301,B0163,2039-05-07,35.45,2026-07-25T23:28:02+00:00
EXP-005439,ACCT-000600,B0163,2039-05-07,0.0,2026-07-25T23:28:02+00:00
EXP-005440,ACCT-000418,B0163,2039-05-07,0.0,2026-07-25T23:28:02+00:00
EXP-005441,ACCT-000047,B0163,2039-05-07,0.0,2026-07-25T23:28:02+00:00
EXP-005442,ACCT-000398,B0163,2039-05-07,0.0,2026-07-25T23:28:02+00:00
EXP-005443,ACCT-000499,B0163,2039-05-07,0.0,2026-07-25T23:28:02+00:00
EXP-005444,ACCT-000084,B0163,2039-05-07,0.0,2026-07-25T23:28:02+00:00
EXP-005445,ACCT-000011,B0163,2039-05-07,0.0,2026-07-25T23:28:02+00:00
EXP-005446,ACCT-000048,B0163,2039-05-07,0.0,2026-07-25T23:28:02+00:00
EXP-005447,ACCT-000290,B0163,2039-05-07,0.0,2026-07-25T23:28:02+00:00
EXP-005448,ACCT-000015,B0163,2039-05-07,77.48,2026-07-25T23:28:02+00:00
EXP-005449,ACCT-000063,B0163,2039-05-07,0.0,2026-07-25T23:28:02+00:00
EXP-005450,ACCT-000120,B0163,2039-05-07,0.0,2026-07-25T23:28:02+00:00
EXP-005451,ACCT-000510,B0163,2039-05-07,0.0,2026-07-25T23:28:02+00:00
EXP-005452,ACCT-000585,B0163,2039-05-07,0.0,2026-07-25T23:28:02+00:00
EXP-005453,ACCT-000377,B0163,2039-05-07,0.0,2026-07-25T23:28:02+00:00
EXP-005454,ACCT-000106,B0163,2039-05-07,0.0,2026-07-25T23:28:02+00:00
EXP-005455,ACCT-000148,B0163,2039-05-07,0.0,2026-07-25T23:28:02+00:00
EXP-005456,ACCT-000270,B0163,2039-05-07,0.0,2026-07-25T23:28:02+00:00
EXP-005457,ACCT-000393,B0163,2039-05-07,0.0,2026-07-25T23:28:02+00:00
EXP-005458,ACCT-000222,B0163,2039-05-07,-7.84,2026-07-25T23:28:02+00:00
EXP-005459,ACCT-000450,B0163,2039-05-07,0.0,2026-07-25T23:28:02+00:00
EXP-005460,ACCT-000200,B0163,2039-05-07,0.0,2026-07-25T23:28:02+00:00
EXP-005461,ACCT-000584,B0163,2039-05-07,0.0,2026-07-25T23:28:02+00:00
EXP-005462,ACCT-000052,B0163,2039-05-07,0.0,2026-07-25T23:28:02+00:00
EXP-005463,ACCT-000221,B0163,2039-05-07,0.0,2026-07-25T23:28:02+00:00
EXP-005464,ACCT-000421,B0163,2039-05-07,0.0,2026-07-25T23:28:02+00:00
EXP-005465,ACCT-000095,B0163,2039-05-07,0.0,2026-07-25T23:28:02+00:00
EXP-005466,ACCT-000349,B0163,2039-05-07,46.9,2026-07-25T23:28:02+00:00
EXP-005467,ACCT-000289,B0163,2039-05-07,0.0,2026-07-25T23:28:02+00:00
EXP-005468,ACCT-000274,B0163,2039-05-07,0.0,2026-07-25T23:28:02+00:00
EXP-005469,ACCT-000551,B0163,2039-05-07,49.13,2026-07-25T23:28:02+00:00
EXP-005470,ACCT-000602,B0163,2039-05-07,7.65,2026-07-25T23:28:02+00:00
EXP-005471,ACCT-000603,B0163,2039-05-07,0.0,2026-07-25T23:28:02+00:00
EXP-005472,ACCT-000155,B0164,2039-06-06,0.0,2026-07-26T01:06:52+00:00
EXP-005473,ACCT-000302,B0164,2039-06-06,0.0,2026-07-26T01:06:52+00:00
EXP-005474,ACCT-000366,B0164,2039-06-06,0.0,2026-07-26T01:06:52+00:00
EXP-005475,ACCT-000505,B0164,2039-06-06,0.0,2026-07-26T01:06:52+00:00
EXP-005476,ACCT-000238,B0164,2039-06-06,0.0,2026-07-26T01:06:52+00:00
EXP-005477,ACCT-000031,B0164,2039-06-06,0.0,2026-07-26T01:06:52+00:00
EXP-005478,ACCT-000014,B0164,2039-06-06,0.0,2026-07-26T01:06:52+00:00
EXP-005479,ACCT-000126,B0164,2039-06-06,0.0,2026-07-26T01:06:52+00:00
EXP-005480,ACCT-000481,B0164,2039-06-06,0.0,2026-07-26T01:06:52+00:00
EXP-005481,ACCT-000315,B0164,2039-06-06,0.0,2026-07-26T01:06:52+00:00
EXP-005482,ACCT-000045,B0164,2039-06-06,0.0,2026-07-26T01:06:52+00:00
EXP-005483,ACCT-000390,B0164,2039-06-06,0.0,2026-07-26T01:06:52+00:00
EXP-005484,ACCT-000541,B0164,2039-06-06,0.0,2026-07-26T01:06:52+00:00
EXP-005485,ACCT-000379,B0164,2039-06-06,0.0,2026-07-26T01:06:52+00:00
EXP-005486,ACCT-000527,B0164,2039-06-06,0.0,2026-07-26T01:06:52+00:00
EXP-005487,ACCT-000575,B0164,2039-06-06,0.0,2026-07-26T01:06:52+00:00
EXP-005488,ACCT-000001,B0164,2039-06-06,0.0,2026-07-26T01:06:52+00:00
EXP-005489,ACCT-000474,B0164,2039-06-06,0.0,2026-07-26T01:06:52+00:00
EXP-005490,ACCT-000385,B0164,2039-06-06,0.0,2026-07-26T01:06:52+00:00
EXP-005491,ACCT-000015,B0164,2039-06-06,0.0,2026-07-26T01:06:52+00:00
EXP-005492,ACCT-000557,B0164,2039-06-06,0.0,2026-07-26T01:06:52+00:00
EXP-005493,ACCT-000114,B0164,2039-06-06,0.0,2026-07-26T01:06:52+00:00
EXP-005494,ACCT-000009,B0164,2039-06-06,41.11,2026-07-26T01:06:52+00:00
EXP-005495,ACCT-000268,B0164,2039-06-06,0.0,2026-07-26T01:06:52+00:00
EXP-005496,ACCT-000272,B0164,2039-06-06,0.0,2026-07-26T01:06:52+00:00
EXP-005497,ACCT-000396,B0164,2039-06-06,0.0,2026-07-26T01:06:52+00:00
EXP-005498,ACCT-000604,B0164,2039-06-06,0.0,2026-07-26T01:06:52+00:00
EXP-005499,ACCT-000605,B0164,2039-06-06,0.0,2026-07-26T01:06:52+00:00
EXP-005500,ACCT-000606,B0164,2039-06-06,0.0,2026-07-26T01:06:52+00:00
EXP-005501,ACCT-000348,B0165,2039-07-06,0.0,2026-07-26T04:53:01+00:00
EXP-005502,ACCT-000010,B0165,2039-07-06,0.0,2026-07-26T04:53:01+00:00
EXP-005503,ACCT-000366,B0165,2039-07-06,0.0,2026-07-26T04:53:01+00:00
EXP-005504,ACCT-000354,B0165,2039-07-06,0.0,2026-07-26T04:53:01+00:00
EXP-005505,ACCT-000386,B0165,2039-07-06,0.0,2026-07-26T04:53:01+00:00
EXP-005506,ACCT-000145,B0165,2039-07-06,0.0,2026-07-26T04:53:01+00:00
EXP-005507,ACCT-000484,B0165,2039-07-06,0.0,2026-07-26T04:53:01+00:00
EXP-005508,ACCT-000158,B0165,2039-07-06,0.0,2026-07-26T04:53:01+00:00
EXP-005509,ACCT-000414,B0165,2039-07-06,0.0,2026-07-26T04:53:01+00:00
EXP-005510,ACCT-000576,B0165,2039-07-06,0.0,2026-07-26T04:53:01+00:00
EXP-005511,ACCT-000331,B0165,2039-07-06,0.0,2026-07-26T04:53:01+00:00
EXP-005512,ACCT-000356,B0165,2039-07-06,0.0,2026-07-26T04:53:01+00:00
EXP-005513,ACCT-000585,B0165,2039-07-06,0.0,2026-07-26T04:53:01+00:00
EXP-005514,ACCT-000603,B0165,2039-07-06,0.0,2026-07-26T04:53:01+00:00
EXP-005515,ACCT-000541,B0165,2039-07-06,0.0,2026-07-26T04:53:01+00:00
EXP-005516,ACCT-000593,B0165,2039-07-06,0.0,2026-07-26T04:53:01+00:00
EXP-005517,ACCT-000476,B0165,2039-07-06,0.0,2026-07-26T04:53:01+00:00
EXP-005518,ACCT-000406,B0165,2039-07-06,0.0,2026-07-26T04:53:01+00:00
EXP-005519,ACCT-000505,B0165,2039-07-06,13.2,2026-07-26T04:53:01+00:00
EXP-005520,ACCT-000315,B0165,2039-07-06,0.0,2026-07-26T04:53:01+00:00
EXP-005521,ACCT-000599,B0165,2039-07-06,0.0,2026-07-26T04:53:01+00:00
EXP-005522,ACCT-000003,B0165,2039-07-06,22.42,2026-07-26T04:53:01+00:00
EXP-005523,ACCT-000477,B0165,2039-07-06,0.0,2026-07-26T04:53:01+00:00
EXP-005524,ACCT-000060,B0165,2039-07-06,0.0,2026-07-26T04:53:01+00:00
EXP-005525,ACCT-000395,B0165,2039-07-06,0.0,2026-07-26T04:53:01+00:00
EXP-005526,ACCT-000029,B0165,2039-07-06,0.0,2026-07-26T04:53:01+00:00
EXP-005527,ACCT-000274,B0165,2039-07-06,0.0,2026-07-26T04:53:01+00:00
EXP-005528,ACCT-000232,B0165,2039-07-06,0.0,2026-07-26T04:53:01+00:00
EXP-005529,ACCT-000213,B0165,2039-07-06,0.0,2026-07-26T04:53:01+00:00
EXP-005530,ACCT-000514,B0165,2039-07-06,0.0,2026-07-26T04:53:01+00:00
EXP-005531,ACCT-000555,B0165,2039-07-06,0.0,2026-07-26T04:53:01+00:00
EXP-005532,ACCT-000328,B0165,2039-07-06,-9.93,2026-07-26T04:53:01+00:00
EXP-005533,ACCT-000474,B0165,2039-07-06,0.0,2026-07-26T04:53:01+00:00
EXP-005534,ACCT-000363,B0165,2039-07-06,0.0,2026-07-26T04:53:01+00:00
EXP-005535,ACCT-000252,B0165,2039-07-06,0.0,2026-07-26T04:53:01+00:00
EXP-005536,ACCT-000607,B0165,2039-07-06,0.0,2026-07-26T04:53:01+00:00
EXP-005537,ACCT-000608,B0165,2039-07-06,0.0,2026-07-26T04:53:01+00:00
EXP-005538,ACCT-000609,B0165,2039-07-06,0.0,2026-07-26T04:53:01+00:00
EXP-005539,ACCT-000610,B0165,2039-07-06,0.0,2026-07-26T04:53:01+00:00
EXP-005540,ACCT-000083,B0166,2039-08-05,0.0,2026-07-26T07:31:56+00:00
EXP-005541,ACCT-000085,B0166,2039-08-05,-9.39,2026-07-26T07:31:56+00:00
EXP-005542,ACCT-000564,B0166,2039-08-05,0.0,2026-07-26T07:31:56+00:00
EXP-005543,ACCT-000581,B0166,2039-08-05,0.0,2026-07-26T07:31:56+00:00
EXP-005544,ACCT-000462,B0166,2039-08-05,0.0,2026-07-26T07:31:56+00:00
EXP-005545,ACCT-000322,B0166,2039-08-05,0.0,2026-07-26T07:31:56+00:00
EXP-005546,ACCT-000346,B0166,2039-08-05,0.0,2026-07-26T07:31:56+00:00
EXP-005547,ACCT-000368,B0166,2039-08-05,0.0,2026-07-26T07:31:56+00:00
EXP-005548,ACCT-000196,B0166,2039-08-05,0.0,2026-07-26T07:31:56+00:00
EXP-005549,ACCT-000312,B0166,2039-08-05,-12.13,2026-07-26T07:31:56+00:00
EXP-005550,ACCT-000415,B0166,2039-08-05,0.0,2026-07-26T07:31:56+00:00
EXP-005551,ACCT-000561,B0166,2039-08-05,0.0,2026-07-26T07:31:56+00:00
EXP-005552,ACCT-000247,B0166,2039-08-05,0.0,2026-07-26T07:31:56+00:00
EXP-005553,ACCT-000235,B0166,2039-08-05,0.0,2026-07-26T07:31:56+00:00
EXP-005554,ACCT-000192,B0166,2039-08-05,0.0,2026-07-26T07:31:56+00:00
EXP-005555,ACCT-000376,B0166,2039-08-05,0.0,2026-07-26T07:31:56+00:00
EXP-005556,ACCT-000082,B0166,2039-08-05,0.0,2026-07-26T07:31:56+00:00
EXP-005557,ACCT-000205,B0166,2039-08-05,0.0,2026-07-26T07:31:56+00:00
EXP-005558,ACCT-000543,B0166,2039-08-05,0.0,2026-07-26T07:31:56+00:00
EXP-005559,ACCT-000267,B0166,2039-08-05,0.0,2026-07-26T07:31:56+00:00
EXP-005560,ACCT-000241,B0166,2039-08-05,0.0,2026-07-26T07:31:56+00:00
EXP-005561,ACCT-000143,B0166,2039-08-05,0.0,2026-07-26T07:31:56+00:00
EXP-005562,ACCT-000492,B0166,2039-08-05,0.0,2026-07-26T07:31:56+00:00
EXP-005563,ACCT-000344,B0166,2039-08-05,0.0,2026-07-26T07:31:56+00:00
EXP-005564,ACCT-000063,B0166,2039-08-05,0.0,2026-07-26T07:31:56+00:00
EXP-005565,ACCT-000495,B0166,2039-08-05,0.0,2026-07-26T07:31:56+00:00
EXP-005566,ACCT-000481,B0166,2039-08-05,-1.0,2026-07-26T07:31:56+00:00
EXP-005567,ACCT-000611,B0166,2039-08-05,0.0,2026-07-26T07:31:56+00:00
EXP-005568,ACCT-000612,B0166,2039-08-05,0.0,2026-07-26T07:31:56+00:00
EXP-005569,ACCT-000012,B0167,2039-09-04,0.0,2026-07-26T09:52:17+00:00
EXP-005570,ACCT-000021,B0167,2039-09-04,0.0,2026-07-26T09:52:17+00:00
EXP-005571,ACCT-000501,B0167,2039-09-04,0.0,2026-07-26T09:52:17+00:00
EXP-005572,ACCT-000565,B0167,2039-09-04,0.0,2026-07-26T09:52:17+00:00
EXP-005573,ACCT-000589,B0167,2039-09-04,0.0,2026-07-26T09:52:17+00:00
EXP-005574,ACCT-000220,B0167,2039-09-04,0.0,2026-07-26T09:52:17+00:00
EXP-005575,ACCT-000198,B0167,2039-09-04,0.0,2026-07-26T09:52:17+00:00
EXP-005576,ACCT-000563,B0167,2039-09-04,0.0,2026-07-26T09:52:17+00:00
EXP-005577,ACCT-000398,B0167,2039-09-04,0.0,2026-07-26T09:52:17+00:00
EXP-005578,ACCT-000056,B0167,2039-09-04,0.0,2026-07-26T09:52:17+00:00
EXP-005579,ACCT-000008,B0167,2039-09-04,0.0,2026-07-26T09:52:17+00:00
EXP-005580,ACCT-000298,B0167,2039-09-04,0.0,2026-07-26T09:52:17+00:00
EXP-005581,ACCT-000160,B0167,2039-09-04,0.0,2026-07-26T09:52:17+00:00
EXP-005582,ACCT-000193,B0167,2039-09-04,0.0,2026-07-26T09:52:17+00:00
EXP-005583,ACCT-000330,B0167,2039-09-04,0.0,2026-07-26T09:52:17+00:00
EXP-005584,ACCT-000493,B0167,2039-09-04,0.0,2026-07-26T09:52:17+00:00
EXP-005585,ACCT-000424,B0167,2039-09-04,0.0,2026-07-26T09:52:17+00:00
EXP-005586,ACCT-000088,B0167,2039-09-04,-3.39,2026-07-26T09:52:17+00:00
EXP-005587,ACCT-000293,B0167,2039-09-04,0.0,2026-07-26T09:52:17+00:00
EXP-005588,ACCT-000218,B0167,2039-09-04,0.0,2026-07-26T09:52:17+00:00
EXP-005589,ACCT-000284,B0167,2039-09-04,0.0,2026-07-26T09:52:17+00:00
EXP-005590,ACCT-000480,B0167,2039-09-04,0.0,2026-07-26T09:52:17+00:00
EXP-005591,ACCT-000512,B0167,2039-09-04,0.0,2026-07-26T09:52:17+00:00
EXP-005592,ACCT-000264,B0167,2039-09-04,0.0,2026-07-26T09:52:17+00:00
EXP-005593,ACCT-000348,B0167,2039-09-04,-2.47,2026-07-26T09:52:17+00:00
EXP-005594,ACCT-000036,B0167,2039-09-04,0.0,2026-07-26T09:52:17+00:00
EXP-005595,ACCT-000190,B0167,2039-09-04,0.0,2026-07-26T09:52:17+00:00
EXP-005596,ACCT-000007,B0167,2039-09-04,0.0,2026-07-26T09:52:17+00:00
EXP-005597,ACCT-000613,B0167,2039-09-04,0.0,2026-07-26T09:52:17+00:00
EXP-005598,ACCT-000614,B0167,2039-09-04,4.86,2026-07-26T09:52:17+00:00
EXP-005599,ACCT-000615,B0167,2039-09-04,0.0,2026-07-26T09:52:17+00:00
EXP-005600,ACCT-000616,B0167,2039-09-04,0.0,2026-07-26T09:52:17+00:00
EXP-005601,ACCT-000098,B0168,2039-10-04,0.0,2026-07-26T11:14:47+00:00
EXP-005602,ACCT-000236,B0168,2039-10-04,0.0,2026-07-26T11:14:47+00:00
EXP-005603,ACCT-000060,B0168,2039-10-04,0.0,2026-07-26T11:14:47+00:00
EXP-005604,ACCT-000202,B0168,2039-10-04,0.0,2026-07-26T11:14:47+00:00
EXP-005605,ACCT-000563,B0168,2039-10-04,0.0,2026-07-26T11:14:47+00:00
EXP-005606,ACCT-000043,B0168,2039-10-04,0.0,2026-07-26T11:14:47+00:00
EXP-005607,ACCT-000499,B0168,2039-10-04,0.0,2026-07-26T11:14:47+00:00
EXP-005608,ACCT-000603,B0168,2039-10-04,0.0,2026-07-26T11:14:47+00:00
EXP-005609,ACCT-000200,B0168,2039-10-04,0.0,2026-07-26T11:14:47+00:00
EXP-005610,ACCT-000010,B0168,2039-10-04,0.0,2026-07-26T11:14:47+00:00
EXP-005611,ACCT-000145,B0168,2039-10-04,0.0,2026-07-26T11:14:47+00:00
EXP-005612,ACCT-000599,B0168,2039-10-04,0.0,2026-07-26T11:14:47+00:00
EXP-005613,ACCT-000532,B0168,2039-10-04,0.0,2026-07-26T11:14:47+00:00
EXP-005614,ACCT-000284,B0168,2039-10-04,14.05,2026-07-26T11:14:47+00:00
EXP-005615,ACCT-000545,B0168,2039-10-04,0.0,2026-07-26T11:14:47+00:00
EXP-005616,ACCT-000405,B0168,2039-10-04,0.0,2026-07-26T11:14:47+00:00
EXP-005617,ACCT-000146,B0168,2039-10-04,0.0,2026-07-26T11:14:47+00:00
EXP-005618,ACCT-000456,B0168,2039-10-04,0.0,2026-07-26T11:14:47+00:00
EXP-005619,ACCT-000153,B0168,2039-10-04,6.99,2026-07-26T11:14:47+00:00
EXP-005620,ACCT-000366,B0168,2039-10-04,0.0,2026-07-26T11:14:47+00:00
EXP-005621,ACCT-000095,B0168,2039-10-04,0.0,2026-07-26T11:14:47+00:00
EXP-005622,ACCT-000434,B0168,2039-10-04,0.0,2026-07-26T11:14:47+00:00
EXP-005623,ACCT-000108,B0168,2039-10-04,0.0,2026-07-26T11:14:47+00:00
EXP-005624,ACCT-000600,B0168,2039-10-04,0.0,2026-07-26T11:14:47+00:00
EXP-005625,ACCT-000386,B0168,2039-10-04,0.0,2026-07-26T11:14:47+00:00
EXP-005626,ACCT-000500,B0168,2039-10-04,0.0,2026-07-26T11:14:47+00:00
EXP-005627,ACCT-000501,B0168,2039-10-04,0.0,2026-07-26T11:14:47+00:00
EXP-005628,ACCT-000206,B0168,2039-10-04,29.75,2026-07-26T11:14:47+00:00
EXP-005629,ACCT-000402,B0168,2039-10-04,60.72,2026-07-26T11:14:47+00:00
EXP-005630,ACCT-000224,B0168,2039-10-04,0.0,2026-07-26T11:14:47+00:00
EXP-005631,ACCT-000152,B0168,2039-10-04,0.0,2026-07-26T11:14:47+00:00
EXP-005632,ACCT-000617,B0168,2039-10-04,0.0,2026-07-26T11:14:47+00:00
EXP-005633,ACCT-000618,B0168,2039-10-04,11.02,2026-07-26T11:14:47+00:00
EXP-005634,ACCT-000619,B0168,2039-10-04,0.0,2026-07-26T11:14:47+00:00
EXP-005635,ACCT-000415,B0169,2039-11-03,0.0,2026-07-26T12:36:38+00:00
EXP-005636,ACCT-000616,B0169,2039-11-03,0.0,2026-07-26T12:36:38+00:00
EXP-005637,ACCT-000166,B0169,2039-11-03,0.0,2026-07-26T12:36:38+00:00
EXP-005638,ACCT-000243,B0169,2039-11-03,0.0,2026-07-26T12:36:38+00:00
EXP-005639,ACCT-000372,B0169,2039-11-03,0.0,2026-07-26T12:36:38+00:00
EXP-005640,ACCT-000393,B0169,2039-11-03,0.0,2026-07-26T12:36:38+00:00
EXP-005641,ACCT-000267,B0169,2039-11-03,0.0,2026-07-26T12:36:38+00:00
EXP-005642,ACCT-000516,B0169,2039-11-03,58.16,2026-07-26T12:36:38+00:00
EXP-005643,ACCT-000215,B0169,2039-11-03,0.0,2026-07-26T12:36:38+00:00
EXP-005644,ACCT-000064,B0169,2039-11-03,0.0,2026-07-26T12:36:38+00:00
EXP-005645,ACCT-000498,B0169,2039-11-03,0.0,2026-07-26T12:36:38+00:00
EXP-005646,ACCT-000581,B0169,2039-11-03,0.0,2026-07-26T12:36:38+00:00
EXP-005647,ACCT-000549,B0169,2039-11-03,78.04,2026-07-26T12:36:38+00:00
EXP-005648,ACCT-000561,B0169,2039-11-03,0.0,2026-07-26T12:36:38+00:00
EXP-005649,ACCT-000424,B0169,2039-11-03,0.0,2026-07-26T12:36:38+00:00
EXP-005650,ACCT-000077,B0169,2039-11-03,0.0,2026-07-26T12:36:38+00:00
EXP-005651,ACCT-000010,B0169,2039-11-03,0.0,2026-07-26T12:36:38+00:00
EXP-005652,ACCT-000017,B0169,2039-11-03,0.0,2026-07-26T12:36:38+00:00
EXP-005653,ACCT-000337,B0169,2039-11-03,0.0,2026-07-26T12:36:38+00:00
EXP-005654,ACCT-000048,B0169,2039-11-03,0.0,2026-07-26T12:36:38+00:00
EXP-005655,ACCT-000369,B0169,2039-11-03,0.0,2026-07-26T12:36:38+00:00
EXP-005656,ACCT-000039,B0169,2039-11-03,27.87,2026-07-26T12:36:38+00:00
EXP-005657,ACCT-000577,B0169,2039-11-03,0.0,2026-07-26T12:36:38+00:00
EXP-005658,ACCT-000317,B0169,2039-11-03,0.0,2026-07-26T12:36:38+00:00
EXP-005659,ACCT-000420,B0169,2039-11-03,0.0,2026-07-26T12:36:38+00:00
EXP-005660,ACCT-000330,B0169,2039-11-03,0.0,2026-07-26T12:36:38+00:00
EXP-005661,ACCT-000019,B0169,2039-11-03,0.0,2026-07-26T12:36:38+00:00
EXP-005662,ACCT-000547,B0169,2039-11-03,0.0,2026-07-26T12:36:38+00:00
EXP-005663,ACCT-000093,B0169,2039-11-03,0.0,2026-07-26T12:36:38+00:00
EXP-005664,ACCT-000620,B0169,2039-11-03,0.0,2026-07-26T12:36:38+00:00
EXP-005665,ACCT-000621,B0169,2039-11-03,0.0,2026-07-26T12:36:38+00:00
EXP-005666,ACCT-000622,B0169,2039-11-03,3.9,2026-07-26T12:36:38+00:00
EXP-005667,ACCT-000431,B0170,2039-12-03,0.0,2026-07-26T14:25:16+00:00
EXP-005668,ACCT-000513,B0170,2039-12-03,0.0,2026-07-26T14:25:16+00:00
EXP-005669,ACCT-000427,B0170,2039-12-03,0.0,2026-07-26T14:25:16+00:00
EXP-005670,ACCT-000284,B0170,2039-12-03,0.0,2026-07-26T14:25:16+00:00
EXP-005671,ACCT-000208,B0170,2039-12-03,0.0,2026-07-26T14:25:16+00:00
EXP-005672,ACCT-000122,B0170,2039-12-03,14.47,2026-07-26T14:25:16+00:00
EXP-005673,ACCT-000221,B0170,2039-12-03,0.0,2026-07-26T14:25:16+00:00
EXP-005674,ACCT-000379,B0170,2039-12-03,30.17,2026-07-26T14:25:16+00:00
EXP-005675,ACCT-000606,B0170,2039-12-03,0.0,2026-07-26T14:25:16+00:00
EXP-005676,ACCT-000588,B0170,2039-12-03,0.0,2026-07-26T14:25:16+00:00
EXP-005677,ACCT-000147,B0170,2039-12-03,0.0,2026-07-26T14:25:16+00:00
EXP-005678,ACCT-000580,B0170,2039-12-03,0.0,2026-07-26T14:25:16+00:00
EXP-005679,ACCT-000452,B0170,2039-12-03,0.0,2026-07-26T14:25:16+00:00
EXP-005680,ACCT-000457,B0170,2039-12-03,0.0,2026-07-26T14:25:16+00:00
EXP-005681,ACCT-000509,B0170,2039-12-03,0.0,2026-07-26T14:25:16+00:00
EXP-005682,ACCT-000079,B0170,2039-12-03,0.0,2026-07-26T14:25:16+00:00
EXP-005683,ACCT-000421,B0170,2039-12-03,0.0,2026-07-26T14:25:16+00:00
EXP-005684,ACCT-000405,B0170,2039-12-03,0.0,2026-07-26T14:25:16+00:00
EXP-005685,ACCT-000255,B0170,2039-12-03,0.0,2026-07-26T14:25:16+00:00
EXP-005686,ACCT-000598,B0170,2039-12-03,-9.13,2026-07-26T14:25:16+00:00
EXP-005687,ACCT-000530,B0170,2039-12-03,0.0,2026-07-26T14:25:16+00:00
EXP-005688,ACCT-000470,B0170,2039-12-03,0.0,2026-07-26T14:25:16+00:00
EXP-005689,ACCT-000160,B0170,2039-12-03,0.0,2026-07-26T14:25:16+00:00
EXP-005690,ACCT-000447,B0170,2039-12-03,0.0,2026-07-26T14:25:16+00:00
EXP-005691,ACCT-000037,B0170,2039-12-03,0.0,2026-07-26T14:25:16+00:00
EXP-005692,ACCT-000343,B0170,2039-12-03,0.0,2026-07-26T14:25:16+00:00
EXP-005693,ACCT-000347,B0170,2039-12-03,0.0,2026-07-26T14:25:16+00:00
EXP-005694,ACCT-000202,B0170,2039-12-03,0.0,2026-07-26T14:25:16+00:00
EXP-005695,ACCT-000150,B0170,2039-12-03,0.0,2026-07-26T14:25:16+00:00
EXP-005696,ACCT-000395,B0170,2039-12-03,0.0,2026-07-26T14:25:16+00:00
EXP-005697,ACCT-000235,B0170,2039-12-03,0.0,2026-07-26T14:25:16+00:00
EXP-005698,ACCT-000303,B0170,2039-12-03,0.0,2026-07-26T14:25:16+00:00
EXP-005699,ACCT-000517,B0170,2039-12-03,0.0,2026-07-26T14:25:16+00:00
EXP-005700,ACCT-000623,B0170,2039-12-03,0.0,2026-07-26T14:25:16+00:00
EXP-005701,ACCT-000624,B0170,2039-12-03,0.0,2026-07-26T14:25:16+00:00
EXP-005702,ACCT-000625,B0170,2039-12-03,0.0,2026-07-26T14:25:16+00:00
EXP-005703,ACCT-000626,B0170,2039-12-03,0.0,2026-07-26T14:25:16+00:00
EXP-005704,ACCT-000268,B0171,2040-01-02,0.0,2026-07-26T15:36:59+00:00
EXP-005705,ACCT-000443,B0171,2040-01-02,0.0,2026-07-26T15:36:59+00:00
EXP-005706,ACCT-000246,B0171,2040-01-02,0.0,2026-07-26T15:36:59+00:00
EXP-005707,ACCT-000161,B0171,2040-01-02,0.0,2026-07-26T15:36:59+00:00
EXP-005708,ACCT-000414,B0171,2040-01-02,0.0,2026-07-26T15:36:59+00:00
EXP-005709,ACCT-000580,B0171,2040-01-02,0.0,2026-07-26T15:36:59+00:00
EXP-005710,ACCT-000536,B0171,2040-01-02,0.0,2026-07-26T15:36:59+00:00
EXP-005711,ACCT-000271,B0171,2040-01-02,0.0,2026-07-26T15:36:59+00:00
EXP-005712,ACCT-000195,B0171,2040-01-02,0.0,2026-07-26T15:36:59+00:00
EXP-005713,ACCT-000065,B0171,2040-01-02,0.0,2026-07-26T15:36:59+00:00
EXP-005714,ACCT-000397,B0171,2040-01-02,0.0,2026-07-26T15:36:59+00:00
EXP-005715,ACCT-000423,B0171,2040-01-02,3.75,2026-07-26T15:36:59+00:00
EXP-005716,ACCT-000042,B0171,2040-01-02,0.0,2026-07-26T15:36:59+00:00
EXP-005717,ACCT-000343,B0171,2040-01-02,0.0,2026-07-26T15:36:59+00:00
EXP-005718,ACCT-000452,B0171,2040-01-02,0.0,2026-07-26T15:36:59+00:00
EXP-005719,ACCT-000584,B0171,2040-01-02,0.0,2026-07-26T15:36:59+00:00
EXP-005720,ACCT-000162,B0171,2040-01-02,0.0,2026-07-26T15:36:59+00:00
EXP-005721,ACCT-000326,B0171,2040-01-02,0.0,2026-07-26T15:36:59+00:00
EXP-005722,ACCT-000448,B0171,2040-01-02,0.0,2026-07-26T15:36:59+00:00
EXP-005723,ACCT-000058,B0171,2040-01-02,0.0,2026-07-26T15:36:59+00:00
EXP-005724,ACCT-000182,B0171,2040-01-02,0.0,2026-07-26T15:36:59+00:00
EXP-005725,ACCT-000553,B0171,2040-01-02,1.78,2026-07-26T15:36:59+00:00
EXP-005726,ACCT-000157,B0171,2040-01-02,0.0,2026-07-26T15:36:59+00:00
EXP-005727,ACCT-000255,B0171,2040-01-02,0.0,2026-07-26T15:36:59+00:00
EXP-005728,ACCT-000557,B0171,2040-01-02,0.0,2026-07-26T15:36:59+00:00
EXP-005729,ACCT-000085,B0171,2040-01-02,0.0,2026-07-26T15:36:59+00:00
EXP-005730,ACCT-000385,B0171,2040-01-02,0.0,2026-07-26T15:36:59+00:00
EXP-005731,ACCT-000166,B0171,2040-01-02,0.0,2026-07-26T15:36:59+00:00
EXP-005732,ACCT-000090,B0171,2040-01-02,0.0,2026-07-26T15:36:59+00:00
EXP-005733,ACCT-000551,B0171,2040-01-02,0.0,2026-07-26T15:36:59+00:00
EXP-005734,ACCT-000171,B0171,2040-01-02,0.0,2026-07-26T15:36:59+00:00
EXP-005735,ACCT-000613,B0171,2040-01-02,0.0,2026-07-26T15:36:59+00:00
EXP-005736,ACCT-000627,B0171,2040-01-02,0.0,2026-07-26T15:36:59+00:00
EXP-005737,ACCT-000628,B0171,2040-01-02,0.0,2026-07-26T15:36:59+00:00
EXP-005738,ACCT-000629,B0171,2040-01-02,0.0,2026-07-26T15:36:59+00:00
EXP-005739,ACCT-000630,B0171,2040-01-02,77.02,2026-07-26T15:36:59+00:00
EXP-005740,ACCT-000218,B0172,2040-02-01,0.0,2026-07-26T16:51:27+00:00
EXP-005741,ACCT-000377,B0172,2040-02-01,0.0,2026-07-26T16:51:27+00:00
EXP-005742,ACCT-000077,B0172,2040-02-01,0.0,2026-07-26T16:51:27+00:00
EXP-005743,ACCT-000028,B0172,2040-02-01,0.0,2026-07-26T16:51:27+00:00
EXP-005744,ACCT-000554,B0172,2040-02-01,0.0,2026-07-26T16:51:27+00:00
EXP-005745,ACCT-000322,B0172,2040-02-01,0.0,2026-07-26T16:51:27+00:00
EXP-005746,ACCT-000589,B0172,2040-02-01,0.0,2026-07-26T16:51:27+00:00
EXP-005747,ACCT-000319,B0172,2040-02-01,0.0,2026-07-26T16:51:27+00:00
EXP-005748,ACCT-000343,B0172,2040-02-01,0.0,2026-07-26T16:51:27+00:00
EXP-005749,ACCT-000234,B0172,2040-02-01,0.0,2026-07-26T16:51:27+00:00
EXP-005750,ACCT-000407,B0172,2040-02-01,0.0,2026-07-26T16:51:27+00:00
EXP-005751,ACCT-000543,B0172,2040-02-01,0.0,2026-07-26T16:51:27+00:00
EXP-005752,ACCT-000447,B0172,2040-02-01,0.0,2026-07-26T16:51:27+00:00
EXP-005753,ACCT-000080,B0172,2040-02-01,0.0,2026-07-26T16:51:27+00:00
EXP-005754,ACCT-000555,B0172,2040-02-01,0.0,2026-07-26T16:51:27+00:00
EXP-005755,ACCT-000302,B0172,2040-02-01,0.0,2026-07-26T16:51:27+00:00
EXP-005756,ACCT-000590,B0172,2040-02-01,0.0,2026-07-26T16:51:27+00:00
EXP-005757,ACCT-000553,B0172,2040-02-01,0.0,2026-07-26T16:51:27+00:00
EXP-005758,ACCT-000618,B0172,2040-02-01,40.72,2026-07-26T16:51:27+00:00
EXP-005759,ACCT-000076,B0172,2040-02-01,0.0,2026-07-26T16:51:27+00:00
EXP-005760,ACCT-000346,B0172,2040-02-01,0.0,2026-07-26T16:51:27+00:00
EXP-005761,ACCT-000490,B0172,2040-02-01,0.0,2026-07-26T16:51:27+00:00
EXP-005762,ACCT-000609,B0172,2040-02-01,0.0,2026-07-26T16:51:27+00:00
EXP-005763,ACCT-000448,B0172,2040-02-01,0.0,2026-07-26T16:51:27+00:00
EXP-005764,ACCT-000151,B0172,2040-02-01,0.0,2026-07-26T16:51:27+00:00
EXP-005765,ACCT-000278,B0172,2040-02-01,0.0,2026-07-26T16:51:27+00:00
EXP-005766,ACCT-000069,B0172,2040-02-01,0.0,2026-07-26T16:51:27+00:00
EXP-005767,ACCT-000456,B0172,2040-02-01,0.0,2026-07-26T16:51:27+00:00
EXP-005768,ACCT-000132,B0172,2040-02-01,0.0,2026-07-26T16:51:27+00:00
EXP-005769,ACCT-000475,B0172,2040-02-01,0.0,2026-07-26T16:51:27+00:00
EXP-005770,ACCT-000631,B0172,2040-02-01,0.0,2026-07-26T16:51:27+00:00
EXP-005771,ACCT-000632,B0172,2040-02-01,0.0,2026-07-26T16:51:27+00:00
EXP-005772,ACCT-000633,B0172,2040-02-01,0.0,2026-07-26T16:51:27+00:00
EXP-005773,ACCT-000634,B0172,2040-02-01,0.0,2026-07-26T16:51:27+00:00
EXP-005774,ACCT-000316,B0173,2040-03-02,0.0,2026-07-26T17:56:11+00:00
EXP-005775,ACCT-000310,B0173,2040-03-02,0.0,2026-07-26T17:56:11+00:00
EXP-005776,ACCT-000617,B0173,2040-03-02,0.0,2026-07-26T17:56:11+00:00
EXP-005777,ACCT-000454,B0173,2040-03-02,0.0,2026-07-26T17:56:11+00:00
EXP-005778,ACCT-000025,B0173,2040-03-02,0.0,2026-07-26T17:56:11+00:00
EXP-005779,ACCT-000153,B0173,2040-03-02,0.0,2026-07-26T17:56:11+00:00
EXP-005780,ACCT-000612,B0173,2040-03-02,0.0,2026-07-26T17:56:11+00:00
EXP-005781,ACCT-000161,B0173,2040-03-02,0.0,2026-07-26T17:56:11+00:00
EXP-005782,ACCT-000160,B0173,2040-03-02,6.94,2026-07-26T17:56:11+00:00
EXP-005783,ACCT-000023,B0173,2040-03-02,0.0,2026-07-26T17:56:11+00:00
EXP-005784,ACCT-000395,B0173,2040-03-02,0.0,2026-07-26T17:56:11+00:00
EXP-005785,ACCT-000204,B0173,2040-03-02,0.0,2026-07-26T17:56:11+00:00
EXP-005786,ACCT-000287,B0173,2040-03-02,0.0,2026-07-26T17:56:11+00:00
EXP-005787,ACCT-000221,B0173,2040-03-02,0.0,2026-07-26T17:56:11+00:00
EXP-005788,ACCT-000290,B0173,2040-03-02,0.0,2026-07-26T17:56:11+00:00
EXP-005789,ACCT-000608,B0173,2040-03-02,0.0,2026-07-26T17:56:11+00:00
EXP-005790,ACCT-000338,B0173,2040-03-02,0.0,2026-07-26T17:56:11+00:00
EXP-005791,ACCT-000331,B0173,2040-03-02,0.0,2026-07-26T17:56:11+00:00
EXP-005792,ACCT-000466,B0173,2040-03-02,0.0,2026-07-26T17:56:11+00:00
EXP-005793,ACCT-000283,B0173,2040-03-02,0.0,2026-07-26T17:56:11+00:00
EXP-005794,ACCT-000537,B0173,2040-03-02,0.0,2026-07-26T17:56:11+00:00
EXP-005795,ACCT-000462,B0173,2040-03-02,0.0,2026-07-26T17:56:11+00:00
EXP-005796,ACCT-000363,B0173,2040-03-02,31.28,2026-07-26T17:56:11+00:00
EXP-005797,ACCT-000491,B0173,2040-03-02,0.0,2026-07-26T17:56:11+00:00
EXP-005798,ACCT-000410,B0173,2040-03-02,0.0,2026-07-26T17:56:11+00:00
EXP-005799,ACCT-000268,B0173,2040-03-02,0.0,2026-07-26T17:56:11+00:00
EXP-005800,ACCT-000581,B0173,2040-03-02,0.0,2026-07-26T17:56:11+00:00
EXP-005801,ACCT-000553,B0173,2040-03-02,0.0,2026-07-26T17:56:11+00:00
EXP-005802,ACCT-000635,B0173,2040-03-02,0.0,2026-07-26T17:56:11+00:00
EXP-005803,ACCT-000636,B0173,2040-03-02,0.0,2026-07-26T17:56:11+00:00
EXP-005804,ACCT-000637,B0173,2040-03-02,0.0,2026-07-26T17:56:11+00:00
EXP-005805,ACCT-000429,B0174,2040-04-01,0.0,2026-07-26T19:01:49+00:00
EXP-005806,ACCT-000077,B0174,2040-04-01,0.0,2026-07-26T19:01:49+00:00
EXP-005807,ACCT-000017,B0174,2040-04-01,0.0,2026-07-26T19:01:49+00:00
EXP-005808,ACCT-000228,B0174,2040-04-01,0.0,2026-07-26T19:01:49+00:00
EXP-005809,ACCT-000435,B0174,2040-04-01,0.0,2026-07-26T19:01:49+00:00
EXP-005810,ACCT-000565,B0174,2040-04-01,0.0,2026-07-26T19:01:49+00:00
EXP-005811,ACCT-000259,B0174,2040-04-01,0.0,2026-07-26T19:01:49+00:00
EXP-005812,ACCT-000342,B0174,2040-04-01,0.0,2026-07-26T19:01:49+00:00
EXP-005813,ACCT-000089,B0174,2040-04-01,0.0,2026-07-26T19:01:49+00:00
EXP-005814,ACCT-000397,B0174,2040-04-01,0.0,2026-07-26T19:01:49+00:00
EXP-005815,ACCT-000226,B0174,2040-04-01,0.0,2026-07-26T19:01:49+00:00
EXP-005816,ACCT-000126,B0174,2040-04-01,0.0,2026-07-26T19:01:49+00:00
EXP-005817,ACCT-000625,B0174,2040-04-01,0.0,2026-07-26T19:01:49+00:00
EXP-005818,ACCT-000616,B0174,2040-04-01,0.0,2026-07-26T19:01:49+00:00
EXP-005819,ACCT-000168,B0174,2040-04-01,0.0,2026-07-26T19:01:49+00:00
EXP-005820,ACCT-000573,B0174,2040-04-01,-11.57,2026-07-26T19:01:49+00:00
EXP-005821,ACCT-000206,B0174,2040-04-01,0.0,2026-07-26T19:01:49+00:00
EXP-005822,ACCT-000325,B0174,2040-04-01,0.0,2026-07-26T19:01:49+00:00
EXP-005823,ACCT-000490,B0174,2040-04-01,0.0,2026-07-26T19:01:49+00:00
EXP-005824,ACCT-000295,B0174,2040-04-01,0.0,2026-07-26T19:01:49+00:00
EXP-005825,ACCT-000578,B0174,2040-04-01,0.0,2026-07-26T19:01:49+00:00
EXP-005826,ACCT-000219,B0174,2040-04-01,0.0,2026-07-26T19:01:49+00:00
EXP-005827,ACCT-000341,B0174,2040-04-01,0.0,2026-07-26T19:01:49+00:00
EXP-005828,ACCT-000567,B0174,2040-04-01,0.0,2026-07-26T19:01:49+00:00
EXP-005829,ACCT-000564,B0174,2040-04-01,0.0,2026-07-26T19:01:49+00:00
EXP-005830,ACCT-000422,B0174,2040-04-01,0.0,2026-07-26T19:01:49+00:00
EXP-005831,ACCT-000224,B0174,2040-04-01,0.0,2026-07-26T19:01:49+00:00
EXP-005832,ACCT-000011,B0174,2040-04-01,0.0,2026-07-26T19:01:49+00:00
EXP-005833,ACCT-000339,B0174,2040-04-01,1.04,2026-07-26T19:01:49+00:00
EXP-005834,ACCT-000208,B0174,2040-04-01,0.0,2026-07-26T19:01:49+00:00
EXP-005835,ACCT-000638,B0174,2040-04-01,0.0,2026-07-26T19:01:49+00:00
EXP-005836,ACCT-000639,B0174,2040-04-01,0.0,2026-07-26T19:01:49+00:00
EXP-005837,ACCT-000640,B0174,2040-04-01,0.0,2026-07-26T19:01:49+00:00
EXP-005838,ACCT-000136,B0175,2040-05-01,0.0,2026-07-26T20:29:08+00:00
EXP-005839,ACCT-000003,B0175,2040-05-01,0.0,2026-07-26T20:29:08+00:00
EXP-005840,ACCT-000598,B0175,2040-05-01,0.0,2026-07-26T20:29:08+00:00
EXP-005841,ACCT-000546,B0175,2040-05-01,0.0,2026-07-26T20:29:08+00:00
EXP-005842,ACCT-000279,B0175,2040-05-01,0.0,2026-07-26T20:29:08+00:00
EXP-005843,ACCT-000622,B0175,2040-05-01,0.0,2026-07-26T20:29:08+00:00
EXP-005844,ACCT-000242,B0175,2040-05-01,0.0,2026-07-26T20:29:08+00:00
EXP-005845,ACCT-000069,B0175,2040-05-01,0.0,2026-07-26T20:29:08+00:00
EXP-005846,ACCT-000297,B0175,2040-05-01,0.0,2026-07-26T20:29:08+00:00
EXP-005847,ACCT-000282,B0175,2040-05-01,0.0,2026-07-26T20:29:08+00:00
EXP-005848,ACCT-000153,B0175,2040-05-01,5.95,2026-07-26T20:29:08+00:00
EXP-005849,ACCT-000572,B0175,2040-05-01,14.36,2026-07-26T20:29:08+00:00
EXP-005850,ACCT-000344,B0175,2040-05-01,0.0,2026-07-26T20:29:08+00:00
EXP-005851,ACCT-000078,B0175,2040-05-01,0.0,2026-07-26T20:29:08+00:00
EXP-005852,ACCT-000354,B0175,2040-05-01,0.0,2026-07-26T20:29:08+00:00
EXP-005853,ACCT-000321,B0175,2040-05-01,0.0,2026-07-26T20:29:08+00:00
EXP-005854,ACCT-000189,B0175,2040-05-01,0.0,2026-07-26T20:29:08+00:00
EXP-005855,ACCT-000346,B0175,2040-05-01,0.0,2026-07-26T20:29:08+00:00
EXP-005856,ACCT-000071,B0175,2040-05-01,0.0,2026-07-26T20:29:08+00:00
EXP-005857,ACCT-000404,B0175,2040-05-01,0.0,2026-07-26T20:29:08+00:00
EXP-005858,ACCT-000341,B0175,2040-05-01,0.0,2026-07-26T20:29:08+00:00
EXP-005859,ACCT-000131,B0175,2040-05-01,0.0,2026-07-26T20:29:08+00:00
EXP-005860,ACCT-000212,B0175,2040-05-01,0.0,2026-07-26T20:29:08+00:00
EXP-005861,ACCT-000301,B0175,2040-05-01,0.0,2026-07-26T20:29:08+00:00
EXP-005862,ACCT-000574,B0175,2040-05-01,0.0,2026-07-26T20:29:08+00:00
EXP-005863,ACCT-000039,B0175,2040-05-01,0.0,2026-07-26T20:29:08+00:00
EXP-005864,ACCT-000453,B0175,2040-05-01,0.0,2026-07-26T20:29:08+00:00
EXP-005865,ACCT-000322,B0175,2040-05-01,0.0,2026-07-26T20:29:08+00:00
EXP-005866,ACCT-000052,B0175,2040-05-01,0.0,2026-07-26T20:29:08+00:00
EXP-005867,ACCT-000641,B0175,2040-05-01,0.0,2026-07-26T20:29:08+00:00
EXP-005868,ACCT-000642,B0175,2040-05-01,0.0,2026-07-26T20:29:08+00:00
EXP-005869,ACCT-000643,B0175,2040-05-01,0.0,2026-07-26T20:29:08+00:00
EXP-005870,ACCT-000644,B0175,2040-05-01,0.0,2026-07-26T20:29:08+00:00
EXP-005871,ACCT-000565,B0176,2040-05-31,0.0,2026-07-26T21:26:49+00:00
EXP-005872,ACCT-000035,B0176,2040-05-31,0.0,2026-07-26T21:26:49+00:00
EXP-005873,ACCT-000149,B0176,2040-05-31,0.0,2026-07-26T21:26:49+00:00
EXP-005874,ACCT-000480,B0176,2040-05-31,0.0,2026-07-26T21:26:49+00:00
EXP-005875,ACCT-000643,B0176,2040-05-31,0.0,2026-07-26T21:26:49+00:00
EXP-005876,ACCT-000054,B0176,2040-05-31,0.0,2026-07-26T21:26:49+00:00
EXP-005877,ACCT-000154,B0176,2040-05-31,0.0,2026-07-26T21:26:49+00:00
EXP-005878,ACCT-000084,B0176,2040-05-31,0.0,2026-07-26T21:26:49+00:00
EXP-005879,ACCT-000273,B0176,2040-05-31,0.0,2026-07-26T21:26:49+00:00
EXP-005880,ACCT-000463,B0176,2040-05-31,0.0,2026-07-26T21:26:49+00:00
EXP-005881,ACCT-000407,B0176,2040-05-31,0.0,2026-07-26T21:26:49+00:00
EXP-005882,ACCT-000589,B0176,2040-05-31,0.0,2026-07-26T21:26:49+00:00
EXP-005883,ACCT-000491,B0176,2040-05-31,0.0,2026-07-26T21:26:49+00:00
EXP-005884,ACCT-000520,B0176,2040-05-31,0.0,2026-07-26T21:26:49+00:00
EXP-005885,ACCT-000148,B0176,2040-05-31,0.0,2026-07-26T21:26:49+00:00
EXP-005886,ACCT-000618,B0176,2040-05-31,0.0,2026-07-26T21:26:49+00:00
EXP-005887,ACCT-000366,B0176,2040-05-31,0.0,2026-07-26T21:26:49+00:00
EXP-005888,ACCT-000139,B0176,2040-05-31,0.0,2026-07-26T21:26:49+00:00
EXP-005889,ACCT-000083,B0176,2040-05-31,72.27,2026-07-26T21:26:49+00:00
EXP-005890,ACCT-000243,B0176,2040-05-31,0.0,2026-07-26T21:26:49+00:00
EXP-005891,ACCT-000531,B0176,2040-05-31,-14.42,2026-07-26T21:26:49+00:00
EXP-005892,ACCT-000147,B0176,2040-05-31,0.0,2026-07-26T21:26:49+00:00
EXP-005893,ACCT-000620,B0176,2040-05-31,0.0,2026-07-26T21:26:49+00:00
EXP-005894,ACCT-000261,B0176,2040-05-31,0.0,2026-07-26T21:26:49+00:00
EXP-005895,ACCT-000087,B0176,2040-05-31,0.0,2026-07-26T21:26:49+00:00
EXP-005896,ACCT-000360,B0176,2040-05-31,0.0,2026-07-26T21:26:49+00:00
EXP-005897,ACCT-000016,B0176,2040-05-31,0.0,2026-07-26T21:26:49+00:00
EXP-005898,ACCT-000313,B0176,2040-05-31,0.0,2026-07-26T21:26:49+00:00
EXP-005899,ACCT-000180,B0176,2040-05-31,0.0,2026-07-26T21:26:49+00:00
EXP-005900,ACCT-000563,B0176,2040-05-31,0.0,2026-07-26T21:26:49+00:00
EXP-005901,ACCT-000178,B0176,2040-05-31,0.0,2026-07-26T21:26:49+00:00
EXP-005902,ACCT-000645,B0176,2040-05-31,0.0,2026-07-26T21:26:49+00:00
EXP-005903,ACCT-000646,B0176,2040-05-31,0.0,2026-07-26T21:26:49+00:00
EXP-005904,ACCT-000647,B0176,2040-05-31,0.0,2026-07-26T21:26:49+00:00
EXP-005905,ACCT-000648,B0176,2040-05-31,-2.56,2026-07-26T21:26:49+00:00
EXP-005906,ACCT-000014,B0177,2040-06-30,0.0,2026-07-26T22:28:44+00:00
EXP-005907,ACCT-000618,B0177,2040-06-30,0.0,2026-07-26T22:28:44+00:00
EXP-005908,ACCT-000497,B0177,2040-06-30,0.0,2026-07-26T22:28:44+00:00
EXP-005909,ACCT-000605,B0177,2040-06-30,0.0,2026-07-26T22:28:44+00:00
EXP-005910,ACCT-000243,B0177,2040-06-30,0.0,2026-07-26T22:28:44+00:00
EXP-005911,ACCT-000598,B0177,2040-06-30,0.0,2026-07-26T22:28:44+00:00
EXP-005912,ACCT-000075,B0177,2040-06-30,0.0,2026-07-26T22:28:44+00:00
EXP-005913,ACCT-000444,B0177,2040-06-30,-5.13,2026-07-26T22:28:44+00:00
EXP-005914,ACCT-000113,B0177,2040-06-30,0.0,2026-07-26T22:28:44+00:00
EXP-005915,ACCT-000421,B0177,2040-06-30,0.0,2026-07-26T22:28:44+00:00
EXP-005916,ACCT-000538,B0177,2040-06-30,0.0,2026-07-26T22:28:44+00:00
EXP-005917,ACCT-000506,B0177,2040-06-30,78.26,2026-07-26T22:28:44+00:00
EXP-005918,ACCT-000115,B0177,2040-06-30,0.0,2026-07-26T22:28:44+00:00
EXP-005919,ACCT-000409,B0177,2040-06-30,30.37,2026-07-26T22:28:44+00:00
EXP-005920,ACCT-000446,B0177,2040-06-30,0.0,2026-07-26T22:28:44+00:00
EXP-005921,ACCT-000219,B0177,2040-06-30,0.0,2026-07-26T22:28:44+00:00
EXP-005922,ACCT-000367,B0177,2040-06-30,0.0,2026-07-26T22:28:44+00:00
EXP-005923,ACCT-000494,B0177,2040-06-30,0.0,2026-07-26T22:28:44+00:00
EXP-005924,ACCT-000422,B0177,2040-06-30,0.0,2026-07-26T22:28:44+00:00
EXP-005925,ACCT-000186,B0177,2040-06-30,0.0,2026-07-26T22:28:44+00:00
EXP-005926,ACCT-000509,B0177,2040-06-30,0.0,2026-07-26T22:28:44+00:00
EXP-005927,ACCT-000532,B0177,2040-06-30,0.0,2026-07-26T22:28:44+00:00
EXP-005928,ACCT-000230,B0177,2040-06-30,0.0,2026-07-26T22:28:44+00:00
EXP-005929,ACCT-000441,B0177,2040-06-30,0.0,2026-07-26T22:28:44+00:00
EXP-005930,ACCT-000510,B0177,2040-06-30,0.0,2026-07-26T22:28:44+00:00
EXP-005931,ACCT-000382,B0177,2040-06-30,0.0,2026-07-26T22:28:44+00:00
EXP-005932,ACCT-000077,B0177,2040-06-30,0.0,2026-07-26T22:28:44+00:00
EXP-005933,ACCT-000355,B0177,2040-06-30,0.0,2026-07-26T22:28:44+00:00
EXP-005934,ACCT-000089,B0177,2040-06-30,0.0,2026-07-26T22:28:44+00:00
EXP-005935,ACCT-000577,B0177,2040-06-30,0.0,2026-07-26T22:28:44+00:00
EXP-005936,ACCT-000408,B0177,2040-06-30,1.76,2026-07-26T22:28:44+00:00
EXP-005937,ACCT-000354,B0177,2040-06-30,0.0,2026-07-26T22:28:44+00:00
EXP-005938,ACCT-000571,B0177,2040-06-30,0.0,2026-07-26T22:28:44+00:00
EXP-005939,ACCT-000513,B0177,2040-06-30,3.28,2026-07-26T22:28:44+00:00
EXP-005940,ACCT-000649,B0177,2040-06-30,0.0,2026-07-26T22:28:44+00:00
EXP-005941,ACCT-000650,B0177,2040-06-30,0.0,2026-07-26T22:28:44+00:00
EXP-005942,ACCT-000427,B0178,2040-07-30,0.0,2026-07-26T23:29:39+00:00
EXP-005943,ACCT-000294,B0178,2040-07-30,0.0,2026-07-26T23:29:39+00:00
EXP-005944,ACCT-000216,B0178,2040-07-30,0.0,2026-07-26T23:29:39+00:00
EXP-005945,ACCT-000525,B0178,2040-07-30,0.0,2026-07-26T23:29:39+00:00
EXP-005946,ACCT-000597,B0178,2040-07-30,0.0,2026-07-26T23:29:39+00:00
EXP-005947,ACCT-000500,B0178,2040-07-30,0.0,2026-07-26T23:29:39+00:00
EXP-005948,ACCT-000297,B0178,2040-07-30,0.0,2026-07-26T23:29:39+00:00
EXP-005949,ACCT-000259,B0178,2040-07-30,0.0,2026-07-26T23:29:39+00:00
EXP-005950,ACCT-000502,B0178,2040-07-30,0.0,2026-07-26T23:29:39+00:00
EXP-005951,ACCT-000197,B0178,2040-07-30,0.0,2026-07-26T23:29:39+00:00
EXP-005952,ACCT-000567,B0178,2040-07-30,11.79,2026-07-26T23:29:39+00:00
EXP-005953,ACCT-000361,B0178,2040-07-30,0.0,2026-07-26T23:29:39+00:00
EXP-005954,ACCT-000092,B0178,2040-07-30,0.0,2026-07-26T23:29:39+00:00
EXP-005955,ACCT-000517,B0178,2040-07-30,0.0,2026-07-26T23:29:39+00:00
EXP-005956,ACCT-000538,B0178,2040-07-30,0.0,2026-07-26T23:29:39+00:00
EXP-005957,ACCT-000009,B0178,2040-07-30,0.0,2026-07-26T23:29:39+00:00
EXP-005958,ACCT-000533,B0178,2040-07-30,7.34,2026-07-26T23:29:39+00:00
EXP-005959,ACCT-000488,B0178,2040-07-30,0.0,2026-07-26T23:29:39+00:00
EXP-005960,ACCT-000061,B0178,2040-07-30,0.0,2026-07-26T23:29:39+00:00
EXP-005961,ACCT-000648,B0178,2040-07-30,0.0,2026-07-26T23:29:39+00:00
EXP-005962,ACCT-000249,B0178,2040-07-30,0.0,2026-07-26T23:29:39+00:00
EXP-005963,ACCT-000255,B0178,2040-07-30,0.0,2026-07-26T23:29:39+00:00
EXP-005964,ACCT-000101,B0178,2040-07-30,0.0,2026-07-26T23:29:39+00:00
EXP-005965,ACCT-000053,B0178,2040-07-30,0.0,2026-07-26T23:29:39+00:00
EXP-005966,ACCT-000545,B0178,2040-07-30,0.0,2026-07-26T23:29:39+00:00
EXP-005967,ACCT-000146,B0178,2040-07-30,0.0,2026-07-26T23:29:39+00:00
EXP-005968,ACCT-000321,B0178,2040-07-30,11.68,2026-07-26T23:29:39+00:00
EXP-005969,ACCT-000281,B0178,2040-07-30,0.0,2026-07-26T23:29:39+00:00
EXP-005970,ACCT-000592,B0178,2040-07-30,0.0,2026-07-26T23:29:39+00:00
EXP-005971,ACCT-000078,B0178,2040-07-30,0.0,2026-07-26T23:29:39+00:00
EXP-005972,ACCT-000651,B0178,2040-07-30,0.0,2026-07-26T23:29:39+00:00
EXP-005973,ACCT-000652,B0178,2040-07-30,0.0,2026-07-26T23:29:39+00:00
EXP-005974,ACCT-000653,B0178,2040-07-30,0.0,2026-07-26T23:29:39+00:00
EXP-005975,ACCT-000348,B0179,2040-08-29,0.0,2026-07-27T01:09:35+00:00
EXP-005976,ACCT-000103,B0179,2040-08-29,0.0,2026-07-27T01:09:35+00:00
EXP-005977,ACCT-000047,B0179,2040-08-29,0.0,2026-07-27T01:09:35+00:00
EXP-005978,ACCT-000510,B0179,2040-08-29,0.0,2026-07-27T01:09:35+00:00
EXP-005979,ACCT-000354,B0179,2040-08-29,0.0,2026-07-27T01:09:35+00:00
EXP-005980,ACCT-000429,B0179,2040-08-29,0.0,2026-07-27T01:09:35+00:00
EXP-005981,ACCT-000115,B0179,2040-08-29,0.0,2026-07-27T01:09:35+00:00
EXP-005982,ACCT-000597,B0179,2040-08-29,0.0,2026-07-27T01:09:35+00:00
EXP-005983,ACCT-000601,B0179,2040-08-29,0.0,2026-07-27T01:09:35+00:00
EXP-005984,ACCT-000125,B0179,2040-08-29,0.0,2026-07-27T01:09:35+00:00
EXP-005985,ACCT-000126,B0179,2040-08-29,0.0,2026-07-27T01:09:35+00:00
EXP-005986,ACCT-000542,B0179,2040-08-29,0.0,2026-07-27T01:09:35+00:00
EXP-005987,ACCT-000089,B0179,2040-08-29,0.0,2026-07-27T01:09:35+00:00
EXP-005988,ACCT-000467,B0179,2040-08-29,0.0,2026-07-27T01:09:35+00:00
EXP-005989,ACCT-000220,B0179,2040-08-29,0.0,2026-07-27T01:09:35+00:00
EXP-005990,ACCT-000614,B0179,2040-08-29,0.0,2026-07-27T01:09:35+00:00
EXP-005991,ACCT-000014,B0179,2040-08-29,0.0,2026-07-27T01:09:35+00:00
EXP-005992,ACCT-000216,B0179,2040-08-29,0.0,2026-07-27T01:09:35+00:00
EXP-005993,ACCT-000022,B0179,2040-08-29,0.0,2026-07-27T01:09:35+00:00
EXP-005994,ACCT-000083,B0179,2040-08-29,3.36,2026-07-27T01:09:35+00:00
EXP-005995,ACCT-000356,B0179,2040-08-29,0.0,2026-07-27T01:09:35+00:00
EXP-005996,ACCT-000525,B0179,2040-08-29,0.0,2026-07-27T01:09:35+00:00
EXP-005997,ACCT-000296,B0179,2040-08-29,0.0,2026-07-27T01:09:35+00:00
EXP-005998,ACCT-000610,B0179,2040-08-29,0.0,2026-07-27T01:09:35+00:00
EXP-005999,ACCT-000389,B0179,2040-08-29,0.0,2026-07-27T01:09:35+00:00
EXP-006000,ACCT-000466,B0179,2040-08-29,0.0,2026-07-27T01:09:35+00:00
EXP-006001,ACCT-000051,B0179,2040-08-29,0.0,2026-07-27T01:09:35+00:00
EXP-006002,ACCT-000076,B0179,2040-08-29,0.0,2026-07-27T01:09:35+00:00
EXP-006003,ACCT-000021,B0179,2040-08-29,0.0,2026-07-27T01:09:35+00:00
EXP-006004,ACCT-000519,B0179,2040-08-29,0.0,2026-07-27T01:09:35+00:00
EXP-006005,ACCT-000639,B0179,2040-08-29,0.0,2026-07-27T01:09:35+00:00
EXP-006006,ACCT-000123,B0179,2040-08-29,0.0,2026-07-27T01:09:35+00:00
EXP-006007,ACCT-000654,B0179,2040-08-29,0.0,2026-07-27T01:09:35+00:00
EXP-006008,ACCT-000655,B0179,2040-08-29,0.0,2026-07-27T01:09:35+00:00
EXP-006009,ACCT-000656,B0179,2040-08-29,76.6,2026-07-27T01:09:35+00:00
EXP-006010,ACCT-000657,B0179,2040-08-29,0.0,2026-07-27T01:09:35+00:00
EXP-006011,ACCT-000632,B0180,2040-09-28,0.0,2026-07-27T05:04:49+00:00
EXP-006012,ACCT-000543,B0180,2040-09-28,0.0,2026-07-27T05:04:49+00:00
EXP-006013,ACCT-000392,B0180,2040-09-28,0.0,2026-07-27T05:04:49+00:00
EXP-006014,ACCT-000068,B0180,2040-09-28,0.0,2026-07-27T05:04:49+00:00
EXP-006015,ACCT-000621,B0180,2040-09-28,0.0,2026-07-27T05:04:49+00:00
EXP-006016,ACCT-000509,B0180,2040-09-28,0.0,2026-07-27T05:04:49+00:00
EXP-006017,ACCT-000404,B0180,2040-09-28,0.0,2026-07-27T05:04:49+00:00
EXP-006018,ACCT-000616,B0180,2040-09-28,0.0,2026-07-27T05:04:49+00:00
EXP-006019,ACCT-000035,B0180,2040-09-28,0.0,2026-07-27T05:04:49+00:00
EXP-006020,ACCT-000165,B0180,2040-09-28,0.0,2026-07-27T05:04:49+00:00
EXP-006021,ACCT-000147,B0180,2040-09-28,-10.66,2026-07-27T05:04:49+00:00
EXP-006022,ACCT-000456,B0180,2040-09-28,0.0,2026-07-27T05:04:49+00:00
EXP-006023,ACCT-000140,B0180,2040-09-28,0.0,2026-07-27T05:04:49+00:00
EXP-006024,ACCT-000010,B0180,2040-09-28,0.0,2026-07-27T05:04:49+00:00
EXP-006025,ACCT-000426,B0180,2040-09-28,0.0,2026-07-27T05:04:49+00:00
EXP-006026,ACCT-000620,B0180,2040-09-28,0.0,2026-07-27T05:04:49+00:00
EXP-006027,ACCT-000022,B0180,2040-09-28,0.0,2026-07-27T05:04:49+00:00
EXP-006028,ACCT-000562,B0180,2040-09-28,0.0,2026-07-27T05:04:49+00:00
EXP-006029,ACCT-000577,B0180,2040-09-28,0.0,2026-07-27T05:04:49+00:00
EXP-006030,ACCT-000415,B0180,2040-09-28,0.0,2026-07-27T05:04:49+00:00
EXP-006031,ACCT-000100,B0180,2040-09-28,0.0,2026-07-27T05:04:49+00:00
EXP-006032,ACCT-000603,B0180,2040-09-28,1.66,2026-07-27T05:04:49+00:00
EXP-006033,ACCT-000653,B0180,2040-09-28,0.0,2026-07-27T05:04:49+00:00
EXP-006034,ACCT-000459,B0180,2040-09-28,0.0,2026-07-27T05:04:49+00:00
EXP-006035,ACCT-000357,B0180,2040-09-28,0.0,2026-07-27T05:04:49+00:00
EXP-006036,ACCT-000592,B0180,2040-09-28,0.0,2026-07-27T05:04:49+00:00
EXP-006037,ACCT-000446,B0180,2040-09-28,0.0,2026-07-27T05:04:49+00:00
EXP-006038,ACCT-000328,B0180,2040-09-28,0.0,2026-07-27T05:04:49+00:00
EXP-006039,ACCT-000023,B0180,2040-09-28,0.0,2026-07-27T05:04:49+00:00
EXP-006040,ACCT-000658,B0180,2040-09-28,0.0,2026-07-27T05:04:49+00:00
EXP-006041,ACCT-000659,B0180,2040-09-28,0.0,2026-07-27T05:04:49+00:00
EXP-006042,ACCT-000660,B0180,2040-09-28,0.0,2026-07-27T05:04:49+00:00
EXP-006043,ACCT-000470,B0181,2040-10-28,0.0,2026-07-27T08:53:05+00:00
EXP-006044,ACCT-000479,B0181,2040-10-28,0.0,2026-07-27T08:53:05+00:00
EXP-006045,ACCT-000363,B0181,2040-10-28,0.0,2026-07-27T08:53:05+00:00
EXP-006046,ACCT-000328,B0181,2040-10-28,0.0,2026-07-27T08:53:05+00:00
EXP-006047,ACCT-000591,B0181,2040-10-28,0.0,2026-07-27T08:53:05+00:00
EXP-006048,ACCT-000463,B0181,2040-10-28,0.0,2026-07-27T08:53:05+00:00
EXP-006049,ACCT-000352,B0181,2040-10-28,0.0,2026-07-27T08:53:05+00:00
EXP-006050,ACCT-000659,B0181,2040-10-28,0.0,2026-07-27T08:53:05+00:00
EXP-006051,ACCT-000085,B0181,2040-10-28,0.0,2026-07-27T08:53:05+00:00
EXP-006052,ACCT-000158,B0181,2040-10-28,0.0,2026-07-27T08:53:05+00:00
EXP-006053,ACCT-000429,B0181,2040-10-28,0.0,2026-07-27T08:53:05+00:00
EXP-006054,ACCT-000142,B0181,2040-10-28,0.0,2026-07-27T08:53:05+00:00
EXP-006055,ACCT-000428,B0181,2040-10-28,0.0,2026-07-27T08:53:05+00:00
EXP-006056,ACCT-000062,B0181,2040-10-28,0.0,2026-07-27T08:53:05+00:00
EXP-006057,ACCT-000023,B0181,2040-10-28,0.0,2026-07-27T08:53:05+00:00
EXP-006058,ACCT-000017,B0181,2040-10-28,0.0,2026-07-27T08:53:05+00:00
EXP-006059,ACCT-000053,B0181,2040-10-28,0.0,2026-07-27T08:53:05+00:00
EXP-006060,ACCT-000281,B0181,2040-10-28,0.0,2026-07-27T08:53:05+00:00
EXP-006061,ACCT-000050,B0181,2040-10-28,0.0,2026-07-27T08:53:05+00:00
EXP-006062,ACCT-000521,B0181,2040-10-28,57.18,2026-07-27T08:53:05+00:00
EXP-006063,ACCT-000397,B0181,2040-10-28,0.0,2026-07-27T08:53:05+00:00
EXP-006064,ACCT-000343,B0181,2040-10-28,0.0,2026-07-27T08:53:05+00:00
EXP-006065,ACCT-000474,B0181,2040-10-28,0.0,2026-07-27T08:53:05+00:00
EXP-006066,ACCT-000411,B0181,2040-10-28,48.66,2026-07-27T08:53:05+00:00
EXP-006067,ACCT-000574,B0181,2040-10-28,0.0,2026-07-27T08:53:05+00:00
EXP-006068,ACCT-000353,B0181,2040-10-28,42.65,2026-07-27T08:53:05+00:00
EXP-006069,ACCT-000554,B0181,2040-10-28,0.0,2026-07-27T08:53:05+00:00
EXP-006070,ACCT-000382,B0181,2040-10-28,4.06,2026-07-27T08:53:05+00:00
EXP-006071,ACCT-000458,B0181,2040-10-28,0.0,2026-07-27T08:53:05+00:00
EXP-006072,ACCT-000623,B0181,2040-10-28,0.0,2026-07-27T08:53:05+00:00
EXP-006073,ACCT-000661,B0181,2040-10-28,0.0,2026-07-27T08:53:05+00:00
EXP-006074,ACCT-000662,B0181,2040-10-28,0.0,2026-07-27T08:53:05+00:00
EXP-006075,ACCT-000663,B0181,2040-10-28,0.0,2026-07-27T08:53:05+00:00
EXP-006076,ACCT-000144,B0182,2040-11-27,0.0,2026-07-27T12:13:42+00:00
EXP-006077,ACCT-000036,B0182,2040-11-27,0.0,2026-07-27T12:13:42+00:00
EXP-006078,ACCT-000472,B0182,2040-11-27,0.0,2026-07-27T12:13:42+00:00
EXP-006079,ACCT-000010,B0182,2040-11-27,0.0,2026-07-27T12:13:42+00:00
EXP-006080,ACCT-000433,B0182,2040-11-27,0.0,2026-07-27T12:13:42+00:00
EXP-006081,ACCT-000127,B0182,2040-11-27,0.0,2026-07-27T12:13:42+00:00
EXP-006082,ACCT-000559,B0182,2040-11-27,0.0,2026-07-27T12:13:42+00:00
EXP-006083,ACCT-000591,B0182,2040-11-27,0.0,2026-07-27T12:13:42+00:00
EXP-006084,ACCT-000470,B0182,2040-11-27,0.0,2026-07-27T12:13:42+00:00
EXP-006085,ACCT-000463,B0182,2040-11-27,0.0,2026-07-27T12:13:42+00:00
EXP-006086,ACCT-000305,B0182,2040-11-27,0.0,2026-07-27T12:13:42+00:00
EXP-006087,ACCT-000316,B0182,2040-11-27,0.0,2026-07-27T12:13:42+00:00
EXP-006088,ACCT-000011,B0182,2040-11-27,0.0,2026-07-27T12:13:42+00:00
EXP-006089,ACCT-000070,B0182,2040-11-27,0.0,2026-07-27T12:13:42+00:00
EXP-006090,ACCT-000415,B0182,2040-11-27,0.0,2026-07-27T12:13:42+00:00
EXP-006091,ACCT-000271,B0182,2040-11-27,0.0,2026-07-27T12:13:42+00:00
EXP-006092,ACCT-000398,B0182,2040-11-27,0.0,2026-07-27T12:13:42+00:00
EXP-006093,ACCT-000258,B0182,2040-11-27,0.0,2026-07-27T12:13:42+00:00
EXP-006094,ACCT-000327,B0182,2040-11-27,0.0,2026-07-27T12:13:42+00:00
EXP-006095,ACCT-000227,B0182,2040-11-27,0.0,2026-07-27T12:13:42+00:00
EXP-006096,ACCT-000233,B0182,2040-11-27,0.0,2026-07-27T12:13:42+00:00
EXP-006097,ACCT-000212,B0182,2040-11-27,0.0,2026-07-27T12:13:42+00:00
EXP-006098,ACCT-000028,B0182,2040-11-27,4.1,2026-07-27T12:13:42+00:00
EXP-006099,ACCT-000424,B0182,2040-11-27,0.0,2026-07-27T12:13:42+00:00
EXP-006100,ACCT-000349,B0182,2040-11-27,0.0,2026-07-27T12:13:42+00:00
EXP-006101,ACCT-000587,B0182,2040-11-27,3.08,2026-07-27T12:13:42+00:00
EXP-006102,ACCT-000105,B0182,2040-11-27,69.88,2026-07-27T12:13:42+00:00
EXP-006103,ACCT-000145,B0182,2040-11-27,0.0,2026-07-27T12:13:42+00:00
EXP-006104,ACCT-000664,B0182,2040-11-27,0.0,2026-07-27T12:13:42+00:00
EXP-006105,ACCT-000665,B0182,2040-11-27,0.0,2026-07-27T12:13:42+00:00
EXP-006106,ACCT-000666,B0182,2040-11-27,0.0,2026-07-27T12:13:42+00:00
EXP-006107,ACCT-000589,B0183,2040-12-27,0.0,2026-07-27T15:21:36+00:00
EXP-006108,ACCT-000540,B0183,2040-12-27,0.0,2026-07-27T15:21:36+00:00
EXP-006109,ACCT-000439,B0183,2040-12-27,0.0,2026-07-27T15:21:36+00:00
EXP-006110,ACCT-000389,B0183,2040-12-27,0.0,2026-07-27T15:21:36+00:00
EXP-006111,ACCT-000580,B0183,2040-12-27,79.91,2026-07-27T15:21:36+00:00
EXP-006112,ACCT-000240,B0183,2040-12-27,0.0,2026-07-27T15:21:36+00:00
EXP-006113,ACCT-000545,B0183,2040-12-27,0.0,2026-07-27T15:21:36+00:00
EXP-006114,ACCT-000508,B0183,2040-12-27,0.0,2026-07-27T15:21:36+00:00
EXP-006115,ACCT-000270,B0183,2040-12-27,0.0,2026-07-27T15:21:36+00:00
EXP-006116,ACCT-000131,B0183,2040-12-27,0.0,2026-07-27T15:21:36+00:00
EXP-006117,ACCT-000144,B0183,2040-12-27,0.0,2026-07-27T15:21:36+00:00
EXP-006118,ACCT-000460,B0183,2040-12-27,0.0,2026-07-27T15:21:36+00:00
EXP-006119,ACCT-000029,B0183,2040-12-27,0.0,2026-07-27T15:21:36+00:00
EXP-006120,ACCT-000041,B0183,2040-12-27,0.0,2026-07-27T15:21:36+00:00
EXP-006121,ACCT-000522,B0183,2040-12-27,0.0,2026-07-27T15:21:36+00:00
EXP-006122,ACCT-000111,B0183,2040-12-27,0.0,2026-07-27T15:21:36+00:00
EXP-006123,ACCT-000572,B0183,2040-12-27,0.0,2026-07-27T15:21:36+00:00
EXP-006124,ACCT-000331,B0183,2040-12-27,0.0,2026-07-27T15:21:36+00:00
EXP-006125,ACCT-000051,B0183,2040-12-27,0.0,2026-07-27T15:21:36+00:00
EXP-006126,ACCT-000107,B0183,2040-12-27,0.0,2026-07-27T15:21:36+00:00
EXP-006127,ACCT-000149,B0183,2040-12-27,0.0,2026-07-27T15:21:36+00:00
EXP-006128,ACCT-000467,B0183,2040-12-27,0.0,2026-07-27T15:21:36+00:00
EXP-006129,ACCT-000008,B0183,2040-12-27,0.0,2026-07-27T15:21:36+00:00
EXP-006130,ACCT-000276,B0183,2040-12-27,0.0,2026-07-27T15:21:36+00:00
EXP-006131,ACCT-000649,B0183,2040-12-27,0.0,2026-07-27T15:21:36+00:00
EXP-006132,ACCT-000047,B0183,2040-12-27,0.0,2026-07-27T15:21:36+00:00
EXP-006133,ACCT-000499,B0183,2040-12-27,0.0,2026-07-27T15:21:36+00:00
EXP-006134,ACCT-000596,B0183,2040-12-27,0.0,2026-07-27T15:21:36+00:00
EXP-006135,ACCT-000667,B0183,2040-12-27,0.0,2026-07-27T15:21:36+00:00
EXP-006136,ACCT-000668,B0183,2040-12-27,0.0,2026-07-27T15:21:36+00:00
EXP-006137,ACCT-000638,B0184,2041-01-26,0.0,2026-07-27T17:16:16+00:00
EXP-006138,ACCT-000442,B0184,2041-01-26,0.0,2026-07-27T17:16:16+00:00
EXP-006139,ACCT-000489,B0184,2041-01-26,0.0,2026-07-27T17:16:16+00:00
EXP-006140,ACCT-000200,B0184,2041-01-26,-10.89,2026-07-27T17:16:16+00:00
EXP-006141,ACCT-000371,B0184,2041-01-26,0.0,2026-07-27T17:16:16+00:00
EXP-006142,ACCT-000015,B0184,2041-01-26,0.0,2026-07-27T17:16:16+00:00
EXP-006143,ACCT-000388,B0184,2041-01-26,0.0,2026-07-27T17:16:16+00:00
EXP-006144,ACCT-000383,B0184,2041-01-26,0.0,2026-07-27T17:16:16+00:00
EXP-006145,ACCT-000666,B0184,2041-01-26,0.0,2026-07-27T17:16:16+00:00
EXP-006146,ACCT-000215,B0184,2041-01-26,0.0,2026-07-27T17:16:16+00:00
EXP-006147,ACCT-000624,B0184,2041-01-26,0.0,2026-07-27T17:16:16+00:00
EXP-006148,ACCT-000276,B0184,2041-01-26,0.0,2026-07-27T17:16:16+00:00
EXP-006149,ACCT-000274,B0184,2041-01-26,0.0,2026-07-27T17:16:16+00:00
EXP-006150,ACCT-000235,B0184,2041-01-26,0.0,2026-07-27T17:16:16+00:00
EXP-006151,ACCT-000447,B0184,2041-01-26,0.0,2026-07-27T17:16:16+00:00
EXP-006152,ACCT-000337,B0184,2041-01-26,0.0,2026-07-27T17:16:16+00:00
EXP-006153,ACCT-000062,B0184,2041-01-26,0.0,2026-07-27T17:16:16+00:00
EXP-006154,ACCT-000026,B0184,2041-01-26,0.0,2026-07-27T17:16:16+00:00
EXP-006155,ACCT-000560,B0184,2041-01-26,0.0,2026-07-27T17:16:16+00:00
EXP-006156,ACCT-000529,B0184,2041-01-26,0.0,2026-07-27T17:16:16+00:00
EXP-006157,ACCT-000410,B0184,2041-01-26,0.0,2026-07-27T17:16:16+00:00
EXP-006158,ACCT-000461,B0184,2041-01-26,0.0,2026-07-27T17:16:16+00:00
EXP-006159,ACCT-000289,B0184,2041-01-26,0.0,2026-07-27T17:16:16+00:00
EXP-006160,ACCT-000668,B0184,2041-01-26,0.0,2026-07-27T17:16:16+00:00
EXP-006161,ACCT-000291,B0184,2041-01-26,0.0,2026-07-27T17:16:16+00:00
EXP-006162,ACCT-000409,B0184,2041-01-26,0.0,2026-07-27T17:16:16+00:00
EXP-006163,ACCT-000272,B0184,2041-01-26,0.0,2026-07-27T17:16:16+00:00
EXP-006164,ACCT-000054,B0184,2041-01-26,0.0,2026-07-27T17:16:16+00:00
EXP-006165,ACCT-000003,B0184,2041-01-26,0.0,2026-07-27T17:16:16+00:00
EXP-006166,ACCT-000347,B0184,2041-01-26,0.0,2026-07-27T17:16:16+00:00
EXP-006167,ACCT-000095,B0184,2041-01-26,0.0,2026-07-27T17:16:16+00:00
EXP-006168,ACCT-000626,B0184,2041-01-26,0.0,2026-07-27T17:16:16+00:00
EXP-006169,ACCT-000399,B0184,2041-01-26,4.39,2026-07-27T17:16:16+00:00
EXP-006170,ACCT-000669,B0184,2041-01-26,0.0,2026-07-27T17:16:16+00:00
EXP-006171,ACCT-000670,B0184,2041-01-26,0.0,2026-07-27T17:16:16+00:00
EXP-006172,ACCT-000521,B0185,2041-02-25,0.0,2026-07-27T18:55:01+00:00
EXP-006173,ACCT-000633,B0185,2041-02-25,0.0,2026-07-27T18:55:01+00:00
EXP-006174,ACCT-000379,B0185,2041-02-25,0.0,2026-07-27T18:55:01+00:00
EXP-006175,ACCT-000414,B0185,2041-02-25,0.0,2026-07-27T18:55:01+00:00
EXP-006176,ACCT-000528,B0185,2041-02-25,0.0,2026-07-27T18:55:01+00:00
EXP-006177,ACCT-000207,B0185,2041-02-25,0.0,2026-07-27T18:55:01+00:00
EXP-006178,ACCT-000223,B0185,2041-02-25,0.0,2026-07-27T18:55:01+00:00
EXP-006179,ACCT-000470,B0185,2041-02-25,0.0,2026-07-27T18:55:01+00:00
EXP-006180,ACCT-000085,B0185,2041-02-25,0.0,2026-07-27T18:55:01+00:00
EXP-006181,ACCT-000169,B0185,2041-02-25,0.0,2026-07-27T18:55:01+00:00
EXP-006182,ACCT-000338,B0185,2041-02-25,8.06,2026-07-27T18:55:01+00:00
EXP-006183,ACCT-000200,B0185,2041-02-25,0.0,2026-07-27T18:55:01+00:00
EXP-006184,ACCT-000361,B0185,2041-02-25,9.83,2026-07-27T18:55:01+00:00
EXP-006185,ACCT-000066,B0185,2041-02-25,0.0,2026-07-27T18:55:01+00:00
EXP-006186,ACCT-000091,B0185,2041-02-25,0.0,2026-07-27T18:55:01+00:00
EXP-006187,ACCT-000300,B0185,2041-02-25,0.0,2026-07-27T18:55:01+00:00
EXP-006188,ACCT-000657,B0185,2041-02-25,0.0,2026-07-27T18:55:01+00:00
EXP-006189,ACCT-000217,B0185,2041-02-25,0.0,2026-07-27T18:55:01+00:00
EXP-006190,ACCT-000331,B0185,2041-02-25,0.0,2026-07-27T18:55:01+00:00
EXP-006191,ACCT-000183,B0185,2041-02-25,0.0,2026-07-27T18:55:01+00:00
EXP-006192,ACCT-000635,B0185,2041-02-25,0.0,2026-07-27T18:55:01+00:00
EXP-006193,ACCT-000419,B0185,2041-02-25,0.0,2026-07-27T18:55:01+00:00
EXP-006194,ACCT-000347,B0185,2041-02-25,0.0,2026-07-27T18:55:01+00:00
EXP-006195,ACCT-000377,B0185,2041-02-25,0.0,2026-07-27T18:55:01+00:00
EXP-006196,ACCT-000374,B0185,2041-02-25,0.0,2026-07-27T18:55:01+00:00
EXP-006197,ACCT-000013,B0185,2041-02-25,0.0,2026-07-27T18:55:01+00:00
EXP-006198,ACCT-000307,B0185,2041-02-25,70.86,2026-07-27T18:55:01+00:00
EXP-006199,ACCT-000073,B0185,2041-02-25,0.0,2026-07-27T18:55:01+00:00
EXP-006200,ACCT-000074,B0185,2041-02-25,0.0,2026-07-27T18:55:01+00:00
EXP-006201,ACCT-000671,B0185,2041-02-25,0.0,2026-07-27T18:55:01+00:00
EXP-006202,ACCT-000672,B0185,2041-02-25,0.0,2026-07-27T18:55:01+00:00
EXP-006203,ACCT-000673,B0185,2041-02-25,0.0,2026-07-27T18:55:01+00:00
EXP-006204,ACCT-000674,B0185,2041-02-25,-12.78,2026-07-27T18:55:01+00:00
EXP-006205,ACCT-000116,B0186,2041-03-27,0.0,2026-07-27T20:15:40+00:00
EXP-006206,ACCT-000668,B0186,2041-03-27,61.26,2026-07-27T20:15:40+00:00
EXP-006207,ACCT-000456,B0186,2041-03-27,0.0,2026-07-27T20:15:40+00:00
EXP-006208,ACCT-000249,B0186,2041-03-27,0.0,2026-07-27T20:15:40+00:00
EXP-006209,ACCT-000274,B0186,2041-03-27,0.0,2026-07-27T20:15:40+00:00
EXP-006210,ACCT-000084,B0186,2041-03-27,0.0,2026-07-27T20:15:40+00:00
EXP-006211,ACCT-000418,B0186,2041-03-27,0.0,2026-07-27T20:15:40+00:00
EXP-006212,ACCT-000655,B0186,2041-03-27,0.0,2026-07-27T20:15:40+00:00
EXP-006213,ACCT-000098,B0186,2041-03-27,0.0,2026-07-27T20:15:40+00:00
EXP-006214,ACCT-000520,B0186,2041-03-27,0.0,2026-07-27T20:15:40+00:00
EXP-006215,ACCT-000195,B0186,2041-03-27,-2.38,2026-07-27T20:15:40+00:00
EXP-006216,ACCT-000031,B0186,2041-03-27,0.0,2026-07-27T20:15:40+00:00
EXP-006217,ACCT-000021,B0186,2041-03-27,-2.23,2026-07-27T20:15:40+00:00
EXP-006218,ACCT-000068,B0186,2041-03-27,0.0,2026-07-27T20:15:40+00:00
EXP-006219,ACCT-000061,B0186,2041-03-27,0.0,2026-07-27T20:15:40+00:00
EXP-006220,ACCT-000204,B0186,2041-03-27,0.0,2026-07-27T20:15:40+00:00
EXP-006221,ACCT-000591,B0186,2041-03-27,0.0,2026-07-27T20:15:40+00:00
EXP-006222,ACCT-000254,B0186,2041-03-27,59.51,2026-07-27T20:15:40+00:00
EXP-006223,ACCT-000444,B0186,2041-03-27,0.0,2026-07-27T20:15:40+00:00
EXP-006224,ACCT-000109,B0186,2041-03-27,0.0,2026-07-27T20:15:40+00:00
EXP-006225,ACCT-000110,B0186,2041-03-27,0.0,2026-07-27T20:15:40+00:00
EXP-006226,ACCT-000627,B0186,2041-03-27,0.0,2026-07-27T20:15:40+00:00
EXP-006227,ACCT-000570,B0186,2041-03-27,0.0,2026-07-27T20:15:40+00:00
EXP-006228,ACCT-000495,B0186,2041-03-27,0.0,2026-07-27T20:15:40+00:00
EXP-006229,ACCT-000349,B0186,2041-03-27,0.0,2026-07-27T20:15:40+00:00
EXP-006230,ACCT-000050,B0186,2041-03-27,0.0,2026-07-27T20:15:40+00:00
EXP-006231,ACCT-000131,B0186,2041-03-27,0.0,2026-07-27T20:15:40+00:00
EXP-006232,ACCT-000675,B0186,2041-03-27,0.0,2026-07-27T20:15:40+00:00
EXP-006233,ACCT-000676,B0186,2041-03-27,0.0,2026-07-27T20:15:40+00:00
EXP-006234,ACCT-000602,B0187,2041-04-26,0.0,2026-07-27T21:36:02+00:00
EXP-006235,ACCT-000313,B0187,2041-04-26,0.0,2026-07-27T21:36:02+00:00
EXP-006236,ACCT-000482,B0187,2041-04-26,0.0,2026-07-27T21:36:02+00:00
EXP-006237,ACCT-000292,B0187,2041-04-26,-13.14,2026-07-27T21:36:02+00:00
EXP-006238,ACCT-000415,B0187,2041-04-26,-7.91,2026-07-27T21:36:02+00:00
EXP-006239,ACCT-000220,B0187,2041-04-26,0.0,2026-07-27T21:36:02+00:00
EXP-006240,ACCT-000056,B0187,2041-04-26,0.0,2026-07-27T21:36:02+00:00
EXP-006241,ACCT-000510,B0187,2041-04-26,0.0,2026-07-27T21:36:02+00:00
EXP-006242,ACCT-000589,B0187,2041-04-26,0.0,2026-07-27T21:36:02+00:00
EXP-006243,ACCT-000206,B0187,2041-04-26,0.0,2026-07-27T21:36:02+00:00
EXP-006244,ACCT-000168,B0187,2041-04-26,0.0,2026-07-27T21:36:02+00:00
EXP-006245,ACCT-000507,B0187,2041-04-26,0.0,2026-07-27T21:36:02+00:00
EXP-006246,ACCT-000434,B0187,2041-04-26,0.0,2026-07-27T21:36:02+00:00
EXP-006247,ACCT-000544,B0187,2041-04-26,10.75,2026-07-27T21:36:02+00:00
EXP-006248,ACCT-000199,B0187,2041-04-26,0.0,2026-07-27T21:36:02+00:00
EXP-006249,ACCT-000552,B0187,2041-04-26,0.0,2026-07-27T21:36:02+00:00
EXP-006250,ACCT-000594,B0187,2041-04-26,0.0,2026-07-27T21:36:02+00:00
EXP-006251,ACCT-000569,B0187,2041-04-26,0.0,2026-07-27T21:36:02+00:00
EXP-006252,ACCT-000018,B0187,2041-04-26,0.0,2026-07-27T21:36:02+00:00
EXP-006253,ACCT-000467,B0187,2041-04-26,0.0,2026-07-27T21:36:02+00:00
EXP-006254,ACCT-000671,B0187,2041-04-26,0.0,2026-07-27T21:36:02+00:00
EXP-006255,ACCT-000353,B0187,2041-04-26,0.0,2026-07-27T21:36:02+00:00
EXP-006256,ACCT-000523,B0187,2041-04-26,0.0,2026-07-27T21:36:02+00:00
EXP-006257,ACCT-000422,B0187,2041-04-26,0.0,2026-07-27T21:36:02+00:00
EXP-006258,ACCT-000661,B0187,2041-04-26,70.27,2026-07-27T21:36:02+00:00
EXP-006259,ACCT-000356,B0187,2041-04-26,0.0,2026-07-27T21:36:02+00:00
EXP-006260,ACCT-000677,B0187,2041-04-26,0.0,2026-07-27T21:36:02+00:00
EXP-006261,ACCT-000678,B0187,2041-04-26,0.0,2026-07-27T21:36:02+00:00
EXP-006262,ACCT-000679,B0187,2041-04-26,0.0,2026-07-27T21:36:02+00:00
EXP-006263,ACCT-000680,B0187,2041-04-26,0.0,2026-07-27T21:36:02+00:00
EXP-006264,ACCT-000253,B0188,2041-05-26,-3.78,2026-07-27T22:54:25+00:00
EXP-006265,ACCT-000356,B0188,2041-05-26,0.0,2026-07-27T22:54:25+00:00
EXP-006266,ACCT-000465,B0188,2041-05-26,0.0,2026-07-27T22:54:25+00:00
EXP-006267,ACCT-000304,B0188,2041-05-26,0.0,2026-07-27T22:54:25+00:00
EXP-006268,ACCT-000050,B0188,2041-05-26,0.0,2026-07-27T22:54:25+00:00
EXP-006269,ACCT-000099,B0188,2041-05-26,0.0,2026-07-27T22:54:25+00:00
EXP-006270,ACCT-000077,B0188,2041-05-26,0.0,2026-07-27T22:54:25+00:00
EXP-006271,ACCT-000168,B0188,2041-05-26,0.0,2026-07-27T22:54:25+00:00
EXP-006272,ACCT-000002,B0188,2041-05-26,0.0,2026-07-27T22:54:25+00:00
EXP-006273,ACCT-000479,B0188,2041-05-26,0.0,2026-07-27T22:54:25+00:00
EXP-006274,ACCT-000280,B0188,2041-05-26,10.9,2026-07-27T22:54:25+00:00
EXP-006275,ACCT-000068,B0188,2041-05-26,0.0,2026-07-27T22:54:25+00:00
EXP-006276,ACCT-000574,B0188,2041-05-26,0.0,2026-07-27T22:54:25+00:00
EXP-006277,ACCT-000351,B0188,2041-05-26,0.0,2026-07-27T22:54:25+00:00
EXP-006278,ACCT-000158,B0188,2041-05-26,0.0,2026-07-27T22:54:25+00:00
EXP-006279,ACCT-000519,B0188,2041-05-26,59.27,2026-07-27T22:54:25+00:00
EXP-006280,ACCT-000075,B0188,2041-05-26,0.0,2026-07-27T22:54:25+00:00
EXP-006281,ACCT-000182,B0188,2041-05-26,0.0,2026-07-27T22:54:25+00:00
EXP-006282,ACCT-000335,B0188,2041-05-26,0.0,2026-07-27T22:54:25+00:00
EXP-006283,ACCT-000506,B0188,2041-05-26,-10.48,2026-07-27T22:54:25+00:00
EXP-006284,ACCT-000142,B0188,2041-05-26,0.0,2026-07-27T22:54:25+00:00
EXP-006285,ACCT-000033,B0188,2041-05-26,0.0,2026-07-27T22:54:25+00:00
EXP-006286,ACCT-000394,B0188,2041-05-26,0.0,2026-07-27T22:54:25+00:00
EXP-006287,ACCT-000326,B0188,2041-05-26,0.0,2026-07-27T22:54:25+00:00
EXP-006288,ACCT-000621,B0188,2041-05-26,0.0,2026-07-27T22:54:25+00:00
EXP-006289,ACCT-000387,B0188,2041-05-26,0.0,2026-07-27T22:54:25+00:00
EXP-006290,ACCT-000674,B0188,2041-05-26,0.0,2026-07-27T22:54:25+00:00
EXP-006291,ACCT-000331,B0188,2041-05-26,0.0,2026-07-27T22:54:25+00:00
EXP-006292,ACCT-000681,B0188,2041-05-26,0.0,2026-07-27T22:54:25+00:00
EXP-006293,ACCT-000682,B0188,2041-05-26,0.0,2026-07-27T22:54:25+00:00
EXP-006294,ACCT-000683,B0188,2041-05-26,0.0,2026-07-27T22:54:25+00:00
EXP-006295,ACCT-000369,B0189,2041-06-25,0.0,2026-07-27T23:57:07+00:00
EXP-006296,ACCT-000383,B0189,2041-06-25,0.0,2026-07-27T23:57:07+00:00
EXP-006297,ACCT-000426,B0189,2041-06-25,0.0,2026-07-27T23:57:07+00:00
EXP-006298,ACCT-000398,B0189,2041-06-25,0.0,2026-07-27T23:57:07+00:00
EXP-006299,ACCT-000327,B0189,2041-06-25,0.0,2026-07-27T23:57:07+00:00
EXP-006300,ACCT-000156,B0189,2041-06-25,0.0,2026-07-27T23:57:07+00:00
EXP-006301,ACCT-000329,B0189,2041-06-25,0.0,2026-07-27T23:57:07+00:00
EXP-006302,ACCT-000185,B0189,2041-06-25,0.0,2026-07-27T23:57:07+00:00
EXP-006303,ACCT-000664,B0189,2041-06-25,0.0,2026-07-27T23:57:07+00:00
EXP-006304,ACCT-000016,B0189,2041-06-25,0.0,2026-07-27T23:57:07+00:00
EXP-006305,ACCT-000683,B0189,2041-06-25,0.0,2026-07-27T23:57:07+00:00
EXP-006306,ACCT-000371,B0189,2041-06-25,0.0,2026-07-27T23:57:07+00:00
EXP-006307,ACCT-000147,B0189,2041-06-25,0.0,2026-07-27T23:57:07+00:00
EXP-006308,ACCT-000659,B0189,2041-06-25,0.0,2026-07-27T23:57:07+00:00
EXP-006309,ACCT-000624,B0189,2041-06-25,0.0,2026-07-27T23:57:07+00:00
EXP-006310,ACCT-000182,B0189,2041-06-25,0.0,2026-07-27T23:57:07+00:00
EXP-006311,ACCT-000560,B0189,2041-06-25,0.0,2026-07-27T23:57:07+00:00
EXP-006312,ACCT-000114,B0189,2041-06-25,0.0,2026-07-27T23:57:07+00:00
EXP-006313,ACCT-000574,B0189,2041-06-25,0.0,2026-07-27T23:57:07+00:00
EXP-006314,ACCT-000159,B0189,2041-06-25,0.0,2026-07-27T23:57:07+00:00
EXP-006315,ACCT-000175,B0189,2041-06-25,0.0,2026-07-27T23:57:07+00:00
EXP-006316,ACCT-000636,B0189,2041-06-25,0.0,2026-07-27T23:57:07+00:00
EXP-006317,ACCT-000580,B0189,2041-06-25,0.0,2026-07-27T23:57:07+00:00
EXP-006318,ACCT-000215,B0189,2041-06-25,0.0,2026-07-27T23:57:07+00:00
EXP-006319,ACCT-000103,B0189,2041-06-25,0.0,2026-07-27T23:57:07+00:00
EXP-006320,ACCT-000015,B0189,2041-06-25,0.0,2026-07-27T23:57:07+00:00
EXP-006321,ACCT-000078,B0189,2041-06-25,0.0,2026-07-27T23:57:07+00:00
EXP-006322,ACCT-000487,B0189,2041-06-25,0.0,2026-07-27T23:57:07+00:00
EXP-006323,ACCT-000684,B0189,2041-06-25,0.0,2026-07-27T23:57:07+00:00
EXP-006324,ACCT-000685,B0189,2041-06-25,0.0,2026-07-27T23:57:07+00:00
EXP-006325,ACCT-000686,B0189,2041-06-25,0.0,2026-07-27T23:57:07+00:00
EXP-006326,ACCT-000385,B0190,2041-07-25,0.0,2026-07-28T02:08:32+00:00
EXP-006327,ACCT-000262,B0190,2041-07-25,-5.35,2026-07-28T02:08:32+00:00
EXP-006328,ACCT-000477,B0190,2041-07-25,0.0,2026-07-28T02:08:32+00:00
EXP-006329,ACCT-000585,B0190,2041-07-25,0.0,2026-07-28T02:08:32+00:00
EXP-006330,ACCT-000117,B0190,2041-07-25,0.0,2026-07-28T02:08:32+00:00
EXP-006331,ACCT-000106,B0190,2041-07-25,0.0,2026-07-28T02:08:32+00:00
EXP-006332,ACCT-000365,B0190,2041-07-25,0.0,2026-07-28T02:08:32+00:00
EXP-006333,ACCT-000513,B0190,2041-07-25,0.0,2026-07-28T02:08:32+00:00
EXP-006334,ACCT-000237,B0190,2041-07-25,0.0,2026-07-28T02:08:32+00:00
EXP-006335,ACCT-000007,B0190,2041-07-25,0.0,2026-07-28T02:08:32+00:00
EXP-006336,ACCT-000317,B0190,2041-07-25,0.0,2026-07-28T02:08:32+00:00
EXP-006337,ACCT-000392,B0190,2041-07-25,0.0,2026-07-28T02:08:32+00:00
EXP-006338,ACCT-000024,B0190,2041-07-25,0.0,2026-07-28T02:08:32+00:00
EXP-006339,ACCT-000490,B0190,2041-07-25,0.0,2026-07-28T02:08:32+00:00
EXP-006340,ACCT-000139,B0190,2041-07-25,0.0,2026-07-28T02:08:32+00:00
EXP-006341,ACCT-000246,B0190,2041-07-25,0.0,2026-07-28T02:08:32+00:00
EXP-006342,ACCT-000077,B0190,2041-07-25,0.0,2026-07-28T02:08:32+00:00
EXP-006343,ACCT-000387,B0190,2041-07-25,0.0,2026-07-28T02:08:32+00:00
EXP-006344,ACCT-000579,B0190,2041-07-25,0.0,2026-07-28T02:08:32+00:00
EXP-006345,ACCT-000074,B0190,2041-07-25,0.0,2026-07-28T02:08:32+00:00
EXP-006346,ACCT-000206,B0190,2041-07-25,0.0,2026-07-28T02:08:32+00:00
EXP-006347,ACCT-000073,B0190,2041-07-25,0.0,2026-07-28T02:08:32+00:00
EXP-006348,ACCT-000196,B0190,2041-07-25,0.0,2026-07-28T02:08:32+00:00
EXP-006349,ACCT-000058,B0190,2041-07-25,0.0,2026-07-28T02:08:32+00:00
EXP-006350,ACCT-000051,B0190,2041-07-25,0.0,2026-07-28T02:08:32+00:00
EXP-006351,ACCT-000126,B0190,2041-07-25,0.0,2026-07-28T02:08:32+00:00
EXP-006352,ACCT-000687,B0190,2041-07-25,0.0,2026-07-28T02:08:32+00:00
EXP-006353,ACCT-000688,B0190,2041-07-25,0.0,2026-07-28T02:08:32+00:00
EXP-006354,ACCT-000689,B0190,2041-07-25,0.0,2026-07-28T02:08:32+00:00
EXP-006355,ACCT-000690,B0190,2041-07-25,0.0,2026-07-28T02:08:32+00:00
EXP-006356,ACCT-000025,B0191,2041-08-24,0.0,2026-07-28T05:28:23+00:00
EXP-006357,ACCT-000471,B0191,2041-08-24,0.0,2026-07-28T05:28:23+00:00
EXP-006358,ACCT-000146,B0191,2041-08-24,0.0,2026-07-28T05:28:23+00:00
EXP-006359,ACCT-000454,B0191,2041-08-24,0.0,2026-07-28T05:28:23+00:00
EXP-006360,ACCT-000157,B0191,2041-08-24,0.0,2026-07-28T05:28:23+00:00
EXP-006361,ACCT-000388,B0191,2041-08-24,0.0,2026-07-28T05:28:23+00:00
EXP-006362,ACCT-000298,B0191,2041-08-24,0.0,2026-07-28T05:28:23+00:00
EXP-006363,ACCT-000153,B0191,2041-08-24,0.0,2026-07-28T05:28:23+00:00
EXP-006364,ACCT-000456,B0191,2041-08-24,0.0,2026-07-28T05:28:23+00:00
EXP-006365,ACCT-000506,B0191,2041-08-24,0.0,2026-07-28T05:28:23+00:00
EXP-006366,ACCT-000523,B0191,2041-08-24,0.0,2026-07-28T05:28:23+00:00
EXP-006367,ACCT-000278,B0191,2041-08-24,0.0,2026-07-28T05:28:23+00:00
EXP-006368,ACCT-000433,B0191,2041-08-24,0.0,2026-07-28T05:28:23+00:00
EXP-006369,ACCT-000387,B0191,2041-08-24,0.0,2026-07-28T05:28:23+00:00
EXP-006370,ACCT-000646,B0191,2041-08-24,0.0,2026-07-28T05:28:23+00:00
EXP-006371,ACCT-000151,B0191,2041-08-24,0.0,2026-07-28T05:28:23+00:00
EXP-006372,ACCT-000420,B0191,2041-08-24,0.0,2026-07-28T05:28:23+00:00
EXP-006373,ACCT-000014,B0191,2041-08-24,0.0,2026-07-28T05:28:23+00:00
EXP-006374,ACCT-000689,B0191,2041-08-24,0.0,2026-07-28T05:28:23+00:00
EXP-006375,ACCT-000484,B0191,2041-08-24,0.0,2026-07-28T05:28:23+00:00
EXP-006376,ACCT-000007,B0191,2041-08-24,0.0,2026-07-28T05:28:23+00:00
EXP-006377,ACCT-000287,B0191,2041-08-24,0.0,2026-07-28T05:28:23+00:00
EXP-006378,ACCT-000600,B0191,2041-08-24,0.0,2026-07-28T05:28:23+00:00
EXP-006379,ACCT-000333,B0191,2041-08-24,0.0,2026-07-28T05:28:23+00:00
EXP-006380,ACCT-000690,B0191,2041-08-24,0.0,2026-07-28T05:28:23+00:00
EXP-006381,ACCT-000679,B0191,2041-08-24,0.0,2026-07-28T05:28:23+00:00
EXP-006382,ACCT-000399,B0191,2041-08-24,0.0,2026-07-28T05:28:23+00:00
EXP-006383,ACCT-000587,B0191,2041-08-24,0.0,2026-07-28T05:28:23+00:00
EXP-006384,ACCT-000337,B0191,2041-08-24,0.0,2026-07-28T05:28:23+00:00
EXP-006385,ACCT-000691,B0191,2041-08-24,0.0,2026-07-28T05:28:23+00:00
EXP-006386,ACCT-000692,B0191,2041-08-24,79.5,2026-07-28T05:28:23+00:00
EXP-006387,ACCT-000693,B0191,2041-08-24,0.0,2026-07-28T05:28:23+00:00
EXP-006388,ACCT-000597,B0192,2041-09-23,-13.31,2026-07-28T08:00:05+00:00
EXP-006389,ACCT-000371,B0192,2041-09-23,0.0,2026-07-28T08:00:05+00:00
EXP-006390,ACCT-000176,B0192,2041-09-23,0.0,2026-07-28T08:00:05+00:00
EXP-006391,ACCT-000523,B0192,2041-09-23,0.0,2026-07-28T08:00:05+00:00
EXP-006392,ACCT-000607,B0192,2041-09-23,0.0,2026-07-28T08:00:05+00:00
EXP-006393,ACCT-000143,B0192,2041-09-23,0.0,2026-07-28T08:00:05+00:00
EXP-006394,ACCT-000423,B0192,2041-09-23,0.0,2026-07-28T08:00:05+00:00
EXP-006395,ACCT-000261,B0192,2041-09-23,63.11,2026-07-28T08:00:05+00:00
EXP-006396,ACCT-000271,B0192,2041-09-23,0.0,2026-07-28T08:00:05+00:00
EXP-006397,ACCT-000172,B0192,2041-09-23,0.0,2026-07-28T08:00:05+00:00
EXP-006398,ACCT-000670,B0192,2041-09-23,0.0,2026-07-28T08:00:05+00:00
EXP-006399,ACCT-000593,B0192,2041-09-23,0.0,2026-07-28T08:00:05+00:00
EXP-006400,ACCT-000227,B0192,2041-09-23,0.0,2026-07-28T08:00:05+00:00
EXP-006401,ACCT-000147,B0192,2041-09-23,0.0,2026-07-28T08:00:05+00:00
EXP-006402,ACCT-000096,B0192,2041-09-23,0.0,2026-07-28T08:00:05+00:00
EXP-006403,ACCT-000517,B0192,2041-09-23,0.0,2026-07-28T08:00:05+00:00
EXP-006404,ACCT-000615,B0192,2041-09-23,0.0,2026-07-28T08:00:05+00:00
EXP-006405,ACCT-000617,B0192,2041-09-23,0.0,2026-07-28T08:00:05+00:00
EXP-006406,ACCT-000487,B0192,2041-09-23,0.0,2026-07-28T08:00:05+00:00
EXP-006407,ACCT-000069,B0192,2041-09-23,0.0,2026-07-28T08:00:05+00:00
EXP-006408,ACCT-000263,B0192,2041-09-23,0.0,2026-07-28T08:00:05+00:00
EXP-006409,ACCT-000007,B0192,2041-09-23,-5.22,2026-07-28T08:00:05+00:00
EXP-006410,ACCT-000358,B0192,2041-09-23,0.0,2026-07-28T08:00:05+00:00
EXP-006411,ACCT-000082,B0192,2041-09-23,0.0,2026-07-28T08:00:05+00:00
EXP-006412,ACCT-000629,B0192,2041-09-23,0.0,2026-07-28T08:00:05+00:00
EXP-006413,ACCT-000063,B0192,2041-09-23,14.56,2026-07-28T08:00:05+00:00
EXP-006414,ACCT-000179,B0192,2041-09-23,0.0,2026-07-28T08:00:05+00:00
EXP-006415,ACCT-000330,B0192,2041-09-23,0.0,2026-07-28T08:00:05+00:00
EXP-006416,ACCT-000536,B0192,2041-09-23,0.0,2026-07-28T08:00:05+00:00
EXP-006417,ACCT-000554,B0192,2041-09-23,0.0,2026-07-28T08:00:05+00:00
EXP-006418,ACCT-000653,B0192,2041-09-23,0.0,2026-07-28T08:00:05+00:00
EXP-006419,ACCT-000527,B0192,2041-09-23,0.0,2026-07-28T08:00:05+00:00
EXP-006420,ACCT-000550,B0192,2041-09-23,0.0,2026-07-28T08:00:05+00:00
EXP-006421,ACCT-000333,B0192,2041-09-23,0.0,2026-07-28T08:00:05+00:00
EXP-006422,ACCT-000694,B0192,2041-09-23,14.87,2026-07-28T08:00:05+00:00
EXP-006423,ACCT-000695,B0192,2041-09-23,0.0,2026-07-28T08:00:05+00:00
EXP-006424,ACCT-000696,B0192,2041-09-23,0.0,2026-07-28T08:00:05+00:00
EXP-006425,ACCT-000697,B0192,2041-09-23,0.0,2026-07-28T08:00:05+00:00
EXP-006426,ACCT-000246,B0193,2041-10-23,0.0,2026-07-28T10:39:22+00:00
EXP-006427,ACCT-000665,B0193,2041-10-23,0.0,2026-07-28T10:39:22+00:00
EXP-006428,ACCT-000523,B0193,2041-10-23,0.0,2026-07-28T10:39:22+00:00
EXP-006429,ACCT-000123,B0193,2041-10-23,0.0,2026-07-28T10:39:22+00:00
EXP-006430,ACCT-000025,B0193,2041-10-23,0.0,2026-07-28T10:39:22+00:00
EXP-006431,ACCT-000685,B0193,2041-10-23,0.0,2026-07-28T10:39:22+00:00
EXP-006432,ACCT-000086,B0193,2041-10-23,-14.92,2026-07-28T10:39:22+00:00
EXP-006433,ACCT-000126,B0193,2041-10-23,0.0,2026-07-28T10:39:22+00:00
EXP-006434,ACCT-000664,B0193,2041-10-23,0.0,2026-07-28T10:39:22+00:00
EXP-006435,ACCT-000304,B0193,2041-10-23,0.0,2026-07-28T10:39:22+00:00
EXP-006436,ACCT-000070,B0193,2041-10-23,0.0,2026-07-28T10:39:22+00:00
EXP-006437,ACCT-000605,B0193,2041-10-23,0.0,2026-07-28T10:39:22+00:00
EXP-006438,ACCT-000189,B0193,2041-10-23,0.0,2026-07-28T10:39:22+00:00
EXP-006439,ACCT-000308,B0193,2041-10-23,0.0,2026-07-28T10:39:22+00:00
EXP-006440,ACCT-000310,B0193,2041-10-23,0.0,2026-07-28T10:39:22+00:00
EXP-006441,ACCT-000481,B0193,2041-10-23,0.0,2026-07-28T10:39:22+00:00
EXP-006442,ACCT-000185,B0193,2041-10-23,0.0,2026-07-28T10:39:22+00:00
EXP-006443,ACCT-000550,B0193,2041-10-23,0.0,2026-07-28T10:39:22+00:00
EXP-006444,ACCT-000393,B0193,2041-10-23,0.0,2026-07-28T10:39:22+00:00
EXP-006445,ACCT-000289,B0193,2041-10-23,0.0,2026-07-28T10:39:22+00:00
EXP-006446,ACCT-000697,B0193,2041-10-23,0.0,2026-07-28T10:39:22+00:00
EXP-006447,ACCT-000064,B0193,2041-10-23,0.0,2026-07-28T10:39:22+00:00
EXP-006448,ACCT-000354,B0193,2041-10-23,0.0,2026-07-28T10:39:22+00:00
EXP-006449,ACCT-000419,B0193,2041-10-23,0.0,2026-07-28T10:39:22+00:00
EXP-006450,ACCT-000001,B0193,2041-10-23,0.0,2026-07-28T10:39:22+00:00
EXP-006451,ACCT-000153,B0193,2041-10-23,0.0,2026-07-28T10:39:22+00:00
EXP-006452,ACCT-000214,B0193,2041-10-23,0.0,2026-07-28T10:39:22+00:00
EXP-006453,ACCT-000162,B0193,2041-10-23,0.0,2026-07-28T10:39:22+00:00
EXP-006454,ACCT-000591,B0193,2041-10-23,0.0,2026-07-28T10:39:22+00:00
EXP-006455,ACCT-000485,B0193,2041-10-23,0.0,2026-07-28T10:39:22+00:00
EXP-006456,ACCT-000552,B0193,2041-10-23,0.0,2026-07-28T10:39:22+00:00
EXP-006457,ACCT-000386,B0193,2041-10-23,0.0,2026-07-28T10:39:22+00:00
EXP-006458,ACCT-000501,B0193,2041-10-23,0.0,2026-07-28T10:39:22+00:00
EXP-006459,ACCT-000290,B0193,2041-10-23,0.0,2026-07-28T10:39:22+00:00
EXP-006460,ACCT-000263,B0193,2041-10-23,0.0,2026-07-28T10:39:22+00:00
EXP-006461,ACCT-000698,B0193,2041-10-23,-9.11,2026-07-28T10:39:22+00:00
EXP-006462,ACCT-000699,B0193,2041-10-23,0.0,2026-07-28T10:39:22+00:00
EXP-006463,ACCT-000700,B0193,2041-10-23,0.0,2026-07-28T10:39:22+00:00
EXP-006464,ACCT-000041,B0194,2041-11-22,0.0,2026-07-28T12:49:44+00:00
EXP-006465,ACCT-000381,B0194,2041-11-22,-4.47,2026-07-28T12:49:44+00:00
EXP-006466,ACCT-000355,B0194,2041-11-22,2.09,2026-07-28T12:49:44+00:00
EXP-006467,ACCT-000377,B0194,2041-11-22,0.0,2026-07-28T12:49:44+00:00
EXP-006468,ACCT-000599,B0194,2041-11-22,0.0,2026-07-28T12:49:44+00:00
EXP-006469,ACCT-000439,B0194,2041-11-22,0.0,2026-07-28T12:49:44+00:00
EXP-006470,ACCT-000598,B0194,2041-11-22,0.0,2026-07-28T12:49:44+00:00
EXP-006471,ACCT-000379,B0194,2041-11-22,0.0,2026-07-28T12:49:44+00:00
EXP-006472,ACCT-000243,B0194,2041-11-22,0.0,2026-07-28T12:49:44+00:00
EXP-006473,ACCT-000242,B0194,2041-11-22,0.0,2026-07-28T12:49:44+00:00
EXP-006474,ACCT-000072,B0194,2041-11-22,0.0,2026-07-28T12:49:44+00:00
EXP-006475,ACCT-000595,B0194,2041-11-22,0.0,2026-07-28T12:49:44+00:00
EXP-006476,ACCT-000060,B0194,2041-11-22,0.0,2026-07-28T12:49:44+00:00
EXP-006477,ACCT-000162,B0194,2041-11-22,0.0,2026-07-28T12:49:44+00:00
EXP-006478,ACCT-000631,B0194,2041-11-22,56.1,2026-07-28T12:49:44+00:00
EXP-006479,ACCT-000125,B0194,2041-11-22,0.0,2026-07-28T12:49:44+00:00
EXP-006480,ACCT-000371,B0194,2041-11-22,0.0,2026-07-28T12:49:44+00:00
EXP-006481,ACCT-000339,B0194,2041-11-22,0.0,2026-07-28T12:49:44+00:00
EXP-006482,ACCT-000280,B0194,2041-11-22,0.0,2026-07-28T12:49:44+00:00
EXP-006483,ACCT-000466,B0194,2041-11-22,0.0,2026-07-28T12:49:44+00:00
EXP-006484,ACCT-000138,B0194,2041-11-22,-13.21,2026-07-28T12:49:44+00:00
EXP-006485,ACCT-000360,B0194,2041-11-22,0.0,2026-07-28T12:49:44+00:00
EXP-006486,ACCT-000390,B0194,2041-11-22,0.0,2026-07-28T12:49:44+00:00
EXP-006487,ACCT-000035,B0194,2041-11-22,0.0,2026-07-28T12:49:44+00:00
EXP-006488,ACCT-000580,B0194,2041-11-22,0.0,2026-07-28T12:49:44+00:00
EXP-006489,ACCT-000457,B0194,2041-11-22,0.0,2026-07-28T12:49:44+00:00
EXP-006490,ACCT-000249,B0194,2041-11-22,0.0,2026-07-28T12:49:44+00:00
EXP-006491,ACCT-000530,B0194,2041-11-22,0.0,2026-07-28T12:49:44+00:00
EXP-006492,ACCT-000342,B0194,2041-11-22,0.0,2026-07-28T12:49:44+00:00
EXP-006493,ACCT-000470,B0194,2041-11-22,0.0,2026-07-28T12:49:44+00:00
EXP-006494,ACCT-000212,B0194,2041-11-22,0.0,2026-07-28T12:49:44+00:00
EXP-006495,ACCT-000506,B0194,2041-11-22,0.0,2026-07-28T12:49:44+00:00
EXP-006496,ACCT-000346,B0194,2041-11-22,0.0,2026-07-28T12:49:44+00:00
EXP-006497,ACCT-000701,B0194,2041-11-22,0.0,2026-07-28T12:49:44+00:00
EXP-006498,ACCT-000702,B0194,2041-11-22,0.0,2026-07-28T12:49:44+00:00
EXP-006499,ACCT-000703,B0194,2041-11-22,0.0,2026-07-28T12:49:44+00:00
EXP-006500,ACCT-000704,B0194,2041-11-22,0.0,2026-07-28T12:49:44+00:00
EXP-006501,ACCT-000515,B0195,2041-12-22,0.0,2026-07-28T15:13:37+00:00
EXP-006502,ACCT-000305,B0195,2041-12-22,0.0,2026-07-28T15:13:37+00:00
EXP-006503,ACCT-000064,B0195,2041-12-22,40.05,2026-07-28T15:13:37+00:00
EXP-006504,ACCT-000144,B0195,2041-12-22,0.0,2026-07-28T15:13:37+00:00
EXP-006505,ACCT-000023,B0195,2041-12-22,0.0,2026-07-28T15:13:37+00:00
EXP-006506,ACCT-000096,B0195,2041-12-22,0.0,2026-07-28T15:13:37+00:00
EXP-006507,ACCT-000334,B0195,2041-12-22,0.0,2026-07-28T15:13:37+00:00
EXP-006508,ACCT-000171,B0195,2041-12-22,0.0,2026-07-28T15:13:37+00:00
EXP-006509,ACCT-000703,B0195,2041-12-22,0.0,2026-07-28T15:13:37+00:00
EXP-006510,ACCT-000367,B0195,2041-12-22,0.0,2026-07-28T15:13:37+00:00
EXP-006511,ACCT-000656,B0195,2041-12-22,0.0,2026-07-28T15:13:37+00:00
EXP-006512,ACCT-000411,B0195,2041-12-22,0.0,2026-07-28T15:13:37+00:00
EXP-006513,ACCT-000146,B0195,2041-12-22,0.0,2026-07-28T15:13:37+00:00
EXP-006514,ACCT-000375,B0195,2041-12-22,0.0,2026-07-28T15:13:37+00:00
EXP-006515,ACCT-000149,B0195,2041-12-22,0.0,2026-07-28T15:13:37+00:00
EXP-006516,ACCT-000652,B0195,2041-12-22,0.0,2026-07-28T15:13:37+00:00
EXP-006517,ACCT-000497,B0195,2041-12-22,0.0,2026-07-28T15:13:37+00:00
EXP-006518,ACCT-000347,B0195,2041-12-22,0.0,2026-07-28T15:13:37+00:00
EXP-006519,ACCT-000495,B0195,2041-12-22,0.0,2026-07-28T15:13:37+00:00
EXP-006520,ACCT-000128,B0195,2041-12-22,0.0,2026-07-28T15:13:37+00:00
EXP-006521,ACCT-000697,B0195,2041-12-22,0.0,2026-07-28T15:13:37+00:00
EXP-006522,ACCT-000425,B0195,2041-12-22,0.0,2026-07-28T15:13:37+00:00
EXP-006523,ACCT-000132,B0195,2041-12-22,0.0,2026-07-28T15:13:37+00:00
EXP-006524,ACCT-000327,B0195,2041-12-22,0.0,2026-07-28T15:13:37+00:00
EXP-006525,ACCT-000642,B0195,2041-12-22,0.0,2026-07-28T15:13:37+00:00
EXP-006526,ACCT-000218,B0195,2041-12-22,0.0,2026-07-28T15:13:37+00:00
EXP-006527,ACCT-000636,B0195,2041-12-22,0.0,2026-07-28T15:13:37+00:00
EXP-006528,ACCT-000433,B0195,2041-12-22,0.0,2026-07-28T15:13:37+00:00
EXP-006529,ACCT-000427,B0195,2041-12-22,0.0,2026-07-28T15:13:37+00:00
EXP-006530,ACCT-000705,B0195,2041-12-22,0.0,2026-07-28T15:13:37+00:00
EXP-006531,ACCT-000706,B0195,2041-12-22,0.0,2026-07-28T15:13:37+00:00
EXP-006532,ACCT-000363,B0196,2042-01-21,0.0,2026-07-28T16:56:41+00:00
EXP-006533,ACCT-000491,B0196,2042-01-21,0.0,2026-07-28T16:56:41+00:00
EXP-006534,ACCT-000342,B0196,2042-01-21,0.0,2026-07-28T16:56:41+00:00
EXP-006535,ACCT-000556,B0196,2042-01-21,8.79,2026-07-28T16:56:41+00:00
EXP-006536,ACCT-000447,B0196,2042-01-21,0.0,2026-07-28T16:56:41+00:00
EXP-006537,ACCT-000706,B0196,2042-01-21,0.0,2026-07-28T16:56:41+00:00
EXP-006538,ACCT-000031,B0196,2042-01-21,0.0,2026-07-28T16:56:41+00:00
EXP-006539,ACCT-000660,B0196,2042-01-21,0.0,2026-07-28T16:56:41+00:00
EXP-006540,ACCT-000444,B0196,2042-01-21,0.0,2026-07-28T16:56:41+00:00
EXP-006541,ACCT-000252,B0196,2042-01-21,0.0,2026-07-28T16:56:41+00:00
EXP-006542,ACCT-000264,B0196,2042-01-21,0.0,2026-07-28T16:56:41+00:00
EXP-006543,ACCT-000046,B0196,2042-01-21,0.0,2026-07-28T16:56:41+00:00
EXP-006544,ACCT-000092,B0196,2042-01-21,0.0,2026-07-28T16:56:41+00:00
EXP-006545,ACCT-000285,B0196,2042-01-21,0.0,2026-07-28T16:56:41+00:00
EXP-006546,ACCT-000407,B0196,2042-01-21,0.0,2026-07-28T16:56:41+00:00
EXP-006547,ACCT-000260,B0196,2042-01-21,0.0,2026-07-28T16:56:41+00:00
EXP-006548,ACCT-000698,B0196,2042-01-21,0.0,2026-07-28T16:56:41+00:00
EXP-006549,ACCT-000499,B0196,2042-01-21,0.0,2026-07-28T16:56:41+00:00
EXP-006550,ACCT-000028,B0196,2042-01-21,2.89,2026-07-28T16:56:41+00:00
EXP-006551,ACCT-000420,B0196,2042-01-21,0.0,2026-07-28T16:56:41+00:00
EXP-006552,ACCT-000129,B0196,2042-01-21,0.0,2026-07-28T16:56:41+00:00
EXP-006553,ACCT-000502,B0196,2042-01-21,0.0,2026-07-28T16:56:41+00:00
EXP-006554,ACCT-000301,B0196,2042-01-21,0.0,2026-07-28T16:56:41+00:00
EXP-006555,ACCT-000692,B0196,2042-01-21,0.0,2026-07-28T16:56:41+00:00
EXP-006556,ACCT-000569,B0196,2042-01-21,0.0,2026-07-28T16:56:41+00:00
EXP-006557,ACCT-000595,B0196,2042-01-21,0.0,2026-07-28T16:56:41+00:00
EXP-006558,ACCT-000305,B0196,2042-01-21,0.0,2026-07-28T16:56:41+00:00
EXP-006559,ACCT-000510,B0196,2042-01-21,0.0,2026-07-28T16:56:41+00:00
EXP-006560,ACCT-000181,B0196,2042-01-21,0.0,2026-07-28T16:56:41+00:00
EXP-006561,ACCT-000487,B0196,2042-01-21,0.0,2026-07-28T16:56:41+00:00
EXP-006562,ACCT-000045,B0196,2042-01-21,0.0,2026-07-28T16:56:41+00:00
EXP-006563,ACCT-000707,B0196,2042-01-21,0.0,2026-07-28T16:56:41+00:00
EXP-006564,ACCT-000708,B0196,2042-01-21,0.0,2026-07-28T16:56:41+00:00
EXP-006565,ACCT-000709,B0196,2042-01-21,0.0,2026-07-28T16:56:41+00:00
EXP-006566,ACCT-000710,B0196,2042-01-21,0.0,2026-07-28T16:56:41+00:00
EXP-006567,ACCT-000535,B0197,2042-02-20,0.0,2026-07-28T18:09:35+00:00
EXP-006568,ACCT-000449,B0197,2042-02-20,0.0,2026-07-28T18:09:35+00:00
EXP-006569,ACCT-000572,B0197,2042-02-20,0.0,2026-07-28T18:09:35+00:00
EXP-006570,ACCT-000079,B0197,2042-02-20,0.0,2026-07-28T18:09:35+00:00
EXP-006571,ACCT-000011,B0197,2042-02-20,0.0,2026-07-28T18:09:35+00:00
EXP-006572,ACCT-000131,B0197,2042-02-20,0.0,2026-07-28T18:09:35+00:00
EXP-006573,ACCT-000501,B0197,2042-02-20,0.0,2026-07-28T18:09:35+00:00
EXP-006574,ACCT-000081,B0197,2042-02-20,0.0,2026-07-28T18:09:35+00:00
EXP-006575,ACCT-000681,B0197,2042-02-20,0.0,2026-07-28T18:09:35+00:00
EXP-006576,ACCT-000432,B0197,2042-02-20,0.0,2026-07-28T18:09:35+00:00
EXP-006577,ACCT-000324,B0197,2042-02-20,0.0,2026-07-28T18:09:35+00:00
EXP-006578,ACCT-000639,B0197,2042-02-20,0.0,2026-07-28T18:09:35+00:00
EXP-006579,ACCT-000453,B0197,2042-02-20,0.0,2026-07-28T18:09:35+00:00
EXP-006580,ACCT-000569,B0197,2042-02-20,0.0,2026-07-28T18:09:35+00:00
EXP-006581,ACCT-000650,B0197,2042-02-20,0.0,2026-07-28T18:09:35+00:00
EXP-006582,ACCT-000338,B0197,2042-02-20,0.0,2026-07-28T18:09:35+00:00
EXP-006583,ACCT-000207,B0197,2042-02-20,0.0,2026-07-28T18:09:35+00:00
EXP-006584,ACCT-000171,B0197,2042-02-20,0.0,2026-07-28T18:09:35+00:00
EXP-006585,ACCT-000682,B0197,2042-02-20,49.99,2026-07-28T18:09:35+00:00
EXP-006586,ACCT-000686,B0197,2042-02-20,0.0,2026-07-28T18:09:35+00:00
EXP-006587,ACCT-000218,B0197,2042-02-20,0.0,2026-07-28T18:09:35+00:00
EXP-006588,ACCT-000610,B0197,2042-02-20,0.0,2026-07-28T18:09:35+00:00
EXP-006589,ACCT-000503,B0197,2042-02-20,0.0,2026-07-28T18:09:35+00:00
EXP-006590,ACCT-000410,B0197,2042-02-20,0.0,2026-07-28T18:09:35+00:00
EXP-006591,ACCT-000618,B0197,2042-02-20,0.0,2026-07-28T18:09:35+00:00
EXP-006592,ACCT-000711,B0197,2042-02-20,0.0,2026-07-28T18:09:35+00:00
EXP-006593,ACCT-000712,B0197,2042-02-20,0.0,2026-07-28T18:09:35+00:00
EXP-006594,ACCT-000713,B0197,2042-02-20,0.0,2026-07-28T18:09:35+00:00
EXP-006595,ACCT-000714,B0197,2042-02-20,0.0,2026-07-28T18:09:35+00:00
EXP-006596,ACCT-000394,B0198,2042-03-22,0.0,2026-07-28T19:58:49+00:00
EXP-006597,ACCT-000636,B0198,2042-03-22,56.04,2026-07-28T19:58:49+00:00
EXP-006598,ACCT-000254,B0198,2042-03-22,0.0,2026-07-28T19:58:49+00:00
EXP-006599,ACCT-000218,B0198,2042-03-22,0.0,2026-07-28T19:58:49+00:00
EXP-006600,ACCT-000527,B0198,2042-03-22,0.0,2026-07-28T19:58:49+00:00
EXP-006601,ACCT-000134,B0198,2042-03-22,0.0,2026-07-28T19:58:49+00:00
EXP-006602,ACCT-000564,B0198,2042-03-22,0.0,2026-07-28T19:58:49+00:00
EXP-006603,ACCT-000592,B0198,2042-03-22,0.0,2026-07-28T19:58:49+00:00
EXP-006604,ACCT-000401,B0198,2042-03-22,0.0,2026-07-28T19:58:49+00:00
EXP-006605,ACCT-000590,B0198,2042-03-22,0.0,2026-07-28T19:58:49+00:00
EXP-006606,ACCT-000451,B0198,2042-03-22,0.0,2026-07-28T19:58:49+00:00
EXP-006607,ACCT-000066,B0198,2042-03-22,0.0,2026-07-28T19:58:49+00:00
EXP-006608,ACCT-000437,B0198,2042-03-22,0.0,2026-07-28T19:58:49+00:00
EXP-006609,ACCT-000309,B0198,2042-03-22,0.0,2026-07-28T19:58:49+00:00
EXP-006610,ACCT-000580,B0198,2042-03-22,0.0,2026-07-28T19:58:49+00:00
EXP-006611,ACCT-000440,B0198,2042-03-22,0.0,2026-07-28T19:58:49+00:00
EXP-006612,ACCT-000562,B0198,2042-03-22,0.0,2026-07-28T19:58:49+00:00
EXP-006613,ACCT-000204,B0198,2042-03-22,22.8,2026-07-28T19:58:49+00:00
EXP-006614,ACCT-000393,B0198,2042-03-22,0.0,2026-07-28T19:58:49+00:00
EXP-006615,ACCT-000099,B0198,2042-03-22,0.0,2026-07-28T19:58:49+00:00
EXP-006616,ACCT-000206,B0198,2042-03-22,0.0,2026-07-28T19:58:49+00:00
EXP-006617,ACCT-000557,B0198,2042-03-22,0.0,2026-07-28T19:58:49+00:00
EXP-006618,ACCT-000151,B0198,2042-03-22,0.0,2026-07-28T19:58:49+00:00
EXP-006619,ACCT-000187,B0198,2042-03-22,0.0,2026-07-28T19:58:49+00:00
EXP-006620,ACCT-000096,B0198,2042-03-22,0.0,2026-07-28T19:58:49+00:00
EXP-006621,ACCT-000635,B0198,2042-03-22,-8.87,2026-07-28T19:58:49+00:00
EXP-006622,ACCT-000138,B0198,2042-03-22,0.0,2026-07-28T19:58:49+00:00
EXP-006623,ACCT-000267,B0198,2042-03-22,0.0,2026-07-28T19:58:49+00:00
EXP-006624,ACCT-000448,B0198,2042-03-22,0.0,2026-07-28T19:58:49+00:00
EXP-006625,ACCT-000715,B0198,2042-03-22,0.0,2026-07-28T19:58:49+00:00
EXP-006626,ACCT-000716,B0198,2042-03-22,42.26,2026-07-28T19:58:49+00:00
EXP-006627,ACCT-000717,B0198,2042-03-22,0.0,2026-07-28T19:58:49+00:00
EXP-006628,ACCT-000718,B0198,2042-03-22,0.0,2026-07-28T19:58:49+00:00
EXP-006629,ACCT-000480,B0199,2042-04-21,0.0,2026-07-28T21:08:40+00:00
EXP-006630,ACCT-000526,B0199,2042-04-21,0.0,2026-07-28T21:08:40+00:00
EXP-006631,ACCT-000574,B0199,2042-04-21,0.0,2026-07-28T21:08:40+00:00
EXP-006632,ACCT-000091,B0199,2042-04-21,0.0,2026-07-28T21:08:40+00:00
EXP-006633,ACCT-000028,B0199,2042-04-21,0.0,2026-07-28T21:08:40+00:00
EXP-006634,ACCT-000614,B0199,2042-04-21,0.0,2026-07-28T21:08:40+00:00
EXP-006635,ACCT-000081,B0199,2042-04-21,0.0,2026-07-28T21:08:40+00:00
EXP-006636,ACCT-000482,B0199,2042-04-21,0.0,2026-07-28T21:08:40+00:00
EXP-006637,ACCT-000112,B0199,2042-04-21,0.0,2026-07-28T21:08:40+00:00
EXP-006638,ACCT-000180,B0199,2042-04-21,0.0,2026-07-28T21:08:40+00:00
EXP-006639,ACCT-000474,B0199,2042-04-21,0.0,2026-07-28T21:08:40+00:00
EXP-006640,ACCT-000531,B0199,2042-04-21,45.9,2026-07-28T21:08:40+00:00
EXP-006641,ACCT-000445,B0199,2042-04-21,0.0,2026-07-28T21:08:40+00:00
EXP-006642,ACCT-000694,B0199,2042-04-21,0.0,2026-07-28T21:08:40+00:00
EXP-006643,ACCT-000163,B0199,2042-04-21,0.0,2026-07-28T21:08:40+00:00
EXP-006644,ACCT-000563,B0199,2042-04-21,0.0,2026-07-28T21:08:40+00:00
EXP-006645,ACCT-000129,B0199,2042-04-21,0.0,2026-07-28T21:08:40+00:00
EXP-006646,ACCT-000214,B0199,2042-04-21,0.0,2026-07-28T21:08:40+00:00
EXP-006647,ACCT-000101,B0199,2042-04-21,30.2,2026-07-28T21:08:40+00:00
EXP-006648,ACCT-000543,B0199,2042-04-21,0.0,2026-07-28T21:08:40+00:00
EXP-006649,ACCT-000189,B0199,2042-04-21,0.0,2026-07-28T21:08:40+00:00
EXP-006650,ACCT-000094,B0199,2042-04-21,0.0,2026-07-28T21:08:40+00:00
EXP-006651,ACCT-000607,B0199,2042-04-21,0.0,2026-07-28T21:08:40+00:00
EXP-006652,ACCT-000603,B0199,2042-04-21,0.0,2026-07-28T21:08:40+00:00
EXP-006653,ACCT-000449,B0199,2042-04-21,0.0,2026-07-28T21:08:40+00:00
EXP-006654,ACCT-000697,B0199,2042-04-21,0.0,2026-07-28T21:08:40+00:00
EXP-006655,ACCT-000638,B0199,2042-04-21,0.0,2026-07-28T21:08:40+00:00
EXP-006656,ACCT-000443,B0199,2042-04-21,0.0,2026-07-28T21:08:40+00:00
EXP-006657,ACCT-000300,B0199,2042-04-21,0.0,2026-07-28T21:08:40+00:00
EXP-006658,ACCT-000440,B0199,2042-04-21,0.0,2026-07-28T21:08:40+00:00
EXP-006659,ACCT-000304,B0199,2042-04-21,0.0,2026-07-28T21:08:40+00:00
EXP-006660,ACCT-000380,B0199,2042-04-21,0.0,2026-07-28T21:08:40+00:00
EXP-006661,ACCT-000714,B0199,2042-04-21,0.0,2026-07-28T21:08:40+00:00
EXP-006662,ACCT-000328,B0199,2042-04-21,0.0,2026-07-28T21:08:40+00:00
EXP-006663,ACCT-000719,B0199,2042-04-21,0.0,2026-07-28T21:08:40+00:00
EXP-006664,ACCT-000720,B0199,2042-04-21,0.0,2026-07-28T21:08:40+00:00
EXP-006665,ACCT-000721,B0199,2042-04-21,0.0,2026-07-28T21:08:40+00:00
EXP-006666,ACCT-000722,B0199,2042-04-21,0.0,2026-07-28T21:08:40+00:00
EXP-006667,ACCT-000393,B0200,2042-05-21,0.0,2026-07-28T22:32:08+00:00
EXP-006668,ACCT-000102,B0200,2042-05-21,0.0,2026-07-28T22:32:08+00:00
EXP-006669,ACCT-000675,B0200,2042-05-21,0.0,2026-07-28T22:32:08+00:00
EXP-006670,ACCT-000621,B0200,2042-05-21,0.0,2026-07-28T22:32:08+00:00
EXP-006671,ACCT-000550,B0200,2042-05-21,0.0,2026-07-28T22:32:08+00:00
EXP-006672,ACCT-000221,B0200,2042-05-21,0.0,2026-07-28T22:32:08+00:00
EXP-006673,ACCT-000700,B0200,2042-05-21,0.0,2026-07-28T22:32:08+00:00
EXP-006674,ACCT-000689,B0200,2042-05-21,0.0,2026-07-28T22:32:08+00:00
EXP-006675,ACCT-000629,B0200,2042-05-21,0.0,2026-07-28T22:32:08+00:00
EXP-006676,ACCT-000055,B0200,2042-05-21,0.0,2026-07-28T22:32:08+00:00
EXP-006677,ACCT-000640,B0200,2042-05-21,0.0,2026-07-28T22:32:08+00:00
EXP-006678,ACCT-000434,B0200,2042-05-21,26.85,2026-07-28T22:32:08+00:00
EXP-006679,ACCT-000625,B0200,2042-05-21,0.0,2026-07-28T22:32:08+00:00
EXP-006680,ACCT-000486,B0200,2042-05-21,0.0,2026-07-28T22:32:08+00:00
EXP-006681,ACCT-000681,B0200,2042-05-21,0.0,2026-07-28T22:32:08+00:00
EXP-006682,ACCT-000575,B0200,2042-05-21,0.0,2026-07-28T22:32:08+00:00
EXP-006683,ACCT-000132,B0200,2042-05-21,0.0,2026-07-28T22:32:08+00:00
EXP-006684,ACCT-000698,B0200,2042-05-21,0.0,2026-07-28T22:32:08+00:00
EXP-006685,ACCT-000211,B0200,2042-05-21,0.0,2026-07-28T22:32:08+00:00
EXP-006686,ACCT-000029,B0200,2042-05-21,0.0,2026-07-28T22:32:08+00:00
EXP-006687,ACCT-000295,B0200,2042-05-21,0.0,2026-07-28T22:32:08+00:00
EXP-006688,ACCT-000482,B0200,2042-05-21,0.0,2026-07-28T22:32:08+00:00
EXP-006689,ACCT-000064,B0200,2042-05-21,0.0,2026-07-28T22:32:08+00:00
EXP-006690,ACCT-000502,B0200,2042-05-21,0.0,2026-07-28T22:32:08+00:00
EXP-006691,ACCT-000408,B0200,2042-05-21,0.0,2026-07-28T22:32:08+00:00
EXP-006692,ACCT-000657,B0200,2042-05-21,0.0,2026-07-28T22:32:08+00:00
EXP-006693,ACCT-000595,B0200,2042-05-21,0.0,2026-07-28T22:32:08+00:00
EXP-006694,ACCT-000723,B0200,2042-05-21,0.0,2026-07-28T22:32:08+00:00
EXP-006695,ACCT-000724,B0200,2042-05-21,0.0,2026-07-28T22:32:08+00:00
EXP-006696,ACCT-000684,B0201,2042-06-20,0.0,2026-07-28T23:53:30+00:00
EXP-006697,ACCT-000262,B0201,2042-06-20,0.0,2026-07-28T23:53:30+00:00
EXP-006698,ACCT-000661,B0201,2042-06-20,0.0,2026-07-28T23:53:30+00:00
EXP-006699,ACCT-000532,B0201,2042-06-20,0.0,2026-07-28T23:53:30+00:00
EXP-006700,ACCT-000597,B0201,2042-06-20,0.0,2026-07-28T23:53:30+00:00
EXP-006701,ACCT-000424,B0201,2042-06-20,0.0,2026-07-28T23:53:30+00:00
EXP-006702,ACCT-000268,B0201,2042-06-20,0.0,2026-07-28T23:53:30+00:00
EXP-006703,ACCT-000536,B0201,2042-06-20,0.0,2026-07-28T23:53:30+00:00
EXP-006704,ACCT-000671,B0201,2042-06-20,33.04,2026-07-28T23:53:30+00:00
EXP-006705,ACCT-000070,B0201,2042-06-20,0.0,2026-07-28T23:53:30+00:00
EXP-006706,ACCT-000319,B0201,2042-06-20,0.0,2026-07-28T23:53:30+00:00
EXP-006707,ACCT-000451,B0201,2042-06-20,0.0,2026-07-28T23:53:30+00:00
EXP-006708,ACCT-000648,B0201,2042-06-20,0.0,2026-07-28T23:53:30+00:00
EXP-006709,ACCT-000717,B0201,2042-06-20,0.0,2026-07-28T23:53:30+00:00
EXP-006710,ACCT-000636,B0201,2042-06-20,0.0,2026-07-28T23:53:30+00:00
EXP-006711,ACCT-000246,B0201,2042-06-20,0.0,2026-07-28T23:53:30+00:00
EXP-006712,ACCT-000236,B0201,2042-06-20,0.0,2026-07-28T23:53:30+00:00
EXP-006713,ACCT-000446,B0201,2042-06-20,0.0,2026-07-28T23:53:30+00:00
EXP-006714,ACCT-000110,B0201,2042-06-20,0.0,2026-07-28T23:53:30+00:00
EXP-006715,ACCT-000386,B0201,2042-06-20,0.0,2026-07-28T23:53:30+00:00
EXP-006716,ACCT-000567,B0201,2042-06-20,0.0,2026-07-28T23:53:30+00:00
EXP-006717,ACCT-000618,B0201,2042-06-20,0.0,2026-07-28T23:53:30+00:00
EXP-006718,ACCT-000035,B0201,2042-06-20,0.0,2026-07-28T23:53:30+00:00
EXP-006719,ACCT-000080,B0201,2042-06-20,0.0,2026-07-28T23:53:30+00:00
EXP-006720,ACCT-000657,B0201,2042-06-20,0.0,2026-07-28T23:53:30+00:00
EXP-006721,ACCT-000101,B0201,2042-06-20,0.0,2026-07-28T23:53:30+00:00
EXP-006722,ACCT-000436,B0201,2042-06-20,0.0,2026-07-28T23:53:30+00:00
EXP-006723,ACCT-000242,B0201,2042-06-20,0.0,2026-07-28T23:53:30+00:00
EXP-006724,ACCT-000480,B0201,2042-06-20,0.0,2026-07-28T23:53:30+00:00
EXP-006725,ACCT-000725,B0201,2042-06-20,0.0,2026-07-28T23:53:30+00:00
EXP-006726,ACCT-000726,B0201,2042-06-20,0.0,2026-07-28T23:53:30+00:00
EXP-006727,ACCT-000727,B0201,2042-06-20,0.0,2026-07-28T23:53:30+00:00
EXP-006728,ACCT-000274,B0202,2042-07-20,0.0,2026-07-29T01:51:00+00:00
EXP-006729,ACCT-000558,B0202,2042-07-20,0.0,2026-07-29T01:51:00+00:00
EXP-006730,ACCT-000392,B0202,2042-07-20,0.0,2026-07-29T01:51:00+00:00
EXP-006731,ACCT-000472,B0202,2042-07-20,0.0,2026-07-29T01:51:00+00:00
EXP-006732,ACCT-000723,B0202,2042-07-20,0.0,2026-07-29T01:51:00+00:00
EXP-006733,ACCT-000383,B0202,2042-07-20,0.0,2026-07-29T01:51:00+00:00
EXP-006734,ACCT-000256,B0202,2042-07-20,0.0,2026-07-29T01:51:00+00:00
EXP-006735,ACCT-000372,B0202,2042-07-20,0.0,2026-07-29T01:51:00+00:00
EXP-006736,ACCT-000039,B0202,2042-07-20,0.0,2026-07-29T01:51:00+00:00
EXP-006737,ACCT-000597,B0202,2042-07-20,0.0,2026-07-29T01:51:00+00:00
EXP-006738,ACCT-000415,B0202,2042-07-20,0.0,2026-07-29T01:51:00+00:00
EXP-006739,ACCT-000342,B0202,2042-07-20,0.0,2026-07-29T01:51:00+00:00
EXP-006740,ACCT-000362,B0202,2042-07-20,0.0,2026-07-29T01:51:00+00:00
EXP-006741,ACCT-000071,B0202,2042-07-20,0.0,2026-07-29T01:51:00+00:00
EXP-006742,ACCT-000530,B0202,2042-07-20,0.0,2026-07-29T01:51:00+00:00
EXP-006743,ACCT-000483,B0202,2042-07-20,0.0,2026-07-29T01:51:00+00:00
EXP-006744,ACCT-000194,B0202,2042-07-20,0.0,2026-07-29T01:51:00+00:00
EXP-006745,ACCT-000337,B0202,2042-07-20,-5.93,2026-07-29T01:51:00+00:00
EXP-006746,ACCT-000250,B0202,2042-07-20,0.0,2026-07-29T01:51:00+00:00
EXP-006747,ACCT-000509,B0202,2042-07-20,0.0,2026-07-29T01:51:00+00:00
EXP-006748,ACCT-000575,B0202,2042-07-20,12.96,2026-07-29T01:51:00+00:00
EXP-006749,ACCT-000141,B0202,2042-07-20,0.0,2026-07-29T01:51:00+00:00
EXP-006750,ACCT-000379,B0202,2042-07-20,-13.0,2026-07-29T01:51:00+00:00
EXP-006751,ACCT-000189,B0202,2042-07-20,0.0,2026-07-29T01:51:00+00:00
EXP-006752,ACCT-000643,B0202,2042-07-20,0.0,2026-07-29T01:51:00+00:00
EXP-006753,ACCT-000055,B0202,2042-07-20,0.0,2026-07-29T01:51:00+00:00
EXP-006754,ACCT-000434,B0202,2042-07-20,42.09,2026-07-29T01:51:00+00:00
EXP-006755,ACCT-000409,B0202,2042-07-20,0.0,2026-07-29T01:51:00+00:00
EXP-006756,ACCT-000663,B0202,2042-07-20,0.0,2026-07-29T01:51:00+00:00
EXP-006757,ACCT-000667,B0202,2042-07-20,50.46,2026-07-29T01:51:00+00:00
EXP-006758,ACCT-000523,B0202,2042-07-20,0.0,2026-07-29T01:51:00+00:00
EXP-006759,ACCT-000110,B0202,2042-07-20,0.0,2026-07-29T01:51:00+00:00
EXP-006760,ACCT-000051,B0202,2042-07-20,0.0,2026-07-29T01:51:00+00:00
EXP-006761,ACCT-000443,B0202,2042-07-20,0.0,2026-07-29T01:51:00+00:00
EXP-006762,ACCT-000728,B0202,2042-07-20,0.0,2026-07-29T01:51:00+00:00
EXP-006763,ACCT-000729,B0202,2042-07-20,0.0,2026-07-29T01:51:00+00:00
EXP-006764,ACCT-000730,B0202,2042-07-20,45.51,2026-07-29T01:51:00+00:00
EXP-006765,ACCT-000553,B0203,2042-08-19,0.0,2026-07-29T05:14:32+00:00
EXP-006766,ACCT-000099,B0203,2042-08-19,0.0,2026-07-29T05:14:32+00:00
EXP-006767,ACCT-000212,B0203,2042-08-19,0.0,2026-07-29T05:14:32+00:00
EXP-006768,ACCT-000426,B0203,2042-08-19,0.0,2026-07-29T05:14:32+00:00
EXP-006769,ACCT-000273,B0203,2042-08-19,0.0,2026-07-29T05:14:32+00:00
EXP-006770,ACCT-000345,B0203,2042-08-19,0.0,2026-07-29T05:14:32+00:00
EXP-006771,ACCT-000092,B0203,2042-08-19,0.0,2026-07-29T05:14:32+00:00
EXP-006772,ACCT-000289,B0203,2042-08-19,0.0,2026-07-29T05:14:32+00:00
EXP-006773,ACCT-000188,B0203,2042-08-19,0.0,2026-07-29T05:14:32+00:00
EXP-006774,ACCT-000333,B0203,2042-08-19,0.0,2026-07-29T05:14:32+00:00
EXP-006775,ACCT-000042,B0203,2042-08-19,0.0,2026-07-29T05:14:32+00:00
EXP-006776,ACCT-000196,B0203,2042-08-19,0.0,2026-07-29T05:14:32+00:00
EXP-006777,ACCT-000230,B0203,2042-08-19,0.0,2026-07-29T05:14:32+00:00
EXP-006778,ACCT-000691,B0203,2042-08-19,0.0,2026-07-29T05:14:32+00:00
EXP-006779,ACCT-000256,B0203,2042-08-19,0.0,2026-07-29T05:14:32+00:00
EXP-006780,ACCT-000063,B0203,2042-08-19,0.0,2026-07-29T05:14:32+00:00
EXP-006781,ACCT-000496,B0203,2042-08-19,0.0,2026-07-29T05:14:32+00:00
EXP-006782,ACCT-000175,B0203,2042-08-19,0.0,2026-07-29T05:14:32+00:00
EXP-006783,ACCT-000202,B0203,2042-08-19,0.0,2026-07-29T05:14:32+00:00
EXP-006784,ACCT-000507,B0203,2042-08-19,36.89,2026-07-29T05:14:32+00:00
EXP-006785,ACCT-000222,B0203,2042-08-19,0.0,2026-07-29T05:14:32+00:00
EXP-006786,ACCT-000380,B0203,2042-08-19,0.0,2026-07-29T05:14:32+00:00
EXP-006787,ACCT-000207,B0203,2042-08-19,0.0,2026-07-29T05:14:32+00:00
EXP-006788,ACCT-000353,B0203,2042-08-19,0.0,2026-07-29T05:14:32+00:00
EXP-006789,ACCT-000509,B0203,2042-08-19,0.0,2026-07-29T05:14:32+00:00
EXP-006790,ACCT-000475,B0203,2042-08-19,0.0,2026-07-29T05:14:32+00:00
EXP-006791,ACCT-000525,B0203,2042-08-19,0.0,2026-07-29T05:14:32+00:00
EXP-006792,ACCT-000492,B0203,2042-08-19,32.56,2026-07-29T05:14:32+00:00
EXP-006793,ACCT-000210,B0203,2042-08-19,0.0,2026-07-29T05:14:32+00:00
EXP-006794,ACCT-000136,B0203,2042-08-19,0.0,2026-07-29T05:14:32+00:00
EXP-006795,ACCT-000530,B0203,2042-08-19,0.0,2026-07-29T05:14:32+00:00
EXP-006796,ACCT-000731,B0203,2042-08-19,0.0,2026-07-29T05:14:32+00:00
EXP-006797,ACCT-000732,B0203,2042-08-19,0.0,2026-07-29T05:14:32+00:00
EXP-006798,ACCT-000733,B0203,2042-08-19,0.0,2026-07-29T05:14:32+00:00
EXP-006799,ACCT-000220,B0204,2042-09-18,0.0,2026-07-29T08:03:24+00:00
EXP-006800,ACCT-000156,B0204,2042-09-18,0.0,2026-07-29T08:03:24+00:00
EXP-006801,ACCT-000537,B0204,2042-09-18,0.0,2026-07-29T08:03:24+00:00
EXP-006802,ACCT-000112,B0204,2042-09-18,0.0,2026-07-29T08:03:24+00:00
EXP-006803,ACCT-000474,B0204,2042-09-18,0.0,2026-07-29T08:03:24+00:00
EXP-006804,ACCT-000494,B0204,2042-09-18,0.0,2026-07-29T08:03:24+00:00
EXP-006805,ACCT-000081,B0204,2042-09-18,0.0,2026-07-29T08:03:24+00:00
EXP-006806,ACCT-000411,B0204,2042-09-18,0.0,2026-07-29T08:03:24+00:00
EXP-006807,ACCT-000142,B0204,2042-09-18,0.0,2026-07-29T08:03:24+00:00
EXP-006808,ACCT-000626,B0204,2042-09-18,0.0,2026-07-29T08:03:24+00:00
EXP-006809,ACCT-000373,B0204,2042-09-18,0.0,2026-07-29T08:03:24+00:00
EXP-006810,ACCT-000674,B0204,2042-09-18,32.34,2026-07-29T08:03:24+00:00
EXP-006811,ACCT-000446,B0204,2042-09-18,0.0,2026-07-29T08:03:24+00:00
EXP-006812,ACCT-000710,B0204,2042-09-18,0.0,2026-07-29T08:03:24+00:00
EXP-006813,ACCT-000021,B0204,2042-09-18,0.0,2026-07-29T08:03:24+00:00
EXP-006814,ACCT-000273,B0204,2042-09-18,0.0,2026-07-29T08:03:24+00:00
EXP-006815,ACCT-000300,B0204,2042-09-18,0.0,2026-07-29T08:03:24+00:00
EXP-006816,ACCT-000590,B0204,2042-09-18,11.43,2026-07-29T08:03:24+00:00
EXP-006817,ACCT-000241,B0204,2042-09-18,0.0,2026-07-29T08:03:24+00:00
EXP-006818,ACCT-000029,B0204,2042-09-18,0.0,2026-07-29T08:03:24+00:00
EXP-006819,ACCT-000567,B0204,2042-09-18,0.0,2026-07-29T08:03:24+00:00
EXP-006820,ACCT-000635,B0204,2042-09-18,0.0,2026-07-29T08:03:24+00:00
EXP-006821,ACCT-000404,B0204,2042-09-18,0.0,2026-07-29T08:03:24+00:00
EXP-006822,ACCT-000284,B0204,2042-09-18,0.0,2026-07-29T08:03:24+00:00
EXP-006823,ACCT-000500,B0204,2042-09-18,0.0,2026-07-29T08:03:24+00:00
EXP-006824,ACCT-000105,B0204,2042-09-18,0.0,2026-07-29T08:03:24+00:00
EXP-006825,ACCT-000122,B0204,2042-09-18,0.0,2026-07-29T08:03:24+00:00
EXP-006826,ACCT-000734,B0204,2042-09-18,0.0,2026-07-29T08:03:24+00:00
EXP-006827,ACCT-000735,B0204,2042-09-18,0.0,2026-07-29T08:03:24+00:00
EXP-006828,ACCT-000736,B0204,2042-09-18,0.0,2026-07-29T08:03:24+00:00
EXP-006829,ACCT-000595,B0205,2042-10-18,0.0,2026-07-29T11:00:58+00:00
EXP-006830,ACCT-000213,B0205,2042-10-18,0.0,2026-07-29T11:00:58+00:00
EXP-006831,ACCT-000732,B0205,2042-10-18,0.0,2026-07-29T11:00:58+00:00
EXP-006832,ACCT-000525,B0205,2042-10-18,0.0,2026-07-29T11:00:58+00:00
EXP-006833,ACCT-000696,B0205,2042-10-18,0.0,2026-07-29T11:00:58+00:00
EXP-006834,ACCT-000326,B0205,2042-10-18,0.0,2026-07-29T11:00:58+00:00
EXP-006835,ACCT-000409,B0205,2042-10-18,0.0,2026-07-29T11:00:58+00:00
EXP-006836,ACCT-000485,B0205,2042-10-18,0.0,2026-07-29T11:00:58+00:00
EXP-006837,ACCT-000591,B0205,2042-10-18,0.0,2026-07-29T11:00:58+00:00
EXP-006838,ACCT-000118,B0205,2042-10-18,0.0,2026-07-29T11:00:58+00:00
EXP-006839,ACCT-000590,B0205,2042-10-18,0.0,2026-07-29T11:00:58+00:00
EXP-006840,ACCT-000092,B0205,2042-10-18,0.0,2026-07-29T11:00:58+00:00
EXP-006841,ACCT-000237,B0205,2042-10-18,0.0,2026-07-29T11:00:58+00:00
EXP-006842,ACCT-000009,B0205,2042-10-18,0.0,2026-07-29T11:00:58+00:00
EXP-006843,ACCT-000709,B0205,2042-10-18,0.0,2026-07-29T11:00:58+00:00
EXP-006844,ACCT-000186,B0205,2042-10-18,0.0,2026-07-29T11:00:58+00:00
EXP-006845,ACCT-000407,B0205,2042-10-18,0.0,2026-07-29T11:00:58+00:00
EXP-006846,ACCT-000276,B0205,2042-10-18,0.0,2026-07-29T11:00:58+00:00
EXP-006847,ACCT-000703,B0205,2042-10-18,0.0,2026-07-29T11:00:58+00:00
EXP-006848,ACCT-000634,B0205,2042-10-18,0.0,2026-07-29T11:00:58+00:00
EXP-006849,ACCT-000587,B0205,2042-10-18,0.0,2026-07-29T11:00:58+00:00
EXP-006850,ACCT-000581,B0205,2042-10-18,2.65,2026-07-29T11:00:58+00:00
EXP-006851,ACCT-000540,B0205,2042-10-18,0.0,2026-07-29T11:00:58+00:00
EXP-006852,ACCT-000082,B0205,2042-10-18,0.0,2026-07-29T11:00:58+00:00
EXP-006853,ACCT-000080,B0205,2042-10-18,0.0,2026-07-29T11:00:58+00:00
EXP-006854,ACCT-000664,B0205,2042-10-18,0.0,2026-07-29T11:00:58+00:00
EXP-006855,ACCT-000177,B0205,2042-10-18,29.81,2026-07-29T11:00:58+00:00
EXP-006856,ACCT-000169,B0205,2042-10-18,0.0,2026-07-29T11:00:58+00:00
EXP-006857,ACCT-000135,B0205,2042-10-18,0.0,2026-07-29T11:00:58+00:00
EXP-006858,ACCT-000311,B0205,2042-10-18,0.0,2026-07-29T11:00:58+00:00
EXP-006859,ACCT-000654,B0205,2042-10-18,0.0,2026-07-29T11:00:58+00:00
EXP-006860,ACCT-000461,B0205,2042-10-18,0.0,2026-07-29T11:00:58+00:00
EXP-006861,ACCT-000737,B0205,2042-10-18,0.0,2026-07-29T11:00:58+00:00
EXP-006862,ACCT-000738,B0205,2042-10-18,0.0,2026-07-29T11:00:58+00:00
EXP-006863,ACCT-000739,B0205,2042-10-18,0.0,2026-07-29T11:00:58+00:00
EXP-006864,ACCT-000688,B0206,2042-11-17,0.0,2026-07-29T13:12:34+00:00
EXP-006865,ACCT-000069,B0206,2042-11-17,42.98,2026-07-29T13:12:34+00:00
EXP-006866,ACCT-000706,B0206,2042-11-17,0.0,2026-07-29T13:12:34+00:00
EXP-006867,ACCT-000601,B0206,2042-11-17,0.0,2026-07-29T13:12:34+00:00
EXP-006868,ACCT-000721,B0206,2042-11-17,-8.41,2026-07-29T13:12:34+00:00
EXP-006869,ACCT-000173,B0206,2042-11-17,0.0,2026-07-29T13:12:34+00:00
EXP-006870,ACCT-000172,B0206,2042-11-17,0.0,2026-07-29T13:12:34+00:00
EXP-006871,ACCT-000418,B0206,2042-11-17,0.0,2026-07-29T13:12:34+00:00
EXP-006872,ACCT-000478,B0206,2042-11-17,0.0,2026-07-29T13:12:34+00:00
EXP-006873,ACCT-000304,B0206,2042-11-17,0.0,2026-07-29T13:12:34+00:00
EXP-006874,ACCT-000001,B0206,2042-11-17,0.0,2026-07-29T13:12:34+00:00
EXP-006875,ACCT-000474,B0206,2042-11-17,0.0,2026-07-29T13:12:34+00:00
EXP-006876,ACCT-000337,B0206,2042-11-17,0.0,2026-07-29T13:12:34+00:00
EXP-006877,ACCT-000117,B0206,2042-11-17,0.0,2026-07-29T13:12:34+00:00
EXP-006878,ACCT-000160,B0206,2042-11-17,0.0,2026-07-29T13:12:34+00:00
EXP-006879,ACCT-000505,B0206,2042-11-17,0.0,2026-07-29T13:12:34+00:00
EXP-006880,ACCT-000350,B0206,2042-11-17,0.0,2026-07-29T13:12:34+00:00
EXP-006881,ACCT-000522,B0206,2042-11-17,-8.17,2026-07-29T13:12:34+00:00
EXP-006882,ACCT-000287,B0206,2042-11-17,0.0,2026-07-29T13:12:34+00:00
EXP-006883,ACCT-000464,B0206,2042-11-17,0.0,2026-07-29T13:12:34+00:00
EXP-006884,ACCT-000063,B0206,2042-11-17,0.0,2026-07-29T13:12:34+00:00
EXP-006885,ACCT-000215,B0206,2042-11-17,-4.94,2026-07-29T13:12:34+00:00
EXP-006886,ACCT-000501,B0206,2042-11-17,0.0,2026-07-29T13:12:34+00:00
EXP-006887,ACCT-000133,B0206,2042-11-17,0.0,2026-07-29T13:12:34+00:00
EXP-006888,ACCT-000165,B0206,2042-11-17,0.0,2026-07-29T13:12:34+00:00
EXP-006889,ACCT-000701,B0206,2042-11-17,0.0,2026-07-29T13:12:34+00:00
EXP-006890,ACCT-000619,B0206,2042-11-17,0.0,2026-07-29T13:12:34+00:00
EXP-006891,ACCT-000213,B0206,2042-11-17,44.55,2026-07-29T13:12:34+00:00
EXP-006892,ACCT-000224,B0206,2042-11-17,-1.77,2026-07-29T13:12:34+00:00
EXP-006893,ACCT-000600,B0206,2042-11-17,0.0,2026-07-29T13:12:34+00:00
EXP-006894,ACCT-000121,B0206,2042-11-17,0.0,2026-07-29T13:12:34+00:00
EXP-006895,ACCT-000091,B0206,2042-11-17,0.0,2026-07-29T13:12:34+00:00
EXP-006896,ACCT-000711,B0206,2042-11-17,0.0,2026-07-29T13:12:34+00:00
EXP-006897,ACCT-000740,B0206,2042-11-17,0.0,2026-07-29T13:12:34+00:00
EXP-006898,ACCT-000741,B0206,2042-11-17,0.0,2026-07-29T13:12:34+00:00
EXP-006899,ACCT-000742,B0206,2042-11-17,-14.47,2026-07-29T13:12:34+00:00
EXP-006900,ACCT-000743,B0206,2042-11-17,0.0,2026-07-29T13:12:34+00:00
EXP-006901,ACCT-000479,B0207,2042-12-17,0.0,2026-07-29T15:26:33+00:00
EXP-006902,ACCT-000589,B0207,2042-12-17,0.0,2026-07-29T15:26:33+00:00
EXP-006903,ACCT-000189,B0207,2042-12-17,31.61,2026-07-29T15:26:33+00:00
EXP-006904,ACCT-000231,B0207,2042-12-17,0.0,2026-07-29T15:26:33+00:00
EXP-006905,ACCT-000485,B0207,2042-12-17,0.0,2026-07-29T15:26:33+00:00
EXP-006906,ACCT-000076,B0207,2042-12-17,0.0,2026-07-29T15:26:33+00:00
EXP-006907,ACCT-000398,B0207,2042-12-17,0.0,2026-07-29T15:26:33+00:00
EXP-006908,ACCT-000277,B0207,2042-12-17,0.0,2026-07-29T15:26:33+00:00
EXP-006909,ACCT-000033,B0207,2042-12-17,0.0,2026-07-29T15:26:33+00:00
EXP-006910,ACCT-000066,B0207,2042-12-17,0.0,2026-07-29T15:26:33+00:00
EXP-006911,ACCT-000657,B0207,2042-12-17,0.0,2026-07-29T15:26:33+00:00
EXP-006912,ACCT-000714,B0207,2042-12-17,0.0,2026-07-29T15:26:33+00:00
EXP-006913,ACCT-000169,B0207,2042-12-17,0.0,2026-07-29T15:26:33+00:00
EXP-006914,ACCT-000401,B0207,2042-12-17,0.0,2026-07-29T15:26:33+00:00
EXP-006915,ACCT-000209,B0207,2042-12-17,0.0,2026-07-29T15:26:33+00:00
EXP-006916,ACCT-000664,B0207,2042-12-17,0.0,2026-07-29T15:26:33+00:00
EXP-006917,ACCT-000386,B0207,2042-12-17,0.0,2026-07-29T15:26:33+00:00
EXP-006918,ACCT-000146,B0207,2042-12-17,0.0,2026-07-29T15:26:33+00:00
EXP-006919,ACCT-000429,B0207,2042-12-17,0.0,2026-07-29T15:26:33+00:00
EXP-006920,ACCT-000407,B0207,2042-12-17,0.0,2026-07-29T15:26:33+00:00
EXP-006921,ACCT-000442,B0207,2042-12-17,0.0,2026-07-29T15:26:33+00:00
EXP-006922,ACCT-000193,B0207,2042-12-17,3.84,2026-07-29T15:26:33+00:00
EXP-006923,ACCT-000138,B0207,2042-12-17,0.0,2026-07-29T15:26:33+00:00
EXP-006924,ACCT-000250,B0207,2042-12-17,0.0,2026-07-29T15:26:33+00:00
EXP-006925,ACCT-000414,B0207,2042-12-17,0.0,2026-07-29T15:26:33+00:00
EXP-006926,ACCT-000625,B0207,2042-12-17,0.0,2026-07-29T15:26:33+00:00
EXP-006927,ACCT-000458,B0207,2042-12-17,49.04,2026-07-29T15:26:33+00:00
EXP-006928,ACCT-000230,B0207,2042-12-17,0.0,2026-07-29T15:26:33+00:00
EXP-006929,ACCT-000521,B0207,2042-12-17,0.0,2026-07-29T15:26:33+00:00
EXP-006930,ACCT-000364,B0207,2042-12-17,0.0,2026-07-29T15:26:33+00:00
EXP-006931,ACCT-000296,B0207,2042-12-17,-13.5,2026-07-29T15:26:33+00:00
EXP-006932,ACCT-000242,B0207,2042-12-17,0.0,2026-07-29T15:26:33+00:00
EXP-006933,ACCT-000716,B0207,2042-12-17,0.0,2026-07-29T15:26:33+00:00
EXP-006934,ACCT-000375,B0207,2042-12-17,0.0,2026-07-29T15:26:33+00:00
EXP-006935,ACCT-000720,B0207,2042-12-17,0.0,2026-07-29T15:26:33+00:00
EXP-006936,ACCT-000744,B0207,2042-12-17,0.0,2026-07-29T15:26:33+00:00
EXP-006937,ACCT-000745,B0207,2042-12-17,0.0,2026-07-29T15:26:33+00:00
EXP-006938,ACCT-000355,B0208,2043-01-16,0.0,2026-07-29T16:48:04+00:00
EXP-006939,ACCT-000058,B0208,2043-01-16,58.29,2026-07-29T16:48:04+00:00
EXP-006940,ACCT-000508,B0208,2043-01-16,0.0,2026-07-29T16:48:04+00:00
EXP-006941,ACCT-000094,B0208,2043-01-16,0.0,2026-07-29T16:48:04+00:00
EXP-006942,ACCT-000123,B0208,2043-01-16,0.0,2026-07-29T16:48:04+00:00
EXP-006943,ACCT-000311,B0208,2043-01-16,0.0,2026-07-29T16:48:04+00:00
EXP-006944,ACCT-000212,B0208,2043-01-16,0.0,2026-07-29T16:48:04+00:00
EXP-006945,ACCT-000150,B0208,2043-01-16,0.0,2026-07-29T16:48:04+00:00
EXP-006946,ACCT-000485,B0208,2043-01-16,10.23,2026-07-29T16:48:04+00:00
EXP-006947,ACCT-000641,B0208,2043-01-16,0.0,2026-07-29T16:48:04+00:00
EXP-006948,ACCT-000014,B0208,2043-01-16,0.0,2026-07-29T16:48:04+00:00
EXP-006949,ACCT-000670,B0208,2043-01-16,0.0,2026-07-29T16:48:04+00:00
EXP-006950,ACCT-000146,B0208,2043-01-16,53.11,2026-07-29T16:48:04+00:00
EXP-006951,ACCT-000613,B0208,2043-01-16,0.0,2026-07-29T16:48:04+00:00
EXP-006952,ACCT-000192,B0208,2043-01-16,0.0,2026-07-29T16:48:04+00:00
EXP-006953,ACCT-000516,B0208,2043-01-16,0.0,2026-07-29T16:48:04+00:00
EXP-006954,ACCT-000668,B0208,2043-01-16,0.0,2026-07-29T16:48:04+00:00
EXP-006955,ACCT-000364,B0208,2043-01-16,0.0,2026-07-29T16:48:04+00:00
EXP-006956,ACCT-000361,B0208,2043-01-16,0.0,2026-07-29T16:48:04+00:00
EXP-006957,ACCT-000352,B0208,2043-01-16,0.0,2026-07-29T16:48:04+00:00
EXP-006958,ACCT-000530,B0208,2043-01-16,0.0,2026-07-29T16:48:04+00:00
EXP-006959,ACCT-000452,B0208,2043-01-16,0.0,2026-07-29T16:48:04+00:00
EXP-006960,ACCT-000725,B0208,2043-01-16,26.67,2026-07-29T16:48:04+00:00
EXP-006961,ACCT-000114,B0208,2043-01-16,0.0,2026-07-29T16:48:04+00:00
EXP-006962,ACCT-000685,B0208,2043-01-16,0.0,2026-07-29T16:48:04+00:00
EXP-006963,ACCT-000371,B0208,2043-01-16,0.0,2026-07-29T16:48:04+00:00
EXP-006964,ACCT-000746,B0208,2043-01-16,0.0,2026-07-29T16:48:04+00:00
EXP-006965,ACCT-000747,B0208,2043-01-16,0.0,2026-07-29T16:48:04+00:00
EXP-006966,ACCT-000748,B0208,2043-01-16,0.0,2026-07-29T16:48:04+00:00
EXP-006967,ACCT-000643,B0209,2043-02-15,3.56,2026-07-29T18:02:22+00:00
EXP-006968,ACCT-000196,B0209,2043-02-15,0.0,2026-07-29T18:02:22+00:00
EXP-006969,ACCT-000229,B0209,2043-02-15,0.0,2026-07-29T18:02:22+00:00
EXP-006970,ACCT-000066,B0209,2043-02-15,21.97,2026-07-29T18:02:22+00:00
EXP-006971,ACCT-000334,B0209,2043-02-15,0.0,2026-07-29T18:02:22+00:00
EXP-006972,ACCT-000147,B0209,2043-02-15,0.0,2026-07-29T18:02:22+00:00
EXP-006973,ACCT-000387,B0209,2043-02-15,0.0,2026-07-29T18:02:22+00:00
EXP-006974,ACCT-000563,B0209,2043-02-15,0.0,2026-07-29T18:02:22+00:00
EXP-006975,ACCT-000405,B0209,2043-02-15,0.0,2026-07-29T18:02:22+00:00
EXP-006976,ACCT-000487,B0209,2043-02-15,0.0,2026-07-29T18:02:22+00:00
EXP-006977,ACCT-000232,B0209,2043-02-15,0.0,2026-07-29T18:02:22+00:00
EXP-006978,ACCT-000282,B0209,2043-02-15,12.19,2026-07-29T18:02:22+00:00
EXP-006979,ACCT-000490,B0209,2043-02-15,0.0,2026-07-29T18:02:22+00:00
EXP-006980,ACCT-000647,B0209,2043-02-15,0.0,2026-07-29T18:02:22+00:00
EXP-006981,ACCT-000140,B0209,2043-02-15,0.0,2026-07-29T18:02:22+00:00
EXP-006982,ACCT-000071,B0209,2043-02-15,0.0,2026-07-29T18:02:22+00:00
EXP-006983,ACCT-000707,B0209,2043-02-15,0.0,2026-07-29T18:02:22+00:00
EXP-006984,ACCT-000084,B0209,2043-02-15,0.0,2026-07-29T18:02:22+00:00
EXP-006985,ACCT-000383,B0209,2043-02-15,0.0,2026-07-29T18:02:22+00:00
EXP-006986,ACCT-000678,B0209,2043-02-15,0.0,2026-07-29T18:02:22+00:00
EXP-006987,ACCT-000510,B0209,2043-02-15,0.0,2026-07-29T18:02:22+00:00
EXP-006988,ACCT-000195,B0209,2043-02-15,0.0,2026-07-29T18:02:22+00:00
EXP-006989,ACCT-000215,B0209,2043-02-15,0.0,2026-07-29T18:02:22+00:00
EXP-006990,ACCT-000622,B0209,2043-02-15,0.0,2026-07-29T18:02:22+00:00
EXP-006991,ACCT-000015,B0209,2043-02-15,0.0,2026-07-29T18:02:22+00:00
EXP-006992,ACCT-000359,B0209,2043-02-15,0.0,2026-07-29T18:02:22+00:00
EXP-006993,ACCT-000742,B0209,2043-02-15,0.0,2026-07-29T18:02:22+00:00
EXP-006994,ACCT-000749,B0209,2043-02-15,0.0,2026-07-29T18:02:22+00:00
EXP-006995,ACCT-000750,B0209,2043-02-15,0.0,2026-07-29T18:02:22+00:00
EXP-006996,ACCT-000751,B0209,2043-02-15,-7.98,2026-07-29T18:02:22+00:00
EXP-006997,ACCT-000702,B0210,2043-03-17,0.0,2026-07-29T19:51:18+00:00
EXP-006998,ACCT-000169,B0210,2043-03-17,0.0,2026-07-29T19:51:18+00:00
EXP-006999,ACCT-000276,B0210,2043-03-17,0.0,2026-07-29T19:51:18+00:00
EXP-007000,ACCT-000585,B0210,2043-03-17,0.0,2026-07-29T19:51:18+00:00
EXP-007001,ACCT-000489,B0210,2043-03-17,0.0,2026-07-29T19:51:18+00:00
EXP-007002,ACCT-000448,B0210,2043-03-17,0.0,2026-07-29T19:51:18+00:00
EXP-007003,ACCT-000590,B0210,2043-03-17,0.0,2026-07-29T19:51:18+00:00
EXP-007004,ACCT-000176,B0210,2043-03-17,0.0,2026-07-29T19:51:18+00:00
EXP-007005,ACCT-000301,B0210,2043-03-17,0.0,2026-07-29T19:51:18+00:00
EXP-007006,ACCT-000545,B0210,2043-03-17,0.0,2026-07-29T19:51:18+00:00
EXP-007007,ACCT-000388,B0210,2043-03-17,0.0,2026-07-29T19:51:18+00:00
EXP-007008,ACCT-000652,B0210,2043-03-17,-3.21,2026-07-29T19:51:18+00:00
EXP-007009,ACCT-000226,B0210,2043-03-17,0.0,2026-07-29T19:51:18+00:00
EXP-007010,ACCT-000432,B0210,2043-03-17,0.0,2026-07-29T19:51:18+00:00
EXP-007011,ACCT-000362,B0210,2043-03-17,0.0,2026-07-29T19:51:18+00:00
EXP-007012,ACCT-000579,B0210,2043-03-17,0.0,2026-07-29T19:51:18+00:00
EXP-007013,ACCT-000041,B0210,2043-03-17,0.0,2026-07-29T19:51:18+00:00
EXP-007014,ACCT-000612,B0210,2043-03-17,0.0,2026-07-29T19:51:18+00:00
EXP-007015,ACCT-000006,B0210,2043-03-17,0.0,2026-07-29T19:51:18+00:00
EXP-007016,ACCT-000566,B0210,2043-03-17,0.0,2026-07-29T19:51:18+00:00
EXP-007017,ACCT-000234,B0210,2043-03-17,0.0,2026-07-29T19:51:18+00:00
EXP-007018,ACCT-000342,B0210,2043-03-17,0.0,2026-07-29T19:51:18+00:00
EXP-007019,ACCT-000179,B0210,2043-03-17,0.0,2026-07-29T19:51:18+00:00
EXP-007020,ACCT-000380,B0210,2043-03-17,0.0,2026-07-29T19:51:18+00:00
EXP-007021,ACCT-000674,B0210,2043-03-17,0.0,2026-07-29T19:51:18+00:00
EXP-007022,ACCT-000351,B0210,2043-03-17,0.0,2026-07-29T19:51:18+00:00
EXP-007023,ACCT-000182,B0210,2043-03-17,0.0,2026-07-29T19:51:18+00:00
EXP-007024,ACCT-000752,B0210,2043-03-17,0.0,2026-07-29T19:51:18+00:00
EXP-007025,ACCT-000753,B0210,2043-03-17,0.0,2026-07-29T19:51:18+00:00
EXP-007026,ACCT-000521,B0211,2043-04-16,0.0,2026-07-29T20:44:55+00:00
EXP-007027,ACCT-000554,B0211,2043-04-16,0.0,2026-07-29T20:44:55+00:00
EXP-007028,ACCT-000326,B0211,2043-04-16,0.0,2026-07-29T20:44:55+00:00
EXP-007029,ACCT-000297,B0211,2043-04-16,0.0,2026-07-29T20:44:55+00:00
EXP-007030,ACCT-000539,B0211,2043-04-16,0.0,2026-07-29T20:44:55+00:00
EXP-007031,ACCT-000217,B0211,2043-04-16,0.0,2026-07-29T20:44:55+00:00
EXP-007032,ACCT-000313,B0211,2043-04-16,0.0,2026-07-29T20:44:55+00:00
EXP-007033,ACCT-000421,B0211,2043-04-16,0.0,2026-07-29T20:44:55+00:00
EXP-007034,ACCT-000206,B0211,2043-04-16,0.0,2026-07-29T20:44:55+00:00
EXP-007035,ACCT-000438,B0211,2043-04-16,0.0,2026-07-29T20:44:55+00:00
EXP-007036,ACCT-000169,B0211,2043-04-16,0.0,2026-07-29T20:44:55+00:00
EXP-007037,ACCT-000240,B0211,2043-04-16,0.0,2026-07-29T20:44:55+00:00
EXP-007038,ACCT-000596,B0211,2043-04-16,0.0,2026-07-29T20:44:55+00:00
EXP-007039,ACCT-000026,B0211,2043-04-16,0.0,2026-07-29T20:44:55+00:00
EXP-007040,ACCT-000062,B0211,2043-04-16,0.0,2026-07-29T20:44:55+00:00
EXP-007041,ACCT-000096,B0211,2043-04-16,0.0,2026-07-29T20:44:55+00:00
EXP-007042,ACCT-000053,B0211,2043-04-16,0.0,2026-07-29T20:44:55+00:00
EXP-007043,ACCT-000704,B0211,2043-04-16,0.0,2026-07-29T20:44:55+00:00
EXP-007044,ACCT-000309,B0211,2043-04-16,0.0,2026-07-29T20:44:55+00:00
EXP-007045,ACCT-000617,B0211,2043-04-16,0.0,2026-07-29T20:44:55+00:00
EXP-007046,ACCT-000451,B0211,2043-04-16,0.0,2026-07-29T20:44:55+00:00
EXP-007047,ACCT-000531,B0211,2043-04-16,0.0,2026-07-29T20:44:55+00:00
EXP-007048,ACCT-000650,B0211,2043-04-16,0.0,2026-07-29T20:44:55+00:00
EXP-007049,ACCT-000716,B0211,2043-04-16,0.0,2026-07-29T20:44:55+00:00
EXP-007050,ACCT-000594,B0211,2043-04-16,0.0,2026-07-29T20:44:55+00:00
EXP-007051,ACCT-000035,B0211,2043-04-16,0.0,2026-07-29T20:44:55+00:00
EXP-007052,ACCT-000644,B0211,2043-04-16,0.0,2026-07-29T20:44:55+00:00
EXP-007053,ACCT-000276,B0211,2043-04-16,0.0,2026-07-29T20:44:55+00:00
EXP-007054,ACCT-000743,B0211,2043-04-16,0.0,2026-07-29T20:44:55+00:00
EXP-007055,ACCT-000754,B0211,2043-04-16,0.0,2026-07-29T20:44:55+00:00
EXP-007056,ACCT-000755,B0211,2043-04-16,0.0,2026-07-29T20:44:55+00:00
EXP-007057,ACCT-000756,B0211,2043-04-16,0.0,2026-07-29T20:44:55+00:00
EXP-007058,ACCT-000095,B0212,2043-05-16,0.0,2026-07-29T21:52:47+00:00
EXP-007059,ACCT-000646,B0212,2043-05-16,1.68,2026-07-29T21:52:47+00:00
EXP-007060,ACCT-000229,B0212,2043-05-16,0.0,2026-07-29T21:52:47+00:00
EXP-007061,ACCT-000272,B0212,2043-05-16,0.0,2026-07-29T21:52:47+00:00
EXP-007062,ACCT-000127,B0212,2043-05-16,0.0,2026-07-29T21:52:47+00:00
EXP-007063,ACCT-000324,B0212,2043-05-16,-2.57,2026-07-29T21:52:47+00:00
EXP-007064,ACCT-000224,B0212,2043-05-16,0.0,2026-07-29T21:52:47+00:00
EXP-007065,ACCT-000401,B0212,2043-05-16,0.0,2026-07-29T21:52:47+00:00
EXP-007066,ACCT-000541,B0212,2043-05-16,0.0,2026-07-29T21:52:47+00:00
EXP-007067,ACCT-000310,B0212,2043-05-16,0.0,2026-07-29T21:52:47+00:00
EXP-007068,ACCT-000240,B0212,2043-05-16,4.67,2026-07-29T21:52:47+00:00
EXP-007069,ACCT-000036,B0212,2043-05-16,0.0,2026-07-29T21:52:47+00:00
EXP-007070,ACCT-000085,B0212,2043-05-16,0.0,2026-07-29T21:52:47+00:00
EXP-007071,ACCT-000145,B0212,2043-05-16,0.0,2026-07-29T21:52:47+00:00
EXP-007072,ACCT-000319,B0212,2043-05-16,0.0,2026-07-29T21:52:47+00:00
EXP-007073,ACCT-000703,B0212,2043-05-16,0.0,2026-07-29T21:52:47+00:00
EXP-007074,ACCT-000619,B0212,2043-05-16,0.0,2026-07-29T21:52:47+00:00
EXP-007075,ACCT-000390,B0212,2043-05-16,0.0,2026-07-29T21:52:47+00:00
EXP-007076,ACCT-000323,B0212,2043-05-16,0.0,2026-07-29T21:52:47+00:00
EXP-007077,ACCT-000169,B0212,2043-05-16,0.0,2026-07-29T21:52:47+00:00
EXP-007078,ACCT-000153,B0212,2043-05-16,0.0,2026-07-29T21:52:47+00:00
EXP-007079,ACCT-000594,B0212,2043-05-16,0.0,2026-07-29T21:52:47+00:00
EXP-007080,ACCT-000146,B0212,2043-05-16,0.0,2026-07-29T21:52:47+00:00
EXP-007081,ACCT-000691,B0212,2043-05-16,0.0,2026-07-29T21:52:47+00:00
EXP-007082,ACCT-000007,B0212,2043-05-16,0.0,2026-07-29T21:52:47+00:00
EXP-007083,ACCT-000520,B0212,2043-05-16,0.0,2026-07-29T21:52:47+00:00
EXP-007084,ACCT-000232,B0212,2043-05-16,0.0,2026-07-29T21:52:47+00:00
EXP-007085,ACCT-000196,B0212,2043-05-16,10.69,2026-07-29T21:52:47+00:00
EXP-007086,ACCT-000123,B0212,2043-05-16,0.0,2026-07-29T21:52:47+00:00
EXP-007087,ACCT-000294,B0212,2043-05-16,0.0,2026-07-29T21:52:47+00:00
EXP-007088,ACCT-000705,B0212,2043-05-16,0.0,2026-07-29T21:52:47+00:00
EXP-007089,ACCT-000352,B0212,2043-05-16,0.0,2026-07-29T21:52:47+00:00
EXP-007090,ACCT-000535,B0212,2043-05-16,0.0,2026-07-29T21:52:47+00:00
EXP-007091,ACCT-000757,B0212,2043-05-16,0.0,2026-07-29T21:52:47+00:00
EXP-007092,ACCT-000758,B0212,2043-05-16,0.0,2026-07-29T21:52:47+00:00
EXP-007093,ACCT-000044,B0213,2043-06-15,0.0,2026-07-29T22:54:01+00:00
EXP-007094,ACCT-000152,B0213,2043-06-15,0.0,2026-07-29T22:54:01+00:00
EXP-007095,ACCT-000664,B0213,2043-06-15,0.0,2026-07-29T22:54:01+00:00
EXP-007096,ACCT-000345,B0213,2043-06-15,0.0,2026-07-29T22:54:01+00:00
EXP-007097,ACCT-000677,B0213,2043-06-15,0.0,2026-07-29T22:54:01+00:00
EXP-007098,ACCT-000564,B0213,2043-06-15,0.0,2026-07-29T22:54:01+00:00
EXP-007099,ACCT-000056,B0213,2043-06-15,12.75,2026-07-29T22:54:01+00:00
EXP-007100,ACCT-000444,B0213,2043-06-15,0.0,2026-07-29T22:54:01+00:00
EXP-007101,ACCT-000731,B0213,2043-06-15,0.0,2026-07-29T22:54:01+00:00
EXP-007102,ACCT-000753,B0213,2043-06-15,0.0,2026-07-29T22:54:01+00:00
EXP-007103,ACCT-000623,B0213,2043-06-15,0.0,2026-07-29T22:54:01+00:00
EXP-007104,ACCT-000594,B0213,2043-06-15,0.0,2026-07-29T22:54:01+00:00
EXP-007105,ACCT-000070,B0213,2043-06-15,0.0,2026-07-29T22:54:01+00:00
EXP-007106,ACCT-000280,B0213,2043-06-15,0.0,2026-07-29T22:54:01+00:00
EXP-007107,ACCT-000271,B0213,2043-06-15,0.0,2026-07-29T22:54:01+00:00
EXP-007108,ACCT-000478,B0213,2043-06-15,0.0,2026-07-29T22:54:01+00:00
EXP-007109,ACCT-000635,B0213,2043-06-15,0.0,2026-07-29T22:54:01+00:00
EXP-007110,ACCT-000531,B0213,2043-06-15,0.0,2026-07-29T22:54:01+00:00
EXP-007111,ACCT-000732,B0213,2043-06-15,0.0,2026-07-29T22:54:01+00:00
EXP-007112,ACCT-000382,B0213,2043-06-15,0.0,2026-07-29T22:54:01+00:00
EXP-007113,ACCT-000457,B0213,2043-06-15,30.62,2026-07-29T22:54:01+00:00
EXP-007114,ACCT-000266,B0213,2043-06-15,0.0,2026-07-29T22:54:01+00:00
EXP-007115,ACCT-000627,B0213,2043-06-15,0.0,2026-07-29T22:54:01+00:00
EXP-007116,ACCT-000743,B0213,2043-06-15,0.0,2026-07-29T22:54:01+00:00
EXP-007117,ACCT-000146,B0213,2043-06-15,0.0,2026-07-29T22:54:01+00:00
EXP-007118,ACCT-000041,B0213,2043-06-15,0.0,2026-07-29T22:54:01+00:00
EXP-007119,ACCT-000654,B0213,2043-06-15,18.6,2026-07-29T22:54:01+00:00
EXP-007120,ACCT-000031,B0213,2043-06-15,0.0,2026-07-29T22:54:01+00:00
EXP-007121,ACCT-000147,B0213,2043-06-15,0.0,2026-07-29T22:54:01+00:00
EXP-007122,ACCT-000304,B0213,2043-06-15,60.31,2026-07-29T22:54:01+00:00
EXP-007123,ACCT-000158,B0213,2043-06-15,0.0,2026-07-29T22:54:01+00:00
EXP-007124,ACCT-000090,B0213,2043-06-15,0.0,2026-07-29T22:54:01+00:00
EXP-007125,ACCT-000663,B0213,2043-06-15,0.0,2026-07-29T22:54:01+00:00
EXP-007126,ACCT-000759,B0213,2043-06-15,0.0,2026-07-29T22:54:01+00:00
EXP-007127,ACCT-000760,B0213,2043-06-15,0.0,2026-07-29T22:54:01+00:00
EXP-007128,ACCT-000761,B0213,2043-06-15,0.0,2026-07-29T22:54:01+00:00
EXP-007129,ACCT-000762,B0213,2043-06-15,-14.78,2026-07-29T22:54:01+00:00
EXP-007130,ACCT-000685,B0214,2043-07-15,0.0,2026-07-29T23:55:25+00:00
EXP-007131,ACCT-000029,B0214,2043-07-15,0.0,2026-07-29T23:55:25+00:00
EXP-007132,ACCT-000333,B0214,2043-07-15,0.0,2026-07-29T23:55:25+00:00
EXP-007133,ACCT-000105,B0214,2043-07-15,0.0,2026-07-29T23:55:25+00:00
EXP-007134,ACCT-000731,B0214,2043-07-15,0.0,2026-07-29T23:55:25+00:00
EXP-007135,ACCT-000681,B0214,2043-07-15,0.0,2026-07-29T23:55:25+00:00
EXP-007136,ACCT-000235,B0214,2043-07-15,0.0,2026-07-29T23:55:25+00:00
EXP-007137,ACCT-000340,B0214,2043-07-15,9.05,2026-07-29T23:55:25+00:00
EXP-007138,ACCT-000182,B0214,2043-07-15,0.0,2026-07-29T23:55:25+00:00
EXP-007139,ACCT-000025,B0214,2043-07-15,0.0,2026-07-29T23:55:25+00:00
EXP-007140,ACCT-000307,B0214,2043-07-15,0.0,2026-07-29T23:55:25+00:00
EXP-007141,ACCT-000652,B0214,2043-07-15,0.0,2026-07-29T23:55:25+00:00
EXP-007142,ACCT-000066,B0214,2043-07-15,0.0,2026-07-29T23:55:25+00:00
EXP-007143,ACCT-000713,B0214,2043-07-15,0.0,2026-07-29T23:55:25+00:00
EXP-007144,ACCT-000382,B0214,2043-07-15,0.0,2026-07-29T23:55:25+00:00
EXP-007145,ACCT-000071,B0214,2043-07-15,-10.24,2026-07-29T23:55:25+00:00
EXP-007146,ACCT-000565,B0214,2043-07-15,-2.08,2026-07-29T23:55:25+00:00
EXP-007147,ACCT-000178,B0214,2043-07-15,75.91,2026-07-29T23:55:25+00:00
EXP-007148,ACCT-000195,B0214,2043-07-15,0.0,2026-07-29T23:55:25+00:00
EXP-007149,ACCT-000497,B0214,2043-07-15,0.0,2026-07-29T23:55:25+00:00
EXP-007150,ACCT-000433,B0214,2043-07-15,0.0,2026-07-29T23:55:25+00:00
EXP-007151,ACCT-000048,B0214,2043-07-15,0.0,2026-07-29T23:55:25+00:00
EXP-007152,ACCT-000254,B0214,2043-07-15,0.0,2026-07-29T23:55:25+00:00
EXP-007153,ACCT-000288,B0214,2043-07-15,0.0,2026-07-29T23:55:25+00:00
EXP-007154,ACCT-000141,B0214,2043-07-15,11.61,2026-07-29T23:55:25+00:00
EXP-007155,ACCT-000637,B0214,2043-07-15,0.0,2026-07-29T23:55:25+00:00
EXP-007156,ACCT-000429,B0214,2043-07-15,0.0,2026-07-29T23:55:25+00:00
EXP-007157,ACCT-000258,B0214,2043-07-15,0.0,2026-07-29T23:55:25+00:00
EXP-007158,ACCT-000763,B0214,2043-07-15,0.0,2026-07-29T23:55:25+00:00
EXP-007159,ACCT-000764,B0214,2043-07-15,0.0,2026-07-29T23:55:25+00:00
EXP-007160,ACCT-000765,B0214,2043-07-15,0.0,2026-07-29T23:55:25+00:00
EXP-007161,ACCT-000766,B0214,2043-07-15,0.0,2026-07-29T23:55:25+00:00
EXP-007162,ACCT-000139,B0215,2043-08-14,0.0,2026-07-30T01:43:52+00:00
EXP-007163,ACCT-000350,B0215,2043-08-14,0.0,2026-07-30T01:43:52+00:00
EXP-007164,ACCT-000689,B0215,2043-08-14,0.0,2026-07-30T01:43:52+00:00
EXP-007165,ACCT-000313,B0215,2043-08-14,0.0,2026-07-30T01:43:52+00:00
EXP-007166,ACCT-000655,B0215,2043-08-14,0.0,2026-07-30T01:43:52+00:00
EXP-007167,ACCT-000067,B0215,2043-08-14,0.0,2026-07-30T01:43:52+00:00
EXP-007168,ACCT-000699,B0215,2043-08-14,0.0,2026-07-30T01:43:52+00:00
EXP-007169,ACCT-000520,B0215,2043-08-14,0.0,2026-07-30T01:43:52+00:00
EXP-007170,ACCT-000195,B0215,2043-08-14,0.0,2026-07-30T01:43:52+00:00
EXP-007171,ACCT-000507,B0215,2043-08-14,0.0,2026-07-30T01:43:52+00:00
EXP-007172,ACCT-000757,B0215,2043-08-14,0.0,2026-07-30T01:43:52+00:00
EXP-007173,ACCT-000390,B0215,2043-08-14,-10.28,2026-07-30T01:43:52+00:00
EXP-007174,ACCT-000330,B0215,2043-08-14,0.0,2026-07-30T01:43:52+00:00
EXP-007175,ACCT-000583,B0215,2043-08-14,0.0,2026-07-30T01:43:52+00:00
EXP-007176,ACCT-000227,B0215,2043-08-14,0.0,2026-07-30T01:43:52+00:00
EXP-007177,ACCT-000476,B0215,2043-08-14,0.0,2026-07-30T01:43:52+00:00
EXP-007178,ACCT-000691,B0215,2043-08-14,0.0,2026-07-30T01:43:52+00:00
EXP-007179,ACCT-000146,B0215,2043-08-14,10.34,2026-07-30T01:43:52+00:00
EXP-007180,ACCT-000015,B0215,2043-08-14,-6.36,2026-07-30T01:43:52+00:00
EXP-007181,ACCT-000750,B0215,2043-08-14,0.0,2026-07-30T01:43:52+00:00
EXP-007182,ACCT-000040,B0215,2043-08-14,63.65,2026-07-30T01:43:52+00:00
EXP-007183,ACCT-000548,B0215,2043-08-14,0.0,2026-07-30T01:43:52+00:00
EXP-007184,ACCT-000478,B0215,2043-08-14,0.0,2026-07-30T01:43:52+00:00
EXP-007185,ACCT-000651,B0215,2043-08-14,0.0,2026-07-30T01:43:52+00:00
EXP-007186,ACCT-000682,B0215,2043-08-14,0.0,2026-07-30T01:43:52+00:00
EXP-007187,ACCT-000405,B0215,2043-08-14,0.0,2026-07-30T01:43:52+00:00
EXP-007188,ACCT-000462,B0215,2043-08-14,0.0,2026-07-30T01:43:52+00:00
EXP-007189,ACCT-000767,B0215,2043-08-14,0.0,2026-07-30T01:43:52+00:00
EXP-007190,ACCT-000768,B0215,2043-08-14,0.0,2026-07-30T01:43:52+00:00
EXP-007191,ACCT-000361,B0216,2043-09-13,0.0,2026-07-30T04:51:22+00:00
EXP-007192,ACCT-000641,B0216,2043-09-13,0.0,2026-07-30T04:51:22+00:00
EXP-007193,ACCT-000677,B0216,2043-09-13,0.0,2026-07-30T04:51:22+00:00
EXP-007194,ACCT-000087,B0216,2043-09-13,0.0,2026-07-30T04:51:22+00:00
EXP-007195,ACCT-000492,B0216,2043-09-13,0.0,2026-07-30T04:51:22+00:00
EXP-007196,ACCT-000506,B0216,2043-09-13,0.0,2026-07-30T04:51:22+00:00
EXP-007197,ACCT-000110,B0216,2043-09-13,0.0,2026-07-30T04:51:22+00:00
EXP-007198,ACCT-000470,B0216,2043-09-13,0.0,2026-07-30T04:51:22+00:00
EXP-007199,ACCT-000292,B0216,2043-09-13,0.0,2026-07-30T04:51:22+00:00
EXP-007200,ACCT-000711,B0216,2043-09-13,0.0,2026-07-30T04:51:22+00:00
EXP-007201,ACCT-000457,B0216,2043-09-13,0.0,2026-07-30T04:51:22+00:00
EXP-007202,ACCT-000053,B0216,2043-09-13,0.0,2026-07-30T04:51:22+00:00
EXP-007203,ACCT-000471,B0216,2043-09-13,0.0,2026-07-30T04:51:22+00:00
EXP-007204,ACCT-000138,B0216,2043-09-13,0.0,2026-07-30T04:51:22+00:00
EXP-007205,ACCT-000709,B0216,2043-09-13,0.0,2026-07-30T04:51:22+00:00
EXP-007206,ACCT-000600,B0216,2043-09-13,0.0,2026-07-30T04:51:22+00:00
EXP-007207,ACCT-000289,B0216,2043-09-13,0.0,2026-07-30T04:51:22+00:00
EXP-007208,ACCT-000238,B0216,2043-09-13,0.0,2026-07-30T04:51:22+00:00
EXP-007209,ACCT-000136,B0216,2043-09-13,0.0,2026-07-30T04:51:22+00:00
EXP-007210,ACCT-000682,B0216,2043-09-13,0.0,2026-07-30T04:51:22+00:00
EXP-007211,ACCT-000424,B0216,2043-09-13,0.0,2026-07-30T04:51:22+00:00
EXP-007212,ACCT-000054,B0216,2043-09-13,0.0,2026-07-30T04:51:22+00:00
EXP-007213,ACCT-000181,B0216,2043-09-13,0.0,2026-07-30T04:51:22+00:00
EXP-007214,ACCT-000587,B0216,2043-09-13,0.0,2026-07-30T04:51:22+00:00
EXP-007215,ACCT-000551,B0216,2043-09-13,0.0,2026-07-30T04:51:22+00:00
EXP-007216,ACCT-000599,B0216,2043-09-13,0.0,2026-07-30T04:51:22+00:00
EXP-007217,ACCT-000023,B0216,2043-09-13,6.14,2026-07-30T04:51:22+00:00
EXP-007218,ACCT-000602,B0216,2043-09-13,13.5,2026-07-30T04:51:22+00:00
EXP-007219,ACCT-000030,B0216,2043-09-13,0.0,2026-07-30T04:51:22+00:00
EXP-007220,ACCT-000203,B0216,2043-09-13,0.0,2026-07-30T04:51:22+00:00
EXP-007221,ACCT-000769,B0216,2043-09-13,0.0,2026-07-30T04:51:22+00:00
EXP-007222,ACCT-000770,B0216,2043-09-13,0.0,2026-07-30T04:51:22+00:00
EXP-007223,ACCT-000771,B0216,2043-09-13,0.0,2026-07-30T04:51:22+00:00
EXP-007224,ACCT-000659,B0217,2043-10-13,0.0,2026-07-30T07:29:51+00:00
EXP-007225,ACCT-000222,B0217,2043-10-13,0.0,2026-07-30T07:29:51+00:00
EXP-007226,ACCT-000486,B0217,2043-10-13,50.88,2026-07-30T07:29:51+00:00
EXP-007227,ACCT-000297,B0217,2043-10-13,0.0,2026-07-30T07:29:51+00:00
EXP-007228,ACCT-000514,B0217,2043-10-13,0.0,2026-07-30T07:29:51+00:00
EXP-007229,ACCT-000002,B0217,2043-10-13,0.0,2026-07-30T07:29:51+00:00
EXP-007230,ACCT-000556,B0217,2043-10-13,0.0,2026-07-30T07:29:51+00:00
EXP-007231,ACCT-000108,B0217,2043-10-13,0.0,2026-07-30T07:29:51+00:00
EXP-007232,ACCT-000476,B0217,2043-10-13,6.02,2026-07-30T07:29:51+00:00
EXP-007233,ACCT-000047,B0217,2043-10-13,0.0,2026-07-30T07:29:51+00:00
EXP-007234,ACCT-000477,B0217,2043-10-13,0.0,2026-07-30T07:29:51+00:00
EXP-007235,ACCT-000439,B0217,2043-10-13,0.0,2026-07-30T07:29:51+00:00
EXP-007236,ACCT-000364,B0217,2043-10-13,0.0,2026-07-30T07:29:51+00:00
EXP-007237,ACCT-000693,B0217,2043-10-13,0.0,2026-07-30T07:29:51+00:00
EXP-007238,ACCT-000550,B0217,2043-10-13,76.47,2026-07-30T07:29:51+00:00
EXP-007239,ACCT-000112,B0217,2043-10-13,0.0,2026-07-30T07:29:51+00:00
EXP-007240,ACCT-000688,B0217,2043-10-13,0.0,2026-07-30T07:29:51+00:00
EXP-007241,ACCT-000577,B0217,2043-10-13,0.0,2026-07-30T07:29:51+00:00
EXP-007242,ACCT-000242,B0217,2043-10-13,0.0,2026-07-30T07:29:51+00:00
EXP-007243,ACCT-000561,B0217,2043-10-13,0.0,2026-07-30T07:29:51+00:00
EXP-007244,ACCT-000387,B0217,2043-10-13,72.72,2026-07-30T07:29:51+00:00
EXP-007245,ACCT-000114,B0217,2043-10-13,0.0,2026-07-30T07:29:51+00:00
EXP-007246,ACCT-000326,B0217,2043-10-13,0.0,2026-07-30T07:29:51+00:00
EXP-007247,ACCT-000060,B0217,2043-10-13,0.0,2026-07-30T07:29:51+00:00
EXP-007248,ACCT-000218,B0217,2043-10-13,0.0,2026-07-30T07:29:51+00:00
EXP-007249,ACCT-000430,B0217,2043-10-13,0.0,2026-07-30T07:29:51+00:00
EXP-007250,ACCT-000772,B0217,2043-10-13,0.0,2026-07-30T07:29:51+00:00
EXP-007251,ACCT-000773,B0217,2043-10-13,73.87,2026-07-30T07:29:51+00:00
EXP-007252,ACCT-000774,B0217,2043-10-13,0.0,2026-07-30T07:29:51+00:00
EXP-007253,ACCT-000775,B0217,2043-10-13,0.0,2026-07-30T07:29:51+00:00
EXP-007254,ACCT-000360,B0218,2043-11-12,0.0,2026-07-30T09:59:49+00:00
EXP-007255,ACCT-000251,B0218,2043-11-12,0.0,2026-07-30T09:59:49+00:00
EXP-007256,ACCT-000684,B0218,2043-11-12,0.0,2026-07-30T09:59:49+00:00
EXP-007257,ACCT-000087,B0218,2043-11-12,0.0,2026-07-30T09:59:49+00:00
EXP-007258,ACCT-000060,B0218,2043-11-12,0.0,2026-07-30T09:59:49+00:00
EXP-007259,ACCT-000562,B0218,2043-11-12,0.0,2026-07-30T09:59:49+00:00
EXP-007260,ACCT-000417,B0218,2043-11-12,0.0,2026-07-30T09:59:49+00:00
EXP-007261,ACCT-000504,B0218,2043-11-12,10.71,2026-07-30T09:59:49+00:00
EXP-007262,ACCT-000183,B0218,2043-11-12,0.0,2026-07-30T09:59:49+00:00
EXP-007263,ACCT-000014,B0218,2043-11-12,0.0,2026-07-30T09:59:49+00:00
EXP-007264,ACCT-000666,B0218,2043-11-12,0.0,2026-07-30T09:59:49+00:00
EXP-007265,ACCT-000351,B0218,2043-11-12,0.0,2026-07-30T09:59:49+00:00
EXP-007266,ACCT-000326,B0218,2043-11-12,0.0,2026-07-30T09:59:49+00:00
EXP-007267,ACCT-000768,B0218,2043-11-12,0.0,2026-07-30T09:59:49+00:00
EXP-007268,ACCT-000343,B0218,2043-11-12,0.0,2026-07-30T09:59:49+00:00
EXP-007269,ACCT-000061,B0218,2043-11-12,4.87,2026-07-30T09:59:49+00:00
EXP-007270,ACCT-000773,B0218,2043-11-12,0.0,2026-07-30T09:59:49+00:00
EXP-007271,ACCT-000391,B0218,2043-11-12,-4.11,2026-07-30T09:59:49+00:00
EXP-007272,ACCT-000415,B0218,2043-11-12,67.68,2026-07-30T09:59:49+00:00
EXP-007273,ACCT-000384,B0218,2043-11-12,0.0,2026-07-30T09:59:49+00:00
EXP-007274,ACCT-000760,B0218,2043-11-12,0.0,2026-07-30T09:59:49+00:00
EXP-007275,ACCT-000151,B0218,2043-11-12,0.0,2026-07-30T09:59:49+00:00
EXP-007276,ACCT-000329,B0218,2043-11-12,0.0,2026-07-30T09:59:49+00:00
EXP-007277,ACCT-000020,B0218,2043-11-12,0.0,2026-07-30T09:59:49+00:00
EXP-007278,ACCT-000044,B0218,2043-11-12,2.0,2026-07-30T09:59:49+00:00
EXP-007279,ACCT-000747,B0218,2043-11-12,25.22,2026-07-30T09:59:49+00:00
EXP-007280,ACCT-000765,B0218,2043-11-12,0.0,2026-07-30T09:59:49+00:00
EXP-007281,ACCT-000149,B0218,2043-11-12,0.0,2026-07-30T09:59:49+00:00
EXP-007282,ACCT-000776,B0218,2043-11-12,0.0,2026-07-30T09:59:49+00:00
EXP-007283,ACCT-000777,B0218,2043-11-12,0.0,2026-07-30T09:59:49+00:00
EXP-007284,ACCT-000778,B0218,2043-11-12,0.0,2026-07-30T09:59:49+00:00
EXP-007285,ACCT-000503,B0219,2043-12-12,0.0,2026-07-30T11:54:27+00:00
EXP-007286,ACCT-000349,B0219,2043-12-12,0.0,2026-07-30T11:54:27+00:00
EXP-007287,ACCT-000343,B0219,2043-12-12,51.55,2026-07-30T11:54:27+00:00
EXP-007288,ACCT-000145,B0219,2043-12-12,0.0,2026-07-30T11:54:27+00:00
EXP-007289,ACCT-000208,B0219,2043-12-12,0.0,2026-07-30T11:54:27+00:00
EXP-007290,ACCT-000523,B0219,2043-12-12,0.0,2026-07-30T11:54:27+00:00
EXP-007291,ACCT-000213,B0219,2043-12-12,0.0,2026-07-30T11:54:27+00:00
EXP-007292,ACCT-000623,B0219,2043-12-12,0.0,2026-07-30T11:54:27+00:00
EXP-007293,ACCT-000547,B0219,2043-12-12,0.0,2026-07-30T11:54:27+00:00
EXP-007294,ACCT-000508,B0219,2043-12-12,0.0,2026-07-30T11:54:27+00:00
EXP-007295,ACCT-000299,B0219,2043-12-12,0.0,2026-07-30T11:54:27+00:00
EXP-007296,ACCT-000687,B0219,2043-12-12,0.0,2026-07-30T11:54:27+00:00
EXP-007297,ACCT-000672,B0219,2043-12-12,0.0,2026-07-30T11:54:27+00:00
EXP-007298,ACCT-000417,B0219,2043-12-12,0.0,2026-07-30T11:54:27+00:00
EXP-007299,ACCT-000077,B0219,2043-12-12,0.0,2026-07-30T11:54:27+00:00
EXP-007300,ACCT-000595,B0219,2043-12-12,0.0,2026-07-30T11:54:27+00:00
EXP-007301,ACCT-000384,B0219,2043-12-12,0.0,2026-07-30T11:54:27+00:00
EXP-007302,ACCT-000340,B0219,2043-12-12,0.0,2026-07-30T11:54:27+00:00
EXP-007303,ACCT-000257,B0219,2043-12-12,0.0,2026-07-30T11:54:27+00:00
EXP-007304,ACCT-000732,B0219,2043-12-12,0.0,2026-07-30T11:54:27+00:00
EXP-007305,ACCT-000235,B0219,2043-12-12,0.0,2026-07-30T11:54:27+00:00
EXP-007306,ACCT-000325,B0219,2043-12-12,0.0,2026-07-30T11:54:27+00:00
EXP-007307,ACCT-000603,B0219,2043-12-12,0.0,2026-07-30T11:54:27+00:00
EXP-007308,ACCT-000763,B0219,2043-12-12,0.0,2026-07-30T11:54:27+00:00
EXP-007309,ACCT-000220,B0219,2043-12-12,0.0,2026-07-30T11:54:27+00:00
EXP-007310,ACCT-000727,B0219,2043-12-12,0.0,2026-07-30T11:54:27+00:00
EXP-007311,ACCT-000025,B0219,2043-12-12,0.0,2026-07-30T11:54:27+00:00
EXP-007312,ACCT-000474,B0219,2043-12-12,0.0,2026-07-30T11:54:27+00:00
EXP-007313,ACCT-000740,B0219,2043-12-12,0.0,2026-07-30T11:54:27+00:00
EXP-007314,ACCT-000459,B0219,2043-12-12,0.0,2026-07-30T11:54:27+00:00
EXP-007315,ACCT-000120,B0219,2043-12-12,0.0,2026-07-30T11:54:27+00:00
EXP-007316,ACCT-000019,B0219,2043-12-12,0.0,2026-07-30T11:54:27+00:00
EXP-007317,ACCT-000565,B0219,2043-12-12,0.0,2026-07-30T11:54:27+00:00
EXP-007318,ACCT-000779,B0219,2043-12-12,0.0,2026-07-30T11:54:27+00:00
EXP-007319,ACCT-000780,B0219,2043-12-12,30.84,2026-07-30T11:54:27+00:00
EXP-007320,ACCT-000781,B0219,2043-12-12,0.0,2026-07-30T11:54:27+00:00
EXP-007321,ACCT-000782,B0219,2043-12-12,0.0,2026-07-30T11:54:27+00:00
EXP-007322,ACCT-000123,B0220,2044-01-11,0.0,2026-07-30T13:40:47+00:00
EXP-007323,ACCT-000502,B0220,2044-01-11,0.0,2026-07-30T13:40:47+00:00
EXP-007324,ACCT-000376,B0220,2044-01-11,0.0,2026-07-30T13:40:47+00:00
EXP-007325,ACCT-000316,B0220,2044-01-11,0.0,2026-07-30T13:40:47+00:00
EXP-007326,ACCT-000031,B0220,2044-01-11,0.0,2026-07-30T13:40:47+00:00
EXP-007327,ACCT-000046,B0220,2044-01-11,0.0,2026-07-30T13:40:47+00:00
EXP-007328,ACCT-000288,B0220,2044-01-11,47.69,2026-07-30T13:40:47+00:00
EXP-007329,ACCT-000501,B0220,2044-01-11,0.0,2026-07-30T13:40:47+00:00
EXP-007330,ACCT-000398,B0220,2044-01-11,0.0,2026-07-30T13:40:47+00:00
EXP-007331,ACCT-000575,B0220,2044-01-11,0.0,2026-07-30T13:40:47+00:00
EXP-007332,ACCT-000247,B0220,2044-01-11,0.0,2026-07-30T13:40:47+00:00
EXP-007333,ACCT-000624,B0220,2044-01-11,0.0,2026-07-30T13:40:47+00:00
EXP-007334,ACCT-000347,B0220,2044-01-11,0.0,2026-07-30T13:40:47+00:00
EXP-007335,ACCT-000257,B0220,2044-01-11,48.52,2026-07-30T13:40:47+00:00
EXP-007336,ACCT-000274,B0220,2044-01-11,0.0,2026-07-30T13:40:47+00:00
EXP-007337,ACCT-000356,B0220,2044-01-11,0.0,2026-07-30T13:40:47+00:00
EXP-007338,ACCT-000092,B0220,2044-01-11,0.0,2026-07-30T13:40:47+00:00
EXP-007339,ACCT-000394,B0220,2044-01-11,0.0,2026-07-30T13:40:47+00:00
EXP-007340,ACCT-000418,B0220,2044-01-11,0.0,2026-07-30T13:40:47+00:00
EXP-007341,ACCT-000654,B0220,2044-01-11,0.0,2026-07-30T13:40:47+00:00
EXP-007342,ACCT-000751,B0220,2044-01-11,0.0,2026-07-30T13:40:47+00:00
EXP-007343,ACCT-000101,B0220,2044-01-11,0.0,2026-07-30T13:40:47+00:00
EXP-007344,ACCT-000371,B0220,2044-01-11,0.0,2026-07-30T13:40:47+00:00
EXP-007345,ACCT-000631,B0220,2044-01-11,0.0,2026-07-30T13:40:47+00:00
EXP-007346,ACCT-000730,B0220,2044-01-11,0.0,2026-07-30T13:40:47+00:00
EXP-007347,ACCT-000138,B0220,2044-01-11,0.0,2026-07-30T13:40:47+00:00
EXP-007348,ACCT-000049,B0220,2044-01-11,0.0,2026-07-30T13:40:47+00:00
EXP-007349,ACCT-000072,B0220,2044-01-11,0.0,2026-07-30T13:40:47+00:00
EXP-007350,ACCT-000276,B0220,2044-01-11,0.0,2026-07-30T13:40:47+00:00
EXP-007351,ACCT-000364,B0220,2044-01-11,11.74,2026-07-30T13:40:47+00:00
EXP-007352,ACCT-000540,B0220,2044-01-11,0.0,2026-07-30T13:40:47+00:00
EXP-007353,ACCT-000275,B0220,2044-01-11,0.0,2026-07-30T13:40:47+00:00
EXP-007354,ACCT-000533,B0220,2044-01-11,0.0,2026-07-30T13:40:47+00:00
EXP-007355,ACCT-000617,B0220,2044-01-11,0.0,2026-07-30T13:40:47+00:00
EXP-007356,ACCT-000156,B0220,2044-01-11,-13.03,2026-07-30T13:40:47+00:00
EXP-007357,ACCT-000783,B0220,2044-01-11,0.0,2026-07-30T13:40:47+00:00
EXP-007358,ACCT-000784,B0220,2044-01-11,0.0,2026-07-30T13:40:47+00:00
EXP-007359,ACCT-000785,B0220,2044-01-11,0.0,2026-07-30T13:40:47+00:00
EXP-007360,ACCT-000786,B0220,2044-01-11,14.8,2026-07-30T13:40:47+00:00
EXP-007361,ACCT-000379,B0221,2044-02-10,0.0,2026-07-30T15:46:40+00:00
EXP-007362,ACCT-000536,B0221,2044-02-10,0.0,2026-07-30T15:46:40+00:00
EXP-007363,ACCT-000445,B0221,2044-02-10,0.0,2026-07-30T15:46:40+00:00
EXP-007364,ACCT-000058,B0221,2044-02-10,0.0,2026-07-30T15:46:40+00:00
EXP-007365,ACCT-000331,B0221,2044-02-10,0.0,2026-07-30T15:46:40+00:00
EXP-007366,ACCT-000503,B0221,2044-02-10,0.0,2026-07-30T15:46:40+00:00
EXP-007367,ACCT-000299,B0221,2044-02-10,0.0,2026-07-30T15:46:40+00:00
EXP-007368,ACCT-000664,B0221,2044-02-10,0.0,2026-07-30T15:46:40+00:00
EXP-007369,ACCT-000444,B0221,2044-02-10,0.0,2026-07-30T15:46:40+00:00
EXP-007370,ACCT-000457,B0221,2044-02-10,0.0,2026-07-30T15:46:40+00:00
EXP-007371,ACCT-000094,B0221,2044-02-10,0.0,2026-07-30T15:46:40+00:00
EXP-007372,ACCT-000394,B0221,2044-02-10,13.34,2026-07-30T15:46:40+00:00
EXP-007373,ACCT-000352,B0221,2044-02-10,0.0,2026-07-30T15:46:40+00:00
EXP-007374,ACCT-000159,B0221,2044-02-10,0.0,2026-07-30T15:46:40+00:00
EXP-007375,ACCT-000634,B0221,2044-02-10,0.0,2026-07-30T15:46:40+00:00
EXP-007376,ACCT-000364,B0221,2044-02-10,0.0,2026-07-30T15:46:40+00:00
EXP-007377,ACCT-000204,B0221,2044-02-10,0.0,2026-07-30T15:46:40+00:00
EXP-007378,ACCT-000447,B0221,2044-02-10,0.0,2026-07-30T15:46:40+00:00
EXP-007379,ACCT-000375,B0221,2044-02-10,0.0,2026-07-30T15:46:40+00:00
EXP-007380,ACCT-000542,B0221,2044-02-10,0.0,2026-07-30T15:46:40+00:00
EXP-007381,ACCT-000448,B0221,2044-02-10,0.0,2026-07-30T15:46:40+00:00
EXP-007382,ACCT-000213,B0221,2044-02-10,-13.2,2026-07-30T15:46:40+00:00
EXP-007383,ACCT-000527,B0221,2044-02-10,0.0,2026-07-30T15:46:40+00:00
EXP-007384,ACCT-000396,B0221,2044-02-10,0.0,2026-07-30T15:46:40+00:00
EXP-007385,ACCT-000302,B0221,2044-02-10,0.0,2026-07-30T15:46:40+00:00
EXP-007386,ACCT-000057,B0221,2044-02-10,0.0,2026-07-30T15:46:40+00:00
EXP-007387,ACCT-000312,B0221,2044-02-10,0.0,2026-07-30T15:46:40+00:00
EXP-007388,ACCT-000323,B0221,2044-02-10,0.0,2026-07-30T15:46:40+00:00
EXP-007389,ACCT-000787,B0221,2044-02-10,0.0,2026-07-30T15:46:40+00:00
EXP-007390,ACCT-000788,B0221,2044-02-10,0.0,2026-07-30T15:46:40+00:00
EXP-007391,ACCT-000267,B0222,2044-03-11,0.0,2026-07-30T17:17:19+00:00
EXP-007392,ACCT-000041,B0222,2044-03-11,0.0,2026-07-30T17:17:19+00:00
EXP-007393,ACCT-000502,B0222,2044-03-11,0.0,2026-07-30T17:17:19+00:00
EXP-007394,ACCT-000312,B0222,2044-03-11,0.0,2026-07-30T17:17:19+00:00
EXP-007395,ACCT-000260,B0222,2044-03-11,0.0,2026-07-30T17:17:19+00:00
EXP-007396,ACCT-000458,B0222,2044-03-11,0.0,2026-07-30T17:17:19+00:00
EXP-007397,ACCT-000772,B0222,2044-03-11,0.0,2026-07-30T17:17:19+00:00
EXP-007398,ACCT-000534,B0222,2044-03-11,0.0,2026-07-30T17:17:19+00:00
EXP-007399,ACCT-000529,B0222,2044-03-11,0.0,2026-07-30T17:17:19+00:00
EXP-007400,ACCT-000152,B0222,2044-03-11,0.0,2026-07-30T17:17:19+00:00
EXP-007401,ACCT-000250,B0222,2044-03-11,0.0,2026-07-30T17:17:19+00:00
EXP-007402,ACCT-000462,B0222,2044-03-11,0.0,2026-07-30T17:17:19+00:00
EXP-007403,ACCT-000084,B0222,2044-03-11,51.74,2026-07-30T17:17:19+00:00
EXP-007404,ACCT-000036,B0222,2044-03-11,0.0,2026-07-30T17:17:19+00:00
EXP-007405,ACCT-000208,B0222,2044-03-11,0.0,2026-07-30T17:17:19+00:00
EXP-007406,ACCT-000591,B0222,2044-03-11,0.0,2026-07-30T17:17:19+00:00
EXP-007407,ACCT-000525,B0222,2044-03-11,0.0,2026-07-30T17:17:19+00:00
EXP-007408,ACCT-000762,B0222,2044-03-11,0.0,2026-07-30T17:17:19+00:00
EXP-007409,ACCT-000255,B0222,2044-03-11,0.0,2026-07-30T17:17:19+00:00
EXP-007410,ACCT-000262,B0222,2044-03-11,5.63,2026-07-30T17:17:19+00:00
EXP-007411,ACCT-000355,B0222,2044-03-11,0.0,2026-07-30T17:17:19+00:00
EXP-007412,ACCT-000678,B0222,2044-03-11,0.0,2026-07-30T17:17:19+00:00
EXP-007413,ACCT-000715,B0222,2044-03-11,0.0,2026-07-30T17:17:19+00:00
EXP-007414,ACCT-000613,B0222,2044-03-11,0.0,2026-07-30T17:17:19+00:00
EXP-007415,ACCT-000589,B0222,2044-03-11,0.0,2026-07-30T17:17:19+00:00
EXP-007416,ACCT-000338,B0222,2044-03-11,0.0,2026-07-30T17:17:19+00:00
EXP-007417,ACCT-000658,B0222,2044-03-11,0.0,2026-07-30T17:17:19+00:00
EXP-007418,ACCT-000091,B0222,2044-03-11,0.0,2026-07-30T17:17:19+00:00
EXP-007419,ACCT-000789,B0222,2044-03-11,0.0,2026-07-30T17:17:19+00:00
EXP-007420,ACCT-000790,B0222,2044-03-11,0.0,2026-07-30T17:17:19+00:00
EXP-007421,ACCT-000791,B0222,2044-03-11,0.0,2026-07-30T17:17:19+00:00
EXP-007422,ACCT-000792,B0222,2044-03-11,0.0,2026-07-30T17:17:19+00:00
EXP-007423,ACCT-000634,B0223,2044-04-10,0.0,2026-07-30T18:53:37+00:00
EXP-007424,ACCT-000588,B0223,2044-04-10,0.0,2026-07-30T18:53:37+00:00
EXP-007425,ACCT-000766,B0223,2044-04-10,0.0,2026-07-30T18:53:37+00:00
EXP-007426,ACCT-000770,B0223,2044-04-10,0.0,2026-07-30T18:53:37+00:00
EXP-007427,ACCT-000708,B0223,2044-04-10,0.0,2026-07-30T18:53:37+00:00
EXP-007428,ACCT-000475,B0223,2044-04-10,0.0,2026-07-30T18:53:37+00:00
EXP-007429,ACCT-000466,B0223,2044-04-10,0.0,2026-07-30T18:53:37+00:00
EXP-007430,ACCT-000006,B0223,2044-04-10,0.0,2026-07-30T18:53:37+00:00
EXP-007431,ACCT-000749,B0223,2044-04-10,8.66,2026-07-30T18:53:37+00:00
EXP-007432,ACCT-000236,B0223,2044-04-10,0.0,2026-07-30T18:53:37+00:00
EXP-007433,ACCT-000552,B0223,2044-04-10,0.0,2026-07-30T18:53:37+00:00
EXP-007434,ACCT-000218,B0223,2044-04-10,0.0,2026-07-30T18:53:37+00:00
EXP-007435,ACCT-000593,B0223,2044-04-10,0.0,2026-07-30T18:53:37+00:00
EXP-007436,ACCT-000270,B0223,2044-04-10,51.79,2026-07-30T18:53:37+00:00
EXP-007437,ACCT-000045,B0223,2044-04-10,0.0,2026-07-30T18:53:37+00:00
EXP-007438,ACCT-000211,B0223,2044-04-10,0.0,2026-07-30T18:53:37+00:00
EXP-007439,ACCT-000436,B0223,2044-04-10,0.0,2026-07-30T18:53:37+00:00
EXP-007440,ACCT-000380,B0223,2044-04-10,0.0,2026-07-30T18:53:37+00:00
EXP-007441,ACCT-000611,B0223,2044-04-10,0.0,2026-07-30T18:53:37+00:00
EXP-007442,ACCT-000735,B0223,2044-04-10,13.14,2026-07-30T18:53:37+00:00
EXP-007443,ACCT-000220,B0223,2044-04-10,0.0,2026-07-30T18:53:37+00:00
EXP-007444,ACCT-000120,B0223,2044-04-10,0.0,2026-07-30T18:53:37+00:00
EXP-007445,ACCT-000332,B0223,2044-04-10,0.0,2026-07-30T18:53:37+00:00
EXP-007446,ACCT-000142,B0223,2044-04-10,0.0,2026-07-30T18:53:37+00:00
EXP-007447,ACCT-000345,B0223,2044-04-10,0.0,2026-07-30T18:53:37+00:00
EXP-007448,ACCT-000793,B0223,2044-04-10,0.0,2026-07-30T18:53:37+00:00
EXP-007449,ACCT-000794,B0223,2044-04-10,0.0,2026-07-30T18:53:37+00:00
EXP-007450,ACCT-000795,B0223,2044-04-10,0.0,2026-07-30T18:53:37+00:00
EXP-007451,ACCT-000796,B0223,2044-04-10,0.0,2026-07-30T18:53:37+00:00
EXP-007452,ACCT-000131,B0224,2044-05-10,0.0,2026-07-30T20:12:12+00:00
EXP-007453,ACCT-000275,B0224,2044-05-10,0.0,2026-07-30T20:12:12+00:00
EXP-007454,ACCT-000756,B0224,2044-05-10,-6.81,2026-07-30T20:12:12+00:00
EXP-007455,ACCT-000345,B0224,2044-05-10,0.0,2026-07-30T20:12:12+00:00
EXP-007456,ACCT-000500,B0224,2044-05-10,0.0,2026-07-30T20:12:12+00:00
EXP-007457,ACCT-000656,B0224,2044-05-10,0.0,2026-07-30T20:12:12+00:00
EXP-007458,ACCT-000732,B0224,2044-05-10,-14.75,2026-07-30T20:12:12+00:00
EXP-007459,ACCT-000196,B0224,2044-05-10,0.0,2026-07-30T20:12:12+00:00
EXP-007460,ACCT-000041,B0224,2044-05-10,0.0,2026-07-30T20:12:12+00:00
EXP-007461,ACCT-000022,B0224,2044-05-10,0.0,2026-07-30T20:12:12+00:00
EXP-007462,ACCT-000400,B0224,2044-05-10,0.0,2026-07-30T20:12:12+00:00
EXP-007463,ACCT-000263,B0224,2044-05-10,0.0,2026-07-30T20:12:12+00:00
EXP-007464,ACCT-000516,B0224,2044-05-10,0.0,2026-07-30T20:12:12+00:00
EXP-007465,ACCT-000257,B0224,2044-05-10,0.0,2026-07-30T20:12:12+00:00
EXP-007466,ACCT-000662,B0224,2044-05-10,0.0,2026-07-30T20:12:12+00:00
EXP-007467,ACCT-000668,B0224,2044-05-10,0.0,2026-07-30T20:12:12+00:00
EXP-007468,ACCT-000070,B0224,2044-05-10,0.0,2026-07-30T20:12:12+00:00
EXP-007469,ACCT-000776,B0224,2044-05-10,0.0,2026-07-30T20:12:12+00:00
EXP-007470,ACCT-000675,B0224,2044-05-10,0.0,2026-07-30T20:12:12+00:00
EXP-007471,ACCT-000051,B0224,2044-05-10,44.91,2026-07-30T20:12:12+00:00
EXP-007472,ACCT-000436,B0224,2044-05-10,0.0,2026-07-30T20:12:12+00:00
EXP-007473,ACCT-000736,B0224,2044-05-10,0.0,2026-07-30T20:12:12+00:00
EXP-007474,ACCT-000281,B0224,2044-05-10,0.0,2026-07-30T20:12:12+00:00
EXP-007475,ACCT-000692,B0224,2044-05-10,0.0,2026-07-30T20:12:12+00:00
EXP-007476,ACCT-000029,B0224,2044-05-10,0.0,2026-07-30T20:12:12+00:00
EXP-007477,ACCT-000181,B0224,2044-05-10,0.0,2026-07-30T20:12:12+00:00
EXP-007478,ACCT-000637,B0224,2044-05-10,0.0,2026-07-30T20:12:12+00:00
EXP-007479,ACCT-000511,B0224,2044-05-10,0.0,2026-07-30T20:12:12+00:00
EXP-007480,ACCT-000797,B0224,2044-05-10,0.0,2026-07-30T20:12:12+00:00
EXP-007481,ACCT-000798,B0224,2044-05-10,0.0,2026-07-30T20:12:12+00:00
EXP-007482,ACCT-000799,B0224,2044-05-10,0.0,2026-07-30T20:12:12+00:00
EXP-007483,ACCT-000800,B0224,2044-05-10,0.0,2026-07-30T20:12:12+00:00
EXP-007484,ACCT-000396,B0225,2044-06-09,0.0,2026-07-30T21:40:20+00:00
EXP-007485,ACCT-000728,B0225,2044-06-09,0.0,2026-07-30T21:40:20+00:00
EXP-007486,ACCT-000603,B0225,2044-06-09,0.0,2026-07-30T21:40:20+00:00
EXP-007487,ACCT-000798,B0225,2044-06-09,0.0,2026-07-30T21:40:20+00:00
EXP-007488,ACCT-000062,B0225,2044-06-09,0.0,2026-07-30T21:40:20+00:00
EXP-007489,ACCT-000359,B0225,2044-06-09,0.0,2026-07-30T21:40:20+00:00
EXP-007490,ACCT-000565,B0225,2044-06-09,0.0,2026-07-30T21:40:20+00:00
EXP-007491,ACCT-000609,B0225,2044-06-09,0.0,2026-07-30T21:40:20+00:00
EXP-007492,ACCT-000491,B0225,2044-06-09,0.0,2026-07-30T21:40:20+00:00
EXP-007493,ACCT-000167,B0225,2044-06-09,0.0,2026-07-30T21:40:20+00:00
EXP-007494,ACCT-000543,B0225,2044-06-09,0.0,2026-07-30T21:40:20+00:00
EXP-007495,ACCT-000729,B0225,2044-06-09,0.0,2026-07-30T21:40:20+00:00
EXP-007496,ACCT-000178,B0225,2044-06-09,0.0,2026-07-30T21:40:20+00:00
EXP-007497,ACCT-000341,B0225,2044-06-09,0.0,2026-07-30T21:40:20+00:00
EXP-007498,ACCT-000081,B0225,2044-06-09,0.0,2026-07-30T21:40:20+00:00
EXP-007499,ACCT-000692,B0225,2044-06-09,13.06,2026-07-30T21:40:20+00:00
EXP-007500,ACCT-000496,B0225,2044-06-09,0.0,2026-07-30T21:40:20+00:00
EXP-007501,ACCT-000395,B0225,2044-06-09,0.0,2026-07-30T21:40:20+00:00
EXP-007502,ACCT-000506,B0225,2044-06-09,0.0,2026-07-30T21:40:20+00:00
EXP-007503,ACCT-000439,B0225,2044-06-09,0.0,2026-07-30T21:40:20+00:00
EXP-007504,ACCT-000112,B0225,2044-06-09,0.0,2026-07-30T21:40:20+00:00
EXP-007505,ACCT-000568,B0225,2044-06-09,0.0,2026-07-30T21:40:20+00:00
EXP-007506,ACCT-000500,B0225,2044-06-09,0.0,2026-07-30T21:40:20+00:00
EXP-007507,ACCT-000649,B0225,2044-06-09,0.0,2026-07-30T21:40:20+00:00
EXP-007508,ACCT-000105,B0225,2044-06-09,0.0,2026-07-30T21:40:20+00:00
EXP-007509,ACCT-000765,B0225,2044-06-09,0.0,2026-07-30T21:40:20+00:00
EXP-007510,ACCT-000544,B0225,2044-06-09,0.0,2026-07-30T21:40:20+00:00
EXP-007511,ACCT-000531,B0225,2044-06-09,0.0,2026-07-30T21:40:20+00:00
EXP-007512,ACCT-000301,B0225,2044-06-09,0.0,2026-07-30T21:40:20+00:00
EXP-007513,ACCT-000075,B0225,2044-06-09,34.56,2026-07-30T21:40:20+00:00
EXP-007514,ACCT-000801,B0225,2044-06-09,0.0,2026-07-30T21:40:20+00:00
EXP-007515,ACCT-000802,B0225,2044-06-09,0.0,2026-07-30T21:40:20+00:00
EXP-007516,ACCT-000803,B0225,2044-06-09,0.0,2026-07-30T21:40:20+00:00
EXP-007517,ACCT-000804,B0225,2044-06-09,0.0,2026-07-30T21:40:20+00:00
EXP-007518,ACCT-000216,B0226,2044-07-09,0.0,2026-07-30T22:57:50+00:00
EXP-007519,ACCT-000639,B0226,2044-07-09,0.0,2026-07-30T22:57:50+00:00
EXP-007520,ACCT-000134,B0226,2044-07-09,0.0,2026-07-30T22:57:50+00:00
EXP-007521,ACCT-000348,B0226,2044-07-09,43.53,2026-07-30T22:57:50+00:00
EXP-007522,ACCT-000730,B0226,2044-07-09,0.0,2026-07-30T22:57:50+00:00
EXP-007523,ACCT-000597,B0226,2044-07-09,0.0,2026-07-30T22:57:50+00:00
EXP-007524,ACCT-000619,B0226,2044-07-09,0.0,2026-07-30T22:57:50+00:00
EXP-007525,ACCT-000394,B0226,2044-07-09,0.0,2026-07-30T22:57:50+00:00
EXP-007526,ACCT-000545,B0226,2044-07-09,52.49,2026-07-30T22:57:50+00:00
EXP-007527,ACCT-000429,B0226,2044-07-09,0.0,2026-07-30T22:57:50+00:00
EXP-007528,ACCT-000474,B0226,2044-07-09,0.0,2026-07-30T22:57:50+00:00
EXP-007529,ACCT-000573,B0226,2044-07-09,0.0,2026-07-30T22:57:50+00:00
EXP-007530,ACCT-000320,B0226,2044-07-09,-10.96,2026-07-30T22:57:50+00:00
EXP-007531,ACCT-000223,B0226,2044-07-09,0.0,2026-07-30T22:57:50+00:00
EXP-007532,ACCT-000136,B0226,2044-07-09,0.0,2026-07-30T22:57:50+00:00
EXP-007533,ACCT-000423,B0226,2044-07-09,0.0,2026-07-30T22:57:50+00:00
EXP-007534,ACCT-000288,B0226,2044-07-09,0.0,2026-07-30T22:57:50+00:00
EXP-007535,ACCT-000433,B0226,2044-07-09,0.0,2026-07-30T22:57:50+00:00
EXP-007536,ACCT-000031,B0226,2044-07-09,0.0,2026-07-30T22:57:50+00:00
EXP-007537,ACCT-000722,B0226,2044-07-09,0.0,2026-07-30T22:57:50+00:00
EXP-007538,ACCT-000052,B0226,2044-07-09,0.0,2026-07-30T22:57:50+00:00
EXP-007539,ACCT-000110,B0226,2044-07-09,0.0,2026-07-30T22:57:50+00:00
EXP-007540,ACCT-000428,B0226,2044-07-09,0.0,2026-07-30T22:57:50+00:00
EXP-007541,ACCT-000351,B0226,2044-07-09,0.0,2026-07-30T22:57:50+00:00
EXP-007542,ACCT-000451,B0226,2044-07-09,0.0,2026-07-30T22:57:50+00:00
EXP-007543,ACCT-000526,B0226,2044-07-09,0.0,2026-07-30T22:57:50+00:00
EXP-007544,ACCT-000638,B0226,2044-07-09,0.0,2026-07-30T22:57:50+00:00
EXP-007545,ACCT-000153,B0226,2044-07-09,0.0,2026-07-30T22:57:50+00:00
EXP-007546,ACCT-000805,B0226,2044-07-09,0.0,2026-07-30T22:57:50+00:00
EXP-007547,ACCT-000806,B0226,2044-07-09,0.0,2026-07-30T22:57:50+00:00
EXP-007548,ACCT-000273,B0227,2044-08-08,0.0,2026-07-30T23:59:47+00:00
EXP-007549,ACCT-000266,B0227,2044-08-08,0.0,2026-07-30T23:59:47+00:00
EXP-007550,ACCT-000004,B0227,2044-08-08,0.0,2026-07-30T23:59:47+00:00
EXP-007551,ACCT-000218,B0227,2044-08-08,14.02,2026-07-30T23:59:47+00:00
EXP-007552,ACCT-000781,B0227,2044-08-08,0.0,2026-07-30T23:59:47+00:00
EXP-007553,ACCT-000101,B0227,2044-08-08,0.0,2026-07-30T23:59:47+00:00
EXP-007554,ACCT-000773,B0227,2044-08-08,0.0,2026-07-30T23:59:47+00:00
EXP-007555,ACCT-000624,B0227,2044-08-08,0.0,2026-07-30T23:59:47+00:00
EXP-007556,ACCT-000377,B0227,2044-08-08,0.0,2026-07-30T23:59:47+00:00
EXP-007557,ACCT-000683,B0227,2044-08-08,11.01,2026-07-30T23:59:47+00:00
EXP-007558,ACCT-000296,B0227,2044-08-08,0.0,2026-07-30T23:59:47+00:00
EXP-007559,ACCT-000713,B0227,2044-08-08,0.0,2026-07-30T23:59:47+00:00
EXP-007560,ACCT-000658,B0227,2044-08-08,0.0,2026-07-30T23:59:47+00:00
EXP-007561,ACCT-000441,B0227,2044-08-08,0.0,2026-07-30T23:59:47+00:00
EXP-007562,ACCT-000618,B0227,2044-08-08,0.0,2026-07-30T23:59:47+00:00
EXP-007563,ACCT-000744,B0227,2044-08-08,0.0,2026-07-30T23:59:47+00:00
EXP-007564,ACCT-000768,B0227,2044-08-08,0.0,2026-07-30T23:59:47+00:00
EXP-007565,ACCT-000735,B0227,2044-08-08,0.0,2026-07-30T23:59:47+00:00
EXP-007566,ACCT-000610,B0227,2044-08-08,0.0,2026-07-30T23:59:47+00:00
EXP-007567,ACCT-000229,B0227,2044-08-08,0.0,2026-07-30T23:59:47+00:00
EXP-007568,ACCT-000594,B0227,2044-08-08,0.0,2026-07-30T23:59:47+00:00
EXP-007569,ACCT-000785,B0227,2044-08-08,0.0,2026-07-30T23:59:47+00:00
EXP-007570,ACCT-000541,B0227,2044-08-08,0.0,2026-07-30T23:59:47+00:00
EXP-007571,ACCT-000724,B0227,2044-08-08,0.0,2026-07-30T23:59:47+00:00
EXP-007572,ACCT-000574,B0227,2044-08-08,0.0,2026-07-30T23:59:47+00:00
EXP-007573,ACCT-000112,B0227,2044-08-08,0.0,2026-07-30T23:59:47+00:00
EXP-007574,ACCT-000295,B0227,2044-08-08,0.0,2026-07-30T23:59:47+00:00
EXP-007575,ACCT-000520,B0227,2044-08-08,0.0,2026-07-30T23:59:47+00:00
EXP-007576,ACCT-000116,B0227,2044-08-08,0.0,2026-07-30T23:59:47+00:00
EXP-007577,ACCT-000807,B0227,2044-08-08,0.0,2026-07-30T23:59:47+00:00
EXP-007578,ACCT-000808,B0227,2044-08-08,0.0,2026-07-30T23:59:47+00:00
EXP-007579,ACCT-000809,B0227,2044-08-08,0.0,2026-07-30T23:59:47+00:00
EXP-007580,ACCT-000675,B0228,2044-09-07,0.0,2026-07-31T03:19:22+00:00
EXP-007581,ACCT-000688,B0228,2044-09-07,0.0,2026-07-31T03:19:22+00:00
EXP-007582,ACCT-000718,B0228,2044-09-07,0.0,2026-07-31T03:19:22+00:00
EXP-007583,ACCT-000093,B0228,2044-09-07,0.0,2026-07-31T03:19:22+00:00
EXP-007584,ACCT-000195,B0228,2044-09-07,0.0,2026-07-31T03:19:22+00:00
EXP-007585,ACCT-000644,B0228,2044-09-07,0.0,2026-07-31T03:19:22+00:00
EXP-007586,ACCT-000783,B0228,2044-09-07,0.0,2026-07-31T03:19:22+00:00
EXP-007587,ACCT-000542,B0228,2044-09-07,0.0,2026-07-31T03:19:22+00:00
EXP-007588,ACCT-000454,B0228,2044-09-07,0.0,2026-07-31T03:19:22+00:00
EXP-007589,ACCT-000292,B0228,2044-09-07,0.0,2026-07-31T03:19:22+00:00
EXP-007590,ACCT-000551,B0228,2044-09-07,0.0,2026-07-31T03:19:22+00:00
EXP-007591,ACCT-000150,B0228,2044-09-07,0.0,2026-07-31T03:19:22+00:00
EXP-007592,ACCT-000493,B0228,2044-09-07,-4.32,2026-07-31T03:19:22+00:00
EXP-007593,ACCT-000383,B0228,2044-09-07,0.0,2026-07-31T03:19:22+00:00
EXP-007594,ACCT-000673,B0228,2044-09-07,0.0,2026-07-31T03:19:22+00:00
EXP-007595,ACCT-000361,B0228,2044-09-07,0.0,2026-07-31T03:19:22+00:00
EXP-007596,ACCT-000277,B0228,2044-09-07,0.0,2026-07-31T03:19:22+00:00
EXP-007597,ACCT-000331,B0228,2044-09-07,0.0,2026-07-31T03:19:22+00:00
EXP-007598,ACCT-000538,B0228,2044-09-07,0.0,2026-07-31T03:19:22+00:00
EXP-007599,ACCT-000565,B0228,2044-09-07,0.0,2026-07-31T03:19:22+00:00
EXP-007600,ACCT-000217,B0228,2044-09-07,72.19,2026-07-31T03:19:22+00:00
EXP-007601,ACCT-000198,B0228,2044-09-07,0.0,2026-07-31T03:19:22+00:00
EXP-007602,ACCT-000476,B0228,2044-09-07,0.0,2026-07-31T03:19:22+00:00
EXP-007603,ACCT-000744,B0228,2044-09-07,0.0,2026-07-31T03:19:22+00:00
EXP-007604,ACCT-000479,B0228,2044-09-07,32.57,2026-07-31T03:19:22+00:00
EXP-007605,ACCT-000205,B0228,2044-09-07,0.0,2026-07-31T03:19:22+00:00
EXP-007606,ACCT-000121,B0228,2044-09-07,0.0,2026-07-31T03:19:22+00:00
EXP-007607,ACCT-000695,B0228,2044-09-07,0.0,2026-07-31T03:19:22+00:00
EXP-007608,ACCT-000199,B0228,2044-09-07,0.0,2026-07-31T03:19:22+00:00
EXP-007609,ACCT-000245,B0228,2044-09-07,0.0,2026-07-31T03:19:22+00:00
EXP-007610,ACCT-000439,B0228,2044-09-07,4.4,2026-07-31T03:19:22+00:00
EXP-007611,ACCT-000407,B0228,2044-09-07,0.0,2026-07-31T03:19:22+00:00
EXP-007612,ACCT-000345,B0228,2044-09-07,0.0,2026-07-31T03:19:22+00:00
EXP-007613,ACCT-000810,B0228,2044-09-07,0.0,2026-07-31T03:19:22+00:00
EXP-007614,ACCT-000811,B0228,2044-09-07,0.0,2026-07-31T03:19:22+00:00
EXP-007615,ACCT-000812,B0228,2044-09-07,0.0,2026-07-31T03:19:22+00:00
EXP-007616,ACCT-000724,B0229,2044-10-07,0.0,2026-07-31T06:28:26+00:00
EXP-007617,ACCT-000072,B0229,2044-10-07,0.0,2026-07-31T06:28:26+00:00
EXP-007618,ACCT-000538,B0229,2044-10-07,0.0,2026-07-31T06:28:26+00:00
EXP-007619,ACCT-000055,B0229,2044-10-07,0.0,2026-07-31T06:28:26+00:00
EXP-007620,ACCT-000467,B0229,2044-10-07,0.0,2026-07-31T06:28:26+00:00
EXP-007621,ACCT-000550,B0229,2044-10-07,0.0,2026-07-31T06:28:26+00:00
EXP-007622,ACCT-000312,B0229,2044-10-07,55.16,2026-07-31T06:28:26+00:00
EXP-007623,ACCT-000602,B0229,2044-10-07,0.0,2026-07-31T06:28:26+00:00
EXP-007624,ACCT-000648,B0229,2044-10-07,0.0,2026-07-31T06:28:26+00:00
EXP-007625,ACCT-000776,B0229,2044-10-07,0.0,2026-07-31T06:28:26+00:00
EXP-007626,ACCT-000198,B0229,2044-10-07,0.0,2026-07-31T06:28:26+00:00
EXP-007627,ACCT-000270,B0229,2044-10-07,0.0,2026-07-31T06:28:26+00:00
EXP-007628,ACCT-000231,B0229,2044-10-07,13.63,2026-07-31T06:28:26+00:00
EXP-007629,ACCT-000686,B0229,2044-10-07,0.0,2026-07-31T06:28:26+00:00
EXP-007630,ACCT-000576,B0229,2044-10-07,0.0,2026-07-31T06:28:26+00:00
EXP-007631,ACCT-000184,B0229,2044-10-07,0.0,2026-07-31T06:28:26+00:00
EXP-007632,ACCT-000601,B0229,2044-10-07,0.0,2026-07-31T06:28:26+00:00
EXP-007633,ACCT-000414,B0229,2044-10-07,0.0,2026-07-31T06:28:26+00:00
EXP-007634,ACCT-000802,B0229,2044-10-07,0.0,2026-07-31T06:28:26+00:00
EXP-007635,ACCT-000485,B0229,2044-10-07,0.0,2026-07-31T06:28:26+00:00
EXP-007636,ACCT-000496,B0229,2044-10-07,0.0,2026-07-31T06:28:26+00:00
EXP-007637,ACCT-000028,B0229,2044-10-07,0.0,2026-07-31T06:28:26+00:00
EXP-007638,ACCT-000078,B0229,2044-10-07,0.0,2026-07-31T06:28:26+00:00
EXP-007639,ACCT-000681,B0229,2044-10-07,0.0,2026-07-31T06:28:26+00:00
EXP-007640,ACCT-000544,B0229,2044-10-07,0.0,2026-07-31T06:28:26+00:00
EXP-007641,ACCT-000541,B0229,2044-10-07,0.0,2026-07-31T06:28:26+00:00
EXP-007642,ACCT-000478,B0229,2044-10-07,0.0,2026-07-31T06:28:26+00:00
EXP-007643,ACCT-000813,B0229,2044-10-07,0.0,2026-07-31T06:28:26+00:00
EXP-007644,ACCT-000814,B0229,2044-10-07,0.0,2026-07-31T06:28:26+00:00
EXP-007645,ACCT-000815,B0229,2044-10-07,38.4,2026-07-31T06:28:26+00:00
EXP-007646,ACCT-000816,B0229,2044-10-07,-14.33,2026-07-31T06:28:26+00:00
EXP-007647,ACCT-000519,B0230,2044-11-06,0.0,2026-07-31T09:24:47+00:00
EXP-007648,ACCT-000696,B0230,2044-11-06,0.0,2026-07-31T09:24:47+00:00
EXP-007649,ACCT-000172,B0230,2044-11-06,0.0,2026-07-31T09:24:47+00:00
EXP-007650,ACCT-000347,B0230,2044-11-06,0.0,2026-07-31T09:24:47+00:00
EXP-007651,ACCT-000752,B0230,2044-11-06,0.0,2026-07-31T09:24:47+00:00
EXP-007652,ACCT-000198,B0230,2044-11-06,0.0,2026-07-31T09:24:47+00:00
EXP-007653,ACCT-000359,B0230,2044-11-06,0.0,2026-07-31T09:24:47+00:00
EXP-007654,ACCT-000205,B0230,2044-11-06,0.0,2026-07-31T09:24:47+00:00
EXP-007655,ACCT-000323,B0230,2044-11-06,0.0,2026-07-31T09:24:47+00:00
EXP-007656,ACCT-000218,B0230,2044-11-06,11.4,2026-07-31T09:24:47+00:00
EXP-007657,ACCT-000044,B0230,2044-11-06,30.0,2026-07-31T09:24:47+00:00
EXP-007658,ACCT-000278,B0230,2044-11-06,0.0,2026-07-31T09:24:47+00:00
EXP-007659,ACCT-000302,B0230,2044-11-06,0.0,2026-07-31T09:24:47+00:00
EXP-007660,ACCT-000254,B0230,2044-11-06,0.0,2026-07-31T09:24:47+00:00
EXP-007661,ACCT-000795,B0230,2044-11-06,0.0,2026-07-31T09:24:47+00:00
EXP-007662,ACCT-000571,B0230,2044-11-06,0.0,2026-07-31T09:24:47+00:00
EXP-007663,ACCT-000454,B0230,2044-11-06,0.0,2026-07-31T09:24:47+00:00
EXP-007664,ACCT-000649,B0230,2044-11-06,0.0,2026-07-31T09:24:47+00:00
EXP-007665,ACCT-000495,B0230,2044-11-06,0.0,2026-07-31T09:24:47+00:00
EXP-007666,ACCT-000797,B0230,2044-11-06,0.0,2026-07-31T09:24:47+00:00
EXP-007667,ACCT-000637,B0230,2044-11-06,0.0,2026-07-31T09:24:47+00:00
EXP-007668,ACCT-000600,B0230,2044-11-06,48.24,2026-07-31T09:24:47+00:00
EXP-007669,ACCT-000015,B0230,2044-11-06,0.0,2026-07-31T09:24:47+00:00
EXP-007670,ACCT-000289,B0230,2044-11-06,0.0,2026-07-31T09:24:47+00:00
EXP-007671,ACCT-000504,B0230,2044-11-06,0.0,2026-07-31T09:24:47+00:00
EXP-007672,ACCT-000164,B0230,2044-11-06,0.0,2026-07-31T09:24:47+00:00
EXP-007673,ACCT-000351,B0230,2044-11-06,0.0,2026-07-31T09:24:47+00:00
EXP-007674,ACCT-000817,B0230,2044-11-06,0.0,2026-07-31T09:24:47+00:00
EXP-007675,ACCT-000818,B0230,2044-11-06,0.0,2026-07-31T09:24:47+00:00
EXP-007676,ACCT-000136,B0231,2044-12-06,0.0,2026-07-31T11:37:38+00:00
EXP-007677,ACCT-000265,B0231,2044-12-06,0.0,2026-07-31T11:37:38+00:00
EXP-007678,ACCT-000350,B0231,2044-12-06,13.31,2026-07-31T11:37:38+00:00
EXP-007679,ACCT-000383,B0231,2044-12-06,0.0,2026-07-31T11:37:38+00:00
EXP-007680,ACCT-000487,B0231,2044-12-06,0.0,2026-07-31T11:37:38+00:00
EXP-007681,ACCT-000390,B0231,2044-12-06,0.0,2026-07-31T11:37:38+00:00
EXP-007682,ACCT-000217,B0231,2044-12-06,0.0,2026-07-31T11:37:38+00:00
EXP-007683,ACCT-000683,B0231,2044-12-06,0.0,2026-07-31T11:37:38+00:00
EXP-007684,ACCT-000179,B0231,2044-12-06,0.0,2026-07-31T11:37:38+00:00
EXP-007685,ACCT-000637,B0231,2044-12-06,0.0,2026-07-31T11:37:38+00:00
EXP-007686,ACCT-000470,B0231,2044-12-06,0.0,2026-07-31T11:37:38+00:00
EXP-007687,ACCT-000059,B0231,2044-12-06,0.0,2026-07-31T11:37:38+00:00
EXP-007688,ACCT-000221,B0231,2044-12-06,0.0,2026-07-31T11:37:38+00:00
EXP-007689,ACCT-000004,B0231,2044-12-06,0.0,2026-07-31T11:37:38+00:00
EXP-007690,ACCT-000716,B0231,2044-12-06,0.0,2026-07-31T11:37:38+00:00
EXP-007691,ACCT-000323,B0231,2044-12-06,0.0,2026-07-31T11:37:38+00:00
EXP-007692,ACCT-000514,B0231,2044-12-06,0.0,2026-07-31T11:37:38+00:00
EXP-007693,ACCT-000212,B0231,2044-12-06,0.0,2026-07-31T11:37:38+00:00
EXP-007694,ACCT-000581,B0231,2044-12-06,0.0,2026-07-31T11:37:38+00:00
EXP-007695,ACCT-000459,B0231,2044-12-06,0.0,2026-07-31T11:37:38+00:00
EXP-007696,ACCT-000815,B0231,2044-12-06,0.0,2026-07-31T11:37:38+00:00
EXP-007697,ACCT-000625,B0231,2044-12-06,0.0,2026-07-31T11:37:38+00:00
EXP-007698,ACCT-000385,B0231,2044-12-06,0.0,2026-07-31T11:37:38+00:00
EXP-007699,ACCT-000482,B0231,2044-12-06,0.0,2026-07-31T11:37:38+00:00
EXP-007700,ACCT-000124,B0231,2044-12-06,0.0,2026-07-31T11:37:38+00:00
EXP-007701,ACCT-000819,B0231,2044-12-06,0.0,2026-07-31T11:37:38+00:00
EXP-007702,ACCT-000820,B0231,2044-12-06,0.0,2026-07-31T11:37:38+00:00
EXP-007703,ACCT-000821,B0231,2044-12-06,0.0,2026-07-31T11:37:38+00:00
EXP-007704,ACCT-000631,B0232,2045-01-05,0.0,2026-07-31T13:44:53+00:00
EXP-007705,ACCT-000582,B0232,2045-01-05,0.0,2026-07-31T13:44:53+00:00
EXP-007706,ACCT-000707,B0232,2045-01-05,0.0,2026-07-31T13:44:53+00:00
EXP-007707,ACCT-000322,B0232,2045-01-05,0.0,2026-07-31T13:44:53+00:00
EXP-007708,ACCT-000712,B0232,2045-01-05,0.0,2026-07-31T13:44:53+00:00
EXP-007709,ACCT-000635,B0232,2045-01-05,0.0,2026-07-31T13:44:53+00:00
EXP-007710,ACCT-000745,B0232,2045-01-05,0.0,2026-07-31T13:44:53+00:00
EXP-007711,ACCT-000026,B0232,2045-01-05,-14.94,2026-07-31T13:44:53+00:00
EXP-007712,ACCT-000701,B0232,2045-01-05,0.0,2026-07-31T13:44:53+00:00
EXP-007713,ACCT-000493,B0232,2045-01-05,0.0,2026-07-31T13:44:53+00:00
EXP-007714,ACCT-000614,B0232,2045-01-05,29.09,2026-07-31T13:44:53+00:00
EXP-007715,ACCT-000147,B0232,2045-01-05,0.0,2026-07-31T13:44:53+00:00
EXP-007716,ACCT-000729,B0232,2045-01-05,0.0,2026-07-31T13:44:53+00:00
EXP-007717,ACCT-000155,B0232,2045-01-05,0.0,2026-07-31T13:44:53+00:00
EXP-007718,ACCT-000260,B0232,2045-01-05,0.0,2026-07-31T13:44:53+00:00
EXP-007719,ACCT-000618,B0232,2045-01-05,0.0,2026-07-31T13:44:53+00:00
EXP-007720,ACCT-000468,B0232,2045-01-05,0.0,2026-07-31T13:44:53+00:00
EXP-007721,ACCT-000779,B0232,2045-01-05,0.0,2026-07-31T13:44:53+00:00
EXP-007722,ACCT-000119,B0232,2045-01-05,0.0,2026-07-31T13:44:53+00:00
EXP-007723,ACCT-000577,B0232,2045-01-05,0.0,2026-07-31T13:44:53+00:00
EXP-007724,ACCT-000065,B0232,2045-01-05,0.0,2026-07-31T13:44:53+00:00
EXP-007725,ACCT-000747,B0232,2045-01-05,0.0,2026-07-31T13:44:53+00:00
EXP-007726,ACCT-000517,B0232,2045-01-05,77.08,2026-07-31T13:44:53+00:00
EXP-007727,ACCT-000679,B0232,2045-01-05,9.93,2026-07-31T13:44:53+00:00
EXP-007728,ACCT-000138,B0232,2045-01-05,0.0,2026-07-31T13:44:53+00:00
EXP-007729,ACCT-000158,B0232,2045-01-05,0.0,2026-07-31T13:44:53+00:00
EXP-007730,ACCT-000357,B0232,2045-01-05,0.0,2026-07-31T13:44:53+00:00
EXP-007731,ACCT-000597,B0232,2045-01-05,0.0,2026-07-31T13:44:53+00:00
EXP-007732,ACCT-000473,B0232,2045-01-05,0.0,2026-07-31T13:44:53+00:00
EXP-007733,ACCT-000221,B0232,2045-01-05,0.0,2026-07-31T13:44:53+00:00
EXP-007734,ACCT-000443,B0232,2045-01-05,0.0,2026-07-31T13:44:53+00:00
EXP-007735,ACCT-000822,B0232,2045-01-05,0.0,2026-07-31T13:44:53+00:00
EXP-007736,ACCT-000823,B0232,2045-01-05,0.0,2026-07-31T13:44:53+00:00
EXP-007737,ACCT-000824,B0232,2045-01-05,0.0,2026-07-31T13:44:53+00:00
EXP-007738,ACCT-000739,B0233,2045-02-04,4.81,2026-07-31T15:56:36+00:00
EXP-007739,ACCT-000760,B0233,2045-02-04,0.0,2026-07-31T15:56:36+00:00
EXP-007740,ACCT-000803,B0233,2045-02-04,0.0,2026-07-31T15:56:36+00:00
EXP-007741,ACCT-000570,B0233,2045-02-04,0.0,2026-07-31T15:56:36+00:00
EXP-007742,ACCT-000290,B0233,2045-02-04,0.0,2026-07-31T15:56:36+00:00
EXP-007743,ACCT-000308,B0233,2045-02-04,0.0,2026-07-31T15:56:36+00:00
EXP-007744,ACCT-000356,B0233,2045-02-04,0.0,2026-07-31T15:56:36+00:00
EXP-007745,ACCT-000748,B0233,2045-02-04,0.0,2026-07-31T15:56:36+00:00
EXP-007746,ACCT-000206,B0233,2045-02-04,-12.74,2026-07-31T15:56:36+00:00
EXP-007747,ACCT-000547,B0233,2045-02-04,0.0,2026-07-31T15:56:36+00:00
EXP-007748,ACCT-000629,B0233,2045-02-04,0.0,2026-07-31T15:56:36+00:00
EXP-007749,ACCT-000484,B0233,2045-02-04,0.0,2026-07-31T15:56:36+00:00
EXP-007750,ACCT-000209,B0233,2045-02-04,0.0,2026-07-31T15:56:36+00:00
EXP-007751,ACCT-000454,B0233,2045-02-04,0.0,2026-07-31T15:56:36+00:00
EXP-007752,ACCT-000678,B0233,2045-02-04,0.0,2026-07-31T15:56:36+00:00
EXP-007753,ACCT-000391,B0233,2045-02-04,0.0,2026-07-31T15:56:36+00:00
EXP-007754,ACCT-000030,B0233,2045-02-04,0.0,2026-07-31T15:56:36+00:00
EXP-007755,ACCT-000412,B0233,2045-02-04,0.0,2026-07-31T15:56:36+00:00
EXP-007756,ACCT-000020,B0233,2045-02-04,0.0,2026-07-31T15:56:36+00:00
EXP-007757,ACCT-000668,B0233,2045-02-04,0.0,2026-07-31T15:56:36+00:00
EXP-007758,ACCT-000759,B0233,2045-02-04,9.78,2026-07-31T15:56:36+00:00
EXP-007759,ACCT-000076,B0233,2045-02-04,0.0,2026-07-31T15:56:36+00:00
EXP-007760,ACCT-000718,B0233,2045-02-04,0.0,2026-07-31T15:56:36+00:00
EXP-007761,ACCT-000632,B0233,2045-02-04,0.0,2026-07-31T15:56:36+00:00
EXP-007762,ACCT-000021,B0233,2045-02-04,0.0,2026-07-31T15:56:36+00:00
EXP-007763,ACCT-000588,B0233,2045-02-04,0.0,2026-07-31T15:56:36+00:00
EXP-007764,ACCT-000388,B0233,2045-02-04,0.0,2026-07-31T15:56:36+00:00
EXP-007765,ACCT-000332,B0233,2045-02-04,0.0,2026-07-31T15:56:36+00:00
EXP-007766,ACCT-000491,B0233,2045-02-04,0.0,2026-07-31T15:56:36+00:00
EXP-007767,ACCT-000733,B0233,2045-02-04,0.0,2026-07-31T15:56:36+00:00
EXP-007768,ACCT-000271,B0233,2045-02-04,10.84,2026-07-31T15:56:36+00:00
EXP-007769,ACCT-000382,B0233,2045-02-04,0.0,2026-07-31T15:56:36+00:00
EXP-007770,ACCT-000666,B0233,2045-02-04,0.0,2026-07-31T15:56:36+00:00
EXP-007771,ACCT-000825,B0233,2045-02-04,-4.74,2026-07-31T15:56:36+00:00
EXP-007772,ACCT-000826,B0233,2045-02-04,0.0,2026-07-31T15:56:36+00:00
EXP-007773,ACCT-000827,B0233,2045-02-04,0.0,2026-07-31T15:56:36+00:00
EXP-007774,ACCT-000215,B0234,2045-03-06,2.82,2026-07-31T17:23:41+00:00
EXP-007775,ACCT-000032,B0234,2045-03-06,0.0,2026-07-31T17:23:41+00:00
EXP-007776,ACCT-000280,B0234,2045-03-06,0.0,2026-07-31T17:23:41+00:00
EXP-007777,ACCT-000572,B0234,2045-03-06,0.0,2026-07-31T17:23:41+00:00
EXP-007778,ACCT-000279,B0234,2045-03-06,0.0,2026-07-31T17:23:41+00:00
EXP-007779,ACCT-000545,B0234,2045-03-06,0.0,2026-07-31T17:23:41+00:00
EXP-007780,ACCT-000675,B0234,2045-03-06,0.0,2026-07-31T17:23:41+00:00
EXP-007781,ACCT-000588,B0234,2045-03-06,0.0,2026-07-31T17:23:41+00:00
EXP-007782,ACCT-000499,B0234,2045-03-06,0.0,2026-07-31T17:23:41+00:00
EXP-007783,ACCT-000761,B0234,2045-03-06,0.0,2026-07-31T17:23:41+00:00
EXP-007784,ACCT-000631,B0234,2045-03-06,0.0,2026-07-31T17:23:41+00:00
EXP-007785,ACCT-000770,B0234,2045-03-06,0.0,2026-07-31T17:23:41+00:00
EXP-007786,ACCT-000686,B0234,2045-03-06,0.0,2026-07-31T17:23:41+00:00
EXP-007787,ACCT-000522,B0234,2045-03-06,0.0,2026-07-31T17:23:41+00:00
EXP-007788,ACCT-000681,B0234,2045-03-06,6.94,2026-07-31T17:23:41+00:00
EXP-007789,ACCT-000108,B0234,2045-03-06,0.0,2026-07-31T17:23:41+00:00
EXP-007790,ACCT-000789,B0234,2045-03-06,0.0,2026-07-31T17:23:41+00:00
EXP-007791,ACCT-000194,B0234,2045-03-06,0.0,2026-07-31T17:23:41+00:00
EXP-007792,ACCT-000660,B0234,2045-03-06,0.0,2026-07-31T17:23:41+00:00
EXP-007793,ACCT-000779,B0234,2045-03-06,0.0,2026-07-31T17:23:41+00:00
EXP-007794,ACCT-000777,B0234,2045-03-06,0.0,2026-07-31T17:23:41+00:00
EXP-007795,ACCT-000813,B0234,2045-03-06,56.76,2026-07-31T17:23:41+00:00
EXP-007796,ACCT-000544,B0234,2045-03-06,0.0,2026-07-31T17:23:41+00:00
EXP-007797,ACCT-000060,B0234,2045-03-06,0.0,2026-07-31T17:23:41+00:00
EXP-007798,ACCT-000647,B0234,2045-03-06,0.0,2026-07-31T17:23:41+00:00
EXP-007799,ACCT-000237,B0234,2045-03-06,0.0,2026-07-31T17:23:41+00:00
EXP-007800,ACCT-000578,B0234,2045-03-06,0.0,2026-07-31T17:23:41+00:00
EXP-007801,ACCT-000489,B0234,2045-03-06,0.0,2026-07-31T17:23:41+00:00
EXP-007802,ACCT-000828,B0234,2045-03-06,0.0,2026-07-31T17:23:41+00:00
EXP-007803,ACCT-000829,B0234,2045-03-06,0.0,2026-07-31T17:23:41+00:00
EXP-007804,ACCT-000830,B0234,2045-03-06,0.0,2026-07-31T17:23:41+00:00
EXP-007805,ACCT-000831,B0234,2045-03-06,0.0,2026-07-31T17:23:41+00:00
EXP-007806,ACCT-000756,B0235,2045-04-05,0.0,2026-07-31T18:50:57+00:00
EXP-007807,ACCT-000069,B0235,2045-04-05,0.0,2026-07-31T18:50:57+00:00
EXP-007808,ACCT-000773,B0235,2045-04-05,0.0,2026-07-31T18:50:57+00:00
EXP-007809,ACCT-000695,B0235,2045-04-05,0.0,2026-07-31T18:50:57+00:00
EXP-007810,ACCT-000702,B0235,2045-04-05,0.0,2026-07-31T18:50:57+00:00
EXP-007811,ACCT-000260,B0235,2045-04-05,0.0,2026-07-31T18:50:57+00:00
EXP-007812,ACCT-000696,B0235,2045-04-05,0.0,2026-07-31T18:50:57+00:00
EXP-007813,ACCT-000733,B0235,2045-04-05,0.0,2026-07-31T18:50:57+00:00
EXP-007814,ACCT-000739,B0235,2045-04-05,0.0,2026-07-31T18:50:57+00:00
EXP-007815,ACCT-000653,B0235,2045-04-05,0.0,2026-07-31T18:50:57+00:00
EXP-007816,ACCT-000517,B0235,2045-04-05,0.0,2026-07-31T18:50:57+00:00
EXP-007817,ACCT-000800,B0235,2045-04-05,0.0,2026-07-31T18:50:57+00:00
EXP-007818,ACCT-000383,B0235,2045-04-05,0.0,2026-07-31T18:50:57+00:00
EXP-007819,ACCT-000682,B0235,2045-04-05,0.0,2026-07-31T18:50:57+00:00
EXP-007820,ACCT-000207,B0235,2045-04-05,0.0,2026-07-31T18:50:57+00:00
EXP-007821,ACCT-000504,B0235,2045-04-05,0.0,2026-07-31T18:50:57+00:00
EXP-007822,ACCT-000747,B0235,2045-04-05,0.0,2026-07-31T18:50:57+00:00
EXP-007823,ACCT-000323,B0235,2045-04-05,-14.27,2026-07-31T18:50:57+00:00
EXP-007824,ACCT-000085,B0235,2045-04-05,28.67,2026-07-31T18:50:57+00:00
EXP-007825,ACCT-000077,B0235,2045-04-05,0.0,2026-07-31T18:50:57+00:00
EXP-007826,ACCT-000550,B0235,2045-04-05,44.91,2026-07-31T18:50:57+00:00
EXP-007827,ACCT-000121,B0235,2045-04-05,0.0,2026-07-31T18:50:57+00:00
EXP-007828,ACCT-000303,B0235,2045-04-05,0.0,2026-07-31T18:50:57+00:00
EXP-007829,ACCT-000329,B0235,2045-04-05,0.0,2026-07-31T18:50:57+00:00
EXP-007830,ACCT-000380,B0235,2045-04-05,0.0,2026-07-31T18:50:57+00:00
EXP-007831,ACCT-000832,B0235,2045-04-05,0.0,2026-07-31T18:50:57+00:00
EXP-007832,ACCT-000833,B0235,2045-04-05,0.0,2026-07-31T18:50:57+00:00
EXP-007833,ACCT-000834,B0235,2045-04-05,0.0,2026-07-31T18:50:57+00:00
EXP-007834,ACCT-000835,B0235,2045-04-05,-5.27,2026-07-31T18:50:57+00:00
EXP-007835,ACCT-000439,B0236,2045-05-05,0.0,2026-07-31T20:15:34+00:00
EXP-007836,ACCT-000683,B0236,2045-05-05,0.0,2026-07-31T20:15:34+00:00
EXP-007837,ACCT-000482,B0236,2045-05-05,-12.18,2026-07-31T20:15:34+00:00
EXP-007838,ACCT-000023,B0236,2045-05-05,0.0,2026-07-31T20:15:34+00:00
EXP-007839,ACCT-000600,B0236,2045-05-05,0.0,2026-07-31T20:15:34+00:00
EXP-007840,ACCT-000200,B0236,2045-05-05,0.0,2026-07-31T20:15:34+00:00
EXP-007841,ACCT-000518,B0236,2045-05-05,0.0,2026-07-31T20:15:34+00:00
EXP-007842,ACCT-000303,B0236,2045-05-05,0.0,2026-07-31T20:15:34+00:00
EXP-007843,ACCT-000179,B0236,2045-05-05,16.53,2026-07-31T20:15:34+00:00
EXP-007844,ACCT-000241,B0236,2045-05-05,0.0,2026-07-31T20:15:34+00:00
EXP-007845,ACCT-000806,B0236,2045-05-05,23.27,2026-07-31T20:15:34+00:00
EXP-007846,ACCT-000174,B0236,2045-05-05,0.0,2026-07-31T20:15:34+00:00
EXP-007847,ACCT-000118,B0236,2045-05-05,0.0,2026-07-31T20:15:34+00:00
EXP-007848,ACCT-000774,B0236,2045-05-05,0.0,2026-07-31T20:15:34+00:00
EXP-007849,ACCT-000443,B0236,2045-05-05,0.0,2026-07-31T20:15:34+00:00
EXP-007850,ACCT-000639,B0236,2045-05-05,0.0,2026-07-31T20:15:34+00:00
EXP-007851,ACCT-000606,B0236,2045-05-05,0.0,2026-07-31T20:15:34+00:00
EXP-007852,ACCT-000499,B0236,2045-05-05,0.0,2026-07-31T20:15:34+00:00
EXP-007853,ACCT-000082,B0236,2045-05-05,0.0,2026-07-31T20:15:34+00:00
EXP-007854,ACCT-000773,B0236,2045-05-05,0.0,2026-07-31T20:15:34+00:00
EXP-007855,ACCT-000363,B0236,2045-05-05,0.0,2026-07-31T20:15:34+00:00
EXP-007856,ACCT-000055,B0236,2045-05-05,0.0,2026-07-31T20:15:34+00:00
EXP-007857,ACCT-000137,B0236,2045-05-05,0.0,2026-07-31T20:15:34+00:00
EXP-007858,ACCT-000204,B0236,2045-05-05,0.0,2026-07-31T20:15:34+00:00
EXP-007859,ACCT-000677,B0236,2045-05-05,0.0,2026-07-31T20:15:34+00:00
EXP-007860,ACCT-000344,B0236,2045-05-05,0.0,2026-07-31T20:15:34+00:00
EXP-007861,ACCT-000742,B0236,2045-05-05,0.0,2026-07-31T20:15:34+00:00
EXP-007862,ACCT-000369,B0236,2045-05-05,0.0,2026-07-31T20:15:34+00:00
EXP-007863,ACCT-000631,B0236,2045-05-05,0.0,2026-07-31T20:15:34+00:00
EXP-007864,ACCT-000170,B0236,2045-05-05,0.0,2026-07-31T20:15:34+00:00
EXP-007865,ACCT-000836,B0236,2045-05-05,0.0,2026-07-31T20:15:34+00:00
EXP-007866,ACCT-000837,B0236,2045-05-05,0.0,2026-07-31T20:15:34+00:00
EXP-007867,ACCT-000838,B0236,2045-05-05,0.0,2026-07-31T20:15:34+00:00
EXP-007868,ACCT-000652,B0237,2045-06-04,0.0,2026-07-31T21:35:30+00:00
EXP-007869,ACCT-000706,B0237,2045-06-04,0.0,2026-07-31T21:35:30+00:00
EXP-007870,ACCT-000719,B0237,2045-06-04,0.0,2026-07-31T21:35:30+00:00
EXP-007871,ACCT-000405,B0237,2045-06-04,5.72,2026-07-31T21:35:30+00:00
EXP-007872,ACCT-000275,B0237,2045-06-04,0.0,2026-07-31T21:35:30+00:00
EXP-007873,ACCT-000478,B0237,2045-06-04,0.0,2026-07-31T21:35:30+00:00
EXP-007874,ACCT-000347,B0237,2045-06-04,0.0,2026-07-31T21:35:30+00:00
EXP-007875,ACCT-000003,B0237,2045-06-04,0.0,2026-07-31T21:35:30+00:00
EXP-007876,ACCT-000250,B0237,2045-06-04,0.0,2026-07-31T21:35:30+00:00
EXP-007877,ACCT-000392,B0237,2045-06-04,0.0,2026-07-31T21:35:30+00:00
EXP-007878,ACCT-000661,B0237,2045-06-04,0.0,2026-07-31T21:35:30+00:00
EXP-007879,ACCT-000537,B0237,2045-06-04,0.0,2026-07-31T21:35:30+00:00
EXP-007880,ACCT-000088,B0237,2045-06-04,0.0,2026-07-31T21:35:30+00:00
EXP-007881,ACCT-000762,B0237,2045-06-04,0.0,2026-07-31T21:35:30+00:00
EXP-007882,ACCT-000545,B0237,2045-06-04,0.0,2026-07-31T21:35:30+00:00
EXP-007883,ACCT-000493,B0237,2045-06-04,0.0,2026-07-31T21:35:30+00:00
EXP-007884,ACCT-000594,B0237,2045-06-04,0.0,2026-07-31T21:35:30+00:00
EXP-007885,ACCT-000684,B0237,2045-06-04,0.0,2026-07-31T21:35:30+00:00
EXP-007886,ACCT-000168,B0237,2045-06-04,0.0,2026-07-31T21:35:30+00:00
EXP-007887,ACCT-000029,B0237,2045-06-04,0.0,2026-07-31T21:35:30+00:00
EXP-007888,ACCT-000342,B0237,2045-06-04,0.0,2026-07-31T21:35:30+00:00
EXP-007889,ACCT-000263,B0237,2045-06-04,0.0,2026-07-31T21:35:30+00:00
EXP-007890,ACCT-000151,B0237,2045-06-04,0.0,2026-07-31T21:35:30+00:00
EXP-007891,ACCT-000780,B0237,2045-06-04,0.0,2026-07-31T21:35:30+00:00
EXP-007892,ACCT-000306,B0237,2045-06-04,0.0,2026-07-31T21:35:30+00:00
EXP-007893,ACCT-000709,B0237,2045-06-04,0.0,2026-07-31T21:35:30+00:00
EXP-007894,ACCT-000839,B0237,2045-06-04,0.0,2026-07-31T21:35:30+00:00
EXP-007895,ACCT-000840,B0237,2045-06-04,0.0,2026-07-31T21:35:30+00:00
EXP-007896,ACCT-000841,B0237,2045-06-04,0.0,2026-07-31T21:35:30+00:00
EXP-007897,ACCT-000083,B0238,2045-07-04,0.0,2026-07-31T22:53:48+00:00
EXP-007898,ACCT-000240,B0238,2045-07-04,0.0,2026-07-31T22:53:48+00:00
EXP-007899,ACCT-000377,B0238,2045-07-04,0.0,2026-07-31T22:53:48+00:00
EXP-007900,ACCT-000237,B0238,2045-07-04,0.0,2026-07-31T22:53:48+00:00
EXP-007901,ACCT-000547,B0238,2045-07-04,-11.75,2026-07-31T22:53:48+00:00
EXP-007902,ACCT-000445,B0238,2045-07-04,0.0,2026-07-31T22:53:48+00:00
EXP-007903,ACCT-000156,B0238,2045-07-04,0.0,2026-07-31T22:53:48+00:00
EXP-007904,ACCT-000217,B0238,2045-07-04,48.42,2026-07-31T22:53:48+00:00
EXP-007905,ACCT-000137,B0238,2045-07-04,0.0,2026-07-31T22:53:48+00:00
EXP-007906,ACCT-000747,B0238,2045-07-04,0.0,2026-07-31T22:53:48+00:00
EXP-007907,ACCT-000370,B0238,2045-07-04,0.0,2026-07-31T22:53:48+00:00
EXP-007908,ACCT-000175,B0238,2045-07-04,0.0,2026-07-31T22:53:48+00:00
EXP-007909,ACCT-000161,B0238,2045-07-04,20.66,2026-07-31T22:53:48+00:00
EXP-007910,ACCT-000056,B0238,2045-07-04,0.0,2026-07-31T22:53:48+00:00
EXP-007911,ACCT-000674,B0238,2045-07-04,0.0,2026-07-31T22:53:48+00:00
EXP-007912,ACCT-000380,B0238,2045-07-04,0.0,2026-07-31T22:53:48+00:00
EXP-007913,ACCT-000187,B0238,2045-07-04,0.0,2026-07-31T22:53:48+00:00
EXP-007914,ACCT-000705,B0238,2045-07-04,0.0,2026-07-31T22:53:48+00:00
EXP-007915,ACCT-000793,B0238,2045-07-04,0.0,2026-07-31T22:53:48+00:00
EXP-007916,ACCT-000303,B0238,2045-07-04,0.0,2026-07-31T22:53:48+00:00
EXP-007917,ACCT-000584,B0238,2045-07-04,0.0,2026-07-31T22:53:48+00:00
EXP-007918,ACCT-000080,B0238,2045-07-04,0.0,2026-07-31T22:53:48+00:00
EXP-007919,ACCT-000831,B0238,2045-07-04,0.0,2026-07-31T22:53:48+00:00
EXP-007920,ACCT-000253,B0238,2045-07-04,52.82,2026-07-31T22:53:48+00:00
EXP-007921,ACCT-000358,B0238,2045-07-04,0.0,2026-07-31T22:53:48+00:00
EXP-007922,ACCT-000422,B0238,2045-07-04,0.0,2026-07-31T22:53:48+00:00
EXP-007923,ACCT-000842,B0238,2045-07-04,0.0,2026-07-31T22:53:48+00:00
EXP-007924,ACCT-000843,B0238,2045-07-04,0.0,2026-07-31T22:53:48+00:00
EXP-007925,ACCT-000844,B0238,2045-07-04,0.0,2026-07-31T22:53:48+00:00
EXP-007926,ACCT-000845,B0238,2045-07-04,0.0,2026-07-31T22:53:48+00:00
EXP-007927,ACCT-000784,B0239,2045-08-03,0.0,2026-07-31T23:55:05+00:00
EXP-007928,ACCT-000473,B0239,2045-08-03,0.0,2026-07-31T23:55:05+00:00
EXP-007929,ACCT-000130,B0239,2045-08-03,0.0,2026-07-31T23:55:05+00:00
EXP-007930,ACCT-000028,B0239,2045-08-03,0.0,2026-07-31T23:55:05+00:00
EXP-007931,ACCT-000250,B0239,2045-08-03,0.0,2026-07-31T23:55:05+00:00
EXP-007932,ACCT-000187,B0239,2045-08-03,0.0,2026-07-31T23:55:05+00:00
EXP-007933,ACCT-000683,B0239,2045-08-03,0.0,2026-07-31T23:55:05+00:00
EXP-007934,ACCT-000255,B0239,2045-08-03,3.37,2026-07-31T23:55:05+00:00
EXP-007935,ACCT-000699,B0239,2045-08-03,-8.51,2026-07-31T23:55:05+00:00
EXP-007936,ACCT-000314,B0239,2045-08-03,0.0,2026-07-31T23:55:05+00:00
EXP-007937,ACCT-000378,B0239,2045-08-03,0.0,2026-07-31T23:55:05+00:00
EXP-007938,ACCT-000545,B0239,2045-08-03,0.0,2026-07-31T23:55:05+00:00
EXP-007939,ACCT-000032,B0239,2045-08-03,0.0,2026-07-31T23:55:05+00:00
EXP-007940,ACCT-000832,B0239,2045-08-03,0.0,2026-07-31T23:55:05+00:00
EXP-007941,ACCT-000615,B0239,2045-08-03,0.0,2026-07-31T23:55:05+00:00
EXP-007942,ACCT-000588,B0239,2045-08-03,0.0,2026-07-31T23:55:05+00:00
EXP-007943,ACCT-000586,B0239,2045-08-03,0.0,2026-07-31T23:55:05+00:00
EXP-007944,ACCT-000382,B0239,2045-08-03,0.0,2026-07-31T23:55:05+00:00
EXP-007945,ACCT-000753,B0239,2045-08-03,0.0,2026-07-31T23:55:05+00:00
EXP-007946,ACCT-000222,B0239,2045-08-03,0.0,2026-07-31T23:55:05+00:00
EXP-007947,ACCT-000772,B0239,2045-08-03,0.0,2026-07-31T23:55:05+00:00
EXP-007948,ACCT-000337,B0239,2045-08-03,0.0,2026-07-31T23:55:05+00:00
EXP-007949,ACCT-000729,B0239,2045-08-03,0.0,2026-07-31T23:55:05+00:00
EXP-007950,ACCT-000648,B0239,2045-08-03,0.0,2026-07-31T23:55:05+00:00
EXP-007951,ACCT-000786,B0239,2045-08-03,0.0,2026-07-31T23:55:05+00:00
EXP-007952,ACCT-000158,B0239,2045-08-03,2.88,2026-07-31T23:55:05+00:00
EXP-007953,ACCT-000348,B0239,2045-08-03,0.0,2026-07-31T23:55:05+00:00
EXP-007954,ACCT-000846,B0239,2045-08-03,-13.44,2026-07-31T23:55:05+00:00
EXP-007955,ACCT-000847,B0239,2045-08-03,0.0,2026-07-31T23:55:05+00:00
EXP-007956,ACCT-000464,B0240,2045-09-02,0.0,2026-08-01T02:02:12+00:00
EXP-007957,ACCT-000005,B0240,2045-09-02,0.0,2026-08-01T02:02:12+00:00
EXP-007958,ACCT-000703,B0240,2045-09-02,0.0,2026-08-01T02:02:12+00:00
EXP-007959,ACCT-000781,B0240,2045-09-02,0.0,2026-08-01T02:02:12+00:00
EXP-007960,ACCT-000133,B0240,2045-09-02,0.0,2026-08-01T02:02:12+00:00
EXP-007961,ACCT-000753,B0240,2045-09-02,63.8,2026-08-01T02:02:12+00:00
EXP-007962,ACCT-000396,B0240,2045-09-02,0.0,2026-08-01T02:02:12+00:00
EXP-007963,ACCT-000497,B0240,2045-09-02,0.0,2026-08-01T02:02:12+00:00
EXP-007964,ACCT-000445,B0240,2045-09-02,0.0,2026-08-01T02:02:12+00:00
EXP-007965,ACCT-000339,B0240,2045-09-02,0.0,2026-08-01T02:02:12+00:00
EXP-007966,ACCT-000035,B0240,2045-09-02,0.0,2026-08-01T02:02:12+00:00
EXP-007967,ACCT-000723,B0240,2045-09-02,0.0,2026-08-01T02:02:12+00:00
EXP-007968,ACCT-000475,B0240,2045-09-02,0.0,2026-08-01T02:02:12+00:00
EXP-007969,ACCT-000575,B0240,2045-09-02,0.0,2026-08-01T02:02:12+00:00
EXP-007970,ACCT-000640,B0240,2045-09-02,0.0,2026-08-01T02:02:12+00:00
EXP-007971,ACCT-000799,B0240,2045-09-02,0.0,2026-08-01T02:02:12+00:00
EXP-007972,ACCT-000471,B0240,2045-09-02,0.0,2026-08-01T02:02:12+00:00
EXP-007973,ACCT-000370,B0240,2045-09-02,0.0,2026-08-01T02:02:12+00:00
EXP-007974,ACCT-000237,B0240,2045-09-02,0.0,2026-08-01T02:02:12+00:00
EXP-007975,ACCT-000071,B0240,2045-09-02,0.0,2026-08-01T02:02:12+00:00
EXP-007976,ACCT-000094,B0240,2045-09-02,0.0,2026-08-01T02:02:12+00:00
EXP-007977,ACCT-000084,B0240,2045-09-02,0.0,2026-08-01T02:02:12+00:00
EXP-007978,ACCT-000726,B0240,2045-09-02,0.0,2026-08-01T02:02:12+00:00
EXP-007979,ACCT-000053,B0240,2045-09-02,0.0,2026-08-01T02:02:12+00:00
EXP-007980,ACCT-000672,B0240,2045-09-02,0.0,2026-08-01T02:02:12+00:00
EXP-007981,ACCT-000545,B0240,2045-09-02,7.16,2026-08-01T02:02:12+00:00
EXP-007982,ACCT-000623,B0240,2045-09-02,4.5,2026-08-01T02:02:12+00:00
EXP-007983,ACCT-000271,B0240,2045-09-02,0.0,2026-08-01T02:02:12+00:00
EXP-007984,ACCT-000584,B0240,2045-09-02,0.0,2026-08-01T02:02:12+00:00
EXP-007985,ACCT-000759,B0240,2045-09-02,5.75,2026-08-01T02:02:12+00:00
EXP-007986,ACCT-000299,B0240,2045-09-02,0.0,2026-08-01T02:02:12+00:00
EXP-007987,ACCT-000254,B0240,2045-09-02,0.0,2026-08-01T02:02:12+00:00
EXP-007988,ACCT-000536,B0240,2045-09-02,0.0,2026-08-01T02:02:12+00:00
EXP-007989,ACCT-000326,B0240,2045-09-02,0.0,2026-08-01T02:02:12+00:00
EXP-007990,ACCT-000848,B0240,2045-09-02,0.0,2026-08-01T02:02:12+00:00
EXP-007991,ACCT-000849,B0240,2045-09-02,0.0,2026-08-01T02:02:12+00:00
EXP-007992,ACCT-000306,B0241,2045-10-02,0.0,2026-08-01T05:39:41+00:00
EXP-007993,ACCT-000309,B0241,2045-10-02,0.0,2026-08-01T05:39:41+00:00
EXP-007994,ACCT-000654,B0241,2045-10-02,0.0,2026-08-01T05:39:41+00:00
EXP-007995,ACCT-000069,B0241,2045-10-02,0.0,2026-08-01T05:39:41+00:00
EXP-007996,ACCT-000564,B0241,2045-10-02,0.0,2026-08-01T05:39:41+00:00
EXP-007997,ACCT-000658,B0241,2045-10-02,0.0,2026-08-01T05:39:41+00:00
EXP-007998,ACCT-000644,B0241,2045-10-02,0.0,2026-08-01T05:39:41+00:00
EXP-007999,ACCT-000397,B0241,2045-10-02,0.0,2026-08-01T05:39:41+00:00
EXP-008000,ACCT-000009,B0241,2045-10-02,0.0,2026-08-01T05:39:41+00:00
EXP-008001,ACCT-000113,B0241,2045-10-02,0.0,2026-08-01T05:39:41+00:00
EXP-008002,ACCT-000228,B0241,2045-10-02,0.0,2026-08-01T05:39:41+00:00
EXP-008003,ACCT-000665,B0241,2045-10-02,0.0,2026-08-01T05:39:41+00:00
EXP-008004,ACCT-000045,B0241,2045-10-02,0.0,2026-08-01T05:39:41+00:00
EXP-008005,ACCT-000801,B0241,2045-10-02,0.0,2026-08-01T05:39:41+00:00
EXP-008006,ACCT-000171,B0241,2045-10-02,0.0,2026-08-01T05:39:41+00:00
EXP-008007,ACCT-000601,B0241,2045-10-02,37.23,2026-08-01T05:39:41+00:00
EXP-008008,ACCT-000395,B0241,2045-10-02,0.0,2026-08-01T05:39:41+00:00
EXP-008009,ACCT-000122,B0241,2045-10-02,-8.62,2026-08-01T05:39:41+00:00
EXP-008010,ACCT-000162,B0241,2045-10-02,0.0,2026-08-01T05:39:41+00:00
EXP-008011,ACCT-000569,B0241,2045-10-02,0.0,2026-08-01T05:39:41+00:00
EXP-008012,ACCT-000570,B0241,2045-10-02,0.0,2026-08-01T05:39:41+00:00
EXP-008013,ACCT-000192,B0241,2045-10-02,0.0,2026-08-01T05:39:41+00:00
EXP-008014,ACCT-000327,B0241,2045-10-02,0.0,2026-08-01T05:39:41+00:00
EXP-008015,ACCT-000753,B0241,2045-10-02,0.0,2026-08-01T05:39:41+00:00
EXP-008016,ACCT-000433,B0241,2045-10-02,0.0,2026-08-01T05:39:41+00:00
EXP-008017,ACCT-000850,B0241,2045-10-02,0.0,2026-08-01T05:39:41+00:00
EXP-008018,ACCT-000851,B0241,2045-10-02,51.67,2026-08-01T05:39:41+00:00
EXP-008019,ACCT-000852,B0241,2045-10-02,0.0,2026-08-01T05:39:41+00:00
EXP-008020,ACCT-000853,B0241,2045-10-02,0.0,2026-08-01T05:39:41+00:00
EXP-008021,ACCT-000739,B0242,2045-11-01,0.0,2026-08-01T08:06:52+00:00
EXP-008022,ACCT-000300,B0242,2045-11-01,0.0,2026-08-01T08:06:52+00:00
EXP-008023,ACCT-000229,B0242,2045-11-01,0.0,2026-08-01T08:06:52+00:00
EXP-008024,ACCT-000407,B0242,2045-11-01,0.0,2026-08-01T08:06:52+00:00
EXP-008025,ACCT-000672,B0242,2045-11-01,0.0,2026-08-01T08:06:52+00:00
EXP-008026,ACCT-000821,B0242,2045-11-01,0.0,2026-08-01T08:06:52+00:00
EXP-008027,ACCT-000843,B0242,2045-11-01,0.0,2026-08-01T08:06:52+00:00
EXP-008028,ACCT-000375,B0242,2045-11-01,0.0,2026-08-01T08:06:52+00:00
EXP-008029,ACCT-000455,B0242,2045-11-01,0.0,2026-08-01T08:06:52+00:00
EXP-008030,ACCT-000697,B0242,2045-11-01,0.0,2026-08-01T08:06:52+00:00
EXP-008031,ACCT-000433,B0242,2045-11-01,0.0,2026-08-01T08:06:52+00:00
EXP-008032,ACCT-000056,B0242,2045-11-01,0.0,2026-08-01T08:06:52+00:00
EXP-008033,ACCT-000463,B0242,2045-11-01,0.0,2026-08-01T08:06:52+00:00
EXP-008034,ACCT-000138,B0242,2045-11-01,0.0,2026-08-01T08:06:52+00:00
EXP-008035,ACCT-000206,B0242,2045-11-01,0.0,2026-08-01T08:06:52+00:00
EXP-008036,ACCT-000616,B0242,2045-11-01,0.0,2026-08-01T08:06:52+00:00
EXP-008037,ACCT-000709,B0242,2045-11-01,5.86,2026-08-01T08:06:52+00:00
EXP-008038,ACCT-000691,B0242,2045-11-01,0.0,2026-08-01T08:06:52+00:00
EXP-008039,ACCT-000715,B0242,2045-11-01,0.0,2026-08-01T08:06:52+00:00
EXP-008040,ACCT-000057,B0242,2045-11-01,0.0,2026-08-01T08:06:52+00:00
EXP-008041,ACCT-000488,B0242,2045-11-01,0.0,2026-08-01T08:06:52+00:00
EXP-008042,ACCT-000405,B0242,2045-11-01,0.0,2026-08-01T08:06:52+00:00
EXP-008043,ACCT-000114,B0242,2045-11-01,0.0,2026-08-01T08:06:52+00:00
EXP-008044,ACCT-000510,B0242,2045-11-01,0.0,2026-08-01T08:06:52+00:00
EXP-008045,ACCT-000493,B0242,2045-11-01,37.38,2026-08-01T08:06:52+00:00
EXP-008046,ACCT-000745,B0242,2045-11-01,3.33,2026-08-01T08:06:52+00:00
EXP-008047,ACCT-000554,B0242,2045-11-01,0.0,2026-08-01T08:06:52+00:00
EXP-008048,ACCT-000434,B0242,2045-11-01,14.36,2026-08-01T08:06:52+00:00
EXP-008049,ACCT-000854,B0242,2045-11-01,-11.5,2026-08-01T08:06:52+00:00
EXP-008050,ACCT-000855,B0242,2045-11-01,0.0,2026-08-01T08:06:52+00:00
EXP-008051,ACCT-000856,B0242,2045-11-01,0.0,2026-08-01T08:06:52+00:00
EXP-008052,ACCT-000857,B0242,2045-11-01,0.0,2026-08-01T08:06:52+00:00
EXP-008053,ACCT-000527,B0243,2045-12-01,0.0,2026-08-01T10:14:46+00:00
EXP-008054,ACCT-000393,B0243,2045-12-01,0.0,2026-08-01T10:14:46+00:00
EXP-008055,ACCT-000267,B0243,2045-12-01,0.0,2026-08-01T10:14:46+00:00
EXP-008056,ACCT-000372,B0243,2045-12-01,0.0,2026-08-01T10:14:46+00:00
EXP-008057,ACCT-000297,B0243,2045-12-01,0.0,2026-08-01T10:14:46+00:00
EXP-008058,ACCT-000635,B0243,2045-12-01,68.69,2026-08-01T10:14:46+00:00
EXP-008059,ACCT-000845,B0243,2045-12-01,0.0,2026-08-01T10:14:46+00:00
EXP-008060,ACCT-000381,B0243,2045-12-01,0.0,2026-08-01T10:14:46+00:00
EXP-008061,ACCT-000419,B0243,2045-12-01,0.0,2026-08-01T10:14:46+00:00
EXP-008062,ACCT-000260,B0243,2045-12-01,0.0,2026-08-01T10:14:46+00:00
EXP-008063,ACCT-000773,B0243,2045-12-01,0.0,2026-08-01T10:14:46+00:00
EXP-008064,ACCT-000702,B0243,2045-12-01,0.0,2026-08-01T10:14:46+00:00
EXP-008065,ACCT-000840,B0243,2045-12-01,0.0,2026-08-01T10:14:46+00:00
EXP-008066,ACCT-000253,B0243,2045-12-01,68.91,2026-08-01T10:14:46+00:00
EXP-008067,ACCT-000485,B0243,2045-12-01,0.0,2026-08-01T10:14:46+00:00
EXP-008068,ACCT-000247,B0243,2045-12-01,0.0,2026-08-01T10:14:46+00:00
EXP-008069,ACCT-000697,B0243,2045-12-01,0.0,2026-08-01T10:14:46+00:00
EXP-008070,ACCT-000529,B0243,2045-12-01,0.0,2026-08-01T10:14:46+00:00
EXP-008071,ACCT-000284,B0243,2045-12-01,0.0,2026-08-01T10:14:46+00:00
EXP-008072,ACCT-000245,B0243,2045-12-01,0.0,2026-08-01T10:14:46+00:00
EXP-008073,ACCT-000103,B0243,2045-12-01,0.0,2026-08-01T10:14:46+00:00
EXP-008074,ACCT-000543,B0243,2045-12-01,0.0,2026-08-01T10:14:46+00:00
EXP-008075,ACCT-000150,B0243,2045-12-01,0.0,2026-08-01T10:14:46+00:00
EXP-008076,ACCT-000823,B0243,2045-12-01,39.55,2026-08-01T10:14:46+00:00
EXP-008077,ACCT-000107,B0243,2045-12-01,0.0,2026-08-01T10:14:46+00:00
EXP-008078,ACCT-000130,B0243,2045-12-01,0.0,2026-08-01T10:14:46+00:00
EXP-008079,ACCT-000151,B0243,2045-12-01,0.0,2026-08-01T10:14:46+00:00
EXP-008080,ACCT-000761,B0243,2045-12-01,0.0,2026-08-01T10:14:46+00:00
EXP-008081,ACCT-000471,B0243,2045-12-01,0.0,2026-08-01T10:14:46+00:00
EXP-008082,ACCT-000509,B0243,2045-12-01,0.0,2026-08-01T10:14:46+00:00
EXP-008083,ACCT-000319,B0243,2045-12-01,0.0,2026-08-01T10:14:46+00:00
EXP-008084,ACCT-000858,B0243,2045-12-01,0.0,2026-08-01T10:14:46+00:00
EXP-008085,ACCT-000859,B0243,2045-12-01,0.0,2026-08-01T10:14:46+00:00
EXP-008086,ACCT-000860,B0243,2045-12-01,0.0,2026-08-01T10:14:46+00:00
EXP-008087,ACCT-000833,B0244,2045-12-31,0.0,2026-08-01T11:39:25+00:00
EXP-008088,ACCT-000388,B0244,2045-12-31,0.0,2026-08-01T11:39:25+00:00
EXP-008089,ACCT-000193,B0244,2045-12-31,0.0,2026-08-01T11:39:25+00:00
EXP-008090,ACCT-000818,B0244,2045-12-31,0.0,2026-08-01T11:39:25+00:00
EXP-008091,ACCT-000594,B0244,2045-12-31,-1.43,2026-08-01T11:39:25+00:00
EXP-008092,ACCT-000078,B0244,2045-12-31,0.0,2026-08-01T11:39:25+00:00
EXP-008093,ACCT-000843,B0244,2045-12-31,0.0,2026-08-01T11:39:25+00:00
EXP-008094,ACCT-000572,B0244,2045-12-31,0.0,2026-08-01T11:39:25+00:00
EXP-008095,ACCT-000478,B0244,2045-12-31,0.0,2026-08-01T11:39:25+00:00
EXP-008096,ACCT-000401,B0244,2045-12-31,0.0,2026-08-01T11:39:25+00:00
EXP-008097,ACCT-000345,B0244,2045-12-31,-9.49,2026-08-01T11:39:25+00:00
EXP-008098,ACCT-000697,B0244,2045-12-31,0.0,2026-08-01T11:39:25+00:00
EXP-008099,ACCT-000445,B0244,2045-12-31,0.0,2026-08-01T11:39:25+00:00
EXP-008100,ACCT-000032,B0244,2045-12-31,0.0,2026-08-01T11:39:25+00:00
EXP-008101,ACCT-000814,B0244,2045-12-31,0.0,2026-08-01T11:39:25+00:00
EXP-008102,ACCT-000609,B0244,2045-12-31,0.0,2026-08-01T11:39:25+00:00
EXP-008103,ACCT-000689,B0244,2045-12-31,0.0,2026-08-01T11:39:25+00:00
EXP-008104,ACCT-000506,B0244,2045-12-31,0.0,2026-08-01T11:39:25+00:00
EXP-008105,ACCT-000569,B0244,2045-12-31,0.0,2026-08-01T11:39:25+00:00
EXP-008106,ACCT-000286,B0244,2045-12-31,0.0,2026-08-01T11:39:25+00:00
EXP-008107,ACCT-000120,B0244,2045-12-31,0.0,2026-08-01T11:39:25+00:00
EXP-008108,ACCT-000490,B0244,2045-12-31,0.0,2026-08-01T11:39:25+00:00
EXP-008109,ACCT-000534,B0244,2045-12-31,0.0,2026-08-01T11:39:25+00:00
EXP-008110,ACCT-000045,B0244,2045-12-31,-7.44,2026-08-01T11:39:25+00:00
EXP-008111,ACCT-000308,B0244,2045-12-31,0.0,2026-08-01T11:39:25+00:00
EXP-008112,ACCT-000024,B0244,2045-12-31,0.0,2026-08-01T11:39:25+00:00
EXP-008113,ACCT-000556,B0244,2045-12-31,0.0,2026-08-01T11:39:25+00:00
EXP-008114,ACCT-000095,B0244,2045-12-31,0.0,2026-08-01T11:39:25+00:00
EXP-008115,ACCT-000278,B0244,2045-12-31,0.0,2026-08-01T11:39:25+00:00
EXP-008116,ACCT-000815,B0244,2045-12-31,0.0,2026-08-01T11:39:25+00:00
EXP-008117,ACCT-000708,B0244,2045-12-31,0.0,2026-08-01T11:39:25+00:00
EXP-008118,ACCT-000225,B0244,2045-12-31,0.0,2026-08-01T11:39:25+00:00
EXP-008119,ACCT-000861,B0244,2045-12-31,0.0,2026-08-01T11:39:25+00:00
EXP-008120,ACCT-000862,B0244,2045-12-31,0.0,2026-08-01T11:39:25+00:00
EXP-008121,ACCT-000863,B0244,2045-12-31,0.0,2026-08-01T11:39:25+00:00
EXP-008122,ACCT-000864,B0244,2045-12-31,0.0,2026-08-01T11:39:25+00:00
EXP-008123,ACCT-000202,B0245,2046-01-30,0.0,2026-08-01T13:01:03+00:00
EXP-008124,ACCT-000025,B0245,2046-01-30,-14.16,2026-08-01T13:01:03+00:00
EXP-008125,ACCT-000667,B0245,2046-01-30,0.0,2026-08-01T13:01:03+00:00
EXP-008126,ACCT-000550,B0245,2046-01-30,0.0,2026-08-01T13:01:03+00:00
EXP-008127,ACCT-000372,B0245,2046-01-30,0.0,2026-08-01T13:01:03+00:00
EXP-008128,ACCT-000203,B0245,2046-01-30,0.0,2026-08-01T13:01:03+00:00
EXP-008129,ACCT-000431,B0245,2046-01-30,0.0,2026-08-01T13:01:03+00:00
EXP-008130,ACCT-000253,B0245,2046-01-30,0.0,2026-08-01T13:01:03+00:00
EXP-008131,ACCT-000261,B0245,2046-01-30,0.0,2026-08-01T13:01:03+00:00
EXP-008132,ACCT-000782,B0245,2046-01-30,0.0,2026-08-01T13:01:03+00:00
EXP-008133,ACCT-000050,B0245,2046-01-30,0.0,2026-08-01T13:01:03+00:00
EXP-008134,ACCT-000344,B0245,2046-01-30,0.0,2026-08-01T13:01:03+00:00
EXP-008135,ACCT-000197,B0245,2046-01-30,0.0,2026-08-01T13:01:03+00:00
EXP-008136,ACCT-000498,B0245,2046-01-30,0.0,2026-08-01T13:01:03+00:00
EXP-008137,ACCT-000754,B0245,2046-01-30,0.0,2026-08-01T13:01:03+00:00
EXP-008138,ACCT-000653,B0245,2046-01-30,0.0,2026-08-01T13:01:03+00:00
EXP-008139,ACCT-000204,B0245,2046-01-30,0.0,2026-08-01T13:01:03+00:00
EXP-008140,ACCT-000749,B0245,2046-01-30,0.0,2026-08-01T13:01:03+00:00
EXP-008141,ACCT-000160,B0245,2046-01-30,2.19,2026-08-01T13:01:03+00:00
EXP-008142,ACCT-000488,B0245,2046-01-30,0.0,2026-08-01T13:01:03+00:00
EXP-008143,ACCT-000569,B0245,2046-01-30,0.0,2026-08-01T13:01:03+00:00
EXP-008144,ACCT-000826,B0245,2046-01-30,0.0,2026-08-01T13:01:03+00:00
EXP-008145,ACCT-000053,B0245,2046-01-30,0.0,2026-08-01T13:01:03+00:00
EXP-008146,ACCT-000775,B0245,2046-01-30,0.0,2026-08-01T13:01:03+00:00
EXP-008147,ACCT-000564,B0245,2046-01-30,0.0,2026-08-01T13:01:03+00:00
EXP-008148,ACCT-000026,B0245,2046-01-30,0.0,2026-08-01T13:01:03+00:00
EXP-008149,ACCT-000566,B0245,2046-01-30,0.0,2026-08-01T13:01:03+00:00
EXP-008150,ACCT-000680,B0245,2046-01-30,0.0,2026-08-01T13:01:03+00:00
EXP-008151,ACCT-000229,B0245,2046-01-30,0.0,2026-08-01T13:01:03+00:00
EXP-008152,ACCT-000436,B0245,2046-01-30,0.0,2026-08-01T13:01:03+00:00
EXP-008153,ACCT-000817,B0245,2046-01-30,0.0,2026-08-01T13:01:03+00:00
EXP-008154,ACCT-000865,B0245,2046-01-30,0.0,2026-08-01T13:01:03+00:00
EXP-008155,ACCT-000866,B0245,2046-01-30,0.0,2026-08-01T13:01:03+00:00
EXP-008156,ACCT-000857,B0246,2046-03-01,0.0,2026-08-01T14:43:21+00:00
EXP-008157,ACCT-000585,B0246,2046-03-01,0.0,2026-08-01T14:43:21+00:00
EXP-008158,ACCT-000651,B0246,2046-03-01,0.0,2026-08-01T14:43:21+00:00
EXP-008159,ACCT-000377,B0246,2046-03-01,0.0,2026-08-01T14:43:21+00:00
EXP-008160,ACCT-000532,B0246,2046-03-01,0.0,2026-08-01T14:43:21+00:00
EXP-008161,ACCT-000592,B0246,2046-03-01,0.0,2026-08-01T14:43:21+00:00
EXP-008162,ACCT-000475,B0246,2046-03-01,0.0,2026-08-01T14:43:21+00:00
EXP-008163,ACCT-000641,B0246,2046-03-01,0.0,2026-08-01T14:43:21+00:00
EXP-008164,ACCT-000842,B0246,2046-03-01,0.0,2026-08-01T14:43:21+00:00
EXP-008165,ACCT-000615,B0246,2046-03-01,0.0,2026-08-01T14:43:21+00:00
EXP-008166,ACCT-000678,B0246,2046-03-01,0.0,2026-08-01T14:43:21+00:00
EXP-008167,ACCT-000564,B0246,2046-03-01,0.0,2026-08-01T14:43:21+00:00
EXP-008168,ACCT-000272,B0246,2046-03-01,0.0,2026-08-01T14:43:21+00:00
EXP-008169,ACCT-000385,B0246,2046-03-01,0.0,2026-08-01T14:43:21+00:00
EXP-008170,ACCT-000575,B0246,2046-03-01,0.0,2026-08-01T14:43:21+00:00
EXP-008171,ACCT-000531,B0246,2046-03-01,12.89,2026-08-01T14:43:21+00:00
EXP-008172,ACCT-000133,B0246,2046-03-01,0.0,2026-08-01T14:43:21+00:00
EXP-008173,ACCT-000431,B0246,2046-03-01,0.0,2026-08-01T14:43:21+00:00
EXP-008174,ACCT-000200,B0246,2046-03-01,0.0,2026-08-01T14:43:21+00:00
EXP-008175,ACCT-000477,B0246,2046-03-01,0.0,2026-08-01T14:43:21+00:00
EXP-008176,ACCT-000306,B0246,2046-03-01,0.0,2026-08-01T14:43:21+00:00
EXP-008177,ACCT-000727,B0246,2046-03-01,0.0,2026-08-01T14:43:21+00:00
EXP-008178,ACCT-000197,B0246,2046-03-01,0.0,2026-08-01T14:43:21+00:00
EXP-008179,ACCT-000824,B0246,2046-03-01,0.0,2026-08-01T14:43:21+00:00
EXP-008180,ACCT-000273,B0246,2046-03-01,0.0,2026-08-01T14:43:21+00:00
EXP-008181,ACCT-000427,B0246,2046-03-01,0.0,2026-08-01T14:43:21+00:00
EXP-008182,ACCT-000835,B0246,2046-03-01,0.0,2026-08-01T14:43:21+00:00
EXP-008183,ACCT-000159,B0246,2046-03-01,0.0,2026-08-01T14:43:21+00:00
EXP-008184,ACCT-000140,B0246,2046-03-01,0.0,2026-08-01T14:43:21+00:00
EXP-008185,ACCT-000760,B0246,2046-03-01,0.0,2026-08-01T14:43:21+00:00
EXP-008186,ACCT-000867,B0246,2046-03-01,0.0,2026-08-01T14:43:21+00:00
EXP-008187,ACCT-000868,B0246,2046-03-01,0.0,2026-08-01T14:43:21+00:00
EXP-008188,ACCT-000869,B0246,2046-03-01,0.0,2026-08-01T14:43:21+00:00
EXP-008189,ACCT-000870,B0246,2046-03-01,0.0,2026-08-01T14:43:21+00:00
EXP-008190,ACCT-000829,B0247,2046-03-31,0.0,2026-08-01T15:54:48+00:00
EXP-008191,ACCT-000557,B0247,2046-03-31,0.0,2026-08-01T15:54:48+00:00
EXP-008192,ACCT-000845,B0247,2046-03-31,0.0,2026-08-01T15:54:48+00:00
EXP-008193,ACCT-000295,B0247,2046-03-31,0.0,2026-08-01T15:54:48+00:00
EXP-008194,ACCT-000349,B0247,2046-03-31,27.79,2026-08-01T15:54:48+00:00
EXP-008195,ACCT-000162,B0247,2046-03-31,0.0,2026-08-01T15:54:48+00:00
EXP-008196,ACCT-000744,B0247,2046-03-31,0.0,2026-08-01T15:54:48+00:00
EXP-008197,ACCT-000101,B0247,2046-03-31,0.0,2026-08-01T15:54:48+00:00
EXP-008198,ACCT-000601,B0247,2046-03-31,0.0,2026-08-01T15:54:48+00:00
EXP-008199,ACCT-000227,B0247,2046-03-31,0.0,2026-08-01T15:54:48+00:00
EXP-008200,ACCT-000735,B0247,2046-03-31,0.0,2026-08-01T15:54:48+00:00
EXP-008201,ACCT-000739,B0247,2046-03-31,0.0,2026-08-01T15:54:48+00:00
EXP-008202,ACCT-000383,B0247,2046-03-31,0.0,2026-08-01T15:54:48+00:00
EXP-008203,ACCT-000602,B0247,2046-03-31,0.0,2026-08-01T15:54:48+00:00
EXP-008204,ACCT-000138,B0247,2046-03-31,0.0,2026-08-01T15:54:48+00:00
EXP-008205,ACCT-000618,B0247,2046-03-31,0.0,2026-08-01T15:54:48+00:00
EXP-008206,ACCT-000766,B0247,2046-03-31,0.0,2026-08-01T15:54:48+00:00
EXP-008207,ACCT-000839,B0247,2046-03-31,0.0,2026-08-01T15:54:48+00:00
EXP-008208,ACCT-000054,B0247,2046-03-31,0.0,2026-08-01T15:54:48+00:00
EXP-008209,ACCT-000646,B0247,2046-03-31,0.0,2026-08-01T15:54:48+00:00
EXP-008210,ACCT-000603,B0247,2046-03-31,64.46,2026-08-01T15:54:48+00:00
EXP-008211,ACCT-000588,B0247,2046-03-31,0.0,2026-08-01T15:54:48+00:00
EXP-008212,ACCT-000841,B0247,2046-03-31,0.0,2026-08-01T15:54:48+00:00
EXP-008213,ACCT-000804,B0247,2046-03-31,0.0,2026-08-01T15:54:48+00:00
EXP-008214,ACCT-000808,B0247,2046-03-31,0.0,2026-08-01T15:54:48+00:00
EXP-008215,ACCT-000770,B0247,2046-03-31,0.0,2026-08-01T15:54:48+00:00
EXP-008216,ACCT-000371,B0247,2046-03-31,0.0,2026-08-01T15:54:48+00:00
EXP-008217,ACCT-000816,B0247,2046-03-31,0.0,2026-08-01T15:54:48+00:00
EXP-008218,ACCT-000413,B0247,2046-03-31,0.0,2026-08-01T15:54:48+00:00
EXP-008219,ACCT-000231,B0247,2046-03-31,0.0,2026-08-01T15:54:48+00:00
EXP-008220,ACCT-000268,B0247,2046-03-31,0.0,2026-08-01T15:54:48+00:00
EXP-008221,ACCT-000474,B0247,2046-03-31,0.0,2026-08-01T15:54:48+00:00
EXP-008222,ACCT-000542,B0247,2046-03-31,0.0,2026-08-01T15:54:48+00:00
EXP-008223,ACCT-000086,B0247,2046-03-31,0.0,2026-08-01T15:54:48+00:00
EXP-008224,ACCT-000871,B0247,2046-03-31,0.0,2026-08-01T15:54:48+00:00
EXP-008225,ACCT-000872,B0247,2046-03-31,0.0,2026-08-01T15:54:48+00:00
EXP-008226,ACCT-000827,B0248,2046-04-30,0.0,2026-08-01T16:52:14+00:00
EXP-008227,ACCT-000214,B0248,2046-04-30,0.0,2026-08-01T16:52:14+00:00
EXP-008228,ACCT-000334,B0248,2046-04-30,0.0,2026-08-01T16:52:14+00:00
EXP-008229,ACCT-000448,B0248,2046-04-30,0.0,2026-08-01T16:52:14+00:00
EXP-008230,ACCT-000837,B0248,2046-04-30,0.0,2026-08-01T16:52:14+00:00
EXP-008231,ACCT-000120,B0248,2046-04-30,0.0,2026-08-01T16:52:14+00:00
EXP-008232,ACCT-000551,B0248,2046-04-30,0.0,2026-08-01T16:52:14+00:00
EXP-008233,ACCT-000242,B0248,2046-04-30,7.69,2026-08-01T16:52:14+00:00
EXP-008234,ACCT-000224,B0248,2046-04-30,0.0,2026-08-01T16:52:14+00:00
EXP-008235,ACCT-000617,B0248,2046-04-30,0.0,2026-08-01T16:52:14+00:00
EXP-008236,ACCT-000810,B0248,2046-04-30,0.0,2026-08-01T16:52:14+00:00
EXP-008237,ACCT-000304,B0248,2046-04-30,0.0,2026-08-01T16:52:14+00:00
EXP-008238,ACCT-000762,B0248,2046-04-30,0.0,2026-08-01T16:52:14+00:00
EXP-008239,ACCT-000623,B0248,2046-04-30,0.0,2026-08-01T16:52:14+00:00
EXP-008240,ACCT-000466,B0248,2046-04-30,0.0,2026-08-01T16:52:14+00:00
EXP-008241,ACCT-000552,B0248,2046-04-30,0.0,2026-08-01T16:52:14+00:00
EXP-008242,ACCT-000142,B0248,2046-04-30,0.0,2026-08-01T16:52:14+00:00
EXP-008243,ACCT-000436,B0248,2046-04-30,0.0,2026-08-01T16:52:14+00:00
EXP-008244,ACCT-000126,B0248,2046-04-30,0.0,2026-08-01T16:52:14+00:00
EXP-008245,ACCT-000075,B0248,2046-04-30,0.0,2026-08-01T16:52:14+00:00
EXP-008246,ACCT-000179,B0248,2046-04-30,0.0,2026-08-01T16:52:14+00:00
EXP-008247,ACCT-000381,B0248,2046-04-30,0.0,2026-08-01T16:52:14+00:00
EXP-008248,ACCT-000431,B0248,2046-04-30,0.0,2026-08-01T16:52:14+00:00
EXP-008249,ACCT-000770,B0248,2046-04-30,0.0,2026-08-01T16:52:14+00:00
EXP-008250,ACCT-000092,B0248,2046-04-30,13.07,2026-08-01T16:52:14+00:00
EXP-008251,ACCT-000228,B0248,2046-04-30,0.0,2026-08-01T16:52:14+00:00
EXP-008252,ACCT-000538,B0248,2046-04-30,0.0,2026-08-01T16:52:14+00:00
EXP-008253,ACCT-000667,B0248,2046-04-30,0.0,2026-08-01T16:52:14+00:00
EXP-008254,ACCT-000429,B0248,2046-04-30,0.0,2026-08-01T16:52:14+00:00
EXP-008255,ACCT-000869,B0248,2046-04-30,0.0,2026-08-01T16:52:14+00:00
EXP-008256,ACCT-000196,B0248,2046-04-30,20.82,2026-08-01T16:52:14+00:00
EXP-008257,ACCT-000006,B0248,2046-04-30,0.0,2026-08-01T16:52:14+00:00
EXP-008258,ACCT-000873,B0248,2046-04-30,2.09,2026-08-01T16:52:14+00:00
EXP-008259,ACCT-000874,B0248,2046-04-30,0.0,2026-08-01T16:52:14+00:00
EXP-008260,ACCT-000875,B0248,2046-04-30,0.0,2026-08-01T16:52:14+00:00
EXP-008261,ACCT-000876,B0248,2046-04-30,0.0,2026-08-01T16:52:14+00:00
EXP-008262,ACCT-000813,B0249,2046-05-30,0.0,2026-08-01T17:54:56+00:00
EXP-008263,ACCT-000811,B0249,2046-05-30,0.0,2026-08-01T17:54:56+00:00
EXP-008264,ACCT-000501,B0249,2046-05-30,0.0,2026-08-01T17:54:56+00:00
EXP-008265,ACCT-000704,B0249,2046-05-30,0.0,2026-08-01T17:54:56+00:00
EXP-008266,ACCT-000554,B0249,2046-05-30,0.0,2026-08-01T17:54:56+00:00
EXP-008267,ACCT-000666,B0249,2046-05-30,0.0,2026-08-01T17:54:56+00:00
EXP-008268,ACCT-000446,B0249,2046-05-30,1.67,2026-08-01T17:54:56+00:00
EXP-008269,ACCT-000013,B0249,2046-05-30,0.0,2026-08-01T17:54:56+00:00
EXP-008270,ACCT-000562,B0249,2046-05-30,0.0,2026-08-01T17:54:56+00:00
EXP-008271,ACCT-000766,B0249,2046-05-30,0.0,2026-08-01T17:54:56+00:00
EXP-008272,ACCT-000422,B0249,2046-05-30,0.0,2026-08-01T17:54:56+00:00
EXP-008273,ACCT-000219,B0249,2046-05-30,0.0,2026-08-01T17:54:56+00:00
EXP-008274,ACCT-000796,B0249,2046-05-30,0.0,2026-08-01T17:54:56+00:00
EXP-008275,ACCT-000205,B0249,2046-05-30,0.0,2026-08-01T17:54:56+00:00
EXP-008276,ACCT-000029,B0249,2046-05-30,0.0,2026-08-01T17:54:56+00:00
EXP-008277,ACCT-000687,B0249,2046-05-30,0.0,2026-08-01T17:54:56+00:00
EXP-008278,ACCT-000160,B0249,2046-05-30,0.0,2026-08-01T17:54:56+00:00
EXP-008279,ACCT-000019,B0249,2046-05-30,0.0,2026-08-01T17:54:56+00:00
EXP-008280,ACCT-000069,B0249,2046-05-30,58.22,2026-08-01T17:54:56+00:00
EXP-008281,ACCT-000127,B0249,2046-05-30,0.0,2026-08-01T17:54:56+00:00
EXP-008282,ACCT-000521,B0249,2046-05-30,0.0,2026-08-01T17:54:56+00:00
EXP-008283,ACCT-000224,B0249,2046-05-30,0.0,2026-08-01T17:54:56+00:00
EXP-008284,ACCT-000808,B0249,2046-05-30,0.0,2026-08-01T17:54:56+00:00
EXP-008285,ACCT-000386,B0249,2046-05-30,0.0,2026-08-01T17:54:56+00:00
EXP-008286,ACCT-000074,B0249,2046-05-30,0.0,2026-08-01T17:54:56+00:00
EXP-008287,ACCT-000877,B0249,2046-05-30,0.0,2026-08-01T17:54:56+00:00
EXP-008288,ACCT-000878,B0249,2046-05-30,0.0,2026-08-01T17:54:56+00:00
EXP-008289,ACCT-000879,B0249,2046-05-30,0.0,2026-08-01T17:54:56+00:00
EXP-008290,ACCT-000880,B0249,2046-05-30,0.0,2026-08-01T17:54:56+00:00
EXP-008291,ACCT-000866,B0250,2046-06-29,0.0,2026-08-01T18:57:28+00:00
EXP-008292,ACCT-000102,B0250,2046-06-29,0.0,2026-08-01T18:57:28+00:00
EXP-008293,ACCT-000350,B0250,2046-06-29,0.0,2026-08-01T18:57:28+00:00
EXP-008294,ACCT-000557,B0250,2046-06-29,0.0,2026-08-01T18:57:28+00:00
EXP-008295,ACCT-000162,B0250,2046-06-29,0.0,2026-08-01T18:57:28+00:00
EXP-008296,ACCT-000451,B0250,2046-06-29,0.0,2026-08-01T18:57:28+00:00
EXP-008297,ACCT-000446,B0250,2046-06-29,0.0,2026-08-01T18:57:28+00:00
EXP-008298,ACCT-000459,B0250,2046-06-29,14.22,2026-08-01T18:57:28+00:00
EXP-008299,ACCT-000001,B0250,2046-06-29,75.98,2026-08-01T18:57:28+00:00
EXP-008300,ACCT-000378,B0250,2046-06-29,0.0,2026-08-01T18:57:28+00:00
EXP-008301,ACCT-000513,B0250,2046-06-29,0.0,2026-08-01T18:57:28+00:00
EXP-008302,ACCT-000651,B0250,2046-06-29,0.0,2026-08-01T18:57:28+00:00
EXP-008303,ACCT-000405,B0250,2046-06-29,0.0,2026-08-01T18:57:28+00:00
EXP-008304,ACCT-000698,B0250,2046-06-29,0.0,2026-08-01T18:57:28+00:00
EXP-008305,ACCT-000619,B0250,2046-06-29,0.0,2026-08-01T18:57:28+00:00
EXP-008306,ACCT-000218,B0250,2046-06-29,0.0,2026-08-01T18:57:28+00:00
EXP-008307,ACCT-000433,B0250,2046-06-29,0.0,2026-08-01T18:57:28+00:00
EXP-008308,ACCT-000564,B0250,2046-06-29,0.0,2026-08-01T18:57:28+00:00
EXP-008309,ACCT-000734,B0250,2046-06-29,0.0,2026-08-01T18:57:28+00:00
EXP-008310,ACCT-000879,B0250,2046-06-29,0.0,2026-08-01T18:57:28+00:00
EXP-008311,ACCT-000725,B0250,2046-06-29,0.0,2026-08-01T18:57:28+00:00
EXP-008312,ACCT-000592,B0250,2046-06-29,0.0,2026-08-01T18:57:28+00:00
EXP-008313,ACCT-000810,B0250,2046-06-29,0.0,2026-08-01T18:57:28+00:00
EXP-008314,ACCT-000463,B0250,2046-06-29,0.0,2026-08-01T18:57:28+00:00
EXP-008315,ACCT-000812,B0250,2046-06-29,0.0,2026-08-01T18:57:28+00:00
EXP-008316,ACCT-000479,B0250,2046-06-29,0.0,2026-08-01T18:57:28+00:00
EXP-008317,ACCT-000881,B0250,2046-06-29,0.0,2026-08-01T18:57:28+00:00
EXP-008318,ACCT-000882,B0250,2046-06-29,0.0,2026-08-01T18:57:28+00:00
EXP-008319,ACCT-000883,B0250,2046-06-29,0.0,2026-08-01T18:57:28+00:00
EXP-008320,ACCT-000138,B0251,2046-07-29,0.0,2026-08-01T20:08:34+00:00
EXP-008321,ACCT-000130,B0251,2046-07-29,0.0,2026-08-01T20:08:34+00:00
EXP-008322,ACCT-000436,B0251,2046-07-29,0.0,2026-08-01T20:08:34+00:00
EXP-008323,ACCT-000537,B0251,2046-07-29,56.67,2026-08-01T20:08:34+00:00
EXP-008324,ACCT-000350,B0251,2046-07-29,0.0,2026-08-01T20:08:34+00:00
EXP-008325,ACCT-000066,B0251,2046-07-29,0.0,2026-08-01T20:08:34+00:00
EXP-008326,ACCT-000746,B0251,2046-07-29,0.0,2026-08-01T20:08:34+00:00
EXP-008327,ACCT-000383,B0251,2046-07-29,0.0,2026-08-01T20:08:34+00:00
EXP-008328,ACCT-000129,B0251,2046-07-29,48.74,2026-08-01T20:08:34+00:00
EXP-008329,ACCT-000629,B0251,2046-07-29,0.0,2026-08-01T20:08:34+00:00
EXP-008330,ACCT-000711,B0251,2046-07-29,0.0,2026-08-01T20:08:34+00:00
EXP-008331,ACCT-000875,B0251,2046-07-29,0.0,2026-08-01T20:08:34+00:00
EXP-008332,ACCT-000283,B0251,2046-07-29,0.0,2026-08-01T20:08:34+00:00
EXP-008333,ACCT-000397,B0251,2046-07-29,0.0,2026-08-01T20:08:34+00:00
EXP-008334,ACCT-000476,B0251,2046-07-29,0.0,2026-08-01T20:08:34+00:00
EXP-008335,ACCT-000253,B0251,2046-07-29,0.0,2026-08-01T20:08:34+00:00
EXP-008336,ACCT-000549,B0251,2046-07-29,0.0,2026-08-01T20:08:34+00:00
EXP-008337,ACCT-000345,B0251,2046-07-29,0.0,2026-08-01T20:08:34+00:00
EXP-008338,ACCT-000563,B0251,2046-07-29,0.0,2026-08-01T20:08:34+00:00
EXP-008339,ACCT-000670,B0251,2046-07-29,12.73,2026-08-01T20:08:34+00:00
EXP-008340,ACCT-000599,B0251,2046-07-29,0.0,2026-08-01T20:08:34+00:00
EXP-008341,ACCT-000702,B0251,2046-07-29,0.0,2026-08-01T20:08:34+00:00
EXP-008342,ACCT-000761,B0251,2046-07-29,0.0,2026-08-01T20:08:34+00:00
EXP-008343,ACCT-000645,B0251,2046-07-29,0.0,2026-08-01T20:08:34+00:00
EXP-008344,ACCT-000469,B0251,2046-07-29,0.0,2026-08-01T20:08:34+00:00
EXP-008345,ACCT-000601,B0251,2046-07-29,0.0,2026-08-01T20:08:34+00:00
EXP-008346,ACCT-000190,B0251,2046-07-29,0.0,2026-08-01T20:08:34+00:00
EXP-008347,ACCT-000125,B0251,2046-07-29,0.0,2026-08-01T20:08:34+00:00
EXP-008348,ACCT-000558,B0251,2046-07-29,0.0,2026-08-01T20:08:34+00:00
EXP-008349,ACCT-000396,B0251,2046-07-29,0.0,2026-08-01T20:08:34+00:00
EXP-008350,ACCT-000859,B0251,2046-07-29,0.0,2026-08-01T20:08:34+00:00
EXP-008351,ACCT-000803,B0251,2046-07-29,0.0,2026-08-01T20:08:34+00:00
EXP-008352,ACCT-000884,B0251,2046-07-29,0.0,2026-08-01T20:08:34+00:00
EXP-008353,ACCT-000885,B0251,2046-07-29,0.0,2026-08-01T20:08:34+00:00
EXP-008354,ACCT-000886,B0251,2046-07-29,0.0,2026-08-01T20:08:34+00:00
EXP-008355,ACCT-000887,B0251,2046-07-29,12.97,2026-08-01T20:08:34+00:00
EXP-008356,ACCT-000024,B0252,2046-08-28,0.0,2026-08-01T21:22:36+00:00
EXP-008357,ACCT-000080,B0252,2046-08-28,0.0,2026-08-01T21:22:36+00:00
EXP-008358,ACCT-000844,B0252,2046-08-28,0.0,2026-08-01T21:22:36+00:00
EXP-008359,ACCT-000353,B0252,2046-08-28,0.0,2026-08-01T21:22:36+00:00
EXP-008360,ACCT-000247,B0252,2046-08-28,0.0,2026-08-01T21:22:36+00:00
EXP-008361,ACCT-000489,B0252,2046-08-28,0.0,2026-08-01T21:22:36+00:00
EXP-008362,ACCT-000367,B0252,2046-08-28,12.12,2026-08-01T21:22:36+00:00
EXP-008363,ACCT-000075,B0252,2046-08-28,0.0,2026-08-01T21:22:36+00:00
EXP-008364,ACCT-000760,B0252,2046-08-28,0.0,2026-08-01T21:22:36+00:00
EXP-008365,ACCT-000722,B0252,2046-08-28,0.0,2026-08-01T21:22:36+00:00
EXP-008366,ACCT-000349,B0252,2046-08-28,0.0,2026-08-01T21:22:36+00:00
EXP-008367,ACCT-000013,B0252,2046-08-28,0.0,2026-08-01T21:22:36+00:00
EXP-008368,ACCT-000726,B0252,2046-08-28,0.0,2026-08-01T21:22:36+00:00
EXP-008369,ACCT-000654,B0252,2046-08-28,0.0,2026-08-01T21:22:36+00:00
EXP-008370,ACCT-000209,B0252,2046-08-28,0.0,2026-08-01T21:22:36+00:00
EXP-008371,ACCT-000413,B0252,2046-08-28,0.0,2026-08-01T21:22:36+00:00
EXP-008372,ACCT-000288,B0252,2046-08-28,0.0,2026-08-01T21:22:36+00:00
EXP-008373,ACCT-000282,B0252,2046-08-28,0.0,2026-08-01T21:22:36+00:00
EXP-008374,ACCT-000862,B0252,2046-08-28,0.0,2026-08-01T21:22:36+00:00
EXP-008375,ACCT-000764,B0252,2046-08-28,0.0,2026-08-01T21:22:36+00:00
EXP-008376,ACCT-000408,B0252,2046-08-28,36.18,2026-08-01T21:22:36+00:00
EXP-008377,ACCT-000548,B0252,2046-08-28,-13.06,2026-08-01T21:22:36+00:00
EXP-008378,ACCT-000378,B0252,2046-08-28,0.0,2026-08-01T21:22:36+00:00
EXP-008379,ACCT-000667,B0252,2046-08-28,0.0,2026-08-01T21:22:36+00:00
EXP-008380,ACCT-000803,B0252,2046-08-28,0.0,2026-08-01T21:22:36+00:00
EXP-008381,ACCT-000255,B0252,2046-08-28,0.0,2026-08-01T21:22:36+00:00
EXP-008382,ACCT-000638,B0252,2046-08-28,0.0,2026-08-01T21:22:36+00:00
EXP-008383,ACCT-000888,B0252,2046-08-28,0.0,2026-08-01T21:22:36+00:00
EXP-008384,ACCT-000889,B0252,2046-08-28,0.0,2026-08-01T21:22:36+00:00
EXP-008385,ACCT-000890,B0252,2046-08-28,0.0,2026-08-01T21:22:36+00:00
EXP-008386,ACCT-000891,B0252,2046-08-28,0.0,2026-08-01T21:22:36+00:00
