remit_id,account_id,batch_id,remit_date,remit_amount,generated_at
RMT-000001,ACCT-000001,B0001,2026-01-15,1138.56,2026-07-12T19:44:37+00:00
RMT-000002,ACCT-000002,B0001,2026-01-15,404.56,2026-07-12T19:44:37+00:00
RMT-000003,ACCT-000003,B0001,2026-01-15,916.66,2026-07-12T19:44:37+00:00
RMT-000004,ACCT-000004,B0001,2026-01-15,923.62,2026-07-12T19:44:37+00:00
RMT-000005,ACCT-000005,B0001,2026-01-15,487.64,2026-07-12T19:44:37+00:00
RMT-000006,ACCT-000006,B0001,2026-01-15,802.55,2026-07-12T19:44:37+00:00
RMT-000007,ACCT-000007,B0001,2026-01-15,255.38,2026-07-12T19:44:37+00:00
RMT-000008,ACCT-000008,B0001,2026-01-15,1025.37,2026-07-12T19:44:37+00:00
RMT-000009,ACCT-000009,B0001,2026-01-15,518.78,2026-07-12T19:44:37+00:00
RMT-000010,ACCT-000010,B0001,2026-01-15,889.19,2026-07-12T19:44:37+00:00
RMT-000011,ACCT-000011,B0001,2026-01-15,368.12,2026-07-12T19:44:37+00:00
RMT-000012,ACCT-000012,B0001,2026-01-15,721.78,2026-07-12T19:44:37+00:00
RMT-000013,ACCT-000013,B0001,2026-01-15,1203.84,2026-07-12T19:44:37+00:00
RMT-000014,ACCT-000014,B0001,2026-01-15,352.81,2026-07-12T19:44:37+00:00
RMT-000015,ACCT-000015,B0001,2026-01-15,116.47,2026-07-12T19:44:37+00:00
RMT-000016,ACCT-000016,B0001,2026-01-15,378.45,2026-07-12T19:44:37+00:00
RMT-000017,ACCT-000017,B0001,2026-01-15,1006.54,2026-07-12T19:44:37+00:00
RMT-000018,ACCT-000018,B0001,2026-01-15,431.23,2026-07-12T19:44:37+00:00
RMT-000019,ACCT-000019,B0001,2026-01-15,571.71,2026-07-12T19:44:37+00:00
RMT-000020,ACCT-000020,B0001,2026-01-15,170.21,2026-07-12T19:44:37+00:00
RMT-000021,ACCT-000021,B0001,2026-01-15,379.93,2026-07-12T19:44:37+00:00
RMT-000022,ACCT-000022,B0001,2026-01-15,654.74,2026-07-12T19:44:37+00:00
RMT-000023,ACCT-000023,B0001,2026-01-15,487.02,2026-07-12T19:44:37+00:00
RMT-000024,ACCT-000024,B0001,2026-01-15,990.01,2026-07-12T19:44:37+00:00
RMT-000025,ACCT-000025,B0001,2026-01-15,411.06,2026-07-12T19:44:37+00:00
RMT-000026,ACCT-000026,B0001,2026-01-15,891.71,2026-07-12T19:44:37+00:00
RMT-000027,ACCT-000027,B0001,2026-01-15,223.67,2026-07-12T19:44:37+00:00
RMT-000028,ACCT-000028,B0001,2026-01-15,1203.94,2026-07-12T19:44:37+00:00
RMT-000029,ACCT-000029,B0001,2026-01-15,931.12,2026-07-12T19:44:37+00:00
RMT-000030,ACCT-000030,B0001,2026-01-15,356.11,2026-07-12T19:44:37+00:00
RMT-000031,ACCT-000031,B0001,2026-01-15,776.36,2026-07-12T19:44:37+00:00
RMT-000032,ACCT-000032,B0001,2026-01-15,168.67,2026-07-12T19:44:37+00:00
RMT-000033,ACCT-000033,B0001,2026-01-15,375.92,2026-07-12T19:44:37+00:00
RMT-000034,ACCT-000034,B0001,2026-01-15,694.94,2026-07-12T19:44:37+00:00
RMT-000035,ACCT-000035,B0001,2026-01-15,666.0,2026-07-12T19:44:37+00:00
RMT-000036,ACCT-000036,B0001,2026-01-15,934.72,2026-07-12T19:44:37+00:00
RMT-000037,ACCT-000037,B0001,2026-01-15,370.85,2026-07-12T19:44:37+00:00
RMT-000038,ACCT-000038,B0001,2026-01-15,402.14,2026-07-12T19:44:37+00:00
RMT-000039,ACCT-000039,B0001,2026-01-15,117.21,2026-07-12T19:44:37+00:00
RMT-000040,ACCT-000040,B0001,2026-01-15,972.53,2026-07-12T19:44:37+00:00
RMT-000041,ACCT-000041,B0001,2026-01-15,460.9,2026-07-12T19:44:37+00:00
RMT-000042,ACCT-000042,B0001,2026-01-15,755.78,2026-07-12T19:44:37+00:00
RMT-000043,ACCT-000043,B0001,2026-01-15,580.67,2026-07-12T19:44:37+00:00
RMT-000044,ACCT-000044,B0001,2026-01-15,670.67,2026-07-12T19:44:37+00:00
RMT-000045,ACCT-000045,B0001,2026-01-15,992.03,2026-07-12T19:44:37+00:00
RMT-000046,ACCT-000046,B0001,2026-01-15,217.53,2026-07-12T19:44:37+00:00
RMT-000047,ACCT-000047,B0001,2026-01-15,302.23,2026-07-12T19:44:37+00:00
RMT-000048,ACCT-000048,B0001,2026-01-15,810.28,2026-07-12T19:44:37+00:00
RMT-000049,ACCT-000049,B0001,2026-01-15,813.36,2026-07-12T19:44:37+00:00
RMT-000050,ACCT-000050,B0001,2026-01-15,203.08,2026-07-12T19:44:37+00:00
RMT-000051,ACCT-000051,B0001,2026-01-15,265.34,2026-07-12T19:44:37+00:00
RMT-000052,ACCT-000052,B0001,2026-01-15,378.12,2026-07-12T19:44:37+00:00
RMT-000053,ACCT-000053,B0001,2026-01-15,637.47,2026-07-12T19:44:37+00:00
RMT-000054,ACCT-000054,B0001,2026-01-15,625.18,2026-07-12T19:44:37+00:00
RMT-000055,ACCT-000055,B0001,2026-01-15,618.9,2026-07-12T19:44:37+00:00
RMT-000056,ACCT-000056,B0001,2026-01-15,280.95,2026-07-12T19:44:37+00:00
RMT-000057,ACCT-000057,B0001,2026-01-15,1051.13,2026-07-12T19:44:37+00:00
RMT-000058,ACCT-000058,B0001,2026-01-15,278.26,2026-07-12T19:44:37+00:00
RMT-000059,ACCT-000059,B0001,2026-01-15,115.71,2026-07-12T19:44:37+00:00
RMT-000060,ACCT-000060,B0001,2026-01-15,377.84,2026-07-12T19:44:37+00:00
RMT-000061,ACCT-000061,B0001,2026-01-15,936.32,2026-07-12T19:44:37+00:00
RMT-000062,ACCT-000062,B0001,2026-01-15,144.28,2026-07-12T19:44:37+00:00
RMT-000063,ACCT-000063,B0001,2026-01-15,766.33,2026-07-12T19:44:37+00:00
RMT-000064,ACCT-000064,B0001,2026-01-15,48.26,2026-07-12T19:44:37+00:00
RMT-000065,ACCT-000065,B0001,2026-01-15,743.3,2026-07-12T19:44:37+00:00
RMT-000066,ACCT-000066,B0001,2026-01-15,236.8,2026-07-12T19:44:37+00:00
RMT-000067,ACCT-000067,B0001,2026-01-15,264.43,2026-07-12T19:44:37+00:00
RMT-000068,ACCT-000068,B0001,2026-01-15,663.74,2026-07-12T19:44:37+00:00
RMT-000069,ACCT-000069,B0001,2026-01-15,488.27,2026-07-12T19:44:37+00:00
RMT-000070,ACCT-000070,B0001,2026-01-15,886.72,2026-07-12T19:44:37+00:00
RMT-000071,ACCT-000071,B0001,2026-01-15,892.74,2026-07-12T19:44:37+00:00
RMT-000072,ACCT-000072,B0001,2026-01-15,741.52,2026-07-12T19:44:37+00:00
RMT-000073,ACCT-000073,B0001,2026-01-15,357.71,2026-07-12T19:44:37+00:00
RMT-000074,ACCT-000074,B0001,2026-01-15,610.68,2026-07-12T19:44:37+00:00
RMT-000075,ACCT-000075,B0001,2026-01-15,588.35,2026-07-12T19:44:37+00:00
RMT-000076,ACCT-000076,B0001,2026-01-15,1061.65,2026-07-12T19:44:37+00:00
RMT-000077,ACCT-000077,B0001,2026-01-15,699.91,2026-07-12T19:44:37+00:00
RMT-000078,ACCT-000078,B0001,2026-01-15,283.69,2026-07-12T19:44:37+00:00
RMT-000079,ACCT-000079,B0001,2026-01-15,273.34,2026-07-12T19:44:37+00:00
RMT-000080,ACCT-000080,B0001,2026-01-15,880.69,2026-07-12T19:44:37+00:00
RMT-000081,ACCT-000081,B0001,2026-01-15,852.81,2026-07-12T19:44:37+00:00
RMT-000082,ACCT-000082,B0001,2026-01-15,730.74,2026-07-12T19:44:37+00:00
RMT-000083,ACCT-000083,B0001,2026-01-15,630.43,2026-07-12T19:44:37+00:00
RMT-000084,ACCT-000084,B0001,2026-01-15,269.09,2026-07-12T19:44:37+00:00
RMT-000085,ACCT-000085,B0001,2026-01-15,396.26,2026-07-12T19:44:37+00:00
RMT-000086,ACCT-000086,B0001,2026-01-15,634.62,2026-07-12T19:44:37+00:00
RMT-000087,ACCT-000087,B0001,2026-01-15,397.73,2026-07-12T19:44:37+00:00
RMT-000088,ACCT-000088,B0001,2026-01-15,657.3,2026-07-12T19:44:37+00:00
RMT-000089,ACCT-000089,B0001,2026-01-15,816.17,2026-07-12T19:44:37+00:00
RMT-000090,ACCT-000090,B0001,2026-01-15,594.77,2026-07-12T19:44:37+00:00
RMT-000091,ACCT-000091,B0001,2026-01-15,498.4,2026-07-12T19:44:37+00:00
RMT-000092,ACCT-000092,B0001,2026-01-15,620.97,2026-07-12T19:44:37+00:00
RMT-000093,ACCT-000093,B0001,2026-01-15,849.93,2026-07-12T19:44:37+00:00
RMT-000094,ACCT-000094,B0001,2026-01-15,702.42,2026-07-12T19:44:37+00:00
RMT-000095,ACCT-000095,B0001,2026-01-15,508.12,2026-07-12T19:44:37+00:00
RMT-000096,ACCT-000096,B0001,2026-01-15,1033.89,2026-07-12T19:44:37+00:00
RMT-000097,ACCT-000097,B0001,2026-01-15,377.54,2026-07-12T19:44:37+00:00
RMT-000098,ACCT-000098,B0001,2026-01-15,313.09,2026-07-12T19:44:37+00:00
RMT-000099,ACCT-000099,B0001,2026-01-15,635.9,2026-07-12T19:44:37+00:00
RMT-000100,ACCT-000100,B0001,2026-01-15,951.63,2026-07-12T19:44:37+00:00
RMT-000101,ACCT-000101,B0001,2026-01-15,950.64,2026-07-12T19:44:37+00:00
RMT-000102,ACCT-000102,B0001,2026-01-15,334.74,2026-07-12T19:44:37+00:00
RMT-000103,ACCT-000103,B0001,2026-01-15,532.37,2026-07-12T19:44:37+00:00
RMT-000104,ACCT-000104,B0001,2026-01-15,722.82,2026-07-12T19:44:37+00:00
RMT-000105,ACCT-000105,B0001,2026-01-15,190.36,2026-07-12T19:44:37+00:00
RMT-000106,ACCT-000106,B0001,2026-01-15,574.5,2026-07-12T19:44:37+00:00
RMT-000107,ACCT-000107,B0001,2026-01-15,784.49,2026-07-12T19:44:37+00:00
RMT-000108,ACCT-000108,B0001,2026-01-15,687.24,2026-07-12T19:44:37+00:00
RMT-000109,ACCT-000109,B0001,2026-01-15,714.11,2026-07-12T19:44:37+00:00
RMT-000110,ACCT-000110,B0001,2026-01-15,1127.41,2026-07-12T19:44:37+00:00
RMT-000111,ACCT-000111,B0001,2026-01-15,809.62,2026-07-12T19:44:37+00:00
RMT-000112,ACCT-000112,B0001,2026-01-15,381.24,2026-07-12T19:44:37+00:00
RMT-000113,ACCT-000113,B0001,2026-01-15,919.79,2026-07-12T19:44:37+00:00
RMT-000114,ACCT-000114,B0001,2026-01-15,360.19,2026-07-12T19:44:37+00:00
RMT-000115,ACCT-000115,B0001,2026-01-15,628.99,2026-07-12T19:44:37+00:00
RMT-000116,ACCT-000116,B0001,2026-01-15,971.07,2026-07-12T19:44:37+00:00
RMT-000117,ACCT-000117,B0001,2026-01-15,579.9,2026-07-12T19:44:37+00:00
RMT-000118,ACCT-000118,B0001,2026-01-15,432.85,2026-07-12T19:44:37+00:00
RMT-000119,ACCT-000119,B0001,2026-01-15,952.54,2026-07-12T19:44:37+00:00
RMT-000120,ACCT-000120,B0001,2026-01-15,678.01,2026-07-12T19:44:37+00:00
RMT-000121,ACCT-000070,B0002,2026-02-14,698.47,2026-07-12T20:07:48+00:00
RMT-000122,ACCT-000111,B0002,2026-02-14,432.97,2026-07-12T20:07:48+00:00
RMT-000123,ACCT-000083,B0002,2026-02-14,767.53,2026-07-12T20:07:48+00:00
RMT-000124,ACCT-000079,B0002,2026-02-14,400.17,2026-07-12T20:07:48+00:00
RMT-000125,ACCT-000072,B0002,2026-02-14,344.48,2026-07-12T20:07:48+00:00
RMT-000126,ACCT-000027,B0002,2026-02-14,724.01,2026-07-12T20:07:48+00:00
RMT-000127,ACCT-000023,B0002,2026-02-14,608.65,2026-07-12T20:07:48+00:00
RMT-000128,ACCT-000016,B0002,2026-02-14,514.02,2026-07-12T20:07:48+00:00
RMT-000129,ACCT-000041,B0002,2026-02-14,890.33,2026-07-12T20:07:48+00:00
RMT-000130,ACCT-000042,B0002,2026-02-14,313.15,2026-07-12T20:07:48+00:00
RMT-000131,ACCT-000058,B0002,2026-02-14,453.03,2026-07-12T20:07:48+00:00
RMT-000132,ACCT-000025,B0002,2026-02-14,391.58,2026-07-12T20:07:48+00:00
RMT-000133,ACCT-000052,B0002,2026-02-14,55.38,2026-07-12T20:07:48+00:00
RMT-000134,ACCT-000076,B0002,2026-02-14,276.45,2026-07-12T20:07:48+00:00
RMT-000135,ACCT-000013,B0002,2026-02-14,592.35,2026-07-12T20:07:48+00:00
RMT-000136,ACCT-000113,B0002,2026-02-14,317.06,2026-07-12T20:07:48+00:00
RMT-000137,ACCT-000005,B0002,2026-02-14,240.78,2026-07-12T20:07:48+00:00
RMT-000138,ACCT-000037,B0002,2026-02-14,736.8,2026-07-12T20:07:48+00:00
RMT-000139,ACCT-000001,B0002,2026-02-14,228.8,2026-07-12T20:07:48+00:00
RMT-000140,ACCT-000107,B0002,2026-02-14,349.35,2026-07-12T20:07:48+00:00
RMT-000141,ACCT-000038,B0002,2026-02-14,690.83,2026-07-12T20:07:48+00:00
RMT-000142,ACCT-000028,B0002,2026-02-14,439.42,2026-07-12T20:07:48+00:00
RMT-000143,ACCT-000116,B0002,2026-02-14,559.27,2026-07-12T20:07:48+00:00
RMT-000144,ACCT-000074,B0002,2026-02-14,399.99,2026-07-12T20:07:48+00:00
RMT-000145,ACCT-000012,B0002,2026-02-14,72.14,2026-07-12T20:07:48+00:00
RMT-000146,ACCT-000120,B0002,2026-02-14,466.58,2026-07-12T20:07:48+00:00
RMT-000147,ACCT-000078,B0002,2026-02-14,209.98,2026-07-12T20:07:48+00:00
RMT-000148,ACCT-000121,B0002,2026-02-14,907.05,2026-07-12T20:07:48+00:00
RMT-000149,ACCT-000122,B0002,2026-02-14,303.01,2026-07-12T20:07:48+00:00
RMT-000150,ACCT-000103,B0003,2026-03-16,509.84,2026-07-12T21:41:14+00:00
RMT-000151,ACCT-000017,B0003,2026-03-16,308.79,2026-07-12T21:41:14+00:00
RMT-000152,ACCT-000093,B0003,2026-03-16,101.92,2026-07-12T21:41:14+00:00
RMT-000153,ACCT-000089,B0003,2026-03-16,1054.02,2026-07-12T21:41:14+00:00
RMT-000154,ACCT-000082,B0003,2026-03-16,333.53,2026-07-12T21:41:14+00:00
RMT-000155,ACCT-000109,B0003,2026-03-16,355.06,2026-07-12T21:41:14+00:00
RMT-000156,ACCT-000066,B0003,2026-03-16,882.02,2026-07-12T21:41:14+00:00
RMT-000157,ACCT-000024,B0003,2026-03-16,929.66,2026-07-12T21:41:14+00:00
RMT-000158,ACCT-000010,B0003,2026-03-16,165.3,2026-07-12T21:41:14+00:00
RMT-000159,ACCT-000025,B0003,2026-03-16,479.19,2026-07-12T21:41:14+00:00
RMT-000160,ACCT-000114,B0003,2026-03-16,748.24,2026-07-12T21:41:14+00:00
RMT-000161,ACCT-000080,B0003,2026-03-16,340.36,2026-07-12T21:41:14+00:00
RMT-000162,ACCT-000011,B0003,2026-03-16,423.9,2026-07-12T21:41:14+00:00
RMT-000163,ACCT-000018,B0003,2026-03-16,941.42,2026-07-12T21:41:14+00:00
RMT-000164,ACCT-000029,B0003,2026-03-16,648.95,2026-07-12T21:41:14+00:00
RMT-000165,ACCT-000096,B0003,2026-03-16,523.52,2026-07-12T21:41:14+00:00
RMT-000166,ACCT-000100,B0003,2026-03-16,406.96,2026-07-12T21:41:14+00:00
RMT-000167,ACCT-000084,B0003,2026-03-16,341.85,2026-07-12T21:41:14+00:00
RMT-000168,ACCT-000044,B0003,2026-03-16,722.58,2026-07-12T21:41:14+00:00
RMT-000169,ACCT-000046,B0003,2026-03-16,612.5,2026-07-12T21:41:14+00:00
RMT-000170,ACCT-000091,B0003,2026-03-16,430.6,2026-07-12T21:41:14+00:00
RMT-000171,ACCT-000028,B0003,2026-03-16,696.16,2026-07-12T21:41:14+00:00
RMT-000172,ACCT-000112,B0003,2026-03-16,583.66,2026-07-12T21:41:14+00:00
RMT-000173,ACCT-000038,B0003,2026-03-16,664.59,2026-07-12T21:41:14+00:00
RMT-000174,ACCT-000085,B0003,2026-03-16,159.37,2026-07-12T21:41:14+00:00
RMT-000175,ACCT-000095,B0003,2026-03-16,275.36,2026-07-12T21:41:14+00:00
RMT-000176,ACCT-000087,B0003,2026-03-16,947.8,2026-07-12T21:41:14+00:00
RMT-000177,ACCT-000036,B0003,2026-03-16,593.8,2026-07-12T21:41:14+00:00
RMT-000178,ACCT-000053,B0003,2026-03-16,203.45,2026-07-12T21:41:14+00:00
RMT-000179,ACCT-000101,B0003,2026-03-16,582.16,2026-07-12T21:41:14+00:00
RMT-000180,ACCT-000033,B0003,2026-03-16,840.59,2026-07-12T21:41:14+00:00
RMT-000181,ACCT-000121,B0003,2026-03-16,456.39,2026-07-12T21:41:14+00:00
RMT-000182,ACCT-000123,B0003,2026-03-16,1007.64,2026-07-12T21:41:14+00:00
RMT-000183,ACCT-000124,B0003,2026-03-16,529.8,2026-07-12T21:41:14+00:00
RMT-000184,ACCT-000125,B0003,2026-03-16,614.52,2026-07-12T21:41:14+00:00
RMT-000185,ACCT-000126,B0003,2026-03-16,705.63,2026-07-12T21:41:14+00:00
RMT-000186,ACCT-000064,B0004,2026-04-15,227.53,2026-07-12T22:39:31+00:00
RMT-000187,ACCT-000034,B0004,2026-04-15,445.11,2026-07-12T22:39:31+00:00
RMT-000188,ACCT-000096,B0004,2026-04-15,49.8,2026-07-12T22:39:31+00:00
RMT-000189,ACCT-000091,B0004,2026-04-15,625.17,2026-07-12T22:39:31+00:00
RMT-000190,ACCT-000068,B0004,2026-04-15,627.42,2026-07-12T22:39:31+00:00
RMT-000191,ACCT-000029,B0004,2026-04-15,793.94,2026-07-12T22:39:31+00:00
RMT-000192,ACCT-000047,B0004,2026-04-15,660.01,2026-07-12T22:39:31+00:00
RMT-000193,ACCT-000083,B0004,2026-04-15,169.94,2026-07-12T22:39:31+00:00
RMT-000194,ACCT-000052,B0004,2026-04-15,710.57,2026-07-12T22:39:31+00:00
RMT-000195,ACCT-000001,B0004,2026-04-15,835.06,2026-07-12T22:39:31+00:00
RMT-000196,ACCT-000022,B0004,2026-04-15,196.08,2026-07-12T22:39:31+00:00
RMT-000197,ACCT-000016,B0004,2026-04-15,592.7,2026-07-12T22:39:31+00:00
RMT-000198,ACCT-000102,B0004,2026-04-15,389.57,2026-07-12T22:39:31+00:00
RMT-000199,ACCT-000113,B0004,2026-04-15,1205.39,2026-07-12T22:39:31+00:00
RMT-000200,ACCT-000013,B0004,2026-04-15,322.56,2026-07-12T22:39:31+00:00
RMT-000201,ACCT-000121,B0004,2026-04-15,494.84,2026-07-12T22:39:31+00:00
RMT-000202,ACCT-000030,B0004,2026-04-15,487.43,2026-07-12T22:39:31+00:00
RMT-000203,ACCT-000043,B0004,2026-04-15,607.74,2026-07-12T22:39:31+00:00
RMT-000204,ACCT-000105,B0004,2026-04-15,701.98,2026-07-12T22:39:31+00:00
RMT-000205,ACCT-000028,B0004,2026-04-15,883.68,2026-07-12T22:39:31+00:00
RMT-000206,ACCT-000010,B0004,2026-04-15,806.95,2026-07-12T22:39:31+00:00
RMT-000207,ACCT-000109,B0004,2026-04-15,776.31,2026-07-12T22:39:31+00:00
RMT-000208,ACCT-000103,B0004,2026-04-15,260.75,2026-07-12T22:39:31+00:00
RMT-000209,ACCT-000125,B0004,2026-04-15,806.75,2026-07-12T22:39:31+00:00
RMT-000210,ACCT-000046,B0004,2026-04-15,674.46,2026-07-12T22:39:31+00:00
RMT-000211,ACCT-000114,B0004,2026-04-15,180.8,2026-07-12T22:39:31+00:00
RMT-000212,ACCT-000011,B0004,2026-04-15,279.87,2026-07-12T22:39:31+00:00
RMT-000213,ACCT-000089,B0004,2026-04-15,383.34,2026-07-12T22:39:31+00:00
RMT-000214,ACCT-000092,B0004,2026-04-15,64.68,2026-07-12T22:39:31+00:00
RMT-000215,ACCT-000111,B0004,2026-04-15,348.41,2026-07-12T22:39:31+00:00
RMT-000216,ACCT-000079,B0004,2026-04-15,455.87,2026-07-12T22:39:31+00:00
RMT-000217,ACCT-000127,B0004,2026-04-15,658.55,2026-07-12T22:39:31+00:00
RMT-000218,ACCT-000128,B0004,2026-04-15,324.25,2026-07-12T22:39:31+00:00
RMT-000219,ACCT-000073,B0005,2026-05-15,670.15,2026-07-12T23:44:19+00:00
RMT-000220,ACCT-000115,B0005,2026-05-15,746.44,2026-07-12T23:44:19+00:00
RMT-000221,ACCT-000017,B0005,2026-05-15,86.45,2026-07-12T23:44:19+00:00
RMT-000222,ACCT-000043,B0005,2026-05-15,261.26,2026-07-12T23:44:19+00:00
RMT-000223,ACCT-000050,B0005,2026-05-15,908.7,2026-07-12T23:44:19+00:00
RMT-000224,ACCT-000083,B0005,2026-05-15,831.77,2026-07-12T23:44:19+00:00
RMT-000225,ACCT-000070,B0005,2026-05-15,581.27,2026-07-12T23:44:19+00:00
RMT-000226,ACCT-000075,B0005,2026-05-15,358.44,2026-07-12T23:44:19+00:00
RMT-000227,ACCT-000012,B0005,2026-05-15,677.12,2026-07-12T23:44:19+00:00
RMT-000228,ACCT-000076,B0005,2026-05-15,1203.83,2026-07-12T23:44:19+00:00
RMT-000229,ACCT-000128,B0005,2026-05-15,344.21,2026-07-12T23:44:19+00:00
RMT-000230,ACCT-000118,B0005,2026-05-15,664.28,2026-07-12T23:44:19+00:00
RMT-000231,ACCT-000047,B0005,2026-05-15,597.56,2026-07-12T23:44:19+00:00
RMT-000232,ACCT-000031,B0005,2026-05-15,378.72,2026-07-12T23:44:19+00:00
RMT-000233,ACCT-000093,B0005,2026-05-15,845.06,2026-07-12T23:44:19+00:00
RMT-000234,ACCT-000049,B0005,2026-05-15,809.49,2026-07-12T23:44:19+00:00
RMT-000235,ACCT-000057,B0005,2026-05-15,605.43,2026-07-12T23:44:19+00:00
RMT-000236,ACCT-000097,B0005,2026-05-15,1093.79,2026-07-12T23:44:19+00:00
RMT-000237,ACCT-000013,B0005,2026-05-15,356.51,2026-07-12T23:44:19+00:00
RMT-000238,ACCT-000005,B0005,2026-05-15,391.17,2026-07-12T23:44:19+00:00
RMT-000239,ACCT-000074,B0005,2026-05-15,1157.37,2026-07-12T23:44:19+00:00
RMT-000240,ACCT-000104,B0005,2026-05-15,247.47,2026-07-12T23:44:19+00:00
RMT-000241,ACCT-000086,B0005,2026-05-15,430.68,2026-07-12T23:44:19+00:00
RMT-000242,ACCT-000018,B0005,2026-05-15,444.92,2026-07-12T23:44:19+00:00
RMT-000243,ACCT-000026,B0005,2026-05-15,810.24,2026-07-12T23:44:19+00:00
RMT-000244,ACCT-000072,B0005,2026-05-15,834.3,2026-07-12T23:44:19+00:00
RMT-000245,ACCT-000038,B0005,2026-05-15,128.04,2026-07-12T23:44:19+00:00
RMT-000246,ACCT-000080,B0005,2026-05-15,777.59,2026-07-12T23:44:19+00:00
RMT-000247,ACCT-000114,B0005,2026-05-15,130.7,2026-07-12T23:44:19+00:00
RMT-000248,ACCT-000011,B0005,2026-05-15,434.44,2026-07-12T23:44:19+00:00
RMT-000249,ACCT-000084,B0005,2026-05-15,611.38,2026-07-12T23:44:19+00:00
RMT-000250,ACCT-000095,B0005,2026-05-15,716.42,2026-07-12T23:44:19+00:00
RMT-000251,ACCT-000034,B0005,2026-05-15,1050.41,2026-07-12T23:44:19+00:00
RMT-000252,ACCT-000081,B0005,2026-05-15,1056.3,2026-07-12T23:44:19+00:00
RMT-000253,ACCT-000129,B0005,2026-05-15,636.15,2026-07-12T23:44:19+00:00
RMT-000254,ACCT-000130,B0005,2026-05-15,25.9,2026-07-12T23:44:19+00:00
RMT-000255,ACCT-000048,B0006,2026-06-14,896.32,2026-07-14T22:50:00+00:00
RMT-000256,ACCT-000064,B0006,2026-06-14,597.93,2026-07-14T22:50:00+00:00
RMT-000257,ACCT-000076,B0006,2026-06-14,998.23,2026-07-14T22:50:00+00:00
RMT-000258,ACCT-000041,B0006,2026-06-14,-0.59,2026-07-14T22:50:00+00:00
RMT-000259,ACCT-000052,B0006,2026-06-14,800.49,2026-07-14T22:50:00+00:00
RMT-000260,ACCT-000011,B0006,2026-06-14,176.79,2026-07-14T22:50:00+00:00
RMT-000261,ACCT-000047,B0006,2026-06-14,575.83,2026-07-14T22:50:00+00:00
RMT-000262,ACCT-000034,B0006,2026-06-14,821.46,2026-07-14T22:50:00+00:00
RMT-000263,ACCT-000036,B0006,2026-06-14,301.51,2026-07-14T22:50:00+00:00
RMT-000264,ACCT-000069,B0006,2026-06-14,639.33,2026-07-14T22:50:00+00:00
RMT-000265,ACCT-000124,B0006,2026-06-14,852.72,2026-07-14T22:50:00+00:00
RMT-000266,ACCT-000039,B0006,2026-06-14,355.48,2026-07-14T22:50:00+00:00
RMT-000267,ACCT-000090,B0006,2026-06-14,150.45,2026-07-14T22:50:00+00:00
RMT-000268,ACCT-000129,B0006,2026-06-14,454.33,2026-07-14T22:50:00+00:00
RMT-000269,ACCT-000022,B0006,2026-06-14,283.1,2026-07-14T22:50:00+00:00
RMT-000270,ACCT-000118,B0006,2026-06-14,103.51,2026-07-14T22:50:00+00:00
RMT-000271,ACCT-000105,B0006,2026-06-14,622.41,2026-07-14T22:50:00+00:00
RMT-000272,ACCT-000038,B0006,2026-06-14,626.35,2026-07-14T22:50:00+00:00
RMT-000273,ACCT-000109,B0006,2026-06-14,914.01,2026-07-14T22:50:00+00:00
RMT-000274,ACCT-000119,B0006,2026-06-14,772.59,2026-07-14T22:50:00+00:00
RMT-000275,ACCT-000081,B0006,2026-06-14,135.12,2026-07-14T22:50:00+00:00
RMT-000276,ACCT-000120,B0006,2026-06-14,205.3,2026-07-14T22:50:00+00:00
RMT-000277,ACCT-000020,B0006,2026-06-14,424.77,2026-07-14T22:50:00+00:00
RMT-000278,ACCT-000057,B0006,2026-06-14,1120.6,2026-07-14T22:50:00+00:00
RMT-000279,ACCT-000033,B0006,2026-06-14,1076.48,2026-07-14T22:50:00+00:00
RMT-000280,ACCT-000093,B0006,2026-06-14,159.75,2026-07-14T22:50:00+00:00
RMT-000281,ACCT-000112,B0006,2026-06-14,340.61,2026-07-14T22:50:00+00:00
RMT-000282,ACCT-000088,B0006,2026-06-14,154.22,2026-07-14T22:50:00+00:00
RMT-000283,ACCT-000131,B0006,2026-06-14,814.8,2026-07-14T22:50:00+00:00
RMT-000284,ACCT-000132,B0006,2026-06-14,794.51,2026-07-14T22:50:00+00:00
RMT-000285,ACCT-000133,B0006,2026-06-14,720.05,2026-07-14T22:50:00+00:00
RMT-000286,ACCT-000084,B0007,2026-07-14,249.22,2026-07-14T23:44:01+00:00
RMT-000287,ACCT-000089,B0007,2026-07-14,651.44,2026-07-14T23:44:01+00:00
RMT-000288,ACCT-000117,B0007,2026-07-14,49.61,2026-07-14T23:44:01+00:00
RMT-000289,ACCT-000039,B0007,2026-07-14,943.44,2026-07-14T23:44:01+00:00
RMT-000290,ACCT-000109,B0007,2026-07-14,743.97,2026-07-14T23:44:01+00:00
RMT-000291,ACCT-000076,B0007,2026-07-14,549.86,2026-07-14T23:44:01+00:00
RMT-000292,ACCT-000037,B0007,2026-07-14,261.09,2026-07-14T23:44:01+00:00
RMT-000293,ACCT-000035,B0007,2026-07-14,246.54,2026-07-14T23:44:01+00:00
RMT-000294,ACCT-000003,B0007,2026-07-14,251.27,2026-07-14T23:44:01+00:00
RMT-000295,ACCT-000045,B0007,2026-07-14,588.47,2026-07-14T23:44:01+00:00
RMT-000296,ACCT-000032,B0007,2026-07-14,389.86,2026-07-14T23:44:01+00:00
RMT-000297,ACCT-000087,B0007,2026-07-14,135.91,2026-07-14T23:44:01+00:00
RMT-000298,ACCT-000115,B0007,2026-07-14,733.37,2026-07-14T23:44:01+00:00
RMT-000299,ACCT-000128,B0007,2026-07-14,216.88,2026-07-14T23:44:01+00:00
RMT-000300,ACCT-000057,B0007,2026-07-14,206.68,2026-07-14T23:44:01+00:00
RMT-000301,ACCT-000123,B0007,2026-07-14,688.37,2026-07-14T23:44:01+00:00
RMT-000302,ACCT-000120,B0007,2026-07-14,413.3,2026-07-14T23:44:01+00:00
RMT-000303,ACCT-000053,B0007,2026-07-14,803.06,2026-07-14T23:44:01+00:00
RMT-000304,ACCT-000006,B0007,2026-07-14,989.4,2026-07-14T23:44:01+00:00
RMT-000305,ACCT-000088,B0007,2026-07-14,183.66,2026-07-14T23:44:01+00:00
RMT-000306,ACCT-000018,B0007,2026-07-14,325.61,2026-07-14T23:44:01+00:00
RMT-000307,ACCT-000067,B0007,2026-07-14,516.35,2026-07-14T23:44:01+00:00
RMT-000308,ACCT-000105,B0007,2026-07-14,376.06,2026-07-14T23:44:01+00:00
RMT-000309,ACCT-000101,B0007,2026-07-14,440.26,2026-07-14T23:44:01+00:00
RMT-000310,ACCT-000127,B0007,2026-07-14,837.18,2026-07-14T23:44:01+00:00
RMT-000311,ACCT-000134,B0007,2026-07-14,1108.29,2026-07-14T23:44:01+00:00
RMT-000312,ACCT-000135,B0007,2026-07-14,981.28,2026-07-14T23:44:01+00:00
RMT-000313,ACCT-000136,B0007,2026-07-14,922.11,2026-07-14T23:44:01+00:00
RMT-000314,ACCT-000137,B0007,2026-07-14,821.38,2026-07-14T23:44:01+00:00
RMT-000315,ACCT-000133,B0008,2026-08-13,698.39,2026-07-15T01:41:57+00:00
RMT-000316,ACCT-000105,B0008,2026-08-13,399.19,2026-07-15T01:41:57+00:00
RMT-000317,ACCT-000126,B0008,2026-08-13,168.86,2026-07-15T01:41:57+00:00
RMT-000318,ACCT-000026,B0008,2026-08-13,576.99,2026-07-15T01:41:57+00:00
RMT-000319,ACCT-000032,B0008,2026-08-13,585.24,2026-07-15T01:41:57+00:00
RMT-000320,ACCT-000084,B0008,2026-08-13,79.26,2026-07-15T01:41:57+00:00
RMT-000321,ACCT-000008,B0008,2026-08-13,517.59,2026-07-15T01:41:57+00:00
RMT-000322,ACCT-000024,B0008,2026-08-13,401.99,2026-07-15T01:41:57+00:00
RMT-000323,ACCT-000113,B0008,2026-08-13,318.32,2026-07-15T01:41:57+00:00
RMT-000324,ACCT-000076,B0008,2026-08-13,607.97,2026-07-15T01:41:57+00:00
RMT-000325,ACCT-000029,B0008,2026-08-13,285.56,2026-07-15T01:41:57+00:00
RMT-000326,ACCT-000058,B0008,2026-08-13,924.97,2026-07-15T01:41:57+00:00
RMT-000327,ACCT-000114,B0008,2026-08-13,382.13,2026-07-15T01:41:57+00:00
RMT-000328,ACCT-000124,B0008,2026-08-13,544.17,2026-07-15T01:41:57+00:00
RMT-000329,ACCT-000115,B0008,2026-08-13,280.13,2026-07-15T01:41:57+00:00
RMT-000330,ACCT-000132,B0008,2026-08-13,134.25,2026-07-15T01:41:57+00:00
RMT-000331,ACCT-000006,B0008,2026-08-13,254.73,2026-07-15T01:41:57+00:00
RMT-000332,ACCT-000127,B0008,2026-08-13,766.33,2026-07-15T01:41:57+00:00
RMT-000333,ACCT-000069,B0008,2026-08-13,460.67,2026-07-15T01:41:57+00:00
RMT-000334,ACCT-000098,B0008,2026-08-13,536.5,2026-07-15T01:41:57+00:00
RMT-000335,ACCT-000063,B0008,2026-08-13,285.47,2026-07-15T01:41:57+00:00
RMT-000336,ACCT-000064,B0008,2026-08-13,281.85,2026-07-15T01:41:57+00:00
RMT-000337,ACCT-000030,B0008,2026-08-13,105.24,2026-07-15T01:41:57+00:00
RMT-000338,ACCT-000083,B0008,2026-08-13,350.16,2026-07-15T01:41:57+00:00
RMT-000339,ACCT-000081,B0008,2026-08-13,486.81,2026-07-15T01:41:57+00:00
RMT-000340,ACCT-000033,B0008,2026-08-13,580.08,2026-07-15T01:41:57+00:00
RMT-000341,ACCT-000077,B0008,2026-08-13,545.66,2026-07-15T01:41:57+00:00
RMT-000342,ACCT-000051,B0008,2026-08-13,39.67,2026-07-15T01:41:57+00:00
RMT-000343,ACCT-000130,B0008,2026-08-13,648.15,2026-07-15T01:41:57+00:00
RMT-000344,ACCT-000100,B0008,2026-08-13,279.59,2026-07-15T01:41:57+00:00
RMT-000345,ACCT-000052,B0008,2026-08-13,887.25,2026-07-15T01:41:57+00:00
RMT-000346,ACCT-000138,B0008,2026-08-13,844.21,2026-07-15T01:41:57+00:00
RMT-000347,ACCT-000139,B0008,2026-08-13,225.48,2026-07-15T01:41:57+00:00
RMT-000348,ACCT-000140,B0008,2026-08-13,317.88,2026-07-15T01:41:57+00:00
RMT-000349,ACCT-000081,B0009,2026-09-12,1016.85,2026-07-15T04:44:07+00:00
RMT-000350,ACCT-000029,B0009,2026-09-12,884.88,2026-07-15T04:44:07+00:00
RMT-000351,ACCT-000057,B0009,2026-09-12,786.37,2026-07-15T04:44:07+00:00
RMT-000352,ACCT-000096,B0009,2026-09-12,338.45,2026-07-15T04:44:07+00:00
RMT-000353,ACCT-000085,B0009,2026-09-12,670.33,2026-07-15T04:44:07+00:00
RMT-000354,ACCT-000120,B0009,2026-09-12,597.25,2026-07-15T04:44:07+00:00
RMT-000355,ACCT-000101,B0009,2026-09-12,707.24,2026-07-15T04:44:07+00:00
RMT-000356,ACCT-000097,B0009,2026-09-12,823.77,2026-07-15T04:44:07+00:00
RMT-000357,ACCT-000079,B0009,2026-09-12,365.77,2026-07-15T04:44:07+00:00
RMT-000358,ACCT-000137,B0009,2026-09-12,253.51,2026-07-15T04:44:07+00:00
RMT-000359,ACCT-000071,B0009,2026-09-12,467.23,2026-07-15T04:44:07+00:00
RMT-000360,ACCT-000005,B0009,2026-09-12,114.09,2026-07-15T04:44:07+00:00
RMT-000361,ACCT-000094,B0009,2026-09-12,71.22,2026-07-15T04:44:07+00:00
RMT-000362,ACCT-000063,B0009,2026-09-12,298.41,2026-07-15T04:44:07+00:00
RMT-000363,ACCT-000128,B0009,2026-09-12,340.94,2026-07-15T04:44:07+00:00
RMT-000364,ACCT-000068,B0009,2026-09-12,546.22,2026-07-15T04:44:07+00:00
RMT-000365,ACCT-000048,B0009,2026-09-12,845.78,2026-07-15T04:44:07+00:00
RMT-000366,ACCT-000087,B0009,2026-09-12,298.92,2026-07-15T04:44:07+00:00
RMT-000367,ACCT-000062,B0009,2026-09-12,225.58,2026-07-15T04:44:07+00:00
RMT-000368,ACCT-000091,B0009,2026-09-12,333.47,2026-07-15T04:44:07+00:00
RMT-000369,ACCT-000092,B0009,2026-09-12,249.17,2026-07-15T04:44:07+00:00
RMT-000370,ACCT-000026,B0009,2026-09-12,881.39,2026-07-15T04:44:07+00:00
RMT-000371,ACCT-000113,B0009,2026-09-12,233.09,2026-07-15T04:44:07+00:00
RMT-000372,ACCT-000006,B0009,2026-09-12,943.71,2026-07-15T04:44:07+00:00
RMT-000373,ACCT-000061,B0009,2026-09-12,182.45,2026-07-15T04:44:07+00:00
RMT-000374,ACCT-000108,B0009,2026-09-12,81.28,2026-07-15T04:44:07+00:00
RMT-000375,ACCT-000058,B0009,2026-09-12,645.48,2026-07-15T04:44:07+00:00
RMT-000376,ACCT-000067,B0009,2026-09-12,469.14,2026-07-15T04:44:07+00:00
RMT-000377,ACCT-000055,B0009,2026-09-12,221.21,2026-07-15T04:44:07+00:00
RMT-000378,ACCT-000119,B0009,2026-09-12,397.12,2026-07-15T04:44:07+00:00
RMT-000379,ACCT-000141,B0009,2026-09-12,431.33,2026-07-15T04:44:07+00:00
RMT-000380,ACCT-000142,B0009,2026-09-12,817.6,2026-07-15T04:44:07+00:00
RMT-000381,ACCT-000143,B0009,2026-09-12,748.97,2026-07-15T04:44:07+00:00
RMT-000382,ACCT-000063,B0010,2026-10-12,905.14,2026-07-15T07:08:34+00:00
RMT-000383,ACCT-000103,B0010,2026-10-12,192.21,2026-07-15T07:08:34+00:00
RMT-000384,ACCT-000052,B0010,2026-10-12,301.15,2026-07-15T07:08:34+00:00
RMT-000385,ACCT-000041,B0010,2026-10-12,219.81,2026-07-15T07:08:34+00:00
RMT-000386,ACCT-000076,B0010,2026-10-12,504.41,2026-07-15T07:08:34+00:00
RMT-000387,ACCT-000075,B0010,2026-10-12,742.48,2026-07-15T07:08:34+00:00
RMT-000388,ACCT-000095,B0010,2026-10-12,815.57,2026-07-15T07:08:34+00:00
RMT-000389,ACCT-000003,B0010,2026-10-12,223.44,2026-07-15T07:08:34+00:00
RMT-000390,ACCT-000127,B0010,2026-10-12,429.33,2026-07-15T07:08:34+00:00
RMT-000391,ACCT-000092,B0010,2026-10-12,402.46,2026-07-15T07:08:34+00:00
RMT-000392,ACCT-000010,B0010,2026-10-12,727.38,2026-07-15T07:08:34+00:00
RMT-000393,ACCT-000021,B0010,2026-10-12,485.17,2026-07-15T07:08:34+00:00
RMT-000394,ACCT-000136,B0010,2026-10-12,209.0,2026-07-15T07:08:34+00:00
RMT-000395,ACCT-000061,B0010,2026-10-12,386.35,2026-07-15T07:08:34+00:00
RMT-000396,ACCT-000119,B0010,2026-10-12,201.02,2026-07-15T07:08:34+00:00
RMT-000397,ACCT-000002,B0010,2026-10-12,931.7,2026-07-15T07:08:34+00:00
RMT-000398,ACCT-000053,B0010,2026-10-12,338.85,2026-07-15T07:08:34+00:00
RMT-000399,ACCT-000084,B0010,2026-10-12,189.49,2026-07-15T07:08:34+00:00
RMT-000400,ACCT-000018,B0010,2026-10-12,1241.34,2026-07-15T07:08:34+00:00
RMT-000401,ACCT-000074,B0010,2026-10-12,156.0,2026-07-15T07:08:34+00:00
RMT-000402,ACCT-000143,B0010,2026-10-12,270.45,2026-07-15T07:08:34+00:00
RMT-000403,ACCT-000049,B0010,2026-10-12,189.67,2026-07-15T07:08:34+00:00
RMT-000404,ACCT-000097,B0010,2026-10-12,601.22,2026-07-15T07:08:34+00:00
RMT-000405,ACCT-000048,B0010,2026-10-12,714.92,2026-07-15T07:08:34+00:00
RMT-000406,ACCT-000039,B0010,2026-10-12,427.15,2026-07-15T07:08:34+00:00
RMT-000407,ACCT-000038,B0010,2026-10-12,371.09,2026-07-15T07:08:34+00:00
RMT-000408,ACCT-000006,B0010,2026-10-12,51.44,2026-07-15T07:08:34+00:00
RMT-000409,ACCT-000124,B0010,2026-10-12,82.37,2026-07-15T07:08:34+00:00
RMT-000410,ACCT-000137,B0010,2026-10-12,158.71,2026-07-15T07:08:34+00:00
RMT-000411,ACCT-000117,B0010,2026-10-12,1016.46,2026-07-15T07:08:34+00:00
RMT-000412,ACCT-000077,B0010,2026-10-12,825.36,2026-07-15T07:08:34+00:00
RMT-000413,ACCT-000031,B0010,2026-10-12,66.36,2026-07-15T07:08:34+00:00
RMT-000414,ACCT-000144,B0010,2026-10-12,300.08,2026-07-15T07:08:34+00:00
RMT-000415,ACCT-000145,B0010,2026-10-12,750.71,2026-07-15T07:08:34+00:00
RMT-000416,ACCT-000024,B0011,2026-11-11,595.5,2026-07-15T09:27:10+00:00
RMT-000417,ACCT-000055,B0011,2026-11-11,328.29,2026-07-15T09:27:10+00:00
RMT-000418,ACCT-000107,B0011,2026-11-11,434.02,2026-07-15T09:27:10+00:00
RMT-000419,ACCT-000086,B0011,2026-11-11,243.6,2026-07-15T09:27:10+00:00
RMT-000420,ACCT-000088,B0011,2026-11-11,214.34,2026-07-15T09:27:10+00:00
RMT-000421,ACCT-000114,B0011,2026-11-11,59.74,2026-07-15T09:27:10+00:00
RMT-000422,ACCT-000133,B0011,2026-11-11,234.41,2026-07-15T09:27:10+00:00
RMT-000423,ACCT-000058,B0011,2026-11-11,10.3,2026-07-15T09:27:10+00:00
RMT-000424,ACCT-000125,B0011,2026-11-11,511.97,2026-07-15T09:27:10+00:00
RMT-000425,ACCT-000062,B0011,2026-11-11,446.09,2026-07-15T09:27:10+00:00
RMT-000426,ACCT-000077,B0011,2026-11-11,569.46,2026-07-15T09:27:10+00:00
RMT-000427,ACCT-000116,B0011,2026-11-11,409.53,2026-07-15T09:27:10+00:00
RMT-000428,ACCT-000059,B0011,2026-11-11,1196.12,2026-07-15T09:27:10+00:00
RMT-000429,ACCT-000016,B0011,2026-11-11,644.22,2026-07-15T09:27:10+00:00
RMT-000430,ACCT-000115,B0011,2026-11-11,291.93,2026-07-15T09:27:10+00:00
RMT-000431,ACCT-000067,B0011,2026-11-11,1003.98,2026-07-15T09:27:10+00:00
RMT-000432,ACCT-000074,B0011,2026-11-11,403.89,2026-07-15T09:27:10+00:00
RMT-000433,ACCT-000010,B0011,2026-11-11,176.12,2026-07-15T09:27:10+00:00
RMT-000434,ACCT-000008,B0011,2026-11-11,88.5,2026-07-15T09:27:10+00:00
RMT-000435,ACCT-000050,B0011,2026-11-11,881.15,2026-07-15T09:27:10+00:00
RMT-000436,ACCT-000071,B0011,2026-11-11,488.64,2026-07-15T09:27:10+00:00
RMT-000437,ACCT-000099,B0011,2026-11-11,942.75,2026-07-15T09:27:10+00:00
RMT-000438,ACCT-000075,B0011,2026-11-11,768.82,2026-07-15T09:27:10+00:00
RMT-000439,ACCT-000121,B0011,2026-11-11,236.49,2026-07-15T09:27:10+00:00
RMT-000440,ACCT-000095,B0011,2026-11-11,532.62,2026-07-15T09:27:10+00:00
RMT-000441,ACCT-000043,B0011,2026-11-11,516.83,2026-07-15T09:27:10+00:00
RMT-000442,ACCT-000096,B0011,2026-11-11,1038.77,2026-07-15T09:27:10+00:00
RMT-000443,ACCT-000030,B0011,2026-11-11,1031.41,2026-07-15T09:27:10+00:00
RMT-000444,ACCT-000073,B0011,2026-11-11,304.4,2026-07-15T09:27:10+00:00
RMT-000445,ACCT-000068,B0011,2026-11-11,351.33,2026-07-15T09:27:10+00:00
RMT-000446,ACCT-000006,B0011,2026-11-11,878.73,2026-07-15T09:27:10+00:00
RMT-000447,ACCT-000146,B0011,2026-11-11,267.61,2026-07-15T09:27:10+00:00
RMT-000448,ACCT-000147,B0011,2026-11-11,1002.62,2026-07-15T09:27:10+00:00
RMT-000449,ACCT-000148,B0011,2026-11-11,646.91,2026-07-15T09:27:10+00:00
RMT-000450,ACCT-000125,B0012,2026-12-11,1093.57,2026-07-15T11:08:21+00:00
RMT-000451,ACCT-000071,B0012,2026-12-11,822.59,2026-07-15T11:08:21+00:00
RMT-000452,ACCT-000036,B0012,2026-12-11,883.77,2026-07-15T11:08:21+00:00
RMT-000453,ACCT-000070,B0012,2026-12-11,242.74,2026-07-15T11:08:21+00:00
RMT-000454,ACCT-000020,B0012,2026-12-11,1080.66,2026-07-15T11:08:21+00:00
RMT-000455,ACCT-000081,B0012,2026-12-11,594.47,2026-07-15T11:08:21+00:00
RMT-000456,ACCT-000127,B0012,2026-12-11,688.77,2026-07-15T11:08:21+00:00
RMT-000457,ACCT-000035,B0012,2026-12-11,444.94,2026-07-15T11:08:21+00:00
RMT-000458,ACCT-000078,B0012,2026-12-11,257.36,2026-07-15T11:08:21+00:00
RMT-000459,ACCT-000093,B0012,2026-12-11,110.39,2026-07-15T11:08:21+00:00
RMT-000460,ACCT-000104,B0012,2026-12-11,70.8,2026-07-15T11:08:21+00:00
RMT-000461,ACCT-000105,B0012,2026-12-11,158.16,2026-07-15T11:08:21+00:00
RMT-000462,ACCT-000108,B0012,2026-12-11,59.98,2026-07-15T11:08:21+00:00
RMT-000463,ACCT-000068,B0012,2026-12-11,730.92,2026-07-15T11:08:21+00:00
RMT-000464,ACCT-000029,B0012,2026-12-11,232.6,2026-07-15T11:08:21+00:00
RMT-000465,ACCT-000013,B0012,2026-12-11,73.74,2026-07-15T11:08:21+00:00
RMT-000466,ACCT-000072,B0012,2026-12-11,873.89,2026-07-15T11:08:21+00:00
RMT-000467,ACCT-000126,B0012,2026-12-11,751.14,2026-07-15T11:08:21+00:00
RMT-000468,ACCT-000141,B0012,2026-12-11,221.7,2026-07-15T11:08:21+00:00
RMT-000469,ACCT-000143,B0012,2026-12-11,659.57,2026-07-15T11:08:21+00:00
RMT-000470,ACCT-000034,B0012,2026-12-11,958.73,2026-07-15T11:08:21+00:00
RMT-000471,ACCT-000027,B0012,2026-12-11,715.61,2026-07-15T11:08:21+00:00
RMT-000472,ACCT-000062,B0012,2026-12-11,349.96,2026-07-15T11:08:21+00:00
RMT-000473,ACCT-000073,B0012,2026-12-11,207.38,2026-07-15T11:08:21+00:00
RMT-000474,ACCT-000045,B0012,2026-12-11,371.43,2026-07-15T11:08:21+00:00
RMT-000475,ACCT-000139,B0012,2026-12-11,1100.35,2026-07-15T11:08:21+00:00
RMT-000476,ACCT-000149,B0012,2026-12-11,1141.65,2026-07-15T11:08:21+00:00
RMT-000477,ACCT-000150,B0012,2026-12-11,842.18,2026-07-15T11:08:21+00:00
RMT-000478,ACCT-000151,B0012,2026-12-11,279.06,2026-07-15T11:08:21+00:00
RMT-000479,ACCT-000075,B0013,2027-01-10,31.09,2026-07-15T12:49:22+00:00
RMT-000480,ACCT-000123,B0013,2027-01-10,1025.05,2026-07-15T12:49:22+00:00
RMT-000481,ACCT-000013,B0013,2027-01-10,1054.69,2026-07-15T12:49:22+00:00
RMT-000482,ACCT-000050,B0013,2027-01-10,367.24,2026-07-15T12:49:22+00:00
RMT-000483,ACCT-000041,B0013,2027-01-10,1008.3,2026-07-15T12:49:22+00:00
RMT-000484,ACCT-000132,B0013,2027-01-10,381.41,2026-07-15T12:49:22+00:00
RMT-000485,ACCT-000025,B0013,2027-01-10,977.48,2026-07-15T12:49:22+00:00
RMT-000486,ACCT-000061,B0013,2027-01-10,610.28,2026-07-15T12:49:22+00:00
RMT-000487,ACCT-000126,B0013,2027-01-10,727.68,2026-07-15T12:49:22+00:00
RMT-000488,ACCT-000051,B0013,2027-01-10,703.14,2026-07-15T12:49:22+00:00
RMT-000489,ACCT-000150,B0013,2027-01-10,844.52,2026-07-15T12:49:22+00:00
RMT-000490,ACCT-000059,B0013,2027-01-10,106.98,2026-07-15T12:49:22+00:00
RMT-000491,ACCT-000121,B0013,2027-01-10,722.7,2026-07-15T12:49:22+00:00
RMT-000492,ACCT-000032,B0013,2027-01-10,614.94,2026-07-15T12:49:22+00:00
RMT-000493,ACCT-000118,B0013,2027-01-10,708.95,2026-07-15T12:49:22+00:00
RMT-000494,ACCT-000080,B0013,2027-01-10,113.15,2026-07-15T12:49:22+00:00
RMT-000495,ACCT-000017,B0013,2027-01-10,901.65,2026-07-15T12:49:22+00:00
RMT-000496,ACCT-000099,B0013,2027-01-10,70.51,2026-07-15T12:49:22+00:00
RMT-000497,ACCT-000005,B0013,2027-01-10,370.93,2026-07-15T12:49:22+00:00
RMT-000498,ACCT-000088,B0013,2027-01-10,607.56,2026-07-15T12:49:22+00:00
RMT-000499,ACCT-000124,B0013,2027-01-10,1006.42,2026-07-15T12:49:22+00:00
RMT-000500,ACCT-000115,B0013,2027-01-10,332.2,2026-07-15T12:49:22+00:00
RMT-000501,ACCT-000056,B0013,2027-01-10,392.87,2026-07-15T12:49:22+00:00
RMT-000502,ACCT-000014,B0013,2027-01-10,434.21,2026-07-15T12:49:22+00:00
RMT-000503,ACCT-000120,B0013,2027-01-10,108.74,2026-07-15T12:49:22+00:00
RMT-000504,ACCT-000083,B0013,2027-01-10,326.49,2026-07-15T12:49:22+00:00
RMT-000505,ACCT-000101,B0013,2027-01-10,475.95,2026-07-15T12:49:22+00:00
RMT-000506,ACCT-000102,B0013,2027-01-10,982.54,2026-07-15T12:49:22+00:00
RMT-000507,ACCT-000134,B0013,2027-01-10,696.11,2026-07-15T12:49:22+00:00
RMT-000508,ACCT-000135,B0013,2027-01-10,24.52,2026-07-15T12:49:22+00:00
RMT-000509,ACCT-000098,B0013,2027-01-10,552.13,2026-07-15T12:49:22+00:00
RMT-000510,ACCT-000106,B0013,2027-01-10,884.42,2026-07-15T12:49:22+00:00
RMT-000511,ACCT-000007,B0013,2027-01-10,488.94,2026-07-15T12:49:22+00:00
RMT-000512,ACCT-000012,B0013,2027-01-10,596.41,2026-07-15T12:49:22+00:00
RMT-000513,ACCT-000060,B0013,2027-01-10,1016.92,2026-07-15T12:49:22+00:00
RMT-000514,ACCT-000152,B0013,2027-01-10,296.21,2026-07-15T12:49:22+00:00
RMT-000515,ACCT-000153,B0013,2027-01-10,1046.1,2026-07-15T12:49:22+00:00
RMT-000516,ACCT-000154,B0013,2027-01-10,476.47,2026-07-15T12:49:22+00:00
RMT-000517,ACCT-000049,B0014,2027-02-09,771.75,2026-07-15T14:43:18+00:00
RMT-000518,ACCT-000078,B0014,2027-02-09,691.61,2026-07-15T14:43:18+00:00
RMT-000519,ACCT-000148,B0014,2027-02-09,836.17,2026-07-15T14:43:18+00:00
RMT-000520,ACCT-000093,B0014,2027-02-09,172.26,2026-07-15T14:43:18+00:00
RMT-000521,ACCT-000004,B0014,2027-02-09,1222.48,2026-07-15T14:43:18+00:00
RMT-000522,ACCT-000070,B0014,2027-02-09,694.64,2026-07-15T14:43:18+00:00
RMT-000523,ACCT-000041,B0014,2027-02-09,934.19,2026-07-15T14:43:18+00:00
RMT-000524,ACCT-000035,B0014,2027-02-09,879.22,2026-07-15T14:43:18+00:00
RMT-000525,ACCT-000007,B0014,2027-02-09,736.28,2026-07-15T14:43:18+00:00
RMT-000526,ACCT-000137,B0014,2027-02-09,136.64,2026-07-15T14:43:18+00:00
RMT-000527,ACCT-000099,B0014,2027-02-09,311.81,2026-07-15T14:43:18+00:00
RMT-000528,ACCT-000005,B0014,2027-02-09,538.9,2026-07-15T14:43:18+00:00
RMT-000529,ACCT-000018,B0014,2027-02-09,612.15,2026-07-15T14:43:18+00:00
RMT-000530,ACCT-000052,B0014,2027-02-09,328.93,2026-07-15T14:43:18+00:00
RMT-000531,ACCT-000086,B0014,2027-02-09,291.59,2026-07-15T14:43:18+00:00
RMT-000532,ACCT-000083,B0014,2027-02-09,1109.14,2026-07-15T14:43:18+00:00
RMT-000533,ACCT-000045,B0014,2027-02-09,300.91,2026-07-15T14:43:18+00:00
RMT-000534,ACCT-000040,B0014,2027-02-09,465.74,2026-07-15T14:43:18+00:00
RMT-000535,ACCT-000081,B0014,2027-02-09,1156.01,2026-07-15T14:43:18+00:00
RMT-000536,ACCT-000069,B0014,2027-02-09,645.65,2026-07-15T14:43:18+00:00
RMT-000537,ACCT-000085,B0014,2027-02-09,793.29,2026-07-15T14:43:18+00:00
RMT-000538,ACCT-000098,B0014,2027-02-09,316.33,2026-07-15T14:43:18+00:00
RMT-000539,ACCT-000011,B0014,2027-02-09,309.64,2026-07-15T14:43:18+00:00
RMT-000540,ACCT-000015,B0014,2027-02-09,613.01,2026-07-15T14:43:18+00:00
RMT-000541,ACCT-000143,B0014,2027-02-09,578.61,2026-07-15T14:43:18+00:00
RMT-000542,ACCT-000028,B0014,2027-02-09,310.28,2026-07-15T14:43:18+00:00
RMT-000543,ACCT-000127,B0014,2027-02-09,434.32,2026-07-15T14:43:18+00:00
RMT-000544,ACCT-000019,B0014,2027-02-09,162.06,2026-07-15T14:43:18+00:00
RMT-000545,ACCT-000090,B0014,2027-02-09,1244.87,2026-07-15T14:43:18+00:00
RMT-000546,ACCT-000038,B0014,2027-02-09,1100.09,2026-07-15T14:43:18+00:00
RMT-000547,ACCT-000048,B0014,2027-02-09,261.15,2026-07-15T14:43:18+00:00
RMT-000548,ACCT-000145,B0014,2027-02-09,1375.67,2026-07-15T14:43:18+00:00
RMT-000549,ACCT-000155,B0014,2027-02-09,190.19,2026-07-15T14:43:18+00:00
RMT-000550,ACCT-000156,B0014,2027-02-09,993.02,2026-07-15T14:43:18+00:00
RMT-000551,ACCT-000157,B0014,2027-02-09,481.38,2026-07-15T14:43:18+00:00
RMT-000552,ACCT-000009,B0015,2027-03-11,558.25,2026-07-15T16:14:57+00:00
RMT-000553,ACCT-000026,B0015,2027-03-11,830.95,2026-07-15T16:14:57+00:00
RMT-000554,ACCT-000064,B0015,2027-03-11,330.96,2026-07-15T16:14:57+00:00
RMT-000555,ACCT-000034,B0015,2027-03-11,388.91,2026-07-15T16:14:57+00:00
RMT-000556,ACCT-000021,B0015,2027-03-11,646.36,2026-07-15T16:14:57+00:00
RMT-000557,ACCT-000100,B0015,2027-03-11,111.63,2026-07-15T16:14:57+00:00
RMT-000558,ACCT-000086,B0015,2027-03-11,560.22,2026-07-15T16:14:57+00:00
RMT-000559,ACCT-000003,B0015,2027-03-11,674.68,2026-07-15T16:14:57+00:00
RMT-000560,ACCT-000078,B0015,2027-03-11,1034.09,2026-07-15T16:14:57+00:00
RMT-000561,ACCT-000069,B0015,2027-03-11,100.35,2026-07-15T16:14:57+00:00
RMT-000562,ACCT-000047,B0015,2027-03-11,205.18,2026-07-15T16:14:57+00:00
RMT-000563,ACCT-000152,B0015,2027-03-11,113.91,2026-07-15T16:14:57+00:00
RMT-000564,ACCT-000079,B0015,2027-03-11,529.66,2026-07-15T16:14:57+00:00
RMT-000565,ACCT-000023,B0015,2027-03-11,464.99,2026-07-15T16:14:57+00:00
RMT-000566,ACCT-000001,B0015,2027-03-11,492.26,2026-07-15T16:14:57+00:00
RMT-000567,ACCT-000061,B0015,2027-03-11,304.94,2026-07-15T16:14:57+00:00
RMT-000568,ACCT-000057,B0015,2027-03-11,301.89,2026-07-15T16:14:57+00:00
RMT-000569,ACCT-000033,B0015,2027-03-11,379.47,2026-07-15T16:14:57+00:00
RMT-000570,ACCT-000129,B0015,2027-03-11,87.19,2026-07-15T16:14:57+00:00
RMT-000571,ACCT-000123,B0015,2027-03-11,657.03,2026-07-15T16:14:57+00:00
RMT-000572,ACCT-000137,B0015,2027-03-11,306.92,2026-07-15T16:14:57+00:00
RMT-000573,ACCT-000042,B0015,2027-03-11,616.37,2026-07-15T16:14:57+00:00
RMT-000574,ACCT-000036,B0015,2027-03-11,574.89,2026-07-15T16:14:57+00:00
RMT-000575,ACCT-000116,B0015,2027-03-11,54.67,2026-07-15T16:14:57+00:00
RMT-000576,ACCT-000140,B0015,2027-03-11,402.44,2026-07-15T16:14:57+00:00
RMT-000577,ACCT-000050,B0015,2027-03-11,503.08,2026-07-15T16:14:57+00:00
RMT-000578,ACCT-000010,B0015,2027-03-11,869.61,2026-07-15T16:14:57+00:00
RMT-000579,ACCT-000022,B0015,2027-03-11,721.98,2026-07-15T16:14:57+00:00
RMT-000580,ACCT-000158,B0015,2027-03-11,1168.47,2026-07-15T16:14:57+00:00
RMT-000581,ACCT-000159,B0015,2027-03-11,263.07,2026-07-15T16:14:57+00:00
RMT-000582,ACCT-000096,B0016,2027-04-10,682.61,2026-07-15T17:44:30+00:00
RMT-000583,ACCT-000060,B0016,2027-04-10,1070.21,2026-07-15T17:44:30+00:00
RMT-000584,ACCT-000130,B0016,2027-04-10,71.87,2026-07-15T17:44:30+00:00
RMT-000585,ACCT-000027,B0016,2027-04-10,284.91,2026-07-15T17:44:30+00:00
RMT-000586,ACCT-000035,B0016,2027-04-10,168.62,2026-07-15T17:44:30+00:00
RMT-000587,ACCT-000049,B0016,2027-04-10,641.2,2026-07-15T17:44:30+00:00
RMT-000588,ACCT-000158,B0016,2027-04-10,329.81,2026-07-15T17:44:30+00:00
RMT-000589,ACCT-000088,B0016,2027-04-10,1087.96,2026-07-15T17:44:30+00:00
RMT-000590,ACCT-000001,B0016,2027-04-10,681.34,2026-07-15T17:44:30+00:00
RMT-000591,ACCT-000037,B0016,2027-04-10,273.47,2026-07-15T17:44:30+00:00
RMT-000592,ACCT-000077,B0016,2027-04-10,916.65,2026-07-15T17:44:30+00:00
RMT-000593,ACCT-000144,B0016,2027-04-10,687.04,2026-07-15T17:44:30+00:00
RMT-000594,ACCT-000092,B0016,2027-04-10,316.08,2026-07-15T17:44:30+00:00
RMT-000595,ACCT-000010,B0016,2027-04-10,749.13,2026-07-15T17:44:30+00:00
RMT-000596,ACCT-000090,B0016,2027-04-10,482.42,2026-07-15T17:44:30+00:00
RMT-000597,ACCT-000147,B0016,2027-04-10,789.68,2026-07-15T17:44:30+00:00
RMT-000598,ACCT-000070,B0016,2027-04-10,333.59,2026-07-15T17:44:30+00:00
RMT-000599,ACCT-000039,B0016,2027-04-10,749.35,2026-07-15T17:44:30+00:00
RMT-000600,ACCT-000089,B0016,2027-04-10,524.33,2026-07-15T17:44:30+00:00
RMT-000601,ACCT-000086,B0016,2027-04-10,1103.43,2026-07-15T17:44:30+00:00
RMT-000602,ACCT-000139,B0016,2027-04-10,643.1,2026-07-15T17:44:30+00:00
RMT-000603,ACCT-000103,B0016,2027-04-10,738.64,2026-07-15T17:44:30+00:00
RMT-000604,ACCT-000142,B0016,2027-04-10,367.61,2026-07-15T17:44:30+00:00
RMT-000605,ACCT-000036,B0016,2027-04-10,363.11,2026-07-15T17:44:30+00:00
RMT-000606,ACCT-000117,B0016,2027-04-10,447.35,2026-07-15T17:44:30+00:00
RMT-000607,ACCT-000112,B0016,2027-04-10,727.37,2026-07-15T17:44:30+00:00
RMT-000608,ACCT-000121,B0016,2027-04-10,369.3,2026-07-15T17:44:30+00:00
RMT-000609,ACCT-000019,B0016,2027-04-10,367.15,2026-07-15T17:44:30+00:00
RMT-000610,ACCT-000128,B0016,2027-04-10,1131.17,2026-07-15T17:44:30+00:00
RMT-000611,ACCT-000093,B0016,2027-04-10,351.21,2026-07-15T17:44:30+00:00
RMT-000612,ACCT-000047,B0016,2027-04-10,625.83,2026-07-15T17:44:30+00:00
RMT-000613,ACCT-000065,B0016,2027-04-10,285.44,2026-07-15T17:44:30+00:00
RMT-000614,ACCT-000160,B0016,2027-04-10,1069.6,2026-07-15T17:44:30+00:00
RMT-000615,ACCT-000161,B0016,2027-04-10,514.45,2026-07-15T17:44:30+00:00
RMT-000616,ACCT-000148,B0017,2027-05-10,468.58,2026-07-15T18:58:12+00:00
RMT-000617,ACCT-000019,B0017,2027-05-10,1008.39,2026-07-15T18:58:12+00:00
RMT-000618,ACCT-000086,B0017,2027-05-10,737.74,2026-07-15T18:58:12+00:00
RMT-000619,ACCT-000052,B0017,2027-05-10,106.94,2026-07-15T18:58:12+00:00
RMT-000620,ACCT-000049,B0017,2027-05-10,583.4,2026-07-15T18:58:12+00:00
RMT-000621,ACCT-000154,B0017,2027-05-10,553.41,2026-07-15T18:58:12+00:00
RMT-000622,ACCT-000081,B0017,2027-05-10,411.47,2026-07-15T18:58:12+00:00
RMT-000623,ACCT-000119,B0017,2027-05-10,351.06,2026-07-15T18:58:12+00:00
RMT-000624,ACCT-000157,B0017,2027-05-10,636.17,2026-07-15T18:58:12+00:00
RMT-000625,ACCT-000037,B0017,2027-05-10,514.79,2026-07-15T18:58:12+00:00
RMT-000626,ACCT-000011,B0017,2027-05-10,660.39,2026-07-15T18:58:12+00:00
RMT-000627,ACCT-000137,B0017,2027-05-10,535.81,2026-07-15T18:58:12+00:00
RMT-000628,ACCT-000055,B0017,2027-05-10,234.53,2026-07-15T18:58:12+00:00
RMT-000629,ACCT-000065,B0017,2027-05-10,45.81,2026-07-15T18:58:12+00:00
RMT-000630,ACCT-000009,B0017,2027-05-10,664.81,2026-07-15T18:58:12+00:00
RMT-000631,ACCT-000075,B0017,2027-05-10,481.75,2026-07-15T18:58:12+00:00
RMT-000632,ACCT-000130,B0017,2027-05-10,889.1,2026-07-15T18:58:12+00:00
RMT-000633,ACCT-000128,B0017,2027-05-10,627.03,2026-07-15T18:58:12+00:00
RMT-000634,ACCT-000108,B0017,2027-05-10,567.51,2026-07-15T18:58:12+00:00
RMT-000635,ACCT-000082,B0017,2027-05-10,955.45,2026-07-15T18:58:12+00:00
RMT-000636,ACCT-000017,B0017,2027-05-10,34.46,2026-07-15T18:58:12+00:00
RMT-000637,ACCT-000151,B0017,2027-05-10,847.95,2026-07-15T18:58:12+00:00
RMT-000638,ACCT-000139,B0017,2027-05-10,368.19,2026-07-15T18:58:12+00:00
RMT-000639,ACCT-000107,B0017,2027-05-10,281.58,2026-07-15T18:58:12+00:00
RMT-000640,ACCT-000044,B0017,2027-05-10,50.79,2026-07-15T18:58:12+00:00
RMT-000641,ACCT-000095,B0017,2027-05-10,51.13,2026-07-15T18:58:12+00:00
RMT-000642,ACCT-000048,B0017,2027-05-10,899.35,2026-07-15T18:58:12+00:00
RMT-000643,ACCT-000138,B0017,2027-05-10,113.03,2026-07-15T18:58:12+00:00
RMT-000644,ACCT-000056,B0017,2027-05-10,745.02,2026-07-15T18:58:12+00:00
RMT-000645,ACCT-000097,B0017,2027-05-10,590.32,2026-07-15T18:58:12+00:00
RMT-000646,ACCT-000106,B0017,2027-05-10,872.82,2026-07-15T18:58:12+00:00
RMT-000647,ACCT-000006,B0017,2027-05-10,59.37,2026-07-15T18:58:12+00:00
RMT-000648,ACCT-000124,B0017,2027-05-10,1046.09,2026-07-15T18:58:12+00:00
RMT-000649,ACCT-000127,B0017,2027-05-10,289.47,2026-07-15T18:58:12+00:00
RMT-000650,ACCT-000113,B0017,2027-05-10,928.79,2026-07-15T18:58:12+00:00
RMT-000651,ACCT-000162,B0017,2027-05-10,639.88,2026-07-15T18:58:12+00:00
RMT-000652,ACCT-000163,B0017,2027-05-10,772.73,2026-07-15T18:58:12+00:00
RMT-000653,ACCT-000164,B0017,2027-05-10,1076.26,2026-07-15T18:58:12+00:00
RMT-000654,ACCT-000152,B0018,2027-06-09,746.42,2026-07-15T20:08:35+00:00
RMT-000655,ACCT-000153,B0018,2027-06-09,200.14,2026-07-15T20:08:35+00:00
RMT-000656,ACCT-000106,B0018,2027-06-09,488.89,2026-07-15T20:08:35+00:00
RMT-000657,ACCT-000030,B0018,2027-06-09,489.65,2026-07-15T20:08:35+00:00
RMT-000658,ACCT-000143,B0018,2027-06-09,1026.4,2026-07-15T20:08:35+00:00
RMT-000659,ACCT-000011,B0018,2027-06-09,594.76,2026-07-15T20:08:35+00:00
RMT-000660,ACCT-000095,B0018,2027-06-09,561.83,2026-07-15T20:08:35+00:00
RMT-000661,ACCT-000112,B0018,2027-06-09,379.92,2026-07-15T20:08:35+00:00
RMT-000662,ACCT-000098,B0018,2027-06-09,397.87,2026-07-15T20:08:35+00:00
RMT-000663,ACCT-000113,B0018,2027-06-09,105.6,2026-07-15T20:08:35+00:00
RMT-000664,ACCT-000127,B0018,2027-06-09,794.23,2026-07-15T20:08:35+00:00
RMT-000665,ACCT-000104,B0018,2027-06-09,560.16,2026-07-15T20:08:35+00:00
RMT-000666,ACCT-000077,B0018,2027-06-09,352.05,2026-07-15T20:08:35+00:00
RMT-000667,ACCT-000131,B0018,2027-06-09,522.43,2026-07-15T20:08:35+00:00
RMT-000668,ACCT-000148,B0018,2027-06-09,647.91,2026-07-15T20:08:35+00:00
RMT-000669,ACCT-000046,B0018,2027-06-09,386.76,2026-07-15T20:08:35+00:00
RMT-000670,ACCT-000100,B0018,2027-06-09,642.51,2026-07-15T20:08:35+00:00
RMT-000671,ACCT-000111,B0018,2027-06-09,177.97,2026-07-15T20:08:35+00:00
RMT-000672,ACCT-000058,B0018,2027-06-09,496.69,2026-07-15T20:08:35+00:00
RMT-000673,ACCT-000158,B0018,2027-06-09,491.94,2026-07-15T20:08:35+00:00
RMT-000674,ACCT-000124,B0018,2027-06-09,379.77,2026-07-15T20:08:35+00:00
RMT-000675,ACCT-000099,B0018,2027-06-09,314.64,2026-07-15T20:08:35+00:00
RMT-000676,ACCT-000140,B0018,2027-06-09,170.89,2026-07-15T20:08:35+00:00
RMT-000677,ACCT-000054,B0018,2027-06-09,403.25,2026-07-15T20:08:35+00:00
RMT-000678,ACCT-000017,B0018,2027-06-09,1124.95,2026-07-15T20:08:35+00:00
RMT-000679,ACCT-000120,B0018,2027-06-09,280.21,2026-07-15T20:08:35+00:00
RMT-000680,ACCT-000003,B0018,2027-06-09,128.91,2026-07-15T20:08:35+00:00
RMT-000681,ACCT-000149,B0018,2027-06-09,139.32,2026-07-15T20:08:35+00:00
RMT-000682,ACCT-000038,B0018,2027-06-09,286.33,2026-07-15T20:08:35+00:00
RMT-000683,ACCT-000043,B0018,2027-06-09,359.64,2026-07-15T20:08:35+00:00
RMT-000684,ACCT-000122,B0018,2027-06-09,975.3,2026-07-15T20:08:35+00:00
RMT-000685,ACCT-000102,B0018,2027-06-09,624.06,2026-07-15T20:08:35+00:00
RMT-000686,ACCT-000045,B0018,2027-06-09,420.17,2026-07-15T20:08:35+00:00
RMT-000687,ACCT-000165,B0018,2027-06-09,282.56,2026-07-15T20:08:35+00:00
RMT-000688,ACCT-000166,B0018,2027-06-09,1384.91,2026-07-15T20:08:35+00:00
RMT-000689,ACCT-000011,B0019,2027-07-09,103.89,2026-07-15T21:28:51+00:00
RMT-000690,ACCT-000002,B0019,2027-07-09,434.7,2026-07-15T21:28:51+00:00
RMT-000691,ACCT-000052,B0019,2027-07-09,338.26,2026-07-15T21:28:51+00:00
RMT-000692,ACCT-000074,B0019,2027-07-09,733.68,2026-07-15T21:28:51+00:00
RMT-000693,ACCT-000067,B0019,2027-07-09,713.56,2026-07-15T21:28:51+00:00
RMT-000694,ACCT-000123,B0019,2027-07-09,388.91,2026-07-15T21:28:51+00:00
RMT-000695,ACCT-000117,B0019,2027-07-09,110.67,2026-07-15T21:28:51+00:00
RMT-000696,ACCT-000129,B0019,2027-07-09,552.47,2026-07-15T21:28:51+00:00
RMT-000697,ACCT-000027,B0019,2027-07-09,243.48,2026-07-15T21:28:51+00:00
RMT-000698,ACCT-000153,B0019,2027-07-09,56.6,2026-07-15T21:28:51+00:00
RMT-000699,ACCT-000093,B0019,2027-07-09,663.48,2026-07-15T21:28:51+00:00
RMT-000700,ACCT-000014,B0019,2027-07-09,832.31,2026-07-15T21:28:51+00:00
RMT-000701,ACCT-000103,B0019,2027-07-09,887.1,2026-07-15T21:28:51+00:00
RMT-000702,ACCT-000134,B0019,2027-07-09,770.3,2026-07-15T21:28:51+00:00
RMT-000703,ACCT-000054,B0019,2027-07-09,1032.87,2026-07-15T21:28:51+00:00
RMT-000704,ACCT-000066,B0019,2027-07-09,359.91,2026-07-15T21:28:51+00:00
RMT-000705,ACCT-000091,B0019,2027-07-09,884.83,2026-07-15T21:28:51+00:00
RMT-000706,ACCT-000160,B0019,2027-07-09,617.99,2026-07-15T21:28:51+00:00
RMT-000707,ACCT-000145,B0019,2027-07-09,312.42,2026-07-15T21:28:51+00:00
RMT-000708,ACCT-000082,B0019,2027-07-09,752.02,2026-07-15T21:28:51+00:00
RMT-000709,ACCT-000047,B0019,2027-07-09,95.28,2026-07-15T21:28:51+00:00
RMT-000710,ACCT-000130,B0019,2027-07-09,238.86,2026-07-15T21:28:51+00:00
RMT-000711,ACCT-000031,B0019,2027-07-09,772.51,2026-07-15T21:28:51+00:00
RMT-000712,ACCT-000164,B0019,2027-07-09,1092.4,2026-07-15T21:28:51+00:00
RMT-000713,ACCT-000086,B0019,2027-07-09,522.78,2026-07-15T21:28:51+00:00
RMT-000714,ACCT-000113,B0019,2027-07-09,72.96,2026-07-15T21:28:51+00:00
RMT-000715,ACCT-000025,B0019,2027-07-09,320.44,2026-07-15T21:28:51+00:00
RMT-000716,ACCT-000068,B0019,2027-07-09,175.62,2026-07-15T21:28:51+00:00
RMT-000717,ACCT-000105,B0019,2027-07-09,370.53,2026-07-15T21:28:51+00:00
RMT-000718,ACCT-000056,B0019,2027-07-09,671.75,2026-07-15T21:28:51+00:00
RMT-000719,ACCT-000167,B0019,2027-07-09,618.79,2026-07-15T21:28:51+00:00
RMT-000720,ACCT-000168,B0019,2027-07-09,562.66,2026-07-15T21:28:51+00:00
RMT-000721,ACCT-000169,B0019,2027-07-09,755.54,2026-07-15T21:28:51+00:00
RMT-000722,ACCT-000170,B0019,2027-07-09,1058.19,2026-07-15T21:28:51+00:00
RMT-000723,ACCT-000144,B0020,2027-08-08,64.34,2026-07-15T22:30:17+00:00
RMT-000724,ACCT-000117,B0020,2027-08-08,972.07,2026-07-15T22:30:17+00:00
RMT-000725,ACCT-000126,B0020,2027-08-08,467.92,2026-07-15T22:30:17+00:00
RMT-000726,ACCT-000085,B0020,2027-08-08,738.1,2026-07-15T22:30:17+00:00
RMT-000727,ACCT-000122,B0020,2027-08-08,403.95,2026-07-15T22:30:17+00:00
RMT-000728,ACCT-000100,B0020,2027-08-08,750.63,2026-07-15T22:30:17+00:00
RMT-000729,ACCT-000150,B0020,2027-08-08,631.71,2026-07-15T22:30:17+00:00
RMT-000730,ACCT-000140,B0020,2027-08-08,213.7,2026-07-15T22:30:17+00:00
RMT-000731,ACCT-000131,B0020,2027-08-08,261.51,2026-07-15T22:30:17+00:00
RMT-000732,ACCT-000095,B0020,2027-08-08,811.83,2026-07-15T22:30:17+00:00
RMT-000733,ACCT-000111,B0020,2027-08-08,327.82,2026-07-15T22:30:17+00:00
RMT-000734,ACCT-000129,B0020,2027-08-08,893.61,2026-07-15T22:30:17+00:00
RMT-000735,ACCT-000136,B0020,2027-08-08,1153.87,2026-07-15T22:30:17+00:00
RMT-000736,ACCT-000161,B0020,2027-08-08,660.34,2026-07-15T22:30:17+00:00
RMT-000737,ACCT-000028,B0020,2027-08-08,189.58,2026-07-15T22:30:17+00:00
RMT-000738,ACCT-000054,B0020,2027-08-08,80.55,2026-07-15T22:30:17+00:00
RMT-000739,ACCT-000079,B0020,2027-08-08,466.69,2026-07-15T22:30:17+00:00
RMT-000740,ACCT-000046,B0020,2027-08-08,513.14,2026-07-15T22:30:17+00:00
RMT-000741,ACCT-000070,B0020,2027-08-08,295.31,2026-07-15T22:30:17+00:00
RMT-000742,ACCT-000011,B0020,2027-08-08,602.84,2026-07-15T22:30:17+00:00
RMT-000743,ACCT-000081,B0020,2027-08-08,724.75,2026-07-15T22:30:17+00:00
RMT-000744,ACCT-000169,B0020,2027-08-08,714.85,2026-07-15T22:30:17+00:00
RMT-000745,ACCT-000088,B0020,2027-08-08,714.71,2026-07-15T22:30:17+00:00
RMT-000746,ACCT-000005,B0020,2027-08-08,174.16,2026-07-15T22:30:17+00:00
RMT-000747,ACCT-000066,B0020,2027-08-08,536.26,2026-07-15T22:30:17+00:00
RMT-000748,ACCT-000059,B0020,2027-08-08,-0.81,2026-07-15T22:30:17+00:00
RMT-000749,ACCT-000134,B0020,2027-08-08,196.32,2026-07-15T22:30:17+00:00
RMT-000750,ACCT-000171,B0020,2027-08-08,408.08,2026-07-15T22:30:17+00:00
RMT-000751,ACCT-000172,B0020,2027-08-08,593.23,2026-07-15T22:30:17+00:00
RMT-000752,ACCT-000173,B0020,2027-08-08,362.82,2026-07-15T22:30:17+00:00
RMT-000753,ACCT-000136,B0021,2027-09-07,769.21,2026-07-15T23:31:36+00:00
RMT-000754,ACCT-000024,B0021,2027-09-07,593.55,2026-07-15T23:31:36+00:00
RMT-000755,ACCT-000116,B0021,2027-09-07,823.87,2026-07-15T23:31:36+00:00
RMT-000756,ACCT-000069,B0021,2027-09-07,474.9,2026-07-15T23:31:36+00:00
RMT-000757,ACCT-000015,B0021,2027-09-07,342.19,2026-07-15T23:31:36+00:00
RMT-000758,ACCT-000092,B0021,2027-09-07,107.22,2026-07-15T23:31:36+00:00
RMT-000759,ACCT-000042,B0021,2027-09-07,250.76,2026-07-15T23:31:36+00:00
RMT-000760,ACCT-000158,B0021,2027-09-07,196.53,2026-07-15T23:31:36+00:00
RMT-000761,ACCT-000081,B0021,2027-09-07,808.81,2026-07-15T23:31:36+00:00
RMT-000762,ACCT-000052,B0021,2027-09-07,367.42,2026-07-15T23:31:36+00:00
RMT-000763,ACCT-000153,B0021,2027-09-07,495.51,2026-07-15T23:31:36+00:00
RMT-000764,ACCT-000045,B0021,2027-09-07,308.27,2026-07-15T23:31:36+00:00
RMT-000765,ACCT-000149,B0021,2027-09-07,543.18,2026-07-15T23:31:36+00:00
RMT-000766,ACCT-000072,B0021,2027-09-07,657.97,2026-07-15T23:31:36+00:00
RMT-000767,ACCT-000138,B0021,2027-09-07,216.13,2026-07-15T23:31:36+00:00
RMT-000768,ACCT-000103,B0021,2027-09-07,323.01,2026-07-15T23:31:36+00:00
RMT-000769,ACCT-000096,B0021,2027-09-07,544.79,2026-07-15T23:31:36+00:00
RMT-000770,ACCT-000157,B0021,2027-09-07,365.79,2026-07-15T23:31:36+00:00
RMT-000771,ACCT-000019,B0021,2027-09-07,955.35,2026-07-15T23:31:36+00:00
RMT-000772,ACCT-000139,B0021,2027-09-07,814.88,2026-07-15T23:31:36+00:00
RMT-000773,ACCT-000086,B0021,2027-09-07,872.78,2026-07-15T23:31:36+00:00
RMT-000774,ACCT-000172,B0021,2027-09-07,336.6,2026-07-15T23:31:36+00:00
RMT-000775,ACCT-000141,B0021,2027-09-07,676.28,2026-07-15T23:31:36+00:00
RMT-000776,ACCT-000131,B0021,2027-09-07,549.45,2026-07-15T23:31:36+00:00
RMT-000777,ACCT-000028,B0021,2027-09-07,51.02,2026-07-15T23:31:36+00:00
RMT-000778,ACCT-000135,B0021,2027-09-07,58.18,2026-07-15T23:31:36+00:00
RMT-000779,ACCT-000108,B0021,2027-09-07,336.46,2026-07-15T23:31:36+00:00
RMT-000780,ACCT-000082,B0021,2027-09-07,291.62,2026-07-15T23:31:36+00:00
RMT-000781,ACCT-000167,B0021,2027-09-07,596.56,2026-07-15T23:31:36+00:00
RMT-000782,ACCT-000093,B0021,2027-09-07,1083.26,2026-07-15T23:31:36+00:00
RMT-000783,ACCT-000030,B0021,2027-09-07,97.64,2026-07-15T23:31:36+00:00
RMT-000784,ACCT-000097,B0021,2027-09-07,482.3,2026-07-15T23:31:36+00:00
RMT-000785,ACCT-000174,B0021,2027-09-07,270.0,2026-07-15T23:31:36+00:00
RMT-000786,ACCT-000175,B0021,2027-09-07,321.48,2026-07-15T23:31:36+00:00
RMT-000787,ACCT-000176,B0021,2027-09-07,758.89,2026-07-15T23:31:36+00:00
RMT-000788,ACCT-000177,B0021,2027-09-07,1018.16,2026-07-15T23:31:36+00:00
RMT-000789,ACCT-000084,B0022,2027-10-07,179.29,2026-07-16T01:51:46+00:00
RMT-000790,ACCT-000014,B0022,2027-10-07,156.43,2026-07-16T01:51:46+00:00
RMT-000791,ACCT-000082,B0022,2027-10-07,378.39,2026-07-16T01:51:46+00:00
RMT-000792,ACCT-000090,B0022,2027-10-07,671.41,2026-07-16T01:51:46+00:00
RMT-000793,ACCT-000112,B0022,2027-10-07,391.13,2026-07-16T01:51:46+00:00
RMT-000794,ACCT-000063,B0022,2027-10-07,706.15,2026-07-16T01:51:46+00:00
RMT-000795,ACCT-000088,B0022,2027-10-07,349.24,2026-07-16T01:51:46+00:00
RMT-000796,ACCT-000108,B0022,2027-10-07,354.81,2026-07-16T01:51:46+00:00
RMT-000797,ACCT-000007,B0022,2027-10-07,289.05,2026-07-16T01:51:46+00:00
RMT-000798,ACCT-000172,B0022,2027-10-07,538.63,2026-07-16T01:51:46+00:00
RMT-000799,ACCT-000025,B0022,2027-10-07,651.39,2026-07-16T01:51:46+00:00
RMT-000800,ACCT-000174,B0022,2027-10-07,844.29,2026-07-16T01:51:46+00:00
RMT-000801,ACCT-000104,B0022,2027-10-07,536.96,2026-07-16T01:51:46+00:00
RMT-000802,ACCT-000057,B0022,2027-10-07,850.63,2026-07-16T01:51:46+00:00
RMT-000803,ACCT-000089,B0022,2027-10-07,570.77,2026-07-16T01:51:46+00:00
RMT-000804,ACCT-000137,B0022,2027-10-07,528.3,2026-07-16T01:51:46+00:00
RMT-000805,ACCT-000154,B0022,2027-10-07,476.06,2026-07-16T01:51:46+00:00
RMT-000806,ACCT-000148,B0022,2027-10-07,280.13,2026-07-16T01:51:46+00:00
RMT-000807,ACCT-000114,B0022,2027-10-07,1033.65,2026-07-16T01:51:46+00:00
RMT-000808,ACCT-000150,B0022,2027-10-07,958.92,2026-07-16T01:51:46+00:00
RMT-000809,ACCT-000044,B0022,2027-10-07,883.98,2026-07-16T01:51:46+00:00
RMT-000810,ACCT-000053,B0022,2027-10-07,841.72,2026-07-16T01:51:46+00:00
RMT-000811,ACCT-000036,B0022,2027-10-07,539.2,2026-07-16T01:51:46+00:00
RMT-000812,ACCT-000103,B0022,2027-10-07,425.21,2026-07-16T01:51:46+00:00
RMT-000813,ACCT-000070,B0022,2027-10-07,644.19,2026-07-16T01:51:46+00:00
RMT-000814,ACCT-000165,B0022,2027-10-07,428.16,2026-07-16T01:51:46+00:00
RMT-000815,ACCT-000178,B0022,2027-10-07,936.19,2026-07-16T01:51:46+00:00
RMT-000816,ACCT-000179,B0022,2027-10-07,175.61,2026-07-16T01:51:46+00:00
RMT-000817,ACCT-000132,B0023,2027-11-06,737.59,2026-07-16T04:53:53+00:00
RMT-000818,ACCT-000088,B0023,2027-11-06,570.99,2026-07-16T04:53:53+00:00
RMT-000819,ACCT-000123,B0023,2027-11-06,955.22,2026-07-16T04:53:53+00:00
RMT-000820,ACCT-000148,B0023,2027-11-06,361.7,2026-07-16T04:53:53+00:00
RMT-000821,ACCT-000130,B0023,2027-11-06,692.91,2026-07-16T04:53:53+00:00
RMT-000822,ACCT-000104,B0023,2027-11-06,625.02,2026-07-16T04:53:53+00:00
RMT-000823,ACCT-000089,B0023,2027-11-06,678.37,2026-07-16T04:53:53+00:00
RMT-000824,ACCT-000169,B0023,2027-11-06,749.19,2026-07-16T04:53:53+00:00
RMT-000825,ACCT-000048,B0023,2027-11-06,916.63,2026-07-16T04:53:53+00:00
RMT-000826,ACCT-000155,B0023,2027-11-06,369.83,2026-07-16T04:53:53+00:00
RMT-000827,ACCT-000056,B0023,2027-11-06,186.26,2026-07-16T04:53:53+00:00
RMT-000828,ACCT-000081,B0023,2027-11-06,153.9,2026-07-16T04:53:53+00:00
RMT-000829,ACCT-000174,B0023,2027-11-06,343.95,2026-07-16T04:53:53+00:00
RMT-000830,ACCT-000153,B0023,2027-11-06,735.13,2026-07-16T04:53:53+00:00
RMT-000831,ACCT-000058,B0023,2027-11-06,650.82,2026-07-16T04:53:53+00:00
RMT-000832,ACCT-000063,B0023,2027-11-06,862.02,2026-07-16T04:53:53+00:00
RMT-000833,ACCT-000145,B0023,2027-11-06,645.9,2026-07-16T04:53:53+00:00
RMT-000834,ACCT-000037,B0023,2027-11-06,686.38,2026-07-16T04:53:53+00:00
RMT-000835,ACCT-000075,B0023,2027-11-06,669.83,2026-07-16T04:53:53+00:00
RMT-000836,ACCT-000114,B0023,2027-11-06,407.81,2026-07-16T04:53:53+00:00
RMT-000837,ACCT-000044,B0023,2027-11-06,1235.84,2026-07-16T04:53:53+00:00
RMT-000838,ACCT-000022,B0023,2027-11-06,518.59,2026-07-16T04:53:53+00:00
RMT-000839,ACCT-000156,B0023,2027-11-06,258.01,2026-07-16T04:53:53+00:00
RMT-000840,ACCT-000033,B0023,2027-11-06,709.13,2026-07-16T04:53:53+00:00
RMT-000841,ACCT-000036,B0023,2027-11-06,650.63,2026-07-16T04:53:53+00:00
RMT-000842,ACCT-000074,B0023,2027-11-06,61.79,2026-07-16T04:53:53+00:00
RMT-000843,ACCT-000147,B0023,2027-11-06,417.1,2026-07-16T04:53:53+00:00
RMT-000844,ACCT-000070,B0023,2027-11-06,968.59,2026-07-16T04:53:53+00:00
RMT-000845,ACCT-000115,B0023,2027-11-06,463.53,2026-07-16T04:53:53+00:00
RMT-000846,ACCT-000136,B0023,2027-11-06,328.21,2026-07-16T04:53:53+00:00
RMT-000847,ACCT-000078,B0023,2027-11-06,1259.11,2026-07-16T04:53:53+00:00
RMT-000848,ACCT-000042,B0023,2027-11-06,646.16,2026-07-16T04:53:53+00:00
RMT-000849,ACCT-000030,B0023,2027-11-06,1067.41,2026-07-16T04:53:53+00:00
RMT-000850,ACCT-000034,B0023,2027-11-06,781.79,2026-07-16T04:53:53+00:00
RMT-000851,ACCT-000062,B0023,2027-11-06,248.72,2026-07-16T04:53:53+00:00
RMT-000852,ACCT-000180,B0023,2027-11-06,418.72,2026-07-16T04:53:53+00:00
RMT-000853,ACCT-000181,B0023,2027-11-06,399.12,2026-07-16T04:53:53+00:00
RMT-000854,ACCT-000182,B0023,2027-11-06,320.15,2026-07-16T04:53:53+00:00
RMT-000855,ACCT-000039,B0024,2027-12-06,60.86,2026-07-16T07:18:19+00:00
RMT-000856,ACCT-000008,B0024,2027-12-06,308.35,2026-07-16T07:18:19+00:00
RMT-000857,ACCT-000059,B0024,2027-12-06,409.6,2026-07-16T07:18:19+00:00
RMT-000858,ACCT-000076,B0024,2027-12-06,338.78,2026-07-16T07:18:19+00:00
RMT-000859,ACCT-000171,B0024,2027-12-06,574.12,2026-07-16T07:18:19+00:00
RMT-000860,ACCT-000106,B0024,2027-12-06,1038.93,2026-07-16T07:18:19+00:00
RMT-000861,ACCT-000069,B0024,2027-12-06,998.14,2026-07-16T07:18:19+00:00
RMT-000862,ACCT-000057,B0024,2027-12-06,769.25,2026-07-16T07:18:19+00:00
RMT-000863,ACCT-000001,B0024,2027-12-06,551.37,2026-07-16T07:18:19+00:00
RMT-000864,ACCT-000074,B0024,2027-12-06,904.73,2026-07-16T07:18:19+00:00
RMT-000865,ACCT-000172,B0024,2027-12-06,931.74,2026-07-16T07:18:19+00:00
RMT-000866,ACCT-000150,B0024,2027-12-06,822.87,2026-07-16T07:18:19+00:00
RMT-000867,ACCT-000174,B0024,2027-12-06,961.96,2026-07-16T07:18:19+00:00
RMT-000868,ACCT-000142,B0024,2027-12-06,882.0,2026-07-16T07:18:19+00:00
RMT-000869,ACCT-000011,B0024,2027-12-06,399.54,2026-07-16T07:18:19+00:00
RMT-000870,ACCT-000181,B0024,2027-12-06,376.73,2026-07-16T07:18:19+00:00
RMT-000871,ACCT-000093,B0024,2027-12-06,277.89,2026-07-16T07:18:19+00:00
RMT-000872,ACCT-000079,B0024,2027-12-06,932.83,2026-07-16T07:18:19+00:00
RMT-000873,ACCT-000062,B0024,2027-12-06,925.19,2026-07-16T07:18:19+00:00
RMT-000874,ACCT-000135,B0024,2027-12-06,372.92,2026-07-16T07:18:19+00:00
RMT-000875,ACCT-000089,B0024,2027-12-06,861.05,2026-07-16T07:18:19+00:00
RMT-000876,ACCT-000081,B0024,2027-12-06,458.62,2026-07-16T07:18:19+00:00
RMT-000877,ACCT-000010,B0024,2027-12-06,478.31,2026-07-16T07:18:19+00:00
RMT-000878,ACCT-000180,B0024,2027-12-06,280.45,2026-07-16T07:18:19+00:00
RMT-000879,ACCT-000163,B0024,2027-12-06,324.65,2026-07-16T07:18:19+00:00
RMT-000880,ACCT-000023,B0024,2027-12-06,628.02,2026-07-16T07:18:19+00:00
RMT-000881,ACCT-000121,B0024,2027-12-06,558.47,2026-07-16T07:18:19+00:00
RMT-000882,ACCT-000085,B0024,2027-12-06,545.48,2026-07-16T07:18:19+00:00
RMT-000883,ACCT-000183,B0024,2027-12-06,409.97,2026-07-16T07:18:19+00:00
RMT-000884,ACCT-000184,B0024,2027-12-06,884.07,2026-07-16T07:18:19+00:00
RMT-000885,ACCT-000150,B0025,2028-01-05,412.29,2026-07-16T09:34:14+00:00
RMT-000886,ACCT-000066,B0025,2028-01-05,442.25,2026-07-16T09:34:14+00:00
RMT-000887,ACCT-000038,B0025,2028-01-05,1246.8,2026-07-16T09:34:14+00:00
RMT-000888,ACCT-000171,B0025,2028-01-05,589.75,2026-07-16T09:34:14+00:00
RMT-000889,ACCT-000159,B0025,2028-01-05,862.39,2026-07-16T09:34:14+00:00
RMT-000890,ACCT-000092,B0025,2028-01-05,633.74,2026-07-16T09:34:14+00:00
RMT-000891,ACCT-000162,B0025,2028-01-05,545.21,2026-07-16T09:34:14+00:00
RMT-000892,ACCT-000121,B0025,2028-01-05,577.0,2026-07-16T09:34:14+00:00
RMT-000893,ACCT-000049,B0025,2028-01-05,149.67,2026-07-16T09:34:14+00:00
RMT-000894,ACCT-000018,B0025,2028-01-05,915.25,2026-07-16T09:34:14+00:00
RMT-000895,ACCT-000026,B0025,2028-01-05,451.12,2026-07-16T09:34:14+00:00
RMT-000896,ACCT-000115,B0025,2028-01-05,37.16,2026-07-16T09:34:14+00:00
RMT-000897,ACCT-000119,B0025,2028-01-05,682.62,2026-07-16T09:34:14+00:00
RMT-000898,ACCT-000005,B0025,2028-01-05,312.79,2026-07-16T09:34:14+00:00
RMT-000899,ACCT-000006,B0025,2028-01-05,292.2,2026-07-16T09:34:14+00:00
RMT-000900,ACCT-000098,B0025,2028-01-05,801.2,2026-07-16T09:34:14+00:00
RMT-000901,ACCT-000023,B0025,2028-01-05,811.76,2026-07-16T09:34:14+00:00
RMT-000902,ACCT-000140,B0025,2028-01-05,786.03,2026-07-16T09:34:14+00:00
RMT-000903,ACCT-000078,B0025,2028-01-05,505.74,2026-07-16T09:34:14+00:00
RMT-000904,ACCT-000093,B0025,2028-01-05,709.65,2026-07-16T09:34:14+00:00
RMT-000905,ACCT-000129,B0025,2028-01-05,183.88,2026-07-16T09:34:14+00:00
RMT-000906,ACCT-000142,B0025,2028-01-05,451.44,2026-07-16T09:34:14+00:00
RMT-000907,ACCT-000114,B0025,2028-01-05,459.47,2026-07-16T09:34:14+00:00
RMT-000908,ACCT-000165,B0025,2028-01-05,210.36,2026-07-16T09:34:14+00:00
RMT-000909,ACCT-000022,B0025,2028-01-05,599.71,2026-07-16T09:34:14+00:00
RMT-000910,ACCT-000036,B0025,2028-01-05,555.7,2026-07-16T09:34:14+00:00
RMT-000911,ACCT-000071,B0025,2028-01-05,104.54,2026-07-16T09:34:14+00:00
RMT-000912,ACCT-000185,B0025,2028-01-05,466.7,2026-07-16T09:34:14+00:00
RMT-000913,ACCT-000186,B0025,2028-01-05,317.53,2026-07-16T09:34:14+00:00
RMT-000914,ACCT-000187,B0025,2028-01-05,700.41,2026-07-16T09:34:14+00:00
RMT-000915,ACCT-000188,B0025,2028-01-05,858.59,2026-07-16T09:34:14+00:00
RMT-000916,ACCT-000093,B0026,2028-02-04,977.05,2026-07-16T11:28:07+00:00
RMT-000917,ACCT-000187,B0026,2028-02-04,361.98,2026-07-16T11:28:07+00:00
RMT-000918,ACCT-000149,B0026,2028-02-04,36.62,2026-07-16T11:28:07+00:00
RMT-000919,ACCT-000026,B0026,2028-02-04,530.82,2026-07-16T11:28:07+00:00
RMT-000920,ACCT-000062,B0026,2028-02-04,301.64,2026-07-16T11:28:07+00:00
RMT-000921,ACCT-000101,B0026,2028-02-04,519.97,2026-07-16T11:28:07+00:00
RMT-000922,ACCT-000177,B0026,2028-02-04,675.5,2026-07-16T11:28:07+00:00
RMT-000923,ACCT-000169,B0026,2028-02-04,837.8,2026-07-16T11:28:07+00:00
RMT-000924,ACCT-000100,B0026,2028-02-04,763.07,2026-07-16T11:28:07+00:00
RMT-000925,ACCT-000025,B0026,2028-02-04,425.82,2026-07-16T11:28:07+00:00
RMT-000926,ACCT-000051,B0026,2028-02-04,714.2,2026-07-16T11:28:07+00:00
RMT-000927,ACCT-000011,B0026,2028-02-04,321.9,2026-07-16T11:28:07+00:00
RMT-000928,ACCT-000076,B0026,2028-02-04,291.86,2026-07-16T11:28:07+00:00
RMT-000929,ACCT-000027,B0026,2028-02-04,334.87,2026-07-16T11:28:07+00:00
RMT-000930,ACCT-000006,B0026,2028-02-04,296.34,2026-07-16T11:28:07+00:00
RMT-000931,ACCT-000145,B0026,2028-02-04,70.84,2026-07-16T11:28:07+00:00
RMT-000932,ACCT-000135,B0026,2028-02-04,40.79,2026-07-16T11:28:07+00:00
RMT-000933,ACCT-000120,B0026,2028-02-04,838.16,2026-07-16T11:28:07+00:00
RMT-000934,ACCT-000113,B0026,2028-02-04,445.21,2026-07-16T11:28:07+00:00
RMT-000935,ACCT-000116,B0026,2028-02-04,301.66,2026-07-16T11:28:07+00:00
RMT-000936,ACCT-000042,B0026,2028-02-04,420.8,2026-07-16T11:28:07+00:00
RMT-000937,ACCT-000058,B0026,2028-02-04,179.68,2026-07-16T11:28:07+00:00
RMT-000938,ACCT-000008,B0026,2028-02-04,83.84,2026-07-16T11:28:07+00:00
RMT-000939,ACCT-000005,B0026,2028-02-04,245.13,2026-07-16T11:28:07+00:00
RMT-000940,ACCT-000154,B0026,2028-02-04,956.25,2026-07-16T11:28:07+00:00
RMT-000941,ACCT-000146,B0026,2028-02-04,224.43,2026-07-16T11:28:07+00:00
RMT-000942,ACCT-000168,B0026,2028-02-04,389.71,2026-07-16T11:28:07+00:00
RMT-000943,ACCT-000105,B0026,2028-02-04,894.63,2026-07-16T11:28:07+00:00
RMT-000944,ACCT-000044,B0026,2028-02-04,538.52,2026-07-16T11:28:07+00:00
RMT-000945,ACCT-000160,B0026,2028-02-04,391.77,2026-07-16T11:28:07+00:00
RMT-000946,ACCT-000018,B0026,2028-02-04,740.74,2026-07-16T11:28:07+00:00
RMT-000947,ACCT-000181,B0026,2028-02-04,731.06,2026-07-16T11:28:07+00:00
RMT-000948,ACCT-000030,B0026,2028-02-04,682.16,2026-07-16T11:28:07+00:00
RMT-000949,ACCT-000077,B0026,2028-02-04,827.41,2026-07-16T11:28:07+00:00
RMT-000950,ACCT-000152,B0026,2028-02-04,221.81,2026-07-16T11:28:07+00:00
RMT-000951,ACCT-000189,B0026,2028-02-04,318.66,2026-07-16T11:28:07+00:00
RMT-000952,ACCT-000190,B0026,2028-02-04,329.91,2026-07-16T11:28:07+00:00
RMT-000953,ACCT-000191,B0026,2028-02-04,637.35,2026-07-16T11:28:07+00:00
RMT-000954,ACCT-000192,B0026,2028-02-04,878.29,2026-07-16T11:28:07+00:00
RMT-000955,ACCT-000127,B0027,2028-03-05,1053.79,2026-07-16T12:59:56+00:00
RMT-000956,ACCT-000166,B0027,2028-03-05,98.84,2026-07-16T12:59:56+00:00
RMT-000957,ACCT-000129,B0027,2028-03-05,106.21,2026-07-16T12:59:56+00:00
RMT-000958,ACCT-000157,B0027,2028-03-05,622.48,2026-07-16T12:59:56+00:00
RMT-000959,ACCT-000035,B0027,2028-03-05,413.61,2026-07-16T12:59:56+00:00
RMT-000960,ACCT-000135,B0027,2028-03-05,644.63,2026-07-16T12:59:56+00:00
RMT-000961,ACCT-000132,B0027,2028-03-05,770.48,2026-07-16T12:59:56+00:00
RMT-000962,ACCT-000023,B0027,2028-03-05,716.77,2026-07-16T12:59:56+00:00
RMT-000963,ACCT-000159,B0027,2028-03-05,230.25,2026-07-16T12:59:56+00:00
RMT-000964,ACCT-000179,B0027,2028-03-05,164.69,2026-07-16T12:59:56+00:00
RMT-000965,ACCT-000024,B0027,2028-03-05,412.66,2026-07-16T12:59:56+00:00
RMT-000966,ACCT-000094,B0027,2028-03-05,1149.57,2026-07-16T12:59:56+00:00
RMT-000967,ACCT-000188,B0027,2028-03-05,252.1,2026-07-16T12:59:56+00:00
RMT-000968,ACCT-000040,B0027,2028-03-05,377.85,2026-07-16T12:59:56+00:00
RMT-000969,ACCT-000078,B0027,2028-03-05,254.95,2026-07-16T12:59:56+00:00
RMT-000970,ACCT-000176,B0027,2028-03-05,539.11,2026-07-16T12:59:56+00:00
RMT-000971,ACCT-000062,B0027,2028-03-05,220.1,2026-07-16T12:59:56+00:00
RMT-000972,ACCT-000190,B0027,2028-03-05,688.32,2026-07-16T12:59:56+00:00
RMT-000973,ACCT-000154,B0027,2028-03-05,435.79,2026-07-16T12:59:56+00:00
RMT-000974,ACCT-000022,B0027,2028-03-05,951.27,2026-07-16T12:59:56+00:00
RMT-000975,ACCT-000009,B0027,2028-03-05,156.04,2026-07-16T12:59:56+00:00
RMT-000976,ACCT-000161,B0027,2028-03-05,270.01,2026-07-16T12:59:56+00:00
RMT-000977,ACCT-000111,B0027,2028-03-05,704.3,2026-07-16T12:59:56+00:00
RMT-000978,ACCT-000155,B0027,2028-03-05,153.32,2026-07-16T12:59:56+00:00
RMT-000979,ACCT-000102,B0027,2028-03-05,100.68,2026-07-16T12:59:56+00:00
RMT-000980,ACCT-000165,B0027,2028-03-05,806.63,2026-07-16T12:59:56+00:00
RMT-000981,ACCT-000193,B0027,2028-03-05,293.22,2026-07-16T12:59:56+00:00
RMT-000982,ACCT-000194,B0027,2028-03-05,672.49,2026-07-16T12:59:56+00:00
RMT-000983,ACCT-000166,B0028,2028-04-04,32.71,2026-07-16T15:05:52+00:00
RMT-000984,ACCT-000005,B0028,2028-04-04,518.31,2026-07-16T15:05:52+00:00
RMT-000985,ACCT-000059,B0028,2028-04-04,391.68,2026-07-16T15:05:52+00:00
RMT-000986,ACCT-000080,B0028,2028-04-04,536.18,2026-07-16T15:05:52+00:00
RMT-000987,ACCT-000052,B0028,2028-04-04,300.02,2026-07-16T15:05:52+00:00
RMT-000988,ACCT-000097,B0028,2028-04-04,202.29,2026-07-16T15:05:52+00:00
RMT-000989,ACCT-000101,B0028,2028-04-04,486.09,2026-07-16T15:05:52+00:00
RMT-000990,ACCT-000084,B0028,2028-04-04,339.8,2026-07-16T15:05:52+00:00
RMT-000991,ACCT-000098,B0028,2028-04-04,397.31,2026-07-16T15:05:52+00:00
RMT-000992,ACCT-000008,B0028,2028-04-04,642.7,2026-07-16T15:05:52+00:00
RMT-000993,ACCT-000119,B0028,2028-04-04,803.72,2026-07-16T15:05:52+00:00
RMT-000994,ACCT-000071,B0028,2028-04-04,458.95,2026-07-16T15:05:52+00:00
RMT-000995,ACCT-000163,B0028,2028-04-04,494.62,2026-07-16T15:05:52+00:00
RMT-000996,ACCT-000120,B0028,2028-04-04,162.42,2026-07-16T15:05:52+00:00
RMT-000997,ACCT-000141,B0028,2028-04-04,1048.85,2026-07-16T15:05:52+00:00
RMT-000998,ACCT-000019,B0028,2028-04-04,339.77,2026-07-16T15:05:52+00:00
RMT-000999,ACCT-000159,B0028,2028-04-04,491.84,2026-07-16T15:05:52+00:00
RMT-001000,ACCT-000142,B0028,2028-04-04,726.35,2026-07-16T15:05:52+00:00
RMT-001001,ACCT-000127,B0028,2028-04-04,744.04,2026-07-16T15:05:52+00:00
RMT-001002,ACCT-000061,B0028,2028-04-04,252.23,2026-07-16T15:05:52+00:00
RMT-001003,ACCT-000125,B0028,2028-04-04,414.71,2026-07-16T15:05:52+00:00
RMT-001004,ACCT-000132,B0028,2028-04-04,538.17,2026-07-16T15:05:52+00:00
RMT-001005,ACCT-000038,B0028,2028-04-04,358.51,2026-07-16T15:05:52+00:00
RMT-001006,ACCT-000100,B0028,2028-04-04,580.93,2026-07-16T15:05:52+00:00
RMT-001007,ACCT-000007,B0028,2028-04-04,391.82,2026-07-16T15:05:52+00:00
RMT-001008,ACCT-000093,B0028,2028-04-04,600.51,2026-07-16T15:05:52+00:00
RMT-001009,ACCT-000195,B0028,2028-04-04,531.18,2026-07-16T15:05:52+00:00
RMT-001010,ACCT-000196,B0028,2028-04-04,547.32,2026-07-16T15:05:52+00:00
RMT-001011,ACCT-000197,B0028,2028-04-04,372.04,2026-07-16T15:05:52+00:00
RMT-001012,ACCT-000096,B0029,2028-05-04,293.96,2026-07-16T16:47:43+00:00
RMT-001013,ACCT-000012,B0029,2028-05-04,561.29,2026-07-16T16:47:43+00:00
RMT-001014,ACCT-000026,B0029,2028-05-04,272.53,2026-07-16T16:47:43+00:00
RMT-001015,ACCT-000187,B0029,2028-05-04,649.01,2026-07-16T16:47:43+00:00
RMT-001016,ACCT-000017,B0029,2028-05-04,1324.95,2026-07-16T16:47:43+00:00
RMT-001017,ACCT-000114,B0029,2028-05-04,293.6,2026-07-16T16:47:43+00:00
RMT-001018,ACCT-000032,B0029,2028-05-04,317.62,2026-07-16T16:47:43+00:00
RMT-001019,ACCT-000103,B0029,2028-05-04,259.23,2026-07-16T16:47:43+00:00
RMT-001020,ACCT-000064,B0029,2028-05-04,645.68,2026-07-16T16:47:43+00:00
RMT-001021,ACCT-000056,B0029,2028-05-04,50.88,2026-07-16T16:47:43+00:00
RMT-001022,ACCT-000022,B0029,2028-05-04,314.01,2026-07-16T16:47:43+00:00
RMT-001023,ACCT-000003,B0029,2028-05-04,951.69,2026-07-16T16:47:43+00:00
RMT-001024,ACCT-000009,B0029,2028-05-04,348.96,2026-07-16T16:47:43+00:00
RMT-001025,ACCT-000011,B0029,2028-05-04,395.55,2026-07-16T16:47:43+00:00
RMT-001026,ACCT-000112,B0029,2028-05-04,401.62,2026-07-16T16:47:43+00:00
RMT-001027,ACCT-000070,B0029,2028-05-04,237.26,2026-07-16T16:47:43+00:00
RMT-001028,ACCT-000188,B0029,2028-05-04,770.62,2026-07-16T16:47:43+00:00
RMT-001029,ACCT-000153,B0029,2028-05-04,510.18,2026-07-16T16:47:43+00:00
RMT-001030,ACCT-000110,B0029,2028-05-04,573.46,2026-07-16T16:47:43+00:00
RMT-001031,ACCT-000057,B0029,2028-05-04,356.09,2026-07-16T16:47:43+00:00
RMT-001032,ACCT-000041,B0029,2028-05-04,301.8,2026-07-16T16:47:43+00:00
RMT-001033,ACCT-000172,B0029,2028-05-04,578.65,2026-07-16T16:47:43+00:00
RMT-001034,ACCT-000007,B0029,2028-05-04,462.78,2026-07-16T16:47:43+00:00
RMT-001035,ACCT-000048,B0029,2028-05-04,936.46,2026-07-16T16:47:43+00:00
RMT-001036,ACCT-000118,B0029,2028-05-04,416.29,2026-07-16T16:47:43+00:00
RMT-001037,ACCT-000174,B0029,2028-05-04,344.55,2026-07-16T16:47:43+00:00
RMT-001038,ACCT-000001,B0029,2028-05-04,384.16,2026-07-16T16:47:43+00:00
RMT-001039,ACCT-000051,B0029,2028-05-04,666.11,2026-07-16T16:47:43+00:00
RMT-001040,ACCT-000094,B0029,2028-05-04,410.88,2026-07-16T16:47:43+00:00
RMT-001041,ACCT-000198,B0029,2028-05-04,270.31,2026-07-16T16:47:43+00:00
RMT-001042,ACCT-000199,B0029,2028-05-04,651.13,2026-07-16T16:47:43+00:00
RMT-001043,ACCT-000200,B0029,2028-05-04,560.86,2026-07-16T16:47:43+00:00
RMT-001044,ACCT-000154,B0030,2028-06-03,810.02,2026-07-16T17:59:28+00:00
RMT-001045,ACCT-000188,B0030,2028-06-03,252.16,2026-07-16T17:59:28+00:00
RMT-001046,ACCT-000165,B0030,2028-06-03,183.85,2026-07-16T17:59:28+00:00
RMT-001047,ACCT-000150,B0030,2028-06-03,775.16,2026-07-16T17:59:28+00:00
RMT-001048,ACCT-000172,B0030,2028-06-03,288.87,2026-07-16T17:59:28+00:00
RMT-001049,ACCT-000115,B0030,2028-06-03,103.53,2026-07-16T17:59:28+00:00
RMT-001050,ACCT-000094,B0030,2028-06-03,101.67,2026-07-16T17:59:28+00:00
RMT-001051,ACCT-000148,B0030,2028-06-03,533.5,2026-07-16T17:59:28+00:00
RMT-001052,ACCT-000002,B0030,2028-06-03,805.65,2026-07-16T17:59:28+00:00
RMT-001053,ACCT-000164,B0030,2028-06-03,429.92,2026-07-16T17:59:28+00:00
RMT-001054,ACCT-000040,B0030,2028-06-03,769.94,2026-07-16T17:59:28+00:00
RMT-001055,ACCT-000072,B0030,2028-06-03,646.89,2026-07-16T17:59:28+00:00
RMT-001056,ACCT-000136,B0030,2028-06-03,537.81,2026-07-16T17:59:28+00:00
RMT-001057,ACCT-000166,B0030,2028-06-03,271.96,2026-07-16T17:59:28+00:00
RMT-001058,ACCT-000088,B0030,2028-06-03,42.48,2026-07-16T17:59:28+00:00
RMT-001059,ACCT-000047,B0030,2028-06-03,115.34,2026-07-16T17:59:28+00:00
RMT-001060,ACCT-000162,B0030,2028-06-03,1065.62,2026-07-16T17:59:28+00:00
RMT-001061,ACCT-000098,B0030,2028-06-03,41.78,2026-07-16T17:59:28+00:00
RMT-001062,ACCT-000178,B0030,2028-06-03,238.56,2026-07-16T17:59:28+00:00
RMT-001063,ACCT-000125,B0030,2028-06-03,582.44,2026-07-16T17:59:28+00:00
RMT-001064,ACCT-000041,B0030,2028-06-03,59.42,2026-07-16T17:59:28+00:00
RMT-001065,ACCT-000096,B0030,2028-06-03,968.97,2026-07-16T17:59:28+00:00
RMT-001066,ACCT-000122,B0030,2028-06-03,521.53,2026-07-16T17:59:28+00:00
RMT-001067,ACCT-000132,B0030,2028-06-03,1094.57,2026-07-16T17:59:28+00:00
RMT-001068,ACCT-000140,B0030,2028-06-03,1071.0,2026-07-16T17:59:28+00:00
RMT-001069,ACCT-000191,B0030,2028-06-03,756.14,2026-07-16T17:59:28+00:00
RMT-001070,ACCT-000181,B0030,2028-06-03,942.69,2026-07-16T17:59:28+00:00
RMT-001071,ACCT-000159,B0030,2028-06-03,589.49,2026-07-16T17:59:28+00:00
RMT-001072,ACCT-000031,B0030,2028-06-03,386.1,2026-07-16T17:59:28+00:00
RMT-001073,ACCT-000152,B0030,2028-06-03,364.68,2026-07-16T17:59:28+00:00
RMT-001074,ACCT-000161,B0030,2028-06-03,507.81,2026-07-16T17:59:28+00:00
RMT-001075,ACCT-000201,B0030,2028-06-03,388.93,2026-07-16T17:59:28+00:00
RMT-001076,ACCT-000202,B0030,2028-06-03,414.28,2026-07-16T17:59:28+00:00
RMT-001077,ACCT-000203,B0030,2028-06-03,387.1,2026-07-16T17:59:28+00:00
RMT-001078,ACCT-000056,B0031,2028-07-03,61.77,2026-07-16T19:15:28+00:00
RMT-001079,ACCT-000090,B0031,2028-07-03,1048.61,2026-07-16T19:15:28+00:00
RMT-001080,ACCT-000022,B0031,2028-07-03,492.08,2026-07-16T19:15:28+00:00
RMT-001081,ACCT-000053,B0031,2028-07-03,905.07,2026-07-16T19:15:28+00:00
RMT-001082,ACCT-000035,B0031,2028-07-03,34.37,2026-07-16T19:15:28+00:00
RMT-001083,ACCT-000138,B0031,2028-07-03,201.45,2026-07-16T19:15:28+00:00
RMT-001084,ACCT-000008,B0031,2028-07-03,94.4,2026-07-16T19:15:28+00:00
RMT-001085,ACCT-000155,B0031,2028-07-03,753.8,2026-07-16T19:15:28+00:00
RMT-001086,ACCT-000067,B0031,2028-07-03,780.8,2026-07-16T19:15:28+00:00
RMT-001087,ACCT-000203,B0031,2028-07-03,424.16,2026-07-16T19:15:28+00:00
RMT-001088,ACCT-000185,B0031,2028-07-03,574.58,2026-07-16T19:15:28+00:00
RMT-001089,ACCT-000163,B0031,2028-07-03,168.27,2026-07-16T19:15:28+00:00
RMT-001090,ACCT-000064,B0031,2028-07-03,643.82,2026-07-16T19:15:28+00:00
RMT-001091,ACCT-000157,B0031,2028-07-03,967.26,2026-07-16T19:15:28+00:00
RMT-001092,ACCT-000145,B0031,2028-07-03,246.85,2026-07-16T19:15:28+00:00
RMT-001093,ACCT-000071,B0031,2028-07-03,163.3,2026-07-16T19:15:28+00:00
RMT-001094,ACCT-000154,B0031,2028-07-03,486.16,2026-07-16T19:15:28+00:00
RMT-001095,ACCT-000196,B0031,2028-07-03,47.05,2026-07-16T19:15:28+00:00
RMT-001096,ACCT-000122,B0031,2028-07-03,806.03,2026-07-16T19:15:28+00:00
RMT-001097,ACCT-000119,B0031,2028-07-03,351.83,2026-07-16T19:15:28+00:00
RMT-001098,ACCT-000051,B0031,2028-07-03,416.26,2026-07-16T19:15:28+00:00
RMT-001099,ACCT-000171,B0031,2028-07-03,619.27,2026-07-16T19:15:28+00:00
RMT-001100,ACCT-000137,B0031,2028-07-03,67.88,2026-07-16T19:15:28+00:00
RMT-001101,ACCT-000181,B0031,2028-07-03,348.29,2026-07-16T19:15:28+00:00
RMT-001102,ACCT-000162,B0031,2028-07-03,294.99,2026-07-16T19:15:28+00:00
RMT-001103,ACCT-000021,B0031,2028-07-03,499.09,2026-07-16T19:15:28+00:00
RMT-001104,ACCT-000033,B0031,2028-07-03,257.16,2026-07-16T19:15:28+00:00
RMT-001105,ACCT-000121,B0031,2028-07-03,737.21,2026-07-16T19:15:28+00:00
RMT-001106,ACCT-000095,B0031,2028-07-03,460.99,2026-07-16T19:15:28+00:00
RMT-001107,ACCT-000063,B0031,2028-07-03,604.53,2026-07-16T19:15:28+00:00
RMT-001108,ACCT-000158,B0031,2028-07-03,362.69,2026-07-16T19:15:28+00:00
RMT-001109,ACCT-000204,B0031,2028-07-03,263.05,2026-07-16T19:15:28+00:00
RMT-001110,ACCT-000205,B0031,2028-07-03,653.8,2026-07-16T19:15:28+00:00
RMT-001111,ACCT-000206,B0031,2028-07-03,398.18,2026-07-16T19:15:28+00:00
RMT-001112,ACCT-000207,B0031,2028-07-03,83.48,2026-07-16T19:15:28+00:00
RMT-001113,ACCT-000014,B0032,2028-08-02,627.03,2026-07-16T20:25:14+00:00
RMT-001114,ACCT-000130,B0032,2028-08-02,389.12,2026-07-16T20:25:14+00:00
RMT-001115,ACCT-000168,B0032,2028-08-02,165.04,2026-07-16T20:25:14+00:00
RMT-001116,ACCT-000050,B0032,2028-08-02,416.81,2026-07-16T20:25:14+00:00
RMT-001117,ACCT-000104,B0032,2028-08-02,440.49,2026-07-16T20:25:14+00:00
RMT-001118,ACCT-000058,B0032,2028-08-02,851.65,2026-07-16T20:25:14+00:00
RMT-001119,ACCT-000175,B0032,2028-08-02,543.13,2026-07-16T20:25:14+00:00
RMT-001120,ACCT-000195,B0032,2028-08-02,355.08,2026-07-16T20:25:14+00:00
RMT-001121,ACCT-000170,B0032,2028-08-02,1156.85,2026-07-16T20:25:14+00:00
RMT-001122,ACCT-000206,B0032,2028-08-02,188.41,2026-07-16T20:25:14+00:00
RMT-001123,ACCT-000009,B0032,2028-08-02,846.18,2026-07-16T20:25:14+00:00
RMT-001124,ACCT-000042,B0032,2028-08-02,812.25,2026-07-16T20:25:14+00:00
RMT-001125,ACCT-000076,B0032,2028-08-02,541.6,2026-07-16T20:25:14+00:00
RMT-001126,ACCT-000008,B0032,2028-08-02,742.78,2026-07-16T20:25:14+00:00
RMT-001127,ACCT-000080,B0032,2028-08-02,551.58,2026-07-16T20:25:14+00:00
RMT-001128,ACCT-000127,B0032,2028-08-02,364.65,2026-07-16T20:25:14+00:00
RMT-001129,ACCT-000201,B0032,2028-08-02,46.75,2026-07-16T20:25:14+00:00
RMT-001130,ACCT-000128,B0032,2028-08-02,785.4,2026-07-16T20:25:14+00:00
RMT-001131,ACCT-000033,B0032,2028-08-02,788.85,2026-07-16T20:25:14+00:00
RMT-001132,ACCT-000056,B0032,2028-08-02,816.69,2026-07-16T20:25:14+00:00
RMT-001133,ACCT-000114,B0032,2028-08-02,876.72,2026-07-16T20:25:14+00:00
RMT-001134,ACCT-000055,B0032,2028-08-02,671.67,2026-07-16T20:25:14+00:00
RMT-001135,ACCT-000066,B0032,2028-08-02,267.55,2026-07-16T20:25:14+00:00
RMT-001136,ACCT-000094,B0032,2028-08-02,308.04,2026-07-16T20:25:14+00:00
RMT-001137,ACCT-000005,B0032,2028-08-02,612.73,2026-07-16T20:25:14+00:00
RMT-001138,ACCT-000003,B0032,2028-08-02,45.27,2026-07-16T20:25:14+00:00
RMT-001139,ACCT-000208,B0032,2028-08-02,900.32,2026-07-16T20:25:14+00:00
RMT-001140,ACCT-000209,B0032,2028-08-02,409.9,2026-07-16T20:25:14+00:00
RMT-001141,ACCT-000110,B0033,2028-09-01,484.67,2026-07-16T21:31:03+00:00
RMT-001142,ACCT-000127,B0033,2028-09-01,217.56,2026-07-16T21:31:03+00:00
RMT-001143,ACCT-000063,B0033,2028-09-01,342.84,2026-07-16T21:31:03+00:00
RMT-001144,ACCT-000051,B0033,2028-09-01,343.42,2026-07-16T21:31:03+00:00
RMT-001145,ACCT-000030,B0033,2028-09-01,257.91,2026-07-16T21:31:03+00:00
RMT-001146,ACCT-000201,B0033,2028-09-01,609.48,2026-07-16T21:31:03+00:00
RMT-001147,ACCT-000089,B0033,2028-09-01,761.86,2026-07-16T21:31:03+00:00
RMT-001148,ACCT-000050,B0033,2028-09-01,212.77,2026-07-16T21:31:03+00:00
RMT-001149,ACCT-000049,B0033,2028-09-01,210.77,2026-07-16T21:31:03+00:00
RMT-001150,ACCT-000035,B0033,2028-09-01,506.1,2026-07-16T21:31:03+00:00
RMT-001151,ACCT-000093,B0033,2028-09-01,184.31,2026-07-16T21:31:03+00:00
RMT-001152,ACCT-000010,B0033,2028-09-01,158.47,2026-07-16T21:31:03+00:00
RMT-001153,ACCT-000017,B0033,2028-09-01,717.01,2026-07-16T21:31:03+00:00
RMT-001154,ACCT-000086,B0033,2028-09-01,70.13,2026-07-16T21:31:03+00:00
RMT-001155,ACCT-000163,B0033,2028-09-01,178.35,2026-07-16T21:31:03+00:00
RMT-001156,ACCT-000209,B0033,2028-09-01,339.43,2026-07-16T21:31:03+00:00
RMT-001157,ACCT-000078,B0033,2028-09-01,387.79,2026-07-16T21:31:03+00:00
RMT-001158,ACCT-000152,B0033,2028-09-01,324.05,2026-07-16T21:31:03+00:00
RMT-001159,ACCT-000119,B0033,2028-09-01,60.24,2026-07-16T21:31:03+00:00
RMT-001160,ACCT-000148,B0033,2028-09-01,933.04,2026-07-16T21:31:03+00:00
RMT-001161,ACCT-000129,B0033,2028-09-01,773.72,2026-07-16T21:31:03+00:00
RMT-001162,ACCT-000153,B0033,2028-09-01,532.04,2026-07-16T21:31:03+00:00
RMT-001163,ACCT-000124,B0033,2028-09-01,442.53,2026-07-16T21:31:03+00:00
RMT-001164,ACCT-000208,B0033,2028-09-01,545.76,2026-07-16T21:31:03+00:00
RMT-001165,ACCT-000143,B0033,2028-09-01,88.06,2026-07-16T21:31:03+00:00
RMT-001166,ACCT-000197,B0033,2028-09-01,57.39,2026-07-16T21:31:03+00:00
RMT-001167,ACCT-000167,B0033,2028-09-01,1074.78,2026-07-16T21:31:03+00:00
RMT-001168,ACCT-000044,B0033,2028-09-01,573.25,2026-07-16T21:31:03+00:00
RMT-001169,ACCT-000084,B0033,2028-09-01,905.89,2026-07-16T21:31:03+00:00
RMT-001170,ACCT-000094,B0033,2028-09-01,355.55,2026-07-16T21:31:03+00:00
RMT-001171,ACCT-000046,B0033,2028-09-01,362.22,2026-07-16T21:31:03+00:00
RMT-001172,ACCT-000210,B0033,2028-09-01,611.55,2026-07-16T21:31:03+00:00
RMT-001173,ACCT-000211,B0033,2028-09-01,102.72,2026-07-16T21:31:03+00:00
RMT-001174,ACCT-000212,B0033,2028-09-01,606.54,2026-07-16T21:31:03+00:00
RMT-001175,ACCT-000213,B0033,2028-09-01,1153.75,2026-07-16T21:31:03+00:00
RMT-001176,ACCT-000149,B0034,2028-10-01,547.6,2026-07-16T22:51:41+00:00
RMT-001177,ACCT-000156,B0034,2028-10-01,464.06,2026-07-16T22:51:41+00:00
RMT-001178,ACCT-000159,B0034,2028-10-01,524.34,2026-07-16T22:51:41+00:00
RMT-001179,ACCT-000201,B0034,2028-10-01,1060.75,2026-07-16T22:51:41+00:00
RMT-001180,ACCT-000206,B0034,2028-10-01,1088.57,2026-07-16T22:51:41+00:00
RMT-001181,ACCT-000069,B0034,2028-10-01,459.42,2026-07-16T22:51:41+00:00
RMT-001182,ACCT-000066,B0034,2028-10-01,949.14,2026-07-16T22:51:41+00:00
RMT-001183,ACCT-000176,B0034,2028-10-01,403.4,2026-07-16T22:51:41+00:00
RMT-001184,ACCT-000162,B0034,2028-10-01,673.52,2026-07-16T22:51:41+00:00
RMT-001185,ACCT-000010,B0034,2028-10-01,88.09,2026-07-16T22:51:41+00:00
RMT-001186,ACCT-000020,B0034,2028-10-01,498.72,2026-07-16T22:51:41+00:00
RMT-001187,ACCT-000059,B0034,2028-10-01,726.63,2026-07-16T22:51:41+00:00
RMT-001188,ACCT-000187,B0034,2028-10-01,713.27,2026-07-16T22:51:41+00:00
RMT-001189,ACCT-000074,B0034,2028-10-01,536.67,2026-07-16T22:51:41+00:00
RMT-001190,ACCT-000111,B0034,2028-10-01,617.04,2026-07-16T22:51:41+00:00
RMT-001191,ACCT-000148,B0034,2028-10-01,399.23,2026-07-16T22:51:41+00:00
RMT-001192,ACCT-000117,B0034,2028-10-01,703.84,2026-07-16T22:51:41+00:00
RMT-001193,ACCT-000184,B0034,2028-10-01,1054.25,2026-07-16T22:51:41+00:00
RMT-001194,ACCT-000190,B0034,2028-10-01,555.3,2026-07-16T22:51:41+00:00
RMT-001195,ACCT-000042,B0034,2028-10-01,210.67,2026-07-16T22:51:41+00:00
RMT-001196,ACCT-000046,B0034,2028-10-01,360.95,2026-07-16T22:51:41+00:00
RMT-001197,ACCT-000079,B0034,2028-10-01,736.27,2026-07-16T22:51:41+00:00
RMT-001198,ACCT-000013,B0034,2028-10-01,856.16,2026-07-16T22:51:41+00:00
RMT-001199,ACCT-000212,B0034,2028-10-01,668.74,2026-07-16T22:51:41+00:00
RMT-001200,ACCT-000092,B0034,2028-10-01,507.19,2026-07-16T22:51:41+00:00
RMT-001201,ACCT-000182,B0034,2028-10-01,994.1,2026-07-16T22:51:41+00:00
RMT-001202,ACCT-000086,B0034,2028-10-01,247.33,2026-07-16T22:51:41+00:00
RMT-001203,ACCT-000209,B0034,2028-10-01,306.83,2026-07-16T22:51:41+00:00
RMT-001204,ACCT-000061,B0034,2028-10-01,535.77,2026-07-16T22:51:41+00:00
RMT-001205,ACCT-000080,B0034,2028-10-01,245.25,2026-07-16T22:51:41+00:00
RMT-001206,ACCT-000214,B0034,2028-10-01,760.27,2026-07-16T22:51:41+00:00
RMT-001207,ACCT-000215,B0034,2028-10-01,529.69,2026-07-16T22:51:41+00:00
RMT-001208,ACCT-000095,B0035,2028-10-31,197.46,2026-07-16T23:52:31+00:00
RMT-001209,ACCT-000007,B0035,2028-10-31,161.89,2026-07-16T23:52:31+00:00
RMT-001210,ACCT-000043,B0035,2028-10-31,876.85,2026-07-16T23:52:31+00:00
RMT-001211,ACCT-000180,B0035,2028-10-31,919.82,2026-07-16T23:52:31+00:00
RMT-001212,ACCT-000166,B0035,2028-10-31,979.18,2026-07-16T23:52:31+00:00
RMT-001213,ACCT-000110,B0035,2028-10-31,657.7,2026-07-16T23:52:31+00:00
RMT-001214,ACCT-000193,B0035,2028-10-31,627.4,2026-07-16T23:52:31+00:00
RMT-001215,ACCT-000190,B0035,2028-10-31,269.21,2026-07-16T23:52:31+00:00
RMT-001216,ACCT-000114,B0035,2028-10-31,647.78,2026-07-16T23:52:31+00:00
RMT-001217,ACCT-000189,B0035,2028-10-31,112.47,2026-07-16T23:52:31+00:00
RMT-001218,ACCT-000142,B0035,2028-10-31,133.93,2026-07-16T23:52:31+00:00
RMT-001219,ACCT-000133,B0035,2028-10-31,691.2,2026-07-16T23:52:31+00:00
RMT-001220,ACCT-000104,B0035,2028-10-31,561.27,2026-07-16T23:52:31+00:00
RMT-001221,ACCT-000002,B0035,2028-10-31,1066.28,2026-07-16T23:52:31+00:00
RMT-001222,ACCT-000197,B0035,2028-10-31,184.76,2026-07-16T23:52:31+00:00
RMT-001223,ACCT-000090,B0035,2028-10-31,709.47,2026-07-16T23:52:31+00:00
RMT-001224,ACCT-000036,B0035,2028-10-31,58.6,2026-07-16T23:52:31+00:00
RMT-001225,ACCT-000199,B0035,2028-10-31,683.05,2026-07-16T23:52:31+00:00
RMT-001226,ACCT-000113,B0035,2028-10-31,76.48,2026-07-16T23:52:31+00:00
RMT-001227,ACCT-000112,B0035,2028-10-31,940.28,2026-07-16T23:52:31+00:00
RMT-001228,ACCT-000179,B0035,2028-10-31,337.6,2026-07-16T23:52:31+00:00
RMT-001229,ACCT-000109,B0035,2028-10-31,275.46,2026-07-16T23:52:31+00:00
RMT-001230,ACCT-000047,B0035,2028-10-31,329.37,2026-07-16T23:52:31+00:00
RMT-001231,ACCT-000176,B0035,2028-10-31,223.22,2026-07-16T23:52:31+00:00
RMT-001232,ACCT-000102,B0035,2028-10-31,237.4,2026-07-16T23:52:31+00:00
RMT-001233,ACCT-000124,B0035,2028-10-31,409.18,2026-07-16T23:52:31+00:00
RMT-001234,ACCT-000086,B0035,2028-10-31,934.11,2026-07-16T23:52:31+00:00
RMT-001235,ACCT-000116,B0035,2028-10-31,149.08,2026-07-16T23:52:31+00:00
RMT-001236,ACCT-000137,B0035,2028-10-31,109.89,2026-07-16T23:52:31+00:00
RMT-001237,ACCT-000107,B0035,2028-10-31,311.25,2026-07-16T23:52:31+00:00
RMT-001238,ACCT-000082,B0035,2028-10-31,388.38,2026-07-16T23:52:31+00:00
RMT-001239,ACCT-000216,B0035,2028-10-31,618.22,2026-07-16T23:52:31+00:00
RMT-001240,ACCT-000217,B0035,2028-10-31,1080.22,2026-07-16T23:52:31+00:00
RMT-001241,ACCT-000097,B0036,2028-11-30,811.79,2026-07-17T01:55:24+00:00
RMT-001242,ACCT-000138,B0036,2028-11-30,158.19,2026-07-17T01:55:24+00:00
RMT-001243,ACCT-000216,B0036,2028-11-30,294.58,2026-07-17T01:55:24+00:00
RMT-001244,ACCT-000181,B0036,2028-11-30,117.38,2026-07-17T01:55:24+00:00
RMT-001245,ACCT-000092,B0036,2028-11-30,112.47,2026-07-17T01:55:24+00:00
RMT-001246,ACCT-000192,B0036,2028-11-30,718.39,2026-07-17T01:55:24+00:00
RMT-001247,ACCT-000149,B0036,2028-11-30,480.24,2026-07-17T01:55:24+00:00
RMT-001248,ACCT-000189,B0036,2028-11-30,215.99,2026-07-17T01:55:24+00:00
RMT-001249,ACCT-000200,B0036,2028-11-30,326.39,2026-07-17T01:55:24+00:00
RMT-001250,ACCT-000127,B0036,2028-11-30,144.68,2026-07-17T01:55:24+00:00
RMT-001251,ACCT-000183,B0036,2028-11-30,107.16,2026-07-17T01:55:24+00:00
RMT-001252,ACCT-000143,B0036,2028-11-30,571.7,2026-07-17T01:55:24+00:00
RMT-001253,ACCT-000117,B0036,2028-11-30,1096.34,2026-07-17T01:55:24+00:00
RMT-001254,ACCT-000012,B0036,2028-11-30,54.1,2026-07-17T01:55:24+00:00
RMT-001255,ACCT-000041,B0036,2028-11-30,713.66,2026-07-17T01:55:24+00:00
RMT-001256,ACCT-000196,B0036,2028-11-30,444.91,2026-07-17T01:55:24+00:00
RMT-001257,ACCT-000163,B0036,2028-11-30,388.1,2026-07-17T01:55:24+00:00
RMT-001258,ACCT-000031,B0036,2028-11-30,1066.92,2026-07-17T01:55:24+00:00
RMT-001259,ACCT-000169,B0036,2028-11-30,60.95,2026-07-17T01:55:24+00:00
RMT-001260,ACCT-000159,B0036,2028-11-30,543.85,2026-07-17T01:55:24+00:00
RMT-001261,ACCT-000111,B0036,2028-11-30,190.0,2026-07-17T01:55:24+00:00
RMT-001262,ACCT-000119,B0036,2028-11-30,254.47,2026-07-17T01:55:24+00:00
RMT-001263,ACCT-000151,B0036,2028-11-30,909.75,2026-07-17T01:55:24+00:00
RMT-001264,ACCT-000145,B0036,2028-11-30,1107.39,2026-07-17T01:55:24+00:00
RMT-001265,ACCT-000168,B0036,2028-11-30,407.73,2026-07-17T01:55:24+00:00
RMT-001266,ACCT-000118,B0036,2028-11-30,858.63,2026-07-17T01:55:24+00:00
RMT-001267,ACCT-000218,B0036,2028-11-30,326.71,2026-07-17T01:55:24+00:00
RMT-001268,ACCT-000219,B0036,2028-11-30,405.72,2026-07-17T01:55:24+00:00
RMT-001269,ACCT-000220,B0036,2028-11-30,876.29,2026-07-17T01:55:24+00:00
RMT-001270,ACCT-000221,B0036,2028-11-30,426.91,2026-07-17T01:55:24+00:00
RMT-001271,ACCT-000129,B0037,2028-12-30,678.49,2026-07-17T04:57:40+00:00
RMT-001272,ACCT-000031,B0037,2028-12-30,677.0,2026-07-17T04:57:40+00:00
RMT-001273,ACCT-000060,B0037,2028-12-30,354.76,2026-07-17T04:57:40+00:00
RMT-001274,ACCT-000213,B0037,2028-12-30,902.86,2026-07-17T04:57:40+00:00
RMT-001275,ACCT-000218,B0037,2028-12-30,244.56,2026-07-17T04:57:40+00:00
RMT-001276,ACCT-000099,B0037,2028-12-30,1127.19,2026-07-17T04:57:40+00:00
RMT-001277,ACCT-000199,B0037,2028-12-30,626.95,2026-07-17T04:57:40+00:00
RMT-001278,ACCT-000044,B0037,2028-12-30,697.77,2026-07-17T04:57:40+00:00
RMT-001279,ACCT-000048,B0037,2028-12-30,453.34,2026-07-17T04:57:40+00:00
RMT-001280,ACCT-000017,B0037,2028-12-30,163.66,2026-07-17T04:57:40+00:00
RMT-001281,ACCT-000052,B0037,2028-12-30,279.11,2026-07-17T04:57:40+00:00
RMT-001282,ACCT-000016,B0037,2028-12-30,98.08,2026-07-17T04:57:40+00:00
RMT-001283,ACCT-000108,B0037,2028-12-30,459.19,2026-07-17T04:57:40+00:00
RMT-001284,ACCT-000035,B0037,2028-12-30,361.94,2026-07-17T04:57:40+00:00
RMT-001285,ACCT-000059,B0037,2028-12-30,366.13,2026-07-17T04:57:40+00:00
RMT-001286,ACCT-000138,B0037,2028-12-30,92.59,2026-07-17T04:57:40+00:00
RMT-001287,ACCT-000132,B0037,2028-12-30,84.83,2026-07-17T04:57:40+00:00
RMT-001288,ACCT-000196,B0037,2028-12-30,777.08,2026-07-17T04:57:40+00:00
RMT-001289,ACCT-000061,B0037,2028-12-30,792.62,2026-07-17T04:57:40+00:00
RMT-001290,ACCT-000007,B0037,2028-12-30,1170.33,2026-07-17T04:57:40+00:00
RMT-001291,ACCT-000080,B0037,2028-12-30,842.5,2026-07-17T04:57:40+00:00
RMT-001292,ACCT-000179,B0037,2028-12-30,491.39,2026-07-17T04:57:40+00:00
RMT-001293,ACCT-000103,B0037,2028-12-30,569.41,2026-07-17T04:57:40+00:00
RMT-001294,ACCT-000205,B0037,2028-12-30,512.3,2026-07-17T04:57:40+00:00
RMT-001295,ACCT-000022,B0037,2028-12-30,518.56,2026-07-17T04:57:40+00:00
RMT-001296,ACCT-000133,B0037,2028-12-30,425.3,2026-07-17T04:57:40+00:00
RMT-001297,ACCT-000207,B0037,2028-12-30,296.25,2026-07-17T04:57:40+00:00
RMT-001298,ACCT-000206,B0037,2028-12-30,270.03,2026-07-17T04:57:40+00:00
RMT-001299,ACCT-000222,B0037,2028-12-30,256.64,2026-07-17T04:57:40+00:00
RMT-001300,ACCT-000223,B0037,2028-12-30,868.99,2026-07-17T04:57:40+00:00
RMT-001301,ACCT-000224,B0037,2028-12-30,63.97,2026-07-17T04:57:40+00:00
RMT-001302,ACCT-000225,B0037,2028-12-30,931.58,2026-07-17T04:57:40+00:00
RMT-001303,ACCT-000200,B0038,2029-01-29,306.55,2026-07-17T07:14:41+00:00
RMT-001304,ACCT-000106,B0038,2029-01-29,102.67,2026-07-17T07:14:41+00:00
RMT-001305,ACCT-000189,B0038,2029-01-29,736.23,2026-07-17T07:14:41+00:00
RMT-001306,ACCT-000172,B0038,2029-01-29,951.37,2026-07-17T07:14:41+00:00
RMT-001307,ACCT-000212,B0038,2029-01-29,340.31,2026-07-17T07:14:41+00:00
RMT-001308,ACCT-000111,B0038,2029-01-29,522.07,2026-07-17T07:14:41+00:00
RMT-001309,ACCT-000088,B0038,2029-01-29,545.53,2026-07-17T07:14:41+00:00
RMT-001310,ACCT-000191,B0038,2029-01-29,529.7,2026-07-17T07:14:41+00:00
RMT-001311,ACCT-000177,B0038,2029-01-29,404.19,2026-07-17T07:14:41+00:00
RMT-001312,ACCT-000085,B0038,2029-01-29,16.68,2026-07-17T07:14:41+00:00
RMT-001313,ACCT-000083,B0038,2029-01-29,151.45,2026-07-17T07:14:41+00:00
RMT-001314,ACCT-000033,B0038,2029-01-29,633.23,2026-07-17T07:14:41+00:00
RMT-001315,ACCT-000142,B0038,2029-01-29,458.8,2026-07-17T07:14:41+00:00
RMT-001316,ACCT-000063,B0038,2029-01-29,691.86,2026-07-17T07:14:41+00:00
RMT-001317,ACCT-000195,B0038,2029-01-29,204.76,2026-07-17T07:14:41+00:00
RMT-001318,ACCT-000070,B0038,2029-01-29,230.02,2026-07-17T07:14:41+00:00
RMT-001319,ACCT-000133,B0038,2029-01-29,672.76,2026-07-17T07:14:41+00:00
RMT-001320,ACCT-000107,B0038,2029-01-29,1274.06,2026-07-17T07:14:41+00:00
RMT-001321,ACCT-000028,B0038,2029-01-29,313.65,2026-07-17T07:14:41+00:00
RMT-001322,ACCT-000011,B0038,2029-01-29,805.62,2026-07-17T07:14:41+00:00
RMT-001323,ACCT-000171,B0038,2029-01-29,288.38,2026-07-17T07:14:41+00:00
RMT-001324,ACCT-000024,B0038,2029-01-29,1090.64,2026-07-17T07:14:41+00:00
RMT-001325,ACCT-000160,B0038,2029-01-29,729.33,2026-07-17T07:14:41+00:00
RMT-001326,ACCT-000023,B0038,2029-01-29,456.63,2026-07-17T07:14:41+00:00
RMT-001327,ACCT-000147,B0038,2029-01-29,287.99,2026-07-17T07:14:41+00:00
RMT-001328,ACCT-000058,B0038,2029-01-29,240.26,2026-07-17T07:14:41+00:00
RMT-001329,ACCT-000101,B0038,2029-01-29,77.11,2026-07-17T07:14:41+00:00
RMT-001330,ACCT-000086,B0038,2029-01-29,161.6,2026-07-17T07:14:41+00:00
RMT-001331,ACCT-000201,B0038,2029-01-29,190.23,2026-07-17T07:14:41+00:00
RMT-001332,ACCT-000037,B0038,2029-01-29,361.25,2026-07-17T07:14:41+00:00
RMT-001333,ACCT-000215,B0038,2029-01-29,282.08,2026-07-17T07:14:41+00:00
RMT-001334,ACCT-000226,B0038,2029-01-29,585.11,2026-07-17T07:14:41+00:00
RMT-001335,ACCT-000227,B0038,2029-01-29,606.23,2026-07-17T07:14:41+00:00
RMT-001336,ACCT-000228,B0038,2029-01-29,1154.87,2026-07-17T07:14:41+00:00
RMT-001337,ACCT-000104,B0039,2029-02-28,466.33,2026-07-17T09:26:38+00:00
RMT-001338,ACCT-000075,B0039,2029-02-28,553.67,2026-07-17T09:26:38+00:00
RMT-001339,ACCT-000191,B0039,2029-02-28,40.3,2026-07-17T09:26:38+00:00
RMT-001340,ACCT-000116,B0039,2029-02-28,255.17,2026-07-17T09:26:38+00:00
RMT-001341,ACCT-000052,B0039,2029-02-28,1071.77,2026-07-17T09:26:38+00:00
RMT-001342,ACCT-000082,B0039,2029-02-28,264.18,2026-07-17T09:26:38+00:00
RMT-001343,ACCT-000150,B0039,2029-02-28,380.02,2026-07-17T09:26:38+00:00
RMT-001344,ACCT-000040,B0039,2029-02-28,754.57,2026-07-17T09:26:38+00:00
RMT-001345,ACCT-000056,B0039,2029-02-28,744.81,2026-07-17T09:26:38+00:00
RMT-001346,ACCT-000024,B0039,2029-02-28,1056.7,2026-07-17T09:26:38+00:00
RMT-001347,ACCT-000179,B0039,2029-02-28,681.3,2026-07-17T09:26:38+00:00
RMT-001348,ACCT-000063,B0039,2029-02-28,556.55,2026-07-17T09:26:38+00:00
RMT-001349,ACCT-000091,B0039,2029-02-28,456.99,2026-07-17T09:26:38+00:00
RMT-001350,ACCT-000226,B0039,2029-02-28,558.06,2026-07-17T09:26:38+00:00
RMT-001351,ACCT-000010,B0039,2029-02-28,211.06,2026-07-17T09:26:38+00:00
RMT-001352,ACCT-000005,B0039,2029-02-28,873.64,2026-07-17T09:26:38+00:00
RMT-001353,ACCT-000105,B0039,2029-02-28,516.08,2026-07-17T09:26:38+00:00
RMT-001354,ACCT-000225,B0039,2029-02-28,443.72,2026-07-17T09:26:38+00:00
RMT-001355,ACCT-000134,B0039,2029-02-28,478.02,2026-07-17T09:26:38+00:00
RMT-001356,ACCT-000118,B0039,2029-02-28,305.61,2026-07-17T09:26:38+00:00
RMT-001357,ACCT-000152,B0039,2029-02-28,198.23,2026-07-17T09:26:38+00:00
RMT-001358,ACCT-000002,B0039,2029-02-28,384.38,2026-07-17T09:26:38+00:00
RMT-001359,ACCT-000121,B0039,2029-02-28,275.33,2026-07-17T09:26:38+00:00
RMT-001360,ACCT-000103,B0039,2029-02-28,32.41,2026-07-17T09:26:38+00:00
RMT-001361,ACCT-000057,B0039,2029-02-28,771.63,2026-07-17T09:26:38+00:00
RMT-001362,ACCT-000092,B0039,2029-02-28,461.75,2026-07-17T09:26:38+00:00
RMT-001363,ACCT-000195,B0039,2029-02-28,293.78,2026-07-17T09:26:38+00:00
RMT-001364,ACCT-000021,B0039,2029-02-28,324.58,2026-07-17T09:26:38+00:00
RMT-001365,ACCT-000176,B0039,2029-02-28,806.77,2026-07-17T09:26:38+00:00
RMT-001366,ACCT-000065,B0039,2029-02-28,317.97,2026-07-17T09:26:38+00:00
RMT-001367,ACCT-000145,B0039,2029-02-28,334.83,2026-07-17T09:26:38+00:00
RMT-001368,ACCT-000140,B0039,2029-02-28,410.85,2026-07-17T09:26:38+00:00
RMT-001369,ACCT-000011,B0039,2029-02-28,705.31,2026-07-17T09:26:38+00:00
RMT-001370,ACCT-000031,B0039,2029-02-28,465.29,2026-07-17T09:26:38+00:00
RMT-001371,ACCT-000141,B0039,2029-02-28,652.57,2026-07-17T09:26:38+00:00
RMT-001372,ACCT-000229,B0039,2029-02-28,600.19,2026-07-17T09:26:38+00:00
RMT-001373,ACCT-000230,B0039,2029-02-28,378.66,2026-07-17T09:26:38+00:00
RMT-001374,ACCT-000203,B0040,2029-03-30,402.66,2026-07-17T11:04:47+00:00
RMT-001375,ACCT-000011,B0040,2029-03-30,27.53,2026-07-17T11:04:47+00:00
RMT-001376,ACCT-000118,B0040,2029-03-30,556.15,2026-07-17T11:04:47+00:00
RMT-001377,ACCT-000047,B0040,2029-03-30,-16.74,2026-07-17T11:04:47+00:00
RMT-001378,ACCT-000220,B0040,2029-03-30,578.47,2026-07-17T11:04:47+00:00
RMT-001379,ACCT-000115,B0040,2029-03-30,545.42,2026-07-17T11:04:47+00:00
RMT-001380,ACCT-000207,B0040,2029-03-30,122.19,2026-07-17T11:04:47+00:00
RMT-001381,ACCT-000056,B0040,2029-03-30,488.94,2026-07-17T11:04:47+00:00
RMT-001382,ACCT-000082,B0040,2029-03-30,597.24,2026-07-17T11:04:47+00:00
RMT-001383,ACCT-000167,B0040,2029-03-30,165.0,2026-07-17T11:04:47+00:00
RMT-001384,ACCT-000196,B0040,2029-03-30,966.43,2026-07-17T11:04:47+00:00
RMT-001385,ACCT-000226,B0040,2029-03-30,974.79,2026-07-17T11:04:47+00:00
RMT-001386,ACCT-000214,B0040,2029-03-30,674.67,2026-07-17T11:04:47+00:00
RMT-001387,ACCT-000176,B0040,2029-03-30,605.43,2026-07-17T11:04:47+00:00
RMT-001388,ACCT-000109,B0040,2029-03-30,722.69,2026-07-17T11:04:47+00:00
RMT-001389,ACCT-000128,B0040,2029-03-30,806.08,2026-07-17T11:04:47+00:00
RMT-001390,ACCT-000142,B0040,2029-03-30,866.1,2026-07-17T11:04:47+00:00
RMT-001391,ACCT-000210,B0040,2029-03-30,524.72,2026-07-17T11:04:47+00:00
RMT-001392,ACCT-000230,B0040,2029-03-30,505.17,2026-07-17T11:04:47+00:00
RMT-001393,ACCT-000102,B0040,2029-03-30,307.07,2026-07-17T11:04:47+00:00
RMT-001394,ACCT-000087,B0040,2029-03-30,447.35,2026-07-17T11:04:47+00:00
RMT-001395,ACCT-000040,B0040,2029-03-30,646.51,2026-07-17T11:04:47+00:00
RMT-001396,ACCT-000124,B0040,2029-03-30,54.8,2026-07-17T11:04:47+00:00
RMT-001397,ACCT-000215,B0040,2029-03-30,17.2,2026-07-17T11:04:47+00:00
RMT-001398,ACCT-000104,B0040,2029-03-30,543.57,2026-07-17T11:04:47+00:00
RMT-001399,ACCT-000007,B0040,2029-03-30,1106.58,2026-07-17T11:04:47+00:00
RMT-001400,ACCT-000231,B0040,2029-03-30,758.97,2026-07-17T11:04:47+00:00
RMT-001401,ACCT-000232,B0040,2029-03-30,720.65,2026-07-17T11:04:47+00:00
RMT-001402,ACCT-000233,B0040,2029-03-30,1031.59,2026-07-17T11:04:47+00:00
RMT-001403,ACCT-000132,B0041,2029-04-29,311.03,2026-07-17T12:40:47+00:00
RMT-001404,ACCT-000181,B0041,2029-04-29,564.64,2026-07-17T12:40:47+00:00
RMT-001405,ACCT-000084,B0041,2029-04-29,200.54,2026-07-17T12:40:47+00:00
RMT-001406,ACCT-000159,B0041,2029-04-29,156.17,2026-07-17T12:40:47+00:00
RMT-001407,ACCT-000179,B0041,2029-04-29,795.17,2026-07-17T12:40:47+00:00
RMT-001408,ACCT-000069,B0041,2029-04-29,805.83,2026-07-17T12:40:47+00:00
RMT-001409,ACCT-000009,B0041,2029-04-29,977.89,2026-07-17T12:40:47+00:00
RMT-001410,ACCT-000137,B0041,2029-04-29,602.6,2026-07-17T12:40:47+00:00
RMT-001411,ACCT-000070,B0041,2029-04-29,297.59,2026-07-17T12:40:47+00:00
RMT-001412,ACCT-000226,B0041,2029-04-29,93.6,2026-07-17T12:40:47+00:00
RMT-001413,ACCT-000231,B0041,2029-04-29,621.51,2026-07-17T12:40:47+00:00
RMT-001414,ACCT-000203,B0041,2029-04-29,389.55,2026-07-17T12:40:47+00:00
RMT-001415,ACCT-000199,B0041,2029-04-29,265.67,2026-07-17T12:40:47+00:00
RMT-001416,ACCT-000049,B0041,2029-04-29,291.63,2026-07-17T12:40:47+00:00
RMT-001417,ACCT-000045,B0041,2029-04-29,20.12,2026-07-17T12:40:47+00:00
RMT-001418,ACCT-000076,B0041,2029-04-29,784.99,2026-07-17T12:40:47+00:00
RMT-001419,ACCT-000058,B0041,2029-04-29,93.11,2026-07-17T12:40:47+00:00
RMT-001420,ACCT-000119,B0041,2029-04-29,164.06,2026-07-17T12:40:47+00:00
RMT-001421,ACCT-000200,B0041,2029-04-29,397.01,2026-07-17T12:40:47+00:00
RMT-001422,ACCT-000127,B0041,2029-04-29,810.62,2026-07-17T12:40:47+00:00
RMT-001423,ACCT-000158,B0041,2029-04-29,716.31,2026-07-17T12:40:47+00:00
RMT-001424,ACCT-000099,B0041,2029-04-29,582.51,2026-07-17T12:40:47+00:00
RMT-001425,ACCT-000040,B0041,2029-04-29,500.87,2026-07-17T12:40:47+00:00
RMT-001426,ACCT-000122,B0041,2029-04-29,843.79,2026-07-17T12:40:47+00:00
RMT-001427,ACCT-000081,B0041,2029-04-29,255.89,2026-07-17T12:40:47+00:00
RMT-001428,ACCT-000115,B0041,2029-04-29,160.91,2026-07-17T12:40:47+00:00
RMT-001429,ACCT-000193,B0041,2029-04-29,813.62,2026-07-17T12:40:47+00:00
RMT-001430,ACCT-000029,B0041,2029-04-29,336.19,2026-07-17T12:40:47+00:00
RMT-001431,ACCT-000184,B0041,2029-04-29,702.48,2026-07-17T12:40:47+00:00
RMT-001432,ACCT-000217,B0041,2029-04-29,599.31,2026-07-17T12:40:47+00:00
RMT-001433,ACCT-000222,B0041,2029-04-29,397.06,2026-07-17T12:40:47+00:00
RMT-001434,ACCT-000219,B0041,2029-04-29,790.08,2026-07-17T12:40:47+00:00
RMT-001435,ACCT-000044,B0041,2029-04-29,843.96,2026-07-17T12:40:47+00:00
RMT-001436,ACCT-000140,B0041,2029-04-29,329.86,2026-07-17T12:40:47+00:00
RMT-001437,ACCT-000043,B0041,2029-04-29,695.76,2026-07-17T12:40:47+00:00
RMT-001438,ACCT-000234,B0041,2029-04-29,387.62,2026-07-17T12:40:47+00:00
RMT-001439,ACCT-000235,B0041,2029-04-29,248.69,2026-07-17T12:40:47+00:00
RMT-001440,ACCT-000236,B0041,2029-04-29,521.08,2026-07-17T12:40:47+00:00
RMT-001441,ACCT-000237,B0041,2029-04-29,491.61,2026-07-17T12:40:47+00:00
RMT-001442,ACCT-000109,B0042,2029-05-29,639.33,2026-07-17T14:26:20+00:00
RMT-001443,ACCT-000221,B0042,2029-05-29,108.02,2026-07-17T14:26:20+00:00
RMT-001444,ACCT-000178,B0042,2029-05-29,486.09,2026-07-17T14:26:20+00:00
RMT-001445,ACCT-000102,B0042,2029-05-29,910.35,2026-07-17T14:26:20+00:00
RMT-001446,ACCT-000179,B0042,2029-05-29,391.45,2026-07-17T14:26:20+00:00
RMT-001447,ACCT-000018,B0042,2029-05-29,115.03,2026-07-17T14:26:20+00:00
RMT-001448,ACCT-000097,B0042,2029-05-29,905.61,2026-07-17T14:26:20+00:00
RMT-001449,ACCT-000151,B0042,2029-05-29,462.89,2026-07-17T14:26:20+00:00
RMT-001450,ACCT-000106,B0042,2029-05-29,462.09,2026-07-17T14:26:20+00:00
RMT-001451,ACCT-000019,B0042,2029-05-29,350.51,2026-07-17T14:26:20+00:00
RMT-001452,ACCT-000211,B0042,2029-05-29,898.73,2026-07-17T14:26:20+00:00
RMT-001453,ACCT-000196,B0042,2029-05-29,438.9,2026-07-17T14:26:20+00:00
RMT-001454,ACCT-000153,B0042,2029-05-29,704.05,2026-07-17T14:26:20+00:00
RMT-001455,ACCT-000182,B0042,2029-05-29,177.52,2026-07-17T14:26:20+00:00
RMT-001456,ACCT-000104,B0042,2029-05-29,265.16,2026-07-17T14:26:20+00:00
RMT-001457,ACCT-000072,B0042,2029-05-29,373.77,2026-07-17T14:26:20+00:00
RMT-001458,ACCT-000176,B0042,2029-05-29,459.9,2026-07-17T14:26:20+00:00
RMT-001459,ACCT-000214,B0042,2029-05-29,340.23,2026-07-17T14:26:20+00:00
RMT-001460,ACCT-000126,B0042,2029-05-29,1039.67,2026-07-17T14:26:20+00:00
RMT-001461,ACCT-000183,B0042,2029-05-29,647.19,2026-07-17T14:26:20+00:00
RMT-001462,ACCT-000044,B0042,2029-05-29,858.37,2026-07-17T14:26:20+00:00
RMT-001463,ACCT-000147,B0042,2029-05-29,839.68,2026-07-17T14:26:20+00:00
RMT-001464,ACCT-000155,B0042,2029-05-29,337.57,2026-07-17T14:26:20+00:00
RMT-001465,ACCT-000133,B0042,2029-05-29,150.33,2026-07-17T14:26:20+00:00
RMT-001466,ACCT-000055,B0042,2029-05-29,439.13,2026-07-17T14:26:20+00:00
RMT-001467,ACCT-000169,B0042,2029-05-29,46.64,2026-07-17T14:26:20+00:00
RMT-001468,ACCT-000162,B0042,2029-05-29,1288.52,2026-07-17T14:26:20+00:00
RMT-001469,ACCT-000016,B0042,2029-05-29,592.01,2026-07-17T14:26:20+00:00
RMT-001470,ACCT-000231,B0042,2029-05-29,142.78,2026-07-17T14:26:20+00:00
RMT-001471,ACCT-000238,B0042,2029-05-29,168.73,2026-07-17T14:26:20+00:00
RMT-001472,ACCT-000239,B0042,2029-05-29,356.14,2026-07-17T14:26:20+00:00
RMT-001473,ACCT-000043,B0043,2029-06-28,820.67,2026-07-17T15:54:28+00:00
RMT-001474,ACCT-000049,B0043,2029-06-28,246.35,2026-07-17T15:54:28+00:00
RMT-001475,ACCT-000143,B0043,2029-06-28,683.38,2026-07-17T15:54:28+00:00
RMT-001476,ACCT-000070,B0043,2029-06-28,441.57,2026-07-17T15:54:28+00:00
RMT-001477,ACCT-000021,B0043,2029-06-28,365.98,2026-07-17T15:54:28+00:00
RMT-001478,ACCT-000140,B0043,2029-06-28,101.7,2026-07-17T15:54:28+00:00
RMT-001479,ACCT-000024,B0043,2029-06-28,719.89,2026-07-17T15:54:28+00:00
RMT-001480,ACCT-000214,B0043,2029-06-28,433.6,2026-07-17T15:54:28+00:00
RMT-001481,ACCT-000173,B0043,2029-06-28,223.63,2026-07-17T15:54:28+00:00
RMT-001482,ACCT-000033,B0043,2029-06-28,382.75,2026-07-17T15:54:28+00:00
RMT-001483,ACCT-000055,B0043,2029-06-28,315.07,2026-07-17T15:54:28+00:00
RMT-001484,ACCT-000039,B0043,2029-06-28,819.21,2026-07-17T15:54:28+00:00
RMT-001485,ACCT-000158,B0043,2029-06-28,968.47,2026-07-17T15:54:28+00:00
RMT-001486,ACCT-000080,B0043,2029-06-28,583.89,2026-07-17T15:54:28+00:00
RMT-001487,ACCT-000187,B0043,2029-06-28,820.18,2026-07-17T15:54:28+00:00
RMT-001488,ACCT-000130,B0043,2029-06-28,108.33,2026-07-17T15:54:28+00:00
RMT-001489,ACCT-000121,B0043,2029-06-28,451.03,2026-07-17T15:54:28+00:00
RMT-001490,ACCT-000152,B0043,2029-06-28,916.71,2026-07-17T15:54:28+00:00
RMT-001491,ACCT-000213,B0043,2029-06-28,376.72,2026-07-17T15:54:28+00:00
RMT-001492,ACCT-000169,B0043,2029-06-28,532.19,2026-07-17T15:54:28+00:00
RMT-001493,ACCT-000011,B0043,2029-06-28,478.65,2026-07-17T15:54:28+00:00
RMT-001494,ACCT-000094,B0043,2029-06-28,600.93,2026-07-17T15:54:28+00:00
RMT-001495,ACCT-000063,B0043,2029-06-28,491.77,2026-07-17T15:54:28+00:00
RMT-001496,ACCT-000082,B0043,2029-06-28,384.14,2026-07-17T15:54:28+00:00
RMT-001497,ACCT-000116,B0043,2029-06-28,847.89,2026-07-17T15:54:28+00:00
RMT-001498,ACCT-000150,B0043,2029-06-28,780.33,2026-07-17T15:54:28+00:00
RMT-001499,ACCT-000240,B0043,2029-06-28,617.01,2026-07-17T15:54:28+00:00
RMT-001500,ACCT-000241,B0043,2029-06-28,388.71,2026-07-17T15:54:28+00:00
RMT-001501,ACCT-000242,B0043,2029-06-28,1065.85,2026-07-17T15:54:28+00:00
RMT-001502,ACCT-000181,B0044,2029-07-28,991.96,2026-07-17T17:03:02+00:00
RMT-001503,ACCT-000109,B0044,2029-07-28,261.36,2026-07-17T17:03:02+00:00
RMT-001504,ACCT-000146,B0044,2029-07-28,758.09,2026-07-17T17:03:02+00:00
RMT-001505,ACCT-000111,B0044,2029-07-28,498.76,2026-07-17T17:03:02+00:00
RMT-001506,ACCT-000043,B0044,2029-07-28,49.8,2026-07-17T17:03:02+00:00
RMT-001507,ACCT-000121,B0044,2029-07-28,337.72,2026-07-17T17:03:02+00:00
RMT-001508,ACCT-000062,B0044,2029-07-28,474.4,2026-07-17T17:03:02+00:00
RMT-001509,ACCT-000219,B0044,2029-07-28,405.06,2026-07-17T17:03:02+00:00
RMT-001510,ACCT-000218,B0044,2029-07-28,166.34,2026-07-17T17:03:02+00:00
RMT-001511,ACCT-000042,B0044,2029-07-28,796.13,2026-07-17T17:03:02+00:00
RMT-001512,ACCT-000045,B0044,2029-07-28,1252.7,2026-07-17T17:03:02+00:00
RMT-001513,ACCT-000092,B0044,2029-07-28,318.28,2026-07-17T17:03:02+00:00
RMT-001514,ACCT-000141,B0044,2029-07-28,546.54,2026-07-17T17:03:02+00:00
RMT-001515,ACCT-000123,B0044,2029-07-28,771.66,2026-07-17T17:03:02+00:00
RMT-001516,ACCT-000056,B0044,2029-07-28,591.6,2026-07-17T17:03:02+00:00
RMT-001517,ACCT-000054,B0044,2029-07-28,64.46,2026-07-17T17:03:02+00:00
RMT-001518,ACCT-000145,B0044,2029-07-28,445.76,2026-07-17T17:03:02+00:00
RMT-001519,ACCT-000011,B0044,2029-07-28,379.47,2026-07-17T17:03:02+00:00
RMT-001520,ACCT-000207,B0044,2029-07-28,37.96,2026-07-17T17:03:02+00:00
RMT-001521,ACCT-000079,B0044,2029-07-28,845.58,2026-07-17T17:03:02+00:00
RMT-001522,ACCT-000030,B0044,2029-07-28,1022.87,2026-07-17T17:03:02+00:00
RMT-001523,ACCT-000003,B0044,2029-07-28,484.44,2026-07-17T17:03:02+00:00
RMT-001524,ACCT-000125,B0044,2029-07-28,488.42,2026-07-17T17:03:02+00:00
RMT-001525,ACCT-000021,B0044,2029-07-28,361.64,2026-07-17T17:03:02+00:00
RMT-001526,ACCT-000027,B0044,2029-07-28,139.9,2026-07-17T17:03:02+00:00
RMT-001527,ACCT-000029,B0044,2029-07-28,938.66,2026-07-17T17:03:02+00:00
RMT-001528,ACCT-000171,B0044,2029-07-28,757.66,2026-07-17T17:03:02+00:00
RMT-001529,ACCT-000186,B0044,2029-07-28,996.1,2026-07-17T17:03:02+00:00
RMT-001530,ACCT-000087,B0044,2029-07-28,147.37,2026-07-17T17:03:02+00:00
RMT-001531,ACCT-000233,B0044,2029-07-28,831.2,2026-07-17T17:03:02+00:00
RMT-001532,ACCT-000040,B0044,2029-07-28,478.25,2026-07-17T17:03:02+00:00
RMT-001533,ACCT-000139,B0044,2029-07-28,196.63,2026-07-17T17:03:02+00:00
RMT-001534,ACCT-000091,B0044,2029-07-28,423.93,2026-07-17T17:03:02+00:00
RMT-001535,ACCT-000175,B0044,2029-07-28,519.92,2026-07-17T17:03:02+00:00
RMT-001536,ACCT-000243,B0044,2029-07-28,402.74,2026-07-17T17:03:02+00:00
RMT-001537,ACCT-000244,B0044,2029-07-28,614.22,2026-07-17T17:03:02+00:00
RMT-001538,ACCT-000022,B0045,2029-08-27,436.2,2026-07-17T18:32:26+00:00
RMT-001539,ACCT-000184,B0045,2029-08-27,830.29,2026-07-17T18:32:26+00:00
RMT-001540,ACCT-000019,B0045,2029-08-27,428.24,2026-07-17T18:32:26+00:00
RMT-001541,ACCT-000166,B0045,2029-08-27,145.02,2026-07-17T18:32:26+00:00
RMT-001542,ACCT-000171,B0045,2029-08-27,534.93,2026-07-17T18:32:26+00:00
RMT-001543,ACCT-000164,B0045,2029-08-27,72.2,2026-07-17T18:32:26+00:00
RMT-001544,ACCT-000126,B0045,2029-08-27,896.99,2026-07-17T18:32:26+00:00
RMT-001545,ACCT-000125,B0045,2029-08-27,1052.86,2026-07-17T18:32:26+00:00
RMT-001546,ACCT-000154,B0045,2029-08-27,867.37,2026-07-17T18:32:26+00:00
RMT-001547,ACCT-000087,B0045,2029-08-27,547.46,2026-07-17T18:32:26+00:00
RMT-001548,ACCT-000237,B0045,2029-08-27,757.78,2026-07-17T18:32:26+00:00
RMT-001549,ACCT-000044,B0045,2029-08-27,614.68,2026-07-17T18:32:26+00:00
RMT-001550,ACCT-000111,B0045,2029-08-27,802.08,2026-07-17T18:32:26+00:00
RMT-001551,ACCT-000168,B0045,2029-08-27,105.03,2026-07-17T18:32:26+00:00
RMT-001552,ACCT-000007,B0045,2029-08-27,306.73,2026-07-17T18:32:26+00:00
RMT-001553,ACCT-000015,B0045,2029-08-27,325.53,2026-07-17T18:32:26+00:00
RMT-001554,ACCT-000181,B0045,2029-08-27,320.71,2026-07-17T18:32:26+00:00
RMT-001555,ACCT-000068,B0045,2029-08-27,546.67,2026-07-17T18:32:26+00:00
RMT-001556,ACCT-000114,B0045,2029-08-27,193.3,2026-07-17T18:32:26+00:00
RMT-001557,ACCT-000065,B0045,2029-08-27,128.37,2026-07-17T18:32:26+00:00
RMT-001558,ACCT-000133,B0045,2029-08-27,245.25,2026-07-17T18:32:26+00:00
RMT-001559,ACCT-000239,B0045,2029-08-27,257.22,2026-07-17T18:32:26+00:00
RMT-001560,ACCT-000063,B0045,2029-08-27,225.87,2026-07-17T18:32:26+00:00
RMT-001561,ACCT-000190,B0045,2029-08-27,202.71,2026-07-17T18:32:26+00:00
RMT-001562,ACCT-000081,B0045,2029-08-27,815.9,2026-07-17T18:32:26+00:00
RMT-001563,ACCT-000046,B0045,2029-08-27,77.86,2026-07-17T18:32:26+00:00
RMT-001564,ACCT-000244,B0045,2029-08-27,724.76,2026-07-17T18:32:26+00:00
RMT-001565,ACCT-000191,B0045,2029-08-27,476.5,2026-07-17T18:32:26+00:00
RMT-001566,ACCT-000092,B0045,2029-08-27,1321.24,2026-07-17T18:32:26+00:00
RMT-001567,ACCT-000245,B0045,2029-08-27,452.99,2026-07-17T18:32:26+00:00
RMT-001568,ACCT-000246,B0045,2029-08-27,151.07,2026-07-17T18:32:26+00:00
RMT-001569,ACCT-000247,B0045,2029-08-27,600.98,2026-07-17T18:32:26+00:00
RMT-001570,ACCT-000062,B0046,2029-09-26,743.72,2026-07-17T20:00:13+00:00
RMT-001571,ACCT-000007,B0046,2029-09-26,789.45,2026-07-17T20:00:13+00:00
RMT-001572,ACCT-000039,B0046,2029-09-26,287.85,2026-07-17T20:00:13+00:00
RMT-001573,ACCT-000094,B0046,2029-09-26,980.22,2026-07-17T20:00:13+00:00
RMT-001574,ACCT-000138,B0046,2029-09-26,297.81,2026-07-17T20:00:13+00:00
RMT-001575,ACCT-000204,B0046,2029-09-26,302.6,2026-07-17T20:00:13+00:00
RMT-001576,ACCT-000025,B0046,2029-09-26,487.41,2026-07-17T20:00:13+00:00
RMT-001577,ACCT-000155,B0046,2029-09-26,643.06,2026-07-17T20:00:13+00:00
RMT-001578,ACCT-000172,B0046,2029-09-26,865.41,2026-07-17T20:00:13+00:00
RMT-001579,ACCT-000179,B0046,2029-09-26,569.79,2026-07-17T20:00:13+00:00
RMT-001580,ACCT-000246,B0046,2029-09-26,267.37,2026-07-17T20:00:13+00:00
RMT-001581,ACCT-000140,B0046,2029-09-26,307.91,2026-07-17T20:00:13+00:00
RMT-001582,ACCT-000024,B0046,2029-09-26,481.67,2026-07-17T20:00:13+00:00
RMT-001583,ACCT-000227,B0046,2029-09-26,398.61,2026-07-17T20:00:13+00:00
RMT-001584,ACCT-000027,B0046,2029-09-26,542.06,2026-07-17T20:00:13+00:00
RMT-001585,ACCT-000063,B0046,2029-09-26,224.81,2026-07-17T20:00:13+00:00
RMT-001586,ACCT-000136,B0046,2029-09-26,464.08,2026-07-17T20:00:13+00:00
RMT-001587,ACCT-000074,B0046,2029-09-26,430.12,2026-07-17T20:00:13+00:00
RMT-001588,ACCT-000139,B0046,2029-09-26,328.12,2026-07-17T20:00:13+00:00
RMT-001589,ACCT-000162,B0046,2029-09-26,117.79,2026-07-17T20:00:13+00:00
RMT-001590,ACCT-000086,B0046,2029-09-26,960.7,2026-07-17T20:00:13+00:00
RMT-001591,ACCT-000052,B0046,2029-09-26,230.4,2026-07-17T20:00:13+00:00
RMT-001592,ACCT-000247,B0046,2029-09-26,561.49,2026-07-17T20:00:13+00:00
RMT-001593,ACCT-000096,B0046,2029-09-26,780.68,2026-07-17T20:00:13+00:00
RMT-001594,ACCT-000174,B0046,2029-09-26,185.44,2026-07-17T20:00:13+00:00
RMT-001595,ACCT-000192,B0046,2029-09-26,287.3,2026-07-17T20:00:13+00:00
RMT-001596,ACCT-000226,B0046,2029-09-26,709.59,2026-07-17T20:00:13+00:00
RMT-001597,ACCT-000072,B0046,2029-09-26,187.54,2026-07-17T20:00:13+00:00
RMT-001598,ACCT-000053,B0046,2029-09-26,348.32,2026-07-17T20:00:13+00:00
RMT-001599,ACCT-000188,B0046,2029-09-26,900.8,2026-07-17T20:00:13+00:00
RMT-001600,ACCT-000248,B0046,2029-09-26,324.28,2026-07-17T20:00:13+00:00
RMT-001601,ACCT-000249,B0046,2029-09-26,521.18,2026-07-17T20:00:13+00:00
RMT-001602,ACCT-000190,B0047,2029-10-26,373.39,2026-07-17T21:00:58+00:00
RMT-001603,ACCT-000172,B0047,2029-10-26,546.53,2026-07-17T21:00:58+00:00
RMT-001604,ACCT-000212,B0047,2029-10-26,293.52,2026-07-17T21:00:58+00:00
RMT-001605,ACCT-000123,B0047,2029-10-26,1108.66,2026-07-17T21:00:58+00:00
RMT-001606,ACCT-000221,B0047,2029-10-26,599.08,2026-07-17T21:00:58+00:00
RMT-001607,ACCT-000079,B0047,2029-10-26,362.61,2026-07-17T21:00:58+00:00
RMT-001608,ACCT-000245,B0047,2029-10-26,385.35,2026-07-17T21:00:58+00:00
RMT-001609,ACCT-000138,B0047,2029-10-26,854.05,2026-07-17T21:00:58+00:00
RMT-001610,ACCT-000164,B0047,2029-10-26,563.01,2026-07-17T21:00:58+00:00
RMT-001611,ACCT-000096,B0047,2029-10-26,401.26,2026-07-17T21:00:58+00:00
RMT-001612,ACCT-000117,B0047,2029-10-26,465.93,2026-07-17T21:00:58+00:00
RMT-001613,ACCT-000140,B0047,2029-10-26,970.08,2026-07-17T21:00:58+00:00
RMT-001614,ACCT-000234,B0047,2029-10-26,702.4,2026-07-17T21:00:58+00:00
RMT-001615,ACCT-000006,B0047,2029-10-26,453.96,2026-07-17T21:00:58+00:00
RMT-001616,ACCT-000247,B0047,2029-10-26,105.14,2026-07-17T21:00:58+00:00
RMT-001617,ACCT-000122,B0047,2029-10-26,401.03,2026-07-17T21:00:58+00:00
RMT-001618,ACCT-000003,B0047,2029-10-26,876.17,2026-07-17T21:00:58+00:00
RMT-001619,ACCT-000058,B0047,2029-10-26,769.89,2026-07-17T21:00:58+00:00
RMT-001620,ACCT-000120,B0047,2029-10-26,256.85,2026-07-17T21:00:58+00:00
RMT-001621,ACCT-000081,B0047,2029-10-26,339.57,2026-07-17T21:00:58+00:00
RMT-001622,ACCT-000139,B0047,2029-10-26,49.91,2026-07-17T21:00:58+00:00
RMT-001623,ACCT-000216,B0047,2029-10-26,653.63,2026-07-17T21:00:58+00:00
RMT-001624,ACCT-000119,B0047,2029-10-26,396.24,2026-07-17T21:00:58+00:00
RMT-001625,ACCT-000004,B0047,2029-10-26,553.17,2026-07-17T21:00:58+00:00
RMT-001626,ACCT-000191,B0047,2029-10-26,562.92,2026-07-17T21:00:58+00:00
RMT-001627,ACCT-000158,B0047,2029-10-26,326.66,2026-07-17T21:00:58+00:00
RMT-001628,ACCT-000052,B0047,2029-10-26,199.73,2026-07-17T21:00:58+00:00
RMT-001629,ACCT-000130,B0047,2029-10-26,369.7,2026-07-17T21:00:58+00:00
RMT-001630,ACCT-000061,B0047,2029-10-26,961.67,2026-07-17T21:00:58+00:00
RMT-001631,ACCT-000050,B0047,2029-10-26,495.33,2026-07-17T21:00:58+00:00
RMT-001632,ACCT-000088,B0047,2029-10-26,312.37,2026-07-17T21:00:58+00:00
RMT-001633,ACCT-000170,B0047,2029-10-26,652.34,2026-07-17T21:00:58+00:00
RMT-001634,ACCT-000109,B0047,2029-10-26,160.1,2026-07-17T21:00:58+00:00
RMT-001635,ACCT-000250,B0047,2029-10-26,324.77,2026-07-17T21:00:58+00:00
RMT-001636,ACCT-000251,B0047,2029-10-26,488.83,2026-07-17T21:00:58+00:00
RMT-001637,ACCT-000252,B0047,2029-10-26,532.1,2026-07-17T21:00:58+00:00
RMT-001638,ACCT-000043,B0048,2029-11-25,28.97,2026-07-17T22:11:44+00:00
RMT-001639,ACCT-000170,B0048,2029-11-25,733.57,2026-07-17T22:11:44+00:00
RMT-001640,ACCT-000187,B0048,2029-11-25,285.2,2026-07-17T22:11:44+00:00
RMT-001641,ACCT-000119,B0048,2029-11-25,498.61,2026-07-17T22:11:44+00:00
RMT-001642,ACCT-000103,B0048,2029-11-25,512.18,2026-07-17T22:11:44+00:00
RMT-001643,ACCT-000114,B0048,2029-11-25,301.17,2026-07-17T22:11:44+00:00
RMT-001644,ACCT-000003,B0048,2029-11-25,778.6,2026-07-17T22:11:44+00:00
RMT-001645,ACCT-000046,B0048,2029-11-25,999.78,2026-07-17T22:11:44+00:00
RMT-001646,ACCT-000035,B0048,2029-11-25,536.28,2026-07-17T22:11:44+00:00
RMT-001647,ACCT-000059,B0048,2029-11-25,133.78,2026-07-17T22:11:44+00:00
RMT-001648,ACCT-000129,B0048,2029-11-25,669.07,2026-07-17T22:11:44+00:00
RMT-001649,ACCT-000247,B0048,2029-11-25,749.5,2026-07-17T22:11:44+00:00
RMT-001650,ACCT-000026,B0048,2029-11-25,224.89,2026-07-17T22:11:44+00:00
RMT-001651,ACCT-000116,B0048,2029-11-25,337.54,2026-07-17T22:11:44+00:00
RMT-001652,ACCT-000198,B0048,2029-11-25,853.59,2026-07-17T22:11:44+00:00
RMT-001653,ACCT-000061,B0048,2029-11-25,439.95,2026-07-17T22:11:44+00:00
RMT-001654,ACCT-000052,B0048,2029-11-25,331.21,2026-07-17T22:11:44+00:00
RMT-001655,ACCT-000229,B0048,2029-11-25,1080.8,2026-07-17T22:11:44+00:00
RMT-001656,ACCT-000211,B0048,2029-11-25,786.58,2026-07-17T22:11:44+00:00
RMT-001657,ACCT-000117,B0048,2029-11-25,420.62,2026-07-17T22:11:44+00:00
RMT-001658,ACCT-000106,B0048,2029-11-25,427.33,2026-07-17T22:11:44+00:00
RMT-001659,ACCT-000160,B0048,2029-11-25,112.48,2026-07-17T22:11:44+00:00
RMT-001660,ACCT-000087,B0048,2029-11-25,568.24,2026-07-17T22:11:44+00:00
RMT-001661,ACCT-000110,B0048,2029-11-25,1101.73,2026-07-17T22:11:44+00:00
RMT-001662,ACCT-000239,B0048,2029-11-25,751.92,2026-07-17T22:11:44+00:00
RMT-001663,ACCT-000101,B0048,2029-11-25,167.31,2026-07-17T22:11:44+00:00
RMT-001664,ACCT-000029,B0048,2029-11-25,639.54,2026-07-17T22:11:44+00:00
RMT-001665,ACCT-000028,B0048,2029-11-25,520.81,2026-07-17T22:11:44+00:00
RMT-001666,ACCT-000065,B0048,2029-11-25,275.15,2026-07-17T22:11:44+00:00
RMT-001667,ACCT-000132,B0048,2029-11-25,988.61,2026-07-17T22:11:44+00:00
RMT-001668,ACCT-000098,B0048,2029-11-25,584.45,2026-07-17T22:11:44+00:00
RMT-001669,ACCT-000081,B0048,2029-11-25,369.85,2026-07-17T22:11:44+00:00
RMT-001670,ACCT-000140,B0048,2029-11-25,965.05,2026-07-17T22:11:44+00:00
RMT-001671,ACCT-000095,B0048,2029-11-25,1063.19,2026-07-17T22:11:44+00:00
RMT-001672,ACCT-000194,B0048,2029-11-25,698.97,2026-07-17T22:11:44+00:00
RMT-001673,ACCT-000253,B0048,2029-11-25,56.98,2026-07-17T22:11:44+00:00
RMT-001674,ACCT-000254,B0048,2029-11-25,237.13,2026-07-17T22:11:44+00:00
RMT-001675,ACCT-000255,B0048,2029-11-25,688.4,2026-07-17T22:11:44+00:00
RMT-001676,ACCT-000256,B0048,2029-11-25,521.73,2026-07-17T22:11:44+00:00
RMT-001677,ACCT-000130,B0049,2029-12-25,452.73,2026-07-17T23:14:29+00:00
RMT-001678,ACCT-000117,B0049,2029-12-25,369.17,2026-07-17T23:14:29+00:00
RMT-001679,ACCT-000059,B0049,2029-12-25,1026.6,2026-07-17T23:14:29+00:00
RMT-001680,ACCT-000197,B0049,2029-12-25,160.7,2026-07-17T23:14:29+00:00
RMT-001681,ACCT-000132,B0049,2029-12-25,469.3,2026-07-17T23:14:29+00:00
RMT-001682,ACCT-000145,B0049,2029-12-25,960.84,2026-07-17T23:14:29+00:00
RMT-001683,ACCT-000157,B0049,2029-12-25,731.8,2026-07-17T23:14:29+00:00
RMT-001684,ACCT-000137,B0049,2029-12-25,222.48,2026-07-17T23:14:29+00:00
RMT-001685,ACCT-000094,B0049,2029-12-25,69.13,2026-07-17T23:14:29+00:00
RMT-001686,ACCT-000235,B0049,2029-12-25,283.81,2026-07-17T23:14:29+00:00
RMT-001687,ACCT-000143,B0049,2029-12-25,836.01,2026-07-17T23:14:29+00:00
RMT-001688,ACCT-000021,B0049,2029-12-25,491.33,2026-07-17T23:14:29+00:00
RMT-001689,ACCT-000128,B0049,2029-12-25,151.98,2026-07-17T23:14:29+00:00
RMT-001690,ACCT-000005,B0049,2029-12-25,277.87,2026-07-17T23:14:29+00:00
RMT-001691,ACCT-000060,B0049,2029-12-25,12.83,2026-07-17T23:14:29+00:00
RMT-001692,ACCT-000011,B0049,2029-12-25,318.56,2026-07-17T23:14:29+00:00
RMT-001693,ACCT-000179,B0049,2029-12-25,828.46,2026-07-17T23:14:29+00:00
RMT-001694,ACCT-000002,B0049,2029-12-25,852.41,2026-07-17T23:14:29+00:00
RMT-001695,ACCT-000242,B0049,2029-12-25,496.8,2026-07-17T23:14:29+00:00
RMT-001696,ACCT-000135,B0049,2029-12-25,637.56,2026-07-17T23:14:29+00:00
RMT-001697,ACCT-000093,B0049,2029-12-25,1038.25,2026-07-17T23:14:29+00:00
RMT-001698,ACCT-000200,B0049,2029-12-25,613.33,2026-07-17T23:14:29+00:00
RMT-001699,ACCT-000188,B0049,2029-12-25,728.67,2026-07-17T23:14:29+00:00
RMT-001700,ACCT-000225,B0049,2029-12-25,250.33,2026-07-17T23:14:29+00:00
RMT-001701,ACCT-000140,B0049,2029-12-25,510.28,2026-07-17T23:14:29+00:00
RMT-001702,ACCT-000054,B0049,2029-12-25,843.59,2026-07-17T23:14:29+00:00
RMT-001703,ACCT-000257,B0049,2029-12-25,946.48,2026-07-17T23:14:29+00:00
RMT-001704,ACCT-000258,B0049,2029-12-25,622.97,2026-07-17T23:14:29+00:00
RMT-001705,ACCT-000259,B0049,2029-12-25,571.51,2026-07-17T23:14:29+00:00
RMT-001706,ACCT-000260,B0049,2029-12-25,671.58,2026-07-17T23:14:29+00:00
RMT-001707,ACCT-000110,B0050,2030-01-24,96.28,2026-07-18T00:52:21+00:00
RMT-001708,ACCT-000198,B0050,2030-01-24,383.96,2026-07-18T00:52:21+00:00
RMT-001709,ACCT-000156,B0050,2030-01-24,665.28,2026-07-18T00:52:21+00:00
RMT-001710,ACCT-000023,B0050,2030-01-24,105.59,2026-07-18T00:52:21+00:00
RMT-001711,ACCT-000185,B0050,2030-01-24,461.06,2026-07-18T00:52:21+00:00
RMT-001712,ACCT-000257,B0050,2030-01-24,534.86,2026-07-18T00:52:21+00:00
RMT-001713,ACCT-000210,B0050,2030-01-24,1051.79,2026-07-18T00:52:21+00:00
RMT-001714,ACCT-000171,B0050,2030-01-24,575.14,2026-07-18T00:52:21+00:00
RMT-001715,ACCT-000208,B0050,2030-01-24,1419.51,2026-07-18T00:52:21+00:00
RMT-001716,ACCT-000240,B0050,2030-01-24,685.66,2026-07-18T00:52:21+00:00
RMT-001717,ACCT-000229,B0050,2030-01-24,366.19,2026-07-18T00:52:21+00:00
RMT-001718,ACCT-000177,B0050,2030-01-24,105.11,2026-07-18T00:52:21+00:00
RMT-001719,ACCT-000016,B0050,2030-01-24,451.54,2026-07-18T00:52:21+00:00
RMT-001720,ACCT-000124,B0050,2030-01-24,503.81,2026-07-18T00:52:21+00:00
RMT-001721,ACCT-000161,B0050,2030-01-24,851.65,2026-07-18T00:52:21+00:00
RMT-001722,ACCT-000213,B0050,2030-01-24,768.76,2026-07-18T00:52:21+00:00
RMT-001723,ACCT-000010,B0050,2030-01-24,427.23,2026-07-18T00:52:21+00:00
RMT-001724,ACCT-000139,B0050,2030-01-24,169.16,2026-07-18T00:52:21+00:00
RMT-001725,ACCT-000223,B0050,2030-01-24,949.05,2026-07-18T00:52:21+00:00
RMT-001726,ACCT-000028,B0050,2030-01-24,550.04,2026-07-18T00:52:21+00:00
RMT-001727,ACCT-000034,B0050,2030-01-24,729.03,2026-07-18T00:52:21+00:00
RMT-001728,ACCT-000183,B0050,2030-01-24,1125.11,2026-07-18T00:52:21+00:00
RMT-001729,ACCT-000206,B0050,2030-01-24,817.6,2026-07-18T00:52:21+00:00
RMT-001730,ACCT-000205,B0050,2030-01-24,726.52,2026-07-18T00:52:21+00:00
RMT-001731,ACCT-000162,B0050,2030-01-24,868.43,2026-07-18T00:52:21+00:00
RMT-001732,ACCT-000261,B0050,2030-01-24,864.08,2026-07-18T00:52:21+00:00
RMT-001733,ACCT-000262,B0050,2030-01-24,854.78,2026-07-18T00:52:21+00:00
RMT-001734,ACCT-000263,B0050,2030-01-24,758.51,2026-07-18T00:52:21+00:00
RMT-001735,ACCT-000264,B0050,2030-01-24,434.12,2026-07-18T00:52:21+00:00
RMT-001736,ACCT-000083,B0051,2030-02-23,336.81,2026-07-18T03:49:24+00:00
RMT-001737,ACCT-000227,B0051,2030-02-23,548.5,2026-07-18T03:49:24+00:00
RMT-001738,ACCT-000043,B0051,2030-02-23,914.39,2026-07-18T03:49:24+00:00
RMT-001739,ACCT-000044,B0051,2030-02-23,741.65,2026-07-18T03:49:24+00:00
RMT-001740,ACCT-000011,B0051,2030-02-23,736.09,2026-07-18T03:49:24+00:00
RMT-001741,ACCT-000201,B0051,2030-02-23,1138.92,2026-07-18T03:49:24+00:00
RMT-001742,ACCT-000211,B0051,2030-02-23,681.99,2026-07-18T03:49:24+00:00
RMT-001743,ACCT-000038,B0051,2030-02-23,562.86,2026-07-18T03:49:24+00:00
RMT-001744,ACCT-000045,B0051,2030-02-23,643.49,2026-07-18T03:49:24+00:00
RMT-001745,ACCT-000165,B0051,2030-02-23,375.36,2026-07-18T03:49:24+00:00
RMT-001746,ACCT-000196,B0051,2030-02-23,773.97,2026-07-18T03:49:24+00:00
RMT-001747,ACCT-000124,B0051,2030-02-23,44.6,2026-07-18T03:49:24+00:00
RMT-001748,ACCT-000210,B0051,2030-02-23,406.88,2026-07-18T03:49:24+00:00
RMT-001749,ACCT-000106,B0051,2030-02-23,57.46,2026-07-18T03:49:24+00:00
RMT-001750,ACCT-000118,B0051,2030-02-23,171.7,2026-07-18T03:49:24+00:00
RMT-001751,ACCT-000012,B0051,2030-02-23,59.94,2026-07-18T03:49:24+00:00
RMT-001752,ACCT-000066,B0051,2030-02-23,477.28,2026-07-18T03:49:24+00:00
RMT-001753,ACCT-000163,B0051,2030-02-23,404.52,2026-07-18T03:49:24+00:00
RMT-001754,ACCT-000206,B0051,2030-02-23,655.68,2026-07-18T03:49:24+00:00
RMT-001755,ACCT-000120,B0051,2030-02-23,701.85,2026-07-18T03:49:24+00:00
RMT-001756,ACCT-000180,B0051,2030-02-23,458.14,2026-07-18T03:49:24+00:00
RMT-001757,ACCT-000160,B0051,2030-02-23,236.8,2026-07-18T03:49:24+00:00
RMT-001758,ACCT-000129,B0051,2030-02-23,182.61,2026-07-18T03:49:24+00:00
RMT-001759,ACCT-000021,B0051,2030-02-23,445.64,2026-07-18T03:49:24+00:00
RMT-001760,ACCT-000156,B0051,2030-02-23,1051.04,2026-07-18T03:49:24+00:00
RMT-001761,ACCT-000258,B0051,2030-02-23,388.05,2026-07-18T03:49:24+00:00
RMT-001762,ACCT-000265,B0051,2030-02-23,513.86,2026-07-18T03:49:24+00:00
RMT-001763,ACCT-000266,B0051,2030-02-23,853.82,2026-07-18T03:49:24+00:00
RMT-001764,ACCT-000267,B0051,2030-02-23,697.24,2026-07-18T03:49:24+00:00
RMT-001765,ACCT-000022,B0052,2030-03-25,85.58,2026-07-18T05:58:36+00:00
RMT-001766,ACCT-000047,B0052,2030-03-25,697.16,2026-07-18T05:58:36+00:00
RMT-001767,ACCT-000192,B0052,2030-03-25,289.43,2026-07-18T05:58:36+00:00
RMT-001768,ACCT-000136,B0052,2030-03-25,744.15,2026-07-18T05:58:36+00:00
RMT-001769,ACCT-000066,B0052,2030-03-25,257.88,2026-07-18T05:58:36+00:00
RMT-001770,ACCT-000175,B0052,2030-03-25,172.37,2026-07-18T05:58:36+00:00
RMT-001771,ACCT-000157,B0052,2030-03-25,433.51,2026-07-18T05:58:36+00:00
RMT-001772,ACCT-000025,B0052,2030-03-25,1282.63,2026-07-18T05:58:36+00:00
RMT-001773,ACCT-000103,B0052,2030-03-25,451.34,2026-07-18T05:58:36+00:00
RMT-001774,ACCT-000014,B0052,2030-03-25,457.33,2026-07-18T05:58:36+00:00
RMT-001775,ACCT-000190,B0052,2030-03-25,607.53,2026-07-18T05:58:36+00:00
RMT-001776,ACCT-000067,B0052,2030-03-25,878.9,2026-07-18T05:58:36+00:00
RMT-001777,ACCT-000096,B0052,2030-03-25,749.46,2026-07-18T05:58:36+00:00
RMT-001778,ACCT-000089,B0052,2030-03-25,511.33,2026-07-18T05:58:36+00:00
RMT-001779,ACCT-000253,B0052,2030-03-25,558.05,2026-07-18T05:58:36+00:00
RMT-001780,ACCT-000020,B0052,2030-03-25,482.48,2026-07-18T05:58:36+00:00
RMT-001781,ACCT-000127,B0052,2030-03-25,1027.0,2026-07-18T05:58:36+00:00
RMT-001782,ACCT-000092,B0052,2030-03-25,581.66,2026-07-18T05:58:36+00:00
RMT-001783,ACCT-000073,B0052,2030-03-25,988.95,2026-07-18T05:58:36+00:00
RMT-001784,ACCT-000239,B0052,2030-03-25,790.37,2026-07-18T05:58:36+00:00
RMT-001785,ACCT-000129,B0052,2030-03-25,433.06,2026-07-18T05:58:36+00:00
RMT-001786,ACCT-000182,B0052,2030-03-25,324.04,2026-07-18T05:58:36+00:00
RMT-001787,ACCT-000199,B0052,2030-03-25,747.14,2026-07-18T05:58:36+00:00
RMT-001788,ACCT-000024,B0052,2030-03-25,831.24,2026-07-18T05:58:36+00:00
RMT-001789,ACCT-000032,B0052,2030-03-25,539.17,2026-07-18T05:58:36+00:00
RMT-001790,ACCT-000031,B0052,2030-03-25,536.65,2026-07-18T05:58:36+00:00
RMT-001791,ACCT-000213,B0052,2030-03-25,40.38,2026-07-18T05:58:36+00:00
RMT-001792,ACCT-000030,B0052,2030-03-25,222.5,2026-07-18T05:58:36+00:00
RMT-001793,ACCT-000033,B0052,2030-03-25,254.93,2026-07-18T05:58:36+00:00
RMT-001794,ACCT-000040,B0052,2030-03-25,1259.84,2026-07-18T05:58:36+00:00
RMT-001795,ACCT-000054,B0052,2030-03-25,494.15,2026-07-18T05:58:36+00:00
RMT-001796,ACCT-000268,B0052,2030-03-25,639.99,2026-07-18T05:58:36+00:00
RMT-001797,ACCT-000269,B0052,2030-03-25,550.4,2026-07-18T05:58:36+00:00
RMT-001798,ACCT-000182,B0053,2030-04-24,474.99,2026-07-18T07:51:11+00:00
RMT-001799,ACCT-000102,B0053,2030-04-24,287.73,2026-07-18T07:51:11+00:00
RMT-001800,ACCT-000017,B0053,2030-04-24,804.36,2026-07-18T07:51:11+00:00
RMT-001801,ACCT-000239,B0053,2030-04-24,399.69,2026-07-18T07:51:11+00:00
RMT-001802,ACCT-000186,B0053,2030-04-24,646.84,2026-07-18T07:51:11+00:00
RMT-001803,ACCT-000207,B0053,2030-04-24,585.32,2026-07-18T07:51:11+00:00
RMT-001804,ACCT-000087,B0053,2030-04-24,746.47,2026-07-18T07:51:11+00:00
RMT-001805,ACCT-000119,B0053,2030-04-24,826.44,2026-07-18T07:51:11+00:00
RMT-001806,ACCT-000140,B0053,2030-04-24,453.32,2026-07-18T07:51:11+00:00
RMT-001807,ACCT-000181,B0053,2030-04-24,594.03,2026-07-18T07:51:11+00:00
RMT-001808,ACCT-000259,B0053,2030-04-24,646.65,2026-07-18T07:51:11+00:00
RMT-001809,ACCT-000162,B0053,2030-04-24,87.13,2026-07-18T07:51:11+00:00
RMT-001810,ACCT-000189,B0053,2030-04-24,523.44,2026-07-18T07:51:11+00:00
RMT-001811,ACCT-000163,B0053,2030-04-24,100.58,2026-07-18T07:51:11+00:00
RMT-001812,ACCT-000110,B0053,2030-04-24,149.17,2026-07-18T07:51:11+00:00
RMT-001813,ACCT-000156,B0053,2030-04-24,610.57,2026-07-18T07:51:11+00:00
RMT-001814,ACCT-000061,B0053,2030-04-24,730.76,2026-07-18T07:51:11+00:00
RMT-001815,ACCT-000065,B0053,2030-04-24,407.96,2026-07-18T07:51:11+00:00
RMT-001816,ACCT-000252,B0053,2030-04-24,630.76,2026-07-18T07:51:11+00:00
RMT-001817,ACCT-000266,B0053,2030-04-24,527.77,2026-07-18T07:51:11+00:00
RMT-001818,ACCT-000251,B0053,2030-04-24,483.32,2026-07-18T07:51:11+00:00
RMT-001819,ACCT-000262,B0053,2030-04-24,363.66,2026-07-18T07:51:11+00:00
RMT-001820,ACCT-000203,B0053,2030-04-24,360.98,2026-07-18T07:51:11+00:00
RMT-001821,ACCT-000260,B0053,2030-04-24,407.36,2026-07-18T07:51:11+00:00
RMT-001822,ACCT-000150,B0053,2030-04-24,208.98,2026-07-18T07:51:11+00:00
RMT-001823,ACCT-000082,B0053,2030-04-24,94.06,2026-07-18T07:51:11+00:00
RMT-001824,ACCT-000128,B0053,2030-04-24,269.21,2026-07-18T07:51:11+00:00
RMT-001825,ACCT-000183,B0053,2030-04-24,359.8,2026-07-18T07:51:11+00:00
RMT-001826,ACCT-000034,B0053,2030-04-24,966.09,2026-07-18T07:51:11+00:00
RMT-001827,ACCT-000026,B0053,2030-04-24,597.58,2026-07-18T07:51:11+00:00
RMT-001828,ACCT-000135,B0053,2030-04-24,125.7,2026-07-18T07:51:11+00:00
RMT-001829,ACCT-000168,B0053,2030-04-24,722.96,2026-07-18T07:51:11+00:00
RMT-001830,ACCT-000270,B0053,2030-04-24,142.99,2026-07-18T07:51:11+00:00
RMT-001831,ACCT-000271,B0053,2030-04-24,384.84,2026-07-18T07:51:11+00:00
RMT-001832,ACCT-000029,B0054,2030-05-24,489.48,2026-07-18T09:16:58+00:00
RMT-001833,ACCT-000054,B0054,2030-05-24,667.93,2026-07-18T09:16:58+00:00
RMT-001834,ACCT-000045,B0054,2030-05-24,736.53,2026-07-18T09:16:58+00:00
RMT-001835,ACCT-000252,B0054,2030-05-24,584.45,2026-07-18T09:16:58+00:00
RMT-001836,ACCT-000214,B0054,2030-05-24,123.63,2026-07-18T09:16:58+00:00
RMT-001837,ACCT-000011,B0054,2030-05-24,347.38,2026-07-18T09:16:58+00:00
RMT-001838,ACCT-000110,B0054,2030-05-24,563.62,2026-07-18T09:16:58+00:00
RMT-001839,ACCT-000122,B0054,2030-05-24,661.82,2026-07-18T09:16:58+00:00
RMT-001840,ACCT-000234,B0054,2030-05-24,577.34,2026-07-18T09:16:58+00:00
RMT-001841,ACCT-000048,B0054,2030-05-24,823.27,2026-07-18T09:16:58+00:00
RMT-001842,ACCT-000267,B0054,2030-05-24,95.16,2026-07-18T09:16:58+00:00
RMT-001843,ACCT-000007,B0054,2030-05-24,674.88,2026-07-18T09:16:58+00:00
RMT-001844,ACCT-000213,B0054,2030-05-24,895.97,2026-07-18T09:16:58+00:00
RMT-001845,ACCT-000087,B0054,2030-05-24,379.32,2026-07-18T09:16:58+00:00
RMT-001846,ACCT-000019,B0054,2030-05-24,689.72,2026-07-18T09:16:58+00:00
RMT-001847,ACCT-000165,B0054,2030-05-24,691.51,2026-07-18T09:16:58+00:00
RMT-001848,ACCT-000078,B0054,2030-05-24,523.19,2026-07-18T09:16:58+00:00
RMT-001849,ACCT-000056,B0054,2030-05-24,1176.37,2026-07-18T09:16:58+00:00
RMT-001850,ACCT-000186,B0054,2030-05-24,847.29,2026-07-18T09:16:58+00:00
RMT-001851,ACCT-000235,B0054,2030-05-24,644.94,2026-07-18T09:16:58+00:00
RMT-001852,ACCT-000017,B0054,2030-05-24,1122.51,2026-07-18T09:16:58+00:00
RMT-001853,ACCT-000255,B0054,2030-05-24,693.5,2026-07-18T09:16:58+00:00
RMT-001854,ACCT-000059,B0054,2030-05-24,591.92,2026-07-18T09:16:58+00:00
RMT-001855,ACCT-000053,B0054,2030-05-24,458.66,2026-07-18T09:16:58+00:00
RMT-001856,ACCT-000097,B0054,2030-05-24,636.29,2026-07-18T09:16:58+00:00
RMT-001857,ACCT-000174,B0054,2030-05-24,302.35,2026-07-18T09:16:58+00:00
RMT-001858,ACCT-000272,B0054,2030-05-24,520.79,2026-07-18T09:16:58+00:00
RMT-001859,ACCT-000273,B0054,2030-05-24,589.09,2026-07-18T09:16:58+00:00
RMT-001860,ACCT-000274,B0054,2030-05-24,-3.34,2026-07-18T09:16:58+00:00
RMT-001861,ACCT-000275,B0054,2030-05-24,275.31,2026-07-18T09:16:58+00:00
RMT-001862,ACCT-000006,B0055,2030-06-23,429.87,2026-07-18T10:45:26+00:00
RMT-001863,ACCT-000196,B0055,2030-06-23,95.07,2026-07-18T10:45:26+00:00
RMT-001864,ACCT-000180,B0055,2030-06-23,186.29,2026-07-18T10:45:26+00:00
RMT-001865,ACCT-000116,B0055,2030-06-23,90.51,2026-07-18T10:45:26+00:00
RMT-001866,ACCT-000039,B0055,2030-06-23,214.94,2026-07-18T10:45:26+00:00
RMT-001867,ACCT-000201,B0055,2030-06-23,48.3,2026-07-18T10:45:26+00:00
RMT-001868,ACCT-000228,B0055,2030-06-23,820.05,2026-07-18T10:45:26+00:00
RMT-001869,ACCT-000091,B0055,2030-06-23,367.52,2026-07-18T10:45:26+00:00
RMT-001870,ACCT-000096,B0055,2030-06-23,443.4,2026-07-18T10:45:26+00:00
RMT-001871,ACCT-000202,B0055,2030-06-23,140.94,2026-07-18T10:45:26+00:00
RMT-001872,ACCT-000247,B0055,2030-06-23,666.07,2026-07-18T10:45:26+00:00
RMT-001873,ACCT-000179,B0055,2030-06-23,114.08,2026-07-18T10:45:26+00:00
RMT-001874,ACCT-000073,B0055,2030-06-23,715.06,2026-07-18T10:45:26+00:00
RMT-001875,ACCT-000189,B0055,2030-06-23,622.12,2026-07-18T10:45:26+00:00
RMT-001876,ACCT-000128,B0055,2030-06-23,883.27,2026-07-18T10:45:26+00:00
RMT-001877,ACCT-000198,B0055,2030-06-23,196.25,2026-07-18T10:45:26+00:00
RMT-001878,ACCT-000129,B0055,2030-06-23,331.1,2026-07-18T10:45:26+00:00
RMT-001879,ACCT-000266,B0055,2030-06-23,304.18,2026-07-18T10:45:26+00:00
RMT-001880,ACCT-000134,B0055,2030-06-23,377.84,2026-07-18T10:45:26+00:00
RMT-001881,ACCT-000079,B0055,2030-06-23,318.45,2026-07-18T10:45:26+00:00
RMT-001882,ACCT-000178,B0055,2030-06-23,1039.73,2026-07-18T10:45:26+00:00
RMT-001883,ACCT-000124,B0055,2030-06-23,1143.74,2026-07-18T10:45:26+00:00
RMT-001884,ACCT-000095,B0055,2030-06-23,749.31,2026-07-18T10:45:26+00:00
RMT-001885,ACCT-000020,B0055,2030-06-23,699.88,2026-07-18T10:45:26+00:00
RMT-001886,ACCT-000140,B0055,2030-06-23,818.74,2026-07-18T10:45:26+00:00
RMT-001887,ACCT-000118,B0055,2030-06-23,230.22,2026-07-18T10:45:26+00:00
RMT-001888,ACCT-000157,B0055,2030-06-23,327.06,2026-07-18T10:45:26+00:00
RMT-001889,ACCT-000125,B0055,2030-06-23,53.38,2026-07-18T10:45:26+00:00
RMT-001890,ACCT-000276,B0055,2030-06-23,600.94,2026-07-18T10:45:26+00:00
RMT-001891,ACCT-000277,B0055,2030-06-23,791.71,2026-07-18T10:45:26+00:00
RMT-001892,ACCT-000278,B0055,2030-06-23,458.94,2026-07-18T10:45:26+00:00
RMT-001893,ACCT-000279,B0055,2030-06-23,757.62,2026-07-18T10:45:26+00:00
RMT-001894,ACCT-000032,B0056,2030-07-23,821.26,2026-07-18T11:46:33+00:00
RMT-001895,ACCT-000035,B0056,2030-07-23,229.0,2026-07-18T11:46:33+00:00
RMT-001896,ACCT-000200,B0056,2030-07-23,844.08,2026-07-18T11:46:33+00:00
RMT-001897,ACCT-000235,B0056,2030-07-23,201.71,2026-07-18T11:46:33+00:00
RMT-001898,ACCT-000107,B0056,2030-07-23,783.69,2026-07-18T11:46:33+00:00
RMT-001899,ACCT-000239,B0056,2030-07-23,559.77,2026-07-18T11:46:33+00:00
RMT-001900,ACCT-000268,B0056,2030-07-23,208.23,2026-07-18T11:46:33+00:00
RMT-001901,ACCT-000020,B0056,2030-07-23,457.71,2026-07-18T11:46:33+00:00
RMT-001902,ACCT-000012,B0056,2030-07-23,881.13,2026-07-18T11:46:33+00:00
RMT-001903,ACCT-000188,B0056,2030-07-23,119.38,2026-07-18T11:46:33+00:00
RMT-001904,ACCT-000264,B0056,2030-07-23,504.37,2026-07-18T11:46:33+00:00
RMT-001905,ACCT-000158,B0056,2030-07-23,997.09,2026-07-18T11:46:33+00:00
RMT-001906,ACCT-000143,B0056,2030-07-23,504.93,2026-07-18T11:46:33+00:00
RMT-001907,ACCT-000067,B0056,2030-07-23,500.41,2026-07-18T11:46:33+00:00
RMT-001908,ACCT-000192,B0056,2030-07-23,644.56,2026-07-18T11:46:33+00:00
RMT-001909,ACCT-000278,B0056,2030-07-23,411.62,2026-07-18T11:46:33+00:00
RMT-001910,ACCT-000273,B0056,2030-07-23,560.21,2026-07-18T11:46:33+00:00
RMT-001911,ACCT-000233,B0056,2030-07-23,388.68,2026-07-18T11:46:33+00:00
RMT-001912,ACCT-000086,B0056,2030-07-23,419.87,2026-07-18T11:46:33+00:00
RMT-001913,ACCT-000112,B0056,2030-07-23,975.96,2026-07-18T11:46:33+00:00
RMT-001914,ACCT-000089,B0056,2030-07-23,636.0,2026-07-18T11:46:33+00:00
RMT-001915,ACCT-000198,B0056,2030-07-23,933.58,2026-07-18T11:46:33+00:00
RMT-001916,ACCT-000174,B0056,2030-07-23,235.46,2026-07-18T11:46:33+00:00
RMT-001917,ACCT-000134,B0056,2030-07-23,809.08,2026-07-18T11:46:33+00:00
RMT-001918,ACCT-000108,B0056,2030-07-23,898.55,2026-07-18T11:46:33+00:00
RMT-001919,ACCT-000139,B0056,2030-07-23,613.24,2026-07-18T11:46:33+00:00
RMT-001920,ACCT-000280,B0056,2030-07-23,264.85,2026-07-18T11:46:33+00:00
RMT-001921,ACCT-000281,B0056,2030-07-23,352.21,2026-07-18T11:46:33+00:00
RMT-001922,ACCT-000227,B0057,2030-08-22,965.9,2026-07-18T12:56:10+00:00
RMT-001923,ACCT-000072,B0057,2030-08-22,183.77,2026-07-18T12:56:10+00:00
RMT-001924,ACCT-000209,B0057,2030-08-22,483.61,2026-07-18T12:56:10+00:00
RMT-001925,ACCT-000181,B0057,2030-08-22,663.84,2026-07-18T12:56:10+00:00
RMT-001926,ACCT-000207,B0057,2030-08-22,104.25,2026-07-18T12:56:10+00:00
RMT-001927,ACCT-000243,B0057,2030-08-22,342.36,2026-07-18T12:56:10+00:00
RMT-001928,ACCT-000056,B0057,2030-08-22,816.6,2026-07-18T12:56:10+00:00
RMT-001929,ACCT-000130,B0057,2030-08-22,557.04,2026-07-18T12:56:10+00:00
RMT-001930,ACCT-000240,B0057,2030-08-22,173.32,2026-07-18T12:56:10+00:00
RMT-001931,ACCT-000043,B0057,2030-08-22,374.78,2026-07-18T12:56:10+00:00
RMT-001932,ACCT-000229,B0057,2030-08-22,93.47,2026-07-18T12:56:10+00:00
RMT-001933,ACCT-000079,B0057,2030-08-22,361.25,2026-07-18T12:56:10+00:00
RMT-001934,ACCT-000198,B0057,2030-08-22,754.39,2026-07-18T12:56:10+00:00
RMT-001935,ACCT-000180,B0057,2030-08-22,235.06,2026-07-18T12:56:10+00:00
RMT-001936,ACCT-000174,B0057,2030-08-22,800.66,2026-07-18T12:56:10+00:00
RMT-001937,ACCT-000235,B0057,2030-08-22,511.16,2026-07-18T12:56:10+00:00
RMT-001938,ACCT-000236,B0057,2030-08-22,134.69,2026-07-18T12:56:10+00:00
RMT-001939,ACCT-000143,B0057,2030-08-22,1165.14,2026-07-18T12:56:10+00:00
RMT-001940,ACCT-000082,B0057,2030-08-22,412.55,2026-07-18T12:56:10+00:00
RMT-001941,ACCT-000103,B0057,2030-08-22,904.43,2026-07-18T12:56:10+00:00
RMT-001942,ACCT-000154,B0057,2030-08-22,353.39,2026-07-18T12:56:10+00:00
RMT-001943,ACCT-000120,B0057,2030-08-22,821.99,2026-07-18T12:56:10+00:00
RMT-001944,ACCT-000008,B0057,2030-08-22,192.86,2026-07-18T12:56:10+00:00
RMT-001945,ACCT-000064,B0057,2030-08-22,119.48,2026-07-18T12:56:10+00:00
RMT-001946,ACCT-000034,B0057,2030-08-22,651.56,2026-07-18T12:56:10+00:00
RMT-001947,ACCT-000014,B0057,2030-08-22,393.28,2026-07-18T12:56:10+00:00
RMT-001948,ACCT-000151,B0057,2030-08-22,232.33,2026-07-18T12:56:10+00:00
RMT-001949,ACCT-000188,B0057,2030-08-22,760.77,2026-07-18T12:56:10+00:00
RMT-001950,ACCT-000208,B0057,2030-08-22,937.82,2026-07-18T12:56:10+00:00
RMT-001951,ACCT-000282,B0057,2030-08-22,1016.78,2026-07-18T12:56:10+00:00
RMT-001952,ACCT-000283,B0057,2030-08-22,390.43,2026-07-18T12:56:10+00:00
RMT-001953,ACCT-000284,B0057,2030-08-22,361.87,2026-07-18T12:56:10+00:00
RMT-001954,ACCT-000285,B0057,2030-08-22,46.12,2026-07-18T12:56:10+00:00
RMT-001955,ACCT-000162,B0058,2030-09-21,491.91,2026-07-18T14:18:09+00:00
RMT-001956,ACCT-000274,B0058,2030-09-21,701.38,2026-07-18T14:18:09+00:00
RMT-001957,ACCT-000092,B0058,2030-09-21,220.76,2026-07-18T14:18:09+00:00
RMT-001958,ACCT-000045,B0058,2030-09-21,369.13,2026-07-18T14:18:09+00:00
RMT-001959,ACCT-000155,B0058,2030-09-21,216.81,2026-07-18T14:18:09+00:00
RMT-001960,ACCT-000132,B0058,2030-09-21,537.46,2026-07-18T14:18:09+00:00
RMT-001961,ACCT-000099,B0058,2030-09-21,137.1,2026-07-18T14:18:09+00:00
RMT-001962,ACCT-000080,B0058,2030-09-21,288.17,2026-07-18T14:18:09+00:00
RMT-001963,ACCT-000102,B0058,2030-09-21,246.69,2026-07-18T14:18:09+00:00
RMT-001964,ACCT-000119,B0058,2030-09-21,298.05,2026-07-18T14:18:09+00:00
RMT-001965,ACCT-000054,B0058,2030-09-21,758.48,2026-07-18T14:18:09+00:00
RMT-001966,ACCT-000063,B0058,2030-09-21,161.79,2026-07-18T14:18:09+00:00
RMT-001967,ACCT-000237,B0058,2030-09-21,1229.93,2026-07-18T14:18:09+00:00
RMT-001968,ACCT-000270,B0058,2030-09-21,312.11,2026-07-18T14:18:09+00:00
RMT-001969,ACCT-000231,B0058,2030-09-21,582.7,2026-07-18T14:18:09+00:00
RMT-001970,ACCT-000209,B0058,2030-09-21,780.93,2026-07-18T14:18:09+00:00
RMT-001971,ACCT-000205,B0058,2030-09-21,457.96,2026-07-18T14:18:09+00:00
RMT-001972,ACCT-000009,B0058,2030-09-21,338.95,2026-07-18T14:18:09+00:00
RMT-001973,ACCT-000184,B0058,2030-09-21,768.89,2026-07-18T14:18:09+00:00
RMT-001974,ACCT-000245,B0058,2030-09-21,394.07,2026-07-18T14:18:09+00:00
RMT-001975,ACCT-000136,B0058,2030-09-21,235.43,2026-07-18T14:18:09+00:00
RMT-001976,ACCT-000056,B0058,2030-09-21,531.48,2026-07-18T14:18:09+00:00
RMT-001977,ACCT-000157,B0058,2030-09-21,542.36,2026-07-18T14:18:09+00:00
RMT-001978,ACCT-000125,B0058,2030-09-21,538.18,2026-07-18T14:18:09+00:00
RMT-001979,ACCT-000032,B0058,2030-09-21,491.96,2026-07-18T14:18:09+00:00
RMT-001980,ACCT-000144,B0058,2030-09-21,365.67,2026-07-18T14:18:09+00:00
RMT-001981,ACCT-000172,B0058,2030-09-21,150.54,2026-07-18T14:18:09+00:00
RMT-001982,ACCT-000286,B0058,2030-09-21,1242.65,2026-07-18T14:18:09+00:00
RMT-001983,ACCT-000287,B0058,2030-09-21,561.61,2026-07-18T14:18:09+00:00
RMT-001984,ACCT-000193,B0059,2030-10-21,241.89,2026-07-18T15:28:14+00:00
RMT-001985,ACCT-000031,B0059,2030-10-21,531.21,2026-07-18T15:28:14+00:00
RMT-001986,ACCT-000116,B0059,2030-10-21,885.18,2026-07-18T15:28:14+00:00
RMT-001987,ACCT-000150,B0059,2030-10-21,792.38,2026-07-18T15:28:14+00:00
RMT-001988,ACCT-000085,B0059,2030-10-21,713.94,2026-07-18T15:28:14+00:00
RMT-001989,ACCT-000236,B0059,2030-10-21,43.18,2026-07-18T15:28:14+00:00
RMT-001990,ACCT-000081,B0059,2030-10-21,1133.2,2026-07-18T15:28:14+00:00
RMT-001991,ACCT-000026,B0059,2030-10-21,841.09,2026-07-18T15:28:14+00:00
RMT-001992,ACCT-000101,B0059,2030-10-21,832.47,2026-07-18T15:28:14+00:00
RMT-001993,ACCT-000005,B0059,2030-10-21,69.11,2026-07-18T15:28:14+00:00
RMT-001994,ACCT-000225,B0059,2030-10-21,607.39,2026-07-18T15:28:14+00:00
RMT-001995,ACCT-000167,B0059,2030-10-21,542.48,2026-07-18T15:28:14+00:00
RMT-001996,ACCT-000259,B0059,2030-10-21,574.66,2026-07-18T15:28:14+00:00
RMT-001997,ACCT-000247,B0059,2030-10-21,753.5,2026-07-18T15:28:14+00:00
RMT-001998,ACCT-000074,B0059,2030-10-21,370.78,2026-07-18T15:28:14+00:00
RMT-001999,ACCT-000268,B0059,2030-10-21,110.3,2026-07-18T15:28:14+00:00
RMT-002000,ACCT-000045,B0059,2030-10-21,491.82,2026-07-18T15:28:14+00:00
RMT-002001,ACCT-000278,B0059,2030-10-21,727.16,2026-07-18T15:28:14+00:00
RMT-002002,ACCT-000270,B0059,2030-10-21,9.7,2026-07-18T15:28:14+00:00
RMT-002003,ACCT-000229,B0059,2030-10-21,407.91,2026-07-18T15:28:14+00:00
RMT-002004,ACCT-000006,B0059,2030-10-21,336.73,2026-07-18T15:28:14+00:00
RMT-002005,ACCT-000114,B0059,2030-10-21,395.7,2026-07-18T15:28:14+00:00
RMT-002006,ACCT-000165,B0059,2030-10-21,817.19,2026-07-18T15:28:14+00:00
RMT-002007,ACCT-000244,B0059,2030-10-21,710.76,2026-07-18T15:28:14+00:00
RMT-002008,ACCT-000285,B0059,2030-10-21,1221.54,2026-07-18T15:28:14+00:00
RMT-002009,ACCT-000072,B0059,2030-10-21,124.43,2026-07-18T15:28:14+00:00
RMT-002010,ACCT-000002,B0059,2030-10-21,806.06,2026-07-18T15:28:14+00:00
RMT-002011,ACCT-000141,B0059,2030-10-21,525.3,2026-07-18T15:28:14+00:00
RMT-002012,ACCT-000024,B0059,2030-10-21,258.68,2026-07-18T15:28:14+00:00
RMT-002013,ACCT-000288,B0059,2030-10-21,609.76,2026-07-18T15:28:14+00:00
RMT-002014,ACCT-000289,B0059,2030-10-21,736.93,2026-07-18T15:28:14+00:00
RMT-002015,ACCT-000290,B0059,2030-10-21,634.54,2026-07-18T15:28:14+00:00
RMT-002016,ACCT-000291,B0059,2030-10-21,70.14,2026-07-18T15:28:14+00:00
RMT-002017,ACCT-000137,B0060,2030-11-20,70.41,2026-07-18T16:26:39+00:00
RMT-002018,ACCT-000184,B0060,2030-11-20,1153.75,2026-07-18T16:26:39+00:00
RMT-002019,ACCT-000236,B0060,2030-11-20,214.86,2026-07-18T16:26:39+00:00
RMT-002020,ACCT-000008,B0060,2030-11-20,736.4,2026-07-18T16:26:39+00:00
RMT-002021,ACCT-000025,B0060,2030-11-20,397.94,2026-07-18T16:26:39+00:00
RMT-002022,ACCT-000040,B0060,2030-11-20,1263.88,2026-07-18T16:26:39+00:00
RMT-002023,ACCT-000016,B0060,2030-11-20,1096.27,2026-07-18T16:26:39+00:00
RMT-002024,ACCT-000183,B0060,2030-11-20,397.45,2026-07-18T16:26:39+00:00
RMT-002025,ACCT-000004,B0060,2030-11-20,43.84,2026-07-18T16:26:39+00:00
RMT-002026,ACCT-000225,B0060,2030-11-20,336.2,2026-07-18T16:26:39+00:00
RMT-002027,ACCT-000277,B0060,2030-11-20,657.05,2026-07-18T16:26:39+00:00
RMT-002028,ACCT-000034,B0060,2030-11-20,237.42,2026-07-18T16:26:39+00:00
RMT-002029,ACCT-000142,B0060,2030-11-20,749.99,2026-07-18T16:26:39+00:00
RMT-002030,ACCT-000007,B0060,2030-11-20,863.44,2026-07-18T16:26:39+00:00
RMT-002031,ACCT-000056,B0060,2030-11-20,627.14,2026-07-18T16:26:39+00:00
RMT-002032,ACCT-000055,B0060,2030-11-20,714.4,2026-07-18T16:26:39+00:00
RMT-002033,ACCT-000077,B0060,2030-11-20,428.1,2026-07-18T16:26:39+00:00
RMT-002034,ACCT-000074,B0060,2030-11-20,-35.1,2026-07-18T16:26:39+00:00
RMT-002035,ACCT-000224,B0060,2030-11-20,576.31,2026-07-18T16:26:39+00:00
RMT-002036,ACCT-000228,B0060,2030-11-20,659.53,2026-07-18T16:26:39+00:00
RMT-002037,ACCT-000064,B0060,2030-11-20,983.86,2026-07-18T16:26:39+00:00
RMT-002038,ACCT-000109,B0060,2030-11-20,362.8,2026-07-18T16:26:39+00:00
RMT-002039,ACCT-000278,B0060,2030-11-20,994.51,2026-07-18T16:26:39+00:00
RMT-002040,ACCT-000037,B0060,2030-11-20,713.83,2026-07-18T16:26:39+00:00
RMT-002041,ACCT-000015,B0060,2030-11-20,14.35,2026-07-18T16:26:39+00:00
RMT-002042,ACCT-000018,B0060,2030-11-20,190.04,2026-07-18T16:26:39+00:00
RMT-002043,ACCT-000087,B0060,2030-11-20,246.53,2026-07-18T16:26:39+00:00
RMT-002044,ACCT-000258,B0060,2030-11-20,1058.1,2026-07-18T16:26:39+00:00
RMT-002045,ACCT-000171,B0060,2030-11-20,974.2,2026-07-18T16:26:39+00:00
RMT-002046,ACCT-000151,B0060,2030-11-20,619.89,2026-07-18T16:26:39+00:00
RMT-002047,ACCT-000242,B0060,2030-11-20,615.54,2026-07-18T16:26:39+00:00
RMT-002048,ACCT-000239,B0060,2030-11-20,35.46,2026-07-18T16:26:39+00:00
RMT-002049,ACCT-000125,B0060,2030-11-20,635.2,2026-07-18T16:26:39+00:00
RMT-002050,ACCT-000292,B0060,2030-11-20,560.63,2026-07-18T16:26:39+00:00
RMT-002051,ACCT-000293,B0060,2030-11-20,345.59,2026-07-18T16:26:39+00:00
RMT-002052,ACCT-000294,B0060,2030-11-20,652.61,2026-07-18T16:26:39+00:00
RMT-002053,ACCT-000295,B0060,2030-11-20,995.66,2026-07-18T16:26:39+00:00
RMT-002054,ACCT-000112,B0061,2030-12-20,1043.78,2026-07-18T17:29:59+00:00
RMT-002055,ACCT-000035,B0061,2030-12-20,231.84,2026-07-18T17:29:59+00:00
RMT-002056,ACCT-000003,B0061,2030-12-20,778.78,2026-07-18T17:29:59+00:00
RMT-002057,ACCT-000084,B0061,2030-12-20,157.2,2026-07-18T17:29:59+00:00
RMT-002058,ACCT-000214,B0061,2030-12-20,700.16,2026-07-18T17:29:59+00:00
RMT-002059,ACCT-000053,B0061,2030-12-20,193.51,2026-07-18T17:29:59+00:00
RMT-002060,ACCT-000049,B0061,2030-12-20,299.23,2026-07-18T17:29:59+00:00
RMT-002061,ACCT-000108,B0061,2030-12-20,421.56,2026-07-18T17:29:59+00:00
RMT-002062,ACCT-000031,B0061,2030-12-20,39.93,2026-07-18T17:29:59+00:00
RMT-002063,ACCT-000150,B0061,2030-12-20,433.43,2026-07-18T17:29:59+00:00
RMT-002064,ACCT-000116,B0061,2030-12-20,831.75,2026-07-18T17:29:59+00:00
RMT-002065,ACCT-000095,B0061,2030-12-20,86.38,2026-07-18T17:29:59+00:00
RMT-002066,ACCT-000078,B0061,2030-12-20,1236.68,2026-07-18T17:29:59+00:00
RMT-002067,ACCT-000222,B0061,2030-12-20,853.66,2026-07-18T17:29:59+00:00
RMT-002068,ACCT-000011,B0061,2030-12-20,104.19,2026-07-18T17:29:59+00:00
RMT-002069,ACCT-000161,B0061,2030-12-20,464.12,2026-07-18T17:29:59+00:00
RMT-002070,ACCT-000231,B0061,2030-12-20,705.73,2026-07-18T17:29:59+00:00
RMT-002071,ACCT-000186,B0061,2030-12-20,745.02,2026-07-18T17:29:59+00:00
RMT-002072,ACCT-000217,B0061,2030-12-20,1126.48,2026-07-18T17:29:59+00:00
RMT-002073,ACCT-000249,B0061,2030-12-20,359.71,2026-07-18T17:29:59+00:00
RMT-002074,ACCT-000059,B0061,2030-12-20,472.82,2026-07-18T17:29:59+00:00
RMT-002075,ACCT-000118,B0061,2030-12-20,395.78,2026-07-18T17:29:59+00:00
RMT-002076,ACCT-000138,B0061,2030-12-20,822.83,2026-07-18T17:29:59+00:00
RMT-002077,ACCT-000164,B0061,2030-12-20,998.41,2026-07-18T17:29:59+00:00
RMT-002078,ACCT-000005,B0061,2030-12-20,1106.54,2026-07-18T17:29:59+00:00
RMT-002079,ACCT-000122,B0061,2030-12-20,584.23,2026-07-18T17:29:59+00:00
RMT-002080,ACCT-000148,B0061,2030-12-20,746.66,2026-07-18T17:29:59+00:00
RMT-002081,ACCT-000009,B0061,2030-12-20,497.61,2026-07-18T17:29:59+00:00
RMT-002082,ACCT-000283,B0061,2030-12-20,584.61,2026-07-18T17:29:59+00:00
RMT-002083,ACCT-000296,B0061,2030-12-20,573.46,2026-07-18T17:29:59+00:00
RMT-002084,ACCT-000297,B0061,2030-12-20,622.16,2026-07-18T17:29:59+00:00
RMT-002085,ACCT-000298,B0061,2030-12-20,343.59,2026-07-18T17:29:59+00:00
RMT-002086,ACCT-000185,B0062,2031-01-19,877.88,2026-07-18T18:28:11+00:00
RMT-002087,ACCT-000198,B0062,2031-01-19,1100.53,2026-07-18T18:28:11+00:00
RMT-002088,ACCT-000001,B0062,2031-01-19,267.11,2026-07-18T18:28:11+00:00
RMT-002089,ACCT-000256,B0062,2031-01-19,482.22,2026-07-18T18:28:11+00:00
RMT-002090,ACCT-000190,B0062,2031-01-19,822.87,2026-07-18T18:28:11+00:00
RMT-002091,ACCT-000196,B0062,2031-01-19,291.66,2026-07-18T18:28:11+00:00
RMT-002092,ACCT-000211,B0062,2031-01-19,350.14,2026-07-18T18:28:11+00:00
RMT-002093,ACCT-000049,B0062,2031-01-19,1352.98,2026-07-18T18:28:11+00:00
RMT-002094,ACCT-000174,B0062,2031-01-19,649.53,2026-07-18T18:28:11+00:00
RMT-002095,ACCT-000144,B0062,2031-01-19,63.25,2026-07-18T18:28:11+00:00
RMT-002096,ACCT-000003,B0062,2031-01-19,99.41,2026-07-18T18:28:11+00:00
RMT-002097,ACCT-000038,B0062,2031-01-19,298.92,2026-07-18T18:28:11+00:00
RMT-002098,ACCT-000175,B0062,2031-01-19,382.92,2026-07-18T18:28:11+00:00
RMT-002099,ACCT-000218,B0062,2031-01-19,873.31,2026-07-18T18:28:11+00:00
RMT-002100,ACCT-000076,B0062,2031-01-19,312.72,2026-07-18T18:28:11+00:00
RMT-002101,ACCT-000171,B0062,2031-01-19,529.44,2026-07-18T18:28:11+00:00
RMT-002102,ACCT-000035,B0062,2031-01-19,1064.47,2026-07-18T18:28:11+00:00
RMT-002103,ACCT-000291,B0062,2031-01-19,272.94,2026-07-18T18:28:11+00:00
RMT-002104,ACCT-000188,B0062,2031-01-19,462.1,2026-07-18T18:28:11+00:00
RMT-002105,ACCT-000205,B0062,2031-01-19,390.14,2026-07-18T18:28:11+00:00
RMT-002106,ACCT-000294,B0062,2031-01-19,329.99,2026-07-18T18:28:11+00:00
RMT-002107,ACCT-000018,B0062,2031-01-19,406.52,2026-07-18T18:28:11+00:00
RMT-002108,ACCT-000238,B0062,2031-01-19,107.77,2026-07-18T18:28:11+00:00
RMT-002109,ACCT-000118,B0062,2031-01-19,508.7,2026-07-18T18:28:11+00:00
RMT-002110,ACCT-000272,B0062,2031-01-19,36.58,2026-07-18T18:28:11+00:00
RMT-002111,ACCT-000289,B0062,2031-01-19,767.92,2026-07-18T18:28:11+00:00
RMT-002112,ACCT-000121,B0062,2031-01-19,326.31,2026-07-18T18:28:11+00:00
RMT-002113,ACCT-000163,B0062,2031-01-19,798.9,2026-07-18T18:28:11+00:00
RMT-002114,ACCT-000239,B0062,2031-01-19,972.93,2026-07-18T18:28:11+00:00
RMT-002115,ACCT-000146,B0062,2031-01-19,494.98,2026-07-18T18:28:11+00:00
RMT-002116,ACCT-000170,B0062,2031-01-19,292.48,2026-07-18T18:28:11+00:00
RMT-002117,ACCT-000299,B0062,2031-01-19,548.22,2026-07-18T18:28:11+00:00
RMT-002118,ACCT-000300,B0062,2031-01-19,739.28,2026-07-18T18:28:11+00:00
RMT-002119,ACCT-000301,B0062,2031-01-19,365.36,2026-07-18T18:28:11+00:00
RMT-002120,ACCT-000154,B0063,2031-02-18,317.11,2026-07-18T19:41:46+00:00
RMT-002121,ACCT-000076,B0063,2031-02-18,434.34,2026-07-18T19:41:46+00:00
RMT-002122,ACCT-000070,B0063,2031-02-18,738.86,2026-07-18T19:41:46+00:00
RMT-002123,ACCT-000164,B0063,2031-02-18,572.49,2026-07-18T19:41:46+00:00
RMT-002124,ACCT-000147,B0063,2031-02-18,268.66,2026-07-18T19:41:46+00:00
RMT-002125,ACCT-000197,B0063,2031-02-18,923.86,2026-07-18T19:41:46+00:00
RMT-002126,ACCT-000260,B0063,2031-02-18,126.21,2026-07-18T19:41:46+00:00
RMT-002127,ACCT-000006,B0063,2031-02-18,219.63,2026-07-18T19:41:46+00:00
RMT-002128,ACCT-000085,B0063,2031-02-18,944.55,2026-07-18T19:41:46+00:00
RMT-002129,ACCT-000248,B0063,2031-02-18,490.73,2026-07-18T19:41:46+00:00
RMT-002130,ACCT-000297,B0063,2031-02-18,75.09,2026-07-18T19:41:46+00:00
RMT-002131,ACCT-000099,B0063,2031-02-18,425.95,2026-07-18T19:41:46+00:00
RMT-002132,ACCT-000250,B0063,2031-02-18,113.28,2026-07-18T19:41:46+00:00
RMT-002133,ACCT-000237,B0063,2031-02-18,597.85,2026-07-18T19:41:46+00:00
RMT-002134,ACCT-000152,B0063,2031-02-18,703.9,2026-07-18T19:41:46+00:00
RMT-002135,ACCT-000004,B0063,2031-02-18,301.61,2026-07-18T19:41:46+00:00
RMT-002136,ACCT-000239,B0063,2031-02-18,1080.5,2026-07-18T19:41:46+00:00
RMT-002137,ACCT-000236,B0063,2031-02-18,431.86,2026-07-18T19:41:46+00:00
RMT-002138,ACCT-000113,B0063,2031-02-18,516.45,2026-07-18T19:41:46+00:00
RMT-002139,ACCT-000074,B0063,2031-02-18,190.17,2026-07-18T19:41:46+00:00
RMT-002140,ACCT-000101,B0063,2031-02-18,585.09,2026-07-18T19:41:46+00:00
RMT-002141,ACCT-000026,B0063,2031-02-18,406.14,2026-07-18T19:41:46+00:00
RMT-002142,ACCT-000168,B0063,2031-02-18,236.19,2026-07-18T19:41:46+00:00
RMT-002143,ACCT-000276,B0063,2031-02-18,671.91,2026-07-18T19:41:46+00:00
RMT-002144,ACCT-000119,B0063,2031-02-18,399.45,2026-07-18T19:41:46+00:00
RMT-002145,ACCT-000241,B0063,2031-02-18,158.59,2026-07-18T19:41:46+00:00
RMT-002146,ACCT-000175,B0063,2031-02-18,145.62,2026-07-18T19:41:46+00:00
RMT-002147,ACCT-000095,B0063,2031-02-18,342.81,2026-07-18T19:41:46+00:00
RMT-002148,ACCT-000284,B0063,2031-02-18,801.91,2026-07-18T19:41:46+00:00
RMT-002149,ACCT-000092,B0063,2031-02-18,547.75,2026-07-18T19:41:46+00:00
RMT-002150,ACCT-000047,B0063,2031-02-18,639.44,2026-07-18T19:41:46+00:00
RMT-002151,ACCT-000233,B0063,2031-02-18,575.02,2026-07-18T19:41:46+00:00
RMT-002152,ACCT-000016,B0063,2031-02-18,325.17,2026-07-18T19:41:46+00:00
RMT-002153,ACCT-000126,B0063,2031-02-18,919.98,2026-07-18T19:41:46+00:00
RMT-002154,ACCT-000302,B0063,2031-02-18,388.88,2026-07-18T19:41:46+00:00
RMT-002155,ACCT-000303,B0063,2031-02-18,196.28,2026-07-18T19:41:46+00:00
RMT-002156,ACCT-000304,B0063,2031-02-18,410.84,2026-07-18T19:41:46+00:00
RMT-002157,ACCT-000119,B0064,2031-03-20,215.25,2026-07-18T20:38:57+00:00
RMT-002158,ACCT-000053,B0064,2031-03-20,674.02,2026-07-18T20:38:57+00:00
RMT-002159,ACCT-000026,B0064,2031-03-20,3.33,2026-07-18T20:38:57+00:00
RMT-002160,ACCT-000165,B0064,2031-03-20,666.63,2026-07-18T20:38:57+00:00
RMT-002161,ACCT-000083,B0064,2031-03-20,949.24,2026-07-18T20:38:57+00:00
RMT-002162,ACCT-000278,B0064,2031-03-20,200.47,2026-07-18T20:38:57+00:00
RMT-002163,ACCT-000161,B0064,2031-03-20,534.16,2026-07-18T20:38:57+00:00
RMT-002164,ACCT-000244,B0064,2031-03-20,290.32,2026-07-18T20:38:57+00:00
RMT-002165,ACCT-000173,B0064,2031-03-20,532.42,2026-07-18T20:38:57+00:00
RMT-002166,ACCT-000214,B0064,2031-03-20,513.0,2026-07-18T20:38:57+00:00
RMT-002167,ACCT-000060,B0064,2031-03-20,241.93,2026-07-18T20:38:57+00:00
RMT-002168,ACCT-000023,B0064,2031-03-20,216.44,2026-07-18T20:38:57+00:00
RMT-002169,ACCT-000113,B0064,2031-03-20,310.15,2026-07-18T20:38:57+00:00
RMT-002170,ACCT-000176,B0064,2031-03-20,346.07,2026-07-18T20:38:57+00:00
RMT-002171,ACCT-000186,B0064,2031-03-20,516.93,2026-07-18T20:38:57+00:00
RMT-002172,ACCT-000275,B0064,2031-03-20,807.49,2026-07-18T20:38:57+00:00
RMT-002173,ACCT-000055,B0064,2031-03-20,413.6,2026-07-18T20:38:57+00:00
RMT-002174,ACCT-000162,B0064,2031-03-20,260.55,2026-07-18T20:38:57+00:00
RMT-002175,ACCT-000177,B0064,2031-03-20,349.5,2026-07-18T20:38:57+00:00
RMT-002176,ACCT-000142,B0064,2031-03-20,106.45,2026-07-18T20:38:57+00:00
RMT-002177,ACCT-000078,B0064,2031-03-20,1049.13,2026-07-18T20:38:57+00:00
RMT-002178,ACCT-000017,B0064,2031-03-20,250.39,2026-07-18T20:38:57+00:00
RMT-002179,ACCT-000074,B0064,2031-03-20,753.74,2026-07-18T20:38:57+00:00
RMT-002180,ACCT-000248,B0064,2031-03-20,1185.57,2026-07-18T20:38:57+00:00
RMT-002181,ACCT-000293,B0064,2031-03-20,429.19,2026-07-18T20:38:57+00:00
RMT-002182,ACCT-000305,B0064,2031-03-20,890.42,2026-07-18T20:38:57+00:00
RMT-002183,ACCT-000306,B0064,2031-03-20,556.52,2026-07-18T20:38:57+00:00
RMT-002184,ACCT-000307,B0064,2031-03-20,181.52,2026-07-18T20:38:57+00:00
RMT-002185,ACCT-000139,B0065,2031-04-19,392.91,2026-07-18T21:42:31+00:00
RMT-002186,ACCT-000057,B0065,2031-04-19,382.75,2026-07-18T21:42:31+00:00
RMT-002187,ACCT-000046,B0065,2031-04-19,777.98,2026-07-18T21:42:31+00:00
RMT-002188,ACCT-000144,B0065,2031-04-19,346.49,2026-07-18T21:42:31+00:00
RMT-002189,ACCT-000050,B0065,2031-04-19,830.39,2026-07-18T21:42:31+00:00
RMT-002190,ACCT-000235,B0065,2031-04-19,223.32,2026-07-18T21:42:31+00:00
RMT-002191,ACCT-000177,B0065,2031-04-19,243.63,2026-07-18T21:42:31+00:00
RMT-002192,ACCT-000110,B0065,2031-04-19,990.97,2026-07-18T21:42:31+00:00
RMT-002193,ACCT-000211,B0065,2031-04-19,249.17,2026-07-18T21:42:31+00:00
RMT-002194,ACCT-000238,B0065,2031-04-19,727.34,2026-07-18T21:42:31+00:00
RMT-002195,ACCT-000102,B0065,2031-04-19,318.08,2026-07-18T21:42:31+00:00
RMT-002196,ACCT-000216,B0065,2031-04-19,687.79,2026-07-18T21:42:31+00:00
RMT-002197,ACCT-000137,B0065,2031-04-19,1125.9,2026-07-18T21:42:31+00:00
RMT-002198,ACCT-000252,B0065,2031-04-19,414.87,2026-07-18T21:42:31+00:00
RMT-002199,ACCT-000243,B0065,2031-04-19,386.09,2026-07-18T21:42:31+00:00
RMT-002200,ACCT-000191,B0065,2031-04-19,932.72,2026-07-18T21:42:31+00:00
RMT-002201,ACCT-000135,B0065,2031-04-19,263.96,2026-07-18T21:42:31+00:00
RMT-002202,ACCT-000288,B0065,2031-04-19,372.0,2026-07-18T21:42:31+00:00
RMT-002203,ACCT-000245,B0065,2031-04-19,488.38,2026-07-18T21:42:31+00:00
RMT-002204,ACCT-000085,B0065,2031-04-19,267.34,2026-07-18T21:42:31+00:00
RMT-002205,ACCT-000249,B0065,2031-04-19,727.21,2026-07-18T21:42:31+00:00
RMT-002206,ACCT-000158,B0065,2031-04-19,416.56,2026-07-18T21:42:31+00:00
RMT-002207,ACCT-000306,B0065,2031-04-19,307.71,2026-07-18T21:42:31+00:00
RMT-002208,ACCT-000182,B0065,2031-04-19,582.41,2026-07-18T21:42:31+00:00
RMT-002209,ACCT-000239,B0065,2031-04-19,757.58,2026-07-18T21:42:31+00:00
RMT-002210,ACCT-000269,B0065,2031-04-19,329.29,2026-07-18T21:42:31+00:00
RMT-002211,ACCT-000108,B0065,2031-04-19,679.67,2026-07-18T21:42:31+00:00
RMT-002212,ACCT-000293,B0065,2031-04-19,127.87,2026-07-18T21:42:31+00:00
RMT-002213,ACCT-000122,B0065,2031-04-19,165.28,2026-07-18T21:42:31+00:00
RMT-002214,ACCT-000308,B0065,2031-04-19,551.44,2026-07-18T21:42:31+00:00
RMT-002215,ACCT-000309,B0065,2031-04-19,262.63,2026-07-18T21:42:31+00:00
RMT-002216,ACCT-000310,B0065,2031-04-19,602.01,2026-07-18T21:42:31+00:00
RMT-002217,ACCT-000296,B0066,2031-05-19,210.54,2026-07-18T22:42:02+00:00
RMT-002218,ACCT-000233,B0066,2031-05-19,349.04,2026-07-18T22:42:02+00:00
RMT-002219,ACCT-000208,B0066,2031-05-19,136.07,2026-07-18T22:42:02+00:00
RMT-002220,ACCT-000130,B0066,2031-05-19,128.89,2026-07-18T22:42:02+00:00
RMT-002221,ACCT-000005,B0066,2031-05-19,1035.09,2026-07-18T22:42:02+00:00
RMT-002222,ACCT-000027,B0066,2031-05-19,310.56,2026-07-18T22:42:02+00:00
RMT-002223,ACCT-000106,B0066,2031-05-19,811.49,2026-07-18T22:42:02+00:00
RMT-002224,ACCT-000237,B0066,2031-05-19,512.72,2026-07-18T22:42:02+00:00
RMT-002225,ACCT-000075,B0066,2031-05-19,980.98,2026-07-18T22:42:02+00:00
RMT-002226,ACCT-000272,B0066,2031-05-19,563.21,2026-07-18T22:42:02+00:00
RMT-002227,ACCT-000285,B0066,2031-05-19,594.81,2026-07-18T22:42:02+00:00
RMT-002228,ACCT-000138,B0066,2031-05-19,358.25,2026-07-18T22:42:02+00:00
RMT-002229,ACCT-000104,B0066,2031-05-19,338.7,2026-07-18T22:42:02+00:00
RMT-002230,ACCT-000067,B0066,2031-05-19,926.21,2026-07-18T22:42:02+00:00
RMT-002231,ACCT-000161,B0066,2031-05-19,567.36,2026-07-18T22:42:02+00:00
RMT-002232,ACCT-000132,B0066,2031-05-19,509.42,2026-07-18T22:42:02+00:00
RMT-002233,ACCT-000107,B0066,2031-05-19,1027.18,2026-07-18T22:42:02+00:00
RMT-002234,ACCT-000271,B0066,2031-05-19,860.34,2026-07-18T22:42:02+00:00
RMT-002235,ACCT-000060,B0066,2031-05-19,935.4,2026-07-18T22:42:02+00:00
RMT-002236,ACCT-000117,B0066,2031-05-19,842.49,2026-07-18T22:42:02+00:00
RMT-002237,ACCT-000074,B0066,2031-05-19,752.85,2026-07-18T22:42:02+00:00
RMT-002238,ACCT-000025,B0066,2031-05-19,398.81,2026-07-18T22:42:02+00:00
RMT-002239,ACCT-000076,B0066,2031-05-19,657.17,2026-07-18T22:42:02+00:00
RMT-002240,ACCT-000082,B0066,2031-05-19,848.37,2026-07-18T22:42:02+00:00
RMT-002241,ACCT-000134,B0066,2031-05-19,508.23,2026-07-18T22:42:02+00:00
RMT-002242,ACCT-000151,B0066,2031-05-19,213.79,2026-07-18T22:42:02+00:00
RMT-002243,ACCT-000214,B0066,2031-05-19,1181.94,2026-07-18T22:42:02+00:00
RMT-002244,ACCT-000165,B0066,2031-05-19,286.2,2026-07-18T22:42:02+00:00
RMT-002245,ACCT-000311,B0066,2031-05-19,761.23,2026-07-18T22:42:02+00:00
RMT-002246,ACCT-000312,B0066,2031-05-19,510.34,2026-07-18T22:42:02+00:00
RMT-002247,ACCT-000283,B0067,2031-06-18,743.9,2026-07-18T23:44:12+00:00
RMT-002248,ACCT-000159,B0067,2031-06-18,839.97,2026-07-18T23:44:12+00:00
RMT-002249,ACCT-000260,B0067,2031-06-18,262.62,2026-07-18T23:44:12+00:00
RMT-002250,ACCT-000043,B0067,2031-06-18,399.01,2026-07-18T23:44:12+00:00
RMT-002251,ACCT-000294,B0067,2031-06-18,1343.15,2026-07-18T23:44:12+00:00
RMT-002252,ACCT-000199,B0067,2031-06-18,347.38,2026-07-18T23:44:12+00:00
RMT-002253,ACCT-000302,B0067,2031-06-18,1015.17,2026-07-18T23:44:12+00:00
RMT-002254,ACCT-000091,B0067,2031-06-18,519.59,2026-07-18T23:44:12+00:00
RMT-002255,ACCT-000071,B0067,2031-06-18,770.23,2026-07-18T23:44:12+00:00
RMT-002256,ACCT-000045,B0067,2031-06-18,475.17,2026-07-18T23:44:12+00:00
RMT-002257,ACCT-000272,B0067,2031-06-18,320.23,2026-07-18T23:44:12+00:00
RMT-002258,ACCT-000089,B0067,2031-06-18,47.88,2026-07-18T23:44:12+00:00
RMT-002259,ACCT-000129,B0067,2031-06-18,755.03,2026-07-18T23:44:12+00:00
RMT-002260,ACCT-000150,B0067,2031-06-18,139.79,2026-07-18T23:44:12+00:00
RMT-002261,ACCT-000066,B0067,2031-06-18,642.45,2026-07-18T23:44:12+00:00
RMT-002262,ACCT-000284,B0067,2031-06-18,602.61,2026-07-18T23:44:12+00:00
RMT-002263,ACCT-000237,B0067,2031-06-18,428.55,2026-07-18T23:44:12+00:00
RMT-002264,ACCT-000093,B0067,2031-06-18,483.24,2026-07-18T23:44:12+00:00
RMT-002265,ACCT-000140,B0067,2031-06-18,94.76,2026-07-18T23:44:12+00:00
RMT-002266,ACCT-000012,B0067,2031-06-18,817.5,2026-07-18T23:44:12+00:00
RMT-002267,ACCT-000265,B0067,2031-06-18,471.09,2026-07-18T23:44:12+00:00
RMT-002268,ACCT-000042,B0067,2031-06-18,669.48,2026-07-18T23:44:12+00:00
RMT-002269,ACCT-000076,B0067,2031-06-18,549.93,2026-07-18T23:44:12+00:00
RMT-002270,ACCT-000095,B0067,2031-06-18,358.22,2026-07-18T23:44:12+00:00
RMT-002271,ACCT-000161,B0067,2031-06-18,777.33,2026-07-18T23:44:12+00:00
RMT-002272,ACCT-000198,B0067,2031-06-18,649.2,2026-07-18T23:44:12+00:00
RMT-002273,ACCT-000087,B0067,2031-06-18,552.62,2026-07-18T23:44:12+00:00
RMT-002274,ACCT-000296,B0067,2031-06-18,315.86,2026-07-18T23:44:12+00:00
RMT-002275,ACCT-000241,B0067,2031-06-18,910.45,2026-07-18T23:44:12+00:00
RMT-002276,ACCT-000078,B0067,2031-06-18,1013.6,2026-07-18T23:44:12+00:00
RMT-002277,ACCT-000303,B0067,2031-06-18,80.09,2026-07-18T23:44:12+00:00
RMT-002278,ACCT-000254,B0067,2031-06-18,385.47,2026-07-18T23:44:12+00:00
RMT-002279,ACCT-000109,B0067,2031-06-18,112.11,2026-07-18T23:44:12+00:00
RMT-002280,ACCT-000105,B0067,2031-06-18,139.1,2026-07-18T23:44:12+00:00
RMT-002281,ACCT-000313,B0067,2031-06-18,-31.43,2026-07-18T23:44:12+00:00
RMT-002282,ACCT-000314,B0067,2031-06-18,95.35,2026-07-18T23:44:12+00:00
RMT-002283,ACCT-000117,B0068,2031-07-18,938.57,2026-07-19T01:53:56+00:00
RMT-002284,ACCT-000126,B0068,2031-07-18,126.61,2026-07-19T01:53:56+00:00
RMT-002285,ACCT-000313,B0068,2031-07-18,773.53,2026-07-19T01:53:56+00:00
RMT-002286,ACCT-000182,B0068,2031-07-18,487.72,2026-07-19T01:53:56+00:00
RMT-002287,ACCT-000059,B0068,2031-07-18,328.01,2026-07-19T01:53:56+00:00
RMT-002288,ACCT-000094,B0068,2031-07-18,485.13,2026-07-19T01:53:56+00:00
RMT-002289,ACCT-000104,B0068,2031-07-18,1012.15,2026-07-19T01:53:56+00:00
RMT-002290,ACCT-000234,B0068,2031-07-18,382.01,2026-07-19T01:53:56+00:00
RMT-002291,ACCT-000062,B0068,2031-07-18,801.32,2026-07-19T01:53:56+00:00
RMT-002292,ACCT-000073,B0068,2031-07-18,341.19,2026-07-19T01:53:56+00:00
RMT-002293,ACCT-000210,B0068,2031-07-18,527.41,2026-07-19T01:53:56+00:00
RMT-002294,ACCT-000288,B0068,2031-07-18,190.36,2026-07-19T01:53:56+00:00
RMT-002295,ACCT-000174,B0068,2031-07-18,558.15,2026-07-19T01:53:56+00:00
RMT-002296,ACCT-000091,B0068,2031-07-18,270.62,2026-07-19T01:53:56+00:00
RMT-002297,ACCT-000287,B0068,2031-07-18,767.34,2026-07-19T01:53:56+00:00
RMT-002298,ACCT-000097,B0068,2031-07-18,673.02,2026-07-19T01:53:56+00:00
RMT-002299,ACCT-000153,B0068,2031-07-18,587.68,2026-07-19T01:53:56+00:00
RMT-002300,ACCT-000237,B0068,2031-07-18,199.5,2026-07-19T01:53:56+00:00
RMT-002301,ACCT-000216,B0068,2031-07-18,402.19,2026-07-19T01:53:56+00:00
RMT-002302,ACCT-000244,B0068,2031-07-18,581.19,2026-07-19T01:53:56+00:00
RMT-002303,ACCT-000310,B0068,2031-07-18,593.43,2026-07-19T01:53:56+00:00
RMT-002304,ACCT-000179,B0068,2031-07-18,222.98,2026-07-19T01:53:56+00:00
RMT-002305,ACCT-000003,B0068,2031-07-18,553.82,2026-07-19T01:53:56+00:00
RMT-002306,ACCT-000240,B0068,2031-07-18,840.5,2026-07-19T01:53:56+00:00
RMT-002307,ACCT-000208,B0068,2031-07-18,237.79,2026-07-19T01:53:56+00:00
RMT-002308,ACCT-000290,B0068,2031-07-18,154.87,2026-07-19T01:53:56+00:00
RMT-002309,ACCT-000149,B0068,2031-07-18,1158.29,2026-07-19T01:53:56+00:00
RMT-002310,ACCT-000312,B0068,2031-07-18,315.06,2026-07-19T01:53:56+00:00
RMT-002311,ACCT-000017,B0068,2031-07-18,253.39,2026-07-19T01:53:56+00:00
RMT-002312,ACCT-000187,B0068,2031-07-18,527.45,2026-07-19T01:53:56+00:00
RMT-002313,ACCT-000232,B0068,2031-07-18,173.05,2026-07-19T01:53:56+00:00
RMT-002314,ACCT-000188,B0068,2031-07-18,639.41,2026-07-19T01:53:56+00:00
RMT-002315,ACCT-000095,B0068,2031-07-18,739.63,2026-07-19T01:53:56+00:00
RMT-002316,ACCT-000168,B0068,2031-07-18,1028.99,2026-07-19T01:53:56+00:00
RMT-002317,ACCT-000315,B0068,2031-07-18,329.8,2026-07-19T01:53:56+00:00
RMT-002318,ACCT-000316,B0068,2031-07-18,590.05,2026-07-19T01:53:56+00:00
RMT-002319,ACCT-000317,B0068,2031-07-18,751.19,2026-07-19T01:53:56+00:00
RMT-002320,ACCT-000318,B0068,2031-07-18,139.44,2026-07-19T01:53:56+00:00
RMT-002321,ACCT-000155,B0069,2031-08-17,417.45,2026-07-19T05:15:16+00:00
RMT-002322,ACCT-000048,B0069,2031-08-17,369.08,2026-07-19T05:15:16+00:00
RMT-002323,ACCT-000101,B0069,2031-08-17,150.63,2026-07-19T05:15:16+00:00
RMT-002324,ACCT-000161,B0069,2031-08-17,97.77,2026-07-19T05:15:16+00:00
RMT-002325,ACCT-000087,B0069,2031-08-17,379.96,2026-07-19T05:15:16+00:00
RMT-002326,ACCT-000240,B0069,2031-08-17,575.17,2026-07-19T05:15:16+00:00
RMT-002327,ACCT-000300,B0069,2031-08-17,355.87,2026-07-19T05:15:16+00:00
RMT-002328,ACCT-000254,B0069,2031-08-17,471.51,2026-07-19T05:15:16+00:00
RMT-002329,ACCT-000027,B0069,2031-08-17,784.97,2026-07-19T05:15:16+00:00
RMT-002330,ACCT-000011,B0069,2031-08-17,614.14,2026-07-19T05:15:16+00:00
RMT-002331,ACCT-000251,B0069,2031-08-17,443.17,2026-07-19T05:15:16+00:00
RMT-002332,ACCT-000194,B0069,2031-08-17,905.71,2026-07-19T05:15:16+00:00
RMT-002333,ACCT-000228,B0069,2031-08-17,273.24,2026-07-19T05:15:16+00:00
RMT-002334,ACCT-000168,B0069,2031-08-17,32.9,2026-07-19T05:15:16+00:00
RMT-002335,ACCT-000204,B0069,2031-08-17,245.02,2026-07-19T05:15:16+00:00
RMT-002336,ACCT-000293,B0069,2031-08-17,344.72,2026-07-19T05:15:16+00:00
RMT-002337,ACCT-000140,B0069,2031-08-17,545.54,2026-07-19T05:15:16+00:00
RMT-002338,ACCT-000072,B0069,2031-08-17,388.04,2026-07-19T05:15:16+00:00
RMT-002339,ACCT-000089,B0069,2031-08-17,1202.74,2026-07-19T05:15:16+00:00
RMT-002340,ACCT-000009,B0069,2031-08-17,1123.53,2026-07-19T05:15:16+00:00
RMT-002341,ACCT-000273,B0069,2031-08-17,71.57,2026-07-19T05:15:16+00:00
RMT-002342,ACCT-000176,B0069,2031-08-17,622.15,2026-07-19T05:15:16+00:00
RMT-002343,ACCT-000029,B0069,2031-08-17,177.19,2026-07-19T05:15:16+00:00
RMT-002344,ACCT-000150,B0069,2031-08-17,533.52,2026-07-19T05:15:16+00:00
RMT-002345,ACCT-000302,B0069,2031-08-17,828.08,2026-07-19T05:15:16+00:00
RMT-002346,ACCT-000180,B0069,2031-08-17,25.66,2026-07-19T05:15:16+00:00
RMT-002347,ACCT-000319,B0069,2031-08-17,689.39,2026-07-19T05:15:16+00:00
RMT-002348,ACCT-000320,B0069,2031-08-17,735.86,2026-07-19T05:15:16+00:00
RMT-002349,ACCT-000321,B0069,2031-08-17,457.66,2026-07-19T05:15:16+00:00
RMT-002350,ACCT-000322,B0069,2031-08-17,613.48,2026-07-19T05:15:16+00:00
RMT-002351,ACCT-000270,B0070,2031-09-16,94.82,2026-07-19T07:38:37+00:00
RMT-002352,ACCT-000141,B0070,2031-09-16,674.24,2026-07-19T07:38:37+00:00
RMT-002353,ACCT-000074,B0070,2031-09-16,86.08,2026-07-19T07:38:37+00:00
RMT-002354,ACCT-000125,B0070,2031-09-16,605.33,2026-07-19T07:38:37+00:00
RMT-002355,ACCT-000088,B0070,2031-09-16,220.12,2026-07-19T07:38:37+00:00
RMT-002356,ACCT-000129,B0070,2031-09-16,377.26,2026-07-19T07:38:37+00:00
RMT-002357,ACCT-000245,B0070,2031-09-16,750.94,2026-07-19T07:38:37+00:00
RMT-002358,ACCT-000312,B0070,2031-09-16,632.42,2026-07-19T07:38:37+00:00
RMT-002359,ACCT-000289,B0070,2031-09-16,836.71,2026-07-19T07:38:37+00:00
RMT-002360,ACCT-000247,B0070,2031-09-16,489.3,2026-07-19T07:38:37+00:00
RMT-002361,ACCT-000032,B0070,2031-09-16,256.97,2026-07-19T07:38:37+00:00
RMT-002362,ACCT-000003,B0070,2031-09-16,210.4,2026-07-19T07:38:37+00:00
RMT-002363,ACCT-000092,B0070,2031-09-16,1087.55,2026-07-19T07:38:37+00:00
RMT-002364,ACCT-000192,B0070,2031-09-16,268.16,2026-07-19T07:38:37+00:00
RMT-002365,ACCT-000220,B0070,2031-09-16,228.32,2026-07-19T07:38:37+00:00
RMT-002366,ACCT-000184,B0070,2031-09-16,419.61,2026-07-19T07:38:37+00:00
RMT-002367,ACCT-000126,B0070,2031-09-16,170.6,2026-07-19T07:38:37+00:00
RMT-002368,ACCT-000098,B0070,2031-09-16,399.52,2026-07-19T07:38:37+00:00
RMT-002369,ACCT-000272,B0070,2031-09-16,750.84,2026-07-19T07:38:37+00:00
RMT-002370,ACCT-000051,B0070,2031-09-16,137.86,2026-07-19T07:38:37+00:00
RMT-002371,ACCT-000046,B0070,2031-09-16,504.39,2026-07-19T07:38:37+00:00
RMT-002372,ACCT-000201,B0070,2031-09-16,275.35,2026-07-19T07:38:37+00:00
RMT-002373,ACCT-000309,B0070,2031-09-16,701.56,2026-07-19T07:38:37+00:00
RMT-002374,ACCT-000024,B0070,2031-09-16,160.9,2026-07-19T07:38:37+00:00
RMT-002375,ACCT-000018,B0070,2031-09-16,667.93,2026-07-19T07:38:37+00:00
RMT-002376,ACCT-000254,B0070,2031-09-16,540.95,2026-07-19T07:38:37+00:00
RMT-002377,ACCT-000293,B0070,2031-09-16,771.94,2026-07-19T07:38:37+00:00
RMT-002378,ACCT-000022,B0070,2031-09-16,742.51,2026-07-19T07:38:37+00:00
RMT-002379,ACCT-000299,B0070,2031-09-16,418.27,2026-07-19T07:38:37+00:00
RMT-002380,ACCT-000228,B0070,2031-09-16,240.6,2026-07-19T07:38:37+00:00
RMT-002381,ACCT-000232,B0070,2031-09-16,326.03,2026-07-19T07:38:37+00:00
RMT-002382,ACCT-000038,B0070,2031-09-16,471.79,2026-07-19T07:38:37+00:00
RMT-002383,ACCT-000323,B0070,2031-09-16,450.11,2026-07-19T07:38:37+00:00
RMT-002384,ACCT-000324,B0070,2031-09-16,987.32,2026-07-19T07:38:37+00:00
RMT-002385,ACCT-000325,B0070,2031-09-16,60.69,2026-07-19T07:38:37+00:00
RMT-002386,ACCT-000326,B0070,2031-09-16,323.14,2026-07-19T07:38:37+00:00
RMT-002387,ACCT-000282,B0071,2031-10-16,31.58,2026-07-19T09:46:09+00:00
RMT-002388,ACCT-000113,B0071,2031-10-16,787.17,2026-07-19T09:46:09+00:00
RMT-002389,ACCT-000180,B0071,2031-10-16,157.29,2026-07-19T09:46:09+00:00
RMT-002390,ACCT-000131,B0071,2031-10-16,296.14,2026-07-19T09:46:09+00:00
RMT-002391,ACCT-000097,B0071,2031-10-16,824.6,2026-07-19T09:46:09+00:00
RMT-002392,ACCT-000015,B0071,2031-10-16,211.31,2026-07-19T09:46:09+00:00
RMT-002393,ACCT-000158,B0071,2031-10-16,1338.76,2026-07-19T09:46:09+00:00
RMT-002394,ACCT-000104,B0071,2031-10-16,289.85,2026-07-19T09:46:09+00:00
RMT-002395,ACCT-000067,B0071,2031-10-16,1038.57,2026-07-19T09:46:09+00:00
RMT-002396,ACCT-000183,B0071,2031-10-16,378.55,2026-07-19T09:46:09+00:00
RMT-002397,ACCT-000071,B0071,2031-10-16,365.53,2026-07-19T09:46:09+00:00
RMT-002398,ACCT-000012,B0071,2031-10-16,267.39,2026-07-19T09:46:09+00:00
RMT-002399,ACCT-000322,B0071,2031-10-16,160.27,2026-07-19T09:46:09+00:00
RMT-002400,ACCT-000300,B0071,2031-10-16,546.47,2026-07-19T09:46:09+00:00
RMT-002401,ACCT-000292,B0071,2031-10-16,156.82,2026-07-19T09:46:09+00:00
RMT-002402,ACCT-000226,B0071,2031-10-16,488.52,2026-07-19T09:46:09+00:00
RMT-002403,ACCT-000171,B0071,2031-10-16,605.97,2026-07-19T09:46:09+00:00
RMT-002404,ACCT-000206,B0071,2031-10-16,669.81,2026-07-19T09:46:09+00:00
RMT-002405,ACCT-000018,B0071,2031-10-16,240.9,2026-07-19T09:46:09+00:00
RMT-002406,ACCT-000258,B0071,2031-10-16,176.21,2026-07-19T09:46:09+00:00
RMT-002407,ACCT-000192,B0071,2031-10-16,255.69,2026-07-19T09:46:09+00:00
RMT-002408,ACCT-000056,B0071,2031-10-16,664.24,2026-07-19T09:46:09+00:00
RMT-002409,ACCT-000271,B0071,2031-10-16,1140.26,2026-07-19T09:46:09+00:00
RMT-002410,ACCT-000058,B0071,2031-10-16,476.85,2026-07-19T09:46:09+00:00
RMT-002411,ACCT-000041,B0071,2031-10-16,211.21,2026-07-19T09:46:09+00:00
RMT-002412,ACCT-000277,B0071,2031-10-16,816.64,2026-07-19T09:46:09+00:00
RMT-002413,ACCT-000214,B0071,2031-10-16,366.95,2026-07-19T09:46:09+00:00
RMT-002414,ACCT-000327,B0071,2031-10-16,245.53,2026-07-19T09:46:09+00:00
RMT-002415,ACCT-000328,B0071,2031-10-16,80.97,2026-07-19T09:46:09+00:00
RMT-002416,ACCT-000329,B0071,2031-10-16,1062.92,2026-07-19T09:46:09+00:00
RMT-002417,ACCT-000086,B0072,2031-11-15,677.38,2026-07-19T11:05:49+00:00
RMT-002418,ACCT-000022,B0072,2031-11-15,583.51,2026-07-19T11:05:49+00:00
RMT-002419,ACCT-000279,B0072,2031-11-15,490.94,2026-07-19T11:05:49+00:00
RMT-002420,ACCT-000046,B0072,2031-11-15,275.72,2026-07-19T11:05:49+00:00
RMT-002421,ACCT-000304,B0072,2031-11-15,658.33,2026-07-19T11:05:49+00:00
RMT-002422,ACCT-000130,B0072,2031-11-15,226.54,2026-07-19T11:05:49+00:00
RMT-002423,ACCT-000157,B0072,2031-11-15,905.33,2026-07-19T11:05:49+00:00
RMT-002424,ACCT-000256,B0072,2031-11-15,945.74,2026-07-19T11:05:49+00:00
RMT-002425,ACCT-000105,B0072,2031-11-15,607.39,2026-07-19T11:05:49+00:00
RMT-002426,ACCT-000149,B0072,2031-11-15,772.06,2026-07-19T11:05:49+00:00
RMT-002427,ACCT-000062,B0072,2031-11-15,575.05,2026-07-19T11:05:49+00:00
RMT-002428,ACCT-000002,B0072,2031-11-15,577.86,2026-07-19T11:05:49+00:00
RMT-002429,ACCT-000052,B0072,2031-11-15,721.06,2026-07-19T11:05:49+00:00
RMT-002430,ACCT-000126,B0072,2031-11-15,715.0,2026-07-19T11:05:49+00:00
RMT-002431,ACCT-000084,B0072,2031-11-15,614.34,2026-07-19T11:05:49+00:00
RMT-002432,ACCT-000050,B0072,2031-11-15,995.16,2026-07-19T11:05:49+00:00
RMT-002433,ACCT-000178,B0072,2031-11-15,512.03,2026-07-19T11:05:49+00:00
RMT-002434,ACCT-000005,B0072,2031-11-15,546.78,2026-07-19T11:05:49+00:00
RMT-002435,ACCT-000148,B0072,2031-11-15,24.83,2026-07-19T11:05:49+00:00
RMT-002436,ACCT-000018,B0072,2031-11-15,492.94,2026-07-19T11:05:49+00:00
RMT-002437,ACCT-000227,B0072,2031-11-15,798.43,2026-07-19T11:05:49+00:00
RMT-002438,ACCT-000287,B0072,2031-11-15,276.19,2026-07-19T11:05:49+00:00
RMT-002439,ACCT-000144,B0072,2031-11-15,297.08,2026-07-19T11:05:49+00:00
RMT-002440,ACCT-000238,B0072,2031-11-15,476.33,2026-07-19T11:05:49+00:00
RMT-002441,ACCT-000316,B0072,2031-11-15,632.15,2026-07-19T11:05:49+00:00
RMT-002442,ACCT-000030,B0072,2031-11-15,264.86,2026-07-19T11:05:49+00:00
RMT-002443,ACCT-000330,B0072,2031-11-15,183.56,2026-07-19T11:05:49+00:00
RMT-002444,ACCT-000331,B0072,2031-11-15,539.02,2026-07-19T11:05:49+00:00
RMT-002445,ACCT-000332,B0072,2031-11-15,387.65,2026-07-19T11:05:49+00:00
RMT-002446,ACCT-000328,B0073,2031-12-15,108.1,2026-07-19T12:12:06+00:00
RMT-002447,ACCT-000123,B0073,2031-12-15,509.76,2026-07-19T12:12:06+00:00
RMT-002448,ACCT-000145,B0073,2031-12-15,320.4,2026-07-19T12:12:06+00:00
RMT-002449,ACCT-000011,B0073,2031-12-15,717.69,2026-07-19T12:12:06+00:00
RMT-002450,ACCT-000108,B0073,2031-12-15,835.88,2026-07-19T12:12:06+00:00
RMT-002451,ACCT-000001,B0073,2031-12-15,639.49,2026-07-19T12:12:06+00:00
RMT-002452,ACCT-000306,B0073,2031-12-15,353.92,2026-07-19T12:12:06+00:00
RMT-002453,ACCT-000193,B0073,2031-12-15,1001.3,2026-07-19T12:12:06+00:00
RMT-002454,ACCT-000125,B0073,2031-12-15,773.53,2026-07-19T12:12:06+00:00
RMT-002455,ACCT-000048,B0073,2031-12-15,300.32,2026-07-19T12:12:06+00:00
RMT-002456,ACCT-000237,B0073,2031-12-15,159.68,2026-07-19T12:12:06+00:00
RMT-002457,ACCT-000321,B0073,2031-12-15,422.76,2026-07-19T12:12:06+00:00
RMT-002458,ACCT-000114,B0073,2031-12-15,674.01,2026-07-19T12:12:06+00:00
RMT-002459,ACCT-000221,B0073,2031-12-15,168.87,2026-07-19T12:12:06+00:00
RMT-002460,ACCT-000090,B0073,2031-12-15,355.6,2026-07-19T12:12:06+00:00
RMT-002461,ACCT-000098,B0073,2031-12-15,356.46,2026-07-19T12:12:06+00:00
RMT-002462,ACCT-000122,B0073,2031-12-15,759.4,2026-07-19T12:12:06+00:00
RMT-002463,ACCT-000241,B0073,2031-12-15,1212.11,2026-07-19T12:12:06+00:00
RMT-002464,ACCT-000182,B0073,2031-12-15,702.6,2026-07-19T12:12:06+00:00
RMT-002465,ACCT-000157,B0073,2031-12-15,197.47,2026-07-19T12:12:06+00:00
RMT-002466,ACCT-000288,B0073,2031-12-15,756.79,2026-07-19T12:12:06+00:00
RMT-002467,ACCT-000073,B0073,2031-12-15,723.33,2026-07-19T12:12:06+00:00
RMT-002468,ACCT-000033,B0073,2031-12-15,417.96,2026-07-19T12:12:06+00:00
RMT-002469,ACCT-000210,B0073,2031-12-15,350.59,2026-07-19T12:12:06+00:00
RMT-002470,ACCT-000151,B0073,2031-12-15,146.86,2026-07-19T12:12:06+00:00
RMT-002471,ACCT-000015,B0073,2031-12-15,1052.58,2026-07-19T12:12:06+00:00
RMT-002472,ACCT-000249,B0073,2031-12-15,519.6,2026-07-19T12:12:06+00:00
RMT-002473,ACCT-000110,B0073,2031-12-15,398.32,2026-07-19T12:12:06+00:00
RMT-002474,ACCT-000100,B0073,2031-12-15,709.75,2026-07-19T12:12:06+00:00
RMT-002475,ACCT-000099,B0073,2031-12-15,542.43,2026-07-19T12:12:06+00:00
RMT-002476,ACCT-000029,B0073,2031-12-15,203.47,2026-07-19T12:12:06+00:00
RMT-002477,ACCT-000045,B0073,2031-12-15,111.2,2026-07-19T12:12:06+00:00
RMT-002478,ACCT-000272,B0073,2031-12-15,567.56,2026-07-19T12:12:06+00:00
RMT-002479,ACCT-000333,B0073,2031-12-15,329.79,2026-07-19T12:12:06+00:00
RMT-002480,ACCT-000334,B0073,2031-12-15,184.67,2026-07-19T12:12:06+00:00
RMT-002481,ACCT-000235,B0074,2032-01-14,599.34,2026-07-19T13:59:55+00:00
RMT-002482,ACCT-000238,B0074,2032-01-14,244.67,2026-07-19T13:59:55+00:00
RMT-002483,ACCT-000173,B0074,2032-01-14,236.25,2026-07-19T13:59:55+00:00
RMT-002484,ACCT-000105,B0074,2032-01-14,420.85,2026-07-19T13:59:55+00:00
RMT-002485,ACCT-000197,B0074,2032-01-14,158.95,2026-07-19T13:59:55+00:00
RMT-002486,ACCT-000055,B0074,2032-01-14,306.63,2026-07-19T13:59:55+00:00
RMT-002487,ACCT-000333,B0074,2032-01-14,361.88,2026-07-19T13:59:55+00:00
RMT-002488,ACCT-000204,B0074,2032-01-14,369.59,2026-07-19T13:59:55+00:00
RMT-002489,ACCT-000332,B0074,2032-01-14,851.37,2026-07-19T13:59:55+00:00
RMT-002490,ACCT-000114,B0074,2032-01-14,104.32,2026-07-19T13:59:55+00:00
RMT-002491,ACCT-000054,B0074,2032-01-14,651.17,2026-07-19T13:59:55+00:00
RMT-002492,ACCT-000222,B0074,2032-01-14,658.04,2026-07-19T13:59:55+00:00
RMT-002493,ACCT-000280,B0074,2032-01-14,410.8,2026-07-19T13:59:55+00:00
RMT-002494,ACCT-000276,B0074,2032-01-14,387.0,2026-07-19T13:59:55+00:00
RMT-002495,ACCT-000062,B0074,2032-01-14,605.04,2026-07-19T13:59:55+00:00
RMT-002496,ACCT-000304,B0074,2032-01-14,242.6,2026-07-19T13:59:55+00:00
RMT-002497,ACCT-000031,B0074,2032-01-14,594.72,2026-07-19T13:59:55+00:00
RMT-002498,ACCT-000195,B0074,2032-01-14,761.37,2026-07-19T13:59:55+00:00
RMT-002499,ACCT-000176,B0074,2032-01-14,591.38,2026-07-19T13:59:55+00:00
RMT-002500,ACCT-000246,B0074,2032-01-14,288.63,2026-07-19T13:59:55+00:00
RMT-002501,ACCT-000154,B0074,2032-01-14,608.24,2026-07-19T13:59:55+00:00
RMT-002502,ACCT-000299,B0074,2032-01-14,59.26,2026-07-19T13:59:55+00:00
RMT-002503,ACCT-000224,B0074,2032-01-14,372.48,2026-07-19T13:59:55+00:00
RMT-002504,ACCT-000179,B0074,2032-01-14,136.48,2026-07-19T13:59:55+00:00
RMT-002505,ACCT-000230,B0074,2032-01-14,390.35,2026-07-19T13:59:55+00:00
RMT-002506,ACCT-000320,B0074,2032-01-14,759.18,2026-07-19T13:59:55+00:00
RMT-002507,ACCT-000228,B0074,2032-01-14,617.92,2026-07-19T13:59:55+00:00
RMT-002508,ACCT-000310,B0074,2032-01-14,414.46,2026-07-19T13:59:55+00:00
RMT-002509,ACCT-000008,B0074,2032-01-14,645.9,2026-07-19T13:59:55+00:00
RMT-002510,ACCT-000335,B0074,2032-01-14,391.74,2026-07-19T13:59:55+00:00
RMT-002511,ACCT-000336,B0074,2032-01-14,510.77,2026-07-19T13:59:55+00:00
RMT-002512,ACCT-000337,B0074,2032-01-14,648.96,2026-07-19T13:59:55+00:00
RMT-002513,ACCT-000326,B0075,2032-02-13,711.14,2026-07-19T14:59:57+00:00
RMT-002514,ACCT-000110,B0075,2032-02-13,637.29,2026-07-19T14:59:57+00:00
RMT-002515,ACCT-000296,B0075,2032-02-13,564.5,2026-07-19T14:59:57+00:00
RMT-002516,ACCT-000190,B0075,2032-02-13,353.17,2026-07-19T14:59:57+00:00
RMT-002517,ACCT-000168,B0075,2032-02-13,585.6,2026-07-19T14:59:57+00:00
RMT-002518,ACCT-000094,B0075,2032-02-13,153.69,2026-07-19T14:59:57+00:00
RMT-002519,ACCT-000312,B0075,2032-02-13,977.47,2026-07-19T14:59:57+00:00
RMT-002520,ACCT-000001,B0075,2032-02-13,220.4,2026-07-19T14:59:57+00:00
RMT-002521,ACCT-000101,B0075,2032-02-13,452.74,2026-07-19T14:59:57+00:00
RMT-002522,ACCT-000173,B0075,2032-02-13,889.47,2026-07-19T14:59:57+00:00
RMT-002523,ACCT-000276,B0075,2032-02-13,72.57,2026-07-19T14:59:57+00:00
RMT-002524,ACCT-000086,B0075,2032-02-13,425.22,2026-07-19T14:59:57+00:00
RMT-002525,ACCT-000122,B0075,2032-02-13,864.41,2026-07-19T14:59:57+00:00
RMT-002526,ACCT-000324,B0075,2032-02-13,774.32,2026-07-19T14:59:57+00:00
RMT-002527,ACCT-000266,B0075,2032-02-13,428.25,2026-07-19T14:59:57+00:00
RMT-002528,ACCT-000285,B0075,2032-02-13,763.01,2026-07-19T14:59:57+00:00
RMT-002529,ACCT-000013,B0075,2032-02-13,578.57,2026-07-19T14:59:57+00:00
RMT-002530,ACCT-000200,B0075,2032-02-13,787.19,2026-07-19T14:59:57+00:00
RMT-002531,ACCT-000192,B0075,2032-02-13,742.0,2026-07-19T14:59:57+00:00
RMT-002532,ACCT-000247,B0075,2032-02-13,370.59,2026-07-19T14:59:57+00:00
RMT-002533,ACCT-000275,B0075,2032-02-13,877.17,2026-07-19T14:59:57+00:00
RMT-002534,ACCT-000283,B0075,2032-02-13,315.83,2026-07-19T14:59:57+00:00
RMT-002535,ACCT-000064,B0075,2032-02-13,1356.3,2026-07-19T14:59:57+00:00
RMT-002536,ACCT-000007,B0075,2032-02-13,192.53,2026-07-19T14:59:57+00:00
RMT-002537,ACCT-000062,B0075,2032-02-13,308.45,2026-07-19T14:59:57+00:00
RMT-002538,ACCT-000225,B0075,2032-02-13,226.51,2026-07-19T14:59:57+00:00
RMT-002539,ACCT-000257,B0075,2032-02-13,398.2,2026-07-19T14:59:57+00:00
RMT-002540,ACCT-000111,B0075,2032-02-13,168.92,2026-07-19T14:59:57+00:00
RMT-002541,ACCT-000085,B0075,2032-02-13,298.32,2026-07-19T14:59:57+00:00
RMT-002542,ACCT-000158,B0075,2032-02-13,993.91,2026-07-19T14:59:57+00:00
RMT-002543,ACCT-000145,B0075,2032-02-13,467.12,2026-07-19T14:59:57+00:00
RMT-002544,ACCT-000056,B0075,2032-02-13,473.39,2026-07-19T14:59:57+00:00
RMT-002545,ACCT-000105,B0075,2032-02-13,859.62,2026-07-19T14:59:57+00:00
RMT-002546,ACCT-000144,B0075,2032-02-13,216.81,2026-07-19T14:59:57+00:00
RMT-002547,ACCT-000338,B0075,2032-02-13,408.78,2026-07-19T14:59:57+00:00
RMT-002548,ACCT-000339,B0075,2032-02-13,35.29,2026-07-19T14:59:57+00:00
RMT-002549,ACCT-000340,B0075,2032-02-13,445.31,2026-07-19T14:59:57+00:00
RMT-002550,ACCT-000341,B0075,2032-02-13,361.46,2026-07-19T14:59:57+00:00
RMT-002551,ACCT-000293,B0076,2032-03-14,840.46,2026-07-19T16:00:40+00:00
RMT-002552,ACCT-000089,B0076,2032-03-14,389.61,2026-07-19T16:00:40+00:00
RMT-002553,ACCT-000228,B0076,2032-03-14,888.0,2026-07-19T16:00:40+00:00
RMT-002554,ACCT-000204,B0076,2032-03-14,965.52,2026-07-19T16:00:40+00:00
RMT-002555,ACCT-000098,B0076,2032-03-14,419.93,2026-07-19T16:00:40+00:00
RMT-002556,ACCT-000200,B0076,2032-03-14,703.91,2026-07-19T16:00:40+00:00
RMT-002557,ACCT-000070,B0076,2032-03-14,464.31,2026-07-19T16:00:40+00:00
RMT-002558,ACCT-000249,B0076,2032-03-14,1279.49,2026-07-19T16:00:40+00:00
RMT-002559,ACCT-000144,B0076,2032-03-14,423.39,2026-07-19T16:00:40+00:00
RMT-002560,ACCT-000180,B0076,2032-03-14,195.68,2026-07-19T16:00:40+00:00
RMT-002561,ACCT-000195,B0076,2032-03-14,671.5,2026-07-19T16:00:40+00:00
RMT-002562,ACCT-000225,B0076,2032-03-14,491.86,2026-07-19T16:00:40+00:00
RMT-002563,ACCT-000075,B0076,2032-03-14,191.23,2026-07-19T16:00:40+00:00
RMT-002564,ACCT-000158,B0076,2032-03-14,335.38,2026-07-19T16:00:40+00:00
RMT-002565,ACCT-000049,B0076,2032-03-14,207.22,2026-07-19T16:00:40+00:00
RMT-002566,ACCT-000104,B0076,2032-03-14,637.08,2026-07-19T16:00:40+00:00
RMT-002567,ACCT-000328,B0076,2032-03-14,435.42,2026-07-19T16:00:40+00:00
RMT-002568,ACCT-000174,B0076,2032-03-14,423.58,2026-07-19T16:00:40+00:00
RMT-002569,ACCT-000121,B0076,2032-03-14,441.68,2026-07-19T16:00:40+00:00
RMT-002570,ACCT-000156,B0076,2032-03-14,287.74,2026-07-19T16:00:40+00:00
RMT-002571,ACCT-000093,B0076,2032-03-14,671.62,2026-07-19T16:00:40+00:00
RMT-002572,ACCT-000327,B0076,2032-03-14,875.02,2026-07-19T16:00:40+00:00
RMT-002573,ACCT-000252,B0076,2032-03-14,703.85,2026-07-19T16:00:40+00:00
RMT-002574,ACCT-000095,B0076,2032-03-14,966.03,2026-07-19T16:00:40+00:00
RMT-002575,ACCT-000097,B0076,2032-03-14,789.67,2026-07-19T16:00:40+00:00
RMT-002576,ACCT-000062,B0076,2032-03-14,764.26,2026-07-19T16:00:40+00:00
RMT-002577,ACCT-000021,B0076,2032-03-14,1214.66,2026-07-19T16:00:40+00:00
RMT-002578,ACCT-000287,B0076,2032-03-14,572.61,2026-07-19T16:00:40+00:00
RMT-002579,ACCT-000209,B0076,2032-03-14,62.76,2026-07-19T16:00:40+00:00
RMT-002580,ACCT-000323,B0076,2032-03-14,501.89,2026-07-19T16:00:40+00:00
RMT-002581,ACCT-000342,B0076,2032-03-14,186.08,2026-07-19T16:00:40+00:00
RMT-002582,ACCT-000343,B0076,2032-03-14,792.87,2026-07-19T16:00:40+00:00
RMT-002583,ACCT-000344,B0076,2032-03-14,561.1,2026-07-19T16:00:40+00:00
RMT-002584,ACCT-000283,B0077,2032-04-13,712.45,2026-07-19T17:30:37+00:00
RMT-002585,ACCT-000268,B0077,2032-04-13,127.19,2026-07-19T17:30:37+00:00
RMT-002586,ACCT-000295,B0077,2032-04-13,342.55,2026-07-19T17:30:37+00:00
RMT-002587,ACCT-000108,B0077,2032-04-13,1024.49,2026-07-19T17:30:37+00:00
RMT-002588,ACCT-000056,B0077,2032-04-13,110.98,2026-07-19T17:30:37+00:00
RMT-002589,ACCT-000280,B0077,2032-04-13,706.23,2026-07-19T17:30:37+00:00
RMT-002590,ACCT-000081,B0077,2032-04-13,539.03,2026-07-19T17:30:37+00:00
RMT-002591,ACCT-000216,B0077,2032-04-13,677.67,2026-07-19T17:30:37+00:00
RMT-002592,ACCT-000071,B0077,2032-04-13,872.47,2026-07-19T17:30:37+00:00
RMT-002593,ACCT-000116,B0077,2032-04-13,544.32,2026-07-19T17:30:37+00:00
RMT-002594,ACCT-000102,B0077,2032-04-13,301.01,2026-07-19T17:30:37+00:00
RMT-002595,ACCT-000186,B0077,2032-04-13,290.58,2026-07-19T17:30:37+00:00
RMT-002596,ACCT-000101,B0077,2032-04-13,414.21,2026-07-19T17:30:37+00:00
RMT-002597,ACCT-000050,B0077,2032-04-13,713.16,2026-07-19T17:30:37+00:00
RMT-002598,ACCT-000136,B0077,2032-04-13,376.82,2026-07-19T17:30:37+00:00
RMT-002599,ACCT-000298,B0077,2032-04-13,26.16,2026-07-19T17:30:37+00:00
RMT-002600,ACCT-000211,B0077,2032-04-13,462.84,2026-07-19T17:30:37+00:00
RMT-002601,ACCT-000026,B0077,2032-04-13,156.79,2026-07-19T17:30:37+00:00
RMT-002602,ACCT-000274,B0077,2032-04-13,142.54,2026-07-19T17:30:37+00:00
RMT-002603,ACCT-000290,B0077,2032-04-13,480.41,2026-07-19T17:30:37+00:00
RMT-002604,ACCT-000313,B0077,2032-04-13,637.54,2026-07-19T17:30:37+00:00
RMT-002605,ACCT-000289,B0077,2032-04-13,935.05,2026-07-19T17:30:37+00:00
RMT-002606,ACCT-000244,B0077,2032-04-13,75.69,2026-07-19T17:30:37+00:00
RMT-002607,ACCT-000093,B0077,2032-04-13,625.0,2026-07-19T17:30:37+00:00
RMT-002608,ACCT-000223,B0077,2032-04-13,-19.44,2026-07-19T17:30:37+00:00
RMT-002609,ACCT-000153,B0077,2032-04-13,915.53,2026-07-19T17:30:37+00:00
RMT-002610,ACCT-000141,B0077,2032-04-13,738.2,2026-07-19T17:30:37+00:00
RMT-002611,ACCT-000345,B0077,2032-04-13,503.03,2026-07-19T17:30:37+00:00
RMT-002612,ACCT-000346,B0077,2032-04-13,1390.27,2026-07-19T17:30:37+00:00
RMT-002613,ACCT-000347,B0077,2032-04-13,630.73,2026-07-19T17:30:37+00:00
RMT-002614,ACCT-000319,B0078,2032-05-13,883.6,2026-07-19T18:29:47+00:00
RMT-002615,ACCT-000086,B0078,2032-05-13,291.19,2026-07-19T18:29:47+00:00
RMT-002616,ACCT-000151,B0078,2032-05-13,550.27,2026-07-19T18:29:47+00:00
RMT-002617,ACCT-000092,B0078,2032-05-13,56.49,2026-07-19T18:29:47+00:00
RMT-002618,ACCT-000172,B0078,2032-05-13,402.75,2026-07-19T18:29:47+00:00
RMT-002619,ACCT-000078,B0078,2032-05-13,781.13,2026-07-19T18:29:47+00:00
RMT-002620,ACCT-000327,B0078,2032-05-13,1165.06,2026-07-19T18:29:47+00:00
RMT-002621,ACCT-000020,B0078,2032-05-13,255.02,2026-07-19T18:29:47+00:00
RMT-002622,ACCT-000003,B0078,2032-05-13,369.89,2026-07-19T18:29:47+00:00
RMT-002623,ACCT-000070,B0078,2032-05-13,304.41,2026-07-19T18:29:47+00:00
RMT-002624,ACCT-000109,B0078,2032-05-13,474.94,2026-07-19T18:29:47+00:00
RMT-002625,ACCT-000087,B0078,2032-05-13,244.38,2026-07-19T18:29:47+00:00
RMT-002626,ACCT-000031,B0078,2032-05-13,177.87,2026-07-19T18:29:47+00:00
RMT-002627,ACCT-000224,B0078,2032-05-13,551.09,2026-07-19T18:29:47+00:00
RMT-002628,ACCT-000200,B0078,2032-05-13,430.91,2026-07-19T18:29:47+00:00
RMT-002629,ACCT-000201,B0078,2032-05-13,720.38,2026-07-19T18:29:47+00:00
RMT-002630,ACCT-000280,B0078,2032-05-13,383.28,2026-07-19T18:29:47+00:00
RMT-002631,ACCT-000267,B0078,2032-05-13,284.33,2026-07-19T18:29:47+00:00
RMT-002632,ACCT-000098,B0078,2032-05-13,313.78,2026-07-19T18:29:47+00:00
RMT-002633,ACCT-000121,B0078,2032-05-13,725.49,2026-07-19T18:29:47+00:00
RMT-002634,ACCT-000034,B0078,2032-05-13,266.22,2026-07-19T18:29:47+00:00
RMT-002635,ACCT-000301,B0078,2032-05-13,927.93,2026-07-19T18:29:47+00:00
RMT-002636,ACCT-000132,B0078,2032-05-13,400.81,2026-07-19T18:29:47+00:00
RMT-002637,ACCT-000125,B0078,2032-05-13,249.91,2026-07-19T18:29:47+00:00
RMT-002638,ACCT-000111,B0078,2032-05-13,323.71,2026-07-19T18:29:47+00:00
RMT-002639,ACCT-000245,B0078,2032-05-13,1135.18,2026-07-19T18:29:47+00:00
RMT-002640,ACCT-000266,B0078,2032-05-13,718.21,2026-07-19T18:29:47+00:00
RMT-002641,ACCT-000240,B0078,2032-05-13,114.28,2026-07-19T18:29:47+00:00
RMT-002642,ACCT-000314,B0078,2032-05-13,167.39,2026-07-19T18:29:47+00:00
RMT-002643,ACCT-000167,B0078,2032-05-13,94.63,2026-07-19T18:29:47+00:00
RMT-002644,ACCT-000062,B0078,2032-05-13,1120.85,2026-07-19T18:29:47+00:00
RMT-002645,ACCT-000196,B0078,2032-05-13,780.05,2026-07-19T18:29:47+00:00
RMT-002646,ACCT-000179,B0078,2032-05-13,512.37,2026-07-19T18:29:47+00:00
RMT-002647,ACCT-000348,B0078,2032-05-13,349.61,2026-07-19T18:29:47+00:00
RMT-002648,ACCT-000349,B0078,2032-05-13,671.23,2026-07-19T18:29:47+00:00
RMT-002649,ACCT-000350,B0078,2032-05-13,455.67,2026-07-19T18:29:47+00:00
RMT-002650,ACCT-000351,B0078,2032-05-13,720.45,2026-07-19T18:29:47+00:00
RMT-002651,ACCT-000230,B0079,2032-06-12,555.35,2026-07-19T19:42:08+00:00
RMT-002652,ACCT-000184,B0079,2032-06-12,695.97,2026-07-19T19:42:08+00:00
RMT-002653,ACCT-000347,B0079,2032-06-12,785.93,2026-07-19T19:42:08+00:00
RMT-002654,ACCT-000061,B0079,2032-06-12,517.86,2026-07-19T19:42:08+00:00
RMT-002655,ACCT-000019,B0079,2032-06-12,218.74,2026-07-19T19:42:08+00:00
RMT-002656,ACCT-000234,B0079,2032-06-12,369.51,2026-07-19T19:42:08+00:00
RMT-002657,ACCT-000050,B0079,2032-06-12,860.62,2026-07-19T19:42:08+00:00
RMT-002658,ACCT-000248,B0079,2032-06-12,122.66,2026-07-19T19:42:08+00:00
RMT-002659,ACCT-000216,B0079,2032-06-12,97.98,2026-07-19T19:42:08+00:00
RMT-002660,ACCT-000198,B0079,2032-06-12,909.39,2026-07-19T19:42:08+00:00
RMT-002661,ACCT-000255,B0079,2032-06-12,248.16,2026-07-19T19:42:08+00:00
RMT-002662,ACCT-000009,B0079,2032-06-12,48.49,2026-07-19T19:42:08+00:00
RMT-002663,ACCT-000231,B0079,2032-06-12,394.74,2026-07-19T19:42:08+00:00
RMT-002664,ACCT-000099,B0079,2032-06-12,307.13,2026-07-19T19:42:08+00:00
RMT-002665,ACCT-000325,B0079,2032-06-12,275.54,2026-07-19T19:42:08+00:00
RMT-002666,ACCT-000279,B0079,2032-06-12,654.76,2026-07-19T19:42:08+00:00
RMT-002667,ACCT-000226,B0079,2032-06-12,419.43,2026-07-19T19:42:08+00:00
RMT-002668,ACCT-000238,B0079,2032-06-12,695.07,2026-07-19T19:42:08+00:00
RMT-002669,ACCT-000196,B0079,2032-06-12,455.65,2026-07-19T19:42:08+00:00
RMT-002670,ACCT-000217,B0079,2032-06-12,710.7,2026-07-19T19:42:08+00:00
RMT-002671,ACCT-000272,B0079,2032-06-12,967.43,2026-07-19T19:42:08+00:00
RMT-002672,ACCT-000018,B0079,2032-06-12,929.18,2026-07-19T19:42:08+00:00
RMT-002673,ACCT-000183,B0079,2032-06-12,796.81,2026-07-19T19:42:08+00:00
RMT-002674,ACCT-000117,B0079,2032-06-12,535.34,2026-07-19T19:42:08+00:00
RMT-002675,ACCT-000284,B0079,2032-06-12,167.59,2026-07-19T19:42:08+00:00
RMT-002676,ACCT-000098,B0079,2032-06-12,919.85,2026-07-19T19:42:08+00:00
RMT-002677,ACCT-000280,B0079,2032-06-12,337.04,2026-07-19T19:42:08+00:00
RMT-002678,ACCT-000068,B0079,2032-06-12,328.93,2026-07-19T19:42:08+00:00
RMT-002679,ACCT-000247,B0079,2032-06-12,390.99,2026-07-19T19:42:08+00:00
RMT-002680,ACCT-000311,B0079,2032-06-12,541.58,2026-07-19T19:42:08+00:00
RMT-002681,ACCT-000052,B0079,2032-06-12,312.59,2026-07-19T19:42:08+00:00
RMT-002682,ACCT-000314,B0079,2032-06-12,530.39,2026-07-19T19:42:08+00:00
RMT-002683,ACCT-000318,B0079,2032-06-12,426.15,2026-07-19T19:42:08+00:00
RMT-002684,ACCT-000352,B0079,2032-06-12,398.92,2026-07-19T19:42:08+00:00
RMT-002685,ACCT-000353,B0079,2032-06-12,319.76,2026-07-19T19:42:08+00:00
RMT-002686,ACCT-000328,B0080,2032-07-12,661.11,2026-07-19T20:39:07+00:00
RMT-002687,ACCT-000193,B0080,2032-07-12,549.25,2026-07-19T20:39:07+00:00
RMT-002688,ACCT-000154,B0080,2032-07-12,540.33,2026-07-19T20:39:07+00:00
RMT-002689,ACCT-000266,B0080,2032-07-12,498.15,2026-07-19T20:39:07+00:00
RMT-002690,ACCT-000239,B0080,2032-07-12,123.43,2026-07-19T20:39:07+00:00
RMT-002691,ACCT-000120,B0080,2032-07-12,439.97,2026-07-19T20:39:07+00:00
RMT-002692,ACCT-000286,B0080,2032-07-12,939.11,2026-07-19T20:39:07+00:00
RMT-002693,ACCT-000350,B0080,2032-07-12,238.07,2026-07-19T20:39:07+00:00
RMT-002694,ACCT-000274,B0080,2032-07-12,340.6,2026-07-19T20:39:07+00:00
RMT-002695,ACCT-000083,B0080,2032-07-12,232.07,2026-07-19T20:39:07+00:00
RMT-002696,ACCT-000090,B0080,2032-07-12,570.21,2026-07-19T20:39:07+00:00
RMT-002697,ACCT-000113,B0080,2032-07-12,699.54,2026-07-19T20:39:07+00:00
RMT-002698,ACCT-000279,B0080,2032-07-12,776.0,2026-07-19T20:39:07+00:00
RMT-002699,ACCT-000028,B0080,2032-07-12,270.6,2026-07-19T20:39:07+00:00
RMT-002700,ACCT-000102,B0080,2032-07-12,342.39,2026-07-19T20:39:07+00:00
RMT-002701,ACCT-000207,B0080,2032-07-12,1034.49,2026-07-19T20:39:07+00:00
RMT-002702,ACCT-000316,B0080,2032-07-12,731.91,2026-07-19T20:39:07+00:00
RMT-002703,ACCT-000321,B0080,2032-07-12,675.8,2026-07-19T20:39:07+00:00
RMT-002704,ACCT-000085,B0080,2032-07-12,310.11,2026-07-19T20:39:07+00:00
RMT-002705,ACCT-000345,B0080,2032-07-12,539.49,2026-07-19T20:39:07+00:00
RMT-002706,ACCT-000217,B0080,2032-07-12,364.14,2026-07-19T20:39:07+00:00
RMT-002707,ACCT-000219,B0080,2032-07-12,449.64,2026-07-19T20:39:07+00:00
RMT-002708,ACCT-000109,B0080,2032-07-12,511.58,2026-07-19T20:39:07+00:00
RMT-002709,ACCT-000153,B0080,2032-07-12,591.51,2026-07-19T20:39:07+00:00
RMT-002710,ACCT-000176,B0080,2032-07-12,718.58,2026-07-19T20:39:07+00:00
RMT-002711,ACCT-000249,B0080,2032-07-12,485.77,2026-07-19T20:39:07+00:00
RMT-002712,ACCT-000253,B0080,2032-07-12,793.92,2026-07-19T20:39:07+00:00
RMT-002713,ACCT-000324,B0080,2032-07-12,318.76,2026-07-19T20:39:07+00:00
RMT-002714,ACCT-000067,B0080,2032-07-12,-33.87,2026-07-19T20:39:07+00:00
RMT-002715,ACCT-000013,B0080,2032-07-12,515.02,2026-07-19T20:39:07+00:00
RMT-002716,ACCT-000149,B0080,2032-07-12,113.38,2026-07-19T20:39:07+00:00
RMT-002717,ACCT-000354,B0080,2032-07-12,205.79,2026-07-19T20:39:07+00:00
RMT-002718,ACCT-000355,B0080,2032-07-12,1154.29,2026-07-19T20:39:07+00:00
RMT-002719,ACCT-000356,B0080,2032-07-12,1004.02,2026-07-19T20:39:07+00:00
RMT-002720,ACCT-000357,B0080,2032-07-12,390.05,2026-07-19T20:39:07+00:00
RMT-002721,ACCT-000139,B0081,2032-08-11,814.1,2026-07-19T21:43:13+00:00
RMT-002722,ACCT-000340,B0081,2032-08-11,483.22,2026-07-19T21:43:13+00:00
RMT-002723,ACCT-000294,B0081,2032-08-11,876.57,2026-07-19T21:43:13+00:00
RMT-002724,ACCT-000300,B0081,2032-08-11,906.43,2026-07-19T21:43:13+00:00
RMT-002725,ACCT-000141,B0081,2032-08-11,881.95,2026-07-19T21:43:13+00:00
RMT-002726,ACCT-000112,B0081,2032-08-11,404.39,2026-07-19T21:43:13+00:00
RMT-002727,ACCT-000151,B0081,2032-08-11,1307.79,2026-07-19T21:43:13+00:00
RMT-002728,ACCT-000167,B0081,2032-08-11,839.91,2026-07-19T21:43:13+00:00
RMT-002729,ACCT-000025,B0081,2032-08-11,356.41,2026-07-19T21:43:13+00:00
RMT-002730,ACCT-000134,B0081,2032-08-11,258.86,2026-07-19T21:43:13+00:00
RMT-002731,ACCT-000003,B0081,2032-08-11,770.06,2026-07-19T21:43:13+00:00
RMT-002732,ACCT-000275,B0081,2032-08-11,512.11,2026-07-19T21:43:13+00:00
RMT-002733,ACCT-000240,B0081,2032-08-11,673.96,2026-07-19T21:43:13+00:00
RMT-002734,ACCT-000247,B0081,2032-08-11,688.94,2026-07-19T21:43:13+00:00
RMT-002735,ACCT-000102,B0081,2032-08-11,365.94,2026-07-19T21:43:13+00:00
RMT-002736,ACCT-000228,B0081,2032-08-11,119.35,2026-07-19T21:43:13+00:00
RMT-002737,ACCT-000199,B0081,2032-08-11,1096.28,2026-07-19T21:43:13+00:00
RMT-002738,ACCT-000331,B0081,2032-08-11,162.77,2026-07-19T21:43:13+00:00
RMT-002739,ACCT-000090,B0081,2032-08-11,336.36,2026-07-19T21:43:13+00:00
RMT-002740,ACCT-000073,B0081,2032-08-11,778.49,2026-07-19T21:43:13+00:00
RMT-002741,ACCT-000353,B0081,2032-08-11,595.51,2026-07-19T21:43:13+00:00
RMT-002742,ACCT-000253,B0081,2032-08-11,929.77,2026-07-19T21:43:13+00:00
RMT-002743,ACCT-000097,B0081,2032-08-11,742.82,2026-07-19T21:43:13+00:00
RMT-002744,ACCT-000263,B0081,2032-08-11,350.89,2026-07-19T21:43:13+00:00
RMT-002745,ACCT-000334,B0081,2032-08-11,551.31,2026-07-19T21:43:13+00:00
RMT-002746,ACCT-000298,B0081,2032-08-11,198.67,2026-07-19T21:43:13+00:00
RMT-002747,ACCT-000070,B0081,2032-08-11,1170.24,2026-07-19T21:43:13+00:00
RMT-002748,ACCT-000315,B0081,2032-08-11,381.8,2026-07-19T21:43:13+00:00
RMT-002749,ACCT-000266,B0081,2032-08-11,277.54,2026-07-19T21:43:13+00:00
RMT-002750,ACCT-000358,B0081,2032-08-11,641.89,2026-07-19T21:43:13+00:00
RMT-002751,ACCT-000359,B0081,2032-08-11,355.13,2026-07-19T21:43:13+00:00
RMT-002752,ACCT-000360,B0081,2032-08-11,185.36,2026-07-19T21:43:13+00:00
RMT-002753,ACCT-000361,B0081,2032-08-11,886.17,2026-07-19T21:43:13+00:00
RMT-002754,ACCT-000139,B0082,2032-09-10,1102.43,2026-07-19T22:42:47+00:00
RMT-002755,ACCT-000252,B0082,2032-09-10,767.29,2026-07-19T22:42:47+00:00
RMT-002756,ACCT-000120,B0082,2032-09-10,836.71,2026-07-19T22:42:47+00:00
RMT-002757,ACCT-000118,B0082,2032-09-10,622.3,2026-07-19T22:42:47+00:00
RMT-002758,ACCT-000082,B0082,2032-09-10,508.65,2026-07-19T22:42:47+00:00
RMT-002759,ACCT-000028,B0082,2032-09-10,753.07,2026-07-19T22:42:47+00:00
RMT-002760,ACCT-000286,B0082,2032-09-10,773.88,2026-07-19T22:42:47+00:00
RMT-002761,ACCT-000211,B0082,2032-09-10,567.82,2026-07-19T22:42:47+00:00
RMT-002762,ACCT-000355,B0082,2032-09-10,776.37,2026-07-19T22:42:47+00:00
RMT-002763,ACCT-000078,B0082,2032-09-10,744.15,2026-07-19T22:42:47+00:00
RMT-002764,ACCT-000196,B0082,2032-09-10,612.18,2026-07-19T22:42:47+00:00
RMT-002765,ACCT-000091,B0082,2032-09-10,1246.67,2026-07-19T22:42:47+00:00
RMT-002766,ACCT-000181,B0082,2032-09-10,527.24,2026-07-19T22:42:47+00:00
RMT-002767,ACCT-000175,B0082,2032-09-10,348.43,2026-07-19T22:42:47+00:00
RMT-002768,ACCT-000121,B0082,2032-09-10,991.49,2026-07-19T22:42:47+00:00
RMT-002769,ACCT-000339,B0082,2032-09-10,318.99,2026-07-19T22:42:47+00:00
RMT-002770,ACCT-000143,B0082,2032-09-10,638.66,2026-07-19T22:42:47+00:00
RMT-002771,ACCT-000202,B0082,2032-09-10,472.66,2026-07-19T22:42:47+00:00
RMT-002772,ACCT-000122,B0082,2032-09-10,31.39,2026-07-19T22:42:47+00:00
RMT-002773,ACCT-000094,B0082,2032-09-10,468.77,2026-07-19T22:42:47+00:00
RMT-002774,ACCT-000225,B0082,2032-09-10,638.02,2026-07-19T22:42:47+00:00
RMT-002775,ACCT-000253,B0082,2032-09-10,109.61,2026-07-19T22:42:47+00:00
RMT-002776,ACCT-000067,B0082,2032-09-10,358.38,2026-07-19T22:42:47+00:00
RMT-002777,ACCT-000169,B0082,2032-09-10,812.11,2026-07-19T22:42:47+00:00
RMT-002778,ACCT-000342,B0082,2032-09-10,619.08,2026-07-19T22:42:47+00:00
RMT-002779,ACCT-000362,B0082,2032-09-10,550.19,2026-07-19T22:42:47+00:00
RMT-002780,ACCT-000363,B0082,2032-09-10,1027.22,2026-07-19T22:42:47+00:00
RMT-002781,ACCT-000364,B0082,2032-09-10,409.03,2026-07-19T22:42:47+00:00
RMT-002782,ACCT-000020,B0083,2032-10-10,823.13,2026-07-19T23:50:51+00:00
RMT-002783,ACCT-000244,B0083,2032-10-10,1021.63,2026-07-19T23:50:51+00:00
RMT-002784,ACCT-000355,B0083,2032-10-10,822.22,2026-07-19T23:50:51+00:00
RMT-002785,ACCT-000265,B0083,2032-10-10,456.16,2026-07-19T23:50:51+00:00
RMT-002786,ACCT-000117,B0083,2032-10-10,378.43,2026-07-19T23:50:51+00:00
RMT-002787,ACCT-000237,B0083,2032-10-10,434.18,2026-07-19T23:50:51+00:00
RMT-002788,ACCT-000081,B0083,2032-10-10,508.41,2026-07-19T23:50:51+00:00
RMT-002789,ACCT-000033,B0083,2032-10-10,211.97,2026-07-19T23:50:51+00:00
RMT-002790,ACCT-000217,B0083,2032-10-10,266.61,2026-07-19T23:50:51+00:00
RMT-002791,ACCT-000295,B0083,2032-10-10,669.55,2026-07-19T23:50:51+00:00
RMT-002792,ACCT-000125,B0083,2032-10-10,424.01,2026-07-19T23:50:51+00:00
RMT-002793,ACCT-000332,B0083,2032-10-10,873.32,2026-07-19T23:50:51+00:00
RMT-002794,ACCT-000106,B0083,2032-10-10,359.42,2026-07-19T23:50:51+00:00
RMT-002795,ACCT-000162,B0083,2032-10-10,276.08,2026-07-19T23:50:51+00:00
RMT-002796,ACCT-000096,B0083,2032-10-10,557.46,2026-07-19T23:50:51+00:00
RMT-002797,ACCT-000293,B0083,2032-10-10,945.82,2026-07-19T23:50:51+00:00
RMT-002798,ACCT-000226,B0083,2032-10-10,1077.64,2026-07-19T23:50:51+00:00
RMT-002799,ACCT-000039,B0083,2032-10-10,848.44,2026-07-19T23:50:51+00:00
RMT-002800,ACCT-000071,B0083,2032-10-10,851.81,2026-07-19T23:50:51+00:00
RMT-002801,ACCT-000159,B0083,2032-10-10,251.68,2026-07-19T23:50:51+00:00
RMT-002802,ACCT-000342,B0083,2032-10-10,580.25,2026-07-19T23:50:51+00:00
RMT-002803,ACCT-000232,B0083,2032-10-10,556.22,2026-07-19T23:50:51+00:00
RMT-002804,ACCT-000207,B0083,2032-10-10,501.2,2026-07-19T23:50:51+00:00
RMT-002805,ACCT-000266,B0083,2032-10-10,828.06,2026-07-19T23:50:51+00:00
RMT-002806,ACCT-000356,B0083,2032-10-10,196.02,2026-07-19T23:50:51+00:00
RMT-002807,ACCT-000053,B0083,2032-10-10,870.63,2026-07-19T23:50:51+00:00
RMT-002808,ACCT-000143,B0083,2032-10-10,775.49,2026-07-19T23:50:51+00:00
RMT-002809,ACCT-000259,B0083,2032-10-10,491.7,2026-07-19T23:50:51+00:00
RMT-002810,ACCT-000273,B0083,2032-10-10,500.33,2026-07-19T23:50:51+00:00
RMT-002811,ACCT-000060,B0083,2032-10-10,334.98,2026-07-19T23:50:51+00:00
RMT-002812,ACCT-000343,B0083,2032-10-10,1019.12,2026-07-19T23:50:51+00:00
RMT-002813,ACCT-000365,B0083,2032-10-10,116.26,2026-07-19T23:50:51+00:00
RMT-002814,ACCT-000366,B0083,2032-10-10,168.6,2026-07-19T23:50:51+00:00
RMT-002815,ACCT-000367,B0083,2032-10-10,463.29,2026-07-19T23:50:51+00:00
RMT-002816,ACCT-000368,B0083,2032-10-10,537.41,2026-07-19T23:50:51+00:00
RMT-002817,ACCT-000044,B0084,2032-11-09,187.33,2026-07-20T02:13:30+00:00
RMT-002818,ACCT-000272,B0084,2032-11-09,409.9,2026-07-20T02:13:30+00:00
RMT-002819,ACCT-000179,B0084,2032-11-09,217.84,2026-07-20T02:13:30+00:00
RMT-002820,ACCT-000289,B0084,2032-11-09,329.61,2026-07-20T02:13:30+00:00
RMT-002821,ACCT-000304,B0084,2032-11-09,318.89,2026-07-20T02:13:30+00:00
RMT-002822,ACCT-000314,B0084,2032-11-09,1282.31,2026-07-20T02:13:30+00:00
RMT-002823,ACCT-000199,B0084,2032-11-09,293.37,2026-07-20T02:13:30+00:00
RMT-002824,ACCT-000022,B0084,2032-11-09,28.45,2026-07-20T02:13:30+00:00
RMT-002825,ACCT-000049,B0084,2032-11-09,855.38,2026-07-20T02:13:30+00:00
RMT-002826,ACCT-000129,B0084,2032-11-09,215.44,2026-07-20T02:13:30+00:00
RMT-002827,ACCT-000252,B0084,2032-11-09,758.77,2026-07-20T02:13:30+00:00
RMT-002828,ACCT-000055,B0084,2032-11-09,477.27,2026-07-20T02:13:30+00:00
RMT-002829,ACCT-000368,B0084,2032-11-09,55.17,2026-07-20T02:13:30+00:00
RMT-002830,ACCT-000324,B0084,2032-11-09,245.68,2026-07-20T02:13:30+00:00
RMT-002831,ACCT-000257,B0084,2032-11-09,424.05,2026-07-20T02:13:30+00:00
RMT-002832,ACCT-000317,B0084,2032-11-09,765.98,2026-07-20T02:13:30+00:00
RMT-002833,ACCT-000157,B0084,2032-11-09,282.77,2026-07-20T02:13:30+00:00
RMT-002834,ACCT-000251,B0084,2032-11-09,697.56,2026-07-20T02:13:30+00:00
RMT-002835,ACCT-000217,B0084,2032-11-09,1158.18,2026-07-20T02:13:30+00:00
RMT-002836,ACCT-000256,B0084,2032-11-09,303.97,2026-07-20T02:13:30+00:00
RMT-002837,ACCT-000198,B0084,2032-11-09,206.42,2026-07-20T02:13:30+00:00
RMT-002838,ACCT-000238,B0084,2032-11-09,839.04,2026-07-20T02:13:30+00:00
RMT-002839,ACCT-000351,B0084,2032-11-09,968.26,2026-07-20T02:13:30+00:00
RMT-002840,ACCT-000321,B0084,2032-11-09,233.19,2026-07-20T02:13:30+00:00
RMT-002841,ACCT-000048,B0084,2032-11-09,370.18,2026-07-20T02:13:30+00:00
RMT-002842,ACCT-000353,B0084,2032-11-09,334.9,2026-07-20T02:13:30+00:00
RMT-002843,ACCT-000151,B0084,2032-11-09,235.44,2026-07-20T02:13:30+00:00
RMT-002844,ACCT-000104,B0084,2032-11-09,142.59,2026-07-20T02:13:30+00:00
RMT-002845,ACCT-000369,B0084,2032-11-09,710.86,2026-07-20T02:13:30+00:00
RMT-002846,ACCT-000370,B0084,2032-11-09,392.21,2026-07-20T02:13:30+00:00
RMT-002847,ACCT-000248,B0085,2032-12-09,587.65,2026-07-20T05:52:38+00:00
RMT-002848,ACCT-000358,B0085,2032-12-09,256.22,2026-07-20T05:52:38+00:00
RMT-002849,ACCT-000346,B0085,2032-12-09,622.42,2026-07-20T05:52:38+00:00
RMT-002850,ACCT-000252,B0085,2032-12-09,497.71,2026-07-20T05:52:38+00:00
RMT-002851,ACCT-000345,B0085,2032-12-09,394.92,2026-07-20T05:52:38+00:00
RMT-002852,ACCT-000274,B0085,2032-12-09,998.96,2026-07-20T05:52:38+00:00
RMT-002853,ACCT-000044,B0085,2032-12-09,428.0,2026-07-20T05:52:38+00:00
RMT-002854,ACCT-000084,B0085,2032-12-09,76.09,2026-07-20T05:52:38+00:00
RMT-002855,ACCT-000247,B0085,2032-12-09,543.95,2026-07-20T05:52:38+00:00
RMT-002856,ACCT-000019,B0085,2032-12-09,406.94,2026-07-20T05:52:38+00:00
RMT-002857,ACCT-000048,B0085,2032-12-09,69.5,2026-07-20T05:52:38+00:00
RMT-002858,ACCT-000306,B0085,2032-12-09,1080.69,2026-07-20T05:52:38+00:00
RMT-002859,ACCT-000203,B0085,2032-12-09,24.88,2026-07-20T05:52:38+00:00
RMT-002860,ACCT-000083,B0085,2032-12-09,442.82,2026-07-20T05:52:38+00:00
RMT-002861,ACCT-000223,B0085,2032-12-09,358.84,2026-07-20T05:52:38+00:00
RMT-002862,ACCT-000095,B0085,2032-12-09,905.63,2026-07-20T05:52:38+00:00
RMT-002863,ACCT-000287,B0085,2032-12-09,999.59,2026-07-20T05:52:38+00:00
RMT-002864,ACCT-000154,B0085,2032-12-09,390.69,2026-07-20T05:52:38+00:00
RMT-002865,ACCT-000341,B0085,2032-12-09,697.08,2026-07-20T05:52:38+00:00
RMT-002866,ACCT-000323,B0085,2032-12-09,780.25,2026-07-20T05:52:38+00:00
RMT-002867,ACCT-000330,B0085,2032-12-09,859.03,2026-07-20T05:52:38+00:00
RMT-002868,ACCT-000152,B0085,2032-12-09,386.49,2026-07-20T05:52:38+00:00
RMT-002869,ACCT-000009,B0085,2032-12-09,201.41,2026-07-20T05:52:38+00:00
RMT-002870,ACCT-000008,B0085,2032-12-09,83.53,2026-07-20T05:52:38+00:00
RMT-002871,ACCT-000080,B0085,2032-12-09,407.76,2026-07-20T05:52:38+00:00
RMT-002872,ACCT-000023,B0085,2032-12-09,259.39,2026-07-20T05:52:38+00:00
RMT-002873,ACCT-000258,B0085,2032-12-09,456.8,2026-07-20T05:52:38+00:00
RMT-002874,ACCT-000132,B0085,2032-12-09,818.33,2026-07-20T05:52:38+00:00
RMT-002875,ACCT-000101,B0085,2032-12-09,634.02,2026-07-20T05:52:38+00:00
RMT-002876,ACCT-000112,B0085,2032-12-09,679.28,2026-07-20T05:52:38+00:00
RMT-002877,ACCT-000020,B0085,2032-12-09,754.03,2026-07-20T05:52:38+00:00
RMT-002878,ACCT-000165,B0085,2032-12-09,394.3,2026-07-20T05:52:38+00:00
RMT-002879,ACCT-000305,B0085,2032-12-09,648.32,2026-07-20T05:52:38+00:00
RMT-002880,ACCT-000222,B0085,2032-12-09,737.96,2026-07-20T05:52:38+00:00
RMT-002881,ACCT-000322,B0085,2032-12-09,876.99,2026-07-20T05:52:38+00:00
RMT-002882,ACCT-000371,B0085,2032-12-09,877.68,2026-07-20T05:52:38+00:00
RMT-002883,ACCT-000372,B0085,2032-12-09,618.94,2026-07-20T05:52:38+00:00
RMT-002884,ACCT-000373,B0085,2032-12-09,887.45,2026-07-20T05:52:38+00:00
RMT-002885,ACCT-000010,B0086,2033-01-08,324.65,2026-07-20T08:43:59+00:00
RMT-002886,ACCT-000275,B0086,2033-01-08,792.86,2026-07-20T08:43:59+00:00
RMT-002887,ACCT-000157,B0086,2033-01-08,447.2,2026-07-20T08:43:59+00:00
RMT-002888,ACCT-000222,B0086,2033-01-08,402.69,2026-07-20T08:43:59+00:00
RMT-002889,ACCT-000047,B0086,2033-01-08,354.01,2026-07-20T08:43:59+00:00
RMT-002890,ACCT-000053,B0086,2033-01-08,460.51,2026-07-20T08:43:59+00:00
RMT-002891,ACCT-000202,B0086,2033-01-08,504.58,2026-07-20T08:43:59+00:00
RMT-002892,ACCT-000207,B0086,2033-01-08,504.25,2026-07-20T08:43:59+00:00
RMT-002893,ACCT-000070,B0086,2033-01-08,221.24,2026-07-20T08:43:59+00:00
RMT-002894,ACCT-000109,B0086,2033-01-08,421.17,2026-07-20T08:43:59+00:00
RMT-002895,ACCT-000051,B0086,2033-01-08,130.14,2026-07-20T08:43:59+00:00
RMT-002896,ACCT-000092,B0086,2033-01-08,1098.76,2026-07-20T08:43:59+00:00
RMT-002897,ACCT-000261,B0086,2033-01-08,504.37,2026-07-20T08:43:59+00:00
RMT-002898,ACCT-000300,B0086,2033-01-08,273.42,2026-07-20T08:43:59+00:00
RMT-002899,ACCT-000176,B0086,2033-01-08,94.04,2026-07-20T08:43:59+00:00
RMT-002900,ACCT-000188,B0086,2033-01-08,735.42,2026-07-20T08:43:59+00:00
RMT-002901,ACCT-000165,B0086,2033-01-08,652.67,2026-07-20T08:43:59+00:00
RMT-002902,ACCT-000080,B0086,2033-01-08,369.53,2026-07-20T08:43:59+00:00
RMT-002903,ACCT-000086,B0086,2033-01-08,231.82,2026-07-20T08:43:59+00:00
RMT-002904,ACCT-000152,B0086,2033-01-08,63.41,2026-07-20T08:43:59+00:00
RMT-002905,ACCT-000108,B0086,2033-01-08,388.41,2026-07-20T08:43:59+00:00
RMT-002906,ACCT-000311,B0086,2033-01-08,705.06,2026-07-20T08:43:59+00:00
RMT-002907,ACCT-000159,B0086,2033-01-08,155.22,2026-07-20T08:43:59+00:00
RMT-002908,ACCT-000111,B0086,2033-01-08,265.17,2026-07-20T08:43:59+00:00
RMT-002909,ACCT-000011,B0086,2033-01-08,364.64,2026-07-20T08:43:59+00:00
RMT-002910,ACCT-000028,B0086,2033-01-08,373.88,2026-07-20T08:43:59+00:00
RMT-002911,ACCT-000374,B0086,2033-01-08,321.81,2026-07-20T08:43:59+00:00
RMT-002912,ACCT-000375,B0086,2033-01-08,714.92,2026-07-20T08:43:59+00:00
RMT-002913,ACCT-000376,B0086,2033-01-08,754.69,2026-07-20T08:43:59+00:00
RMT-002914,ACCT-000189,B0087,2033-02-07,410.57,2026-07-20T11:38:03+00:00
RMT-002915,ACCT-000177,B0087,2033-02-07,867.5,2026-07-20T11:38:03+00:00
RMT-002916,ACCT-000364,B0087,2033-02-07,636.46,2026-07-20T11:38:03+00:00
RMT-002917,ACCT-000106,B0087,2033-02-07,844.14,2026-07-20T11:38:03+00:00
RMT-002918,ACCT-000088,B0087,2033-02-07,555.2,2026-07-20T11:38:03+00:00
RMT-002919,ACCT-000023,B0087,2033-02-07,441.04,2026-07-20T11:38:03+00:00
RMT-002920,ACCT-000367,B0087,2033-02-07,1116.53,2026-07-20T11:38:03+00:00
RMT-002921,ACCT-000195,B0087,2033-02-07,814.26,2026-07-20T11:38:03+00:00
RMT-002922,ACCT-000049,B0087,2033-02-07,618.55,2026-07-20T11:38:03+00:00
RMT-002923,ACCT-000300,B0087,2033-02-07,943.97,2026-07-20T11:38:03+00:00
RMT-002924,ACCT-000021,B0087,2033-02-07,602.41,2026-07-20T11:38:03+00:00
RMT-002925,ACCT-000136,B0087,2033-02-07,198.54,2026-07-20T11:38:03+00:00
RMT-002926,ACCT-000071,B0087,2033-02-07,184.7,2026-07-20T11:38:03+00:00
RMT-002927,ACCT-000208,B0087,2033-02-07,921.69,2026-07-20T11:38:03+00:00
RMT-002928,ACCT-000039,B0087,2033-02-07,342.66,2026-07-20T11:38:03+00:00
RMT-002929,ACCT-000307,B0087,2033-02-07,741.29,2026-07-20T11:38:03+00:00
RMT-002930,ACCT-000224,B0087,2033-02-07,502.39,2026-07-20T11:38:03+00:00
RMT-002931,ACCT-000284,B0087,2033-02-07,647.1,2026-07-20T11:38:03+00:00
RMT-002932,ACCT-000265,B0087,2033-02-07,623.76,2026-07-20T11:38:03+00:00
RMT-002933,ACCT-000244,B0087,2033-02-07,491.67,2026-07-20T11:38:03+00:00
RMT-002934,ACCT-000040,B0087,2033-02-07,826.71,2026-07-20T11:38:03+00:00
RMT-002935,ACCT-000215,B0087,2033-02-07,402.21,2026-07-20T11:38:03+00:00
RMT-002936,ACCT-000055,B0087,2033-02-07,750.5,2026-07-20T11:38:03+00:00
RMT-002937,ACCT-000128,B0087,2033-02-07,313.26,2026-07-20T11:38:03+00:00
RMT-002938,ACCT-000345,B0087,2033-02-07,195.25,2026-07-20T11:38:03+00:00
RMT-002939,ACCT-000206,B0087,2033-02-07,335.42,2026-07-20T11:38:03+00:00
RMT-002940,ACCT-000139,B0087,2033-02-07,83.05,2026-07-20T11:38:03+00:00
RMT-002941,ACCT-000102,B0087,2033-02-07,714.38,2026-07-20T11:38:03+00:00
RMT-002942,ACCT-000257,B0087,2033-02-07,229.82,2026-07-20T11:38:03+00:00
RMT-002943,ACCT-000187,B0087,2033-02-07,640.82,2026-07-20T11:38:03+00:00
RMT-002944,ACCT-000236,B0087,2033-02-07,1031.83,2026-07-20T11:38:03+00:00
RMT-002945,ACCT-000377,B0087,2033-02-07,776.2,2026-07-20T11:38:03+00:00
RMT-002946,ACCT-000378,B0087,2033-02-07,144.99,2026-07-20T11:38:03+00:00
RMT-002947,ACCT-000379,B0087,2033-02-07,998.06,2026-07-20T11:38:03+00:00
RMT-002948,ACCT-000342,B0088,2033-03-09,139.49,2026-07-20T13:51:08+00:00
RMT-002949,ACCT-000023,B0088,2033-03-09,18.91,2026-07-20T13:51:08+00:00
RMT-002950,ACCT-000104,B0088,2033-03-09,417.23,2026-07-20T13:51:08+00:00
RMT-002951,ACCT-000306,B0088,2033-03-09,888.87,2026-07-20T13:51:08+00:00
RMT-002952,ACCT-000230,B0088,2033-03-09,251.36,2026-07-20T13:51:08+00:00
RMT-002953,ACCT-000136,B0088,2033-03-09,656.96,2026-07-20T13:51:08+00:00
RMT-002954,ACCT-000139,B0088,2033-03-09,70.69,2026-07-20T13:51:08+00:00
RMT-002955,ACCT-000249,B0088,2033-03-09,218.6,2026-07-20T13:51:08+00:00
RMT-002956,ACCT-000367,B0088,2033-03-09,429.71,2026-07-20T13:51:08+00:00
RMT-002957,ACCT-000325,B0088,2033-03-09,764.41,2026-07-20T13:51:08+00:00
RMT-002958,ACCT-000100,B0088,2033-03-09,1123.42,2026-07-20T13:51:08+00:00
RMT-002959,ACCT-000351,B0088,2033-03-09,128.65,2026-07-20T13:51:08+00:00
RMT-002960,ACCT-000376,B0088,2033-03-09,785.08,2026-07-20T13:51:08+00:00
RMT-002961,ACCT-000361,B0088,2033-03-09,617.9,2026-07-20T13:51:08+00:00
RMT-002962,ACCT-000179,B0088,2033-03-09,423.81,2026-07-20T13:51:08+00:00
RMT-002963,ACCT-000357,B0088,2033-03-09,232.29,2026-07-20T13:51:08+00:00
RMT-002964,ACCT-000267,B0088,2033-03-09,354.81,2026-07-20T13:51:08+00:00
RMT-002965,ACCT-000315,B0088,2033-03-09,169.78,2026-07-20T13:51:08+00:00
RMT-002966,ACCT-000229,B0088,2033-03-09,509.39,2026-07-20T13:51:08+00:00
RMT-002967,ACCT-000013,B0088,2033-03-09,479.97,2026-07-20T13:51:08+00:00
RMT-002968,ACCT-000057,B0088,2033-03-09,560.03,2026-07-20T13:51:08+00:00
RMT-002969,ACCT-000045,B0088,2033-03-09,870.35,2026-07-20T13:51:08+00:00
RMT-002970,ACCT-000180,B0088,2033-03-09,514.51,2026-07-20T13:51:08+00:00
RMT-002971,ACCT-000010,B0088,2033-03-09,367.83,2026-07-20T13:51:08+00:00
RMT-002972,ACCT-000156,B0088,2033-03-09,415.12,2026-07-20T13:51:08+00:00
RMT-002973,ACCT-000061,B0088,2033-03-09,512.26,2026-07-20T13:51:08+00:00
RMT-002974,ACCT-000141,B0088,2033-03-09,501.07,2026-07-20T13:51:08+00:00
RMT-002975,ACCT-000157,B0088,2033-03-09,39.51,2026-07-20T13:51:08+00:00
RMT-002976,ACCT-000207,B0088,2033-03-09,294.51,2026-07-20T13:51:08+00:00
RMT-002977,ACCT-000160,B0088,2033-03-09,334.1,2026-07-20T13:51:08+00:00
RMT-002978,ACCT-000187,B0088,2033-03-09,365.98,2026-07-20T13:51:08+00:00
RMT-002979,ACCT-000303,B0088,2033-03-09,268.26,2026-07-20T13:51:08+00:00
RMT-002980,ACCT-000380,B0088,2033-03-09,187.65,2026-07-20T13:51:08+00:00
RMT-002981,ACCT-000381,B0088,2033-03-09,129.47,2026-07-20T13:51:08+00:00
RMT-002982,ACCT-000382,B0088,2033-03-09,1111.03,2026-07-20T13:51:08+00:00
RMT-002983,ACCT-000383,B0088,2033-03-09,838.09,2026-07-20T13:51:08+00:00
RMT-002984,ACCT-000183,B0089,2033-04-08,524.09,2026-07-20T15:46:17+00:00
RMT-002985,ACCT-000214,B0089,2033-04-08,393.15,2026-07-20T15:46:17+00:00
RMT-002986,ACCT-000099,B0089,2033-04-08,72.06,2026-07-20T15:46:17+00:00
RMT-002987,ACCT-000363,B0089,2033-04-08,672.72,2026-07-20T15:46:17+00:00
RMT-002988,ACCT-000177,B0089,2033-04-08,978.59,2026-07-20T15:46:17+00:00
RMT-002989,ACCT-000150,B0089,2033-04-08,211.17,2026-07-20T15:46:17+00:00
RMT-002990,ACCT-000010,B0089,2033-04-08,71.85,2026-07-20T15:46:17+00:00
RMT-002991,ACCT-000182,B0089,2033-04-08,1219.44,2026-07-20T15:46:17+00:00
RMT-002992,ACCT-000229,B0089,2033-04-08,273.57,2026-07-20T15:46:17+00:00
RMT-002993,ACCT-000073,B0089,2033-04-08,479.17,2026-07-20T15:46:17+00:00
RMT-002994,ACCT-000359,B0089,2033-04-08,207.46,2026-07-20T15:46:17+00:00
RMT-002995,ACCT-000097,B0089,2033-04-08,166.81,2026-07-20T15:46:17+00:00
RMT-002996,ACCT-000145,B0089,2033-04-08,475.22,2026-07-20T15:46:17+00:00
RMT-002997,ACCT-000323,B0089,2033-04-08,78.83,2026-07-20T15:46:17+00:00
RMT-002998,ACCT-000088,B0089,2033-04-08,433.88,2026-07-20T15:46:17+00:00
RMT-002999,ACCT-000220,B0089,2033-04-08,259.65,2026-07-20T15:46:17+00:00
RMT-003000,ACCT-000348,B0089,2033-04-08,98.83,2026-07-20T15:46:17+00:00
RMT-003001,ACCT-000049,B0089,2033-04-08,500.31,2026-07-20T15:46:17+00:00
RMT-003002,ACCT-000259,B0089,2033-04-08,558.51,2026-07-20T15:46:17+00:00
RMT-003003,ACCT-000248,B0089,2033-04-08,102.12,2026-07-20T15:46:17+00:00
RMT-003004,ACCT-000115,B0089,2033-04-08,354.09,2026-07-20T15:46:17+00:00
RMT-003005,ACCT-000318,B0089,2033-04-08,600.52,2026-07-20T15:46:17+00:00
RMT-003006,ACCT-000187,B0089,2033-04-08,439.91,2026-07-20T15:46:17+00:00
RMT-003007,ACCT-000143,B0089,2033-04-08,292.96,2026-07-20T15:46:17+00:00
RMT-003008,ACCT-000037,B0089,2033-04-08,183.0,2026-07-20T15:46:17+00:00
RMT-003009,ACCT-000224,B0089,2033-04-08,868.19,2026-07-20T15:46:17+00:00
RMT-003010,ACCT-000017,B0089,2033-04-08,295.83,2026-07-20T15:46:17+00:00
RMT-003011,ACCT-000287,B0089,2033-04-08,231.41,2026-07-20T15:46:17+00:00
RMT-003012,ACCT-000242,B0089,2033-04-08,797.4,2026-07-20T15:46:17+00:00
RMT-003013,ACCT-000272,B0089,2033-04-08,1124.75,2026-07-20T15:46:17+00:00
RMT-003014,ACCT-000384,B0089,2033-04-08,873.83,2026-07-20T15:46:17+00:00
RMT-003015,ACCT-000385,B0089,2033-04-08,347.75,2026-07-20T15:46:17+00:00
RMT-003016,ACCT-000386,B0089,2033-04-08,216.8,2026-07-20T15:46:17+00:00
RMT-003017,ACCT-000187,B0090,2033-05-08,303.58,2026-07-20T17:26:24+00:00
RMT-003018,ACCT-000113,B0090,2033-05-08,353.75,2026-07-20T17:26:24+00:00
RMT-003019,ACCT-000076,B0090,2033-05-08,216.36,2026-07-20T17:26:24+00:00
RMT-003020,ACCT-000028,B0090,2033-05-08,284.33,2026-07-20T17:26:24+00:00
RMT-003021,ACCT-000106,B0090,2033-05-08,595.56,2026-07-20T17:26:24+00:00
RMT-003022,ACCT-000157,B0090,2033-05-08,1041.49,2026-07-20T17:26:24+00:00
RMT-003023,ACCT-000342,B0090,2033-05-08,274.48,2026-07-20T17:26:24+00:00
RMT-003024,ACCT-000037,B0090,2033-05-08,830.42,2026-07-20T17:26:24+00:00
RMT-003025,ACCT-000193,B0090,2033-05-08,769.02,2026-07-20T17:26:24+00:00
RMT-003026,ACCT-000313,B0090,2033-05-08,213.51,2026-07-20T17:26:24+00:00
RMT-003027,ACCT-000141,B0090,2033-05-08,1016.92,2026-07-20T17:26:24+00:00
RMT-003028,ACCT-000020,B0090,2033-05-08,475.37,2026-07-20T17:26:24+00:00
RMT-003029,ACCT-000057,B0090,2033-05-08,557.31,2026-07-20T17:26:24+00:00
RMT-003030,ACCT-000357,B0090,2033-05-08,828.07,2026-07-20T17:26:24+00:00
RMT-003031,ACCT-000144,B0090,2033-05-08,87.82,2026-07-20T17:26:24+00:00
RMT-003032,ACCT-000096,B0090,2033-05-08,131.48,2026-07-20T17:26:24+00:00
RMT-003033,ACCT-000333,B0090,2033-05-08,1181.93,2026-07-20T17:26:24+00:00
RMT-003034,ACCT-000283,B0090,2033-05-08,891.56,2026-07-20T17:26:24+00:00
RMT-003035,ACCT-000124,B0090,2033-05-08,457.77,2026-07-20T17:26:24+00:00
RMT-003036,ACCT-000221,B0090,2033-05-08,898.19,2026-07-20T17:26:24+00:00
RMT-003037,ACCT-000347,B0090,2033-05-08,322.81,2026-07-20T17:26:24+00:00
RMT-003038,ACCT-000374,B0090,2033-05-08,447.3,2026-07-20T17:26:24+00:00
RMT-003039,ACCT-000185,B0090,2033-05-08,757.05,2026-07-20T17:26:24+00:00
RMT-003040,ACCT-000292,B0090,2033-05-08,861.06,2026-07-20T17:26:24+00:00
RMT-003041,ACCT-000158,B0090,2033-05-08,240.22,2026-07-20T17:26:24+00:00
RMT-003042,ACCT-000326,B0090,2033-05-08,297.01,2026-07-20T17:26:24+00:00
RMT-003043,ACCT-000308,B0090,2033-05-08,67.67,2026-07-20T17:26:24+00:00
RMT-003044,ACCT-000029,B0090,2033-05-08,297.21,2026-07-20T17:26:24+00:00
RMT-003045,ACCT-000387,B0090,2033-05-08,415.45,2026-07-20T17:26:24+00:00
RMT-003046,ACCT-000388,B0090,2033-05-08,308.87,2026-07-20T17:26:24+00:00
RMT-003047,ACCT-000203,B0091,2033-06-07,104.9,2026-07-20T19:12:47+00:00
RMT-003048,ACCT-000387,B0091,2033-06-07,671.31,2026-07-20T19:12:47+00:00
RMT-003049,ACCT-000131,B0091,2033-06-07,1168.7,2026-07-20T19:12:47+00:00
RMT-003050,ACCT-000272,B0091,2033-06-07,602.33,2026-07-20T19:12:47+00:00
RMT-003051,ACCT-000126,B0091,2033-06-07,509.83,2026-07-20T19:12:47+00:00
RMT-003052,ACCT-000209,B0091,2033-06-07,621.55,2026-07-20T19:12:47+00:00
RMT-003053,ACCT-000178,B0091,2033-06-07,477.83,2026-07-20T19:12:47+00:00
RMT-003054,ACCT-000285,B0091,2033-06-07,327.19,2026-07-20T19:12:47+00:00
RMT-003055,ACCT-000273,B0091,2033-06-07,273.54,2026-07-20T19:12:47+00:00
RMT-003056,ACCT-000128,B0091,2033-06-07,317.28,2026-07-20T19:12:47+00:00
RMT-003057,ACCT-000216,B0091,2033-06-07,574.83,2026-07-20T19:12:47+00:00
RMT-003058,ACCT-000347,B0091,2033-06-07,504.56,2026-07-20T19:12:47+00:00
RMT-003059,ACCT-000068,B0091,2033-06-07,104.6,2026-07-20T19:12:47+00:00
RMT-003060,ACCT-000306,B0091,2033-06-07,31.23,2026-07-20T19:12:47+00:00
RMT-003061,ACCT-000245,B0091,2033-06-07,507.21,2026-07-20T19:12:47+00:00
RMT-003062,ACCT-000124,B0091,2033-06-07,95.96,2026-07-20T19:12:47+00:00
RMT-003063,ACCT-000310,B0091,2033-06-07,722.11,2026-07-20T19:12:47+00:00
RMT-003064,ACCT-000327,B0091,2033-06-07,717.53,2026-07-20T19:12:47+00:00
RMT-003065,ACCT-000162,B0091,2033-06-07,199.58,2026-07-20T19:12:47+00:00
RMT-003066,ACCT-000291,B0091,2033-06-07,898.95,2026-07-20T19:12:47+00:00
RMT-003067,ACCT-000167,B0091,2033-06-07,658.33,2026-07-20T19:12:47+00:00
RMT-003068,ACCT-000146,B0091,2033-06-07,332.52,2026-07-20T19:12:47+00:00
RMT-003069,ACCT-000301,B0091,2033-06-07,88.11,2026-07-20T19:12:47+00:00
RMT-003070,ACCT-000038,B0091,2033-06-07,523.65,2026-07-20T19:12:47+00:00
RMT-003071,ACCT-000080,B0091,2033-06-07,225.08,2026-07-20T19:12:47+00:00
RMT-003072,ACCT-000087,B0091,2033-06-07,752.43,2026-07-20T19:12:47+00:00
RMT-003073,ACCT-000052,B0091,2033-06-07,1033.78,2026-07-20T19:12:47+00:00
RMT-003074,ACCT-000230,B0091,2033-06-07,252.07,2026-07-20T19:12:47+00:00
RMT-003075,ACCT-000366,B0091,2033-06-07,168.53,2026-07-20T19:12:47+00:00
RMT-003076,ACCT-000158,B0091,2033-06-07,787.89,2026-07-20T19:12:47+00:00
RMT-003077,ACCT-000305,B0091,2033-06-07,619.23,2026-07-20T19:12:47+00:00
RMT-003078,ACCT-000170,B0091,2033-06-07,362.9,2026-07-20T19:12:47+00:00
RMT-003079,ACCT-000247,B0091,2033-06-07,206.39,2026-07-20T19:12:47+00:00
RMT-003080,ACCT-000389,B0091,2033-06-07,323.07,2026-07-20T19:12:47+00:00
RMT-003081,ACCT-000390,B0091,2033-06-07,255.27,2026-07-20T19:12:47+00:00
RMT-003082,ACCT-000316,B0092,2033-07-07,292.64,2026-07-20T20:47:08+00:00
RMT-003083,ACCT-000198,B0092,2033-07-07,1006.42,2026-07-20T20:47:08+00:00
RMT-003084,ACCT-000317,B0092,2033-07-07,354.95,2026-07-20T20:47:08+00:00
RMT-003085,ACCT-000063,B0092,2033-07-07,84.56,2026-07-20T20:47:08+00:00
RMT-003086,ACCT-000348,B0092,2033-07-07,272.56,2026-07-20T20:47:08+00:00
RMT-003087,ACCT-000221,B0092,2033-07-07,543.91,2026-07-20T20:47:08+00:00
RMT-003088,ACCT-000373,B0092,2033-07-07,106.75,2026-07-20T20:47:08+00:00
RMT-003089,ACCT-000183,B0092,2033-07-07,584.63,2026-07-20T20:47:08+00:00
RMT-003090,ACCT-000219,B0092,2033-07-07,466.82,2026-07-20T20:47:08+00:00
RMT-003091,ACCT-000058,B0092,2033-07-07,70.59,2026-07-20T20:47:08+00:00
RMT-003092,ACCT-000334,B0092,2033-07-07,371.48,2026-07-20T20:47:08+00:00
RMT-003093,ACCT-000236,B0092,2033-07-07,343.7,2026-07-20T20:47:08+00:00
RMT-003094,ACCT-000284,B0092,2033-07-07,1159.23,2026-07-20T20:47:08+00:00
RMT-003095,ACCT-000380,B0092,2033-07-07,343.28,2026-07-20T20:47:08+00:00
RMT-003096,ACCT-000387,B0092,2033-07-07,151.83,2026-07-20T20:47:08+00:00
RMT-003097,ACCT-000383,B0092,2033-07-07,1048.19,2026-07-20T20:47:08+00:00
RMT-003098,ACCT-000086,B0092,2033-07-07,624.88,2026-07-20T20:47:08+00:00
RMT-003099,ACCT-000161,B0092,2033-07-07,521.62,2026-07-20T20:47:08+00:00
RMT-003100,ACCT-000076,B0092,2033-07-07,497.14,2026-07-20T20:47:08+00:00
RMT-003101,ACCT-000248,B0092,2033-07-07,114.79,2026-07-20T20:47:08+00:00
RMT-003102,ACCT-000067,B0092,2033-07-07,1106.02,2026-07-20T20:47:08+00:00
RMT-003103,ACCT-000164,B0092,2033-07-07,811.11,2026-07-20T20:47:08+00:00
RMT-003104,ACCT-000009,B0092,2033-07-07,774.19,2026-07-20T20:47:08+00:00
RMT-003105,ACCT-000237,B0092,2033-07-07,232.74,2026-07-20T20:47:08+00:00
RMT-003106,ACCT-000305,B0092,2033-07-07,263.45,2026-07-20T20:47:08+00:00
RMT-003107,ACCT-000301,B0092,2033-07-07,861.99,2026-07-20T20:47:08+00:00
RMT-003108,ACCT-000126,B0092,2033-07-07,602.85,2026-07-20T20:47:08+00:00
RMT-003109,ACCT-000391,B0092,2033-07-07,535.61,2026-07-20T20:47:08+00:00
RMT-003110,ACCT-000392,B0092,2033-07-07,602.57,2026-07-20T20:47:08+00:00
RMT-003111,ACCT-000050,B0093,2033-08-06,404.7,2026-07-20T21:56:08+00:00
RMT-003112,ACCT-000077,B0093,2033-08-06,858.29,2026-07-20T21:56:08+00:00
RMT-003113,ACCT-000183,B0093,2033-08-06,158.78,2026-07-20T21:56:08+00:00
RMT-003114,ACCT-000238,B0093,2033-08-06,848.83,2026-07-20T21:56:08+00:00
RMT-003115,ACCT-000236,B0093,2033-08-06,615.98,2026-07-20T21:56:08+00:00
RMT-003116,ACCT-000054,B0093,2033-08-06,688.2,2026-07-20T21:56:08+00:00
RMT-003117,ACCT-000081,B0093,2033-08-06,662.57,2026-07-20T21:56:08+00:00
RMT-003118,ACCT-000221,B0093,2033-08-06,334.32,2026-07-20T21:56:08+00:00
RMT-003119,ACCT-000351,B0093,2033-08-06,765.88,2026-07-20T21:56:08+00:00
RMT-003120,ACCT-000324,B0093,2033-08-06,608.05,2026-07-20T21:56:08+00:00
RMT-003121,ACCT-000385,B0093,2033-08-06,249.64,2026-07-20T21:56:08+00:00
RMT-003122,ACCT-000088,B0093,2033-08-06,359.36,2026-07-20T21:56:08+00:00
RMT-003123,ACCT-000219,B0093,2033-08-06,592.69,2026-07-20T21:56:08+00:00
RMT-003124,ACCT-000141,B0093,2033-08-06,793.93,2026-07-20T21:56:08+00:00
RMT-003125,ACCT-000062,B0093,2033-08-06,295.91,2026-07-20T21:56:08+00:00
RMT-003126,ACCT-000200,B0093,2033-08-06,761.9,2026-07-20T21:56:08+00:00
RMT-003127,ACCT-000233,B0093,2033-08-06,126.75,2026-07-20T21:56:08+00:00
RMT-003128,ACCT-000375,B0093,2033-08-06,392.87,2026-07-20T21:56:08+00:00
RMT-003129,ACCT-000182,B0093,2033-08-06,599.76,2026-07-20T21:56:08+00:00
RMT-003130,ACCT-000392,B0093,2033-08-06,1050.48,2026-07-20T21:56:08+00:00
RMT-003131,ACCT-000014,B0093,2033-08-06,362.33,2026-07-20T21:56:08+00:00
RMT-003132,ACCT-000023,B0093,2033-08-06,728.57,2026-07-20T21:56:08+00:00
RMT-003133,ACCT-000044,B0093,2033-08-06,639.02,2026-07-20T21:56:08+00:00
RMT-003134,ACCT-000312,B0093,2033-08-06,357.73,2026-07-20T21:56:08+00:00
RMT-003135,ACCT-000161,B0093,2033-08-06,848.29,2026-07-20T21:56:08+00:00
RMT-003136,ACCT-000007,B0093,2033-08-06,617.8,2026-07-20T21:56:08+00:00
RMT-003137,ACCT-000311,B0093,2033-08-06,614.81,2026-07-20T21:56:08+00:00
RMT-003138,ACCT-000353,B0093,2033-08-06,266.58,2026-07-20T21:56:08+00:00
RMT-003139,ACCT-000249,B0093,2033-08-06,540.22,2026-07-20T21:56:08+00:00
RMT-003140,ACCT-000393,B0093,2033-08-06,196.66,2026-07-20T21:56:08+00:00
RMT-003141,ACCT-000394,B0093,2033-08-06,731.39,2026-07-20T21:56:08+00:00
RMT-003142,ACCT-000395,B0093,2033-08-06,78.37,2026-07-20T21:56:08+00:00
RMT-003143,ACCT-000271,B0094,2033-09-05,860.96,2026-07-20T22:52:55+00:00
RMT-003144,ACCT-000352,B0094,2033-09-05,555.28,2026-07-20T22:52:55+00:00
RMT-003145,ACCT-000198,B0094,2033-09-05,905.13,2026-07-20T22:52:55+00:00
RMT-003146,ACCT-000240,B0094,2033-09-05,343.96,2026-07-20T22:52:55+00:00
RMT-003147,ACCT-000249,B0094,2033-09-05,325.93,2026-07-20T22:52:55+00:00
RMT-003148,ACCT-000042,B0094,2033-09-05,745.22,2026-07-20T22:52:55+00:00
RMT-003149,ACCT-000321,B0094,2033-09-05,362.77,2026-07-20T22:52:55+00:00
RMT-003150,ACCT-000027,B0094,2033-09-05,472.69,2026-07-20T22:52:55+00:00
RMT-003151,ACCT-000107,B0094,2033-09-05,1162.05,2026-07-20T22:52:55+00:00
RMT-003152,ACCT-000328,B0094,2033-09-05,959.79,2026-07-20T22:52:55+00:00
RMT-003153,ACCT-000390,B0094,2033-09-05,389.92,2026-07-20T22:52:55+00:00
RMT-003154,ACCT-000068,B0094,2033-09-05,630.71,2026-07-20T22:52:55+00:00
RMT-003155,ACCT-000038,B0094,2033-09-05,542.39,2026-07-20T22:52:55+00:00
RMT-003156,ACCT-000226,B0094,2033-09-05,406.72,2026-07-20T22:52:55+00:00
RMT-003157,ACCT-000121,B0094,2033-09-05,322.03,2026-07-20T22:52:55+00:00
RMT-003158,ACCT-000341,B0094,2033-09-05,1315.31,2026-07-20T22:52:55+00:00
RMT-003159,ACCT-000064,B0094,2033-09-05,312.25,2026-07-20T22:52:55+00:00
RMT-003160,ACCT-000065,B0094,2033-09-05,868.51,2026-07-20T22:52:55+00:00
RMT-003161,ACCT-000152,B0094,2033-09-05,533.2,2026-07-20T22:52:55+00:00
RMT-003162,ACCT-000367,B0094,2033-09-05,323.36,2026-07-20T22:52:55+00:00
RMT-003163,ACCT-000325,B0094,2033-09-05,272.74,2026-07-20T22:52:55+00:00
RMT-003164,ACCT-000217,B0094,2033-09-05,682.0,2026-07-20T22:52:55+00:00
RMT-003165,ACCT-000301,B0094,2033-09-05,842.34,2026-07-20T22:52:55+00:00
RMT-003166,ACCT-000213,B0094,2033-09-05,384.89,2026-07-20T22:52:55+00:00
RMT-003167,ACCT-000207,B0094,2033-09-05,796.94,2026-07-20T22:52:55+00:00
RMT-003168,ACCT-000025,B0094,2033-09-05,183.83,2026-07-20T22:52:55+00:00
RMT-003169,ACCT-000396,B0094,2033-09-05,358.47,2026-07-20T22:52:55+00:00
RMT-003170,ACCT-000397,B0094,2033-09-05,520.72,2026-07-20T22:52:55+00:00
RMT-003171,ACCT-000396,B0095,2033-10-05,662.02,2026-07-20T23:49:56+00:00
RMT-003172,ACCT-000057,B0095,2033-10-05,378.35,2026-07-20T23:49:56+00:00
RMT-003173,ACCT-000001,B0095,2033-10-05,679.34,2026-07-20T23:49:56+00:00
RMT-003174,ACCT-000189,B0095,2033-10-05,280.27,2026-07-20T23:49:56+00:00
RMT-003175,ACCT-000170,B0095,2033-10-05,551.55,2026-07-20T23:49:56+00:00
RMT-003176,ACCT-000300,B0095,2033-10-05,569.81,2026-07-20T23:49:56+00:00
RMT-003177,ACCT-000360,B0095,2033-10-05,764.46,2026-07-20T23:49:56+00:00
RMT-003178,ACCT-000359,B0095,2033-10-05,405.15,2026-07-20T23:49:56+00:00
RMT-003179,ACCT-000381,B0095,2033-10-05,325.63,2026-07-20T23:49:56+00:00
RMT-003180,ACCT-000297,B0095,2033-10-05,183.74,2026-07-20T23:49:56+00:00
RMT-003181,ACCT-000257,B0095,2033-10-05,893.54,2026-07-20T23:49:56+00:00
RMT-003182,ACCT-000193,B0095,2033-10-05,898.92,2026-07-20T23:49:56+00:00
RMT-003183,ACCT-000166,B0095,2033-10-05,125.49,2026-07-20T23:49:56+00:00
RMT-003184,ACCT-000337,B0095,2033-10-05,583.49,2026-07-20T23:49:56+00:00
RMT-003185,ACCT-000279,B0095,2033-10-05,1063.61,2026-07-20T23:49:56+00:00
RMT-003186,ACCT-000325,B0095,2033-10-05,794.77,2026-07-20T23:49:56+00:00
RMT-003187,ACCT-000039,B0095,2033-10-05,329.91,2026-07-20T23:49:56+00:00
RMT-003188,ACCT-000205,B0095,2033-10-05,398.8,2026-07-20T23:49:56+00:00
RMT-003189,ACCT-000362,B0095,2033-10-05,349.9,2026-07-20T23:49:56+00:00
RMT-003190,ACCT-000066,B0095,2033-10-05,967.38,2026-07-20T23:49:56+00:00
RMT-003191,ACCT-000134,B0095,2033-10-05,586.72,2026-07-20T23:49:56+00:00
RMT-003192,ACCT-000127,B0095,2033-10-05,96.41,2026-07-20T23:49:56+00:00
RMT-003193,ACCT-000293,B0095,2033-10-05,12.72,2026-07-20T23:49:56+00:00
RMT-003194,ACCT-000283,B0095,2033-10-05,133.24,2026-07-20T23:49:56+00:00
RMT-003195,ACCT-000228,B0095,2033-10-05,415.02,2026-07-20T23:49:56+00:00
RMT-003196,ACCT-000398,B0095,2033-10-05,1075.83,2026-07-20T23:49:56+00:00
RMT-003197,ACCT-000399,B0095,2033-10-05,923.7,2026-07-20T23:49:56+00:00
RMT-003198,ACCT-000400,B0095,2033-10-05,702.81,2026-07-20T23:49:56+00:00
RMT-003199,ACCT-000401,B0095,2033-10-05,1077.93,2026-07-20T23:49:56+00:00
RMT-003200,ACCT-000180,B0096,2033-11-04,638.37,2026-07-21T01:53:50+00:00
RMT-003201,ACCT-000071,B0096,2033-11-04,162.56,2026-07-21T01:53:50+00:00
RMT-003202,ACCT-000013,B0096,2033-11-04,396.27,2026-07-21T01:53:50+00:00
RMT-003203,ACCT-000123,B0096,2033-11-04,145.2,2026-07-21T01:53:50+00:00
RMT-003204,ACCT-000073,B0096,2033-11-04,1115.43,2026-07-21T01:53:50+00:00
RMT-003205,ACCT-000352,B0096,2033-11-04,89.74,2026-07-21T01:53:50+00:00
RMT-003206,ACCT-000283,B0096,2033-11-04,477.43,2026-07-21T01:53:50+00:00
RMT-003207,ACCT-000308,B0096,2033-11-04,292.65,2026-07-21T01:53:50+00:00
RMT-003208,ACCT-000032,B0096,2033-11-04,528.39,2026-07-21T01:53:50+00:00
RMT-003209,ACCT-000229,B0096,2033-11-04,719.58,2026-07-21T01:53:50+00:00
RMT-003210,ACCT-000297,B0096,2033-11-04,759.84,2026-07-21T01:53:50+00:00
RMT-003211,ACCT-000398,B0096,2033-11-04,599.88,2026-07-21T01:53:50+00:00
RMT-003212,ACCT-000085,B0096,2033-11-04,601.72,2026-07-21T01:53:50+00:00
RMT-003213,ACCT-000289,B0096,2033-11-04,1361.13,2026-07-21T01:53:50+00:00
RMT-003214,ACCT-000151,B0096,2033-11-04,534.05,2026-07-21T01:53:50+00:00
RMT-003215,ACCT-000050,B0096,2033-11-04,415.64,2026-07-21T01:53:50+00:00
RMT-003216,ACCT-000384,B0096,2033-11-04,740.71,2026-07-21T01:53:50+00:00
RMT-003217,ACCT-000246,B0096,2033-11-04,1072.52,2026-07-21T01:53:50+00:00
RMT-003218,ACCT-000090,B0096,2033-11-04,342.62,2026-07-21T01:53:50+00:00
RMT-003219,ACCT-000069,B0096,2033-11-04,1466.88,2026-07-21T01:53:50+00:00
RMT-003220,ACCT-000303,B0096,2033-11-04,699.4,2026-07-21T01:53:50+00:00
RMT-003221,ACCT-000171,B0096,2033-11-04,830.37,2026-07-21T01:53:50+00:00
RMT-003222,ACCT-000278,B0096,2033-11-04,900.95,2026-07-21T01:53:50+00:00
RMT-003223,ACCT-000120,B0096,2033-11-04,550.44,2026-07-21T01:53:50+00:00
RMT-003224,ACCT-000159,B0096,2033-11-04,760.89,2026-07-21T01:53:50+00:00
RMT-003225,ACCT-000014,B0096,2033-11-04,771.33,2026-07-21T01:53:50+00:00
RMT-003226,ACCT-000179,B0096,2033-11-04,976.82,2026-07-21T01:53:50+00:00
RMT-003227,ACCT-000270,B0096,2033-11-04,626.78,2026-07-21T01:53:50+00:00
RMT-003228,ACCT-000273,B0096,2033-11-04,946.26,2026-07-21T01:53:50+00:00
RMT-003229,ACCT-000402,B0096,2033-11-04,335.05,2026-07-21T01:53:50+00:00
RMT-003230,ACCT-000403,B0096,2033-11-04,874.89,2026-07-21T01:53:50+00:00
RMT-003231,ACCT-000404,B0096,2033-11-04,846.57,2026-07-21T01:53:50+00:00
RMT-003232,ACCT-000046,B0097,2033-12-04,290.36,2026-07-21T05:14:21+00:00
RMT-003233,ACCT-000037,B0097,2033-12-04,371.53,2026-07-21T05:14:21+00:00
RMT-003234,ACCT-000121,B0097,2033-12-04,680.81,2026-07-21T05:14:21+00:00
RMT-003235,ACCT-000236,B0097,2033-12-04,892.69,2026-07-21T05:14:21+00:00
RMT-003236,ACCT-000201,B0097,2033-12-04,887.97,2026-07-21T05:14:21+00:00
RMT-003237,ACCT-000324,B0097,2033-12-04,480.43,2026-07-21T05:14:21+00:00
RMT-003238,ACCT-000384,B0097,2033-12-04,425.03,2026-07-21T05:14:21+00:00
RMT-003239,ACCT-000357,B0097,2033-12-04,392.94,2026-07-21T05:14:21+00:00
RMT-003240,ACCT-000117,B0097,2033-12-04,410.48,2026-07-21T05:14:21+00:00
RMT-003241,ACCT-000295,B0097,2033-12-04,677.09,2026-07-21T05:14:21+00:00
RMT-003242,ACCT-000065,B0097,2033-12-04,58.21,2026-07-21T05:14:21+00:00
RMT-003243,ACCT-000328,B0097,2033-12-04,973.71,2026-07-21T05:14:21+00:00
RMT-003244,ACCT-000272,B0097,2033-12-04,681.17,2026-07-21T05:14:21+00:00
RMT-003245,ACCT-000090,B0097,2033-12-04,247.67,2026-07-21T05:14:21+00:00
RMT-003246,ACCT-000076,B0097,2033-12-04,926.52,2026-07-21T05:14:21+00:00
RMT-003247,ACCT-000006,B0097,2033-12-04,321.12,2026-07-21T05:14:21+00:00
RMT-003248,ACCT-000401,B0097,2033-12-04,418.95,2026-07-21T05:14:21+00:00
RMT-003249,ACCT-000207,B0097,2033-12-04,849.65,2026-07-21T05:14:21+00:00
RMT-003250,ACCT-000041,B0097,2033-12-04,345.77,2026-07-21T05:14:21+00:00
RMT-003251,ACCT-000105,B0097,2033-12-04,686.04,2026-07-21T05:14:21+00:00
RMT-003252,ACCT-000226,B0097,2033-12-04,900.92,2026-07-21T05:14:21+00:00
RMT-003253,ACCT-000332,B0097,2033-12-04,402.01,2026-07-21T05:14:21+00:00
RMT-003254,ACCT-000051,B0097,2033-12-04,55.66,2026-07-21T05:14:21+00:00
RMT-003255,ACCT-000237,B0097,2033-12-04,293.21,2026-07-21T05:14:21+00:00
RMT-003256,ACCT-000310,B0097,2033-12-04,673.08,2026-07-21T05:14:21+00:00
RMT-003257,ACCT-000346,B0097,2033-12-04,132.51,2026-07-21T05:14:21+00:00
RMT-003258,ACCT-000377,B0097,2033-12-04,618.41,2026-07-21T05:14:21+00:00
RMT-003259,ACCT-000027,B0097,2033-12-04,277.29,2026-07-21T05:14:21+00:00
RMT-003260,ACCT-000220,B0097,2033-12-04,695.61,2026-07-21T05:14:21+00:00
RMT-003261,ACCT-000082,B0097,2033-12-04,807.14,2026-07-21T05:14:21+00:00
RMT-003262,ACCT-000354,B0097,2033-12-04,218.87,2026-07-21T05:14:21+00:00
RMT-003263,ACCT-000280,B0097,2033-12-04,667.01,2026-07-21T05:14:21+00:00
RMT-003264,ACCT-000329,B0097,2033-12-04,755.56,2026-07-21T05:14:21+00:00
RMT-003265,ACCT-000365,B0097,2033-12-04,41.41,2026-07-21T05:14:21+00:00
RMT-003266,ACCT-000405,B0097,2033-12-04,150.72,2026-07-21T05:14:21+00:00
RMT-003267,ACCT-000406,B0097,2033-12-04,834.55,2026-07-21T05:14:21+00:00
RMT-003268,ACCT-000066,B0098,2034-01-03,858.27,2026-07-21T07:53:12+00:00
RMT-003269,ACCT-000071,B0098,2034-01-03,446.79,2026-07-21T07:53:12+00:00
RMT-003270,ACCT-000195,B0098,2034-01-03,225.94,2026-07-21T07:53:12+00:00
RMT-003271,ACCT-000275,B0098,2034-01-03,330.96,2026-07-21T07:53:12+00:00
RMT-003272,ACCT-000301,B0098,2034-01-03,98.23,2026-07-21T07:53:12+00:00
RMT-003273,ACCT-000248,B0098,2034-01-03,509.22,2026-07-21T07:53:12+00:00
RMT-003274,ACCT-000099,B0098,2034-01-03,1161.98,2026-07-21T07:53:12+00:00
RMT-003275,ACCT-000182,B0098,2034-01-03,694.54,2026-07-21T07:53:12+00:00
RMT-003276,ACCT-000072,B0098,2034-01-03,767.24,2026-07-21T07:53:12+00:00
RMT-003277,ACCT-000354,B0098,2034-01-03,508.18,2026-07-21T07:53:12+00:00
RMT-003278,ACCT-000303,B0098,2034-01-03,548.74,2026-07-21T07:53:12+00:00
RMT-003279,ACCT-000388,B0098,2034-01-03,347.73,2026-07-21T07:53:12+00:00
RMT-003280,ACCT-000328,B0098,2034-01-03,260.77,2026-07-21T07:53:12+00:00
RMT-003281,ACCT-000176,B0098,2034-01-03,693.61,2026-07-21T07:53:12+00:00
RMT-003282,ACCT-000245,B0098,2034-01-03,642.14,2026-07-21T07:53:12+00:00
RMT-003283,ACCT-000390,B0098,2034-01-03,228.74,2026-07-21T07:53:12+00:00
RMT-003284,ACCT-000392,B0098,2034-01-03,1091.51,2026-07-21T07:53:12+00:00
RMT-003285,ACCT-000104,B0098,2034-01-03,167.36,2026-07-21T07:53:12+00:00
RMT-003286,ACCT-000011,B0098,2034-01-03,1134.04,2026-07-21T07:53:12+00:00
RMT-003287,ACCT-000061,B0098,2034-01-03,247.64,2026-07-21T07:53:12+00:00
RMT-003288,ACCT-000218,B0098,2034-01-03,233.55,2026-07-21T07:53:12+00:00
RMT-003289,ACCT-000284,B0098,2034-01-03,965.17,2026-07-21T07:53:12+00:00
RMT-003290,ACCT-000160,B0098,2034-01-03,41.07,2026-07-21T07:53:12+00:00
RMT-003291,ACCT-000210,B0098,2034-01-03,442.92,2026-07-21T07:53:12+00:00
RMT-003292,ACCT-000166,B0098,2034-01-03,936.99,2026-07-21T07:53:12+00:00
RMT-003293,ACCT-000155,B0098,2034-01-03,326.81,2026-07-21T07:53:12+00:00
RMT-003294,ACCT-000038,B0098,2034-01-03,243.4,2026-07-21T07:53:12+00:00
RMT-003295,ACCT-000079,B0098,2034-01-03,501.12,2026-07-21T07:53:12+00:00
RMT-003296,ACCT-000134,B0098,2034-01-03,129.97,2026-07-21T07:53:12+00:00
RMT-003297,ACCT-000319,B0098,2034-01-03,215.15,2026-07-21T07:53:12+00:00
RMT-003298,ACCT-000168,B0098,2034-01-03,283.92,2026-07-21T07:53:12+00:00
RMT-003299,ACCT-000407,B0098,2034-01-03,393.84,2026-07-21T07:53:12+00:00
RMT-003300,ACCT-000408,B0098,2034-01-03,600.41,2026-07-21T07:53:12+00:00
RMT-003301,ACCT-000409,B0098,2034-01-03,790.16,2026-07-21T07:53:12+00:00
RMT-003302,ACCT-000337,B0099,2034-02-02,534.62,2026-07-21T10:18:23+00:00
RMT-003303,ACCT-000013,B0099,2034-02-02,692.95,2026-07-21T10:18:23+00:00
RMT-003304,ACCT-000313,B0099,2034-02-02,586.93,2026-07-21T10:18:23+00:00
RMT-003305,ACCT-000341,B0099,2034-02-02,944.37,2026-07-21T10:18:23+00:00
RMT-003306,ACCT-000127,B0099,2034-02-02,275.32,2026-07-21T10:18:23+00:00
RMT-003307,ACCT-000230,B0099,2034-02-02,748.25,2026-07-21T10:18:23+00:00
RMT-003308,ACCT-000319,B0099,2034-02-02,514.25,2026-07-21T10:18:23+00:00
RMT-003309,ACCT-000118,B0099,2034-02-02,222.23,2026-07-21T10:18:23+00:00
RMT-003310,ACCT-000174,B0099,2034-02-02,487.75,2026-07-21T10:18:23+00:00
RMT-003311,ACCT-000018,B0099,2034-02-02,634.06,2026-07-21T10:18:23+00:00
RMT-003312,ACCT-000136,B0099,2034-02-02,635.08,2026-07-21T10:18:23+00:00
RMT-003313,ACCT-000345,B0099,2034-02-02,681.46,2026-07-21T10:18:23+00:00
RMT-003314,ACCT-000295,B0099,2034-02-02,525.47,2026-07-21T10:18:23+00:00
RMT-003315,ACCT-000186,B0099,2034-02-02,598.36,2026-07-21T10:18:23+00:00
RMT-003316,ACCT-000189,B0099,2034-02-02,1136.84,2026-07-21T10:18:23+00:00
RMT-003317,ACCT-000193,B0099,2034-02-02,835.73,2026-07-21T10:18:23+00:00
RMT-003318,ACCT-000079,B0099,2034-02-02,437.72,2026-07-21T10:18:23+00:00
RMT-003319,ACCT-000041,B0099,2034-02-02,739.99,2026-07-21T10:18:23+00:00
RMT-003320,ACCT-000187,B0099,2034-02-02,1134.81,2026-07-21T10:18:23+00:00
RMT-003321,ACCT-000099,B0099,2034-02-02,545.94,2026-07-21T10:18:23+00:00
RMT-003322,ACCT-000078,B0099,2034-02-02,572.29,2026-07-21T10:18:23+00:00
RMT-003323,ACCT-000375,B0099,2034-02-02,136.49,2026-07-21T10:18:23+00:00
RMT-003324,ACCT-000206,B0099,2034-02-02,274.36,2026-07-21T10:18:23+00:00
RMT-003325,ACCT-000208,B0099,2034-02-02,144.39,2026-07-21T10:18:23+00:00
RMT-003326,ACCT-000063,B0099,2034-02-02,1043.6,2026-07-21T10:18:23+00:00
RMT-003327,ACCT-000138,B0099,2034-02-02,137.52,2026-07-21T10:18:23+00:00
RMT-003328,ACCT-000256,B0099,2034-02-02,695.02,2026-07-21T10:18:23+00:00
RMT-003329,ACCT-000395,B0099,2034-02-02,303.1,2026-07-21T10:18:23+00:00
RMT-003330,ACCT-000148,B0099,2034-02-02,656.34,2026-07-21T10:18:23+00:00
RMT-003331,ACCT-000410,B0099,2034-02-02,779.04,2026-07-21T10:18:23+00:00
RMT-003332,ACCT-000411,B0099,2034-02-02,1111.16,2026-07-21T10:18:23+00:00
RMT-003333,ACCT-000412,B0099,2034-02-02,528.58,2026-07-21T10:18:23+00:00
RMT-003334,ACCT-000413,B0099,2034-02-02,912.79,2026-07-21T10:18:23+00:00
RMT-003335,ACCT-000401,B0100,2034-03-04,441.18,2026-07-21T12:07:07+00:00
RMT-003336,ACCT-000241,B0100,2034-03-04,747.04,2026-07-21T12:07:07+00:00
RMT-003337,ACCT-000288,B0100,2034-03-04,757.35,2026-07-21T12:07:07+00:00
RMT-003338,ACCT-000185,B0100,2034-03-04,18.78,2026-07-21T12:07:07+00:00
RMT-003339,ACCT-000373,B0100,2034-03-04,191.6,2026-07-21T12:07:07+00:00
RMT-003340,ACCT-000194,B0100,2034-03-04,236.58,2026-07-21T12:07:07+00:00
RMT-003341,ACCT-000116,B0100,2034-03-04,225.03,2026-07-21T12:07:07+00:00
RMT-003342,ACCT-000317,B0100,2034-03-04,548.72,2026-07-21T12:07:07+00:00
RMT-003343,ACCT-000077,B0100,2034-03-04,199.44,2026-07-21T12:07:07+00:00
RMT-003344,ACCT-000393,B0100,2034-03-04,303.77,2026-07-21T12:07:07+00:00
RMT-003345,ACCT-000206,B0100,2034-03-04,349.54,2026-07-21T12:07:07+00:00
RMT-003346,ACCT-000090,B0100,2034-03-04,287.85,2026-07-21T12:07:07+00:00
RMT-003347,ACCT-000153,B0100,2034-03-04,1154.37,2026-07-21T12:07:07+00:00
RMT-003348,ACCT-000214,B0100,2034-03-04,879.39,2026-07-21T12:07:07+00:00
RMT-003349,ACCT-000052,B0100,2034-03-04,584.6,2026-07-21T12:07:07+00:00
RMT-003350,ACCT-000269,B0100,2034-03-04,750.32,2026-07-21T12:07:07+00:00
RMT-003351,ACCT-000133,B0100,2034-03-04,214.19,2026-07-21T12:07:07+00:00
RMT-003352,ACCT-000382,B0100,2034-03-04,848.93,2026-07-21T12:07:07+00:00
RMT-003353,ACCT-000396,B0100,2034-03-04,770.36,2026-07-21T12:07:07+00:00
RMT-003354,ACCT-000072,B0100,2034-03-04,381.77,2026-07-21T12:07:07+00:00
RMT-003355,ACCT-000306,B0100,2034-03-04,459.71,2026-07-21T12:07:07+00:00
RMT-003356,ACCT-000320,B0100,2034-03-04,336.09,2026-07-21T12:07:07+00:00
RMT-003357,ACCT-000100,B0100,2034-03-04,508.58,2026-07-21T12:07:07+00:00
RMT-003358,ACCT-000291,B0100,2034-03-04,737.82,2026-07-21T12:07:07+00:00
RMT-003359,ACCT-000271,B0100,2034-03-04,689.26,2026-07-21T12:07:07+00:00
RMT-003360,ACCT-000285,B0100,2034-03-04,955.06,2026-07-21T12:07:07+00:00
RMT-003361,ACCT-000058,B0100,2034-03-04,298.8,2026-07-21T12:07:07+00:00
RMT-003362,ACCT-000365,B0100,2034-03-04,542.77,2026-07-21T12:07:07+00:00
RMT-003363,ACCT-000414,B0100,2034-03-04,441.35,2026-07-21T12:07:07+00:00
RMT-003364,ACCT-000415,B0100,2034-03-04,88.04,2026-07-21T12:07:07+00:00
RMT-003365,ACCT-000405,B0101,2034-04-03,707.77,2026-07-21T14:32:06+00:00
RMT-003366,ACCT-000091,B0101,2034-04-03,243.1,2026-07-21T14:32:06+00:00
RMT-003367,ACCT-000050,B0101,2034-04-03,322.69,2026-07-21T14:32:06+00:00
RMT-003368,ACCT-000159,B0101,2034-04-03,457.17,2026-07-21T14:32:06+00:00
RMT-003369,ACCT-000104,B0101,2034-04-03,742.06,2026-07-21T14:32:06+00:00
RMT-003370,ACCT-000010,B0101,2034-04-03,251.22,2026-07-21T14:32:06+00:00
RMT-003371,ACCT-000028,B0101,2034-04-03,859.7,2026-07-21T14:32:06+00:00
RMT-003372,ACCT-000373,B0101,2034-04-03,707.11,2026-07-21T14:32:06+00:00
RMT-003373,ACCT-000318,B0101,2034-04-03,122.68,2026-07-21T14:32:06+00:00
RMT-003374,ACCT-000275,B0101,2034-04-03,1048.65,2026-07-21T14:32:06+00:00
RMT-003375,ACCT-000364,B0101,2034-04-03,337.66,2026-07-21T14:32:06+00:00
RMT-003376,ACCT-000383,B0101,2034-04-03,378.76,2026-07-21T14:32:06+00:00
RMT-003377,ACCT-000136,B0101,2034-04-03,477.77,2026-07-21T14:32:06+00:00
RMT-003378,ACCT-000073,B0101,2034-04-03,426.04,2026-07-21T14:32:06+00:00
RMT-003379,ACCT-000128,B0101,2034-04-03,814.96,2026-07-21T14:32:06+00:00
RMT-003380,ACCT-000404,B0101,2034-04-03,343.34,2026-07-21T14:32:06+00:00
RMT-003381,ACCT-000304,B0101,2034-04-03,330.66,2026-07-21T14:32:06+00:00
RMT-003382,ACCT-000309,B0101,2034-04-03,337.06,2026-07-21T14:32:06+00:00
RMT-003383,ACCT-000160,B0101,2034-04-03,382.2,2026-07-21T14:32:06+00:00
RMT-003384,ACCT-000332,B0101,2034-04-03,527.44,2026-07-21T14:32:06+00:00
RMT-003385,ACCT-000107,B0101,2034-04-03,579.91,2026-07-21T14:32:06+00:00
RMT-003386,ACCT-000363,B0101,2034-04-03,355.28,2026-07-21T14:32:06+00:00
RMT-003387,ACCT-000204,B0101,2034-04-03,895.06,2026-07-21T14:32:06+00:00
RMT-003388,ACCT-000274,B0101,2034-04-03,325.73,2026-07-21T14:32:06+00:00
RMT-003389,ACCT-000400,B0101,2034-04-03,271.79,2026-07-21T14:32:06+00:00
RMT-003390,ACCT-000394,B0101,2034-04-03,150.74,2026-07-21T14:32:06+00:00
RMT-003391,ACCT-000320,B0101,2034-04-03,605.77,2026-07-21T14:32:06+00:00
RMT-003392,ACCT-000030,B0101,2034-04-03,812.99,2026-07-21T14:32:06+00:00
RMT-003393,ACCT-000353,B0101,2034-04-03,905.24,2026-07-21T14:32:06+00:00
RMT-003394,ACCT-000237,B0101,2034-04-03,189.98,2026-07-21T14:32:06+00:00
RMT-003395,ACCT-000261,B0101,2034-04-03,344.01,2026-07-21T14:32:06+00:00
RMT-003396,ACCT-000262,B0101,2034-04-03,122.5,2026-07-21T14:32:06+00:00
RMT-003397,ACCT-000416,B0101,2034-04-03,1086.62,2026-07-21T14:32:06+00:00
RMT-003398,ACCT-000417,B0101,2034-04-03,867.8,2026-07-21T14:32:06+00:00
RMT-003399,ACCT-000413,B0102,2034-05-03,976.14,2026-07-21T16:17:34+00:00
RMT-003400,ACCT-000129,B0102,2034-05-03,270.61,2026-07-21T16:17:34+00:00
RMT-003401,ACCT-000172,B0102,2034-05-03,385.34,2026-07-21T16:17:34+00:00
RMT-003402,ACCT-000377,B0102,2034-05-03,525.24,2026-07-21T16:17:34+00:00
RMT-003403,ACCT-000196,B0102,2034-05-03,537.15,2026-07-21T16:17:34+00:00
RMT-003404,ACCT-000398,B0102,2034-05-03,231.85,2026-07-21T16:17:34+00:00
RMT-003405,ACCT-000292,B0102,2034-05-03,537.43,2026-07-21T16:17:34+00:00
RMT-003406,ACCT-000303,B0102,2034-05-03,528.42,2026-07-21T16:17:34+00:00
RMT-003407,ACCT-000311,B0102,2034-05-03,357.64,2026-07-21T16:17:34+00:00
RMT-003408,ACCT-000287,B0102,2034-05-03,891.97,2026-07-21T16:17:34+00:00
RMT-003409,ACCT-000063,B0102,2034-05-03,724.54,2026-07-21T16:17:34+00:00
RMT-003410,ACCT-000181,B0102,2034-05-03,371.03,2026-07-21T16:17:34+00:00
RMT-003411,ACCT-000220,B0102,2034-05-03,223.29,2026-07-21T16:17:34+00:00
RMT-003412,ACCT-000326,B0102,2034-05-03,624.82,2026-07-21T16:17:34+00:00
RMT-003413,ACCT-000156,B0102,2034-05-03,55.77,2026-07-21T16:17:34+00:00
RMT-003414,ACCT-000290,B0102,2034-05-03,687.69,2026-07-21T16:17:34+00:00
RMT-003415,ACCT-000194,B0102,2034-05-03,518.07,2026-07-21T16:17:34+00:00
RMT-003416,ACCT-000026,B0102,2034-05-03,36.9,2026-07-21T16:17:34+00:00
RMT-003417,ACCT-000213,B0102,2034-05-03,828.02,2026-07-21T16:17:34+00:00
RMT-003418,ACCT-000323,B0102,2034-05-03,466.82,2026-07-21T16:17:34+00:00
RMT-003419,ACCT-000346,B0102,2034-05-03,1013.0,2026-07-21T16:17:34+00:00
RMT-003420,ACCT-000328,B0102,2034-05-03,365.08,2026-07-21T16:17:34+00:00
RMT-003421,ACCT-000178,B0102,2034-05-03,145.65,2026-07-21T16:17:34+00:00
RMT-003422,ACCT-000336,B0102,2034-05-03,471.64,2026-07-21T16:17:34+00:00
RMT-003423,ACCT-000018,B0102,2034-05-03,563.36,2026-07-21T16:17:34+00:00
RMT-003424,ACCT-000099,B0102,2034-05-03,725.51,2026-07-21T16:17:34+00:00
RMT-003425,ACCT-000418,B0102,2034-05-03,752.74,2026-07-21T16:17:34+00:00
RMT-003426,ACCT-000419,B0102,2034-05-03,949.73,2026-07-21T16:17:34+00:00
RMT-003427,ACCT-000420,B0102,2034-05-03,628.09,2026-07-21T16:17:34+00:00
RMT-003428,ACCT-000421,B0102,2034-05-03,477.99,2026-07-21T16:17:34+00:00
RMT-003429,ACCT-000368,B0103,2034-06-02,1139.64,2026-07-21T17:51:00+00:00
RMT-003430,ACCT-000301,B0103,2034-06-02,461.25,2026-07-21T17:51:00+00:00
RMT-003431,ACCT-000228,B0103,2034-06-02,480.41,2026-07-21T17:51:00+00:00
RMT-003432,ACCT-000408,B0103,2034-06-02,892.83,2026-07-21T17:51:00+00:00
RMT-003433,ACCT-000026,B0103,2034-06-02,423.13,2026-07-21T17:51:00+00:00
RMT-003434,ACCT-000240,B0103,2034-06-02,930.69,2026-07-21T17:51:00+00:00
RMT-003435,ACCT-000219,B0103,2034-06-02,511.79,2026-07-21T17:51:00+00:00
RMT-003436,ACCT-000185,B0103,2034-06-02,417.47,2026-07-21T17:51:00+00:00
RMT-003437,ACCT-000147,B0103,2034-06-02,158.97,2026-07-21T17:51:00+00:00
RMT-003438,ACCT-000005,B0103,2034-06-02,963.48,2026-07-21T17:51:00+00:00
RMT-003439,ACCT-000145,B0103,2034-06-02,492.06,2026-07-21T17:51:00+00:00
RMT-003440,ACCT-000241,B0103,2034-06-02,332.06,2026-07-21T17:51:00+00:00
RMT-003441,ACCT-000403,B0103,2034-06-02,591.1,2026-07-21T17:51:00+00:00
RMT-003442,ACCT-000257,B0103,2034-06-02,1031.71,2026-07-21T17:51:00+00:00
RMT-003443,ACCT-000244,B0103,2034-06-02,976.36,2026-07-21T17:51:00+00:00
RMT-003444,ACCT-000310,B0103,2034-06-02,633.75,2026-07-21T17:51:00+00:00
RMT-003445,ACCT-000134,B0103,2034-06-02,211.36,2026-07-21T17:51:00+00:00
RMT-003446,ACCT-000162,B0103,2034-06-02,249.82,2026-07-21T17:51:00+00:00
RMT-003447,ACCT-000348,B0103,2034-06-02,236.96,2026-07-21T17:51:00+00:00
RMT-003448,ACCT-000003,B0103,2034-06-02,407.02,2026-07-21T17:51:00+00:00
RMT-003449,ACCT-000388,B0103,2034-06-02,1149.26,2026-07-21T17:51:00+00:00
RMT-003450,ACCT-000102,B0103,2034-06-02,194.39,2026-07-21T17:51:00+00:00
RMT-003451,ACCT-000099,B0103,2034-06-02,310.76,2026-07-21T17:51:00+00:00
RMT-003452,ACCT-000004,B0103,2034-06-02,721.03,2026-07-21T17:51:00+00:00
RMT-003453,ACCT-000084,B0103,2034-06-02,1038.81,2026-07-21T17:51:00+00:00
RMT-003454,ACCT-000189,B0103,2034-06-02,148.43,2026-07-21T17:51:00+00:00
RMT-003455,ACCT-000080,B0103,2034-06-02,337.15,2026-07-21T17:51:00+00:00
RMT-003456,ACCT-000316,B0103,2034-06-02,176.62,2026-07-21T17:51:00+00:00
RMT-003457,ACCT-000227,B0103,2034-06-02,212.87,2026-07-21T17:51:00+00:00
RMT-003458,ACCT-000072,B0103,2034-06-02,35.8,2026-07-21T17:51:00+00:00
RMT-003459,ACCT-000045,B0103,2034-06-02,314.23,2026-07-21T17:51:00+00:00
RMT-003460,ACCT-000048,B0103,2034-06-02,679.55,2026-07-21T17:51:00+00:00
RMT-003461,ACCT-000422,B0103,2034-06-02,230.12,2026-07-21T17:51:00+00:00
RMT-003462,ACCT-000423,B0103,2034-06-02,860.81,2026-07-21T17:51:00+00:00
RMT-003463,ACCT-000219,B0104,2034-07-02,1077.13,2026-07-21T19:06:40+00:00
RMT-003464,ACCT-000385,B0104,2034-07-02,240.25,2026-07-21T19:06:40+00:00
RMT-003465,ACCT-000051,B0104,2034-07-02,151.69,2026-07-21T19:06:40+00:00
RMT-003466,ACCT-000070,B0104,2034-07-02,215.11,2026-07-21T19:06:40+00:00
RMT-003467,ACCT-000295,B0104,2034-07-02,375.84,2026-07-21T19:06:40+00:00
RMT-003468,ACCT-000384,B0104,2034-07-02,935.36,2026-07-21T19:06:40+00:00
RMT-003469,ACCT-000351,B0104,2034-07-02,629.22,2026-07-21T19:06:40+00:00
RMT-003470,ACCT-000099,B0104,2034-07-02,421.1,2026-07-21T19:06:40+00:00
RMT-003471,ACCT-000172,B0104,2034-07-02,284.18,2026-07-21T19:06:40+00:00
RMT-003472,ACCT-000262,B0104,2034-07-02,805.35,2026-07-21T19:06:40+00:00
RMT-003473,ACCT-000009,B0104,2034-07-02,940.35,2026-07-21T19:06:40+00:00
RMT-003474,ACCT-000363,B0104,2034-07-02,80.11,2026-07-21T19:06:40+00:00
RMT-003475,ACCT-000316,B0104,2034-07-02,671.31,2026-07-21T19:06:40+00:00
RMT-003476,ACCT-000398,B0104,2034-07-02,652.74,2026-07-21T19:06:40+00:00
RMT-003477,ACCT-000206,B0104,2034-07-02,249.14,2026-07-21T19:06:40+00:00
RMT-003478,ACCT-000199,B0104,2034-07-02,506.27,2026-07-21T19:06:40+00:00
RMT-003479,ACCT-000423,B0104,2034-07-02,673.84,2026-07-21T19:06:40+00:00
RMT-003480,ACCT-000047,B0104,2034-07-02,563.18,2026-07-21T19:06:40+00:00
RMT-003481,ACCT-000102,B0104,2034-07-02,300.04,2026-07-21T19:06:40+00:00
RMT-003482,ACCT-000077,B0104,2034-07-02,464.41,2026-07-21T19:06:40+00:00
RMT-003483,ACCT-000388,B0104,2034-07-02,431.39,2026-07-21T19:06:40+00:00
RMT-003484,ACCT-000163,B0104,2034-07-02,483.81,2026-07-21T19:06:40+00:00
RMT-003485,ACCT-000177,B0104,2034-07-02,620.47,2026-07-21T19:06:40+00:00
RMT-003486,ACCT-000171,B0104,2034-07-02,959.83,2026-07-21T19:06:40+00:00
RMT-003487,ACCT-000243,B0104,2034-07-02,102.45,2026-07-21T19:06:40+00:00
RMT-003488,ACCT-000389,B0104,2034-07-02,687.63,2026-07-21T19:06:40+00:00
RMT-003489,ACCT-000355,B0104,2034-07-02,1006.55,2026-07-21T19:06:40+00:00
RMT-003490,ACCT-000279,B0104,2034-07-02,688.65,2026-07-21T19:06:40+00:00
RMT-003491,ACCT-000021,B0104,2034-07-02,1270.6,2026-07-21T19:06:40+00:00
RMT-003492,ACCT-000084,B0104,2034-07-02,171.18,2026-07-21T19:06:40+00:00
RMT-003493,ACCT-000227,B0104,2034-07-02,606.09,2026-07-21T19:06:40+00:00
RMT-003494,ACCT-000417,B0104,2034-07-02,256.04,2026-07-21T19:06:40+00:00
RMT-003495,ACCT-000424,B0104,2034-07-02,400.97,2026-07-21T19:06:40+00:00
RMT-003496,ACCT-000425,B0104,2034-07-02,904.26,2026-07-21T19:06:40+00:00
RMT-003497,ACCT-000206,B0105,2034-08-01,706.59,2026-07-21T20:41:36+00:00
RMT-003498,ACCT-000245,B0105,2034-08-01,813.15,2026-07-21T20:41:36+00:00
RMT-003499,ACCT-000361,B0105,2034-08-01,174.5,2026-07-21T20:41:36+00:00
RMT-003500,ACCT-000219,B0105,2034-08-01,351.08,2026-07-21T20:41:36+00:00
RMT-003501,ACCT-000211,B0105,2034-08-01,228.61,2026-07-21T20:41:36+00:00
RMT-003502,ACCT-000185,B0105,2034-08-01,739.18,2026-07-21T20:41:36+00:00
RMT-003503,ACCT-000242,B0105,2034-08-01,606.0,2026-07-21T20:41:36+00:00
RMT-003504,ACCT-000188,B0105,2034-08-01,171.43,2026-07-21T20:41:36+00:00
RMT-003505,ACCT-000378,B0105,2034-08-01,592.01,2026-07-21T20:41:36+00:00
RMT-003506,ACCT-000258,B0105,2034-08-01,712.62,2026-07-21T20:41:36+00:00
RMT-003507,ACCT-000168,B0105,2034-08-01,690.57,2026-07-21T20:41:36+00:00
RMT-003508,ACCT-000124,B0105,2034-08-01,511.22,2026-07-21T20:41:36+00:00
RMT-003509,ACCT-000078,B0105,2034-08-01,382.94,2026-07-21T20:41:36+00:00
RMT-003510,ACCT-000145,B0105,2034-08-01,347.43,2026-07-21T20:41:36+00:00
RMT-003511,ACCT-000371,B0105,2034-08-01,468.57,2026-07-21T20:41:36+00:00
RMT-003512,ACCT-000131,B0105,2034-08-01,559.95,2026-07-21T20:41:36+00:00
RMT-003513,ACCT-000008,B0105,2034-08-01,245.41,2026-07-21T20:41:36+00:00
RMT-003514,ACCT-000357,B0105,2034-08-01,54.85,2026-07-21T20:41:36+00:00
RMT-003515,ACCT-000405,B0105,2034-08-01,279.93,2026-07-21T20:41:36+00:00
RMT-003516,ACCT-000031,B0105,2034-08-01,821.96,2026-07-21T20:41:36+00:00
RMT-003517,ACCT-000375,B0105,2034-08-01,563.32,2026-07-21T20:41:36+00:00
RMT-003518,ACCT-000030,B0105,2034-08-01,1192.29,2026-07-21T20:41:36+00:00
RMT-003519,ACCT-000153,B0105,2034-08-01,326.48,2026-07-21T20:41:36+00:00
RMT-003520,ACCT-000274,B0105,2034-08-01,152.92,2026-07-21T20:41:36+00:00
RMT-003521,ACCT-000037,B0105,2034-08-01,875.01,2026-07-21T20:41:36+00:00
RMT-003522,ACCT-000222,B0105,2034-08-01,210.1,2026-07-21T20:41:36+00:00
RMT-003523,ACCT-000419,B0105,2034-08-01,850.69,2026-07-21T20:41:36+00:00
RMT-003524,ACCT-000079,B0105,2034-08-01,587.81,2026-07-21T20:41:36+00:00
RMT-003525,ACCT-000214,B0105,2034-08-01,98.22,2026-07-21T20:41:36+00:00
RMT-003526,ACCT-000298,B0105,2034-08-01,351.01,2026-07-21T20:41:36+00:00
RMT-003527,ACCT-000426,B0105,2034-08-01,484.26,2026-07-21T20:41:36+00:00
RMT-003528,ACCT-000427,B0105,2034-08-01,22.84,2026-07-21T20:41:36+00:00
RMT-003529,ACCT-000428,B0105,2034-08-01,334.42,2026-07-21T20:41:36+00:00
RMT-003530,ACCT-000227,B0106,2034-08-31,209.64,2026-07-21T21:57:51+00:00
RMT-003531,ACCT-000091,B0106,2034-08-31,844.73,2026-07-21T21:57:51+00:00
RMT-003532,ACCT-000229,B0106,2034-08-31,499.78,2026-07-21T21:57:51+00:00
RMT-003533,ACCT-000214,B0106,2034-08-31,433.18,2026-07-21T21:57:51+00:00
RMT-003534,ACCT-000310,B0106,2034-08-31,878.26,2026-07-21T21:57:51+00:00
RMT-003535,ACCT-000109,B0106,2034-08-31,283.32,2026-07-21T21:57:51+00:00
RMT-003536,ACCT-000284,B0106,2034-08-31,857.59,2026-07-21T21:57:51+00:00
RMT-003537,ACCT-000428,B0106,2034-08-31,371.3,2026-07-21T21:57:51+00:00
RMT-003538,ACCT-000105,B0106,2034-08-31,249.14,2026-07-21T21:57:51+00:00
RMT-003539,ACCT-000192,B0106,2034-08-31,131.21,2026-07-21T21:57:51+00:00
RMT-003540,ACCT-000426,B0106,2034-08-31,841.85,2026-07-21T21:57:51+00:00
RMT-003541,ACCT-000346,B0106,2034-08-31,328.92,2026-07-21T21:57:51+00:00
RMT-003542,ACCT-000077,B0106,2034-08-31,169.38,2026-07-21T21:57:51+00:00
RMT-003543,ACCT-000016,B0106,2034-08-31,469.63,2026-07-21T21:57:51+00:00
RMT-003544,ACCT-000093,B0106,2034-08-31,965.75,2026-07-21T21:57:51+00:00
RMT-003545,ACCT-000419,B0106,2034-08-31,448.58,2026-07-21T21:57:51+00:00
RMT-003546,ACCT-000041,B0106,2034-08-31,312.54,2026-07-21T21:57:51+00:00
RMT-003547,ACCT-000230,B0106,2034-08-31,451.94,2026-07-21T21:57:51+00:00
RMT-003548,ACCT-000092,B0106,2034-08-31,261.48,2026-07-21T21:57:51+00:00
RMT-003549,ACCT-000299,B0106,2034-08-31,391.29,2026-07-21T21:57:51+00:00
RMT-003550,ACCT-000160,B0106,2034-08-31,733.32,2026-07-21T21:57:51+00:00
RMT-003551,ACCT-000058,B0106,2034-08-31,571.86,2026-07-21T21:57:51+00:00
RMT-003552,ACCT-000134,B0106,2034-08-31,886.5,2026-07-21T21:57:51+00:00
RMT-003553,ACCT-000039,B0106,2034-08-31,346.28,2026-07-21T21:57:51+00:00
RMT-003554,ACCT-000146,B0106,2034-08-31,221.3,2026-07-21T21:57:51+00:00
RMT-003555,ACCT-000199,B0106,2034-08-31,511.4,2026-07-21T21:57:51+00:00
RMT-003556,ACCT-000021,B0106,2034-08-31,848.69,2026-07-21T21:57:51+00:00
RMT-003557,ACCT-000033,B0106,2034-08-31,414.94,2026-07-21T21:57:51+00:00
RMT-003558,ACCT-000218,B0106,2034-08-31,705.12,2026-07-21T21:57:51+00:00
RMT-003559,ACCT-000429,B0106,2034-08-31,46.99,2026-07-21T21:57:51+00:00
RMT-003560,ACCT-000430,B0106,2034-08-31,245.92,2026-07-21T21:57:51+00:00
RMT-003561,ACCT-000340,B0107,2034-09-30,246.04,2026-07-21T22:54:38+00:00
RMT-003562,ACCT-000131,B0107,2034-09-30,138.67,2026-07-21T22:54:38+00:00
RMT-003563,ACCT-000178,B0107,2034-09-30,500.27,2026-07-21T22:54:38+00:00
RMT-003564,ACCT-000368,B0107,2034-09-30,104.74,2026-07-21T22:54:38+00:00
RMT-003565,ACCT-000143,B0107,2034-09-30,382.05,2026-07-21T22:54:38+00:00
RMT-003566,ACCT-000421,B0107,2034-09-30,233.25,2026-07-21T22:54:38+00:00
RMT-003567,ACCT-000007,B0107,2034-09-30,256.7,2026-07-21T22:54:38+00:00
RMT-003568,ACCT-000142,B0107,2034-09-30,987.17,2026-07-21T22:54:38+00:00
RMT-003569,ACCT-000134,B0107,2034-09-30,898.41,2026-07-21T22:54:38+00:00
RMT-003570,ACCT-000209,B0107,2034-09-30,1018.02,2026-07-21T22:54:38+00:00
RMT-003571,ACCT-000006,B0107,2034-09-30,301.66,2026-07-21T22:54:38+00:00
RMT-003572,ACCT-000344,B0107,2034-09-30,281.37,2026-07-21T22:54:38+00:00
RMT-003573,ACCT-000033,B0107,2034-09-30,462.68,2026-07-21T22:54:38+00:00
RMT-003574,ACCT-000225,B0107,2034-09-30,277.28,2026-07-21T22:54:38+00:00
RMT-003575,ACCT-000242,B0107,2034-09-30,173.91,2026-07-21T22:54:38+00:00
RMT-003576,ACCT-000309,B0107,2034-09-30,931.46,2026-07-21T22:54:38+00:00
RMT-003577,ACCT-000052,B0107,2034-09-30,504.51,2026-07-21T22:54:38+00:00
RMT-003578,ACCT-000179,B0107,2034-09-30,539.4,2026-07-21T22:54:38+00:00
RMT-003579,ACCT-000224,B0107,2034-09-30,541.12,2026-07-21T22:54:38+00:00
RMT-003580,ACCT-000195,B0107,2034-09-30,392.93,2026-07-21T22:54:38+00:00
RMT-003581,ACCT-000232,B0107,2034-09-30,1308.36,2026-07-21T22:54:38+00:00
RMT-003582,ACCT-000161,B0107,2034-09-30,799.21,2026-07-21T22:54:38+00:00
RMT-003583,ACCT-000329,B0107,2034-09-30,531.1,2026-07-21T22:54:38+00:00
RMT-003584,ACCT-000041,B0107,2034-09-30,145.56,2026-07-21T22:54:38+00:00
RMT-003585,ACCT-000305,B0107,2034-09-30,410.7,2026-07-21T22:54:38+00:00
RMT-003586,ACCT-000108,B0107,2034-09-30,498.75,2026-07-21T22:54:38+00:00
RMT-003587,ACCT-000251,B0107,2034-09-30,667.79,2026-07-21T22:54:38+00:00
RMT-003588,ACCT-000233,B0107,2034-09-30,614.74,2026-07-21T22:54:38+00:00
RMT-003589,ACCT-000020,B0107,2034-09-30,705.69,2026-07-21T22:54:38+00:00
RMT-003590,ACCT-000015,B0107,2034-09-30,705.52,2026-07-21T22:54:38+00:00
RMT-003591,ACCT-000127,B0107,2034-09-30,760.75,2026-07-21T22:54:38+00:00
RMT-003592,ACCT-000372,B0107,2034-09-30,803.21,2026-07-21T22:54:38+00:00
RMT-003593,ACCT-000394,B0107,2034-09-30,82.03,2026-07-21T22:54:38+00:00
RMT-003594,ACCT-000336,B0107,2034-09-30,351.87,2026-07-21T22:54:38+00:00
RMT-003595,ACCT-000431,B0107,2034-09-30,29.58,2026-07-21T22:54:38+00:00
RMT-003596,ACCT-000432,B0107,2034-09-30,301.97,2026-07-21T22:54:38+00:00
RMT-003597,ACCT-000272,B0108,2034-10-30,125.18,2026-07-21T23:50:35+00:00
RMT-003598,ACCT-000430,B0108,2034-10-30,596.79,2026-07-21T23:50:35+00:00
RMT-003599,ACCT-000162,B0108,2034-10-30,399.59,2026-07-21T23:50:35+00:00
RMT-003600,ACCT-000342,B0108,2034-10-30,338.53,2026-07-21T23:50:35+00:00
RMT-003601,ACCT-000387,B0108,2034-10-30,324.16,2026-07-21T23:50:35+00:00
RMT-003602,ACCT-000336,B0108,2034-10-30,242.22,2026-07-21T23:50:35+00:00
RMT-003603,ACCT-000075,B0108,2034-10-30,373.29,2026-07-21T23:50:35+00:00
RMT-003604,ACCT-000315,B0108,2034-10-30,513.65,2026-07-21T23:50:35+00:00
RMT-003605,ACCT-000143,B0108,2034-10-30,130.91,2026-07-21T23:50:35+00:00
RMT-003606,ACCT-000376,B0108,2034-10-30,896.35,2026-07-21T23:50:35+00:00
RMT-003607,ACCT-000058,B0108,2034-10-30,395.51,2026-07-21T23:50:35+00:00
RMT-003608,ACCT-000354,B0108,2034-10-30,318.22,2026-07-21T23:50:35+00:00
RMT-003609,ACCT-000318,B0108,2034-10-30,46.3,2026-07-21T23:50:35+00:00
RMT-003610,ACCT-000050,B0108,2034-10-30,796.38,2026-07-21T23:50:35+00:00
RMT-003611,ACCT-000182,B0108,2034-10-30,1053.15,2026-07-21T23:50:35+00:00
RMT-003612,ACCT-000100,B0108,2034-10-30,497.81,2026-07-21T23:50:35+00:00
RMT-003613,ACCT-000231,B0108,2034-10-30,180.17,2026-07-21T23:50:35+00:00
RMT-003614,ACCT-000383,B0108,2034-10-30,250.03,2026-07-21T23:50:35+00:00
RMT-003615,ACCT-000221,B0108,2034-10-30,325.17,2026-07-21T23:50:35+00:00
RMT-003616,ACCT-000417,B0108,2034-10-30,21.92,2026-07-21T23:50:35+00:00
RMT-003617,ACCT-000280,B0108,2034-10-30,491.44,2026-07-21T23:50:35+00:00
RMT-003618,ACCT-000332,B0108,2034-10-30,465.04,2026-07-21T23:50:35+00:00
RMT-003619,ACCT-000316,B0108,2034-10-30,817.46,2026-07-21T23:50:35+00:00
RMT-003620,ACCT-000307,B0108,2034-10-30,531.05,2026-07-21T23:50:35+00:00
RMT-003621,ACCT-000094,B0108,2034-10-30,138.71,2026-07-21T23:50:35+00:00
RMT-003622,ACCT-000425,B0108,2034-10-30,427.73,2026-07-21T23:50:35+00:00
RMT-003623,ACCT-000301,B0108,2034-10-30,81.57,2026-07-21T23:50:35+00:00
RMT-003624,ACCT-000245,B0108,2034-10-30,823.46,2026-07-21T23:50:35+00:00
RMT-003625,ACCT-000433,B0108,2034-10-30,289.26,2026-07-21T23:50:35+00:00
RMT-003626,ACCT-000434,B0108,2034-10-30,469.66,2026-07-21T23:50:35+00:00
RMT-003627,ACCT-000238,B0109,2034-11-29,46.71,2026-07-22T01:52:33+00:00
RMT-003628,ACCT-000067,B0109,2034-11-29,158.74,2026-07-22T01:52:33+00:00
RMT-003629,ACCT-000412,B0109,2034-11-29,686.07,2026-07-22T01:52:33+00:00
RMT-003630,ACCT-000240,B0109,2034-11-29,735.29,2026-07-22T01:52:33+00:00
RMT-003631,ACCT-000395,B0109,2034-11-29,107.2,2026-07-22T01:52:33+00:00
RMT-003632,ACCT-000352,B0109,2034-11-29,852.71,2026-07-22T01:52:33+00:00
RMT-003633,ACCT-000434,B0109,2034-11-29,449.81,2026-07-22T01:52:33+00:00
RMT-003634,ACCT-000164,B0109,2034-11-29,930.48,2026-07-22T01:52:33+00:00
RMT-003635,ACCT-000239,B0109,2034-11-29,341.98,2026-07-22T01:52:33+00:00
RMT-003636,ACCT-000253,B0109,2034-11-29,378.12,2026-07-22T01:52:33+00:00
RMT-003637,ACCT-000279,B0109,2034-11-29,660.9,2026-07-22T01:52:33+00:00
RMT-003638,ACCT-000012,B0109,2034-11-29,284.17,2026-07-22T01:52:33+00:00
RMT-003639,ACCT-000069,B0109,2034-11-29,801.98,2026-07-22T01:52:33+00:00
RMT-003640,ACCT-000184,B0109,2034-11-29,106.2,2026-07-22T01:52:33+00:00
RMT-003641,ACCT-000393,B0109,2034-11-29,54.21,2026-07-22T01:52:33+00:00
RMT-003642,ACCT-000121,B0109,2034-11-29,260.89,2026-07-22T01:52:33+00:00
RMT-003643,ACCT-000324,B0109,2034-11-29,378.16,2026-07-22T01:52:33+00:00
RMT-003644,ACCT-000355,B0109,2034-11-29,294.05,2026-07-22T01:52:33+00:00
RMT-003645,ACCT-000194,B0109,2034-11-29,386.49,2026-07-22T01:52:33+00:00
RMT-003646,ACCT-000401,B0109,2034-11-29,1121.68,2026-07-22T01:52:33+00:00
RMT-003647,ACCT-000051,B0109,2034-11-29,744.95,2026-07-22T01:52:33+00:00
RMT-003648,ACCT-000152,B0109,2034-11-29,655.04,2026-07-22T01:52:33+00:00
RMT-003649,ACCT-000156,B0109,2034-11-29,699.36,2026-07-22T01:52:33+00:00
RMT-003650,ACCT-000168,B0109,2034-11-29,601.96,2026-07-22T01:52:33+00:00
RMT-003651,ACCT-000403,B0109,2034-11-29,555.58,2026-07-22T01:52:33+00:00
RMT-003652,ACCT-000171,B0109,2034-11-29,544.9,2026-07-22T01:52:33+00:00
RMT-003653,ACCT-000435,B0109,2034-11-29,310.92,2026-07-22T01:52:33+00:00
RMT-003654,ACCT-000436,B0109,2034-11-29,105.74,2026-07-22T01:52:33+00:00
RMT-003655,ACCT-000171,B0110,2034-12-29,449.45,2026-07-22T05:12:58+00:00
RMT-003656,ACCT-000106,B0110,2034-12-29,1143.29,2026-07-22T05:12:58+00:00
RMT-003657,ACCT-000346,B0110,2034-12-29,639.91,2026-07-22T05:12:58+00:00
RMT-003658,ACCT-000294,B0110,2034-12-29,454.27,2026-07-22T05:12:58+00:00
RMT-003659,ACCT-000323,B0110,2034-12-29,1139.8,2026-07-22T05:12:58+00:00
RMT-003660,ACCT-000200,B0110,2034-12-29,895.65,2026-07-22T05:12:58+00:00
RMT-003661,ACCT-000116,B0110,2034-12-29,461.69,2026-07-22T05:12:58+00:00
RMT-003662,ACCT-000243,B0110,2034-12-29,875.75,2026-07-22T05:12:58+00:00
RMT-003663,ACCT-000349,B0110,2034-12-29,511.58,2026-07-22T05:12:58+00:00
RMT-003664,ACCT-000218,B0110,2034-12-29,416.56,2026-07-22T05:12:58+00:00
RMT-003665,ACCT-000176,B0110,2034-12-29,1298.65,2026-07-22T05:12:58+00:00
RMT-003666,ACCT-000325,B0110,2034-12-29,268.51,2026-07-22T05:12:58+00:00
RMT-003667,ACCT-000157,B0110,2034-12-29,874.57,2026-07-22T05:12:58+00:00
RMT-003668,ACCT-000002,B0110,2034-12-29,283.62,2026-07-22T05:12:58+00:00
RMT-003669,ACCT-000111,B0110,2034-12-29,1042.68,2026-07-22T05:12:58+00:00
RMT-003670,ACCT-000235,B0110,2034-12-29,776.13,2026-07-22T05:12:58+00:00
RMT-003671,ACCT-000016,B0110,2034-12-29,867.61,2026-07-22T05:12:58+00:00
RMT-003672,ACCT-000140,B0110,2034-12-29,69.61,2026-07-22T05:12:58+00:00
RMT-003673,ACCT-000096,B0110,2034-12-29,240.76,2026-07-22T05:12:58+00:00
RMT-003674,ACCT-000253,B0110,2034-12-29,633.44,2026-07-22T05:12:58+00:00
RMT-003675,ACCT-000414,B0110,2034-12-29,284.14,2026-07-22T05:12:58+00:00
RMT-003676,ACCT-000042,B0110,2034-12-29,114.9,2026-07-22T05:12:58+00:00
RMT-003677,ACCT-000114,B0110,2034-12-29,168.91,2026-07-22T05:12:58+00:00
RMT-003678,ACCT-000070,B0110,2034-12-29,33.87,2026-07-22T05:12:58+00:00
RMT-003679,ACCT-000285,B0110,2034-12-29,731.91,2026-07-22T05:12:58+00:00
RMT-003680,ACCT-000103,B0110,2034-12-29,480.09,2026-07-22T05:12:58+00:00
RMT-003681,ACCT-000376,B0110,2034-12-29,79.74,2026-07-22T05:12:58+00:00
RMT-003682,ACCT-000129,B0110,2034-12-29,905.21,2026-07-22T05:12:58+00:00
RMT-003683,ACCT-000100,B0110,2034-12-29,213.85,2026-07-22T05:12:58+00:00
RMT-003684,ACCT-000101,B0110,2034-12-29,705.5,2026-07-22T05:12:58+00:00
RMT-003685,ACCT-000076,B0110,2034-12-29,336.42,2026-07-22T05:12:58+00:00
RMT-003686,ACCT-000219,B0110,2034-12-29,366.49,2026-07-22T05:12:58+00:00
RMT-003687,ACCT-000437,B0110,2034-12-29,60.31,2026-07-22T05:12:58+00:00
RMT-003688,ACCT-000438,B0110,2034-12-29,522.43,2026-07-22T05:12:58+00:00
RMT-003689,ACCT-000439,B0110,2034-12-29,589.22,2026-07-22T05:12:58+00:00
RMT-003690,ACCT-000440,B0110,2034-12-29,413.15,2026-07-22T05:12:58+00:00
RMT-003691,ACCT-000012,B0111,2035-01-28,1076.31,2026-07-22T07:53:12+00:00
RMT-003692,ACCT-000147,B0111,2035-01-28,477.3,2026-07-22T07:53:12+00:00
RMT-003693,ACCT-000189,B0111,2035-01-28,552.34,2026-07-22T07:53:12+00:00
RMT-003694,ACCT-000106,B0111,2035-01-28,532.31,2026-07-22T07:53:12+00:00
RMT-003695,ACCT-000022,B0111,2035-01-28,683.89,2026-07-22T07:53:12+00:00
RMT-003696,ACCT-000265,B0111,2035-01-28,159.58,2026-07-22T07:53:12+00:00
RMT-003697,ACCT-000069,B0111,2035-01-28,258.79,2026-07-22T07:53:12+00:00
RMT-003698,ACCT-000227,B0111,2035-01-28,432.56,2026-07-22T07:53:12+00:00
RMT-003699,ACCT-000325,B0111,2035-01-28,578.56,2026-07-22T07:53:12+00:00
RMT-003700,ACCT-000304,B0111,2035-01-28,710.24,2026-07-22T07:53:12+00:00
RMT-003701,ACCT-000362,B0111,2035-01-28,270.36,2026-07-22T07:53:12+00:00
RMT-003702,ACCT-000019,B0111,2035-01-28,659.54,2026-07-22T07:53:12+00:00
RMT-003703,ACCT-000142,B0111,2035-01-28,786.09,2026-07-22T07:53:12+00:00
RMT-003704,ACCT-000400,B0111,2035-01-28,418.67,2026-07-22T07:53:12+00:00
RMT-003705,ACCT-000341,B0111,2035-01-28,758.37,2026-07-22T07:53:12+00:00
RMT-003706,ACCT-000131,B0111,2035-01-28,288.88,2026-07-22T07:53:12+00:00
RMT-003707,ACCT-000313,B0111,2035-01-28,618.0,2026-07-22T07:53:12+00:00
RMT-003708,ACCT-000384,B0111,2035-01-28,889.22,2026-07-22T07:53:12+00:00
RMT-003709,ACCT-000289,B0111,2035-01-28,616.9,2026-07-22T07:53:12+00:00
RMT-003710,ACCT-000169,B0111,2035-01-28,466.16,2026-07-22T07:53:12+00:00
RMT-003711,ACCT-000267,B0111,2035-01-28,1042.58,2026-07-22T07:53:12+00:00
RMT-003712,ACCT-000308,B0111,2035-01-28,758.83,2026-07-22T07:53:12+00:00
RMT-003713,ACCT-000020,B0111,2035-01-28,899.55,2026-07-22T07:53:12+00:00
RMT-003714,ACCT-000137,B0111,2035-01-28,287.11,2026-07-22T07:53:12+00:00
RMT-003715,ACCT-000340,B0111,2035-01-28,346.65,2026-07-22T07:53:12+00:00
RMT-003716,ACCT-000215,B0111,2035-01-28,466.22,2026-07-22T07:53:12+00:00
RMT-003717,ACCT-000006,B0111,2035-01-28,1002.21,2026-07-22T07:53:12+00:00
RMT-003718,ACCT-000067,B0111,2035-01-28,671.03,2026-07-22T07:53:12+00:00
RMT-003719,ACCT-000145,B0111,2035-01-28,1107.34,2026-07-22T07:53:12+00:00
RMT-003720,ACCT-000138,B0111,2035-01-28,238.39,2026-07-22T07:53:12+00:00
RMT-003721,ACCT-000109,B0111,2035-01-28,225.95,2026-07-22T07:53:12+00:00
RMT-003722,ACCT-000421,B0111,2035-01-28,213.7,2026-07-22T07:53:12+00:00
RMT-003723,ACCT-000357,B0111,2035-01-28,297.21,2026-07-22T07:53:12+00:00
RMT-003724,ACCT-000441,B0111,2035-01-28,156.0,2026-07-22T07:53:12+00:00
RMT-003725,ACCT-000442,B0111,2035-01-28,784.0,2026-07-22T07:53:12+00:00
RMT-003726,ACCT-000443,B0111,2035-01-28,393.69,2026-07-22T07:53:12+00:00
RMT-003727,ACCT-000444,B0111,2035-01-28,876.36,2026-07-22T07:53:12+00:00
RMT-003728,ACCT-000158,B0112,2035-02-27,559.13,2026-07-22T10:17:35+00:00
RMT-003729,ACCT-000431,B0112,2035-02-27,596.44,2026-07-22T10:17:35+00:00
RMT-003730,ACCT-000244,B0112,2035-02-27,300.82,2026-07-22T10:17:35+00:00
RMT-003731,ACCT-000426,B0112,2035-02-27,514.13,2026-07-22T10:17:35+00:00
RMT-003732,ACCT-000155,B0112,2035-02-27,107.29,2026-07-22T10:17:35+00:00
RMT-003733,ACCT-000223,B0112,2035-02-27,1075.15,2026-07-22T10:17:35+00:00
RMT-003734,ACCT-000021,B0112,2035-02-27,378.68,2026-07-22T10:17:35+00:00
RMT-003735,ACCT-000224,B0112,2035-02-27,138.48,2026-07-22T10:17:35+00:00
RMT-003736,ACCT-000060,B0112,2035-02-27,473.0,2026-07-22T10:17:35+00:00
RMT-003737,ACCT-000439,B0112,2035-02-27,733.66,2026-07-22T10:17:35+00:00
RMT-003738,ACCT-000374,B0112,2035-02-27,415.59,2026-07-22T10:17:35+00:00
RMT-003739,ACCT-000115,B0112,2035-02-27,754.13,2026-07-22T10:17:35+00:00
RMT-003740,ACCT-000135,B0112,2035-02-27,1107.3,2026-07-22T10:17:35+00:00
RMT-003741,ACCT-000070,B0112,2035-02-27,758.29,2026-07-22T10:17:35+00:00
RMT-003742,ACCT-000397,B0112,2035-02-27,1077.84,2026-07-22T10:17:35+00:00
RMT-003743,ACCT-000352,B0112,2035-02-27,1299.85,2026-07-22T10:17:35+00:00
RMT-003744,ACCT-000363,B0112,2035-02-27,595.59,2026-07-22T10:17:35+00:00
RMT-003745,ACCT-000247,B0112,2035-02-27,426.33,2026-07-22T10:17:35+00:00
RMT-003746,ACCT-000044,B0112,2035-02-27,1014.73,2026-07-22T10:17:35+00:00
RMT-003747,ACCT-000279,B0112,2035-02-27,997.09,2026-07-22T10:17:35+00:00
RMT-003748,ACCT-000343,B0112,2035-02-27,247.23,2026-07-22T10:17:35+00:00
RMT-003749,ACCT-000401,B0112,2035-02-27,270.64,2026-07-22T10:17:35+00:00
RMT-003750,ACCT-000011,B0112,2035-02-27,830.65,2026-07-22T10:17:35+00:00
RMT-003751,ACCT-000153,B0112,2035-02-27,149.27,2026-07-22T10:17:35+00:00
RMT-003752,ACCT-000346,B0112,2035-02-27,413.04,2026-07-22T10:17:35+00:00
RMT-003753,ACCT-000239,B0112,2035-02-27,697.67,2026-07-22T10:17:35+00:00
RMT-003754,ACCT-000185,B0112,2035-02-27,278.0,2026-07-22T10:17:35+00:00
RMT-003755,ACCT-000357,B0112,2035-02-27,215.24,2026-07-22T10:17:35+00:00
RMT-003756,ACCT-000280,B0112,2035-02-27,451.69,2026-07-22T10:17:35+00:00
RMT-003757,ACCT-000257,B0112,2035-02-27,545.62,2026-07-22T10:17:35+00:00
RMT-003758,ACCT-000184,B0112,2035-02-27,1003.53,2026-07-22T10:17:35+00:00
RMT-003759,ACCT-000445,B0112,2035-02-27,571.99,2026-07-22T10:17:35+00:00
RMT-003760,ACCT-000446,B0112,2035-02-27,666.17,2026-07-22T10:17:35+00:00
RMT-003761,ACCT-000078,B0113,2035-03-29,780.76,2026-07-22T12:10:56+00:00
RMT-003762,ACCT-000179,B0113,2035-03-29,212.9,2026-07-22T12:10:56+00:00
RMT-003763,ACCT-000227,B0113,2035-03-29,518.98,2026-07-22T12:10:56+00:00
RMT-003764,ACCT-000436,B0113,2035-03-29,1190.23,2026-07-22T12:10:56+00:00
RMT-003765,ACCT-000369,B0113,2035-03-29,89.65,2026-07-22T12:10:56+00:00
RMT-003766,ACCT-000271,B0113,2035-03-29,315.03,2026-07-22T12:10:56+00:00
RMT-003767,ACCT-000050,B0113,2035-03-29,397.66,2026-07-22T12:10:56+00:00
RMT-003768,ACCT-000353,B0113,2035-03-29,721.95,2026-07-22T12:10:56+00:00
RMT-003769,ACCT-000161,B0113,2035-03-29,886.56,2026-07-22T12:10:56+00:00
RMT-003770,ACCT-000344,B0113,2035-03-29,24.14,2026-07-22T12:10:56+00:00
RMT-003771,ACCT-000174,B0113,2035-03-29,1121.58,2026-07-22T12:10:56+00:00
RMT-003772,ACCT-000359,B0113,2035-03-29,945.25,2026-07-22T12:10:56+00:00
RMT-003773,ACCT-000017,B0113,2035-03-29,181.82,2026-07-22T12:10:56+00:00
RMT-003774,ACCT-000356,B0113,2035-03-29,619.39,2026-07-22T12:10:56+00:00
RMT-003775,ACCT-000281,B0113,2035-03-29,390.79,2026-07-22T12:10:56+00:00
RMT-003776,ACCT-000321,B0113,2035-03-29,314.27,2026-07-22T12:10:56+00:00
RMT-003777,ACCT-000185,B0113,2035-03-29,76.42,2026-07-22T12:10:56+00:00
RMT-003778,ACCT-000429,B0113,2035-03-29,627.76,2026-07-22T12:10:56+00:00
RMT-003779,ACCT-000255,B0113,2035-03-29,731.61,2026-07-22T12:10:56+00:00
RMT-003780,ACCT-000374,B0113,2035-03-29,366.85,2026-07-22T12:10:56+00:00
RMT-003781,ACCT-000072,B0113,2035-03-29,324.0,2026-07-22T12:10:56+00:00
RMT-003782,ACCT-000141,B0113,2035-03-29,400.4,2026-07-22T12:10:56+00:00
RMT-003783,ACCT-000125,B0113,2035-03-29,249.5,2026-07-22T12:10:56+00:00
RMT-003784,ACCT-000097,B0113,2035-03-29,406.57,2026-07-22T12:10:56+00:00
RMT-003785,ACCT-000052,B0113,2035-03-29,181.69,2026-07-22T12:10:56+00:00
RMT-003786,ACCT-000299,B0113,2035-03-29,550.38,2026-07-22T12:10:56+00:00
RMT-003787,ACCT-000154,B0113,2035-03-29,278.44,2026-07-22T12:10:56+00:00
RMT-003788,ACCT-000446,B0113,2035-03-29,234.08,2026-07-22T12:10:56+00:00
RMT-003789,ACCT-000386,B0113,2035-03-29,673.06,2026-07-22T12:10:56+00:00
RMT-003790,ACCT-000447,B0113,2035-03-29,282.58,2026-07-22T12:10:56+00:00
RMT-003791,ACCT-000448,B0113,2035-03-29,679.39,2026-07-22T12:10:56+00:00
RMT-003792,ACCT-000230,B0114,2035-04-28,868.51,2026-07-22T14:32:45+00:00
RMT-003793,ACCT-000097,B0114,2035-04-28,267.82,2026-07-22T14:32:45+00:00
RMT-003794,ACCT-000181,B0114,2035-04-28,186.56,2026-07-22T14:32:45+00:00
RMT-003795,ACCT-000065,B0114,2035-04-28,247.2,2026-07-22T14:32:45+00:00
RMT-003796,ACCT-000126,B0114,2035-04-28,343.69,2026-07-22T14:32:45+00:00
RMT-003797,ACCT-000195,B0114,2035-04-28,622.27,2026-07-22T14:32:45+00:00
RMT-003798,ACCT-000242,B0114,2035-04-28,920.73,2026-07-22T14:32:45+00:00
RMT-003799,ACCT-000158,B0114,2035-04-28,88.21,2026-07-22T14:32:45+00:00
RMT-003800,ACCT-000313,B0114,2035-04-28,1313.97,2026-07-22T14:32:45+00:00
RMT-003801,ACCT-000134,B0114,2035-04-28,704.47,2026-07-22T14:32:45+00:00
RMT-003802,ACCT-000367,B0114,2035-04-28,933.58,2026-07-22T14:32:45+00:00
RMT-003803,ACCT-000397,B0114,2035-04-28,67.36,2026-07-22T14:32:45+00:00
RMT-003804,ACCT-000089,B0114,2035-04-28,313.01,2026-07-22T14:32:45+00:00
RMT-003805,ACCT-000032,B0114,2035-04-28,725.72,2026-07-22T14:32:45+00:00
RMT-003806,ACCT-000154,B0114,2035-04-28,54.36,2026-07-22T14:32:45+00:00
RMT-003807,ACCT-000336,B0114,2035-04-28,861.52,2026-07-22T14:32:45+00:00
RMT-003808,ACCT-000425,B0114,2035-04-28,546.07,2026-07-22T14:32:45+00:00
RMT-003809,ACCT-000030,B0114,2035-04-28,833.8,2026-07-22T14:32:45+00:00
RMT-003810,ACCT-000299,B0114,2035-04-28,1114.67,2026-07-22T14:32:45+00:00
RMT-003811,ACCT-000341,B0114,2035-04-28,151.22,2026-07-22T14:32:45+00:00
RMT-003812,ACCT-000143,B0114,2035-04-28,399.89,2026-07-22T14:32:45+00:00
RMT-003813,ACCT-000054,B0114,2035-04-28,1028.06,2026-07-22T14:32:45+00:00
RMT-003814,ACCT-000109,B0114,2035-04-28,632.35,2026-07-22T14:32:45+00:00
RMT-003815,ACCT-000131,B0114,2035-04-28,220.56,2026-07-22T14:32:45+00:00
RMT-003816,ACCT-000429,B0114,2035-04-28,777.75,2026-07-22T14:32:45+00:00
RMT-003817,ACCT-000110,B0114,2035-04-28,517.82,2026-07-22T14:32:45+00:00
RMT-003818,ACCT-000159,B0114,2035-04-28,232.97,2026-07-22T14:32:45+00:00
RMT-003819,ACCT-000057,B0114,2035-04-28,618.47,2026-07-22T14:32:45+00:00
RMT-003820,ACCT-000228,B0114,2035-04-28,10.22,2026-07-22T14:32:45+00:00
RMT-003821,ACCT-000321,B0114,2035-04-28,718.69,2026-07-22T14:32:45+00:00
RMT-003822,ACCT-000314,B0114,2035-04-28,208.67,2026-07-22T14:32:45+00:00
RMT-003823,ACCT-000449,B0114,2035-04-28,721.96,2026-07-22T14:32:45+00:00
RMT-003824,ACCT-000450,B0114,2035-04-28,330.47,2026-07-22T14:32:45+00:00
RMT-003825,ACCT-000451,B0114,2035-04-28,879.34,2026-07-22T14:32:45+00:00
RMT-003826,ACCT-000452,B0114,2035-04-28,596.63,2026-07-22T14:32:45+00:00
RMT-003827,ACCT-000316,B0115,2035-05-28,257.23,2026-07-22T16:16:12+00:00
RMT-003828,ACCT-000062,B0115,2035-05-28,670.18,2026-07-22T16:16:12+00:00
RMT-003829,ACCT-000128,B0115,2035-05-28,761.69,2026-07-22T16:16:12+00:00
RMT-003830,ACCT-000091,B0115,2035-05-28,613.55,2026-07-22T16:16:12+00:00
RMT-003831,ACCT-000227,B0115,2035-05-28,712.23,2026-07-22T16:16:12+00:00
RMT-003832,ACCT-000305,B0115,2035-05-28,456.76,2026-07-22T16:16:12+00:00
RMT-003833,ACCT-000126,B0115,2035-05-28,488.23,2026-07-22T16:16:12+00:00
RMT-003834,ACCT-000191,B0115,2035-05-28,438.0,2026-07-22T16:16:12+00:00
RMT-003835,ACCT-000212,B0115,2035-05-28,181.92,2026-07-22T16:16:12+00:00
RMT-003836,ACCT-000047,B0115,2035-05-28,384.3,2026-07-22T16:16:12+00:00
RMT-003837,ACCT-000363,B0115,2035-05-28,75.99,2026-07-22T16:16:12+00:00
RMT-003838,ACCT-000124,B0115,2035-05-28,509.07,2026-07-22T16:16:12+00:00
RMT-003839,ACCT-000252,B0115,2035-05-28,232.25,2026-07-22T16:16:12+00:00
RMT-003840,ACCT-000432,B0115,2035-05-28,758.21,2026-07-22T16:16:12+00:00
RMT-003841,ACCT-000373,B0115,2035-05-28,1150.41,2026-07-22T16:16:12+00:00
RMT-003842,ACCT-000169,B0115,2035-05-28,63.44,2026-07-22T16:16:12+00:00
RMT-003843,ACCT-000248,B0115,2035-05-28,877.09,2026-07-22T16:16:12+00:00
RMT-003844,ACCT-000358,B0115,2035-05-28,405.91,2026-07-22T16:16:12+00:00
RMT-003845,ACCT-000003,B0115,2035-05-28,611.08,2026-07-22T16:16:12+00:00
RMT-003846,ACCT-000038,B0115,2035-05-28,742.05,2026-07-22T16:16:12+00:00
RMT-003847,ACCT-000276,B0115,2035-05-28,239.62,2026-07-22T16:16:12+00:00
RMT-003848,ACCT-000164,B0115,2035-05-28,402.6,2026-07-22T16:16:12+00:00
RMT-003849,ACCT-000006,B0115,2035-05-28,136.21,2026-07-22T16:16:12+00:00
RMT-003850,ACCT-000151,B0115,2035-05-28,599.25,2026-07-22T16:16:12+00:00
RMT-003851,ACCT-000149,B0115,2035-05-28,43.11,2026-07-22T16:16:12+00:00
RMT-003852,ACCT-000235,B0115,2035-05-28,42.44,2026-07-22T16:16:12+00:00
RMT-003853,ACCT-000355,B0115,2035-05-28,563.33,2026-07-22T16:16:12+00:00
RMT-003854,ACCT-000120,B0115,2035-05-28,746.97,2026-07-22T16:16:12+00:00
RMT-003855,ACCT-000213,B0115,2035-05-28,564.79,2026-07-22T16:16:12+00:00
RMT-003856,ACCT-000453,B0115,2035-05-28,418.28,2026-07-22T16:16:12+00:00
RMT-003857,ACCT-000454,B0115,2035-05-28,804.31,2026-07-22T16:16:12+00:00
RMT-003858,ACCT-000455,B0115,2035-05-28,938.77,2026-07-22T16:16:12+00:00
RMT-003859,ACCT-000418,B0116,2035-06-27,688.16,2026-07-22T17:47:50+00:00
RMT-003860,ACCT-000148,B0116,2035-06-27,332.01,2026-07-22T17:47:50+00:00
RMT-003861,ACCT-000010,B0116,2035-06-27,551.34,2026-07-22T17:47:50+00:00
RMT-003862,ACCT-000212,B0116,2035-06-27,565.94,2026-07-22T17:47:50+00:00
RMT-003863,ACCT-000353,B0116,2035-06-27,451.07,2026-07-22T17:47:50+00:00
RMT-003864,ACCT-000411,B0116,2035-06-27,358.26,2026-07-22T17:47:50+00:00
RMT-003865,ACCT-000029,B0116,2035-06-27,1289.41,2026-07-22T17:47:50+00:00
RMT-003866,ACCT-000124,B0116,2035-06-27,810.45,2026-07-22T17:47:50+00:00
RMT-003867,ACCT-000392,B0116,2035-06-27,659.56,2026-07-22T17:47:50+00:00
RMT-003868,ACCT-000321,B0116,2035-06-27,667.61,2026-07-22T17:47:50+00:00
RMT-003869,ACCT-000234,B0116,2035-06-27,275.79,2026-07-22T17:47:50+00:00
RMT-003870,ACCT-000154,B0116,2035-06-27,804.75,2026-07-22T17:47:50+00:00
RMT-003871,ACCT-000335,B0116,2035-06-27,868.48,2026-07-22T17:47:50+00:00
RMT-003872,ACCT-000352,B0116,2035-06-27,573.27,2026-07-22T17:47:50+00:00
RMT-003873,ACCT-000042,B0116,2035-06-27,807.27,2026-07-22T17:47:50+00:00
RMT-003874,ACCT-000326,B0116,2035-06-27,659.57,2026-07-22T17:47:50+00:00
RMT-003875,ACCT-000374,B0116,2035-06-27,732.04,2026-07-22T17:47:50+00:00
RMT-003876,ACCT-000312,B0116,2035-06-27,472.04,2026-07-22T17:47:50+00:00
RMT-003877,ACCT-000247,B0116,2035-06-27,572.93,2026-07-22T17:47:50+00:00
RMT-003878,ACCT-000267,B0116,2035-06-27,941.35,2026-07-22T17:47:50+00:00
RMT-003879,ACCT-000120,B0116,2035-06-27,862.89,2026-07-22T17:47:50+00:00
RMT-003880,ACCT-000143,B0116,2035-06-27,372.73,2026-07-22T17:47:50+00:00
RMT-003881,ACCT-000358,B0116,2035-06-27,454.65,2026-07-22T17:47:50+00:00
RMT-003882,ACCT-000389,B0116,2035-06-27,374.62,2026-07-22T17:47:50+00:00
RMT-003883,ACCT-000019,B0116,2035-06-27,448.37,2026-07-22T17:47:50+00:00
RMT-003884,ACCT-000021,B0116,2035-06-27,754.84,2026-07-22T17:47:50+00:00
RMT-003885,ACCT-000317,B0116,2035-06-27,965.17,2026-07-22T17:47:50+00:00
RMT-003886,ACCT-000165,B0116,2035-06-27,253.12,2026-07-22T17:47:50+00:00
RMT-003887,ACCT-000064,B0116,2035-06-27,188.64,2026-07-22T17:47:50+00:00
RMT-003888,ACCT-000324,B0116,2035-06-27,947.19,2026-07-22T17:47:50+00:00
RMT-003889,ACCT-000037,B0116,2035-06-27,568.31,2026-07-22T17:47:50+00:00
RMT-003890,ACCT-000188,B0116,2035-06-27,302.5,2026-07-22T17:47:50+00:00
RMT-003891,ACCT-000243,B0116,2035-06-27,587.79,2026-07-22T17:47:50+00:00
RMT-003892,ACCT-000456,B0116,2035-06-27,127.54,2026-07-22T17:47:50+00:00
RMT-003893,ACCT-000457,B0116,2035-06-27,505.37,2026-07-22T17:47:50+00:00
RMT-003894,ACCT-000458,B0116,2035-06-27,541.05,2026-07-22T17:47:50+00:00
RMT-003895,ACCT-000459,B0116,2035-06-27,859.85,2026-07-22T17:47:50+00:00
RMT-003896,ACCT-000050,B0117,2035-07-27,162.65,2026-07-22T19:00:08+00:00
RMT-003897,ACCT-000324,B0117,2035-07-27,404.74,2026-07-22T19:00:08+00:00
RMT-003898,ACCT-000352,B0117,2035-07-27,683.48,2026-07-22T19:00:08+00:00
RMT-003899,ACCT-000130,B0117,2035-07-27,764.54,2026-07-22T19:00:08+00:00
RMT-003900,ACCT-000009,B0117,2035-07-27,584.1,2026-07-22T19:00:08+00:00
RMT-003901,ACCT-000096,B0117,2035-07-27,396.58,2026-07-22T19:00:08+00:00
RMT-003902,ACCT-000108,B0117,2035-07-27,115.06,2026-07-22T19:00:08+00:00
RMT-003903,ACCT-000117,B0117,2035-07-27,718.34,2026-07-22T19:00:08+00:00
RMT-003904,ACCT-000012,B0117,2035-07-27,839.19,2026-07-22T19:00:08+00:00
RMT-003905,ACCT-000088,B0117,2035-07-27,292.04,2026-07-22T19:00:08+00:00
RMT-003906,ACCT-000029,B0117,2035-07-27,762.32,2026-07-22T19:00:08+00:00
RMT-003907,ACCT-000140,B0117,2035-07-27,189.14,2026-07-22T19:00:08+00:00
RMT-003908,ACCT-000262,B0117,2035-07-27,560.56,2026-07-22T19:00:08+00:00
RMT-003909,ACCT-000245,B0117,2035-07-27,645.83,2026-07-22T19:00:08+00:00
RMT-003910,ACCT-000240,B0117,2035-07-27,449.23,2026-07-22T19:00:08+00:00
RMT-003911,ACCT-000235,B0117,2035-07-27,299.55,2026-07-22T19:00:08+00:00
RMT-003912,ACCT-000387,B0117,2035-07-27,103.63,2026-07-22T19:00:08+00:00
RMT-003913,ACCT-000445,B0117,2035-07-27,292.32,2026-07-22T19:00:08+00:00
RMT-003914,ACCT-000133,B0117,2035-07-27,610.77,2026-07-22T19:00:08+00:00
RMT-003915,ACCT-000444,B0117,2035-07-27,1225.52,2026-07-22T19:00:08+00:00
RMT-003916,ACCT-000203,B0117,2035-07-27,270.31,2026-07-22T19:00:08+00:00
RMT-003917,ACCT-000268,B0117,2035-07-27,394.91,2026-07-22T19:00:08+00:00
RMT-003918,ACCT-000227,B0117,2035-07-27,968.15,2026-07-22T19:00:08+00:00
RMT-003919,ACCT-000384,B0117,2035-07-27,594.13,2026-07-22T19:00:08+00:00
RMT-003920,ACCT-000107,B0117,2035-07-27,1026.62,2026-07-22T19:00:08+00:00
RMT-003921,ACCT-000017,B0117,2035-07-27,822.55,2026-07-22T19:00:08+00:00
RMT-003922,ACCT-000375,B0117,2035-07-27,474.49,2026-07-22T19:00:08+00:00
RMT-003923,ACCT-000083,B0117,2035-07-27,239.9,2026-07-22T19:00:08+00:00
RMT-003924,ACCT-000070,B0117,2035-07-27,1013.11,2026-07-22T19:00:08+00:00
RMT-003925,ACCT-000159,B0117,2035-07-27,48.39,2026-07-22T19:00:08+00:00
RMT-003926,ACCT-000458,B0117,2035-07-27,938.16,2026-07-22T19:00:08+00:00
RMT-003927,ACCT-000460,B0117,2035-07-27,297.42,2026-07-22T19:00:08+00:00
RMT-003928,ACCT-000461,B0117,2035-07-27,593.29,2026-07-22T19:00:08+00:00
RMT-003929,ACCT-000359,B0118,2035-08-26,766.64,2026-07-22T20:14:04+00:00
RMT-003930,ACCT-000420,B0118,2035-08-26,32.56,2026-07-22T20:14:04+00:00
RMT-003931,ACCT-000334,B0118,2035-08-26,553.28,2026-07-22T20:14:04+00:00
RMT-003932,ACCT-000391,B0118,2035-08-26,269.26,2026-07-22T20:14:04+00:00
RMT-003933,ACCT-000404,B0118,2035-08-26,391.02,2026-07-22T20:14:04+00:00
RMT-003934,ACCT-000436,B0118,2035-08-26,738.6,2026-07-22T20:14:04+00:00
RMT-003935,ACCT-000195,B0118,2035-08-26,529.16,2026-07-22T20:14:04+00:00
RMT-003936,ACCT-000040,B0118,2035-08-26,668.46,2026-07-22T20:14:04+00:00
RMT-003937,ACCT-000270,B0118,2035-08-26,265.85,2026-07-22T20:14:04+00:00
RMT-003938,ACCT-000371,B0118,2035-08-26,340.34,2026-07-22T20:14:04+00:00
RMT-003939,ACCT-000376,B0118,2035-08-26,916.28,2026-07-22T20:14:04+00:00
RMT-003940,ACCT-000192,B0118,2035-08-26,902.71,2026-07-22T20:14:04+00:00
RMT-003941,ACCT-000303,B0118,2035-08-26,509.57,2026-07-22T20:14:04+00:00
RMT-003942,ACCT-000193,B0118,2035-08-26,970.24,2026-07-22T20:14:04+00:00
RMT-003943,ACCT-000422,B0118,2035-08-26,496.71,2026-07-22T20:14:04+00:00
RMT-003944,ACCT-000162,B0118,2035-08-26,987.7,2026-07-22T20:14:04+00:00
RMT-003945,ACCT-000229,B0118,2035-08-26,19.11,2026-07-22T20:14:04+00:00
RMT-003946,ACCT-000406,B0118,2035-08-26,503.36,2026-07-22T20:14:04+00:00
RMT-003947,ACCT-000310,B0118,2035-08-26,364.69,2026-07-22T20:14:04+00:00
RMT-003948,ACCT-000291,B0118,2035-08-26,420.32,2026-07-22T20:14:04+00:00
RMT-003949,ACCT-000417,B0118,2035-08-26,461.51,2026-07-22T20:14:04+00:00
RMT-003950,ACCT-000411,B0118,2035-08-26,401.46,2026-07-22T20:14:04+00:00
RMT-003951,ACCT-000158,B0118,2035-08-26,311.86,2026-07-22T20:14:04+00:00
RMT-003952,ACCT-000416,B0118,2035-08-26,390.01,2026-07-22T20:14:04+00:00
RMT-003953,ACCT-000021,B0118,2035-08-26,583.68,2026-07-22T20:14:04+00:00
RMT-003954,ACCT-000268,B0118,2035-08-26,717.24,2026-07-22T20:14:04+00:00
RMT-003955,ACCT-000384,B0118,2035-08-26,825.54,2026-07-22T20:14:04+00:00
RMT-003956,ACCT-000462,B0118,2035-08-26,501.13,2026-07-22T20:14:04+00:00
RMT-003957,ACCT-000463,B0118,2035-08-26,57.75,2026-07-22T20:14:04+00:00
RMT-003958,ACCT-000464,B0118,2035-08-26,660.46,2026-07-22T20:14:04+00:00
RMT-003959,ACCT-000024,B0119,2035-09-25,950.91,2026-07-22T21:35:46+00:00
RMT-003960,ACCT-000394,B0119,2035-09-25,516.36,2026-07-22T21:35:46+00:00
RMT-003961,ACCT-000105,B0119,2035-09-25,949.89,2026-07-22T21:35:46+00:00
RMT-003962,ACCT-000285,B0119,2035-09-25,408.26,2026-07-22T21:35:46+00:00
RMT-003963,ACCT-000378,B0119,2035-09-25,688.68,2026-07-22T21:35:46+00:00
RMT-003964,ACCT-000081,B0119,2035-09-25,908.8,2026-07-22T21:35:46+00:00
RMT-003965,ACCT-000026,B0119,2035-09-25,267.55,2026-07-22T21:35:46+00:00
RMT-003966,ACCT-000047,B0119,2035-09-25,505.68,2026-07-22T21:35:46+00:00
RMT-003967,ACCT-000314,B0119,2035-09-25,398.91,2026-07-22T21:35:46+00:00
RMT-003968,ACCT-000053,B0119,2035-09-25,674.69,2026-07-22T21:35:46+00:00
RMT-003969,ACCT-000368,B0119,2035-09-25,540.86,2026-07-22T21:35:46+00:00
RMT-003970,ACCT-000247,B0119,2035-09-25,279.65,2026-07-22T21:35:46+00:00
RMT-003971,ACCT-000462,B0119,2035-09-25,654.4,2026-07-22T21:35:46+00:00
RMT-003972,ACCT-000213,B0119,2035-09-25,435.21,2026-07-22T21:35:46+00:00
RMT-003973,ACCT-000033,B0119,2035-09-25,295.43,2026-07-22T21:35:46+00:00
RMT-003974,ACCT-000431,B0119,2035-09-25,557.07,2026-07-22T21:35:46+00:00
RMT-003975,ACCT-000043,B0119,2035-09-25,678.09,2026-07-22T21:35:46+00:00
RMT-003976,ACCT-000251,B0119,2035-09-25,1343.34,2026-07-22T21:35:46+00:00
RMT-003977,ACCT-000432,B0119,2035-09-25,513.77,2026-07-22T21:35:46+00:00
RMT-003978,ACCT-000365,B0119,2035-09-25,559.38,2026-07-22T21:35:46+00:00
RMT-003979,ACCT-000340,B0119,2035-09-25,549.91,2026-07-22T21:35:46+00:00
RMT-003980,ACCT-000437,B0119,2035-09-25,395.95,2026-07-22T21:35:46+00:00
RMT-003981,ACCT-000403,B0119,2035-09-25,916.38,2026-07-22T21:35:46+00:00
RMT-003982,ACCT-000027,B0119,2035-09-25,843.37,2026-07-22T21:35:46+00:00
RMT-003983,ACCT-000035,B0119,2035-09-25,582.66,2026-07-22T21:35:46+00:00
RMT-003984,ACCT-000189,B0119,2035-09-25,708.4,2026-07-22T21:35:46+00:00
RMT-003985,ACCT-000106,B0119,2035-09-25,440.44,2026-07-22T21:35:46+00:00
RMT-003986,ACCT-000353,B0119,2035-09-25,274.39,2026-07-22T21:35:46+00:00
RMT-003987,ACCT-000048,B0119,2035-09-25,977.54,2026-07-22T21:35:46+00:00
RMT-003988,ACCT-000165,B0119,2035-09-25,902.35,2026-07-22T21:35:46+00:00
RMT-003989,ACCT-000465,B0119,2035-09-25,243.48,2026-07-22T21:35:46+00:00
RMT-003990,ACCT-000466,B0119,2035-09-25,130.64,2026-07-22T21:35:46+00:00
RMT-003991,ACCT-000467,B0119,2035-09-25,655.14,2026-07-22T21:35:46+00:00
RMT-003992,ACCT-000088,B0120,2035-10-25,832.24,2026-07-22T22:54:59+00:00
RMT-003993,ACCT-000033,B0120,2035-10-25,764.12,2026-07-22T22:54:59+00:00
RMT-003994,ACCT-000005,B0120,2035-10-25,392.75,2026-07-22T22:54:59+00:00
RMT-003995,ACCT-000071,B0120,2035-10-25,48.91,2026-07-22T22:54:59+00:00
RMT-003996,ACCT-000448,B0120,2035-10-25,236.6,2026-07-22T22:54:59+00:00
RMT-003997,ACCT-000388,B0120,2035-10-25,412.21,2026-07-22T22:54:59+00:00
RMT-003998,ACCT-000050,B0120,2035-10-25,313.66,2026-07-22T22:54:59+00:00
RMT-003999,ACCT-000462,B0120,2035-10-25,593.68,2026-07-22T22:54:59+00:00
RMT-004000,ACCT-000361,B0120,2035-10-25,277.7,2026-07-22T22:54:59+00:00
RMT-004001,ACCT-000397,B0120,2035-10-25,38.24,2026-07-22T22:54:59+00:00
RMT-004002,ACCT-000122,B0120,2035-10-25,317.24,2026-07-22T22:54:59+00:00
RMT-004003,ACCT-000442,B0120,2035-10-25,895.68,2026-07-22T22:54:59+00:00
RMT-004004,ACCT-000408,B0120,2035-10-25,667.86,2026-07-22T22:54:59+00:00
RMT-004005,ACCT-000465,B0120,2035-10-25,995.0,2026-07-22T22:54:59+00:00
RMT-004006,ACCT-000432,B0120,2035-10-25,598.02,2026-07-22T22:54:59+00:00
RMT-004007,ACCT-000089,B0120,2035-10-25,225.4,2026-07-22T22:54:59+00:00
RMT-004008,ACCT-000156,B0120,2035-10-25,244.69,2026-07-22T22:54:59+00:00
RMT-004009,ACCT-000305,B0120,2035-10-25,419.8,2026-07-22T22:54:59+00:00
RMT-004010,ACCT-000364,B0120,2035-10-25,831.2,2026-07-22T22:54:59+00:00
RMT-004011,ACCT-000415,B0120,2035-10-25,340.99,2026-07-22T22:54:59+00:00
RMT-004012,ACCT-000345,B0120,2035-10-25,225.51,2026-07-22T22:54:59+00:00
RMT-004013,ACCT-000293,B0120,2035-10-25,690.53,2026-07-22T22:54:59+00:00
RMT-004014,ACCT-000440,B0120,2035-10-25,643.59,2026-07-22T22:54:59+00:00
RMT-004015,ACCT-000195,B0120,2035-10-25,882.47,2026-07-22T22:54:59+00:00
RMT-004016,ACCT-000418,B0120,2035-10-25,1089.93,2026-07-22T22:54:59+00:00
RMT-004017,ACCT-000183,B0120,2035-10-25,647.04,2026-07-22T22:54:59+00:00
RMT-004018,ACCT-000171,B0120,2035-10-25,598.79,2026-07-22T22:54:59+00:00
RMT-004019,ACCT-000182,B0120,2035-10-25,370.12,2026-07-22T22:54:59+00:00
RMT-004020,ACCT-000009,B0120,2035-10-25,267.5,2026-07-22T22:54:59+00:00
RMT-004021,ACCT-000139,B0120,2035-10-25,724.23,2026-07-22T22:54:59+00:00
RMT-004022,ACCT-000468,B0120,2035-10-25,194.61,2026-07-22T22:54:59+00:00
RMT-004023,ACCT-000469,B0120,2035-10-25,490.39,2026-07-22T22:54:59+00:00
RMT-004024,ACCT-000470,B0120,2035-10-25,461.41,2026-07-22T22:54:59+00:00
RMT-004025,ACCT-000410,B0121,2035-11-24,339.63,2026-07-22T23:56:13+00:00
RMT-004026,ACCT-000467,B0121,2035-11-24,1052.03,2026-07-22T23:56:13+00:00
RMT-004027,ACCT-000453,B0121,2035-11-24,816.45,2026-07-22T23:56:13+00:00
RMT-004028,ACCT-000139,B0121,2035-11-24,839.87,2026-07-22T23:56:13+00:00
RMT-004029,ACCT-000012,B0121,2035-11-24,394.09,2026-07-22T23:56:13+00:00
RMT-004030,ACCT-000123,B0121,2035-11-24,379.33,2026-07-22T23:56:13+00:00
RMT-004031,ACCT-000122,B0121,2035-11-24,312.03,2026-07-22T23:56:13+00:00
RMT-004032,ACCT-000444,B0121,2035-11-24,930.81,2026-07-22T23:56:13+00:00
RMT-004033,ACCT-000156,B0121,2035-11-24,880.12,2026-07-22T23:56:13+00:00
RMT-004034,ACCT-000065,B0121,2035-11-24,654.01,2026-07-22T23:56:13+00:00
RMT-004035,ACCT-000281,B0121,2035-11-24,341.68,2026-07-22T23:56:13+00:00
RMT-004036,ACCT-000190,B0121,2035-11-24,38.61,2026-07-22T23:56:13+00:00
RMT-004037,ACCT-000327,B0121,2035-11-24,929.19,2026-07-22T23:56:13+00:00
RMT-004038,ACCT-000132,B0121,2035-11-24,156.26,2026-07-22T23:56:13+00:00
RMT-004039,ACCT-000407,B0121,2035-11-24,492.15,2026-07-22T23:56:13+00:00
RMT-004040,ACCT-000370,B0121,2035-11-24,115.4,2026-07-22T23:56:13+00:00
RMT-004041,ACCT-000405,B0121,2035-11-24,522.78,2026-07-22T23:56:13+00:00
RMT-004042,ACCT-000283,B0121,2035-11-24,57.19,2026-07-22T23:56:13+00:00
RMT-004043,ACCT-000166,B0121,2035-11-24,431.1,2026-07-22T23:56:13+00:00
RMT-004044,ACCT-000417,B0121,2035-11-24,889.0,2026-07-22T23:56:13+00:00
RMT-004045,ACCT-000220,B0121,2035-11-24,316.02,2026-07-22T23:56:13+00:00
RMT-004046,ACCT-000366,B0121,2035-11-24,699.36,2026-07-22T23:56:13+00:00
RMT-004047,ACCT-000436,B0121,2035-11-24,150.15,2026-07-22T23:56:13+00:00
RMT-004048,ACCT-000219,B0121,2035-11-24,1044.97,2026-07-22T23:56:13+00:00
RMT-004049,ACCT-000149,B0121,2035-11-24,94.48,2026-07-22T23:56:13+00:00
RMT-004050,ACCT-000466,B0121,2035-11-24,352.69,2026-07-22T23:56:13+00:00
RMT-004051,ACCT-000345,B0121,2035-11-24,217.16,2026-07-22T23:56:13+00:00
RMT-004052,ACCT-000303,B0121,2035-11-24,607.97,2026-07-22T23:56:13+00:00
RMT-004053,ACCT-000354,B0121,2035-11-24,544.71,2026-07-22T23:56:13+00:00
RMT-004054,ACCT-000145,B0121,2035-11-24,830.01,2026-07-22T23:56:13+00:00
RMT-004055,ACCT-000471,B0121,2035-11-24,1056.64,2026-07-22T23:56:13+00:00
RMT-004056,ACCT-000472,B0121,2035-11-24,632.05,2026-07-22T23:56:13+00:00
RMT-004057,ACCT-000473,B0121,2035-11-24,11.24,2026-07-22T23:56:13+00:00
RMT-004058,ACCT-000474,B0121,2035-11-24,294.13,2026-07-22T23:56:13+00:00
RMT-004059,ACCT-000295,B0122,2035-12-24,386.42,2026-07-23T02:07:22+00:00
RMT-004060,ACCT-000077,B0122,2035-12-24,414.27,2026-07-23T02:07:22+00:00
RMT-004061,ACCT-000013,B0122,2035-12-24,371.33,2026-07-23T02:07:22+00:00
RMT-004062,ACCT-000065,B0122,2035-12-24,177.86,2026-07-23T02:07:22+00:00
RMT-004063,ACCT-000416,B0122,2035-12-24,583.56,2026-07-23T02:07:22+00:00
RMT-004064,ACCT-000220,B0122,2035-12-24,375.83,2026-07-23T02:07:22+00:00
RMT-004065,ACCT-000085,B0122,2035-12-24,796.95,2026-07-23T02:07:22+00:00
RMT-004066,ACCT-000397,B0122,2035-12-24,675.29,2026-07-23T02:07:22+00:00
RMT-004067,ACCT-000388,B0122,2035-12-24,404.56,2026-07-23T02:07:22+00:00
RMT-004068,ACCT-000371,B0122,2035-12-24,921.56,2026-07-23T02:07:22+00:00
RMT-004069,ACCT-000068,B0122,2035-12-24,656.01,2026-07-23T02:07:22+00:00
RMT-004070,ACCT-000396,B0122,2035-12-24,620.66,2026-07-23T02:07:22+00:00
RMT-004071,ACCT-000340,B0122,2035-12-24,374.07,2026-07-23T02:07:22+00:00
RMT-004072,ACCT-000200,B0122,2035-12-24,304.82,2026-07-23T02:07:22+00:00
RMT-004073,ACCT-000046,B0122,2035-12-24,856.39,2026-07-23T02:07:22+00:00
RMT-004074,ACCT-000066,B0122,2035-12-24,513.98,2026-07-23T02:07:22+00:00
RMT-004075,ACCT-000223,B0122,2035-12-24,706.25,2026-07-23T02:07:22+00:00
RMT-004076,ACCT-000262,B0122,2035-12-24,532.05,2026-07-23T02:07:22+00:00
RMT-004077,ACCT-000131,B0122,2035-12-24,428.47,2026-07-23T02:07:22+00:00
RMT-004078,ACCT-000334,B0122,2035-12-24,585.71,2026-07-23T02:07:22+00:00
RMT-004079,ACCT-000342,B0122,2035-12-24,816.11,2026-07-23T02:07:22+00:00
RMT-004080,ACCT-000132,B0122,2035-12-24,423.72,2026-07-23T02:07:22+00:00
RMT-004081,ACCT-000225,B0122,2035-12-24,115.32,2026-07-23T02:07:22+00:00
RMT-004082,ACCT-000235,B0122,2035-12-24,644.18,2026-07-23T02:07:22+00:00
RMT-004083,ACCT-000284,B0122,2035-12-24,533.85,2026-07-23T02:07:22+00:00
RMT-004084,ACCT-000339,B0122,2035-12-24,635.77,2026-07-23T02:07:22+00:00
RMT-004085,ACCT-000197,B0122,2035-12-24,684.6,2026-07-23T02:07:22+00:00
RMT-004086,ACCT-000069,B0122,2035-12-24,434.44,2026-07-23T02:07:22+00:00
RMT-004087,ACCT-000359,B0122,2035-12-24,585.85,2026-07-23T02:07:22+00:00
RMT-004088,ACCT-000281,B0122,2035-12-24,256.67,2026-07-23T02:07:22+00:00
RMT-004089,ACCT-000282,B0122,2035-12-24,875.82,2026-07-23T02:07:22+00:00
RMT-004090,ACCT-000280,B0122,2035-12-24,605.82,2026-07-23T02:07:22+00:00
RMT-004091,ACCT-000094,B0122,2035-12-24,256.59,2026-07-23T02:07:22+00:00
RMT-004092,ACCT-000475,B0122,2035-12-24,550.74,2026-07-23T02:07:22+00:00
RMT-004093,ACCT-000476,B0122,2035-12-24,472.0,2026-07-23T02:07:22+00:00
RMT-004094,ACCT-000477,B0122,2035-12-24,350.63,2026-07-23T02:07:22+00:00
RMT-004095,ACCT-000478,B0122,2035-12-24,347.6,2026-07-23T02:07:22+00:00
RMT-004096,ACCT-000060,B0123,2036-01-23,108.01,2026-07-23T05:38:23+00:00
RMT-004097,ACCT-000370,B0123,2036-01-23,901.41,2026-07-23T05:38:23+00:00
RMT-004098,ACCT-000449,B0123,2036-01-23,348.34,2026-07-23T05:38:23+00:00
RMT-004099,ACCT-000368,B0123,2036-01-23,79.49,2026-07-23T05:38:23+00:00
RMT-004100,ACCT-000377,B0123,2036-01-23,422.35,2026-07-23T05:38:23+00:00
RMT-004101,ACCT-000073,B0123,2036-01-23,866.94,2026-07-23T05:38:23+00:00
RMT-004102,ACCT-000151,B0123,2036-01-23,280.57,2026-07-23T05:38:23+00:00
RMT-004103,ACCT-000382,B0123,2036-01-23,970.86,2026-07-23T05:38:23+00:00
RMT-004104,ACCT-000090,B0123,2036-01-23,194.84,2026-07-23T05:38:23+00:00
RMT-004105,ACCT-000240,B0123,2036-01-23,726.05,2026-07-23T05:38:23+00:00
RMT-004106,ACCT-000315,B0123,2036-01-23,710.04,2026-07-23T05:38:23+00:00
RMT-004107,ACCT-000208,B0123,2036-01-23,35.3,2026-07-23T05:38:23+00:00
RMT-004108,ACCT-000367,B0123,2036-01-23,113.42,2026-07-23T05:38:23+00:00
RMT-004109,ACCT-000209,B0123,2036-01-23,950.44,2026-07-23T05:38:23+00:00
RMT-004110,ACCT-000373,B0123,2036-01-23,324.14,2026-07-23T05:38:23+00:00
RMT-004111,ACCT-000403,B0123,2036-01-23,365.96,2026-07-23T05:38:23+00:00
RMT-004112,ACCT-000044,B0123,2036-01-23,376.96,2026-07-23T05:38:23+00:00
RMT-004113,ACCT-000160,B0123,2036-01-23,181.13,2026-07-23T05:38:23+00:00
RMT-004114,ACCT-000281,B0123,2036-01-23,1031.46,2026-07-23T05:38:23+00:00
RMT-004115,ACCT-000460,B0123,2036-01-23,609.0,2026-07-23T05:38:23+00:00
RMT-004116,ACCT-000171,B0123,2036-01-23,670.9,2026-07-23T05:38:23+00:00
RMT-004117,ACCT-000409,B0123,2036-01-23,163.26,2026-07-23T05:38:23+00:00
RMT-004118,ACCT-000426,B0123,2036-01-23,259.16,2026-07-23T05:38:23+00:00
RMT-004119,ACCT-000133,B0123,2036-01-23,623.17,2026-07-23T05:38:23+00:00
RMT-004120,ACCT-000238,B0123,2036-01-23,389.7,2026-07-23T05:38:23+00:00
RMT-004121,ACCT-000356,B0123,2036-01-23,451.02,2026-07-23T05:38:23+00:00
RMT-004122,ACCT-000041,B0123,2036-01-23,803.45,2026-07-23T05:38:23+00:00
RMT-004123,ACCT-000316,B0123,2036-01-23,516.94,2026-07-23T05:38:23+00:00
RMT-004124,ACCT-000156,B0123,2036-01-23,751.54,2026-07-23T05:38:23+00:00
RMT-004125,ACCT-000325,B0123,2036-01-23,1033.6,2026-07-23T05:38:23+00:00
RMT-004126,ACCT-000009,B0123,2036-01-23,887.23,2026-07-23T05:38:23+00:00
RMT-004127,ACCT-000109,B0123,2036-01-23,397.93,2026-07-23T05:38:23+00:00
RMT-004128,ACCT-000479,B0123,2036-01-23,782.94,2026-07-23T05:38:23+00:00
RMT-004129,ACCT-000480,B0123,2036-01-23,443.4,2026-07-23T05:38:23+00:00
RMT-004130,ACCT-000229,B0124,2036-02-22,207.54,2026-07-23T08:14:51+00:00
RMT-004131,ACCT-000276,B0124,2036-02-22,384.55,2026-07-23T08:14:51+00:00
RMT-004132,ACCT-000201,B0124,2036-02-22,578.65,2026-07-23T08:14:51+00:00
RMT-004133,ACCT-000383,B0124,2036-02-22,604.15,2026-07-23T08:14:51+00:00
RMT-004134,ACCT-000119,B0124,2036-02-22,281.43,2026-07-23T08:14:51+00:00
RMT-004135,ACCT-000031,B0124,2036-02-22,770.76,2026-07-23T08:14:51+00:00
RMT-004136,ACCT-000134,B0124,2036-02-22,880.46,2026-07-23T08:14:51+00:00
RMT-004137,ACCT-000443,B0124,2036-02-22,552.17,2026-07-23T08:14:51+00:00
RMT-004138,ACCT-000188,B0124,2036-02-22,344.66,2026-07-23T08:14:51+00:00
RMT-004139,ACCT-000137,B0124,2036-02-22,720.36,2026-07-23T08:14:51+00:00
RMT-004140,ACCT-000377,B0124,2036-02-22,86.78,2026-07-23T08:14:51+00:00
RMT-004141,ACCT-000208,B0124,2036-02-22,291.02,2026-07-23T08:14:51+00:00
RMT-004142,ACCT-000423,B0124,2036-02-22,256.88,2026-07-23T08:14:51+00:00
RMT-004143,ACCT-000475,B0124,2036-02-22,832.19,2026-07-23T08:14:51+00:00
RMT-004144,ACCT-000168,B0124,2036-02-22,708.98,2026-07-23T08:14:51+00:00
RMT-004145,ACCT-000244,B0124,2036-02-22,107.34,2026-07-23T08:14:51+00:00
RMT-004146,ACCT-000096,B0124,2036-02-22,25.96,2026-07-23T08:14:51+00:00
RMT-004147,ACCT-000402,B0124,2036-02-22,608.88,2026-07-23T08:14:51+00:00
RMT-004148,ACCT-000297,B0124,2036-02-22,92.14,2026-07-23T08:14:51+00:00
RMT-004149,ACCT-000274,B0124,2036-02-22,1100.16,2026-07-23T08:14:51+00:00
RMT-004150,ACCT-000198,B0124,2036-02-22,869.73,2026-07-23T08:14:51+00:00
RMT-004151,ACCT-000285,B0124,2036-02-22,623.24,2026-07-23T08:14:51+00:00
RMT-004152,ACCT-000432,B0124,2036-02-22,288.93,2026-07-23T08:14:51+00:00
RMT-004153,ACCT-000269,B0124,2036-02-22,757.55,2026-07-23T08:14:51+00:00
RMT-004154,ACCT-000323,B0124,2036-02-22,692.16,2026-07-23T08:14:51+00:00
RMT-004155,ACCT-000481,B0124,2036-02-22,123.29,2026-07-23T08:14:51+00:00
RMT-004156,ACCT-000482,B0124,2036-02-22,861.64,2026-07-23T08:14:51+00:00
RMT-004157,ACCT-000192,B0125,2036-03-23,355.09,2026-07-23T10:38:22+00:00
RMT-004158,ACCT-000064,B0125,2036-03-23,231.71,2026-07-23T10:38:22+00:00
RMT-004159,ACCT-000043,B0125,2036-03-23,500.28,2026-07-23T10:38:22+00:00
RMT-004160,ACCT-000292,B0125,2036-03-23,737.96,2026-07-23T10:38:22+00:00
RMT-004161,ACCT-000076,B0125,2036-03-23,243.08,2026-07-23T10:38:22+00:00
RMT-004162,ACCT-000408,B0125,2036-03-23,230.3,2026-07-23T10:38:22+00:00
RMT-004163,ACCT-000406,B0125,2036-03-23,356.56,2026-07-23T10:38:22+00:00
RMT-004164,ACCT-000063,B0125,2036-03-23,357.61,2026-07-23T10:38:22+00:00
RMT-004165,ACCT-000137,B0125,2036-03-23,840.1,2026-07-23T10:38:22+00:00
RMT-004166,ACCT-000302,B0125,2036-03-23,444.07,2026-07-23T10:38:22+00:00
RMT-004167,ACCT-000254,B0125,2036-03-23,473.75,2026-07-23T10:38:22+00:00
RMT-004168,ACCT-000384,B0125,2036-03-23,977.9,2026-07-23T10:38:22+00:00
RMT-004169,ACCT-000321,B0125,2036-03-23,353.97,2026-07-23T10:38:22+00:00
RMT-004170,ACCT-000437,B0125,2036-03-23,509.82,2026-07-23T10:38:22+00:00
RMT-004171,ACCT-000458,B0125,2036-03-23,393.67,2026-07-23T10:38:22+00:00
RMT-004172,ACCT-000250,B0125,2036-03-23,910.21,2026-07-23T10:38:22+00:00
RMT-004173,ACCT-000419,B0125,2036-03-23,182.82,2026-07-23T10:38:22+00:00
RMT-004174,ACCT-000090,B0125,2036-03-23,326.93,2026-07-23T10:38:22+00:00
RMT-004175,ACCT-000471,B0125,2036-03-23,798.78,2026-07-23T10:38:22+00:00
RMT-004176,ACCT-000424,B0125,2036-03-23,230.43,2026-07-23T10:38:22+00:00
RMT-004177,ACCT-000447,B0125,2036-03-23,351.14,2026-07-23T10:38:22+00:00
RMT-004178,ACCT-000048,B0125,2036-03-23,287.31,2026-07-23T10:38:22+00:00
RMT-004179,ACCT-000155,B0125,2036-03-23,533.25,2026-07-23T10:38:22+00:00
RMT-004180,ACCT-000340,B0125,2036-03-23,1084.38,2026-07-23T10:38:22+00:00
RMT-004181,ACCT-000034,B0125,2036-03-23,446.59,2026-07-23T10:38:22+00:00
RMT-004182,ACCT-000382,B0125,2036-03-23,553.79,2026-07-23T10:38:22+00:00
RMT-004183,ACCT-000145,B0125,2036-03-23,962.17,2026-07-23T10:38:22+00:00
RMT-004184,ACCT-000280,B0125,2036-03-23,890.4,2026-07-23T10:38:22+00:00
RMT-004185,ACCT-000217,B0125,2036-03-23,822.05,2026-07-23T10:38:22+00:00
RMT-004186,ACCT-000160,B0125,2036-03-23,931.55,2026-07-23T10:38:22+00:00
RMT-004187,ACCT-000483,B0125,2036-03-23,346.28,2026-07-23T10:38:22+00:00
RMT-004188,ACCT-000484,B0125,2036-03-23,1347.4,2026-07-23T10:38:22+00:00
RMT-004189,ACCT-000485,B0125,2036-03-23,179.36,2026-07-23T10:38:22+00:00
RMT-004190,ACCT-000115,B0126,2036-04-22,465.08,2026-07-23T12:20:03+00:00
RMT-004191,ACCT-000428,B0126,2036-04-22,808.43,2026-07-23T12:20:03+00:00
RMT-004192,ACCT-000180,B0126,2036-04-22,328.05,2026-07-23T12:20:03+00:00
RMT-004193,ACCT-000094,B0126,2036-04-22,1148.11,2026-07-23T12:20:03+00:00
RMT-004194,ACCT-000295,B0126,2036-04-22,419.97,2026-07-23T12:20:03+00:00
RMT-004195,ACCT-000367,B0126,2036-04-22,465.64,2026-07-23T12:20:03+00:00
RMT-004196,ACCT-000009,B0126,2036-04-22,647.24,2026-07-23T12:20:03+00:00
RMT-004197,ACCT-000404,B0126,2036-04-22,838.45,2026-07-23T12:20:03+00:00
RMT-004198,ACCT-000354,B0126,2036-04-22,397.45,2026-07-23T12:20:03+00:00
RMT-004199,ACCT-000029,B0126,2036-04-22,1081.45,2026-07-23T12:20:03+00:00
RMT-004200,ACCT-000177,B0126,2036-04-22,421.54,2026-07-23T12:20:03+00:00
RMT-004201,ACCT-000132,B0126,2036-04-22,663.84,2026-07-23T12:20:03+00:00
RMT-004202,ACCT-000022,B0126,2036-04-22,889.73,2026-07-23T12:20:03+00:00
RMT-004203,ACCT-000258,B0126,2036-04-22,719.33,2026-07-23T12:20:03+00:00
RMT-004204,ACCT-000063,B0126,2036-04-22,468.0,2026-07-23T12:20:03+00:00
RMT-004205,ACCT-000085,B0126,2036-04-22,145.76,2026-07-23T12:20:03+00:00
RMT-004206,ACCT-000187,B0126,2036-04-22,476.2,2026-07-23T12:20:03+00:00
RMT-004207,ACCT-000412,B0126,2036-04-22,962.35,2026-07-23T12:20:03+00:00
RMT-004208,ACCT-000344,B0126,2036-04-22,532.78,2026-07-23T12:20:03+00:00
RMT-004209,ACCT-000352,B0126,2036-04-22,502.9,2026-07-23T12:20:03+00:00
RMT-004210,ACCT-000364,B0126,2036-04-22,535.97,2026-07-23T12:20:03+00:00
RMT-004211,ACCT-000201,B0126,2036-04-22,239.46,2026-07-23T12:20:03+00:00
RMT-004212,ACCT-000397,B0126,2036-04-22,865.06,2026-07-23T12:20:03+00:00
RMT-004213,ACCT-000099,B0126,2036-04-22,661.61,2026-07-23T12:20:03+00:00
RMT-004214,ACCT-000082,B0126,2036-04-22,356.75,2026-07-23T12:20:03+00:00
RMT-004215,ACCT-000377,B0126,2036-04-22,467.57,2026-07-23T12:20:03+00:00
RMT-004216,ACCT-000371,B0126,2036-04-22,290.97,2026-07-23T12:20:03+00:00
RMT-004217,ACCT-000393,B0126,2036-04-22,129.57,2026-07-23T12:20:03+00:00
RMT-004218,ACCT-000483,B0126,2036-04-22,322.3,2026-07-23T12:20:03+00:00
RMT-004219,ACCT-000268,B0126,2036-04-22,534.01,2026-07-23T12:20:03+00:00
RMT-004220,ACCT-000486,B0126,2036-04-22,828.39,2026-07-23T12:20:03+00:00
RMT-004221,ACCT-000487,B0126,2036-04-22,207.26,2026-07-23T12:20:03+00:00
RMT-004222,ACCT-000488,B0126,2036-04-22,346.58,2026-07-23T12:20:03+00:00
RMT-004223,ACCT-000489,B0126,2036-04-22,494.14,2026-07-23T12:20:03+00:00
RMT-004224,ACCT-000467,B0127,2036-05-22,827.99,2026-07-23T14:40:04+00:00
RMT-004225,ACCT-000359,B0127,2036-05-22,426.64,2026-07-23T14:40:04+00:00
RMT-004226,ACCT-000168,B0127,2036-05-22,654.63,2026-07-23T14:40:04+00:00
RMT-004227,ACCT-000039,B0127,2036-05-22,521.78,2026-07-23T14:40:04+00:00
RMT-004228,ACCT-000108,B0127,2036-05-22,79.03,2026-07-23T14:40:04+00:00
RMT-004229,ACCT-000144,B0127,2036-05-22,139.29,2026-07-23T14:40:04+00:00
RMT-004230,ACCT-000269,B0127,2036-05-22,178.26,2026-07-23T14:40:04+00:00
RMT-004231,ACCT-000452,B0127,2036-05-22,418.31,2026-07-23T14:40:04+00:00
RMT-004232,ACCT-000196,B0127,2036-05-22,443.22,2026-07-23T14:40:04+00:00
RMT-004233,ACCT-000107,B0127,2036-05-22,284.82,2026-07-23T14:40:04+00:00
RMT-004234,ACCT-000336,B0127,2036-05-22,572.95,2026-07-23T14:40:04+00:00
RMT-004235,ACCT-000109,B0127,2036-05-22,70.48,2026-07-23T14:40:04+00:00
RMT-004236,ACCT-000317,B0127,2036-05-22,424.02,2026-07-23T14:40:04+00:00
RMT-004237,ACCT-000084,B0127,2036-05-22,373.13,2026-07-23T14:40:04+00:00
RMT-004238,ACCT-000321,B0127,2036-05-22,805.68,2026-07-23T14:40:04+00:00
RMT-004239,ACCT-000201,B0127,2036-05-22,464.87,2026-07-23T14:40:04+00:00
RMT-004240,ACCT-000379,B0127,2036-05-22,364.43,2026-07-23T14:40:04+00:00
RMT-004241,ACCT-000253,B0127,2036-05-22,253.67,2026-07-23T14:40:04+00:00
RMT-004242,ACCT-000357,B0127,2036-05-22,270.04,2026-07-23T14:40:04+00:00
RMT-004243,ACCT-000368,B0127,2036-05-22,242.7,2026-07-23T14:40:04+00:00
RMT-004244,ACCT-000024,B0127,2036-05-22,765.49,2026-07-23T14:40:04+00:00
RMT-004245,ACCT-000172,B0127,2036-05-22,854.03,2026-07-23T14:40:04+00:00
RMT-004246,ACCT-000445,B0127,2036-05-22,358.53,2026-07-23T14:40:04+00:00
RMT-004247,ACCT-000315,B0127,2036-05-22,83.11,2026-07-23T14:40:04+00:00
RMT-004248,ACCT-000453,B0127,2036-05-22,782.42,2026-07-23T14:40:04+00:00
RMT-004249,ACCT-000490,B0127,2036-05-22,168.32,2026-07-23T14:40:04+00:00
RMT-004250,ACCT-000491,B0127,2036-05-22,344.15,2026-07-23T14:40:04+00:00
RMT-004251,ACCT-000419,B0128,2036-06-21,246.52,2026-07-23T16:21:43+00:00
RMT-004252,ACCT-000386,B0128,2036-06-21,530.34,2026-07-23T16:21:43+00:00
RMT-004253,ACCT-000235,B0128,2036-06-21,424.27,2026-07-23T16:21:43+00:00
RMT-004254,ACCT-000417,B0128,2036-06-21,846.28,2026-07-23T16:21:43+00:00
RMT-004255,ACCT-000093,B0128,2036-06-21,189.56,2026-07-23T16:21:43+00:00
RMT-004256,ACCT-000490,B0128,2036-06-21,87.24,2026-07-23T16:21:43+00:00
RMT-004257,ACCT-000416,B0128,2036-06-21,70.25,2026-07-23T16:21:43+00:00
RMT-004258,ACCT-000155,B0128,2036-06-21,77.41,2026-07-23T16:21:43+00:00
RMT-004259,ACCT-000353,B0128,2036-06-21,884.18,2026-07-23T16:21:43+00:00
RMT-004260,ACCT-000302,B0128,2036-06-21,335.14,2026-07-23T16:21:43+00:00
RMT-004261,ACCT-000429,B0128,2036-06-21,75.41,2026-07-23T16:21:43+00:00
RMT-004262,ACCT-000414,B0128,2036-06-21,847.09,2026-07-23T16:21:43+00:00
RMT-004263,ACCT-000334,B0128,2036-06-21,78.72,2026-07-23T16:21:43+00:00
RMT-004264,ACCT-000060,B0128,2036-06-21,878.82,2026-07-23T16:21:43+00:00
RMT-004265,ACCT-000124,B0128,2036-06-21,520.0,2026-07-23T16:21:43+00:00
RMT-004266,ACCT-000267,B0128,2036-06-21,159.21,2026-07-23T16:21:43+00:00
RMT-004267,ACCT-000128,B0128,2036-06-21,543.19,2026-07-23T16:21:43+00:00
RMT-004268,ACCT-000312,B0128,2036-06-21,1061.45,2026-07-23T16:21:43+00:00
RMT-004269,ACCT-000310,B0128,2036-06-21,736.1,2026-07-23T16:21:43+00:00
RMT-004270,ACCT-000193,B0128,2036-06-21,552.66,2026-07-23T16:21:43+00:00
RMT-004271,ACCT-000299,B0128,2036-06-21,889.62,2026-07-23T16:21:43+00:00
RMT-004272,ACCT-000164,B0128,2036-06-21,378.36,2026-07-23T16:21:43+00:00
RMT-004273,ACCT-000232,B0128,2036-06-21,620.84,2026-07-23T16:21:43+00:00
RMT-004274,ACCT-000450,B0128,2036-06-21,438.47,2026-07-23T16:21:43+00:00
RMT-004275,ACCT-000234,B0128,2036-06-21,957.14,2026-07-23T16:21:43+00:00
RMT-004276,ACCT-000370,B0128,2036-06-21,1020.58,2026-07-23T16:21:43+00:00
RMT-004277,ACCT-000357,B0128,2036-06-21,418.52,2026-07-23T16:21:43+00:00
RMT-004278,ACCT-000129,B0128,2036-06-21,563.52,2026-07-23T16:21:43+00:00
RMT-004279,ACCT-000189,B0128,2036-06-21,264.27,2026-07-23T16:21:43+00:00
RMT-004280,ACCT-000324,B0128,2036-06-21,782.75,2026-07-23T16:21:43+00:00
RMT-004281,ACCT-000001,B0128,2036-06-21,590.75,2026-07-23T16:21:43+00:00
RMT-004282,ACCT-000372,B0128,2036-06-21,207.33,2026-07-23T16:21:43+00:00
RMT-004283,ACCT-000209,B0128,2036-06-21,730.51,2026-07-23T16:21:43+00:00
RMT-004284,ACCT-000390,B0128,2036-06-21,341.05,2026-07-23T16:21:43+00:00
RMT-004285,ACCT-000492,B0128,2036-06-21,773.51,2026-07-23T16:21:43+00:00
RMT-004286,ACCT-000493,B0128,2036-06-21,283.62,2026-07-23T16:21:43+00:00
RMT-004287,ACCT-000494,B0128,2036-06-21,407.88,2026-07-23T16:21:43+00:00
RMT-004288,ACCT-000295,B0129,2036-07-21,954.0,2026-07-23T17:54:22+00:00
RMT-004289,ACCT-000211,B0129,2036-07-21,515.52,2026-07-23T17:54:22+00:00
RMT-004290,ACCT-000250,B0129,2036-07-21,516.18,2026-07-23T17:54:22+00:00
RMT-004291,ACCT-000005,B0129,2036-07-21,1000.74,2026-07-23T17:54:22+00:00
RMT-004292,ACCT-000256,B0129,2036-07-21,460.07,2026-07-23T17:54:22+00:00
RMT-004293,ACCT-000414,B0129,2036-07-21,445.58,2026-07-23T17:54:22+00:00
RMT-004294,ACCT-000167,B0129,2036-07-21,698.37,2026-07-23T17:54:22+00:00
RMT-004295,ACCT-000331,B0129,2036-07-21,850.36,2026-07-23T17:54:22+00:00
RMT-004296,ACCT-000392,B0129,2036-07-21,144.44,2026-07-23T17:54:22+00:00
RMT-004297,ACCT-000346,B0129,2036-07-21,421.06,2026-07-23T17:54:22+00:00
RMT-004298,ACCT-000059,B0129,2036-07-21,623.52,2026-07-23T17:54:22+00:00
RMT-004299,ACCT-000466,B0129,2036-07-21,294.47,2026-07-23T17:54:22+00:00
RMT-004300,ACCT-000190,B0129,2036-07-21,546.99,2026-07-23T17:54:22+00:00
RMT-004301,ACCT-000143,B0129,2036-07-21,570.5,2026-07-23T17:54:22+00:00
RMT-004302,ACCT-000251,B0129,2036-07-21,716.56,2026-07-23T17:54:22+00:00
RMT-004303,ACCT-000433,B0129,2036-07-21,178.95,2026-07-23T17:54:22+00:00
RMT-004304,ACCT-000321,B0129,2036-07-21,616.97,2026-07-23T17:54:22+00:00
RMT-004305,ACCT-000063,B0129,2036-07-21,112.73,2026-07-23T17:54:22+00:00
RMT-004306,ACCT-000009,B0129,2036-07-21,392.48,2026-07-23T17:54:22+00:00
RMT-004307,ACCT-000337,B0129,2036-07-21,825.45,2026-07-23T17:54:22+00:00
RMT-004308,ACCT-000177,B0129,2036-07-21,419.46,2026-07-23T17:54:22+00:00
RMT-004309,ACCT-000218,B0129,2036-07-21,893.37,2026-07-23T17:54:22+00:00
RMT-004310,ACCT-000162,B0129,2036-07-21,391.57,2026-07-23T17:54:22+00:00
RMT-004311,ACCT-000189,B0129,2036-07-21,697.9,2026-07-23T17:54:22+00:00
RMT-004312,ACCT-000166,B0129,2036-07-21,665.84,2026-07-23T17:54:22+00:00
RMT-004313,ACCT-000209,B0129,2036-07-21,505.57,2026-07-23T17:54:22+00:00
RMT-004314,ACCT-000416,B0129,2036-07-21,131.43,2026-07-23T17:54:22+00:00
RMT-004315,ACCT-000309,B0129,2036-07-21,1185.36,2026-07-23T17:54:22+00:00
RMT-004316,ACCT-000495,B0129,2036-07-21,583.9,2026-07-23T17:54:22+00:00
RMT-004317,ACCT-000496,B0129,2036-07-21,441.19,2026-07-23T17:54:22+00:00
RMT-004318,ACCT-000497,B0129,2036-07-21,613.87,2026-07-23T17:54:22+00:00
RMT-004319,ACCT-000468,B0130,2036-08-20,156.8,2026-07-23T19:02:10+00:00
RMT-004320,ACCT-000323,B0130,2036-08-20,285.62,2026-07-23T19:02:10+00:00
RMT-004321,ACCT-000292,B0130,2036-08-20,738.56,2026-07-23T19:02:10+00:00
RMT-004322,ACCT-000496,B0130,2036-08-20,355.66,2026-07-23T19:02:10+00:00
RMT-004323,ACCT-000362,B0130,2036-08-20,834.02,2026-07-23T19:02:10+00:00
RMT-004324,ACCT-000432,B0130,2036-08-20,404.97,2026-07-23T19:02:10+00:00
RMT-004325,ACCT-000289,B0130,2036-08-20,833.99,2026-07-23T19:02:10+00:00
RMT-004326,ACCT-000245,B0130,2036-08-20,468.3,2026-07-23T19:02:10+00:00
RMT-004327,ACCT-000235,B0130,2036-08-20,741.84,2026-07-23T19:02:10+00:00
RMT-004328,ACCT-000242,B0130,2036-08-20,327.26,2026-07-23T19:02:10+00:00
RMT-004329,ACCT-000039,B0130,2036-08-20,590.76,2026-07-23T19:02:10+00:00
RMT-004330,ACCT-000166,B0130,2036-08-20,312.68,2026-07-23T19:02:10+00:00
RMT-004331,ACCT-000437,B0130,2036-08-20,193.74,2026-07-23T19:02:10+00:00
RMT-004332,ACCT-000471,B0130,2036-08-20,488.9,2026-07-23T19:02:10+00:00
RMT-004333,ACCT-000113,B0130,2036-08-20,117.12,2026-07-23T19:02:10+00:00
RMT-004334,ACCT-000115,B0130,2036-08-20,395.46,2026-07-23T19:02:10+00:00
RMT-004335,ACCT-000173,B0130,2036-08-20,456.8,2026-07-23T19:02:10+00:00
RMT-004336,ACCT-000325,B0130,2036-08-20,820.84,2026-07-23T19:02:10+00:00
RMT-004337,ACCT-000219,B0130,2036-08-20,397.34,2026-07-23T19:02:10+00:00
RMT-004338,ACCT-000197,B0130,2036-08-20,766.7,2026-07-23T19:02:10+00:00
RMT-004339,ACCT-000350,B0130,2036-08-20,678.32,2026-07-23T19:02:10+00:00
RMT-004340,ACCT-000095,B0130,2036-08-20,597.17,2026-07-23T19:02:10+00:00
RMT-004341,ACCT-000431,B0130,2036-08-20,419.2,2026-07-23T19:02:10+00:00
RMT-004342,ACCT-000274,B0130,2036-08-20,492.78,2026-07-23T19:02:10+00:00
RMT-004343,ACCT-000473,B0130,2036-08-20,1167.91,2026-07-23T19:02:10+00:00
RMT-004344,ACCT-000251,B0130,2036-08-20,301.18,2026-07-23T19:02:10+00:00
RMT-004345,ACCT-000125,B0130,2036-08-20,818.26,2026-07-23T19:02:10+00:00
RMT-004346,ACCT-000319,B0130,2036-08-20,311.31,2026-07-23T19:02:10+00:00
RMT-004347,ACCT-000180,B0130,2036-08-20,381.14,2026-07-23T19:02:10+00:00
RMT-004348,ACCT-000498,B0130,2036-08-20,518.72,2026-07-23T19:02:10+00:00
RMT-004349,ACCT-000499,B0130,2036-08-20,272.94,2026-07-23T19:02:10+00:00
RMT-004350,ACCT-000071,B0131,2036-09-19,856.63,2026-07-23T20:35:00+00:00
RMT-004351,ACCT-000270,B0131,2036-09-19,587.71,2026-07-23T20:35:00+00:00
RMT-004352,ACCT-000275,B0131,2036-09-19,348.0,2026-07-23T20:35:00+00:00
RMT-004353,ACCT-000280,B0131,2036-09-19,918.67,2026-07-23T20:35:00+00:00
RMT-004354,ACCT-000137,B0131,2036-09-19,701.82,2026-07-23T20:35:00+00:00
RMT-004355,ACCT-000360,B0131,2036-09-19,64.99,2026-07-23T20:35:00+00:00
RMT-004356,ACCT-000257,B0131,2036-09-19,946.42,2026-07-23T20:35:00+00:00
RMT-004357,ACCT-000100,B0131,2036-09-19,1296.11,2026-07-23T20:35:00+00:00
RMT-004358,ACCT-000312,B0131,2036-09-19,161.12,2026-07-23T20:35:00+00:00
RMT-004359,ACCT-000337,B0131,2036-09-19,810.2,2026-07-23T20:35:00+00:00
RMT-004360,ACCT-000327,B0131,2036-09-19,43.45,2026-07-23T20:35:00+00:00
RMT-004361,ACCT-000373,B0131,2036-09-19,381.47,2026-07-23T20:35:00+00:00
RMT-004362,ACCT-000096,B0131,2036-09-19,656.68,2026-07-23T20:35:00+00:00
RMT-004363,ACCT-000049,B0131,2036-09-19,334.02,2026-07-23T20:35:00+00:00
RMT-004364,ACCT-000028,B0131,2036-09-19,871.34,2026-07-23T20:35:00+00:00
RMT-004365,ACCT-000126,B0131,2036-09-19,630.16,2026-07-23T20:35:00+00:00
RMT-004366,ACCT-000059,B0131,2036-09-19,777.8,2026-07-23T20:35:00+00:00
RMT-004367,ACCT-000041,B0131,2036-09-19,580.82,2026-07-23T20:35:00+00:00
RMT-004368,ACCT-000476,B0131,2036-09-19,692.03,2026-07-23T20:35:00+00:00
RMT-004369,ACCT-000263,B0131,2036-09-19,990.84,2026-07-23T20:35:00+00:00
RMT-004370,ACCT-000348,B0131,2036-09-19,98.89,2026-07-23T20:35:00+00:00
RMT-004371,ACCT-000068,B0131,2036-09-19,237.52,2026-07-23T20:35:00+00:00
RMT-004372,ACCT-000057,B0131,2036-09-19,538.24,2026-07-23T20:35:00+00:00
RMT-004373,ACCT-000084,B0131,2036-09-19,461.13,2026-07-23T20:35:00+00:00
RMT-004374,ACCT-000433,B0131,2036-09-19,513.82,2026-07-23T20:35:00+00:00
RMT-004375,ACCT-000078,B0131,2036-09-19,326.28,2026-07-23T20:35:00+00:00
RMT-004376,ACCT-000393,B0131,2036-09-19,218.4,2026-07-23T20:35:00+00:00
RMT-004377,ACCT-000340,B0131,2036-09-19,308.81,2026-07-23T20:35:00+00:00
RMT-004378,ACCT-000111,B0131,2036-09-19,38.47,2026-07-23T20:35:00+00:00
RMT-004379,ACCT-000117,B0131,2036-09-19,749.15,2026-07-23T20:35:00+00:00
RMT-004380,ACCT-000284,B0131,2036-09-19,681.64,2026-07-23T20:35:00+00:00
RMT-004381,ACCT-000388,B0131,2036-09-19,430.43,2026-07-23T20:35:00+00:00
RMT-004382,ACCT-000321,B0131,2036-09-19,416.92,2026-07-23T20:35:00+00:00
RMT-004383,ACCT-000500,B0131,2036-09-19,1041.35,2026-07-23T20:35:00+00:00
RMT-004384,ACCT-000501,B0131,2036-09-19,203.55,2026-07-23T20:35:00+00:00
RMT-004385,ACCT-000017,B0132,2036-10-19,538.81,2026-07-23T21:58:50+00:00
RMT-004386,ACCT-000399,B0132,2036-10-19,472.75,2026-07-23T21:58:50+00:00
RMT-004387,ACCT-000022,B0132,2036-10-19,393.55,2026-07-23T21:58:50+00:00
RMT-004388,ACCT-000162,B0132,2036-10-19,772.44,2026-07-23T21:58:50+00:00
RMT-004389,ACCT-000372,B0132,2036-10-19,399.37,2026-07-23T21:58:50+00:00
RMT-004390,ACCT-000211,B0132,2036-10-19,348.41,2026-07-23T21:58:50+00:00
RMT-004391,ACCT-000033,B0132,2036-10-19,430.78,2026-07-23T21:58:50+00:00
RMT-004392,ACCT-000438,B0132,2036-10-19,103.72,2026-07-23T21:58:50+00:00
RMT-004393,ACCT-000073,B0132,2036-10-19,933.98,2026-07-23T21:58:50+00:00
RMT-004394,ACCT-000486,B0132,2036-10-19,132.28,2026-07-23T21:58:50+00:00
RMT-004395,ACCT-000488,B0132,2036-10-19,514.08,2026-07-23T21:58:50+00:00
RMT-004396,ACCT-000151,B0132,2036-10-19,856.74,2026-07-23T21:58:50+00:00
RMT-004397,ACCT-000439,B0132,2036-10-19,353.49,2026-07-23T21:58:50+00:00
RMT-004398,ACCT-000402,B0132,2036-10-19,62.47,2026-07-23T21:58:50+00:00
RMT-004399,ACCT-000392,B0132,2036-10-19,265.76,2026-07-23T21:58:50+00:00
RMT-004400,ACCT-000403,B0132,2036-10-19,153.43,2026-07-23T21:58:50+00:00
RMT-004401,ACCT-000411,B0132,2036-10-19,751.32,2026-07-23T21:58:50+00:00
RMT-004402,ACCT-000357,B0132,2036-10-19,947.03,2026-07-23T21:58:50+00:00
RMT-004403,ACCT-000291,B0132,2036-10-19,986.12,2026-07-23T21:58:50+00:00
RMT-004404,ACCT-000288,B0132,2036-10-19,760.33,2026-07-23T21:58:50+00:00
RMT-004405,ACCT-000299,B0132,2036-10-19,361.42,2026-07-23T21:58:50+00:00
RMT-004406,ACCT-000247,B0132,2036-10-19,1044.92,2026-07-23T21:58:50+00:00
RMT-004407,ACCT-000322,B0132,2036-10-19,1061.96,2026-07-23T21:58:50+00:00
RMT-004408,ACCT-000112,B0132,2036-10-19,527.57,2026-07-23T21:58:50+00:00
RMT-004409,ACCT-000164,B0132,2036-10-19,350.85,2026-07-23T21:58:50+00:00
RMT-004410,ACCT-000343,B0132,2036-10-19,217.06,2026-07-23T21:58:50+00:00
RMT-004411,ACCT-000227,B0132,2036-10-19,452.17,2026-07-23T21:58:50+00:00
RMT-004412,ACCT-000165,B0132,2036-10-19,385.73,2026-07-23T21:58:50+00:00
RMT-004413,ACCT-000019,B0132,2036-10-19,281.21,2026-07-23T21:58:50+00:00
RMT-004414,ACCT-000502,B0132,2036-10-19,405.83,2026-07-23T21:58:50+00:00
RMT-004415,ACCT-000503,B0132,2036-10-19,422.08,2026-07-23T21:58:50+00:00
RMT-004416,ACCT-000504,B0132,2036-10-19,197.51,2026-07-23T21:58:50+00:00
RMT-004417,ACCT-000239,B0133,2036-11-18,731.34,2026-07-23T22:57:28+00:00
RMT-004418,ACCT-000342,B0133,2036-11-18,164.37,2026-07-23T22:57:28+00:00
RMT-004419,ACCT-000382,B0133,2036-11-18,119.95,2026-07-23T22:57:28+00:00
RMT-004420,ACCT-000355,B0133,2036-11-18,715.71,2026-07-23T22:57:28+00:00
RMT-004421,ACCT-000380,B0133,2036-11-18,356.44,2026-07-23T22:57:28+00:00
RMT-004422,ACCT-000353,B0133,2036-11-18,932.97,2026-07-23T22:57:28+00:00
RMT-004423,ACCT-000228,B0133,2036-11-18,34.5,2026-07-23T22:57:28+00:00
RMT-004424,ACCT-000325,B0133,2036-11-18,843.35,2026-07-23T22:57:28+00:00
RMT-004425,ACCT-000405,B0133,2036-11-18,113.55,2026-07-23T22:57:28+00:00
RMT-004426,ACCT-000344,B0133,2036-11-18,138.57,2026-07-23T22:57:28+00:00
RMT-004427,ACCT-000144,B0133,2036-11-18,666.8,2026-07-23T22:57:28+00:00
RMT-004428,ACCT-000309,B0133,2036-11-18,508.66,2026-07-23T22:57:28+00:00
RMT-004429,ACCT-000293,B0133,2036-11-18,443.37,2026-07-23T22:57:28+00:00
RMT-004430,ACCT-000481,B0133,2036-11-18,800.18,2026-07-23T22:57:28+00:00
RMT-004431,ACCT-000047,B0133,2036-11-18,1125.84,2026-07-23T22:57:28+00:00
RMT-004432,ACCT-000005,B0133,2036-11-18,898.04,2026-07-23T22:57:28+00:00
RMT-004433,ACCT-000086,B0133,2036-11-18,763.17,2026-07-23T22:57:28+00:00
RMT-004434,ACCT-000424,B0133,2036-11-18,616.02,2026-07-23T22:57:28+00:00
RMT-004435,ACCT-000396,B0133,2036-11-18,717.59,2026-07-23T22:57:28+00:00
RMT-004436,ACCT-000490,B0133,2036-11-18,950.37,2026-07-23T22:57:28+00:00
RMT-004437,ACCT-000423,B0133,2036-11-18,185.48,2026-07-23T22:57:28+00:00
RMT-004438,ACCT-000231,B0133,2036-11-18,326.75,2026-07-23T22:57:28+00:00
RMT-004439,ACCT-000070,B0133,2036-11-18,100.48,2026-07-23T22:57:28+00:00
RMT-004440,ACCT-000321,B0133,2036-11-18,374.34,2026-07-23T22:57:28+00:00
RMT-004441,ACCT-000048,B0133,2036-11-18,534.59,2026-07-23T22:57:28+00:00
RMT-004442,ACCT-000092,B0133,2036-11-18,377.65,2026-07-23T22:57:28+00:00
RMT-004443,ACCT-000414,B0133,2036-11-18,465.08,2026-07-23T22:57:28+00:00
RMT-004444,ACCT-000223,B0133,2036-11-18,863.19,2026-07-23T22:57:28+00:00
RMT-004445,ACCT-000165,B0133,2036-11-18,791.5,2026-07-23T22:57:28+00:00
RMT-004446,ACCT-000400,B0133,2036-11-18,370.74,2026-07-23T22:57:28+00:00
RMT-004447,ACCT-000254,B0133,2036-11-18,46.3,2026-07-23T22:57:28+00:00
RMT-004448,ACCT-000214,B0133,2036-11-18,726.13,2026-07-23T22:57:28+00:00
RMT-004449,ACCT-000256,B0133,2036-11-18,352.26,2026-07-23T22:57:28+00:00
RMT-004450,ACCT-000505,B0133,2036-11-18,1024.79,2026-07-23T22:57:28+00:00
RMT-004451,ACCT-000506,B0133,2036-11-18,758.82,2026-07-23T22:57:28+00:00
RMT-004452,ACCT-000507,B0133,2036-11-18,407.94,2026-07-23T22:57:28+00:00
RMT-004453,ACCT-000508,B0133,2036-11-18,1084.74,2026-07-23T22:57:28+00:00
RMT-004454,ACCT-000226,B0134,2036-12-18,431.58,2026-07-23T23:58:01+00:00
RMT-004455,ACCT-000332,B0134,2036-12-18,120.71,2026-07-23T23:58:01+00:00
RMT-004456,ACCT-000228,B0134,2036-12-18,287.99,2026-07-23T23:58:01+00:00
RMT-004457,ACCT-000342,B0134,2036-12-18,932.64,2026-07-23T23:58:01+00:00
RMT-004458,ACCT-000449,B0134,2036-12-18,196.91,2026-07-23T23:58:01+00:00
RMT-004459,ACCT-000371,B0134,2036-12-18,754.08,2026-07-23T23:58:01+00:00
RMT-004460,ACCT-000425,B0134,2036-12-18,214.91,2026-07-23T23:58:01+00:00
RMT-004461,ACCT-000281,B0134,2036-12-18,881.5,2026-07-23T23:58:01+00:00
RMT-004462,ACCT-000134,B0134,2036-12-18,503.52,2026-07-23T23:58:01+00:00
RMT-004463,ACCT-000240,B0134,2036-12-18,739.72,2026-07-23T23:58:01+00:00
RMT-004464,ACCT-000270,B0134,2036-12-18,310.45,2026-07-23T23:58:01+00:00
RMT-004465,ACCT-000077,B0134,2036-12-18,549.54,2026-07-23T23:58:01+00:00
RMT-004466,ACCT-000508,B0134,2036-12-18,532.51,2026-07-23T23:58:01+00:00
RMT-004467,ACCT-000492,B0134,2036-12-18,275.42,2026-07-23T23:58:01+00:00
RMT-004468,ACCT-000473,B0134,2036-12-18,748.7,2026-07-23T23:58:01+00:00
RMT-004469,ACCT-000411,B0134,2036-12-18,90.05,2026-07-23T23:58:01+00:00
RMT-004470,ACCT-000050,B0134,2036-12-18,452.51,2026-07-23T23:58:01+00:00
RMT-004471,ACCT-000202,B0134,2036-12-18,266.94,2026-07-23T23:58:01+00:00
RMT-004472,ACCT-000023,B0134,2036-12-18,456.81,2026-07-23T23:58:01+00:00
RMT-004473,ACCT-000406,B0134,2036-12-18,41.6,2026-07-23T23:58:01+00:00
RMT-004474,ACCT-000027,B0134,2036-12-18,300.38,2026-07-23T23:58:01+00:00
RMT-004475,ACCT-000434,B0134,2036-12-18,242.08,2026-07-23T23:58:01+00:00
RMT-004476,ACCT-000286,B0134,2036-12-18,154.28,2026-07-23T23:58:01+00:00
RMT-004477,ACCT-000407,B0134,2036-12-18,569.45,2026-07-23T23:58:01+00:00
RMT-004478,ACCT-000422,B0134,2036-12-18,965.19,2026-07-23T23:58:01+00:00
RMT-004479,ACCT-000355,B0134,2036-12-18,316.53,2026-07-23T23:58:01+00:00
RMT-004480,ACCT-000353,B0134,2036-12-18,29.7,2026-07-23T23:58:01+00:00
RMT-004481,ACCT-000303,B0134,2036-12-18,623.27,2026-07-23T23:58:01+00:00
RMT-004482,ACCT-000483,B0134,2036-12-18,475.63,2026-07-23T23:58:01+00:00
RMT-004483,ACCT-000137,B0134,2036-12-18,775.06,2026-07-23T23:58:01+00:00
RMT-004484,ACCT-000509,B0134,2036-12-18,35.19,2026-07-23T23:58:01+00:00
RMT-004485,ACCT-000510,B0134,2036-12-18,399.67,2026-07-23T23:58:01+00:00
RMT-004486,ACCT-000511,B0134,2036-12-18,714.77,2026-07-23T23:58:01+00:00
RMT-004487,ACCT-000512,B0134,2036-12-18,860.39,2026-07-23T23:58:01+00:00
RMT-004488,ACCT-000303,B0135,2037-01-17,849.92,2026-07-24T02:31:52+00:00
RMT-004489,ACCT-000509,B0135,2037-01-17,404.49,2026-07-24T02:31:52+00:00
RMT-004490,ACCT-000354,B0135,2037-01-17,673.9,2026-07-24T02:31:52+00:00
RMT-004491,ACCT-000426,B0135,2037-01-17,278.41,2026-07-24T02:31:52+00:00
RMT-004492,ACCT-000298,B0135,2037-01-17,472.75,2026-07-24T02:31:52+00:00
RMT-004493,ACCT-000001,B0135,2037-01-17,163.52,2026-07-24T02:31:52+00:00
RMT-004494,ACCT-000384,B0135,2037-01-17,614.39,2026-07-24T02:31:52+00:00
RMT-004495,ACCT-000069,B0135,2037-01-17,757.14,2026-07-24T02:31:52+00:00
RMT-004496,ACCT-000160,B0135,2037-01-17,756.88,2026-07-24T02:31:52+00:00
RMT-004497,ACCT-000106,B0135,2037-01-17,523.05,2026-07-24T02:31:52+00:00
RMT-004498,ACCT-000179,B0135,2037-01-17,361.54,2026-07-24T02:31:52+00:00
RMT-004499,ACCT-000408,B0135,2037-01-17,729.95,2026-07-24T02:31:52+00:00
RMT-004500,ACCT-000407,B0135,2037-01-17,144.78,2026-07-24T02:31:52+00:00
RMT-004501,ACCT-000271,B0135,2037-01-17,451.7,2026-07-24T02:31:52+00:00
RMT-004502,ACCT-000244,B0135,2037-01-17,865.16,2026-07-24T02:31:52+00:00
RMT-004503,ACCT-000418,B0135,2037-01-17,106.69,2026-07-24T02:31:52+00:00
RMT-004504,ACCT-000234,B0135,2037-01-17,221.26,2026-07-24T02:31:52+00:00
RMT-004505,ACCT-000431,B0135,2037-01-17,776.18,2026-07-24T02:31:52+00:00
RMT-004506,ACCT-000021,B0135,2037-01-17,374.17,2026-07-24T02:31:52+00:00
RMT-004507,ACCT-000342,B0135,2037-01-17,674.8,2026-07-24T02:31:52+00:00
RMT-004508,ACCT-000292,B0135,2037-01-17,153.98,2026-07-24T02:31:52+00:00
RMT-004509,ACCT-000424,B0135,2037-01-17,521.46,2026-07-24T02:31:52+00:00
RMT-004510,ACCT-000371,B0135,2037-01-17,784.78,2026-07-24T02:31:52+00:00
RMT-004511,ACCT-000291,B0135,2037-01-17,414.13,2026-07-24T02:31:52+00:00
RMT-004512,ACCT-000395,B0135,2037-01-17,690.72,2026-07-24T02:31:52+00:00
RMT-004513,ACCT-000507,B0135,2037-01-17,615.6,2026-07-24T02:31:52+00:00
RMT-004514,ACCT-000228,B0135,2037-01-17,685.55,2026-07-24T02:31:52+00:00
RMT-004515,ACCT-000360,B0135,2037-01-17,862.46,2026-07-24T02:31:52+00:00
RMT-004516,ACCT-000413,B0135,2037-01-17,359.82,2026-07-24T02:31:52+00:00
RMT-004517,ACCT-000513,B0135,2037-01-17,634.74,2026-07-24T02:31:52+00:00
RMT-004518,ACCT-000514,B0135,2037-01-17,226.56,2026-07-24T02:31:52+00:00
RMT-004519,ACCT-000515,B0135,2037-01-17,540.66,2026-07-24T02:31:52+00:00
RMT-004520,ACCT-000516,B0135,2037-01-17,328.2,2026-07-24T02:31:52+00:00
RMT-004521,ACCT-000362,B0136,2037-02-16,505.98,2026-07-24T05:42:36+00:00
RMT-004522,ACCT-000514,B0136,2037-02-16,375.89,2026-07-24T05:42:36+00:00
RMT-004523,ACCT-000064,B0136,2037-02-16,438.41,2026-07-24T05:42:36+00:00
RMT-004524,ACCT-000268,B0136,2037-02-16,480.37,2026-07-24T05:42:36+00:00
RMT-004525,ACCT-000396,B0136,2037-02-16,296.67,2026-07-24T05:42:36+00:00
RMT-004526,ACCT-000427,B0136,2037-02-16,542.11,2026-07-24T05:42:36+00:00
RMT-004527,ACCT-000136,B0136,2037-02-16,279.96,2026-07-24T05:42:36+00:00
RMT-004528,ACCT-000325,B0136,2037-02-16,1332.59,2026-07-24T05:42:36+00:00
RMT-004529,ACCT-000072,B0136,2037-02-16,848.64,2026-07-24T05:42:36+00:00
RMT-004530,ACCT-000211,B0136,2037-02-16,196.57,2026-07-24T05:42:36+00:00
RMT-004531,ACCT-000475,B0136,2037-02-16,408.62,2026-07-24T05:42:36+00:00
RMT-004532,ACCT-000055,B0136,2037-02-16,916.15,2026-07-24T05:42:36+00:00
RMT-004533,ACCT-000048,B0136,2037-02-16,592.46,2026-07-24T05:42:36+00:00
RMT-004534,ACCT-000385,B0136,2037-02-16,711.34,2026-07-24T05:42:36+00:00
RMT-004535,ACCT-000052,B0136,2037-02-16,321.97,2026-07-24T05:42:36+00:00
RMT-004536,ACCT-000260,B0136,2037-02-16,679.96,2026-07-24T05:42:36+00:00
RMT-004537,ACCT-000257,B0136,2037-02-16,160.06,2026-07-24T05:42:36+00:00
RMT-004538,ACCT-000197,B0136,2037-02-16,1046.19,2026-07-24T05:42:36+00:00
RMT-004539,ACCT-000513,B0136,2037-02-16,71.22,2026-07-24T05:42:36+00:00
RMT-004540,ACCT-000419,B0136,2037-02-16,521.58,2026-07-24T05:42:36+00:00
RMT-004541,ACCT-000001,B0136,2037-02-16,1035.26,2026-07-24T05:42:36+00:00
RMT-004542,ACCT-000035,B0136,2037-02-16,732.03,2026-07-24T05:42:36+00:00
RMT-004543,ACCT-000112,B0136,2037-02-16,628.72,2026-07-24T05:42:36+00:00
RMT-004544,ACCT-000150,B0136,2037-02-16,58.08,2026-07-24T05:42:36+00:00
RMT-004545,ACCT-000301,B0136,2037-02-16,679.59,2026-07-24T05:42:36+00:00
RMT-004546,ACCT-000111,B0136,2037-02-16,454.39,2026-07-24T05:42:36+00:00
RMT-004547,ACCT-000517,B0136,2037-02-16,721.8,2026-07-24T05:42:36+00:00
RMT-004548,ACCT-000518,B0136,2037-02-16,345.47,2026-07-24T05:42:36+00:00
RMT-004549,ACCT-000519,B0136,2037-02-16,484.21,2026-07-24T05:42:36+00:00
RMT-004550,ACCT-000520,B0136,2037-02-16,81.41,2026-07-24T05:42:36+00:00
RMT-004551,ACCT-000051,B0137,2037-03-18,433.56,2026-07-24T08:11:04+00:00
RMT-004552,ACCT-000451,B0137,2037-03-18,267.88,2026-07-24T08:11:04+00:00
RMT-004553,ACCT-000387,B0137,2037-03-18,42.53,2026-07-24T08:11:04+00:00
RMT-004554,ACCT-000491,B0137,2037-03-18,556.59,2026-07-24T08:11:04+00:00
RMT-004555,ACCT-000132,B0137,2037-03-18,395.06,2026-07-24T08:11:04+00:00
RMT-004556,ACCT-000155,B0137,2037-03-18,256.99,2026-07-24T08:11:04+00:00
RMT-004557,ACCT-000418,B0137,2037-03-18,499.07,2026-07-24T08:11:04+00:00
RMT-004558,ACCT-000444,B0137,2037-03-18,1008.12,2026-07-24T08:11:04+00:00
RMT-004559,ACCT-000254,B0137,2037-03-18,858.79,2026-07-24T08:11:04+00:00
RMT-004560,ACCT-000057,B0137,2037-03-18,663.25,2026-07-24T08:11:04+00:00
RMT-004561,ACCT-000163,B0137,2037-03-18,1009.22,2026-07-24T08:11:04+00:00
RMT-004562,ACCT-000234,B0137,2037-03-18,332.86,2026-07-24T08:11:04+00:00
RMT-004563,ACCT-000473,B0137,2037-03-18,80.2,2026-07-24T08:11:04+00:00
RMT-004564,ACCT-000107,B0137,2037-03-18,207.7,2026-07-24T08:11:04+00:00
RMT-004565,ACCT-000078,B0137,2037-03-18,394.42,2026-07-24T08:11:04+00:00
RMT-004566,ACCT-000439,B0137,2037-03-18,325.14,2026-07-24T08:11:04+00:00
RMT-004567,ACCT-000191,B0137,2037-03-18,640.63,2026-07-24T08:11:04+00:00
RMT-004568,ACCT-000343,B0137,2037-03-18,499.07,2026-07-24T08:11:04+00:00
RMT-004569,ACCT-000076,B0137,2037-03-18,1200.95,2026-07-24T08:11:04+00:00
RMT-004570,ACCT-000232,B0137,2037-03-18,270.24,2026-07-24T08:11:04+00:00
RMT-004571,ACCT-000008,B0137,2037-03-18,476.0,2026-07-24T08:11:04+00:00
RMT-004572,ACCT-000177,B0137,2037-03-18,308.98,2026-07-24T08:11:04+00:00
RMT-004573,ACCT-000055,B0137,2037-03-18,1216.88,2026-07-24T08:11:04+00:00
RMT-004574,ACCT-000292,B0137,2037-03-18,171.5,2026-07-24T08:11:04+00:00
RMT-004575,ACCT-000352,B0137,2037-03-18,479.08,2026-07-24T08:11:04+00:00
RMT-004576,ACCT-000410,B0137,2037-03-18,165.9,2026-07-24T08:11:04+00:00
RMT-004577,ACCT-000001,B0137,2037-03-18,485.65,2026-07-24T08:11:04+00:00
RMT-004578,ACCT-000156,B0137,2037-03-18,576.6,2026-07-24T08:11:04+00:00
RMT-004579,ACCT-000298,B0137,2037-03-18,384.1,2026-07-24T08:11:04+00:00
RMT-004580,ACCT-000036,B0137,2037-03-18,434.17,2026-07-24T08:11:04+00:00
RMT-004581,ACCT-000241,B0137,2037-03-18,172.09,2026-07-24T08:11:04+00:00
RMT-004582,ACCT-000230,B0137,2037-03-18,680.58,2026-07-24T08:11:04+00:00
RMT-004583,ACCT-000521,B0137,2037-03-18,566.21,2026-07-24T08:11:04+00:00
RMT-004584,ACCT-000522,B0137,2037-03-18,239.33,2026-07-24T08:11:04+00:00
RMT-004585,ACCT-000471,B0138,2037-04-17,333.09,2026-07-24T10:32:12+00:00
RMT-004586,ACCT-000171,B0138,2037-04-17,638.8,2026-07-24T10:32:12+00:00
RMT-004587,ACCT-000345,B0138,2037-04-17,430.28,2026-07-24T10:32:12+00:00
RMT-004588,ACCT-000055,B0138,2037-04-17,427.3,2026-07-24T10:32:12+00:00
RMT-004589,ACCT-000456,B0138,2037-04-17,983.85,2026-07-24T10:32:12+00:00
RMT-004590,ACCT-000135,B0138,2037-04-17,1201.5,2026-07-24T10:32:12+00:00
RMT-004591,ACCT-000441,B0138,2037-04-17,414.85,2026-07-24T10:32:12+00:00
RMT-004592,ACCT-000472,B0138,2037-04-17,718.34,2026-07-24T10:32:12+00:00
RMT-004593,ACCT-000367,B0138,2037-04-17,582.96,2026-07-24T10:32:12+00:00
RMT-004594,ACCT-000008,B0138,2037-04-17,254.15,2026-07-24T10:32:12+00:00
RMT-004595,ACCT-000322,B0138,2037-04-17,267.92,2026-07-24T10:32:12+00:00
RMT-004596,ACCT-000098,B0138,2037-04-17,886.71,2026-07-24T10:32:12+00:00
RMT-004597,ACCT-000218,B0138,2037-04-17,702.28,2026-07-24T10:32:12+00:00
RMT-004598,ACCT-000137,B0138,2037-04-17,165.76,2026-07-24T10:32:12+00:00
RMT-004599,ACCT-000460,B0138,2037-04-17,731.69,2026-07-24T10:32:12+00:00
RMT-004600,ACCT-000316,B0138,2037-04-17,302.25,2026-07-24T10:32:12+00:00
RMT-004601,ACCT-000202,B0138,2037-04-17,375.03,2026-07-24T10:32:12+00:00
RMT-004602,ACCT-000522,B0138,2037-04-17,341.41,2026-07-24T10:32:12+00:00
RMT-004603,ACCT-000252,B0138,2037-04-17,1081.91,2026-07-24T10:32:12+00:00
RMT-004604,ACCT-000225,B0138,2037-04-17,943.55,2026-07-24T10:32:12+00:00
RMT-004605,ACCT-000504,B0138,2037-04-17,310.13,2026-07-24T10:32:12+00:00
RMT-004606,ACCT-000315,B0138,2037-04-17,549.42,2026-07-24T10:32:12+00:00
RMT-004607,ACCT-000493,B0138,2037-04-17,554.57,2026-07-24T10:32:12+00:00
RMT-004608,ACCT-000301,B0138,2037-04-17,446.71,2026-07-24T10:32:12+00:00
RMT-004609,ACCT-000190,B0138,2037-04-17,360.14,2026-07-24T10:32:12+00:00
RMT-004610,ACCT-000509,B0138,2037-04-17,424.01,2026-07-24T10:32:12+00:00
RMT-004611,ACCT-000464,B0138,2037-04-17,1261.96,2026-07-24T10:32:12+00:00
RMT-004612,ACCT-000233,B0138,2037-04-17,277.79,2026-07-24T10:32:12+00:00
RMT-004613,ACCT-000006,B0138,2037-04-17,475.83,2026-07-24T10:32:12+00:00
RMT-004614,ACCT-000186,B0138,2037-04-17,355.41,2026-07-24T10:32:12+00:00
RMT-004615,ACCT-000392,B0138,2037-04-17,156.39,2026-07-24T10:32:12+00:00
RMT-004616,ACCT-000100,B0138,2037-04-17,997.28,2026-07-24T10:32:12+00:00
RMT-004617,ACCT-000224,B0138,2037-04-17,717.22,2026-07-24T10:32:12+00:00
RMT-004618,ACCT-000371,B0138,2037-04-17,130.87,2026-07-24T10:32:12+00:00
RMT-004619,ACCT-000149,B0138,2037-04-17,363.71,2026-07-24T10:32:12+00:00
RMT-004620,ACCT-000523,B0138,2037-04-17,503.74,2026-07-24T10:32:12+00:00
RMT-004621,ACCT-000524,B0138,2037-04-17,180.8,2026-07-24T10:32:12+00:00
RMT-004622,ACCT-000525,B0138,2037-04-17,164.62,2026-07-24T10:32:12+00:00
RMT-004623,ACCT-000526,B0138,2037-04-17,915.2,2026-07-24T10:32:12+00:00
RMT-004624,ACCT-000160,B0139,2037-05-17,253.59,2026-07-24T12:14:28+00:00
RMT-004625,ACCT-000159,B0139,2037-05-17,256.68,2026-07-24T12:14:28+00:00
RMT-004626,ACCT-000134,B0139,2037-05-17,816.93,2026-07-24T12:14:28+00:00
RMT-004627,ACCT-000303,B0139,2037-05-17,515.26,2026-07-24T12:14:28+00:00
RMT-004628,ACCT-000056,B0139,2037-05-17,220.94,2026-07-24T12:14:28+00:00
RMT-004629,ACCT-000511,B0139,2037-05-17,50.84,2026-07-24T12:14:28+00:00
RMT-004630,ACCT-000217,B0139,2037-05-17,74.89,2026-07-24T12:14:28+00:00
RMT-004631,ACCT-000406,B0139,2037-05-17,220.26,2026-07-24T12:14:28+00:00
RMT-004632,ACCT-000223,B0139,2037-05-17,778.41,2026-07-24T12:14:28+00:00
RMT-004633,ACCT-000357,B0139,2037-05-17,244.36,2026-07-24T12:14:28+00:00
RMT-004634,ACCT-000169,B0139,2037-05-17,657.03,2026-07-24T12:14:28+00:00
RMT-004635,ACCT-000206,B0139,2037-05-17,60.65,2026-07-24T12:14:28+00:00
RMT-004636,ACCT-000395,B0139,2037-05-17,554.2,2026-07-24T12:14:28+00:00
RMT-004637,ACCT-000433,B0139,2037-05-17,727.76,2026-07-24T12:14:28+00:00
RMT-004638,ACCT-000404,B0139,2037-05-17,82.26,2026-07-24T12:14:28+00:00
RMT-004639,ACCT-000423,B0139,2037-05-17,543.89,2026-07-24T12:14:28+00:00
RMT-004640,ACCT-000102,B0139,2037-05-17,743.48,2026-07-24T12:14:28+00:00
RMT-004641,ACCT-000100,B0139,2037-05-17,238.92,2026-07-24T12:14:28+00:00
RMT-004642,ACCT-000372,B0139,2037-05-17,784.06,2026-07-24T12:14:28+00:00
RMT-004643,ACCT-000119,B0139,2037-05-17,268.01,2026-07-24T12:14:28+00:00
RMT-004644,ACCT-000023,B0139,2037-05-17,227.98,2026-07-24T12:14:28+00:00
RMT-004645,ACCT-000410,B0139,2037-05-17,601.62,2026-07-24T12:14:28+00:00
RMT-004646,ACCT-000413,B0139,2037-05-17,472.48,2026-07-24T12:14:28+00:00
RMT-004647,ACCT-000344,B0139,2037-05-17,493.05,2026-07-24T12:14:28+00:00
RMT-004648,ACCT-000480,B0139,2037-05-17,447.19,2026-07-24T12:14:28+00:00
RMT-004649,ACCT-000450,B0139,2037-05-17,583.16,2026-07-24T12:14:28+00:00
RMT-004650,ACCT-000058,B0139,2037-05-17,685.61,2026-07-24T12:14:28+00:00
RMT-004651,ACCT-000059,B0139,2037-05-17,671.88,2026-07-24T12:14:28+00:00
RMT-004652,ACCT-000467,B0139,2037-05-17,639.85,2026-07-24T12:14:28+00:00
RMT-004653,ACCT-000035,B0139,2037-05-17,552.57,2026-07-24T12:14:28+00:00
RMT-004654,ACCT-000224,B0139,2037-05-17,521.01,2026-07-24T12:14:28+00:00
RMT-004655,ACCT-000104,B0139,2037-05-17,222.49,2026-07-24T12:14:28+00:00
RMT-004656,ACCT-000133,B0139,2037-05-17,683.86,2026-07-24T12:14:28+00:00
RMT-004657,ACCT-000527,B0139,2037-05-17,1096.97,2026-07-24T12:14:28+00:00
RMT-004658,ACCT-000528,B0139,2037-05-17,750.35,2026-07-24T12:14:28+00:00
RMT-004659,ACCT-000529,B0139,2037-05-17,602.62,2026-07-24T12:14:28+00:00
RMT-004660,ACCT-000530,B0139,2037-05-17,1049.32,2026-07-24T12:14:28+00:00
RMT-004661,ACCT-000128,B0140,2037-06-16,343.31,2026-07-24T14:19:23+00:00
RMT-004662,ACCT-000119,B0140,2037-06-16,279.34,2026-07-24T14:19:23+00:00
RMT-004663,ACCT-000022,B0140,2037-06-16,339.35,2026-07-24T14:19:23+00:00
RMT-004664,ACCT-000505,B0140,2037-06-16,427.42,2026-07-24T14:19:23+00:00
RMT-004665,ACCT-000314,B0140,2037-06-16,239.49,2026-07-24T14:19:23+00:00
RMT-004666,ACCT-000238,B0140,2037-06-16,1261.98,2026-07-24T14:19:23+00:00
RMT-004667,ACCT-000402,B0140,2037-06-16,37.82,2026-07-24T14:19:23+00:00
RMT-004668,ACCT-000221,B0140,2037-06-16,261.49,2026-07-24T14:19:23+00:00
RMT-004669,ACCT-000170,B0140,2037-06-16,171.0,2026-07-24T14:19:23+00:00
RMT-004670,ACCT-000275,B0140,2037-06-16,68.44,2026-07-24T14:19:23+00:00
RMT-004671,ACCT-000133,B0140,2037-06-16,455.31,2026-07-24T14:19:23+00:00
RMT-004672,ACCT-000214,B0140,2037-06-16,923.91,2026-07-24T14:19:23+00:00
RMT-004673,ACCT-000283,B0140,2037-06-16,725.09,2026-07-24T14:19:23+00:00
RMT-004674,ACCT-000044,B0140,2037-06-16,848.95,2026-07-24T14:19:23+00:00
RMT-004675,ACCT-000529,B0140,2037-06-16,596.93,2026-07-24T14:19:23+00:00
RMT-004676,ACCT-000419,B0140,2037-06-16,459.55,2026-07-24T14:19:23+00:00
RMT-004677,ACCT-000447,B0140,2037-06-16,587.35,2026-07-24T14:19:23+00:00
RMT-004678,ACCT-000448,B0140,2037-06-16,412.86,2026-07-24T14:19:23+00:00
RMT-004679,ACCT-000311,B0140,2037-06-16,941.3,2026-07-24T14:19:23+00:00
RMT-004680,ACCT-000200,B0140,2037-06-16,398.32,2026-07-24T14:19:23+00:00
RMT-004681,ACCT-000471,B0140,2037-06-16,271.89,2026-07-24T14:19:23+00:00
RMT-004682,ACCT-000181,B0140,2037-06-16,1013.16,2026-07-24T14:19:23+00:00
RMT-004683,ACCT-000235,B0140,2037-06-16,536.86,2026-07-24T14:19:23+00:00
RMT-004684,ACCT-000118,B0140,2037-06-16,328.71,2026-07-24T14:19:23+00:00
RMT-004685,ACCT-000436,B0140,2037-06-16,448.61,2026-07-24T14:19:23+00:00
RMT-004686,ACCT-000288,B0140,2037-06-16,841.37,2026-07-24T14:19:23+00:00
RMT-004687,ACCT-000233,B0140,2037-06-16,574.3,2026-07-24T14:19:23+00:00
RMT-004688,ACCT-000464,B0140,2037-06-16,893.08,2026-07-24T14:19:23+00:00
RMT-004689,ACCT-000357,B0140,2037-06-16,153.54,2026-07-24T14:19:23+00:00
RMT-004690,ACCT-000261,B0140,2037-06-16,340.0,2026-07-24T14:19:23+00:00
RMT-004691,ACCT-000463,B0140,2037-06-16,315.17,2026-07-24T14:19:23+00:00
RMT-004692,ACCT-000531,B0140,2037-06-16,1086.07,2026-07-24T14:19:23+00:00
RMT-004693,ACCT-000532,B0140,2037-06-16,203.23,2026-07-24T14:19:23+00:00
RMT-004694,ACCT-000533,B0140,2037-06-16,615.18,2026-07-24T14:19:23+00:00
RMT-004695,ACCT-000534,B0140,2037-06-16,597.89,2026-07-24T14:19:23+00:00
RMT-004696,ACCT-000391,B0141,2037-07-16,303.37,2026-07-24T15:52:26+00:00
RMT-004697,ACCT-000305,B0141,2037-07-16,101.75,2026-07-24T15:52:26+00:00
RMT-004698,ACCT-000452,B0141,2037-07-16,42.72,2026-07-24T15:52:26+00:00
RMT-004699,ACCT-000512,B0141,2037-07-16,660.93,2026-07-24T15:52:26+00:00
RMT-004700,ACCT-000157,B0141,2037-07-16,594.99,2026-07-24T15:52:26+00:00
RMT-004701,ACCT-000341,B0141,2037-07-16,235.27,2026-07-24T15:52:26+00:00
RMT-004702,ACCT-000492,B0141,2037-07-16,999.68,2026-07-24T15:52:26+00:00
RMT-004703,ACCT-000373,B0141,2037-07-16,746.76,2026-07-24T15:52:26+00:00
RMT-004704,ACCT-000196,B0141,2037-07-16,315.91,2026-07-24T15:52:26+00:00
RMT-004705,ACCT-000471,B0141,2037-07-16,593.15,2026-07-24T15:52:26+00:00
RMT-004706,ACCT-000491,B0141,2037-07-16,798.12,2026-07-24T15:52:26+00:00
RMT-004707,ACCT-000091,B0141,2037-07-16,329.55,2026-07-24T15:52:26+00:00
RMT-004708,ACCT-000527,B0141,2037-07-16,941.29,2026-07-24T15:52:26+00:00
RMT-004709,ACCT-000167,B0141,2037-07-16,426.48,2026-07-24T15:52:26+00:00
RMT-004710,ACCT-000018,B0141,2037-07-16,892.62,2026-07-24T15:52:26+00:00
RMT-004711,ACCT-000075,B0141,2037-07-16,908.34,2026-07-24T15:52:26+00:00
RMT-004712,ACCT-000019,B0141,2037-07-16,54.82,2026-07-24T15:52:26+00:00
RMT-004713,ACCT-000307,B0141,2037-07-16,339.63,2026-07-24T15:52:26+00:00
RMT-004714,ACCT-000192,B0141,2037-07-16,125.16,2026-07-24T15:52:26+00:00
RMT-004715,ACCT-000468,B0141,2037-07-16,309.05,2026-07-24T15:52:26+00:00
RMT-004716,ACCT-000533,B0141,2037-07-16,335.26,2026-07-24T15:52:26+00:00
RMT-004717,ACCT-000206,B0141,2037-07-16,466.12,2026-07-24T15:52:26+00:00
RMT-004718,ACCT-000461,B0141,2037-07-16,753.77,2026-07-24T15:52:26+00:00
RMT-004719,ACCT-000028,B0141,2037-07-16,304.57,2026-07-24T15:52:26+00:00
RMT-004720,ACCT-000123,B0141,2037-07-16,514.85,2026-07-24T15:52:26+00:00
RMT-004721,ACCT-000338,B0141,2037-07-16,554.49,2026-07-24T15:52:26+00:00
RMT-004722,ACCT-000078,B0141,2037-07-16,753.15,2026-07-24T15:52:26+00:00
RMT-004723,ACCT-000322,B0141,2037-07-16,580.97,2026-07-24T15:52:26+00:00
RMT-004724,ACCT-000535,B0141,2037-07-16,643.3,2026-07-24T15:52:26+00:00
RMT-004725,ACCT-000536,B0141,2037-07-16,821.31,2026-07-24T15:52:26+00:00
RMT-004726,ACCT-000537,B0141,2037-07-16,738.65,2026-07-24T15:52:26+00:00
RMT-004727,ACCT-000538,B0141,2037-07-16,778.56,2026-07-24T15:52:26+00:00
RMT-004728,ACCT-000297,B0142,2037-08-15,273.27,2026-07-24T17:22:13+00:00
RMT-004729,ACCT-000396,B0142,2037-08-15,607.16,2026-07-24T17:22:13+00:00
RMT-004730,ACCT-000449,B0142,2037-08-15,1046.33,2026-07-24T17:22:13+00:00
RMT-004731,ACCT-000225,B0142,2037-08-15,532.83,2026-07-24T17:22:13+00:00
RMT-004732,ACCT-000455,B0142,2037-08-15,823.26,2026-07-24T17:22:13+00:00
RMT-004733,ACCT-000185,B0142,2037-08-15,355.01,2026-07-24T17:22:13+00:00
RMT-004734,ACCT-000340,B0142,2037-08-15,202.61,2026-07-24T17:22:13+00:00
RMT-004735,ACCT-000175,B0142,2037-08-15,342.54,2026-07-24T17:22:13+00:00
RMT-004736,ACCT-000215,B0142,2037-08-15,135.94,2026-07-24T17:22:13+00:00
RMT-004737,ACCT-000398,B0142,2037-08-15,654.72,2026-07-24T17:22:13+00:00
RMT-004738,ACCT-000058,B0142,2037-08-15,199.27,2026-07-24T17:22:13+00:00
RMT-004739,ACCT-000035,B0142,2037-08-15,743.35,2026-07-24T17:22:13+00:00
RMT-004740,ACCT-000442,B0142,2037-08-15,235.33,2026-07-24T17:22:13+00:00
RMT-004741,ACCT-000502,B0142,2037-08-15,197.03,2026-07-24T17:22:13+00:00
RMT-004742,ACCT-000217,B0142,2037-08-15,525.49,2026-07-24T17:22:13+00:00
RMT-004743,ACCT-000508,B0142,2037-08-15,257.57,2026-07-24T17:22:13+00:00
RMT-004744,ACCT-000028,B0142,2037-08-15,460.39,2026-07-24T17:22:13+00:00
RMT-004745,ACCT-000243,B0142,2037-08-15,691.95,2026-07-24T17:22:13+00:00
RMT-004746,ACCT-000308,B0142,2037-08-15,299.27,2026-07-24T17:22:13+00:00
RMT-004747,ACCT-000337,B0142,2037-08-15,455.02,2026-07-24T17:22:13+00:00
RMT-004748,ACCT-000431,B0142,2037-08-15,286.73,2026-07-24T17:22:13+00:00
RMT-004749,ACCT-000096,B0142,2037-08-15,527.24,2026-07-24T17:22:13+00:00
RMT-004750,ACCT-000080,B0142,2037-08-15,603.32,2026-07-24T17:22:13+00:00
RMT-004751,ACCT-000146,B0142,2037-08-15,661.28,2026-07-24T17:22:13+00:00
RMT-004752,ACCT-000023,B0142,2037-08-15,839.25,2026-07-24T17:22:13+00:00
RMT-004753,ACCT-000539,B0142,2037-08-15,1065.15,2026-07-24T17:22:13+00:00
RMT-004754,ACCT-000540,B0142,2037-08-15,821.99,2026-07-24T17:22:13+00:00
RMT-004755,ACCT-000522,B0143,2037-09-14,190.51,2026-07-24T18:54:21+00:00
RMT-004756,ACCT-000521,B0143,2037-09-14,716.98,2026-07-24T18:54:21+00:00
RMT-004757,ACCT-000329,B0143,2037-09-14,674.21,2026-07-24T18:54:21+00:00
RMT-004758,ACCT-000145,B0143,2037-09-14,879.65,2026-07-24T18:54:21+00:00
RMT-004759,ACCT-000028,B0143,2037-09-14,488.39,2026-07-24T18:54:21+00:00
RMT-004760,ACCT-000017,B0143,2037-09-14,575.82,2026-07-24T18:54:21+00:00
RMT-004761,ACCT-000432,B0143,2037-09-14,426.36,2026-07-24T18:54:21+00:00
RMT-004762,ACCT-000277,B0143,2037-09-14,658.83,2026-07-24T18:54:21+00:00
RMT-004763,ACCT-000451,B0143,2037-09-14,625.08,2026-07-24T18:54:21+00:00
RMT-004764,ACCT-000184,B0143,2037-09-14,516.74,2026-07-24T18:54:21+00:00
RMT-004765,ACCT-000359,B0143,2037-09-14,733.84,2026-07-24T18:54:21+00:00
RMT-004766,ACCT-000015,B0143,2037-09-14,788.86,2026-07-24T18:54:21+00:00
RMT-004767,ACCT-000353,B0143,2037-09-14,470.22,2026-07-24T18:54:21+00:00
RMT-004768,ACCT-000331,B0143,2037-09-14,916.89,2026-07-24T18:54:21+00:00
RMT-004769,ACCT-000350,B0143,2037-09-14,658.18,2026-07-24T18:54:21+00:00
RMT-004770,ACCT-000518,B0143,2037-09-14,242.39,2026-07-24T18:54:21+00:00
RMT-004771,ACCT-000455,B0143,2037-09-14,569.98,2026-07-24T18:54:21+00:00
RMT-004772,ACCT-000249,B0143,2037-09-14,511.06,2026-07-24T18:54:21+00:00
RMT-004773,ACCT-000114,B0143,2037-09-14,311.49,2026-07-24T18:54:21+00:00
RMT-004774,ACCT-000226,B0143,2037-09-14,159.39,2026-07-24T18:54:21+00:00
RMT-004775,ACCT-000012,B0143,2037-09-14,116.85,2026-07-24T18:54:21+00:00
RMT-004776,ACCT-000155,B0143,2037-09-14,324.64,2026-07-24T18:54:21+00:00
RMT-004777,ACCT-000442,B0143,2037-09-14,291.5,2026-07-24T18:54:21+00:00
RMT-004778,ACCT-000219,B0143,2037-09-14,1033.96,2026-07-24T18:54:21+00:00
RMT-004779,ACCT-000410,B0143,2037-09-14,503.49,2026-07-24T18:54:21+00:00
RMT-004780,ACCT-000074,B0143,2037-09-14,170.22,2026-07-24T18:54:21+00:00
RMT-004781,ACCT-000541,B0143,2037-09-14,569.42,2026-07-24T18:54:21+00:00
RMT-004782,ACCT-000542,B0143,2037-09-14,898.98,2026-07-24T18:54:21+00:00
RMT-004783,ACCT-000543,B0143,2037-09-14,791.59,2026-07-24T18:54:21+00:00
RMT-004784,ACCT-000392,B0144,2037-10-14,111.92,2026-07-24T20:12:52+00:00
RMT-004785,ACCT-000187,B0144,2037-10-14,922.85,2026-07-24T20:12:52+00:00
RMT-004786,ACCT-000303,B0144,2037-10-14,700.96,2026-07-24T20:12:52+00:00
RMT-004787,ACCT-000260,B0144,2037-10-14,87.5,2026-07-24T20:12:52+00:00
RMT-004788,ACCT-000083,B0144,2037-10-14,568.74,2026-07-24T20:12:52+00:00
RMT-004789,ACCT-000185,B0144,2037-10-14,527.63,2026-07-24T20:12:52+00:00
RMT-004790,ACCT-000298,B0144,2037-10-14,343.94,2026-07-24T20:12:52+00:00
RMT-004791,ACCT-000204,B0144,2037-10-14,542.56,2026-07-24T20:12:52+00:00
RMT-004792,ACCT-000398,B0144,2037-10-14,424.72,2026-07-24T20:12:52+00:00
RMT-004793,ACCT-000026,B0144,2037-10-14,183.27,2026-07-24T20:12:52+00:00
RMT-004794,ACCT-000262,B0144,2037-10-14,351.29,2026-07-24T20:12:52+00:00
RMT-004795,ACCT-000173,B0144,2037-10-14,660.39,2026-07-24T20:12:52+00:00
RMT-004796,ACCT-000417,B0144,2037-10-14,145.6,2026-07-24T20:12:52+00:00
RMT-004797,ACCT-000071,B0144,2037-10-14,447.35,2026-07-24T20:12:52+00:00
RMT-004798,ACCT-000241,B0144,2037-10-14,764.74,2026-07-24T20:12:52+00:00
RMT-004799,ACCT-000345,B0144,2037-10-14,205.76,2026-07-24T20:12:52+00:00
RMT-004800,ACCT-000086,B0144,2037-10-14,187.55,2026-07-24T20:12:52+00:00
RMT-004801,ACCT-000093,B0144,2037-10-14,211.51,2026-07-24T20:12:52+00:00
RMT-004802,ACCT-000355,B0144,2037-10-14,123.66,2026-07-24T20:12:52+00:00
RMT-004803,ACCT-000182,B0144,2037-10-14,635.79,2026-07-24T20:12:52+00:00
RMT-004804,ACCT-000376,B0144,2037-10-14,644.87,2026-07-24T20:12:52+00:00
RMT-004805,ACCT-000024,B0144,2037-10-14,715.0,2026-07-24T20:12:52+00:00
RMT-004806,ACCT-000343,B0144,2037-10-14,240.2,2026-07-24T20:12:52+00:00
RMT-004807,ACCT-000023,B0144,2037-10-14,738.6,2026-07-24T20:12:52+00:00
RMT-004808,ACCT-000532,B0144,2037-10-14,537.4,2026-07-24T20:12:52+00:00
RMT-004809,ACCT-000104,B0144,2037-10-14,117.59,2026-07-24T20:12:52+00:00
RMT-004810,ACCT-000164,B0144,2037-10-14,841.72,2026-07-24T20:12:52+00:00
RMT-004811,ACCT-000544,B0144,2037-10-14,491.19,2026-07-24T20:12:52+00:00
RMT-004812,ACCT-000545,B0144,2037-10-14,765.06,2026-07-24T20:12:52+00:00
RMT-004813,ACCT-000546,B0144,2037-10-14,705.83,2026-07-24T20:12:52+00:00
RMT-004814,ACCT-000547,B0144,2037-10-14,374.9,2026-07-24T20:12:52+00:00
RMT-004815,ACCT-000382,B0145,2037-11-13,488.47,2026-07-24T21:34:35+00:00
RMT-004816,ACCT-000461,B0145,2037-11-13,528.3,2026-07-24T21:34:35+00:00
RMT-004817,ACCT-000334,B0145,2037-11-13,166.78,2026-07-24T21:34:35+00:00
RMT-004818,ACCT-000158,B0145,2037-11-13,906.1,2026-07-24T21:34:35+00:00
RMT-004819,ACCT-000500,B0145,2037-11-13,138.51,2026-07-24T21:34:35+00:00
RMT-004820,ACCT-000499,B0145,2037-11-13,616.48,2026-07-24T21:34:35+00:00
RMT-004821,ACCT-000485,B0145,2037-11-13,514.18,2026-07-24T21:34:35+00:00
RMT-004822,ACCT-000361,B0145,2037-11-13,621.01,2026-07-24T21:34:35+00:00
RMT-004823,ACCT-000013,B0145,2037-11-13,666.69,2026-07-24T21:34:35+00:00
RMT-004824,ACCT-000178,B0145,2037-11-13,872.67,2026-07-24T21:34:35+00:00
RMT-004825,ACCT-000484,B0145,2037-11-13,917.49,2026-07-24T21:34:35+00:00
RMT-004826,ACCT-000511,B0145,2037-11-13,700.15,2026-07-24T21:34:35+00:00
RMT-004827,ACCT-000207,B0145,2037-11-13,1022.74,2026-07-24T21:34:35+00:00
RMT-004828,ACCT-000373,B0145,2037-11-13,556.66,2026-07-24T21:34:35+00:00
RMT-004829,ACCT-000099,B0145,2037-11-13,475.74,2026-07-24T21:34:35+00:00
RMT-004830,ACCT-000295,B0145,2037-11-13,824.88,2026-07-24T21:34:35+00:00
RMT-004831,ACCT-000064,B0145,2037-11-13,320.74,2026-07-24T21:34:35+00:00
RMT-004832,ACCT-000314,B0145,2037-11-13,482.5,2026-07-24T21:34:35+00:00
RMT-004833,ACCT-000102,B0145,2037-11-13,540.77,2026-07-24T21:34:35+00:00
RMT-004834,ACCT-000399,B0145,2037-11-13,482.1,2026-07-24T21:34:35+00:00
RMT-004835,ACCT-000449,B0145,2037-11-13,361.54,2026-07-24T21:34:35+00:00
RMT-004836,ACCT-000090,B0145,2037-11-13,650.73,2026-07-24T21:34:35+00:00
RMT-004837,ACCT-000472,B0145,2037-11-13,800.93,2026-07-24T21:34:35+00:00
RMT-004838,ACCT-000268,B0145,2037-11-13,158.52,2026-07-24T21:34:35+00:00
RMT-004839,ACCT-000151,B0145,2037-11-13,141.86,2026-07-24T21:34:35+00:00
RMT-004840,ACCT-000296,B0145,2037-11-13,800.14,2026-07-24T21:34:35+00:00
RMT-004841,ACCT-000014,B0145,2037-11-13,439.26,2026-07-24T21:34:35+00:00
RMT-004842,ACCT-000197,B0145,2037-11-13,146.25,2026-07-24T21:34:35+00:00
RMT-004843,ACCT-000447,B0145,2037-11-13,591.11,2026-07-24T21:34:35+00:00
RMT-004844,ACCT-000523,B0145,2037-11-13,598.05,2026-07-24T21:34:35+00:00
RMT-004845,ACCT-000059,B0145,2037-11-13,137.53,2026-07-24T21:34:35+00:00
RMT-004846,ACCT-000496,B0145,2037-11-13,768.42,2026-07-24T21:34:35+00:00
RMT-004847,ACCT-000384,B0145,2037-11-13,449.64,2026-07-24T21:34:35+00:00
RMT-004848,ACCT-000453,B0145,2037-11-13,526.26,2026-07-24T21:34:35+00:00
RMT-004849,ACCT-000548,B0145,2037-11-13,139.61,2026-07-24T21:34:35+00:00
RMT-004850,ACCT-000549,B0145,2037-11-13,977.54,2026-07-24T21:34:35+00:00
RMT-004851,ACCT-000550,B0145,2037-11-13,254.42,2026-07-24T21:34:35+00:00
RMT-004852,ACCT-000167,B0146,2037-12-13,189.98,2026-07-24T22:55:06+00:00
RMT-004853,ACCT-000303,B0146,2037-12-13,655.69,2026-07-24T22:55:06+00:00
RMT-004854,ACCT-000012,B0146,2037-12-13,501.53,2026-07-24T22:55:06+00:00
RMT-004855,ACCT-000543,B0146,2037-12-13,493.73,2026-07-24T22:55:06+00:00
RMT-004856,ACCT-000207,B0146,2037-12-13,711.79,2026-07-24T22:55:06+00:00
RMT-004857,ACCT-000283,B0146,2037-12-13,707.6,2026-07-24T22:55:06+00:00
RMT-004858,ACCT-000318,B0146,2037-12-13,430.48,2026-07-24T22:55:06+00:00
RMT-004859,ACCT-000117,B0146,2037-12-13,205.22,2026-07-24T22:55:06+00:00
RMT-004860,ACCT-000502,B0146,2037-12-13,512.85,2026-07-24T22:55:06+00:00
RMT-004861,ACCT-000124,B0146,2037-12-13,443.66,2026-07-24T22:55:06+00:00
RMT-004862,ACCT-000327,B0146,2037-12-13,341.98,2026-07-24T22:55:06+00:00
RMT-004863,ACCT-000104,B0146,2037-12-13,81.73,2026-07-24T22:55:06+00:00
RMT-004864,ACCT-000308,B0146,2037-12-13,296.87,2026-07-24T22:55:06+00:00
RMT-004865,ACCT-000077,B0146,2037-12-13,592.78,2026-07-24T22:55:06+00:00
RMT-004866,ACCT-000549,B0146,2037-12-13,630.86,2026-07-24T22:55:06+00:00
RMT-004867,ACCT-000359,B0146,2037-12-13,967.18,2026-07-24T22:55:06+00:00
RMT-004868,ACCT-000278,B0146,2037-12-13,1007.31,2026-07-24T22:55:06+00:00
RMT-004869,ACCT-000130,B0146,2037-12-13,157.39,2026-07-24T22:55:06+00:00
RMT-004870,ACCT-000202,B0146,2037-12-13,642.52,2026-07-24T22:55:06+00:00
RMT-004871,ACCT-000050,B0146,2037-12-13,774.84,2026-07-24T22:55:06+00:00
RMT-004872,ACCT-000274,B0146,2037-12-13,552.65,2026-07-24T22:55:06+00:00
RMT-004873,ACCT-000119,B0146,2037-12-13,625.97,2026-07-24T22:55:06+00:00
RMT-004874,ACCT-000192,B0146,2037-12-13,112.59,2026-07-24T22:55:06+00:00
RMT-004875,ACCT-000538,B0146,2037-12-13,502.95,2026-07-24T22:55:06+00:00
RMT-004876,ACCT-000195,B0146,2037-12-13,730.7,2026-07-24T22:55:06+00:00
RMT-004877,ACCT-000299,B0146,2037-12-13,433.69,2026-07-24T22:55:06+00:00
RMT-004878,ACCT-000375,B0146,2037-12-13,481.77,2026-07-24T22:55:06+00:00
RMT-004879,ACCT-000511,B0146,2037-12-13,401.53,2026-07-24T22:55:06+00:00
RMT-004880,ACCT-000519,B0146,2037-12-13,333.35,2026-07-24T22:55:06+00:00
RMT-004881,ACCT-000248,B0146,2037-12-13,680.7,2026-07-24T22:55:06+00:00
RMT-004882,ACCT-000455,B0146,2037-12-13,1145.91,2026-07-24T22:55:06+00:00
RMT-004883,ACCT-000411,B0146,2037-12-13,920.6,2026-07-24T22:55:06+00:00
RMT-004884,ACCT-000113,B0146,2037-12-13,1030.4,2026-07-24T22:55:06+00:00
RMT-004885,ACCT-000384,B0146,2037-12-13,604.06,2026-07-24T22:55:06+00:00
RMT-004886,ACCT-000551,B0146,2037-12-13,527.3,2026-07-24T22:55:06+00:00
RMT-004887,ACCT-000552,B0146,2037-12-13,555.38,2026-07-24T22:55:06+00:00
RMT-004888,ACCT-000209,B0147,2038-01-12,519.47,2026-07-24T23:57:31+00:00
RMT-004889,ACCT-000246,B0147,2038-01-12,473.32,2026-07-24T23:57:31+00:00
RMT-004890,ACCT-000444,B0147,2038-01-12,220.9,2026-07-24T23:57:31+00:00
RMT-004891,ACCT-000299,B0147,2038-01-12,122.73,2026-07-24T23:57:31+00:00
RMT-004892,ACCT-000398,B0147,2038-01-12,561.83,2026-07-24T23:57:31+00:00
RMT-004893,ACCT-000448,B0147,2038-01-12,901.48,2026-07-24T23:57:31+00:00
RMT-004894,ACCT-000411,B0147,2038-01-12,733.15,2026-07-24T23:57:31+00:00
RMT-004895,ACCT-000109,B0147,2038-01-12,432.03,2026-07-24T23:57:31+00:00
RMT-004896,ACCT-000529,B0147,2038-01-12,142.09,2026-07-24T23:57:31+00:00
RMT-004897,ACCT-000242,B0147,2038-01-12,220.52,2026-07-24T23:57:31+00:00
RMT-004898,ACCT-000083,B0147,2038-01-12,999.98,2026-07-24T23:57:31+00:00
RMT-004899,ACCT-000143,B0147,2038-01-12,251.94,2026-07-24T23:57:31+00:00
RMT-004900,ACCT-000317,B0147,2038-01-12,637.94,2026-07-24T23:57:31+00:00
RMT-004901,ACCT-000426,B0147,2038-01-12,120.68,2026-07-24T23:57:31+00:00
RMT-004902,ACCT-000513,B0147,2038-01-12,786.88,2026-07-24T23:57:31+00:00
RMT-004903,ACCT-000031,B0147,2038-01-12,139.28,2026-07-24T23:57:31+00:00
RMT-004904,ACCT-000067,B0147,2038-01-12,804.35,2026-07-24T23:57:31+00:00
RMT-004905,ACCT-000284,B0147,2038-01-12,900.56,2026-07-24T23:57:31+00:00
RMT-004906,ACCT-000244,B0147,2038-01-12,302.82,2026-07-24T23:57:31+00:00
RMT-004907,ACCT-000483,B0147,2038-01-12,683.13,2026-07-24T23:57:31+00:00
RMT-004908,ACCT-000217,B0147,2038-01-12,366.3,2026-07-24T23:57:31+00:00
RMT-004909,ACCT-000074,B0147,2038-01-12,934.67,2026-07-24T23:57:31+00:00
RMT-004910,ACCT-000332,B0147,2038-01-12,301.34,2026-07-24T23:57:31+00:00
RMT-004911,ACCT-000410,B0147,2038-01-12,54.32,2026-07-24T23:57:31+00:00
RMT-004912,ACCT-000461,B0147,2038-01-12,377.54,2026-07-24T23:57:31+00:00
RMT-004913,ACCT-000525,B0147,2038-01-12,187.78,2026-07-24T23:57:31+00:00
RMT-004914,ACCT-000219,B0147,2038-01-12,644.03,2026-07-24T23:57:31+00:00
RMT-004915,ACCT-000181,B0147,2038-01-12,317.41,2026-07-24T23:57:31+00:00
RMT-004916,ACCT-000228,B0147,2038-01-12,322.86,2026-07-24T23:57:31+00:00
RMT-004917,ACCT-000499,B0147,2038-01-12,364.0,2026-07-24T23:57:31+00:00
RMT-004918,ACCT-000413,B0147,2038-01-12,925.87,2026-07-24T23:57:31+00:00
RMT-004919,ACCT-000155,B0147,2038-01-12,466.92,2026-07-24T23:57:31+00:00
RMT-004920,ACCT-000471,B0147,2038-01-12,332.61,2026-07-24T23:57:31+00:00
RMT-004921,ACCT-000553,B0147,2038-01-12,168.87,2026-07-24T23:57:31+00:00
RMT-004922,ACCT-000554,B0147,2038-01-12,455.97,2026-07-24T23:57:31+00:00
RMT-004923,ACCT-000555,B0147,2038-01-12,179.11,2026-07-24T23:57:31+00:00
RMT-004924,ACCT-000006,B0148,2038-02-11,397.42,2026-07-25T02:25:23+00:00
RMT-004925,ACCT-000390,B0148,2038-02-11,937.62,2026-07-25T02:25:23+00:00
RMT-004926,ACCT-000477,B0148,2038-02-11,446.75,2026-07-25T02:25:23+00:00
RMT-004927,ACCT-000211,B0148,2038-02-11,648.32,2026-07-25T02:25:23+00:00
RMT-004928,ACCT-000461,B0148,2038-02-11,680.87,2026-07-25T02:25:23+00:00
RMT-004929,ACCT-000088,B0148,2038-02-11,91.61,2026-07-25T02:25:23+00:00
RMT-004930,ACCT-000038,B0148,2038-02-11,858.24,2026-07-25T02:25:23+00:00
RMT-004931,ACCT-000428,B0148,2038-02-11,1091.83,2026-07-25T02:25:23+00:00
RMT-004932,ACCT-000320,B0148,2038-02-11,622.67,2026-07-25T02:25:23+00:00
RMT-004933,ACCT-000151,B0148,2038-02-11,702.71,2026-07-25T02:25:23+00:00
RMT-004934,ACCT-000399,B0148,2038-02-11,714.71,2026-07-25T02:25:23+00:00
RMT-004935,ACCT-000529,B0148,2038-02-11,170.94,2026-07-25T02:25:23+00:00
RMT-004936,ACCT-000044,B0148,2038-02-11,584.39,2026-07-25T02:25:23+00:00
RMT-004937,ACCT-000448,B0148,2038-02-11,488.39,2026-07-25T02:25:23+00:00
RMT-004938,ACCT-000070,B0148,2038-02-11,529.75,2026-07-25T02:25:23+00:00
RMT-004939,ACCT-000297,B0148,2038-02-11,770.48,2026-07-25T02:25:23+00:00
RMT-004940,ACCT-000079,B0148,2038-02-11,488.54,2026-07-25T02:25:23+00:00
RMT-004941,ACCT-000253,B0148,2038-02-11,358.57,2026-07-25T02:25:23+00:00
RMT-004942,ACCT-000456,B0148,2038-02-11,584.01,2026-07-25T02:25:23+00:00
RMT-004943,ACCT-000193,B0148,2038-02-11,549.69,2026-07-25T02:25:23+00:00
RMT-004944,ACCT-000538,B0148,2038-02-11,314.86,2026-07-25T02:25:23+00:00
RMT-004945,ACCT-000022,B0148,2038-02-11,605.55,2026-07-25T02:25:23+00:00
RMT-004946,ACCT-000246,B0148,2038-02-11,557.2,2026-07-25T02:25:23+00:00
RMT-004947,ACCT-000426,B0148,2038-02-11,894.41,2026-07-25T02:25:23+00:00
RMT-004948,ACCT-000213,B0148,2038-02-11,400.05,2026-07-25T02:25:23+00:00
RMT-004949,ACCT-000455,B0148,2038-02-11,440.07,2026-07-25T02:25:23+00:00
RMT-004950,ACCT-000419,B0148,2038-02-11,718.2,2026-07-25T02:25:23+00:00
RMT-004951,ACCT-000121,B0148,2038-02-11,580.09,2026-07-25T02:25:23+00:00
RMT-004952,ACCT-000556,B0148,2038-02-11,47.11,2026-07-25T02:25:23+00:00
RMT-004953,ACCT-000557,B0148,2038-02-11,842.96,2026-07-25T02:25:23+00:00
RMT-004954,ACCT-000303,B0149,2038-03-13,757.22,2026-07-25T05:27:49+00:00
RMT-004955,ACCT-000232,B0149,2038-03-13,1014.23,2026-07-25T05:27:49+00:00
RMT-004956,ACCT-000299,B0149,2038-03-13,467.18,2026-07-25T05:27:49+00:00
RMT-004957,ACCT-000409,B0149,2038-03-13,372.21,2026-07-25T05:27:49+00:00
RMT-004958,ACCT-000550,B0149,2038-03-13,566.46,2026-07-25T05:27:49+00:00
RMT-004959,ACCT-000507,B0149,2038-03-13,795.57,2026-07-25T05:27:49+00:00
RMT-004960,ACCT-000320,B0149,2038-03-13,732.8,2026-07-25T05:27:49+00:00
RMT-004961,ACCT-000329,B0149,2038-03-13,656.47,2026-07-25T05:27:49+00:00
RMT-004962,ACCT-000146,B0149,2038-03-13,35.72,2026-07-25T05:27:49+00:00
RMT-004963,ACCT-000540,B0149,2038-03-13,910.86,2026-07-25T05:27:49+00:00
RMT-004964,ACCT-000373,B0149,2038-03-13,41.13,2026-07-25T05:27:49+00:00
RMT-004965,ACCT-000300,B0149,2038-03-13,585.95,2026-07-25T05:27:49+00:00
RMT-004966,ACCT-000206,B0149,2038-03-13,158.15,2026-07-25T05:27:49+00:00
RMT-004967,ACCT-000509,B0149,2038-03-13,735.45,2026-07-25T05:27:49+00:00
RMT-004968,ACCT-000226,B0149,2038-03-13,528.72,2026-07-25T05:27:49+00:00
RMT-004969,ACCT-000490,B0149,2038-03-13,504.19,2026-07-25T05:27:49+00:00
RMT-004970,ACCT-000034,B0149,2038-03-13,367.97,2026-07-25T05:27:49+00:00
RMT-004971,ACCT-000170,B0149,2038-03-13,237.37,2026-07-25T05:27:49+00:00
RMT-004972,ACCT-000514,B0149,2038-03-13,310.8,2026-07-25T05:27:49+00:00
RMT-004973,ACCT-000072,B0149,2038-03-13,1034.65,2026-07-25T05:27:49+00:00
RMT-004974,ACCT-000118,B0149,2038-03-13,80.39,2026-07-25T05:27:49+00:00
RMT-004975,ACCT-000090,B0149,2038-03-13,332.62,2026-07-25T05:27:49+00:00
RMT-004976,ACCT-000486,B0149,2038-03-13,462.56,2026-07-25T05:27:49+00:00
RMT-004977,ACCT-000104,B0149,2038-03-13,60.6,2026-07-25T05:27:49+00:00
RMT-004978,ACCT-000330,B0149,2038-03-13,860.27,2026-07-25T05:27:49+00:00
RMT-004979,ACCT-000508,B0149,2038-03-13,546.75,2026-07-25T05:27:49+00:00
RMT-004980,ACCT-000278,B0149,2038-03-13,388.97,2026-07-25T05:27:49+00:00
RMT-004981,ACCT-000512,B0149,2038-03-13,938.44,2026-07-25T05:27:49+00:00
RMT-004982,ACCT-000337,B0149,2038-03-13,663.87,2026-07-25T05:27:49+00:00
RMT-004983,ACCT-000198,B0149,2038-03-13,127.16,2026-07-25T05:27:49+00:00
RMT-004984,ACCT-000558,B0149,2038-03-13,357.84,2026-07-25T05:27:49+00:00
RMT-004985,ACCT-000559,B0149,2038-03-13,549.47,2026-07-25T05:27:49+00:00
RMT-004986,ACCT-000560,B0149,2038-03-13,451.07,2026-07-25T05:27:49+00:00
RMT-004987,ACCT-000561,B0149,2038-03-13,855.06,2026-07-25T05:27:49+00:00
RMT-004988,ACCT-000408,B0150,2038-04-12,485.53,2026-07-25T07:32:50+00:00
RMT-004989,ACCT-000326,B0150,2038-04-12,296.31,2026-07-25T07:32:50+00:00
RMT-004990,ACCT-000547,B0150,2038-04-12,690.96,2026-07-25T07:32:50+00:00
RMT-004991,ACCT-000176,B0150,2038-04-12,917.88,2026-07-25T07:32:50+00:00
RMT-004992,ACCT-000133,B0150,2038-04-12,52.7,2026-07-25T07:32:50+00:00
RMT-004993,ACCT-000124,B0150,2038-04-12,641.21,2026-07-25T07:32:50+00:00
RMT-004994,ACCT-000037,B0150,2038-04-12,113.09,2026-07-25T07:32:50+00:00
RMT-004995,ACCT-000206,B0150,2038-04-12,982.68,2026-07-25T07:32:50+00:00
RMT-004996,ACCT-000077,B0150,2038-04-12,179.68,2026-07-25T07:32:50+00:00
RMT-004997,ACCT-000181,B0150,2038-04-12,895.1,2026-07-25T07:32:50+00:00
RMT-004998,ACCT-000527,B0150,2038-04-12,429.53,2026-07-25T07:32:50+00:00
RMT-004999,ACCT-000030,B0150,2038-04-12,459.15,2026-07-25T07:32:50+00:00
RMT-005000,ACCT-000294,B0150,2038-04-12,633.45,2026-07-25T07:32:50+00:00
RMT-005001,ACCT-000458,B0150,2038-04-12,662.98,2026-07-25T07:32:50+00:00
RMT-005002,ACCT-000064,B0150,2038-04-12,326.9,2026-07-25T07:32:50+00:00
RMT-005003,ACCT-000553,B0150,2038-04-12,1245.73,2026-07-25T07:32:50+00:00
RMT-005004,ACCT-000365,B0150,2038-04-12,348.16,2026-07-25T07:32:50+00:00
RMT-005005,ACCT-000203,B0150,2038-04-12,760.36,2026-07-25T07:32:50+00:00
RMT-005006,ACCT-000555,B0150,2038-04-12,612.74,2026-07-25T07:32:50+00:00
RMT-005007,ACCT-000232,B0150,2038-04-12,185.59,2026-07-25T07:32:50+00:00
RMT-005008,ACCT-000487,B0150,2038-04-12,463.6,2026-07-25T07:32:50+00:00
RMT-005009,ACCT-000510,B0150,2038-04-12,354.27,2026-07-25T07:32:50+00:00
RMT-005010,ACCT-000218,B0150,2038-04-12,684.5,2026-07-25T07:32:50+00:00
RMT-005011,ACCT-000533,B0150,2038-04-12,601.35,2026-07-25T07:32:50+00:00
RMT-005012,ACCT-000195,B0150,2038-04-12,1058.59,2026-07-25T07:32:50+00:00
RMT-005013,ACCT-000515,B0150,2038-04-12,131.52,2026-07-25T07:32:50+00:00
RMT-005014,ACCT-000035,B0150,2038-04-12,347.71,2026-07-25T07:32:50+00:00
RMT-005015,ACCT-000299,B0150,2038-04-12,562.7,2026-07-25T07:32:50+00:00
RMT-005016,ACCT-000511,B0150,2038-04-12,699.08,2026-07-25T07:32:50+00:00
RMT-005017,ACCT-000281,B0150,2038-04-12,534.87,2026-07-25T07:32:50+00:00
RMT-005018,ACCT-000145,B0150,2038-04-12,292.76,2026-07-25T07:32:50+00:00
RMT-005019,ACCT-000476,B0150,2038-04-12,623.6,2026-07-25T07:32:50+00:00
RMT-005020,ACCT-000418,B0150,2038-04-12,546.23,2026-07-25T07:32:50+00:00
RMT-005021,ACCT-000423,B0150,2038-04-12,587.64,2026-07-25T07:32:50+00:00
RMT-005022,ACCT-000562,B0150,2038-04-12,992.47,2026-07-25T07:32:50+00:00
RMT-005023,ACCT-000563,B0150,2038-04-12,208.52,2026-07-25T07:32:50+00:00
RMT-005024,ACCT-000564,B0150,2038-04-12,375.6,2026-07-25T07:32:50+00:00
RMT-005025,ACCT-000290,B0151,2038-05-12,851.64,2026-07-25T09:30:00+00:00
RMT-005026,ACCT-000303,B0151,2038-05-12,318.81,2026-07-25T09:30:00+00:00
RMT-005027,ACCT-000551,B0151,2038-05-12,693.44,2026-07-25T09:30:00+00:00
RMT-005028,ACCT-000217,B0151,2038-05-12,612.25,2026-07-25T09:30:00+00:00
RMT-005029,ACCT-000539,B0151,2038-05-12,1067.52,2026-07-25T09:30:00+00:00
RMT-005030,ACCT-000363,B0151,2038-05-12,774.28,2026-07-25T09:30:00+00:00
RMT-005031,ACCT-000068,B0151,2038-05-12,764.49,2026-07-25T09:30:00+00:00
RMT-005032,ACCT-000319,B0151,2038-05-12,968.27,2026-07-25T09:30:00+00:00
RMT-005033,ACCT-000056,B0151,2038-05-12,730.52,2026-07-25T09:30:00+00:00
RMT-005034,ACCT-000103,B0151,2038-05-12,568.61,2026-07-25T09:30:00+00:00
RMT-005035,ACCT-000313,B0151,2038-05-12,66.63,2026-07-25T09:30:00+00:00
RMT-005036,ACCT-000536,B0151,2038-05-12,491.86,2026-07-25T09:30:00+00:00
RMT-005037,ACCT-000504,B0151,2038-05-12,225.07,2026-07-25T09:30:00+00:00
RMT-005038,ACCT-000206,B0151,2038-05-12,615.83,2026-07-25T09:30:00+00:00
RMT-005039,ACCT-000169,B0151,2038-05-12,108.26,2026-07-25T09:30:00+00:00
RMT-005040,ACCT-000321,B0151,2038-05-12,357.96,2026-07-25T09:30:00+00:00
RMT-005041,ACCT-000473,B0151,2038-05-12,624.75,2026-07-25T09:30:00+00:00
RMT-005042,ACCT-000067,B0151,2038-05-12,265.3,2026-07-25T09:30:00+00:00
RMT-005043,ACCT-000512,B0151,2038-05-12,898.1,2026-07-25T09:30:00+00:00
RMT-005044,ACCT-000191,B0151,2038-05-12,446.33,2026-07-25T09:30:00+00:00
RMT-005045,ACCT-000432,B0151,2038-05-12,291.62,2026-07-25T09:30:00+00:00
RMT-005046,ACCT-000416,B0151,2038-05-12,843.69,2026-07-25T09:30:00+00:00
RMT-005047,ACCT-000487,B0151,2038-05-12,872.8,2026-07-25T09:30:00+00:00
RMT-005048,ACCT-000004,B0151,2038-05-12,123.77,2026-07-25T09:30:00+00:00
RMT-005049,ACCT-000114,B0151,2038-05-12,638.37,2026-07-25T09:30:00+00:00
RMT-005050,ACCT-000565,B0151,2038-05-12,360.88,2026-07-25T09:30:00+00:00
RMT-005051,ACCT-000566,B0151,2038-05-12,611.55,2026-07-25T09:30:00+00:00
RMT-005052,ACCT-000567,B0151,2038-05-12,622.08,2026-07-25T09:30:00+00:00
RMT-005053,ACCT-000568,B0151,2038-05-12,230.65,2026-07-25T09:30:00+00:00
RMT-005054,ACCT-000562,B0152,2038-06-11,258.93,2026-07-25T10:53:14+00:00
RMT-005055,ACCT-000480,B0152,2038-06-11,829.79,2026-07-25T10:53:14+00:00
RMT-005056,ACCT-000117,B0152,2038-06-11,198.48,2026-07-25T10:53:14+00:00
RMT-005057,ACCT-000170,B0152,2038-06-11,492.5,2026-07-25T10:53:14+00:00
RMT-005058,ACCT-000518,B0152,2038-06-11,726.99,2026-07-25T10:53:14+00:00
RMT-005059,ACCT-000151,B0152,2038-06-11,527.75,2026-07-25T10:53:14+00:00
RMT-005060,ACCT-000050,B0152,2038-06-11,746.96,2026-07-25T10:53:14+00:00
RMT-005061,ACCT-000346,B0152,2038-06-11,458.1,2026-07-25T10:53:14+00:00
RMT-005062,ACCT-000205,B0152,2038-06-11,287.67,2026-07-25T10:53:14+00:00
RMT-005063,ACCT-000200,B0152,2038-06-11,996.95,2026-07-25T10:53:14+00:00
RMT-005064,ACCT-000275,B0152,2038-06-11,646.6,2026-07-25T10:53:14+00:00
RMT-005065,ACCT-000387,B0152,2038-06-11,719.87,2026-07-25T10:53:14+00:00
RMT-005066,ACCT-000412,B0152,2038-06-11,92.66,2026-07-25T10:53:14+00:00
RMT-005067,ACCT-000425,B0152,2038-06-11,597.48,2026-07-25T10:53:14+00:00
RMT-005068,ACCT-000372,B0152,2038-06-11,246.53,2026-07-25T10:53:14+00:00
RMT-005069,ACCT-000424,B0152,2038-06-11,219.57,2026-07-25T10:53:14+00:00
RMT-005070,ACCT-000254,B0152,2038-06-11,153.51,2026-07-25T10:53:14+00:00
RMT-005071,ACCT-000178,B0152,2038-06-11,604.12,2026-07-25T10:53:14+00:00
RMT-005072,ACCT-000179,B0152,2038-06-11,103.13,2026-07-25T10:53:14+00:00
RMT-005073,ACCT-000534,B0152,2038-06-11,723.38,2026-07-25T10:53:14+00:00
RMT-005074,ACCT-000353,B0152,2038-06-11,481.77,2026-07-25T10:53:14+00:00
RMT-005075,ACCT-000124,B0152,2038-06-11,573.98,2026-07-25T10:53:14+00:00
RMT-005076,ACCT-000268,B0152,2038-06-11,133.16,2026-07-25T10:53:14+00:00
RMT-005077,ACCT-000492,B0152,2038-06-11,535.7,2026-07-25T10:53:14+00:00
RMT-005078,ACCT-000109,B0152,2038-06-11,178.51,2026-07-25T10:53:14+00:00
RMT-005079,ACCT-000375,B0152,2038-06-11,932.06,2026-07-25T10:53:14+00:00
RMT-005080,ACCT-000538,B0152,2038-06-11,126.59,2026-07-25T10:53:14+00:00
RMT-005081,ACCT-000184,B0152,2038-06-11,176.57,2026-07-25T10:53:14+00:00
RMT-005082,ACCT-000475,B0152,2038-06-11,913.77,2026-07-25T10:53:14+00:00
RMT-005083,ACCT-000082,B0152,2038-06-11,203.51,2026-07-25T10:53:14+00:00
RMT-005084,ACCT-000123,B0152,2038-06-11,373.63,2026-07-25T10:53:14+00:00
RMT-005085,ACCT-000421,B0152,2038-06-11,916.16,2026-07-25T10:53:14+00:00
RMT-005086,ACCT-000485,B0152,2038-06-11,551.67,2026-07-25T10:53:14+00:00
RMT-005087,ACCT-000055,B0152,2038-06-11,914.94,2026-07-25T10:53:14+00:00
RMT-005088,ACCT-000180,B0152,2038-06-11,531.66,2026-07-25T10:53:14+00:00
RMT-005089,ACCT-000569,B0152,2038-06-11,188.95,2026-07-25T10:53:14+00:00
RMT-005090,ACCT-000570,B0152,2038-06-11,823.82,2026-07-25T10:53:14+00:00
RMT-005091,ACCT-000571,B0152,2038-06-11,260.84,2026-07-25T10:53:14+00:00
RMT-005092,ACCT-000005,B0153,2038-07-11,341.38,2026-07-25T11:58:32+00:00
RMT-005093,ACCT-000221,B0153,2038-07-11,369.19,2026-07-25T11:58:32+00:00
RMT-005094,ACCT-000149,B0153,2038-07-11,698.88,2026-07-25T11:58:32+00:00
RMT-005095,ACCT-000352,B0153,2038-07-11,977.74,2026-07-25T11:58:32+00:00
RMT-005096,ACCT-000174,B0153,2038-07-11,321.63,2026-07-25T11:58:32+00:00
RMT-005097,ACCT-000313,B0153,2038-07-11,387.24,2026-07-25T11:58:32+00:00
RMT-005098,ACCT-000142,B0153,2038-07-11,86.17,2026-07-25T11:58:32+00:00
RMT-005099,ACCT-000472,B0153,2038-07-11,1007.45,2026-07-25T11:58:32+00:00
RMT-005100,ACCT-000531,B0153,2038-07-11,525.05,2026-07-25T11:58:32+00:00
RMT-005101,ACCT-000444,B0153,2038-07-11,167.91,2026-07-25T11:58:32+00:00
RMT-005102,ACCT-000137,B0153,2038-07-11,866.96,2026-07-25T11:58:32+00:00
RMT-005103,ACCT-000216,B0153,2038-07-11,593.26,2026-07-25T11:58:32+00:00
RMT-005104,ACCT-000038,B0153,2038-07-11,1181.72,2026-07-25T11:58:32+00:00
RMT-005105,ACCT-000113,B0153,2038-07-11,221.82,2026-07-25T11:58:32+00:00
RMT-005106,ACCT-000287,B0153,2038-07-11,399.57,2026-07-25T11:58:32+00:00
RMT-005107,ACCT-000505,B0153,2038-07-11,318.62,2026-07-25T11:58:32+00:00
RMT-005108,ACCT-000286,B0153,2038-07-11,794.99,2026-07-25T11:58:32+00:00
RMT-005109,ACCT-000213,B0153,2038-07-11,503.05,2026-07-25T11:58:32+00:00
RMT-005110,ACCT-000382,B0153,2038-07-11,289.27,2026-07-25T11:58:32+00:00
RMT-005111,ACCT-000159,B0153,2038-07-11,1145.53,2026-07-25T11:58:32+00:00
RMT-005112,ACCT-000181,B0153,2038-07-11,152.39,2026-07-25T11:58:32+00:00
RMT-005113,ACCT-000415,B0153,2038-07-11,234.68,2026-07-25T11:58:32+00:00
RMT-005114,ACCT-000008,B0153,2038-07-11,527.73,2026-07-25T11:58:32+00:00
RMT-005115,ACCT-000125,B0153,2038-07-11,443.79,2026-07-25T11:58:32+00:00
RMT-005116,ACCT-000045,B0153,2038-07-11,562.04,2026-07-25T11:58:32+00:00
RMT-005117,ACCT-000111,B0153,2038-07-11,453.7,2026-07-25T11:58:32+00:00
RMT-005118,ACCT-000380,B0153,2038-07-11,339.56,2026-07-25T11:58:32+00:00
RMT-005119,ACCT-000391,B0153,2038-07-11,715.05,2026-07-25T11:58:32+00:00
RMT-005120,ACCT-000409,B0153,2038-07-11,307.44,2026-07-25T11:58:32+00:00
RMT-005121,ACCT-000401,B0153,2038-07-11,484.04,2026-07-25T11:58:32+00:00
RMT-005122,ACCT-000572,B0153,2038-07-11,189.96,2026-07-25T11:58:32+00:00
RMT-005123,ACCT-000573,B0153,2038-07-11,988.63,2026-07-25T11:58:32+00:00
RMT-005124,ACCT-000416,B0154,2038-08-10,185.47,2026-07-25T13:25:01+00:00
RMT-005125,ACCT-000131,B0154,2038-08-10,346.89,2026-07-25T13:25:01+00:00
RMT-005126,ACCT-000086,B0154,2038-08-10,91.96,2026-07-25T13:25:01+00:00
RMT-005127,ACCT-000155,B0154,2038-08-10,308.89,2026-07-25T13:25:01+00:00
RMT-005128,ACCT-000090,B0154,2038-08-10,362.96,2026-07-25T13:25:01+00:00
RMT-005129,ACCT-000262,B0154,2038-08-10,670.44,2026-07-25T13:25:01+00:00
RMT-005130,ACCT-000330,B0154,2038-08-10,860.09,2026-07-25T13:25:01+00:00
RMT-005131,ACCT-000043,B0154,2038-08-10,567.5,2026-07-25T13:25:01+00:00
RMT-005132,ACCT-000219,B0154,2038-08-10,836.9,2026-07-25T13:25:01+00:00
RMT-005133,ACCT-000074,B0154,2038-08-10,694.64,2026-07-25T13:25:01+00:00
RMT-005134,ACCT-000414,B0154,2038-08-10,313.21,2026-07-25T13:25:01+00:00
RMT-005135,ACCT-000140,B0154,2038-08-10,219.56,2026-07-25T13:25:01+00:00
RMT-005136,ACCT-000013,B0154,2038-08-10,458.28,2026-07-25T13:25:01+00:00
RMT-005137,ACCT-000286,B0154,2038-08-10,287.31,2026-07-25T13:25:01+00:00
RMT-005138,ACCT-000558,B0154,2038-08-10,792.09,2026-07-25T13:25:01+00:00
RMT-005139,ACCT-000336,B0154,2038-08-10,486.48,2026-07-25T13:25:01+00:00
RMT-005140,ACCT-000101,B0154,2038-08-10,536.52,2026-07-25T13:25:01+00:00
RMT-005141,ACCT-000476,B0154,2038-08-10,554.03,2026-07-25T13:25:01+00:00
RMT-005142,ACCT-000463,B0154,2038-08-10,782.11,2026-07-25T13:25:01+00:00
RMT-005143,ACCT-000218,B0154,2038-08-10,688.35,2026-07-25T13:25:01+00:00
RMT-005144,ACCT-000303,B0154,2038-08-10,833.11,2026-07-25T13:25:01+00:00
RMT-005145,ACCT-000343,B0154,2038-08-10,347.79,2026-07-25T13:25:01+00:00
RMT-005146,ACCT-000510,B0154,2038-08-10,107.62,2026-07-25T13:25:01+00:00
RMT-005147,ACCT-000028,B0154,2038-08-10,891.76,2026-07-25T13:25:01+00:00
RMT-005148,ACCT-000316,B0154,2038-08-10,1064.24,2026-07-25T13:25:01+00:00
RMT-005149,ACCT-000109,B0154,2038-08-10,963.44,2026-07-25T13:25:01+00:00
RMT-005150,ACCT-000056,B0154,2038-08-10,223.56,2026-07-25T13:25:01+00:00
RMT-005151,ACCT-000353,B0154,2038-08-10,540.46,2026-07-25T13:25:01+00:00
RMT-005152,ACCT-000331,B0154,2038-08-10,730.72,2026-07-25T13:25:01+00:00
RMT-005153,ACCT-000464,B0154,2038-08-10,616.81,2026-07-25T13:25:01+00:00
RMT-005154,ACCT-000290,B0154,2038-08-10,357.41,2026-07-25T13:25:01+00:00
RMT-005155,ACCT-000480,B0154,2038-08-10,1008.34,2026-07-25T13:25:01+00:00
RMT-005156,ACCT-000018,B0154,2038-08-10,696.71,2026-07-25T13:25:01+00:00
RMT-005157,ACCT-000486,B0154,2038-08-10,186.37,2026-07-25T13:25:01+00:00
RMT-005158,ACCT-000574,B0154,2038-08-10,684.94,2026-07-25T13:25:01+00:00
RMT-005159,ACCT-000575,B0154,2038-08-10,179.53,2026-07-25T13:25:01+00:00
RMT-005160,ACCT-000576,B0154,2038-08-10,637.15,2026-07-25T13:25:01+00:00
RMT-005161,ACCT-000553,B0155,2038-09-09,495.66,2026-07-25T14:45:16+00:00
RMT-005162,ACCT-000502,B0155,2038-09-09,498.4,2026-07-25T14:45:16+00:00
RMT-005163,ACCT-000303,B0155,2038-09-09,354.3,2026-07-25T14:45:16+00:00
RMT-005164,ACCT-000182,B0155,2038-09-09,391.37,2026-07-25T14:45:16+00:00
RMT-005165,ACCT-000443,B0155,2038-09-09,661.13,2026-07-25T14:45:16+00:00
RMT-005166,ACCT-000547,B0155,2038-09-09,744.37,2026-07-25T14:45:16+00:00
RMT-005167,ACCT-000010,B0155,2038-09-09,164.44,2026-07-25T14:45:16+00:00
RMT-005168,ACCT-000299,B0155,2038-09-09,686.15,2026-07-25T14:45:16+00:00
RMT-005169,ACCT-000166,B0155,2038-09-09,325.22,2026-07-25T14:45:16+00:00
RMT-005170,ACCT-000535,B0155,2038-09-09,414.88,2026-07-25T14:45:16+00:00
RMT-005171,ACCT-000325,B0155,2038-09-09,327.98,2026-07-25T14:45:16+00:00
RMT-005172,ACCT-000360,B0155,2038-09-09,646.28,2026-07-25T14:45:16+00:00
RMT-005173,ACCT-000070,B0155,2038-09-09,673.65,2026-07-25T14:45:16+00:00
RMT-005174,ACCT-000229,B0155,2038-09-09,518.24,2026-07-25T14:45:16+00:00
RMT-005175,ACCT-000114,B0155,2038-09-09,1079.64,2026-07-25T14:45:16+00:00
RMT-005176,ACCT-000466,B0155,2038-09-09,320.63,2026-07-25T14:45:16+00:00
RMT-005177,ACCT-000052,B0155,2038-09-09,472.81,2026-07-25T14:45:16+00:00
RMT-005178,ACCT-000357,B0155,2038-09-09,263.45,2026-07-25T14:45:16+00:00
RMT-005179,ACCT-000474,B0155,2038-09-09,446.06,2026-07-25T14:45:16+00:00
RMT-005180,ACCT-000258,B0155,2038-09-09,1084.64,2026-07-25T14:45:16+00:00
RMT-005181,ACCT-000220,B0155,2038-09-09,197.99,2026-07-25T14:45:16+00:00
RMT-005182,ACCT-000311,B0155,2038-09-09,227.11,2026-07-25T14:45:16+00:00
RMT-005183,ACCT-000376,B0155,2038-09-09,271.58,2026-07-25T14:45:16+00:00
RMT-005184,ACCT-000277,B0155,2038-09-09,1005.21,2026-07-25T14:45:16+00:00
RMT-005185,ACCT-000029,B0155,2038-09-09,467.27,2026-07-25T14:45:16+00:00
RMT-005186,ACCT-000446,B0155,2038-09-09,229.75,2026-07-25T14:45:16+00:00
RMT-005187,ACCT-000225,B0155,2038-09-09,919.43,2026-07-25T14:45:16+00:00
RMT-005188,ACCT-000423,B0155,2038-09-09,537.35,2026-07-25T14:45:16+00:00
RMT-005189,ACCT-000433,B0155,2038-09-09,1037.8,2026-07-25T14:45:16+00:00
RMT-005190,ACCT-000555,B0155,2038-09-09,711.78,2026-07-25T14:45:16+00:00
RMT-005191,ACCT-000326,B0155,2038-09-09,1026.74,2026-07-25T14:45:16+00:00
RMT-005192,ACCT-000450,B0155,2038-09-09,389.01,2026-07-25T14:45:16+00:00
RMT-005193,ACCT-000194,B0155,2038-09-09,1073.01,2026-07-25T14:45:16+00:00
RMT-005194,ACCT-000415,B0155,2038-09-09,471.03,2026-07-25T14:45:16+00:00
RMT-005195,ACCT-000577,B0155,2038-09-09,364.52,2026-07-25T14:45:16+00:00
RMT-005196,ACCT-000578,B0155,2038-09-09,191.97,2026-07-25T14:45:16+00:00
RMT-005197,ACCT-000579,B0155,2038-09-09,318.99,2026-07-25T14:45:16+00:00
RMT-005198,ACCT-000192,B0156,2038-10-09,880.97,2026-07-25T15:58:42+00:00
RMT-005199,ACCT-000578,B0156,2038-10-09,1159.08,2026-07-25T15:58:42+00:00
RMT-005200,ACCT-000414,B0156,2038-10-09,686.29,2026-07-25T15:58:42+00:00
RMT-005201,ACCT-000286,B0156,2038-10-09,285.74,2026-07-25T15:58:42+00:00
RMT-005202,ACCT-000138,B0156,2038-10-09,404.2,2026-07-25T15:58:42+00:00
RMT-005203,ACCT-000264,B0156,2038-10-09,643.42,2026-07-25T15:58:42+00:00
RMT-005204,ACCT-000268,B0156,2038-10-09,999.82,2026-07-25T15:58:42+00:00
RMT-005205,ACCT-000003,B0156,2038-10-09,275.37,2026-07-25T15:58:42+00:00
RMT-005206,ACCT-000564,B0156,2038-10-09,638.78,2026-07-25T15:58:42+00:00
RMT-005207,ACCT-000388,B0156,2038-10-09,684.86,2026-07-25T15:58:42+00:00
RMT-005208,ACCT-000156,B0156,2038-10-09,796.02,2026-07-25T15:58:42+00:00
RMT-005209,ACCT-000207,B0156,2038-10-09,328.52,2026-07-25T15:58:42+00:00
RMT-005210,ACCT-000130,B0156,2038-10-09,968.16,2026-07-25T15:58:42+00:00
RMT-005211,ACCT-000172,B0156,2038-10-09,233.63,2026-07-25T15:58:42+00:00
RMT-005212,ACCT-000563,B0156,2038-10-09,174.01,2026-07-25T15:58:42+00:00
RMT-005213,ACCT-000146,B0156,2038-10-09,340.61,2026-07-25T15:58:42+00:00
RMT-005214,ACCT-000262,B0156,2038-10-09,749.89,2026-07-25T15:58:42+00:00
RMT-005215,ACCT-000513,B0156,2038-10-09,806.45,2026-07-25T15:58:42+00:00
RMT-005216,ACCT-000001,B0156,2038-10-09,254.75,2026-07-25T15:58:42+00:00
RMT-005217,ACCT-000342,B0156,2038-10-09,21.6,2026-07-25T15:58:42+00:00
RMT-005218,ACCT-000401,B0156,2038-10-09,432.08,2026-07-25T15:58:42+00:00
RMT-005219,ACCT-000173,B0156,2038-10-09,905.73,2026-07-25T15:58:42+00:00
RMT-005220,ACCT-000084,B0156,2038-10-09,710.31,2026-07-25T15:58:42+00:00
RMT-005221,ACCT-000234,B0156,2038-10-09,435.12,2026-07-25T15:58:42+00:00
RMT-005222,ACCT-000393,B0156,2038-10-09,721.87,2026-07-25T15:58:42+00:00
RMT-005223,ACCT-000051,B0156,2038-10-09,697.22,2026-07-25T15:58:42+00:00
RMT-005224,ACCT-000104,B0156,2038-10-09,845.08,2026-07-25T15:58:42+00:00
RMT-005225,ACCT-000324,B0156,2038-10-09,205.44,2026-07-25T15:58:42+00:00
RMT-005226,ACCT-000017,B0156,2038-10-09,338.59,2026-07-25T15:58:42+00:00
RMT-005227,ACCT-000580,B0156,2038-10-09,173.7,2026-07-25T15:58:42+00:00
RMT-005228,ACCT-000581,B0156,2038-10-09,361.83,2026-07-25T15:58:42+00:00
RMT-005229,ACCT-000582,B0156,2038-10-09,344.66,2026-07-25T15:58:42+00:00
RMT-005230,ACCT-000583,B0156,2038-10-09,27.31,2026-07-25T15:58:42+00:00
RMT-005231,ACCT-000513,B0157,2038-11-08,967.58,2026-07-25T16:57:53+00:00
RMT-005232,ACCT-000392,B0157,2038-11-08,71.2,2026-07-25T16:57:53+00:00
RMT-005233,ACCT-000039,B0157,2038-11-08,548.04,2026-07-25T16:57:53+00:00
RMT-005234,ACCT-000165,B0157,2038-11-08,427.0,2026-07-25T16:57:53+00:00
RMT-005235,ACCT-000192,B0157,2038-11-08,1374.07,2026-07-25T16:57:53+00:00
RMT-005236,ACCT-000184,B0157,2038-11-08,721.01,2026-07-25T16:57:53+00:00
RMT-005237,ACCT-000413,B0157,2038-11-08,309.86,2026-07-25T16:57:53+00:00
RMT-005238,ACCT-000304,B0157,2038-11-08,1330.5,2026-07-25T16:57:53+00:00
RMT-005239,ACCT-000123,B0157,2038-11-08,432.59,2026-07-25T16:57:53+00:00
RMT-005240,ACCT-000552,B0157,2038-11-08,732.06,2026-07-25T16:57:53+00:00
RMT-005241,ACCT-000228,B0157,2038-11-08,220.11,2026-07-25T16:57:53+00:00
RMT-005242,ACCT-000072,B0157,2038-11-08,392.89,2026-07-25T16:57:53+00:00
RMT-005243,ACCT-000260,B0157,2038-11-08,471.49,2026-07-25T16:57:53+00:00
RMT-005244,ACCT-000500,B0157,2038-11-08,338.94,2026-07-25T16:57:53+00:00
RMT-005245,ACCT-000244,B0157,2038-11-08,521.89,2026-07-25T16:57:53+00:00
RMT-005246,ACCT-000194,B0157,2038-11-08,508.69,2026-07-25T16:57:53+00:00
RMT-005247,ACCT-000196,B0157,2038-11-08,892.94,2026-07-25T16:57:53+00:00
RMT-005248,ACCT-000055,B0157,2038-11-08,61.44,2026-07-25T16:57:53+00:00
RMT-005249,ACCT-000042,B0157,2038-11-08,901.22,2026-07-25T16:57:53+00:00
RMT-005250,ACCT-000543,B0157,2038-11-08,707.35,2026-07-25T16:57:53+00:00
RMT-005251,ACCT-000274,B0157,2038-11-08,513.56,2026-07-25T16:57:53+00:00
RMT-005252,ACCT-000246,B0157,2038-11-08,38.91,2026-07-25T16:57:53+00:00
RMT-005253,ACCT-000540,B0157,2038-11-08,209.58,2026-07-25T16:57:53+00:00
RMT-005254,ACCT-000499,B0157,2038-11-08,296.57,2026-07-25T16:57:53+00:00
RMT-005255,ACCT-000518,B0157,2038-11-08,326.65,2026-07-25T16:57:53+00:00
RMT-005256,ACCT-000539,B0157,2038-11-08,20.78,2026-07-25T16:57:53+00:00
RMT-005257,ACCT-000226,B0157,2038-11-08,738.59,2026-07-25T16:57:53+00:00
RMT-005258,ACCT-000201,B0157,2038-11-08,790.0,2026-07-25T16:57:53+00:00
RMT-005259,ACCT-000560,B0157,2038-11-08,387.05,2026-07-25T16:57:53+00:00
RMT-005260,ACCT-000044,B0157,2038-11-08,402.56,2026-07-25T16:57:53+00:00
RMT-005261,ACCT-000464,B0157,2038-11-08,554.52,2026-07-25T16:57:53+00:00
RMT-005262,ACCT-000436,B0157,2038-11-08,545.14,2026-07-25T16:57:53+00:00
RMT-005263,ACCT-000105,B0157,2038-11-08,372.86,2026-07-25T16:57:53+00:00
RMT-005264,ACCT-000584,B0157,2038-11-08,566.07,2026-07-25T16:57:53+00:00
RMT-005265,ACCT-000585,B0157,2038-11-08,586.13,2026-07-25T16:57:53+00:00
RMT-005266,ACCT-000586,B0157,2038-11-08,327.56,2026-07-25T16:57:53+00:00
RMT-005267,ACCT-000587,B0157,2038-11-08,549.45,2026-07-25T16:57:53+00:00
RMT-005268,ACCT-000179,B0158,2038-12-08,555.37,2026-07-25T17:57:28+00:00
RMT-005269,ACCT-000462,B0158,2038-12-08,574.84,2026-07-25T17:57:28+00:00
RMT-005270,ACCT-000276,B0158,2038-12-08,147.26,2026-07-25T17:57:28+00:00
RMT-005271,ACCT-000037,B0158,2038-12-08,677.46,2026-07-25T17:57:28+00:00
RMT-005272,ACCT-000054,B0158,2038-12-08,918.76,2026-07-25T17:57:28+00:00
RMT-005273,ACCT-000364,B0158,2038-12-08,323.84,2026-07-25T17:57:28+00:00
RMT-005274,ACCT-000213,B0158,2038-12-08,561.85,2026-07-25T17:57:28+00:00
RMT-005275,ACCT-000277,B0158,2038-12-08,120.5,2026-07-25T17:57:28+00:00
RMT-005276,ACCT-000095,B0158,2038-12-08,1005.97,2026-07-25T17:57:28+00:00
RMT-005277,ACCT-000163,B0158,2038-12-08,284.38,2026-07-25T17:57:28+00:00
RMT-005278,ACCT-000267,B0158,2038-12-08,351.58,2026-07-25T17:57:28+00:00
RMT-005279,ACCT-000305,B0158,2038-12-08,228.77,2026-07-25T17:57:28+00:00
RMT-005280,ACCT-000033,B0158,2038-12-08,263.17,2026-07-25T17:57:28+00:00
RMT-005281,ACCT-000357,B0158,2038-12-08,357.7,2026-07-25T17:57:28+00:00
RMT-005282,ACCT-000447,B0158,2038-12-08,480.4,2026-07-25T17:57:28+00:00
RMT-005283,ACCT-000452,B0158,2038-12-08,773.59,2026-07-25T17:57:28+00:00
RMT-005284,ACCT-000453,B0158,2038-12-08,245.57,2026-07-25T17:57:28+00:00
RMT-005285,ACCT-000549,B0158,2038-12-08,904.87,2026-07-25T17:57:28+00:00
RMT-005286,ACCT-000006,B0158,2038-12-08,929.45,2026-07-25T17:57:28+00:00
RMT-005287,ACCT-000112,B0158,2038-12-08,752.55,2026-07-25T17:57:28+00:00
RMT-005288,ACCT-000063,B0158,2038-12-08,110.67,2026-07-25T17:57:28+00:00
RMT-005289,ACCT-000123,B0158,2038-12-08,721.6,2026-07-25T17:57:28+00:00
RMT-005290,ACCT-000582,B0158,2038-12-08,528.7,2026-07-25T17:57:28+00:00
RMT-005291,ACCT-000576,B0158,2038-12-08,202.43,2026-07-25T17:57:28+00:00
RMT-005292,ACCT-000479,B0158,2038-12-08,498.24,2026-07-25T17:57:28+00:00
RMT-005293,ACCT-000580,B0158,2038-12-08,623.92,2026-07-25T17:57:28+00:00
RMT-005294,ACCT-000347,B0158,2038-12-08,252.15,2026-07-25T17:57:28+00:00
RMT-005295,ACCT-000552,B0158,2038-12-08,870.95,2026-07-25T17:57:28+00:00
RMT-005296,ACCT-000588,B0158,2038-12-08,170.64,2026-07-25T17:57:28+00:00
RMT-005297,ACCT-000589,B0158,2038-12-08,227.9,2026-07-25T17:57:28+00:00
RMT-005298,ACCT-000590,B0158,2038-12-08,697.79,2026-07-25T17:57:28+00:00
RMT-005299,ACCT-000591,B0158,2038-12-08,586.56,2026-07-25T17:57:28+00:00
RMT-005300,ACCT-000496,B0159,2039-01-07,612.27,2026-07-25T19:02:39+00:00
RMT-005301,ACCT-000274,B0159,2039-01-07,324.55,2026-07-25T19:02:39+00:00
RMT-005302,ACCT-000198,B0159,2039-01-07,1056.6,2026-07-25T19:02:39+00:00
RMT-005303,ACCT-000397,B0159,2039-01-07,740.21,2026-07-25T19:02:39+00:00
RMT-005304,ACCT-000069,B0159,2039-01-07,179.66,2026-07-25T19:02:39+00:00
RMT-005305,ACCT-000064,B0159,2039-01-07,379.56,2026-07-25T19:02:39+00:00
RMT-005306,ACCT-000280,B0159,2039-01-07,681.97,2026-07-25T19:02:39+00:00
RMT-005307,ACCT-000158,B0159,2039-01-07,85.97,2026-07-25T19:02:39+00:00
RMT-005308,ACCT-000236,B0159,2039-01-07,352.49,2026-07-25T19:02:39+00:00
RMT-005309,ACCT-000028,B0159,2039-01-07,329.67,2026-07-25T19:02:39+00:00
RMT-005310,ACCT-000439,B0159,2039-01-07,281.2,2026-07-25T19:02:39+00:00
RMT-005311,ACCT-000542,B0159,2039-01-07,598.27,2026-07-25T19:02:39+00:00
RMT-005312,ACCT-000117,B0159,2039-01-07,1080.6,2026-07-25T19:02:39+00:00
RMT-005313,ACCT-000097,B0159,2039-01-07,452.0,2026-07-25T19:02:39+00:00
RMT-005314,ACCT-000333,B0159,2039-01-07,357.2,2026-07-25T19:02:39+00:00
RMT-005315,ACCT-000546,B0159,2039-01-07,357.61,2026-07-25T19:02:39+00:00
RMT-005316,ACCT-000295,B0159,2039-01-07,457.06,2026-07-25T19:02:39+00:00
RMT-005317,ACCT-000327,B0159,2039-01-07,834.87,2026-07-25T19:02:39+00:00
RMT-005318,ACCT-000292,B0159,2039-01-07,228.51,2026-07-25T19:02:39+00:00
RMT-005319,ACCT-000533,B0159,2039-01-07,596.7,2026-07-25T19:02:39+00:00
RMT-005320,ACCT-000174,B0159,2039-01-07,920.63,2026-07-25T19:02:39+00:00
RMT-005321,ACCT-000461,B0159,2039-01-07,253.64,2026-07-25T19:02:39+00:00
RMT-005322,ACCT-000187,B0159,2039-01-07,965.36,2026-07-25T19:02:39+00:00
RMT-005323,ACCT-000223,B0159,2039-01-07,731.27,2026-07-25T19:02:39+00:00
RMT-005324,ACCT-000376,B0159,2039-01-07,474.13,2026-07-25T19:02:39+00:00
RMT-005325,ACCT-000061,B0159,2039-01-07,59.32,2026-07-25T19:02:39+00:00
RMT-005326,ACCT-000554,B0159,2039-01-07,368.67,2026-07-25T19:02:39+00:00
RMT-005327,ACCT-000320,B0159,2039-01-07,747.97,2026-07-25T19:02:39+00:00
RMT-005328,ACCT-000381,B0159,2039-01-07,178.5,2026-07-25T19:02:39+00:00
RMT-005329,ACCT-000404,B0159,2039-01-07,744.83,2026-07-25T19:02:39+00:00
RMT-005330,ACCT-000078,B0159,2039-01-07,579.67,2026-07-25T19:02:39+00:00
RMT-005331,ACCT-000220,B0159,2039-01-07,375.51,2026-07-25T19:02:39+00:00
RMT-005332,ACCT-000024,B0159,2039-01-07,11.63,2026-07-25T19:02:39+00:00
RMT-005333,ACCT-000359,B0159,2039-01-07,1091.5,2026-07-25T19:02:39+00:00
RMT-005334,ACCT-000199,B0159,2039-01-07,923.56,2026-07-25T19:02:39+00:00
RMT-005335,ACCT-000592,B0159,2039-01-07,1123.12,2026-07-25T19:02:39+00:00
RMT-005336,ACCT-000593,B0159,2039-01-07,474.11,2026-07-25T19:02:39+00:00
RMT-005337,ACCT-000219,B0160,2039-02-06,317.3,2026-07-25T20:26:20+00:00
RMT-005338,ACCT-000443,B0160,2039-02-06,1076.42,2026-07-25T20:26:20+00:00
RMT-005339,ACCT-000392,B0160,2039-02-06,426.91,2026-07-25T20:26:20+00:00
RMT-005340,ACCT-000376,B0160,2039-02-06,114.88,2026-07-25T20:26:20+00:00
RMT-005341,ACCT-000023,B0160,2039-02-06,259.95,2026-07-25T20:26:20+00:00
RMT-005342,ACCT-000030,B0160,2039-02-06,1008.44,2026-07-25T20:26:20+00:00
RMT-005343,ACCT-000483,B0160,2039-02-06,873.75,2026-07-25T20:26:20+00:00
RMT-005344,ACCT-000071,B0160,2039-02-06,280.3,2026-07-25T20:26:20+00:00
RMT-005345,ACCT-000579,B0160,2039-02-06,1061.17,2026-07-25T20:26:20+00:00
RMT-005346,ACCT-000428,B0160,2039-02-06,655.63,2026-07-25T20:26:20+00:00
RMT-005347,ACCT-000072,B0160,2039-02-06,379.12,2026-07-25T20:26:20+00:00
RMT-005348,ACCT-000268,B0160,2039-02-06,997.92,2026-07-25T20:26:20+00:00
RMT-005349,ACCT-000500,B0160,2039-02-06,754.52,2026-07-25T20:26:20+00:00
RMT-005350,ACCT-000481,B0160,2039-02-06,283.23,2026-07-25T20:26:20+00:00
RMT-005351,ACCT-000329,B0160,2039-02-06,883.55,2026-07-25T20:26:20+00:00
RMT-005352,ACCT-000096,B0160,2039-02-06,302.89,2026-07-25T20:26:20+00:00
RMT-005353,ACCT-000377,B0160,2039-02-06,1068.97,2026-07-25T20:26:20+00:00
RMT-005354,ACCT-000109,B0160,2039-02-06,758.51,2026-07-25T20:26:20+00:00
RMT-005355,ACCT-000247,B0160,2039-02-06,732.28,2026-07-25T20:26:20+00:00
RMT-005356,ACCT-000180,B0160,2039-02-06,799.84,2026-07-25T20:26:20+00:00
RMT-005357,ACCT-000574,B0160,2039-02-06,676.14,2026-07-25T20:26:20+00:00
RMT-005358,ACCT-000098,B0160,2039-02-06,800.76,2026-07-25T20:26:20+00:00
RMT-005359,ACCT-000240,B0160,2039-02-06,135.76,2026-07-25T20:26:20+00:00
RMT-005360,ACCT-000120,B0160,2039-02-06,863.14,2026-07-25T20:26:20+00:00
RMT-005361,ACCT-000470,B0160,2039-02-06,362.5,2026-07-25T20:26:20+00:00
RMT-005362,ACCT-000250,B0160,2039-02-06,203.62,2026-07-25T20:26:20+00:00
RMT-005363,ACCT-000383,B0160,2039-02-06,347.48,2026-07-25T20:26:20+00:00
RMT-005364,ACCT-000043,B0160,2039-02-06,445.82,2026-07-25T20:26:20+00:00
RMT-005365,ACCT-000368,B0160,2039-02-06,341.57,2026-07-25T20:26:20+00:00
RMT-005366,ACCT-000312,B0160,2039-02-06,129.93,2026-07-25T20:26:20+00:00
RMT-005367,ACCT-000594,B0160,2039-02-06,1145.73,2026-07-25T20:26:20+00:00
RMT-005368,ACCT-000595,B0160,2039-02-06,785.16,2026-07-25T20:26:20+00:00
RMT-005369,ACCT-000596,B0160,2039-02-06,252.1,2026-07-25T20:26:20+00:00
RMT-005370,ACCT-000272,B0161,2039-03-08,692.88,2026-07-25T21:23:51+00:00
RMT-005371,ACCT-000473,B0161,2039-03-08,567.03,2026-07-25T21:23:51+00:00
RMT-005372,ACCT-000554,B0161,2039-03-08,209.45,2026-07-25T21:23:51+00:00
RMT-005373,ACCT-000409,B0161,2039-03-08,797.98,2026-07-25T21:23:51+00:00
RMT-005374,ACCT-000318,B0161,2039-03-08,471.53,2026-07-25T21:23:51+00:00
RMT-005375,ACCT-000589,B0161,2039-03-08,60.82,2026-07-25T21:23:51+00:00
RMT-005376,ACCT-000214,B0161,2039-03-08,435.06,2026-07-25T21:23:51+00:00
RMT-005377,ACCT-000408,B0161,2039-03-08,355.71,2026-07-25T21:23:51+00:00
RMT-005378,ACCT-000184,B0161,2039-03-08,892.93,2026-07-25T21:23:51+00:00
RMT-005379,ACCT-000564,B0161,2039-03-08,1075.3,2026-07-25T21:23:51+00:00
RMT-005380,ACCT-000078,B0161,2039-03-08,526.71,2026-07-25T21:23:51+00:00
RMT-005381,ACCT-000132,B0161,2039-03-08,177.29,2026-07-25T21:23:51+00:00
RMT-005382,ACCT-000339,B0161,2039-03-08,757.87,2026-07-25T21:23:51+00:00
RMT-005383,ACCT-000265,B0161,2039-03-08,634.01,2026-07-25T21:23:51+00:00
RMT-005384,ACCT-000313,B0161,2039-03-08,712.66,2026-07-25T21:23:51+00:00
RMT-005385,ACCT-000006,B0161,2039-03-08,243.95,2026-07-25T21:23:51+00:00
RMT-005386,ACCT-000066,B0161,2039-03-08,241.78,2026-07-25T21:23:51+00:00
RMT-005387,ACCT-000470,B0161,2039-03-08,626.78,2026-07-25T21:23:51+00:00
RMT-005388,ACCT-000459,B0161,2039-03-08,486.89,2026-07-25T21:23:51+00:00
RMT-005389,ACCT-000225,B0161,2039-03-08,925.1,2026-07-25T21:23:51+00:00
RMT-005390,ACCT-000491,B0161,2039-03-08,354.9,2026-07-25T21:23:51+00:00
RMT-005391,ACCT-000092,B0161,2039-03-08,560.94,2026-07-25T21:23:51+00:00
RMT-005392,ACCT-000062,B0161,2039-03-08,238.53,2026-07-25T21:23:51+00:00
RMT-005393,ACCT-000110,B0161,2039-03-08,376.06,2026-07-25T21:23:51+00:00
RMT-005394,ACCT-000590,B0161,2039-03-08,162.34,2026-07-25T21:23:51+00:00
RMT-005395,ACCT-000155,B0161,2039-03-08,810.01,2026-07-25T21:23:51+00:00
RMT-005396,ACCT-000315,B0161,2039-03-08,75.73,2026-07-25T21:23:51+00:00
RMT-005397,ACCT-000524,B0161,2039-03-08,722.59,2026-07-25T21:23:51+00:00
RMT-005398,ACCT-000466,B0161,2039-03-08,322.46,2026-07-25T21:23:51+00:00
RMT-005399,ACCT-000429,B0161,2039-03-08,736.95,2026-07-25T21:23:51+00:00
RMT-005400,ACCT-000096,B0161,2039-03-08,665.58,2026-07-25T21:23:51+00:00
RMT-005401,ACCT-000597,B0161,2039-03-08,796.64,2026-07-25T21:23:51+00:00
RMT-005402,ACCT-000598,B0161,2039-03-08,200.27,2026-07-25T21:23:51+00:00
RMT-005403,ACCT-000599,B0161,2039-03-08,1068.46,2026-07-25T21:23:51+00:00
RMT-005404,ACCT-000387,B0162,2039-04-07,969.0,2026-07-25T22:24:24+00:00
RMT-005405,ACCT-000047,B0162,2039-04-07,518.59,2026-07-25T22:24:24+00:00
RMT-005406,ACCT-000094,B0162,2039-04-07,947.11,2026-07-25T22:24:24+00:00
RMT-005407,ACCT-000301,B0162,2039-04-07,587.44,2026-07-25T22:24:24+00:00
RMT-005408,ACCT-000282,B0162,2039-04-07,722.71,2026-07-25T22:24:24+00:00
RMT-005409,ACCT-000378,B0162,2039-04-07,466.07,2026-07-25T22:24:24+00:00
RMT-005410,ACCT-000054,B0162,2039-04-07,902.26,2026-07-25T22:24:24+00:00
RMT-005411,ACCT-000422,B0162,2039-04-07,547.88,2026-07-25T22:24:24+00:00
RMT-005412,ACCT-000209,B0162,2039-04-07,389.86,2026-07-25T22:24:24+00:00
RMT-005413,ACCT-000104,B0162,2039-04-07,752.55,2026-07-25T22:24:24+00:00
RMT-005414,ACCT-000020,B0162,2039-04-07,543.82,2026-07-25T22:24:24+00:00
RMT-005415,ACCT-000075,B0162,2039-04-07,365.14,2026-07-25T22:24:24+00:00
RMT-005416,ACCT-000223,B0162,2039-04-07,205.04,2026-07-25T22:24:24+00:00
RMT-005417,ACCT-000398,B0162,2039-04-07,317.86,2026-07-25T22:24:24+00:00
RMT-005418,ACCT-000187,B0162,2039-04-07,909.01,2026-07-25T22:24:24+00:00
RMT-005419,ACCT-000305,B0162,2039-04-07,647.88,2026-07-25T22:24:24+00:00
RMT-005420,ACCT-000212,B0162,2039-04-07,1136.91,2026-07-25T22:24:24+00:00
RMT-005421,ACCT-000101,B0162,2039-04-07,251.34,2026-07-25T22:24:24+00:00
RMT-005422,ACCT-000550,B0162,2039-04-07,600.04,2026-07-25T22:24:24+00:00
RMT-005423,ACCT-000161,B0162,2039-04-07,1090.97,2026-07-25T22:24:24+00:00
RMT-005424,ACCT-000163,B0162,2039-04-07,123.1,2026-07-25T22:24:24+00:00
RMT-005425,ACCT-000532,B0162,2039-04-07,1255.07,2026-07-25T22:24:24+00:00
RMT-005426,ACCT-000211,B0162,2039-04-07,1005.18,2026-07-25T22:24:24+00:00
RMT-005427,ACCT-000241,B0162,2039-04-07,64.79,2026-07-25T22:24:24+00:00
RMT-005428,ACCT-000535,B0162,2039-04-07,304.49,2026-07-25T22:24:24+00:00
RMT-005429,ACCT-000250,B0162,2039-04-07,455.74,2026-07-25T22:24:24+00:00
RMT-005430,ACCT-000410,B0162,2039-04-07,723.82,2026-07-25T22:24:24+00:00
RMT-005431,ACCT-000013,B0162,2039-04-07,698.6,2026-07-25T22:24:24+00:00
RMT-005432,ACCT-000096,B0162,2039-04-07,995.51,2026-07-25T22:24:24+00:00
RMT-005433,ACCT-000168,B0162,2039-04-07,354.43,2026-07-25T22:24:24+00:00
RMT-005434,ACCT-000600,B0162,2039-04-07,1049.93,2026-07-25T22:24:24+00:00
RMT-005435,ACCT-000601,B0162,2039-04-07,575.7,2026-07-25T22:24:24+00:00
RMT-005436,ACCT-000389,B0163,2039-05-07,261.17,2026-07-25T23:28:02+00:00
RMT-005437,ACCT-000487,B0163,2039-05-07,156.14,2026-07-25T23:28:02+00:00
RMT-005438,ACCT-000301,B0163,2039-05-07,605.52,2026-07-25T23:28:02+00:00
RMT-005439,ACCT-000600,B0163,2039-05-07,312.15,2026-07-25T23:28:02+00:00
RMT-005440,ACCT-000418,B0163,2039-05-07,318.05,2026-07-25T23:28:02+00:00
RMT-005441,ACCT-000047,B0163,2039-05-07,632.8,2026-07-25T23:28:02+00:00
RMT-005442,ACCT-000398,B0163,2039-05-07,490.81,2026-07-25T23:28:02+00:00
RMT-005443,ACCT-000499,B0163,2039-05-07,105.9,2026-07-25T23:28:02+00:00
RMT-005444,ACCT-000084,B0163,2039-05-07,870.99,2026-07-25T23:28:02+00:00
RMT-005445,ACCT-000011,B0163,2039-05-07,444.02,2026-07-25T23:28:02+00:00
RMT-005446,ACCT-000048,B0163,2039-05-07,552.97,2026-07-25T23:28:02+00:00
RMT-005447,ACCT-000290,B0163,2039-05-07,944.53,2026-07-25T23:28:02+00:00
RMT-005448,ACCT-000015,B0163,2039-05-07,745.17,2026-07-25T23:28:02+00:00
RMT-005449,ACCT-000063,B0163,2039-05-07,339.56,2026-07-25T23:28:02+00:00
RMT-005450,ACCT-000120,B0163,2039-05-07,923.39,2026-07-25T23:28:02+00:00
RMT-005451,ACCT-000510,B0163,2039-05-07,725.12,2026-07-25T23:28:02+00:00
RMT-005452,ACCT-000585,B0163,2039-05-07,1058.06,2026-07-25T23:28:02+00:00
RMT-005453,ACCT-000377,B0163,2039-05-07,209.74,2026-07-25T23:28:02+00:00
RMT-005454,ACCT-000106,B0163,2039-05-07,966.02,2026-07-25T23:28:02+00:00
RMT-005455,ACCT-000148,B0163,2039-05-07,418.39,2026-07-25T23:28:02+00:00
RMT-005456,ACCT-000270,B0163,2039-05-07,525.2,2026-07-25T23:28:02+00:00
RMT-005457,ACCT-000393,B0163,2039-05-07,761.95,2026-07-25T23:28:02+00:00
RMT-005458,ACCT-000222,B0163,2039-05-07,706.99,2026-07-25T23:28:02+00:00
RMT-005459,ACCT-000450,B0163,2039-05-07,1004.08,2026-07-25T23:28:02+00:00
RMT-005460,ACCT-000200,B0163,2039-05-07,945.99,2026-07-25T23:28:02+00:00
RMT-005461,ACCT-000584,B0163,2039-05-07,667.43,2026-07-25T23:28:02+00:00
RMT-005462,ACCT-000052,B0163,2039-05-07,294.58,2026-07-25T23:28:02+00:00
RMT-005463,ACCT-000221,B0163,2039-05-07,24.29,2026-07-25T23:28:02+00:00
RMT-005464,ACCT-000421,B0163,2039-05-07,546.25,2026-07-25T23:28:02+00:00
RMT-005465,ACCT-000095,B0163,2039-05-07,730.21,2026-07-25T23:28:02+00:00
RMT-005466,ACCT-000349,B0163,2039-05-07,58.38,2026-07-25T23:28:02+00:00
RMT-005467,ACCT-000289,B0163,2039-05-07,217.75,2026-07-25T23:28:02+00:00
RMT-005468,ACCT-000274,B0163,2039-05-07,59.45,2026-07-25T23:28:02+00:00
RMT-005469,ACCT-000551,B0163,2039-05-07,289.3,2026-07-25T23:28:02+00:00
RMT-005470,ACCT-000602,B0163,2039-05-07,874.97,2026-07-25T23:28:02+00:00
RMT-005471,ACCT-000603,B0163,2039-05-07,266.07,2026-07-25T23:28:02+00:00
RMT-005472,ACCT-000155,B0164,2039-06-06,83.65,2026-07-26T01:06:52+00:00
RMT-005473,ACCT-000302,B0164,2039-06-06,244.54,2026-07-26T01:06:52+00:00
RMT-005474,ACCT-000366,B0164,2039-06-06,443.94,2026-07-26T01:06:52+00:00
RMT-005475,ACCT-000505,B0164,2039-06-06,277.47,2026-07-26T01:06:52+00:00
RMT-005476,ACCT-000238,B0164,2039-06-06,338.57,2026-07-26T01:06:52+00:00
RMT-005477,ACCT-000031,B0164,2039-06-06,1090.35,2026-07-26T01:06:52+00:00
RMT-005478,ACCT-000014,B0164,2039-06-06,278.16,2026-07-26T01:06:52+00:00
RMT-005479,ACCT-000126,B0164,2039-06-06,226.49,2026-07-26T01:06:52+00:00
RMT-005480,ACCT-000481,B0164,2039-06-06,1092.14,2026-07-26T01:06:52+00:00
RMT-005481,ACCT-000315,B0164,2039-06-06,903.18,2026-07-26T01:06:52+00:00
RMT-005482,ACCT-000045,B0164,2039-06-06,537.32,2026-07-26T01:06:52+00:00
RMT-005483,ACCT-000390,B0164,2039-06-06,424.13,2026-07-26T01:06:52+00:00
RMT-005484,ACCT-000541,B0164,2039-06-06,616.19,2026-07-26T01:06:52+00:00
RMT-005485,ACCT-000379,B0164,2039-06-06,970.87,2026-07-26T01:06:52+00:00
RMT-005486,ACCT-000527,B0164,2039-06-06,906.02,2026-07-26T01:06:52+00:00
RMT-005487,ACCT-000575,B0164,2039-06-06,562.22,2026-07-26T01:06:52+00:00
RMT-005488,ACCT-000001,B0164,2039-06-06,699.55,2026-07-26T01:06:52+00:00
RMT-005489,ACCT-000474,B0164,2039-06-06,430.14,2026-07-26T01:06:52+00:00
RMT-005490,ACCT-000385,B0164,2039-06-06,839.46,2026-07-26T01:06:52+00:00
RMT-005491,ACCT-000015,B0164,2039-06-06,280.13,2026-07-26T01:06:52+00:00
RMT-005492,ACCT-000557,B0164,2039-06-06,102.34,2026-07-26T01:06:52+00:00
RMT-005493,ACCT-000114,B0164,2039-06-06,120.04,2026-07-26T01:06:52+00:00
RMT-005494,ACCT-000009,B0164,2039-06-06,353.65,2026-07-26T01:06:52+00:00
RMT-005495,ACCT-000268,B0164,2039-06-06,375.49,2026-07-26T01:06:52+00:00
RMT-005496,ACCT-000272,B0164,2039-06-06,1020.87,2026-07-26T01:06:52+00:00
RMT-005497,ACCT-000396,B0164,2039-06-06,327.64,2026-07-26T01:06:52+00:00
RMT-005498,ACCT-000604,B0164,2039-06-06,626.64,2026-07-26T01:06:52+00:00
RMT-005499,ACCT-000605,B0164,2039-06-06,1026.4,2026-07-26T01:06:52+00:00
RMT-005500,ACCT-000606,B0164,2039-06-06,480.98,2026-07-26T01:06:52+00:00
RMT-005501,ACCT-000348,B0165,2039-07-06,456.55,2026-07-26T04:53:01+00:00
RMT-005502,ACCT-000010,B0165,2039-07-06,822.8,2026-07-26T04:53:01+00:00
RMT-005503,ACCT-000366,B0165,2039-07-06,661.36,2026-07-26T04:53:01+00:00
RMT-005504,ACCT-000354,B0165,2039-07-06,92.89,2026-07-26T04:53:01+00:00
RMT-005505,ACCT-000386,B0165,2039-07-06,673.05,2026-07-26T04:53:01+00:00
RMT-005506,ACCT-000145,B0165,2039-07-06,699.14,2026-07-26T04:53:01+00:00
RMT-005507,ACCT-000484,B0165,2039-07-06,885.64,2026-07-26T04:53:01+00:00
RMT-005508,ACCT-000158,B0165,2039-07-06,61.5,2026-07-26T04:53:01+00:00
RMT-005509,ACCT-000414,B0165,2039-07-06,538.25,2026-07-26T04:53:01+00:00
RMT-005510,ACCT-000576,B0165,2039-07-06,206.01,2026-07-26T04:53:01+00:00
RMT-005511,ACCT-000331,B0165,2039-07-06,471.14,2026-07-26T04:53:01+00:00
RMT-005512,ACCT-000356,B0165,2039-07-06,901.46,2026-07-26T04:53:01+00:00
RMT-005513,ACCT-000585,B0165,2039-07-06,1292.67,2026-07-26T04:53:01+00:00
RMT-005514,ACCT-000603,B0165,2039-07-06,886.31,2026-07-26T04:53:01+00:00
RMT-005515,ACCT-000541,B0165,2039-07-06,850.83,2026-07-26T04:53:01+00:00
RMT-005516,ACCT-000593,B0165,2039-07-06,1120.02,2026-07-26T04:53:01+00:00
RMT-005517,ACCT-000476,B0165,2039-07-06,90.99,2026-07-26T04:53:01+00:00
RMT-005518,ACCT-000406,B0165,2039-07-06,360.32,2026-07-26T04:53:01+00:00
RMT-005519,ACCT-000505,B0165,2039-07-06,590.95,2026-07-26T04:53:01+00:00
RMT-005520,ACCT-000315,B0165,2039-07-06,457.28,2026-07-26T04:53:01+00:00
RMT-005521,ACCT-000599,B0165,2039-07-06,222.99,2026-07-26T04:53:01+00:00
RMT-005522,ACCT-000003,B0165,2039-07-06,601.28,2026-07-26T04:53:01+00:00
RMT-005523,ACCT-000477,B0165,2039-07-06,17.73,2026-07-26T04:53:01+00:00
RMT-005524,ACCT-000060,B0165,2039-07-06,730.03,2026-07-26T04:53:01+00:00
RMT-005525,ACCT-000395,B0165,2039-07-06,330.29,2026-07-26T04:53:01+00:00
RMT-005526,ACCT-000029,B0165,2039-07-06,211.4,2026-07-26T04:53:01+00:00
RMT-005527,ACCT-000274,B0165,2039-07-06,930.21,2026-07-26T04:53:01+00:00
RMT-005528,ACCT-000232,B0165,2039-07-06,183.95,2026-07-26T04:53:01+00:00
RMT-005529,ACCT-000213,B0165,2039-07-06,530.43,2026-07-26T04:53:01+00:00
RMT-005530,ACCT-000514,B0165,2039-07-06,691.27,2026-07-26T04:53:01+00:00
RMT-005531,ACCT-000555,B0165,2039-07-06,349.63,2026-07-26T04:53:01+00:00
RMT-005532,ACCT-000328,B0165,2039-07-06,75.52,2026-07-26T04:53:01+00:00
RMT-005533,ACCT-000474,B0165,2039-07-06,455.2,2026-07-26T04:53:01+00:00
RMT-005534,ACCT-000363,B0165,2039-07-06,599.71,2026-07-26T04:53:01+00:00
RMT-005535,ACCT-000252,B0165,2039-07-06,23.94,2026-07-26T04:53:01+00:00
RMT-005536,ACCT-000607,B0165,2039-07-06,228.61,2026-07-26T04:53:01+00:00
RMT-005537,ACCT-000608,B0165,2039-07-06,1179.15,2026-07-26T04:53:01+00:00
RMT-005538,ACCT-000609,B0165,2039-07-06,428.33,2026-07-26T04:53:01+00:00
RMT-005539,ACCT-000610,B0165,2039-07-06,712.19,2026-07-26T04:53:01+00:00
RMT-005540,ACCT-000083,B0166,2039-08-05,153.98,2026-07-26T07:31:56+00:00
RMT-005541,ACCT-000085,B0166,2039-08-05,394.33,2026-07-26T07:31:56+00:00
RMT-005542,ACCT-000564,B0166,2039-08-05,237.3,2026-07-26T07:31:56+00:00
RMT-005543,ACCT-000581,B0166,2039-08-05,678.99,2026-07-26T07:31:56+00:00
RMT-005544,ACCT-000462,B0166,2039-08-05,1085.32,2026-07-26T07:31:56+00:00
RMT-005545,ACCT-000322,B0166,2039-08-05,893.64,2026-07-26T07:31:56+00:00
RMT-005546,ACCT-000346,B0166,2039-08-05,1006.65,2026-07-26T07:31:56+00:00
RMT-005547,ACCT-000368,B0166,2039-08-05,75.92,2026-07-26T07:31:56+00:00
RMT-005548,ACCT-000196,B0166,2039-08-05,315.04,2026-07-26T07:31:56+00:00
RMT-005549,ACCT-000312,B0166,2039-08-05,492.45,2026-07-26T07:31:56+00:00
RMT-005550,ACCT-000415,B0166,2039-08-05,238.65,2026-07-26T07:31:56+00:00
RMT-005551,ACCT-000561,B0166,2039-08-05,352.51,2026-07-26T07:31:56+00:00
RMT-005552,ACCT-000247,B0166,2039-08-05,375.37,2026-07-26T07:31:56+00:00
RMT-005553,ACCT-000235,B0166,2039-08-05,646.17,2026-07-26T07:31:56+00:00
RMT-005554,ACCT-000192,B0166,2039-08-05,1148.44,2026-07-26T07:31:56+00:00
RMT-005555,ACCT-000376,B0166,2039-08-05,237.66,2026-07-26T07:31:56+00:00
RMT-005556,ACCT-000082,B0166,2039-08-05,625.5,2026-07-26T07:31:56+00:00
RMT-005557,ACCT-000205,B0166,2039-08-05,804.8,2026-07-26T07:31:56+00:00
RMT-005558,ACCT-000543,B0166,2039-08-05,1043.28,2026-07-26T07:31:56+00:00
RMT-005559,ACCT-000267,B0166,2039-08-05,716.94,2026-07-26T07:31:56+00:00
RMT-005560,ACCT-000241,B0166,2039-08-05,325.42,2026-07-26T07:31:56+00:00
RMT-005561,ACCT-000143,B0166,2039-08-05,399.81,2026-07-26T07:31:56+00:00
RMT-005562,ACCT-000492,B0166,2039-08-05,569.82,2026-07-26T07:31:56+00:00
RMT-005563,ACCT-000344,B0166,2039-08-05,744.09,2026-07-26T07:31:56+00:00
RMT-005564,ACCT-000063,B0166,2039-08-05,338.73,2026-07-26T07:31:56+00:00
RMT-005565,ACCT-000495,B0166,2039-08-05,602.42,2026-07-26T07:31:56+00:00
RMT-005566,ACCT-000481,B0166,2039-08-05,266.95,2026-07-26T07:31:56+00:00
RMT-005567,ACCT-000611,B0166,2039-08-05,256.18,2026-07-26T07:31:56+00:00
RMT-005568,ACCT-000612,B0166,2039-08-05,1042.4,2026-07-26T07:31:56+00:00
RMT-005569,ACCT-000012,B0167,2039-09-04,520.04,2026-07-26T09:52:17+00:00
RMT-005570,ACCT-000021,B0167,2039-09-04,1118.62,2026-07-26T09:52:17+00:00
RMT-005571,ACCT-000501,B0167,2039-09-04,411.19,2026-07-26T09:52:17+00:00
RMT-005572,ACCT-000565,B0167,2039-09-04,400.33,2026-07-26T09:52:17+00:00
RMT-005573,ACCT-000589,B0167,2039-09-04,113.47,2026-07-26T09:52:17+00:00
RMT-005574,ACCT-000220,B0167,2039-09-04,1020.54,2026-07-26T09:52:17+00:00
RMT-005575,ACCT-000198,B0167,2039-09-04,409.77,2026-07-26T09:52:17+00:00
RMT-005576,ACCT-000563,B0167,2039-09-04,257.87,2026-07-26T09:52:17+00:00
RMT-005577,ACCT-000398,B0167,2039-09-04,896.28,2026-07-26T09:52:17+00:00
RMT-005578,ACCT-000056,B0167,2039-09-04,164.52,2026-07-26T09:52:17+00:00
RMT-005579,ACCT-000008,B0167,2039-09-04,872.77,2026-07-26T09:52:17+00:00
RMT-005580,ACCT-000298,B0167,2039-09-04,354.86,2026-07-26T09:52:17+00:00
RMT-005581,ACCT-000160,B0167,2039-09-04,304.76,2026-07-26T09:52:17+00:00
RMT-005582,ACCT-000193,B0167,2039-09-04,956.77,2026-07-26T09:52:17+00:00
RMT-005583,ACCT-000330,B0167,2039-09-04,676.86,2026-07-26T09:52:17+00:00
RMT-005584,ACCT-000493,B0167,2039-09-04,174.99,2026-07-26T09:52:17+00:00
RMT-005585,ACCT-000424,B0167,2039-09-04,1079.77,2026-07-26T09:52:17+00:00
RMT-005586,ACCT-000088,B0167,2039-09-04,516.63,2026-07-26T09:52:17+00:00
RMT-005587,ACCT-000293,B0167,2039-09-04,830.76,2026-07-26T09:52:17+00:00
RMT-005588,ACCT-000218,B0167,2039-09-04,225.58,2026-07-26T09:52:17+00:00
RMT-005589,ACCT-000284,B0167,2039-09-04,565.27,2026-07-26T09:52:17+00:00
RMT-005590,ACCT-000480,B0167,2039-09-04,434.44,2026-07-26T09:52:17+00:00
RMT-005591,ACCT-000512,B0167,2039-09-04,707.69,2026-07-26T09:52:17+00:00
RMT-005592,ACCT-000264,B0167,2039-09-04,506.21,2026-07-26T09:52:17+00:00
RMT-005593,ACCT-000348,B0167,2039-09-04,129.36,2026-07-26T09:52:17+00:00
RMT-005594,ACCT-000036,B0167,2039-09-04,696.98,2026-07-26T09:52:17+00:00
RMT-005595,ACCT-000190,B0167,2039-09-04,922.78,2026-07-26T09:52:17+00:00
RMT-005596,ACCT-000007,B0167,2039-09-04,936.44,2026-07-26T09:52:17+00:00
RMT-005597,ACCT-000613,B0167,2039-09-04,93.43,2026-07-26T09:52:17+00:00
RMT-005598,ACCT-000614,B0167,2039-09-04,448.1,2026-07-26T09:52:17+00:00
RMT-005599,ACCT-000615,B0167,2039-09-04,823.58,2026-07-26T09:52:17+00:00
RMT-005600,ACCT-000616,B0167,2039-09-04,607.16,2026-07-26T09:52:17+00:00
RMT-005601,ACCT-000098,B0168,2039-10-04,511.01,2026-07-26T11:14:47+00:00
RMT-005602,ACCT-000236,B0168,2039-10-04,347.21,2026-07-26T11:14:47+00:00
RMT-005603,ACCT-000060,B0168,2039-10-04,589.68,2026-07-26T11:14:47+00:00
RMT-005604,ACCT-000202,B0168,2039-10-04,1173.71,2026-07-26T11:14:47+00:00
RMT-005605,ACCT-000563,B0168,2039-10-04,262.89,2026-07-26T11:14:47+00:00
RMT-005606,ACCT-000043,B0168,2039-10-04,207.83,2026-07-26T11:14:47+00:00
RMT-005607,ACCT-000499,B0168,2039-10-04,296.69,2026-07-26T11:14:47+00:00
RMT-005608,ACCT-000603,B0168,2039-10-04,736.3,2026-07-26T11:14:47+00:00
RMT-005609,ACCT-000200,B0168,2039-10-04,993.94,2026-07-26T11:14:47+00:00
RMT-005610,ACCT-000010,B0168,2039-10-04,221.83,2026-07-26T11:14:47+00:00
RMT-005611,ACCT-000145,B0168,2039-10-04,50.37,2026-07-26T11:14:47+00:00
RMT-005612,ACCT-000599,B0168,2039-10-04,333.87,2026-07-26T11:14:47+00:00
RMT-005613,ACCT-000532,B0168,2039-10-04,480.77,2026-07-26T11:14:47+00:00
RMT-005614,ACCT-000284,B0168,2039-10-04,616.05,2026-07-26T11:14:47+00:00
RMT-005615,ACCT-000545,B0168,2039-10-04,576.28,2026-07-26T11:14:47+00:00
RMT-005616,ACCT-000405,B0168,2039-10-04,1459.91,2026-07-26T11:14:47+00:00
RMT-005617,ACCT-000146,B0168,2039-10-04,69.74,2026-07-26T11:14:47+00:00
RMT-005618,ACCT-000456,B0168,2039-10-04,853.91,2026-07-26T11:14:47+00:00
RMT-005619,ACCT-000153,B0168,2039-10-04,151.02,2026-07-26T11:14:47+00:00
RMT-005620,ACCT-000366,B0168,2039-10-04,690.27,2026-07-26T11:14:47+00:00
RMT-005621,ACCT-000095,B0168,2039-10-04,291.23,2026-07-26T11:14:47+00:00
RMT-005622,ACCT-000434,B0168,2039-10-04,1043.43,2026-07-26T11:14:47+00:00
RMT-005623,ACCT-000108,B0168,2039-10-04,79.24,2026-07-26T11:14:47+00:00
RMT-005624,ACCT-000600,B0168,2039-10-04,706.68,2026-07-26T11:14:47+00:00
RMT-005625,ACCT-000386,B0168,2039-10-04,520.44,2026-07-26T11:14:47+00:00
RMT-005626,ACCT-000500,B0168,2039-10-04,427.1,2026-07-26T11:14:47+00:00
RMT-005627,ACCT-000501,B0168,2039-10-04,1301.84,2026-07-26T11:14:47+00:00
RMT-005628,ACCT-000206,B0168,2039-10-04,276.79,2026-07-26T11:14:47+00:00
RMT-005629,ACCT-000402,B0168,2039-10-04,270.13,2026-07-26T11:14:47+00:00
RMT-005630,ACCT-000224,B0168,2039-10-04,927.36,2026-07-26T11:14:47+00:00
RMT-005631,ACCT-000152,B0168,2039-10-04,743.14,2026-07-26T11:14:47+00:00
RMT-005632,ACCT-000617,B0168,2039-10-04,145.21,2026-07-26T11:14:47+00:00
RMT-005633,ACCT-000618,B0168,2039-10-04,483.69,2026-07-26T11:14:47+00:00
RMT-005634,ACCT-000619,B0168,2039-10-04,202.02,2026-07-26T11:14:47+00:00
RMT-005635,ACCT-000415,B0169,2039-11-03,372.75,2026-07-26T12:36:38+00:00
RMT-005636,ACCT-000616,B0169,2039-11-03,453.73,2026-07-26T12:36:38+00:00
RMT-005637,ACCT-000166,B0169,2039-11-03,131.92,2026-07-26T12:36:38+00:00
RMT-005638,ACCT-000243,B0169,2039-11-03,71.09,2026-07-26T12:36:38+00:00
RMT-005639,ACCT-000372,B0169,2039-11-03,1144.55,2026-07-26T12:36:38+00:00
RMT-005640,ACCT-000393,B0169,2039-11-03,993.2,2026-07-26T12:36:38+00:00
RMT-005641,ACCT-000267,B0169,2039-11-03,434.83,2026-07-26T12:36:38+00:00
RMT-005642,ACCT-000516,B0169,2039-11-03,527.68,2026-07-26T12:36:38+00:00
RMT-005643,ACCT-000215,B0169,2039-11-03,519.77,2026-07-26T12:36:38+00:00
RMT-005644,ACCT-000064,B0169,2039-11-03,634.15,2026-07-26T12:36:38+00:00
RMT-005645,ACCT-000498,B0169,2039-11-03,563.12,2026-07-26T12:36:38+00:00
RMT-005646,ACCT-000581,B0169,2039-11-03,1118.22,2026-07-26T12:36:38+00:00
RMT-005647,ACCT-000549,B0169,2039-11-03,270.94,2026-07-26T12:36:38+00:00
RMT-005648,ACCT-000561,B0169,2039-11-03,496.74,2026-07-26T12:36:38+00:00
RMT-005649,ACCT-000424,B0169,2039-11-03,917.29,2026-07-26T12:36:38+00:00
RMT-005650,ACCT-000077,B0169,2039-11-03,119.38,2026-07-26T12:36:38+00:00
RMT-005651,ACCT-000010,B0169,2039-11-03,594.04,2026-07-26T12:36:38+00:00
RMT-005652,ACCT-000017,B0169,2039-11-03,631.05,2026-07-26T12:36:38+00:00
RMT-005653,ACCT-000337,B0169,2039-11-03,336.36,2026-07-26T12:36:38+00:00
RMT-005654,ACCT-000048,B0169,2039-11-03,885.14,2026-07-26T12:36:38+00:00
RMT-005655,ACCT-000369,B0169,2039-11-03,295.25,2026-07-26T12:36:38+00:00
RMT-005656,ACCT-000039,B0169,2039-11-03,599.14,2026-07-26T12:36:38+00:00
RMT-005657,ACCT-000577,B0169,2039-11-03,489.02,2026-07-26T12:36:38+00:00
RMT-005658,ACCT-000317,B0169,2039-11-03,172.38,2026-07-26T12:36:38+00:00
RMT-005659,ACCT-000420,B0169,2039-11-03,772.42,2026-07-26T12:36:38+00:00
RMT-005660,ACCT-000330,B0169,2039-11-03,950.48,2026-07-26T12:36:38+00:00
RMT-005661,ACCT-000019,B0169,2039-11-03,291.36,2026-07-26T12:36:38+00:00
RMT-005662,ACCT-000547,B0169,2039-11-03,219.02,2026-07-26T12:36:38+00:00
RMT-005663,ACCT-000093,B0169,2039-11-03,764.04,2026-07-26T12:36:38+00:00
RMT-005664,ACCT-000620,B0169,2039-11-03,926.12,2026-07-26T12:36:38+00:00
RMT-005665,ACCT-000621,B0169,2039-11-03,434.44,2026-07-26T12:36:38+00:00
RMT-005666,ACCT-000622,B0169,2039-11-03,362.41,2026-07-26T12:36:38+00:00
RMT-005667,ACCT-000431,B0170,2039-12-03,307.02,2026-07-26T14:25:16+00:00
RMT-005668,ACCT-000513,B0170,2039-12-03,33.33,2026-07-26T14:25:16+00:00
RMT-005669,ACCT-000427,B0170,2039-12-03,257.5,2026-07-26T14:25:16+00:00
RMT-005670,ACCT-000284,B0170,2039-12-03,760.53,2026-07-26T14:25:16+00:00
RMT-005671,ACCT-000208,B0170,2039-12-03,73.01,2026-07-26T14:25:16+00:00
RMT-005672,ACCT-000122,B0170,2039-12-03,768.96,2026-07-26T14:25:16+00:00
RMT-005673,ACCT-000221,B0170,2039-12-03,146.78,2026-07-26T14:25:16+00:00
RMT-005674,ACCT-000379,B0170,2039-12-03,117.11,2026-07-26T14:25:16+00:00
RMT-005675,ACCT-000606,B0170,2039-12-03,1098.59,2026-07-26T14:25:16+00:00
RMT-005676,ACCT-000588,B0170,2039-12-03,363.03,2026-07-26T14:25:16+00:00
RMT-005677,ACCT-000147,B0170,2039-12-03,214.56,2026-07-26T14:25:16+00:00
RMT-005678,ACCT-000580,B0170,2039-12-03,531.77,2026-07-26T14:25:16+00:00
RMT-005679,ACCT-000452,B0170,2039-12-03,166.55,2026-07-26T14:25:16+00:00
RMT-005680,ACCT-000457,B0170,2039-12-03,225.19,2026-07-26T14:25:16+00:00
RMT-005681,ACCT-000509,B0170,2039-12-03,677.24,2026-07-26T14:25:16+00:00
RMT-005682,ACCT-000079,B0170,2039-12-03,429.43,2026-07-26T14:25:16+00:00
RMT-005683,ACCT-000421,B0170,2039-12-03,866.08,2026-07-26T14:25:16+00:00
RMT-005684,ACCT-000405,B0170,2039-12-03,28.58,2026-07-26T14:25:16+00:00
RMT-005685,ACCT-000255,B0170,2039-12-03,980.44,2026-07-26T14:25:16+00:00
RMT-005686,ACCT-000598,B0170,2039-12-03,570.12,2026-07-26T14:25:16+00:00
RMT-005687,ACCT-000530,B0170,2039-12-03,489.7,2026-07-26T14:25:16+00:00
RMT-005688,ACCT-000470,B0170,2039-12-03,39.51,2026-07-26T14:25:16+00:00
RMT-005689,ACCT-000160,B0170,2039-12-03,846.86,2026-07-26T14:25:16+00:00
RMT-005690,ACCT-000447,B0170,2039-12-03,770.29,2026-07-26T14:25:16+00:00
RMT-005691,ACCT-000037,B0170,2039-12-03,95.15,2026-07-26T14:25:16+00:00
RMT-005692,ACCT-000343,B0170,2039-12-03,367.93,2026-07-26T14:25:16+00:00
RMT-005693,ACCT-000347,B0170,2039-12-03,205.63,2026-07-26T14:25:16+00:00
RMT-005694,ACCT-000202,B0170,2039-12-03,940.55,2026-07-26T14:25:16+00:00
RMT-005695,ACCT-000150,B0170,2039-12-03,399.7,2026-07-26T14:25:16+00:00
RMT-005696,ACCT-000395,B0170,2039-12-03,532.39,2026-07-26T14:25:16+00:00
RMT-005697,ACCT-000235,B0170,2039-12-03,536.2,2026-07-26T14:25:16+00:00
RMT-005698,ACCT-000303,B0170,2039-12-03,521.7,2026-07-26T14:25:16+00:00
RMT-005699,ACCT-000517,B0170,2039-12-03,803.12,2026-07-26T14:25:16+00:00
RMT-005700,ACCT-000623,B0170,2039-12-03,261.02,2026-07-26T14:25:16+00:00
RMT-005701,ACCT-000624,B0170,2039-12-03,612.99,2026-07-26T14:25:16+00:00
RMT-005702,ACCT-000625,B0170,2039-12-03,236.62,2026-07-26T14:25:16+00:00
RMT-005703,ACCT-000626,B0170,2039-12-03,280.75,2026-07-26T14:25:16+00:00
RMT-005704,ACCT-000268,B0171,2040-01-02,25.89,2026-07-26T15:36:59+00:00
RMT-005705,ACCT-000443,B0171,2040-01-02,871.95,2026-07-26T15:36:59+00:00
RMT-005706,ACCT-000246,B0171,2040-01-02,140.13,2026-07-26T15:36:59+00:00
RMT-005707,ACCT-000161,B0171,2040-01-02,30.15,2026-07-26T15:36:59+00:00
RMT-005708,ACCT-000414,B0171,2040-01-02,218.36,2026-07-26T15:36:59+00:00
RMT-005709,ACCT-000580,B0171,2040-01-02,951.55,2026-07-26T15:36:59+00:00
RMT-005710,ACCT-000536,B0171,2040-01-02,876.71,2026-07-26T15:36:59+00:00
RMT-005711,ACCT-000271,B0171,2040-01-02,159.25,2026-07-26T15:36:59+00:00
RMT-005712,ACCT-000195,B0171,2040-01-02,476.9,2026-07-26T15:36:59+00:00
RMT-005713,ACCT-000065,B0171,2040-01-02,471.92,2026-07-26T15:36:59+00:00
RMT-005714,ACCT-000397,B0171,2040-01-02,629.22,2026-07-26T15:36:59+00:00
RMT-005715,ACCT-000423,B0171,2040-01-02,1003.06,2026-07-26T15:36:59+00:00
RMT-005716,ACCT-000042,B0171,2040-01-02,440.31,2026-07-26T15:36:59+00:00
RMT-005717,ACCT-000343,B0171,2040-01-02,847.43,2026-07-26T15:36:59+00:00
RMT-005718,ACCT-000452,B0171,2040-01-02,637.92,2026-07-26T15:36:59+00:00
RMT-005719,ACCT-000584,B0171,2040-01-02,561.33,2026-07-26T15:36:59+00:00
RMT-005720,ACCT-000162,B0171,2040-01-02,441.62,2026-07-26T15:36:59+00:00
RMT-005721,ACCT-000326,B0171,2040-01-02,537.45,2026-07-26T15:36:59+00:00
RMT-005722,ACCT-000448,B0171,2040-01-02,402.58,2026-07-26T15:36:59+00:00
RMT-005723,ACCT-000058,B0171,2040-01-02,333.95,2026-07-26T15:36:59+00:00
RMT-005724,ACCT-000182,B0171,2040-01-02,103.72,2026-07-26T15:36:59+00:00
RMT-005725,ACCT-000553,B0171,2040-01-02,526.85,2026-07-26T15:36:59+00:00
RMT-005726,ACCT-000157,B0171,2040-01-02,596.01,2026-07-26T15:36:59+00:00
RMT-005727,ACCT-000255,B0171,2040-01-02,355.99,2026-07-26T15:36:59+00:00
RMT-005728,ACCT-000557,B0171,2040-01-02,434.35,2026-07-26T15:36:59+00:00
RMT-005729,ACCT-000085,B0171,2040-01-02,316.94,2026-07-26T15:36:59+00:00
RMT-005730,ACCT-000385,B0171,2040-01-02,446.51,2026-07-26T15:36:59+00:00
RMT-005731,ACCT-000166,B0171,2040-01-02,639.81,2026-07-26T15:36:59+00:00
RMT-005732,ACCT-000090,B0171,2040-01-02,83.81,2026-07-26T15:36:59+00:00
RMT-005733,ACCT-000551,B0171,2040-01-02,609.03,2026-07-26T15:36:59+00:00
RMT-005734,ACCT-000171,B0171,2040-01-02,655.75,2026-07-26T15:36:59+00:00
RMT-005735,ACCT-000613,B0171,2040-01-02,568.4,2026-07-26T15:36:59+00:00
RMT-005736,ACCT-000627,B0171,2040-01-02,592.03,2026-07-26T15:36:59+00:00
RMT-005737,ACCT-000628,B0171,2040-01-02,283.26,2026-07-26T15:36:59+00:00
RMT-005738,ACCT-000629,B0171,2040-01-02,150.5,2026-07-26T15:36:59+00:00
RMT-005739,ACCT-000630,B0171,2040-01-02,151.49,2026-07-26T15:36:59+00:00
RMT-005740,ACCT-000218,B0172,2040-02-01,237.41,2026-07-26T16:51:27+00:00
RMT-005741,ACCT-000377,B0172,2040-02-01,296.88,2026-07-26T16:51:27+00:00
RMT-005742,ACCT-000077,B0172,2040-02-01,1246.43,2026-07-26T16:51:27+00:00
RMT-005743,ACCT-000028,B0172,2040-02-01,633.49,2026-07-26T16:51:27+00:00
RMT-005744,ACCT-000554,B0172,2040-02-01,374.3,2026-07-26T16:51:27+00:00
RMT-005745,ACCT-000322,B0172,2040-02-01,1055.69,2026-07-26T16:51:27+00:00
RMT-005746,ACCT-000589,B0172,2040-02-01,662.63,2026-07-26T16:51:27+00:00
RMT-005747,ACCT-000319,B0172,2040-02-01,201.55,2026-07-26T16:51:27+00:00
RMT-005748,ACCT-000343,B0172,2040-02-01,425.76,2026-07-26T16:51:27+00:00
RMT-005749,ACCT-000234,B0172,2040-02-01,903.56,2026-07-26T16:51:27+00:00
RMT-005750,ACCT-000407,B0172,2040-02-01,139.97,2026-07-26T16:51:27+00:00
RMT-005751,ACCT-000543,B0172,2040-02-01,497.01,2026-07-26T16:51:27+00:00
RMT-005752,ACCT-000447,B0172,2040-02-01,1066.65,2026-07-26T16:51:27+00:00
RMT-005753,ACCT-000080,B0172,2040-02-01,850.43,2026-07-26T16:51:27+00:00
RMT-005754,ACCT-000555,B0172,2040-02-01,1081.16,2026-07-26T16:51:27+00:00
RMT-005755,ACCT-000302,B0172,2040-02-01,1017.31,2026-07-26T16:51:27+00:00
RMT-005756,ACCT-000590,B0172,2040-02-01,850.31,2026-07-26T16:51:27+00:00
RMT-005757,ACCT-000553,B0172,2040-02-01,472.85,2026-07-26T16:51:27+00:00
RMT-005758,ACCT-000618,B0172,2040-02-01,116.39,2026-07-26T16:51:27+00:00
RMT-005759,ACCT-000076,B0172,2040-02-01,124.56,2026-07-26T16:51:27+00:00
RMT-005760,ACCT-000346,B0172,2040-02-01,661.35,2026-07-26T16:51:27+00:00
RMT-005761,ACCT-000490,B0172,2040-02-01,734.65,2026-07-26T16:51:27+00:00
RMT-005762,ACCT-000609,B0172,2040-02-01,252.58,2026-07-26T16:51:27+00:00
RMT-005763,ACCT-000448,B0172,2040-02-01,667.12,2026-07-26T16:51:27+00:00
RMT-005764,ACCT-000151,B0172,2040-02-01,425.81,2026-07-26T16:51:27+00:00
RMT-005765,ACCT-000278,B0172,2040-02-01,319.67,2026-07-26T16:51:27+00:00
RMT-005766,ACCT-000069,B0172,2040-02-01,824.95,2026-07-26T16:51:27+00:00
RMT-005767,ACCT-000456,B0172,2040-02-01,599.0,2026-07-26T16:51:27+00:00
RMT-005768,ACCT-000132,B0172,2040-02-01,894.15,2026-07-26T16:51:27+00:00
RMT-005769,ACCT-000475,B0172,2040-02-01,634.87,2026-07-26T16:51:27+00:00
RMT-005770,ACCT-000631,B0172,2040-02-01,210.44,2026-07-26T16:51:27+00:00
RMT-005771,ACCT-000632,B0172,2040-02-01,470.33,2026-07-26T16:51:27+00:00
RMT-005772,ACCT-000633,B0172,2040-02-01,478.34,2026-07-26T16:51:27+00:00
RMT-005773,ACCT-000634,B0172,2040-02-01,664.18,2026-07-26T16:51:27+00:00
RMT-005774,ACCT-000316,B0173,2040-03-02,285.8,2026-07-26T17:56:11+00:00
RMT-005775,ACCT-000310,B0173,2040-03-02,285.75,2026-07-26T17:56:11+00:00
RMT-005776,ACCT-000617,B0173,2040-03-02,496.33,2026-07-26T17:56:11+00:00
RMT-005777,ACCT-000454,B0173,2040-03-02,522.82,2026-07-26T17:56:11+00:00
RMT-005778,ACCT-000025,B0173,2040-03-02,621.04,2026-07-26T17:56:11+00:00
RMT-005779,ACCT-000153,B0173,2040-03-02,250.07,2026-07-26T17:56:11+00:00
RMT-005780,ACCT-000612,B0173,2040-03-02,134.37,2026-07-26T17:56:11+00:00
RMT-005781,ACCT-000161,B0173,2040-03-02,865.3,2026-07-26T17:56:11+00:00
RMT-005782,ACCT-000160,B0173,2040-03-02,278.18,2026-07-26T17:56:11+00:00
RMT-005783,ACCT-000023,B0173,2040-03-02,28.09,2026-07-26T17:56:11+00:00
RMT-005784,ACCT-000395,B0173,2040-03-02,762.47,2026-07-26T17:56:11+00:00
RMT-005785,ACCT-000204,B0173,2040-03-02,293.65,2026-07-26T17:56:11+00:00
RMT-005786,ACCT-000287,B0173,2040-03-02,504.65,2026-07-26T17:56:11+00:00
RMT-005787,ACCT-000221,B0173,2040-03-02,831.28,2026-07-26T17:56:11+00:00
RMT-005788,ACCT-000290,B0173,2040-03-02,262.86,2026-07-26T17:56:11+00:00
RMT-005789,ACCT-000608,B0173,2040-03-02,118.22,2026-07-26T17:56:11+00:00
RMT-005790,ACCT-000338,B0173,2040-03-02,991.13,2026-07-26T17:56:11+00:00
RMT-005791,ACCT-000331,B0173,2040-03-02,244.08,2026-07-26T17:56:11+00:00
RMT-005792,ACCT-000466,B0173,2040-03-02,434.74,2026-07-26T17:56:11+00:00
RMT-005793,ACCT-000283,B0173,2040-03-02,134.54,2026-07-26T17:56:11+00:00
RMT-005794,ACCT-000537,B0173,2040-03-02,530.4,2026-07-26T17:56:11+00:00
RMT-005795,ACCT-000462,B0173,2040-03-02,99.83,2026-07-26T17:56:11+00:00
RMT-005796,ACCT-000363,B0173,2040-03-02,685.13,2026-07-26T17:56:11+00:00
RMT-005797,ACCT-000491,B0173,2040-03-02,894.62,2026-07-26T17:56:11+00:00
RMT-005798,ACCT-000410,B0173,2040-03-02,573.88,2026-07-26T17:56:11+00:00
RMT-005799,ACCT-000268,B0173,2040-03-02,706.14,2026-07-26T17:56:11+00:00
RMT-005800,ACCT-000581,B0173,2040-03-02,870.33,2026-07-26T17:56:11+00:00
RMT-005801,ACCT-000553,B0173,2040-03-02,729.88,2026-07-26T17:56:11+00:00
RMT-005802,ACCT-000635,B0173,2040-03-02,643.78,2026-07-26T17:56:11+00:00
RMT-005803,ACCT-000636,B0173,2040-03-02,265.84,2026-07-26T17:56:11+00:00
RMT-005804,ACCT-000637,B0173,2040-03-02,934.5,2026-07-26T17:56:11+00:00
RMT-005805,ACCT-000429,B0174,2040-04-01,399.89,2026-07-26T19:01:49+00:00
RMT-005806,ACCT-000077,B0174,2040-04-01,392.21,2026-07-26T19:01:49+00:00
RMT-005807,ACCT-000017,B0174,2040-04-01,921.36,2026-07-26T19:01:49+00:00
RMT-005808,ACCT-000228,B0174,2040-04-01,798.4,2026-07-26T19:01:49+00:00
RMT-005809,ACCT-000435,B0174,2040-04-01,977.49,2026-07-26T19:01:49+00:00
RMT-005810,ACCT-000565,B0174,2040-04-01,396.63,2026-07-26T19:01:49+00:00
RMT-005811,ACCT-000259,B0174,2040-04-01,746.91,2026-07-26T19:01:49+00:00
RMT-005812,ACCT-000342,B0174,2040-04-01,918.57,2026-07-26T19:01:49+00:00
RMT-005813,ACCT-000089,B0174,2040-04-01,234.64,2026-07-26T19:01:49+00:00
RMT-005814,ACCT-000397,B0174,2040-04-01,583.14,2026-07-26T19:01:49+00:00
RMT-005815,ACCT-000226,B0174,2040-04-01,117.83,2026-07-26T19:01:49+00:00
RMT-005816,ACCT-000126,B0174,2040-04-01,749.87,2026-07-26T19:01:49+00:00
RMT-005817,ACCT-000625,B0174,2040-04-01,986.56,2026-07-26T19:01:49+00:00
RMT-005818,ACCT-000616,B0174,2040-04-01,226.24,2026-07-26T19:01:49+00:00
RMT-005819,ACCT-000168,B0174,2040-04-01,398.77,2026-07-26T19:01:49+00:00
RMT-005820,ACCT-000573,B0174,2040-04-01,516.77,2026-07-26T19:01:49+00:00
RMT-005821,ACCT-000206,B0174,2040-04-01,601.18,2026-07-26T19:01:49+00:00
RMT-005822,ACCT-000325,B0174,2040-04-01,627.23,2026-07-26T19:01:49+00:00
RMT-005823,ACCT-000490,B0174,2040-04-01,520.76,2026-07-26T19:01:49+00:00
RMT-005824,ACCT-000295,B0174,2040-04-01,841.16,2026-07-26T19:01:49+00:00
RMT-005825,ACCT-000578,B0174,2040-04-01,1084.29,2026-07-26T19:01:49+00:00
RMT-005826,ACCT-000219,B0174,2040-04-01,271.14,2026-07-26T19:01:49+00:00
RMT-005827,ACCT-000341,B0174,2040-04-01,132.67,2026-07-26T19:01:49+00:00
RMT-005828,ACCT-000567,B0174,2040-04-01,672.87,2026-07-26T19:01:49+00:00
RMT-005829,ACCT-000564,B0174,2040-04-01,923.37,2026-07-26T19:01:49+00:00
RMT-005830,ACCT-000422,B0174,2040-04-01,628.37,2026-07-26T19:01:49+00:00
RMT-005831,ACCT-000224,B0174,2040-04-01,252.73,2026-07-26T19:01:49+00:00
RMT-005832,ACCT-000011,B0174,2040-04-01,91.47,2026-07-26T19:01:49+00:00
RMT-005833,ACCT-000339,B0174,2040-04-01,693.1,2026-07-26T19:01:49+00:00
RMT-005834,ACCT-000208,B0174,2040-04-01,699.58,2026-07-26T19:01:49+00:00
RMT-005835,ACCT-000638,B0174,2040-04-01,784.56,2026-07-26T19:01:49+00:00
RMT-005836,ACCT-000639,B0174,2040-04-01,559.93,2026-07-26T19:01:49+00:00
RMT-005837,ACCT-000640,B0174,2040-04-01,631.72,2026-07-26T19:01:49+00:00
RMT-005838,ACCT-000136,B0175,2040-05-01,120.62,2026-07-26T20:29:08+00:00
RMT-005839,ACCT-000003,B0175,2040-05-01,616.12,2026-07-26T20:29:08+00:00
RMT-005840,ACCT-000598,B0175,2040-05-01,561.18,2026-07-26T20:29:08+00:00
RMT-005841,ACCT-000546,B0175,2040-05-01,663.74,2026-07-26T20:29:08+00:00
RMT-005842,ACCT-000279,B0175,2040-05-01,629.04,2026-07-26T20:29:08+00:00
RMT-005843,ACCT-000622,B0175,2040-05-01,538.72,2026-07-26T20:29:08+00:00
RMT-005844,ACCT-000242,B0175,2040-05-01,755.2,2026-07-26T20:29:08+00:00
RMT-005845,ACCT-000069,B0175,2040-05-01,324.81,2026-07-26T20:29:08+00:00
RMT-005846,ACCT-000297,B0175,2040-05-01,225.29,2026-07-26T20:29:08+00:00
RMT-005847,ACCT-000282,B0175,2040-05-01,1058.16,2026-07-26T20:29:08+00:00
RMT-005848,ACCT-000153,B0175,2040-05-01,223.63,2026-07-26T20:29:08+00:00
RMT-005849,ACCT-000572,B0175,2040-05-01,529.21,2026-07-26T20:29:08+00:00
RMT-005850,ACCT-000344,B0175,2040-05-01,459.64,2026-07-26T20:29:08+00:00
RMT-005851,ACCT-000078,B0175,2040-05-01,564.17,2026-07-26T20:29:08+00:00
RMT-005852,ACCT-000354,B0175,2040-05-01,328.04,2026-07-26T20:29:08+00:00
RMT-005853,ACCT-000321,B0175,2040-05-01,414.43,2026-07-26T20:29:08+00:00
RMT-005854,ACCT-000189,B0175,2040-05-01,244.93,2026-07-26T20:29:08+00:00
RMT-005855,ACCT-000346,B0175,2040-05-01,883.02,2026-07-26T20:29:08+00:00
RMT-005856,ACCT-000071,B0175,2040-05-01,595.13,2026-07-26T20:29:08+00:00
RMT-005857,ACCT-000404,B0175,2040-05-01,536.49,2026-07-26T20:29:08+00:00
RMT-005858,ACCT-000341,B0175,2040-05-01,176.43,2026-07-26T20:29:08+00:00
RMT-005859,ACCT-000131,B0175,2040-05-01,176.22,2026-07-26T20:29:08+00:00
RMT-005860,ACCT-000212,B0175,2040-05-01,562.27,2026-07-26T20:29:08+00:00
RMT-005861,ACCT-000301,B0175,2040-05-01,408.11,2026-07-26T20:29:08+00:00
RMT-005862,ACCT-000574,B0175,2040-05-01,1042.35,2026-07-26T20:29:08+00:00
RMT-005863,ACCT-000039,B0175,2040-05-01,631.87,2026-07-26T20:29:08+00:00
RMT-005864,ACCT-000453,B0175,2040-05-01,134.55,2026-07-26T20:29:08+00:00
RMT-005865,ACCT-000322,B0175,2040-05-01,87.49,2026-07-26T20:29:08+00:00
RMT-005866,ACCT-000052,B0175,2040-05-01,387.71,2026-07-26T20:29:08+00:00
RMT-005867,ACCT-000641,B0175,2040-05-01,710.18,2026-07-26T20:29:08+00:00
RMT-005868,ACCT-000642,B0175,2040-05-01,431.59,2026-07-26T20:29:08+00:00
RMT-005869,ACCT-000643,B0175,2040-05-01,576.75,2026-07-26T20:29:08+00:00
RMT-005870,ACCT-000644,B0175,2040-05-01,275.1,2026-07-26T20:29:08+00:00
RMT-005871,ACCT-000565,B0176,2040-05-31,314.78,2026-07-26T21:26:49+00:00
RMT-005872,ACCT-000035,B0176,2040-05-31,690.85,2026-07-26T21:26:49+00:00
RMT-005873,ACCT-000149,B0176,2040-05-31,242.76,2026-07-26T21:26:49+00:00
RMT-005874,ACCT-000480,B0176,2040-05-31,548.38,2026-07-26T21:26:49+00:00
RMT-005875,ACCT-000643,B0176,2040-05-31,734.78,2026-07-26T21:26:49+00:00
RMT-005876,ACCT-000054,B0176,2040-05-31,379.46,2026-07-26T21:26:49+00:00
RMT-005877,ACCT-000154,B0176,2040-05-31,342.84,2026-07-26T21:26:49+00:00
RMT-005878,ACCT-000084,B0176,2040-05-31,425.35,2026-07-26T21:26:49+00:00
RMT-005879,ACCT-000273,B0176,2040-05-31,466.63,2026-07-26T21:26:49+00:00
RMT-005880,ACCT-000463,B0176,2040-05-31,631.22,2026-07-26T21:26:49+00:00
RMT-005881,ACCT-000407,B0176,2040-05-31,1131.87,2026-07-26T21:26:49+00:00
RMT-005882,ACCT-000589,B0176,2040-05-31,713.49,2026-07-26T21:26:49+00:00
RMT-005883,ACCT-000491,B0176,2040-05-31,271.19,2026-07-26T21:26:49+00:00
RMT-005884,ACCT-000520,B0176,2040-05-31,360.75,2026-07-26T21:26:49+00:00
RMT-005885,ACCT-000148,B0176,2040-05-31,193.32,2026-07-26T21:26:49+00:00
RMT-005886,ACCT-000618,B0176,2040-05-31,278.89,2026-07-26T21:26:49+00:00
RMT-005887,ACCT-000366,B0176,2040-05-31,469.23,2026-07-26T21:26:49+00:00
RMT-005888,ACCT-000139,B0176,2040-05-31,164.9,2026-07-26T21:26:49+00:00
RMT-005889,ACCT-000083,B0176,2040-05-31,485.54,2026-07-26T21:26:49+00:00
RMT-005890,ACCT-000243,B0176,2040-05-31,859.76,2026-07-26T21:26:49+00:00
RMT-005891,ACCT-000531,B0176,2040-05-31,329.1,2026-07-26T21:26:49+00:00
RMT-005892,ACCT-000147,B0176,2040-05-31,478.05,2026-07-26T21:26:49+00:00
RMT-005893,ACCT-000620,B0176,2040-05-31,581.11,2026-07-26T21:26:49+00:00
RMT-005894,ACCT-000261,B0176,2040-05-31,367.45,2026-07-26T21:26:49+00:00
RMT-005895,ACCT-000087,B0176,2040-05-31,760.99,2026-07-26T21:26:49+00:00
RMT-005896,ACCT-000360,B0176,2040-05-31,535.75,2026-07-26T21:26:49+00:00
RMT-005897,ACCT-000016,B0176,2040-05-31,326.06,2026-07-26T21:26:49+00:00
RMT-005898,ACCT-000313,B0176,2040-05-31,350.84,2026-07-26T21:26:49+00:00
RMT-005899,ACCT-000180,B0176,2040-05-31,443.71,2026-07-26T21:26:49+00:00
RMT-005900,ACCT-000563,B0176,2040-05-31,254.05,2026-07-26T21:26:49+00:00
RMT-005901,ACCT-000178,B0176,2040-05-31,139.93,2026-07-26T21:26:49+00:00
RMT-005902,ACCT-000645,B0176,2040-05-31,947.69,2026-07-26T21:26:49+00:00
RMT-005903,ACCT-000646,B0176,2040-05-31,1025.45,2026-07-26T21:26:49+00:00
RMT-005904,ACCT-000647,B0176,2040-05-31,174.29,2026-07-26T21:26:49+00:00
RMT-005905,ACCT-000648,B0176,2040-05-31,318.51,2026-07-26T21:26:49+00:00
RMT-005906,ACCT-000014,B0177,2040-06-30,353.34,2026-07-26T22:28:44+00:00
RMT-005907,ACCT-000618,B0177,2040-06-30,545.9,2026-07-26T22:28:44+00:00
RMT-005908,ACCT-000497,B0177,2040-06-30,130.53,2026-07-26T22:28:44+00:00
RMT-005909,ACCT-000605,B0177,2040-06-30,190.57,2026-07-26T22:28:44+00:00
RMT-005910,ACCT-000243,B0177,2040-06-30,316.11,2026-07-26T22:28:44+00:00
RMT-005911,ACCT-000598,B0177,2040-06-30,433.74,2026-07-26T22:28:44+00:00
RMT-005912,ACCT-000075,B0177,2040-06-30,312.86,2026-07-26T22:28:44+00:00
RMT-005913,ACCT-000444,B0177,2040-06-30,653.36,2026-07-26T22:28:44+00:00
RMT-005914,ACCT-000113,B0177,2040-06-30,185.61,2026-07-26T22:28:44+00:00
RMT-005915,ACCT-000421,B0177,2040-06-30,237.47,2026-07-26T22:28:44+00:00
RMT-005916,ACCT-000538,B0177,2040-06-30,385.3,2026-07-26T22:28:44+00:00
RMT-005917,ACCT-000506,B0177,2040-06-30,542.13,2026-07-26T22:28:44+00:00
RMT-005918,ACCT-000115,B0177,2040-06-30,308.79,2026-07-26T22:28:44+00:00
RMT-005919,ACCT-000409,B0177,2040-06-30,1171.74,2026-07-26T22:28:44+00:00
RMT-005920,ACCT-000446,B0177,2040-06-30,269.47,2026-07-26T22:28:44+00:00
RMT-005921,ACCT-000219,B0177,2040-06-30,253.17,2026-07-26T22:28:44+00:00
RMT-005922,ACCT-000367,B0177,2040-06-30,860.37,2026-07-26T22:28:44+00:00
RMT-005923,ACCT-000494,B0177,2040-06-30,1213.45,2026-07-26T22:28:44+00:00
RMT-005924,ACCT-000422,B0177,2040-06-30,1020.61,2026-07-26T22:28:44+00:00
RMT-005925,ACCT-000186,B0177,2040-06-30,143.86,2026-07-26T22:28:44+00:00
RMT-005926,ACCT-000509,B0177,2040-06-30,764.86,2026-07-26T22:28:44+00:00
RMT-005927,ACCT-000532,B0177,2040-06-30,424.29,2026-07-26T22:28:44+00:00
RMT-005928,ACCT-000230,B0177,2040-06-30,1105.85,2026-07-26T22:28:44+00:00
RMT-005929,ACCT-000441,B0177,2040-06-30,330.91,2026-07-26T22:28:44+00:00
RMT-005930,ACCT-000510,B0177,2040-06-30,744.61,2026-07-26T22:28:44+00:00
RMT-005931,ACCT-000382,B0177,2040-06-30,665.13,2026-07-26T22:28:44+00:00
RMT-005932,ACCT-000077,B0177,2040-06-30,92.01,2026-07-26T22:28:44+00:00
RMT-005933,ACCT-000355,B0177,2040-06-30,916.0,2026-07-26T22:28:44+00:00
RMT-005934,ACCT-000089,B0177,2040-06-30,69.4,2026-07-26T22:28:44+00:00
RMT-005935,ACCT-000577,B0177,2040-06-30,82.09,2026-07-26T22:28:44+00:00
RMT-005936,ACCT-000408,B0177,2040-06-30,1119.19,2026-07-26T22:28:44+00:00
RMT-005937,ACCT-000354,B0177,2040-06-30,527.35,2026-07-26T22:28:44+00:00
RMT-005938,ACCT-000571,B0177,2040-06-30,435.8,2026-07-26T22:28:44+00:00
RMT-005939,ACCT-000513,B0177,2040-06-30,403.53,2026-07-26T22:28:44+00:00
RMT-005940,ACCT-000649,B0177,2040-06-30,558.03,2026-07-26T22:28:44+00:00
RMT-005941,ACCT-000650,B0177,2040-06-30,257.03,2026-07-26T22:28:44+00:00
RMT-005942,ACCT-000427,B0178,2040-07-30,525.77,2026-07-26T23:29:39+00:00
RMT-005943,ACCT-000294,B0178,2040-07-30,907.87,2026-07-26T23:29:39+00:00
RMT-005944,ACCT-000216,B0178,2040-07-30,1097.48,2026-07-26T23:29:39+00:00
RMT-005945,ACCT-000525,B0178,2040-07-30,678.31,2026-07-26T23:29:39+00:00
RMT-005946,ACCT-000597,B0178,2040-07-30,87.09,2026-07-26T23:29:39+00:00
RMT-005947,ACCT-000500,B0178,2040-07-30,767.54,2026-07-26T23:29:39+00:00
RMT-005948,ACCT-000297,B0178,2040-07-30,511.06,2026-07-26T23:29:39+00:00
RMT-005949,ACCT-000259,B0178,2040-07-30,638.22,2026-07-26T23:29:39+00:00
RMT-005950,ACCT-000502,B0178,2040-07-30,983.95,2026-07-26T23:29:39+00:00
RMT-005951,ACCT-000197,B0178,2040-07-30,636.94,2026-07-26T23:29:39+00:00
RMT-005952,ACCT-000567,B0178,2040-07-30,865.16,2026-07-26T23:29:39+00:00
RMT-005953,ACCT-000361,B0178,2040-07-30,544.79,2026-07-26T23:29:39+00:00
RMT-005954,ACCT-000092,B0178,2040-07-30,20.25,2026-07-26T23:29:39+00:00
RMT-005955,ACCT-000517,B0178,2040-07-30,789.59,2026-07-26T23:29:39+00:00
RMT-005956,ACCT-000538,B0178,2040-07-30,1072.26,2026-07-26T23:29:39+00:00
RMT-005957,ACCT-000009,B0178,2040-07-30,308.41,2026-07-26T23:29:39+00:00
RMT-005958,ACCT-000533,B0178,2040-07-30,460.81,2026-07-26T23:29:39+00:00
RMT-005959,ACCT-000488,B0178,2040-07-30,10.85,2026-07-26T23:29:39+00:00
RMT-005960,ACCT-000061,B0178,2040-07-30,332.46,2026-07-26T23:29:39+00:00
RMT-005961,ACCT-000648,B0178,2040-07-30,25.1,2026-07-26T23:29:39+00:00
RMT-005962,ACCT-000249,B0178,2040-07-30,76.35,2026-07-26T23:29:39+00:00
RMT-005963,ACCT-000255,B0178,2040-07-30,303.79,2026-07-26T23:29:39+00:00
RMT-005964,ACCT-000101,B0178,2040-07-30,783.93,2026-07-26T23:29:39+00:00
RMT-005965,ACCT-000053,B0178,2040-07-30,886.98,2026-07-26T23:29:39+00:00
RMT-005966,ACCT-000545,B0178,2040-07-30,872.17,2026-07-26T23:29:39+00:00
RMT-005967,ACCT-000146,B0178,2040-07-30,81.91,2026-07-26T23:29:39+00:00
RMT-005968,ACCT-000321,B0178,2040-07-30,177.23,2026-07-26T23:29:39+00:00
RMT-005969,ACCT-000281,B0178,2040-07-30,435.31,2026-07-26T23:29:39+00:00
RMT-005970,ACCT-000592,B0178,2040-07-30,712.92,2026-07-26T23:29:39+00:00
RMT-005971,ACCT-000078,B0178,2040-07-30,756.68,2026-07-26T23:29:39+00:00
RMT-005972,ACCT-000651,B0178,2040-07-30,1022.45,2026-07-26T23:29:39+00:00
RMT-005973,ACCT-000652,B0178,2040-07-30,761.93,2026-07-26T23:29:39+00:00
RMT-005974,ACCT-000653,B0178,2040-07-30,480.33,2026-07-26T23:29:39+00:00
RMT-005975,ACCT-000348,B0179,2040-08-29,349.3,2026-07-27T01:09:35+00:00
RMT-005976,ACCT-000103,B0179,2040-08-29,540.34,2026-07-27T01:09:35+00:00
RMT-005977,ACCT-000047,B0179,2040-08-29,1167.93,2026-07-27T01:09:35+00:00
RMT-005978,ACCT-000510,B0179,2040-08-29,977.63,2026-07-27T01:09:35+00:00
RMT-005979,ACCT-000354,B0179,2040-08-29,109.84,2026-07-27T01:09:35+00:00
RMT-005980,ACCT-000429,B0179,2040-08-29,249.71,2026-07-27T01:09:35+00:00
RMT-005981,ACCT-000115,B0179,2040-08-29,792.99,2026-07-27T01:09:35+00:00
RMT-005982,ACCT-000597,B0179,2040-08-29,1007.56,2026-07-27T01:09:35+00:00
RMT-005983,ACCT-000601,B0179,2040-08-29,419.18,2026-07-27T01:09:35+00:00
RMT-005984,ACCT-000125,B0179,2040-08-29,387.28,2026-07-27T01:09:35+00:00
RMT-005985,ACCT-000126,B0179,2040-08-29,209.3,2026-07-27T01:09:35+00:00
RMT-005986,ACCT-000542,B0179,2040-08-29,309.29,2026-07-27T01:09:35+00:00
RMT-005987,ACCT-000089,B0179,2040-08-29,343.28,2026-07-27T01:09:35+00:00
RMT-005988,ACCT-000467,B0179,2040-08-29,500.95,2026-07-27T01:09:35+00:00
RMT-005989,ACCT-000220,B0179,2040-08-29,187.18,2026-07-27T01:09:35+00:00
RMT-005990,ACCT-000614,B0179,2040-08-29,347.16,2026-07-27T01:09:35+00:00
RMT-005991,ACCT-000014,B0179,2040-08-29,275.19,2026-07-27T01:09:35+00:00
RMT-005992,ACCT-000216,B0179,2040-08-29,286.51,2026-07-27T01:09:35+00:00
RMT-005993,ACCT-000022,B0179,2040-08-29,245.59,2026-07-27T01:09:35+00:00
RMT-005994,ACCT-000083,B0179,2040-08-29,170.16,2026-07-27T01:09:35+00:00
RMT-005995,ACCT-000356,B0179,2040-08-29,44.41,2026-07-27T01:09:35+00:00
RMT-005996,ACCT-000525,B0179,2040-08-29,926.84,2026-07-27T01:09:35+00:00
RMT-005997,ACCT-000296,B0179,2040-08-29,1095.0,2026-07-27T01:09:35+00:00
RMT-005998,ACCT-000610,B0179,2040-08-29,423.9,2026-07-27T01:09:35+00:00
RMT-005999,ACCT-000389,B0179,2040-08-29,853.03,2026-07-27T01:09:35+00:00
RMT-006000,ACCT-000466,B0179,2040-08-29,127.82,2026-07-27T01:09:35+00:00
RMT-006001,ACCT-000051,B0179,2040-08-29,1137.53,2026-07-27T01:09:35+00:00
RMT-006002,ACCT-000076,B0179,2040-08-29,223.63,2026-07-27T01:09:35+00:00
RMT-006003,ACCT-000021,B0179,2040-08-29,637.84,2026-07-27T01:09:35+00:00
RMT-006004,ACCT-000519,B0179,2040-08-29,318.64,2026-07-27T01:09:35+00:00
RMT-006005,ACCT-000639,B0179,2040-08-29,195.58,2026-07-27T01:09:35+00:00
RMT-006006,ACCT-000123,B0179,2040-08-29,383.11,2026-07-27T01:09:35+00:00
RMT-006007,ACCT-000654,B0179,2040-08-29,772.21,2026-07-27T01:09:35+00:00
RMT-006008,ACCT-000655,B0179,2040-08-29,137.48,2026-07-27T01:09:35+00:00
RMT-006009,ACCT-000656,B0179,2040-08-29,755.0,2026-07-27T01:09:35+00:00
RMT-006010,ACCT-000657,B0179,2040-08-29,550.67,2026-07-27T01:09:35+00:00
RMT-006011,ACCT-000632,B0180,2040-09-28,633.03,2026-07-27T05:04:49+00:00
RMT-006012,ACCT-000543,B0180,2040-09-28,396.48,2026-07-27T05:04:49+00:00
RMT-006013,ACCT-000392,B0180,2040-09-28,329.16,2026-07-27T05:04:49+00:00
RMT-006014,ACCT-000068,B0180,2040-09-28,1211.1,2026-07-27T05:04:49+00:00
RMT-006015,ACCT-000621,B0180,2040-09-28,711.82,2026-07-27T05:04:49+00:00
RMT-006016,ACCT-000509,B0180,2040-09-28,370.98,2026-07-27T05:04:49+00:00
RMT-006017,ACCT-000404,B0180,2040-09-28,486.39,2026-07-27T05:04:49+00:00
RMT-006018,ACCT-000616,B0180,2040-09-28,644.25,2026-07-27T05:04:49+00:00
RMT-006019,ACCT-000035,B0180,2040-09-28,134.36,2026-07-27T05:04:49+00:00
RMT-006020,ACCT-000165,B0180,2040-09-28,450.66,2026-07-27T05:04:49+00:00
RMT-006021,ACCT-000147,B0180,2040-09-28,602.51,2026-07-27T05:04:49+00:00
RMT-006022,ACCT-000456,B0180,2040-09-28,358.27,2026-07-27T05:04:49+00:00
RMT-006023,ACCT-000140,B0180,2040-09-28,801.09,2026-07-27T05:04:49+00:00
RMT-006024,ACCT-000010,B0180,2040-09-28,714.86,2026-07-27T05:04:49+00:00
RMT-006025,ACCT-000426,B0180,2040-09-28,311.75,2026-07-27T05:04:49+00:00
RMT-006026,ACCT-000620,B0180,2040-09-28,299.64,2026-07-27T05:04:49+00:00
RMT-006027,ACCT-000022,B0180,2040-09-28,304.93,2026-07-27T05:04:49+00:00
RMT-006028,ACCT-000562,B0180,2040-09-28,364.14,2026-07-27T05:04:49+00:00
RMT-006029,ACCT-000577,B0180,2040-09-28,650.88,2026-07-27T05:04:49+00:00
RMT-006030,ACCT-000415,B0180,2040-09-28,683.65,2026-07-27T05:04:49+00:00
RMT-006031,ACCT-000100,B0180,2040-09-28,844.81,2026-07-27T05:04:49+00:00
RMT-006032,ACCT-000603,B0180,2040-09-28,191.6,2026-07-27T05:04:49+00:00
RMT-006033,ACCT-000653,B0180,2040-09-28,138.31,2026-07-27T05:04:49+00:00
RMT-006034,ACCT-000459,B0180,2040-09-28,722.58,2026-07-27T05:04:49+00:00
RMT-006035,ACCT-000357,B0180,2040-09-28,1018.46,2026-07-27T05:04:49+00:00
RMT-006036,ACCT-000592,B0180,2040-09-28,727.9,2026-07-27T05:04:49+00:00
RMT-006037,ACCT-000446,B0180,2040-09-28,591.1,2026-07-27T05:04:49+00:00
RMT-006038,ACCT-000328,B0180,2040-09-28,663.99,2026-07-27T05:04:49+00:00
RMT-006039,ACCT-000023,B0180,2040-09-28,753.96,2026-07-27T05:04:49+00:00
RMT-006040,ACCT-000658,B0180,2040-09-28,578.62,2026-07-27T05:04:49+00:00
RMT-006041,ACCT-000659,B0180,2040-09-28,629.94,2026-07-27T05:04:49+00:00
RMT-006042,ACCT-000660,B0180,2040-09-28,633.62,2026-07-27T05:04:49+00:00
RMT-006043,ACCT-000470,B0181,2040-10-28,985.62,2026-07-27T08:53:05+00:00
RMT-006044,ACCT-000479,B0181,2040-10-28,930.85,2026-07-27T08:53:05+00:00
RMT-006045,ACCT-000363,B0181,2040-10-28,582.84,2026-07-27T08:53:05+00:00
RMT-006046,ACCT-000328,B0181,2040-10-28,421.68,2026-07-27T08:53:05+00:00
RMT-006047,ACCT-000591,B0181,2040-10-28,625.8,2026-07-27T08:53:05+00:00
RMT-006048,ACCT-000463,B0181,2040-10-28,1003.01,2026-07-27T08:53:05+00:00
RMT-006049,ACCT-000352,B0181,2040-10-28,518.86,2026-07-27T08:53:05+00:00
RMT-006050,ACCT-000659,B0181,2040-10-28,361.98,2026-07-27T08:53:05+00:00
RMT-006051,ACCT-000085,B0181,2040-10-28,605.61,2026-07-27T08:53:05+00:00
RMT-006052,ACCT-000158,B0181,2040-10-28,71.52,2026-07-27T08:53:05+00:00
RMT-006053,ACCT-000429,B0181,2040-10-28,74.29,2026-07-27T08:53:05+00:00
RMT-006054,ACCT-000142,B0181,2040-10-28,304.78,2026-07-27T08:53:05+00:00
RMT-006055,ACCT-000428,B0181,2040-10-28,419.29,2026-07-27T08:53:05+00:00
RMT-006056,ACCT-000062,B0181,2040-10-28,78.13,2026-07-27T08:53:05+00:00
RMT-006057,ACCT-000023,B0181,2040-10-28,718.91,2026-07-27T08:53:05+00:00
RMT-006058,ACCT-000017,B0181,2040-10-28,378.78,2026-07-27T08:53:05+00:00
RMT-006059,ACCT-000053,B0181,2040-10-28,375.01,2026-07-27T08:53:05+00:00
RMT-006060,ACCT-000281,B0181,2040-10-28,742.76,2026-07-27T08:53:05+00:00
RMT-006061,ACCT-000050,B0181,2040-10-28,341.78,2026-07-27T08:53:05+00:00
RMT-006062,ACCT-000521,B0181,2040-10-28,345.88,2026-07-27T08:53:05+00:00
RMT-006063,ACCT-000397,B0181,2040-10-28,301.87,2026-07-27T08:53:05+00:00
RMT-006064,ACCT-000343,B0181,2040-10-28,556.97,2026-07-27T08:53:05+00:00
RMT-006065,ACCT-000474,B0181,2040-10-28,672.88,2026-07-27T08:53:05+00:00
RMT-006066,ACCT-000411,B0181,2040-10-28,409.63,2026-07-27T08:53:05+00:00
RMT-006067,ACCT-000574,B0181,2040-10-28,559.43,2026-07-27T08:53:05+00:00
RMT-006068,ACCT-000353,B0181,2040-10-28,351.94,2026-07-27T08:53:05+00:00
RMT-006069,ACCT-000554,B0181,2040-10-28,117.21,2026-07-27T08:53:05+00:00
RMT-006070,ACCT-000382,B0181,2040-10-28,745.66,2026-07-27T08:53:05+00:00
RMT-006071,ACCT-000458,B0181,2040-10-28,1024.39,2026-07-27T08:53:05+00:00
RMT-006072,ACCT-000623,B0181,2040-10-28,201.73,2026-07-27T08:53:05+00:00
RMT-006073,ACCT-000661,B0181,2040-10-28,947.57,2026-07-27T08:53:05+00:00
RMT-006074,ACCT-000662,B0181,2040-10-28,818.29,2026-07-27T08:53:05+00:00
RMT-006075,ACCT-000663,B0181,2040-10-28,731.32,2026-07-27T08:53:05+00:00
RMT-006076,ACCT-000144,B0182,2040-11-27,506.08,2026-07-27T12:13:42+00:00
RMT-006077,ACCT-000036,B0182,2040-11-27,1065.16,2026-07-27T12:13:42+00:00
RMT-006078,ACCT-000472,B0182,2040-11-27,538.63,2026-07-27T12:13:42+00:00
RMT-006079,ACCT-000010,B0182,2040-11-27,38.99,2026-07-27T12:13:42+00:00
RMT-006080,ACCT-000433,B0182,2040-11-27,370.74,2026-07-27T12:13:42+00:00
RMT-006081,ACCT-000127,B0182,2040-11-27,894.61,2026-07-27T12:13:42+00:00
RMT-006082,ACCT-000559,B0182,2040-11-27,547.95,2026-07-27T12:13:42+00:00
RMT-006083,ACCT-000591,B0182,2040-11-27,389.57,2026-07-27T12:13:42+00:00
RMT-006084,ACCT-000470,B0182,2040-11-27,554.43,2026-07-27T12:13:42+00:00
RMT-006085,ACCT-000463,B0182,2040-11-27,489.03,2026-07-27T12:13:42+00:00
RMT-006086,ACCT-000305,B0182,2040-11-27,550.04,2026-07-27T12:13:42+00:00
RMT-006087,ACCT-000316,B0182,2040-11-27,506.83,2026-07-27T12:13:42+00:00
RMT-006088,ACCT-000011,B0182,2040-11-27,1004.27,2026-07-27T12:13:42+00:00
RMT-006089,ACCT-000070,B0182,2040-11-27,700.7,2026-07-27T12:13:42+00:00
RMT-006090,ACCT-000415,B0182,2040-11-27,658.67,2026-07-27T12:13:42+00:00
RMT-006091,ACCT-000271,B0182,2040-11-27,143.11,2026-07-27T12:13:42+00:00
RMT-006092,ACCT-000398,B0182,2040-11-27,729.44,2026-07-27T12:13:42+00:00
RMT-006093,ACCT-000258,B0182,2040-11-27,400.55,2026-07-27T12:13:42+00:00
RMT-006094,ACCT-000327,B0182,2040-11-27,535.89,2026-07-27T12:13:42+00:00
RMT-006095,ACCT-000227,B0182,2040-11-27,845.7,2026-07-27T12:13:42+00:00
RMT-006096,ACCT-000233,B0182,2040-11-27,572.11,2026-07-27T12:13:42+00:00
RMT-006097,ACCT-000212,B0182,2040-11-27,224.88,2026-07-27T12:13:42+00:00
RMT-006098,ACCT-000028,B0182,2040-11-27,543.49,2026-07-27T12:13:42+00:00
RMT-006099,ACCT-000424,B0182,2040-11-27,591.0,2026-07-27T12:13:42+00:00
RMT-006100,ACCT-000349,B0182,2040-11-27,353.46,2026-07-27T12:13:42+00:00
RMT-006101,ACCT-000587,B0182,2040-11-27,598.39,2026-07-27T12:13:42+00:00
RMT-006102,ACCT-000105,B0182,2040-11-27,463.98,2026-07-27T12:13:42+00:00
RMT-006103,ACCT-000145,B0182,2040-11-27,527.34,2026-07-27T12:13:42+00:00
RMT-006104,ACCT-000664,B0182,2040-11-27,107.05,2026-07-27T12:13:42+00:00
RMT-006105,ACCT-000665,B0182,2040-11-27,862.03,2026-07-27T12:13:42+00:00
RMT-006106,ACCT-000666,B0182,2040-11-27,615.76,2026-07-27T12:13:42+00:00
RMT-006107,ACCT-000589,B0183,2040-12-27,686.16,2026-07-27T15:21:36+00:00
RMT-006108,ACCT-000540,B0183,2040-12-27,165.0,2026-07-27T15:21:36+00:00
RMT-006109,ACCT-000439,B0183,2040-12-27,1055.38,2026-07-27T15:21:36+00:00
RMT-006110,ACCT-000389,B0183,2040-12-27,200.05,2026-07-27T15:21:36+00:00
RMT-006111,ACCT-000580,B0183,2040-12-27,-7.18,2026-07-27T15:21:36+00:00
RMT-006112,ACCT-000240,B0183,2040-12-27,362.99,2026-07-27T15:21:36+00:00
RMT-006113,ACCT-000545,B0183,2040-12-27,138.04,2026-07-27T15:21:36+00:00
RMT-006114,ACCT-000508,B0183,2040-12-27,1074.7,2026-07-27T15:21:36+00:00
RMT-006115,ACCT-000270,B0183,2040-12-27,55.19,2026-07-27T15:21:36+00:00
RMT-006116,ACCT-000131,B0183,2040-12-27,641.5,2026-07-27T15:21:36+00:00
RMT-006117,ACCT-000144,B0183,2040-12-27,466.79,2026-07-27T15:21:36+00:00
RMT-006118,ACCT-000460,B0183,2040-12-27,635.62,2026-07-27T15:21:36+00:00
RMT-006119,ACCT-000029,B0183,2040-12-27,856.56,2026-07-27T15:21:36+00:00
RMT-006120,ACCT-000041,B0183,2040-12-27,279.3,2026-07-27T15:21:36+00:00
RMT-006121,ACCT-000522,B0183,2040-12-27,1172.81,2026-07-27T15:21:36+00:00
RMT-006122,ACCT-000111,B0183,2040-12-27,975.92,2026-07-27T15:21:36+00:00
RMT-006123,ACCT-000572,B0183,2040-12-27,857.32,2026-07-27T15:21:36+00:00
RMT-006124,ACCT-000331,B0183,2040-12-27,483.96,2026-07-27T15:21:36+00:00
RMT-006125,ACCT-000051,B0183,2040-12-27,242.78,2026-07-27T15:21:36+00:00
RMT-006126,ACCT-000107,B0183,2040-12-27,1037.14,2026-07-27T15:21:36+00:00
RMT-006127,ACCT-000149,B0183,2040-12-27,578.95,2026-07-27T15:21:36+00:00
RMT-006128,ACCT-000467,B0183,2040-12-27,348.32,2026-07-27T15:21:36+00:00
RMT-006129,ACCT-000008,B0183,2040-12-27,438.79,2026-07-27T15:21:36+00:00
RMT-006130,ACCT-000276,B0183,2040-12-27,595.56,2026-07-27T15:21:36+00:00
RMT-006131,ACCT-000649,B0183,2040-12-27,842.08,2026-07-27T15:21:36+00:00
RMT-006132,ACCT-000047,B0183,2040-12-27,1090.76,2026-07-27T15:21:36+00:00
RMT-006133,ACCT-000499,B0183,2040-12-27,202.32,2026-07-27T15:21:36+00:00
RMT-006134,ACCT-000596,B0183,2040-12-27,810.76,2026-07-27T15:21:36+00:00
RMT-006135,ACCT-000667,B0183,2040-12-27,553.27,2026-07-27T15:21:36+00:00
RMT-006136,ACCT-000668,B0183,2040-12-27,368.8,2026-07-27T15:21:36+00:00
RMT-006137,ACCT-000638,B0184,2041-01-26,1171.97,2026-07-27T17:16:16+00:00
RMT-006138,ACCT-000442,B0184,2041-01-26,265.45,2026-07-27T17:16:16+00:00
RMT-006139,ACCT-000489,B0184,2041-01-26,905.85,2026-07-27T17:16:16+00:00
RMT-006140,ACCT-000200,B0184,2041-01-26,999.15,2026-07-27T17:16:16+00:00
RMT-006141,ACCT-000371,B0184,2041-01-26,595.95,2026-07-27T17:16:16+00:00
RMT-006142,ACCT-000015,B0184,2041-01-26,272.57,2026-07-27T17:16:16+00:00
RMT-006143,ACCT-000388,B0184,2041-01-26,548.82,2026-07-27T17:16:16+00:00
RMT-006144,ACCT-000383,B0184,2041-01-26,712.45,2026-07-27T17:16:16+00:00
RMT-006145,ACCT-000666,B0184,2041-01-26,302.43,2026-07-27T17:16:16+00:00
RMT-006146,ACCT-000215,B0184,2041-01-26,729.42,2026-07-27T17:16:16+00:00
RMT-006147,ACCT-000624,B0184,2041-01-26,315.7,2026-07-27T17:16:16+00:00
RMT-006148,ACCT-000276,B0184,2041-01-26,309.36,2026-07-27T17:16:16+00:00
RMT-006149,ACCT-000274,B0184,2041-01-26,247.4,2026-07-27T17:16:16+00:00
RMT-006150,ACCT-000235,B0184,2041-01-26,931.08,2026-07-27T17:16:16+00:00
RMT-006151,ACCT-000447,B0184,2041-01-26,268.06,2026-07-27T17:16:16+00:00
RMT-006152,ACCT-000337,B0184,2041-01-26,598.39,2026-07-27T17:16:16+00:00
RMT-006153,ACCT-000062,B0184,2041-01-26,916.18,2026-07-27T17:16:16+00:00
RMT-006154,ACCT-000026,B0184,2041-01-26,673.32,2026-07-27T17:16:16+00:00
RMT-006155,ACCT-000560,B0184,2041-01-26,462.17,2026-07-27T17:16:16+00:00
RMT-006156,ACCT-000529,B0184,2041-01-26,108.87,2026-07-27T17:16:16+00:00
RMT-006157,ACCT-000410,B0184,2041-01-26,44.42,2026-07-27T17:16:16+00:00
RMT-006158,ACCT-000461,B0184,2041-01-26,910.76,2026-07-27T17:16:16+00:00
RMT-006159,ACCT-000289,B0184,2041-01-26,580.45,2026-07-27T17:16:16+00:00
RMT-006160,ACCT-000668,B0184,2041-01-26,691.43,2026-07-27T17:16:16+00:00
RMT-006161,ACCT-000291,B0184,2041-01-26,248.7,2026-07-27T17:16:16+00:00
RMT-006162,ACCT-000409,B0184,2041-01-26,733.0,2026-07-27T17:16:16+00:00
RMT-006163,ACCT-000272,B0184,2041-01-26,1086.06,2026-07-27T17:16:16+00:00
RMT-006164,ACCT-000054,B0184,2041-01-26,226.03,2026-07-27T17:16:16+00:00
RMT-006165,ACCT-000003,B0184,2041-01-26,392.29,2026-07-27T17:16:16+00:00
RMT-006166,ACCT-000347,B0184,2041-01-26,700.77,2026-07-27T17:16:16+00:00
RMT-006167,ACCT-000095,B0184,2041-01-26,125.96,2026-07-27T17:16:16+00:00
RMT-006168,ACCT-000626,B0184,2041-01-26,179.39,2026-07-27T17:16:16+00:00
RMT-006169,ACCT-000399,B0184,2041-01-26,594.29,2026-07-27T17:16:16+00:00
RMT-006170,ACCT-000669,B0184,2041-01-26,859.25,2026-07-27T17:16:16+00:00
RMT-006171,ACCT-000670,B0184,2041-01-26,91.42,2026-07-27T17:16:16+00:00
RMT-006172,ACCT-000521,B0185,2041-02-25,469.6,2026-07-27T18:55:01+00:00
RMT-006173,ACCT-000633,B0185,2041-02-25,332.73,2026-07-27T18:55:01+00:00
RMT-006174,ACCT-000379,B0185,2041-02-25,691.03,2026-07-27T18:55:01+00:00
RMT-006175,ACCT-000414,B0185,2041-02-25,553.36,2026-07-27T18:55:01+00:00
RMT-006176,ACCT-000528,B0185,2041-02-25,633.28,2026-07-27T18:55:01+00:00
RMT-006177,ACCT-000207,B0185,2041-02-25,988.39,2026-07-27T18:55:01+00:00
RMT-006178,ACCT-000223,B0185,2041-02-25,545.65,2026-07-27T18:55:01+00:00
RMT-006179,ACCT-000470,B0185,2041-02-25,904.36,2026-07-27T18:55:01+00:00
RMT-006180,ACCT-000085,B0185,2041-02-25,854.02,2026-07-27T18:55:01+00:00
RMT-006181,ACCT-000169,B0185,2041-02-25,1099.91,2026-07-27T18:55:01+00:00
RMT-006182,ACCT-000338,B0185,2041-02-25,520.76,2026-07-27T18:55:01+00:00
RMT-006183,ACCT-000200,B0185,2041-02-25,827.01,2026-07-27T18:55:01+00:00
RMT-006184,ACCT-000361,B0185,2041-02-25,369.27,2026-07-27T18:55:01+00:00
RMT-006185,ACCT-000066,B0185,2041-02-25,576.84,2026-07-27T18:55:01+00:00
RMT-006186,ACCT-000091,B0185,2041-02-25,417.02,2026-07-27T18:55:01+00:00
RMT-006187,ACCT-000300,B0185,2041-02-25,428.06,2026-07-27T18:55:01+00:00
RMT-006188,ACCT-000657,B0185,2041-02-25,1063.59,2026-07-27T18:55:01+00:00
RMT-006189,ACCT-000217,B0185,2041-02-25,989.28,2026-07-27T18:55:01+00:00
RMT-006190,ACCT-000331,B0185,2041-02-25,371.27,2026-07-27T18:55:01+00:00
RMT-006191,ACCT-000183,B0185,2041-02-25,817.27,2026-07-27T18:55:01+00:00
RMT-006192,ACCT-000635,B0185,2041-02-25,40.84,2026-07-27T18:55:01+00:00
RMT-006193,ACCT-000419,B0185,2041-02-25,730.36,2026-07-27T18:55:01+00:00
RMT-006194,ACCT-000347,B0185,2041-02-25,237.77,2026-07-27T18:55:01+00:00
RMT-006195,ACCT-000377,B0185,2041-02-25,258.92,2026-07-27T18:55:01+00:00
RMT-006196,ACCT-000374,B0185,2041-02-25,190.65,2026-07-27T18:55:01+00:00
RMT-006197,ACCT-000013,B0185,2041-02-25,958.81,2026-07-27T18:55:01+00:00
RMT-006198,ACCT-000307,B0185,2041-02-25,821.6,2026-07-27T18:55:01+00:00
RMT-006199,ACCT-000073,B0185,2041-02-25,966.11,2026-07-27T18:55:01+00:00
RMT-006200,ACCT-000074,B0185,2041-02-25,503.78,2026-07-27T18:55:01+00:00
RMT-006201,ACCT-000671,B0185,2041-02-25,585.0,2026-07-27T18:55:01+00:00
RMT-006202,ACCT-000672,B0185,2041-02-25,855.64,2026-07-27T18:55:01+00:00
RMT-006203,ACCT-000673,B0185,2041-02-25,829.19,2026-07-27T18:55:01+00:00
RMT-006204,ACCT-000674,B0185,2041-02-25,486.38,2026-07-27T18:55:01+00:00
RMT-006205,ACCT-000116,B0186,2041-03-27,452.69,2026-07-27T20:15:40+00:00
RMT-006206,ACCT-000668,B0186,2041-03-27,922.05,2026-07-27T20:15:40+00:00
RMT-006207,ACCT-000456,B0186,2041-03-27,710.62,2026-07-27T20:15:40+00:00
RMT-006208,ACCT-000249,B0186,2041-03-27,254.77,2026-07-27T20:15:40+00:00
RMT-006209,ACCT-000274,B0186,2041-03-27,846.07,2026-07-27T20:15:40+00:00
RMT-006210,ACCT-000084,B0186,2041-03-27,448.26,2026-07-27T20:15:40+00:00
RMT-006211,ACCT-000418,B0186,2041-03-27,1076.77,2026-07-27T20:15:40+00:00
RMT-006212,ACCT-000655,B0186,2041-03-27,92.57,2026-07-27T20:15:40+00:00
RMT-006213,ACCT-000098,B0186,2041-03-27,931.18,2026-07-27T20:15:40+00:00
RMT-006214,ACCT-000520,B0186,2041-03-27,871.1,2026-07-27T20:15:40+00:00
RMT-006215,ACCT-000195,B0186,2041-03-27,236.33,2026-07-27T20:15:40+00:00
RMT-006216,ACCT-000031,B0186,2041-03-27,611.51,2026-07-27T20:15:40+00:00
RMT-006217,ACCT-000021,B0186,2041-03-27,403.03,2026-07-27T20:15:40+00:00
RMT-006218,ACCT-000068,B0186,2041-03-27,287.56,2026-07-27T20:15:40+00:00
RMT-006219,ACCT-000061,B0186,2041-03-27,19.19,2026-07-27T20:15:40+00:00
RMT-006220,ACCT-000204,B0186,2041-03-27,319.97,2026-07-27T20:15:40+00:00
RMT-006221,ACCT-000591,B0186,2041-03-27,686.18,2026-07-27T20:15:40+00:00
RMT-006222,ACCT-000254,B0186,2041-03-27,255.91,2026-07-27T20:15:40+00:00
RMT-006223,ACCT-000444,B0186,2041-03-27,881.56,2026-07-27T20:15:40+00:00
RMT-006224,ACCT-000109,B0186,2041-03-27,187.6,2026-07-27T20:15:40+00:00
RMT-006225,ACCT-000110,B0186,2041-03-27,327.88,2026-07-27T20:15:40+00:00
RMT-006226,ACCT-000627,B0186,2041-03-27,693.48,2026-07-27T20:15:40+00:00
RMT-006227,ACCT-000570,B0186,2041-03-27,362.36,2026-07-27T20:15:40+00:00
RMT-006228,ACCT-000495,B0186,2041-03-27,131.46,2026-07-27T20:15:40+00:00
RMT-006229,ACCT-000349,B0186,2041-03-27,890.5,2026-07-27T20:15:40+00:00
RMT-006230,ACCT-000050,B0186,2041-03-27,936.13,2026-07-27T20:15:40+00:00
RMT-006231,ACCT-000131,B0186,2041-03-27,202.96,2026-07-27T20:15:40+00:00
RMT-006232,ACCT-000675,B0186,2041-03-27,767.33,2026-07-27T20:15:40+00:00
RMT-006233,ACCT-000676,B0186,2041-03-27,863.24,2026-07-27T20:15:40+00:00
RMT-006234,ACCT-000602,B0187,2041-04-26,809.9,2026-07-27T21:36:02+00:00
RMT-006235,ACCT-000313,B0187,2041-04-26,438.74,2026-07-27T21:36:02+00:00
RMT-006236,ACCT-000482,B0187,2041-04-26,136.12,2026-07-27T21:36:02+00:00
RMT-006237,ACCT-000292,B0187,2041-04-26,1012.51,2026-07-27T21:36:02+00:00
RMT-006238,ACCT-000415,B0187,2041-04-26,611.29,2026-07-27T21:36:02+00:00
RMT-006239,ACCT-000220,B0187,2041-04-26,268.42,2026-07-27T21:36:02+00:00
RMT-006240,ACCT-000056,B0187,2041-04-26,715.03,2026-07-27T21:36:02+00:00
RMT-006241,ACCT-000510,B0187,2041-04-26,741.8,2026-07-27T21:36:02+00:00
RMT-006242,ACCT-000589,B0187,2041-04-26,485.43,2026-07-27T21:36:02+00:00
RMT-006243,ACCT-000206,B0187,2041-04-26,537.13,2026-07-27T21:36:02+00:00
RMT-006244,ACCT-000168,B0187,2041-04-26,643.69,2026-07-27T21:36:02+00:00
RMT-006245,ACCT-000507,B0187,2041-04-26,207.11,2026-07-27T21:36:02+00:00
RMT-006246,ACCT-000434,B0187,2041-04-26,494.91,2026-07-27T21:36:02+00:00
RMT-006247,ACCT-000544,B0187,2041-04-26,471.58,2026-07-27T21:36:02+00:00
RMT-006248,ACCT-000199,B0187,2041-04-26,154.33,2026-07-27T21:36:02+00:00
RMT-006249,ACCT-000552,B0187,2041-04-26,187.42,2026-07-27T21:36:02+00:00
RMT-006250,ACCT-000594,B0187,2041-04-26,311.67,2026-07-27T21:36:02+00:00
RMT-006251,ACCT-000569,B0187,2041-04-26,869.73,2026-07-27T21:36:02+00:00
RMT-006252,ACCT-000018,B0187,2041-04-26,346.65,2026-07-27T21:36:02+00:00
RMT-006253,ACCT-000467,B0187,2041-04-26,541.65,2026-07-27T21:36:02+00:00
RMT-006254,ACCT-000671,B0187,2041-04-26,1029.3,2026-07-27T21:36:02+00:00
RMT-006255,ACCT-000353,B0187,2041-04-26,907.56,2026-07-27T21:36:02+00:00
RMT-006256,ACCT-000523,B0187,2041-04-26,588.71,2026-07-27T21:36:02+00:00
RMT-006257,ACCT-000422,B0187,2041-04-26,637.73,2026-07-27T21:36:02+00:00
RMT-006258,ACCT-000661,B0187,2041-04-26,251.9,2026-07-27T21:36:02+00:00
RMT-006259,ACCT-000356,B0187,2041-04-26,716.01,2026-07-27T21:36:02+00:00
RMT-006260,ACCT-000677,B0187,2041-04-26,457.16,2026-07-27T21:36:02+00:00
RMT-006261,ACCT-000678,B0187,2041-04-26,733.85,2026-07-27T21:36:02+00:00
RMT-006262,ACCT-000679,B0187,2041-04-26,405.48,2026-07-27T21:36:02+00:00
RMT-006263,ACCT-000680,B0187,2041-04-26,1094.34,2026-07-27T21:36:02+00:00
RMT-006264,ACCT-000253,B0188,2041-05-26,1037.48,2026-07-27T22:54:25+00:00
RMT-006265,ACCT-000356,B0188,2041-05-26,279.95,2026-07-27T22:54:25+00:00
RMT-006266,ACCT-000465,B0188,2041-05-26,1017.71,2026-07-27T22:54:25+00:00
RMT-006267,ACCT-000304,B0188,2041-05-26,906.25,2026-07-27T22:54:25+00:00
RMT-006268,ACCT-000050,B0188,2041-05-26,1262.44,2026-07-27T22:54:25+00:00
RMT-006269,ACCT-000099,B0188,2041-05-26,19.89,2026-07-27T22:54:25+00:00
RMT-006270,ACCT-000077,B0188,2041-05-26,75.09,2026-07-27T22:54:25+00:00
RMT-006271,ACCT-000168,B0188,2041-05-26,177.66,2026-07-27T22:54:25+00:00
RMT-006272,ACCT-000002,B0188,2041-05-26,553.09,2026-07-27T22:54:25+00:00
RMT-006273,ACCT-000479,B0188,2041-05-26,181.6,2026-07-27T22:54:25+00:00
RMT-006274,ACCT-000280,B0188,2041-05-26,923.94,2026-07-27T22:54:25+00:00
RMT-006275,ACCT-000068,B0188,2041-05-26,366.53,2026-07-27T22:54:25+00:00
RMT-006276,ACCT-000574,B0188,2041-05-26,285.95,2026-07-27T22:54:25+00:00
RMT-006277,ACCT-000351,B0188,2041-05-26,1017.59,2026-07-27T22:54:25+00:00
RMT-006278,ACCT-000158,B0188,2041-05-26,614.6,2026-07-27T22:54:25+00:00
RMT-006279,ACCT-000519,B0188,2041-05-26,323.18,2026-07-27T22:54:25+00:00
RMT-006280,ACCT-000075,B0188,2041-05-26,766.26,2026-07-27T22:54:25+00:00
RMT-006281,ACCT-000182,B0188,2041-05-26,677.68,2026-07-27T22:54:25+00:00
RMT-006282,ACCT-000335,B0188,2041-05-26,857.06,2026-07-27T22:54:25+00:00
RMT-006283,ACCT-000506,B0188,2041-05-26,369.15,2026-07-27T22:54:25+00:00
RMT-006284,ACCT-000142,B0188,2041-05-26,779.62,2026-07-27T22:54:25+00:00
RMT-006285,ACCT-000033,B0188,2041-05-26,200.48,2026-07-27T22:54:25+00:00
RMT-006286,ACCT-000394,B0188,2041-05-26,501.27,2026-07-27T22:54:25+00:00
RMT-006287,ACCT-000326,B0188,2041-05-26,1327.45,2026-07-27T22:54:25+00:00
RMT-006288,ACCT-000621,B0188,2041-05-26,183.63,2026-07-27T22:54:25+00:00
RMT-006289,ACCT-000387,B0188,2041-05-26,21.3,2026-07-27T22:54:25+00:00
RMT-006290,ACCT-000674,B0188,2041-05-26,597.14,2026-07-27T22:54:25+00:00
RMT-006291,ACCT-000331,B0188,2041-05-26,739.0,2026-07-27T22:54:25+00:00
RMT-006292,ACCT-000681,B0188,2041-05-26,781.6,2026-07-27T22:54:25+00:00
RMT-006293,ACCT-000682,B0188,2041-05-26,238.01,2026-07-27T22:54:25+00:00
RMT-006294,ACCT-000683,B0188,2041-05-26,182.46,2026-07-27T22:54:25+00:00
RMT-006295,ACCT-000369,B0189,2041-06-25,902.35,2026-07-27T23:57:07+00:00
RMT-006296,ACCT-000383,B0189,2041-06-25,1022.65,2026-07-27T23:57:07+00:00
RMT-006297,ACCT-000426,B0189,2041-06-25,398.48,2026-07-27T23:57:07+00:00
RMT-006298,ACCT-000398,B0189,2041-06-25,1187.79,2026-07-27T23:57:07+00:00
RMT-006299,ACCT-000327,B0189,2041-06-25,394.38,2026-07-27T23:57:07+00:00
RMT-006300,ACCT-000156,B0189,2041-06-25,944.11,2026-07-27T23:57:07+00:00
RMT-006301,ACCT-000329,B0189,2041-06-25,718.72,2026-07-27T23:57:07+00:00
RMT-006302,ACCT-000185,B0189,2041-06-25,1191.55,2026-07-27T23:57:07+00:00
RMT-006303,ACCT-000664,B0189,2041-06-25,1074.87,2026-07-27T23:57:07+00:00
RMT-006304,ACCT-000016,B0189,2041-06-25,231.54,2026-07-27T23:57:07+00:00
RMT-006305,ACCT-000683,B0189,2041-06-25,416.46,2026-07-27T23:57:07+00:00
RMT-006306,ACCT-000371,B0189,2041-06-25,627.89,2026-07-27T23:57:07+00:00
RMT-006307,ACCT-000147,B0189,2041-06-25,473.45,2026-07-27T23:57:07+00:00
RMT-006308,ACCT-000659,B0189,2041-06-25,697.32,2026-07-27T23:57:07+00:00
RMT-006309,ACCT-000624,B0189,2041-06-25,401.48,2026-07-27T23:57:07+00:00
RMT-006310,ACCT-000182,B0189,2041-06-25,253.0,2026-07-27T23:57:07+00:00
RMT-006311,ACCT-000560,B0189,2041-06-25,416.58,2026-07-27T23:57:07+00:00
RMT-006312,ACCT-000114,B0189,2041-06-25,701.33,2026-07-27T23:57:07+00:00
RMT-006313,ACCT-000574,B0189,2041-06-25,1032.82,2026-07-27T23:57:07+00:00
RMT-006314,ACCT-000159,B0189,2041-06-25,178.47,2026-07-27T23:57:07+00:00
RMT-006315,ACCT-000175,B0189,2041-06-25,446.25,2026-07-27T23:57:07+00:00
RMT-006316,ACCT-000636,B0189,2041-06-25,1000.04,2026-07-27T23:57:07+00:00
RMT-006317,ACCT-000580,B0189,2041-06-25,758.61,2026-07-27T23:57:07+00:00
RMT-006318,ACCT-000215,B0189,2041-06-25,355.82,2026-07-27T23:57:07+00:00
RMT-006319,ACCT-000103,B0189,2041-06-25,651.79,2026-07-27T23:57:07+00:00
RMT-006320,ACCT-000015,B0189,2041-06-25,92.63,2026-07-27T23:57:07+00:00
RMT-006321,ACCT-000078,B0189,2041-06-25,374.97,2026-07-27T23:57:07+00:00
RMT-006322,ACCT-000487,B0189,2041-06-25,1154.45,2026-07-27T23:57:07+00:00
RMT-006323,ACCT-000684,B0189,2041-06-25,262.96,2026-07-27T23:57:07+00:00
RMT-006324,ACCT-000685,B0189,2041-06-25,406.8,2026-07-27T23:57:07+00:00
RMT-006325,ACCT-000686,B0189,2041-06-25,750.43,2026-07-27T23:57:07+00:00
RMT-006326,ACCT-000385,B0190,2041-07-25,363.48,2026-07-28T02:08:32+00:00
RMT-006327,ACCT-000262,B0190,2041-07-25,143.62,2026-07-28T02:08:32+00:00
RMT-006328,ACCT-000477,B0190,2041-07-25,444.63,2026-07-28T02:08:32+00:00
RMT-006329,ACCT-000585,B0190,2041-07-25,1334.78,2026-07-28T02:08:32+00:00
RMT-006330,ACCT-000117,B0190,2041-07-25,213.34,2026-07-28T02:08:32+00:00
RMT-006331,ACCT-000106,B0190,2041-07-25,666.57,2026-07-28T02:08:32+00:00
RMT-006332,ACCT-000365,B0190,2041-07-25,73.97,2026-07-28T02:08:32+00:00
RMT-006333,ACCT-000513,B0190,2041-07-25,479.83,2026-07-28T02:08:32+00:00
RMT-006334,ACCT-000237,B0190,2041-07-25,636.92,2026-07-28T02:08:32+00:00
RMT-006335,ACCT-000007,B0190,2041-07-25,219.04,2026-07-28T02:08:32+00:00
RMT-006336,ACCT-000317,B0190,2041-07-25,284.82,2026-07-28T02:08:32+00:00
RMT-006337,ACCT-000392,B0190,2041-07-25,508.01,2026-07-28T02:08:32+00:00
RMT-006338,ACCT-000024,B0190,2041-07-25,81.21,2026-07-28T02:08:32+00:00
RMT-006339,ACCT-000490,B0190,2041-07-25,399.21,2026-07-28T02:08:32+00:00
RMT-006340,ACCT-000139,B0190,2041-07-25,48.43,2026-07-28T02:08:32+00:00
RMT-006341,ACCT-000246,B0190,2041-07-25,712.64,2026-07-28T02:08:32+00:00
RMT-006342,ACCT-000077,B0190,2041-07-25,81.66,2026-07-28T02:08:32+00:00
RMT-006343,ACCT-000387,B0190,2041-07-25,438.46,2026-07-28T02:08:32+00:00
RMT-006344,ACCT-000579,B0190,2041-07-25,654.79,2026-07-28T02:08:32+00:00
RMT-006345,ACCT-000074,B0190,2041-07-25,1092.4,2026-07-28T02:08:32+00:00
RMT-006346,ACCT-000206,B0190,2041-07-25,261.03,2026-07-28T02:08:32+00:00
RMT-006347,ACCT-000073,B0190,2041-07-25,31.49,2026-07-28T02:08:32+00:00
RMT-006348,ACCT-000196,B0190,2041-07-25,156.1,2026-07-28T02:08:32+00:00
RMT-006349,ACCT-000058,B0190,2041-07-25,278.27,2026-07-28T02:08:32+00:00
RMT-006350,ACCT-000051,B0190,2041-07-25,1121.81,2026-07-28T02:08:32+00:00
RMT-006351,ACCT-000126,B0190,2041-07-25,158.23,2026-07-28T02:08:32+00:00
RMT-006352,ACCT-000687,B0190,2041-07-25,760.24,2026-07-28T02:08:32+00:00
RMT-006353,ACCT-000688,B0190,2041-07-25,434.66,2026-07-28T02:08:32+00:00
RMT-006354,ACCT-000689,B0190,2041-07-25,505.26,2026-07-28T02:08:32+00:00
RMT-006355,ACCT-000690,B0190,2041-07-25,492.45,2026-07-28T02:08:32+00:00
RMT-006356,ACCT-000025,B0191,2041-08-24,338.24,2026-07-28T05:28:23+00:00
RMT-006357,ACCT-000471,B0191,2041-08-24,328.78,2026-07-28T05:28:23+00:00
RMT-006358,ACCT-000146,B0191,2041-08-24,497.53,2026-07-28T05:28:23+00:00
RMT-006359,ACCT-000454,B0191,2041-08-24,762.21,2026-07-28T05:28:23+00:00
RMT-006360,ACCT-000157,B0191,2041-08-24,343.21,2026-07-28T05:28:23+00:00
RMT-006361,ACCT-000388,B0191,2041-08-24,465.99,2026-07-28T05:28:23+00:00
RMT-006362,ACCT-000298,B0191,2041-08-24,465.85,2026-07-28T05:28:23+00:00
RMT-006363,ACCT-000153,B0191,2041-08-24,618.92,2026-07-28T05:28:23+00:00
RMT-006364,ACCT-000456,B0191,2041-08-24,757.84,2026-07-28T05:28:23+00:00
RMT-006365,ACCT-000506,B0191,2041-08-24,586.25,2026-07-28T05:28:23+00:00
RMT-006366,ACCT-000523,B0191,2041-08-24,992.23,2026-07-28T05:28:23+00:00
RMT-006367,ACCT-000278,B0191,2041-08-24,527.17,2026-07-28T05:28:23+00:00
RMT-006368,ACCT-000433,B0191,2041-08-24,292.62,2026-07-28T05:28:23+00:00
RMT-006369,ACCT-000387,B0191,2041-08-24,812.64,2026-07-28T05:28:23+00:00
RMT-006370,ACCT-000646,B0191,2041-08-24,982.93,2026-07-28T05:28:23+00:00
RMT-006371,ACCT-000151,B0191,2041-08-24,244.52,2026-07-28T05:28:23+00:00
RMT-006372,ACCT-000420,B0191,2041-08-24,624.9,2026-07-28T05:28:23+00:00
RMT-006373,ACCT-000014,B0191,2041-08-24,118.45,2026-07-28T05:28:23+00:00
RMT-006374,ACCT-000689,B0191,2041-08-24,522.28,2026-07-28T05:28:23+00:00
RMT-006375,ACCT-000484,B0191,2041-08-24,410.98,2026-07-28T05:28:23+00:00
RMT-006376,ACCT-000007,B0191,2041-08-24,791.8,2026-07-28T05:28:23+00:00
RMT-006377,ACCT-000287,B0191,2041-08-24,312.81,2026-07-28T05:28:23+00:00
RMT-006378,ACCT-000600,B0191,2041-08-24,745.82,2026-07-28T05:28:23+00:00
RMT-006379,ACCT-000333,B0191,2041-08-24,176.12,2026-07-28T05:28:23+00:00
RMT-006380,ACCT-000690,B0191,2041-08-24,774.08,2026-07-28T05:28:23+00:00
RMT-006381,ACCT-000679,B0191,2041-08-24,165.54,2026-07-28T05:28:23+00:00
RMT-006382,ACCT-000399,B0191,2041-08-24,499.67,2026-07-28T05:28:23+00:00
RMT-006383,ACCT-000587,B0191,2041-08-24,682.82,2026-07-28T05:28:23+00:00
RMT-006384,ACCT-000337,B0191,2041-08-24,639.32,2026-07-28T05:28:23+00:00
RMT-006385,ACCT-000691,B0191,2041-08-24,74.09,2026-07-28T05:28:23+00:00
RMT-006386,ACCT-000692,B0191,2041-08-24,384.35,2026-07-28T05:28:23+00:00
RMT-006387,ACCT-000693,B0191,2041-08-24,633.74,2026-07-28T05:28:23+00:00
RMT-006388,ACCT-000597,B0192,2041-09-23,931.68,2026-07-28T08:00:05+00:00
RMT-006389,ACCT-000371,B0192,2041-09-23,86.34,2026-07-28T08:00:05+00:00
RMT-006390,ACCT-000176,B0192,2041-09-23,272.51,2026-07-28T08:00:05+00:00
RMT-006391,ACCT-000523,B0192,2041-09-23,414.05,2026-07-28T08:00:05+00:00
RMT-006392,ACCT-000607,B0192,2041-09-23,311.65,2026-07-28T08:00:05+00:00
RMT-006393,ACCT-000143,B0192,2041-09-23,677.23,2026-07-28T08:00:05+00:00
RMT-006394,ACCT-000423,B0192,2041-09-23,467.09,2026-07-28T08:00:05+00:00
RMT-006395,ACCT-000261,B0192,2041-09-23,281.3,2026-07-28T08:00:05+00:00
RMT-006396,ACCT-000271,B0192,2041-09-23,186.85,2026-07-28T08:00:05+00:00
RMT-006397,ACCT-000172,B0192,2041-09-23,343.96,2026-07-28T08:00:05+00:00
RMT-006398,ACCT-000670,B0192,2041-09-23,801.89,2026-07-28T08:00:05+00:00
RMT-006399,ACCT-000593,B0192,2041-09-23,711.46,2026-07-28T08:00:05+00:00
RMT-006400,ACCT-000227,B0192,2041-09-23,552.38,2026-07-28T08:00:05+00:00
RMT-006401,ACCT-000147,B0192,2041-09-23,985.31,2026-07-28T08:00:05+00:00
RMT-006402,ACCT-000096,B0192,2041-09-23,651.26,2026-07-28T08:00:05+00:00
RMT-006403,ACCT-000517,B0192,2041-09-23,153.79,2026-07-28T08:00:05+00:00
RMT-006404,ACCT-000615,B0192,2041-09-23,116.48,2026-07-28T08:00:05+00:00
RMT-006405,ACCT-000617,B0192,2041-09-23,909.39,2026-07-28T08:00:05+00:00
RMT-006406,ACCT-000487,B0192,2041-09-23,34.28,2026-07-28T08:00:05+00:00
RMT-006407,ACCT-000069,B0192,2041-09-23,308.03,2026-07-28T08:00:05+00:00
RMT-006408,ACCT-000263,B0192,2041-09-23,631.1,2026-07-28T08:00:05+00:00
RMT-006409,ACCT-000007,B0192,2041-09-23,782.78,2026-07-28T08:00:05+00:00
RMT-006410,ACCT-000358,B0192,2041-09-23,781.0,2026-07-28T08:00:05+00:00
RMT-006411,ACCT-000082,B0192,2041-09-23,682.28,2026-07-28T08:00:05+00:00
RMT-006412,ACCT-000629,B0192,2041-09-23,705.88,2026-07-28T08:00:05+00:00
RMT-006413,ACCT-000063,B0192,2041-09-23,766.35,2026-07-28T08:00:05+00:00
RMT-006414,ACCT-000179,B0192,2041-09-23,185.33,2026-07-28T08:00:05+00:00
RMT-006415,ACCT-000330,B0192,2041-09-23,185.83,2026-07-28T08:00:05+00:00
RMT-006416,ACCT-000536,B0192,2041-09-23,149.84,2026-07-28T08:00:05+00:00
RMT-006417,ACCT-000554,B0192,2041-09-23,486.4,2026-07-28T08:00:05+00:00
RMT-006418,ACCT-000653,B0192,2041-09-23,1086.12,2026-07-28T08:00:05+00:00
RMT-006419,ACCT-000527,B0192,2041-09-23,980.63,2026-07-28T08:00:05+00:00
RMT-006420,ACCT-000550,B0192,2041-09-23,792.59,2026-07-28T08:00:05+00:00
RMT-006421,ACCT-000333,B0192,2041-09-23,851.16,2026-07-28T08:00:05+00:00
RMT-006422,ACCT-000694,B0192,2041-09-23,1228.24,2026-07-28T08:00:05+00:00
RMT-006423,ACCT-000695,B0192,2041-09-23,457.76,2026-07-28T08:00:05+00:00
RMT-006424,ACCT-000696,B0192,2041-09-23,484.01,2026-07-28T08:00:05+00:00
RMT-006425,ACCT-000697,B0192,2041-09-23,689.74,2026-07-28T08:00:05+00:00
RMT-006426,ACCT-000246,B0193,2041-10-23,240.78,2026-07-28T10:39:22+00:00
RMT-006427,ACCT-000665,B0193,2041-10-23,855.42,2026-07-28T10:39:22+00:00
RMT-006428,ACCT-000523,B0193,2041-10-23,631.04,2026-07-28T10:39:22+00:00
RMT-006429,ACCT-000123,B0193,2041-10-23,606.91,2026-07-28T10:39:22+00:00
RMT-006430,ACCT-000025,B0193,2041-10-23,46.37,2026-07-28T10:39:22+00:00
RMT-006431,ACCT-000685,B0193,2041-10-23,34.54,2026-07-28T10:39:22+00:00
RMT-006432,ACCT-000086,B0193,2041-10-23,613.61,2026-07-28T10:39:22+00:00
RMT-006433,ACCT-000126,B0193,2041-10-23,230.73,2026-07-28T10:39:22+00:00
RMT-006434,ACCT-000664,B0193,2041-10-23,719.67,2026-07-28T10:39:22+00:00
RMT-006435,ACCT-000304,B0193,2041-10-23,766.34,2026-07-28T10:39:22+00:00
RMT-006436,ACCT-000070,B0193,2041-10-23,261.77,2026-07-28T10:39:22+00:00
RMT-006437,ACCT-000605,B0193,2041-10-23,39.07,2026-07-28T10:39:22+00:00
RMT-006438,ACCT-000189,B0193,2041-10-23,634.37,2026-07-28T10:39:22+00:00
RMT-006439,ACCT-000308,B0193,2041-10-23,1139.84,2026-07-28T10:39:22+00:00
RMT-006440,ACCT-000310,B0193,2041-10-23,365.71,2026-07-28T10:39:22+00:00
RMT-006441,ACCT-000481,B0193,2041-10-23,692.79,2026-07-28T10:39:22+00:00
RMT-006442,ACCT-000185,B0193,2041-10-23,890.52,2026-07-28T10:39:22+00:00
RMT-006443,ACCT-000550,B0193,2041-10-23,465.68,2026-07-28T10:39:22+00:00
RMT-006444,ACCT-000393,B0193,2041-10-23,452.73,2026-07-28T10:39:22+00:00
RMT-006445,ACCT-000289,B0193,2041-10-23,494.12,2026-07-28T10:39:22+00:00
RMT-006446,ACCT-000697,B0193,2041-10-23,338.42,2026-07-28T10:39:22+00:00
RMT-006447,ACCT-000064,B0193,2041-10-23,619.28,2026-07-28T10:39:22+00:00
RMT-006448,ACCT-000354,B0193,2041-10-23,428.25,2026-07-28T10:39:22+00:00
RMT-006449,ACCT-000419,B0193,2041-10-23,238.27,2026-07-28T10:39:22+00:00
RMT-006450,ACCT-000001,B0193,2041-10-23,1000.14,2026-07-28T10:39:22+00:00
RMT-006451,ACCT-000153,B0193,2041-10-23,694.2,2026-07-28T10:39:22+00:00
RMT-006452,ACCT-000214,B0193,2041-10-23,353.35,2026-07-28T10:39:22+00:00
RMT-006453,ACCT-000162,B0193,2041-10-23,438.19,2026-07-28T10:39:22+00:00
RMT-006454,ACCT-000591,B0193,2041-10-23,371.72,2026-07-28T10:39:22+00:00
RMT-006455,ACCT-000485,B0193,2041-10-23,358.13,2026-07-28T10:39:22+00:00
RMT-006456,ACCT-000552,B0193,2041-10-23,384.68,2026-07-28T10:39:22+00:00
RMT-006457,ACCT-000386,B0193,2041-10-23,311.68,2026-07-28T10:39:22+00:00
RMT-006458,ACCT-000501,B0193,2041-10-23,721.22,2026-07-28T10:39:22+00:00
RMT-006459,ACCT-000290,B0193,2041-10-23,370.76,2026-07-28T10:39:22+00:00
RMT-006460,ACCT-000263,B0193,2041-10-23,1077.55,2026-07-28T10:39:22+00:00
RMT-006461,ACCT-000698,B0193,2041-10-23,1131.1,2026-07-28T10:39:22+00:00
RMT-006462,ACCT-000699,B0193,2041-10-23,228.41,2026-07-28T10:39:22+00:00
RMT-006463,ACCT-000700,B0193,2041-10-23,908.08,2026-07-28T10:39:22+00:00
RMT-006464,ACCT-000041,B0194,2041-11-22,38.5,2026-07-28T12:49:44+00:00
RMT-006465,ACCT-000381,B0194,2041-11-22,927.18,2026-07-28T12:49:44+00:00
RMT-006466,ACCT-000355,B0194,2041-11-22,395.12,2026-07-28T12:49:44+00:00
RMT-006467,ACCT-000377,B0194,2041-11-22,215.29,2026-07-28T12:49:44+00:00
RMT-006468,ACCT-000599,B0194,2041-11-22,231.97,2026-07-28T12:49:44+00:00
RMT-006469,ACCT-000439,B0194,2041-11-22,671.1,2026-07-28T12:49:44+00:00
RMT-006470,ACCT-000598,B0194,2041-11-22,385.36,2026-07-28T12:49:44+00:00
RMT-006471,ACCT-000379,B0194,2041-11-22,312.0,2026-07-28T12:49:44+00:00
RMT-006472,ACCT-000243,B0194,2041-11-22,103.61,2026-07-28T12:49:44+00:00
RMT-006473,ACCT-000242,B0194,2041-11-22,392.76,2026-07-28T12:49:44+00:00
RMT-006474,ACCT-000072,B0194,2041-11-22,941.04,2026-07-28T12:49:44+00:00
RMT-006475,ACCT-000595,B0194,2041-11-22,652.15,2026-07-28T12:49:44+00:00
RMT-006476,ACCT-000060,B0194,2041-11-22,867.14,2026-07-28T12:49:44+00:00
RMT-006477,ACCT-000162,B0194,2041-11-22,439.43,2026-07-28T12:49:44+00:00
RMT-006478,ACCT-000631,B0194,2041-11-22,433.63,2026-07-28T12:49:44+00:00
RMT-006479,ACCT-000125,B0194,2041-11-22,191.79,2026-07-28T12:49:44+00:00
RMT-006480,ACCT-000371,B0194,2041-11-22,1052.98,2026-07-28T12:49:44+00:00
RMT-006481,ACCT-000339,B0194,2041-11-22,1167.8,2026-07-28T12:49:44+00:00
RMT-006482,ACCT-000280,B0194,2041-11-22,580.18,2026-07-28T12:49:44+00:00
RMT-006483,ACCT-000466,B0194,2041-11-22,792.34,2026-07-28T12:49:44+00:00
RMT-006484,ACCT-000138,B0194,2041-11-22,618.71,2026-07-28T12:49:44+00:00
RMT-006485,ACCT-000360,B0194,2041-11-22,153.25,2026-07-28T12:49:44+00:00
RMT-006486,ACCT-000390,B0194,2041-11-22,362.9,2026-07-28T12:49:44+00:00
RMT-006487,ACCT-000035,B0194,2041-11-22,127.43,2026-07-28T12:49:44+00:00
RMT-006488,ACCT-000580,B0194,2041-11-22,783.11,2026-07-28T12:49:44+00:00
RMT-006489,ACCT-000457,B0194,2041-11-22,149.57,2026-07-28T12:49:44+00:00
RMT-006490,ACCT-000249,B0194,2041-11-22,557.19,2026-07-28T12:49:44+00:00
RMT-006491,ACCT-000530,B0194,2041-11-22,774.57,2026-07-28T12:49:44+00:00
RMT-006492,ACCT-000342,B0194,2041-11-22,709.83,2026-07-28T12:49:44+00:00
RMT-006493,ACCT-000470,B0194,2041-11-22,368.06,2026-07-28T12:49:44+00:00
RMT-006494,ACCT-000212,B0194,2041-11-22,129.34,2026-07-28T12:49:44+00:00
RMT-006495,ACCT-000506,B0194,2041-11-22,234.99,2026-07-28T12:49:44+00:00
RMT-006496,ACCT-000346,B0194,2041-11-22,386.01,2026-07-28T12:49:44+00:00
RMT-006497,ACCT-000701,B0194,2041-11-22,141.02,2026-07-28T12:49:44+00:00
RMT-006498,ACCT-000702,B0194,2041-11-22,410.21,2026-07-28T12:49:44+00:00
RMT-006499,ACCT-000703,B0194,2041-11-22,1131.07,2026-07-28T12:49:44+00:00
RMT-006500,ACCT-000704,B0194,2041-11-22,41.29,2026-07-28T12:49:44+00:00
RMT-006501,ACCT-000515,B0195,2041-12-22,326.89,2026-07-28T15:13:37+00:00
RMT-006502,ACCT-000305,B0195,2041-12-22,357.71,2026-07-28T15:13:37+00:00
RMT-006503,ACCT-000064,B0195,2041-12-22,598.55,2026-07-28T15:13:37+00:00
RMT-006504,ACCT-000144,B0195,2041-12-22,118.75,2026-07-28T15:13:37+00:00
RMT-006505,ACCT-000023,B0195,2041-12-22,827.59,2026-07-28T15:13:37+00:00
RMT-006506,ACCT-000096,B0195,2041-12-22,267.64,2026-07-28T15:13:37+00:00
RMT-006507,ACCT-000334,B0195,2041-12-22,357.42,2026-07-28T15:13:37+00:00
RMT-006508,ACCT-000171,B0195,2041-12-22,280.0,2026-07-28T15:13:37+00:00
RMT-006509,ACCT-000703,B0195,2041-12-22,214.82,2026-07-28T15:13:37+00:00
RMT-006510,ACCT-000367,B0195,2041-12-22,884.2,2026-07-28T15:13:37+00:00
RMT-006511,ACCT-000656,B0195,2041-12-22,402.43,2026-07-28T15:13:37+00:00
RMT-006512,ACCT-000411,B0195,2041-12-22,680.6,2026-07-28T15:13:37+00:00
RMT-006513,ACCT-000146,B0195,2041-12-22,746.24,2026-07-28T15:13:37+00:00
RMT-006514,ACCT-000375,B0195,2041-12-22,62.63,2026-07-28T15:13:37+00:00
RMT-006515,ACCT-000149,B0195,2041-12-22,20.38,2026-07-28T15:13:37+00:00
RMT-006516,ACCT-000652,B0195,2041-12-22,79.16,2026-07-28T15:13:37+00:00
RMT-006517,ACCT-000497,B0195,2041-12-22,74.34,2026-07-28T15:13:37+00:00
RMT-006518,ACCT-000347,B0195,2041-12-22,471.31,2026-07-28T15:13:37+00:00
RMT-006519,ACCT-000495,B0195,2041-12-22,546.07,2026-07-28T15:13:37+00:00
RMT-006520,ACCT-000128,B0195,2041-12-22,574.6,2026-07-28T15:13:37+00:00
RMT-006521,ACCT-000697,B0195,2041-12-22,103.09,2026-07-28T15:13:37+00:00
RMT-006522,ACCT-000425,B0195,2041-12-22,972.7,2026-07-28T15:13:37+00:00
RMT-006523,ACCT-000132,B0195,2041-12-22,719.88,2026-07-28T15:13:37+00:00
RMT-006524,ACCT-000327,B0195,2041-12-22,679.6,2026-07-28T15:13:37+00:00
RMT-006525,ACCT-000642,B0195,2041-12-22,338.7,2026-07-28T15:13:37+00:00
RMT-006526,ACCT-000218,B0195,2041-12-22,1292.77,2026-07-28T15:13:37+00:00
RMT-006527,ACCT-000636,B0195,2041-12-22,507.02,2026-07-28T15:13:37+00:00
RMT-006528,ACCT-000433,B0195,2041-12-22,89.29,2026-07-28T15:13:37+00:00
RMT-006529,ACCT-000427,B0195,2041-12-22,81.47,2026-07-28T15:13:37+00:00
RMT-006530,ACCT-000705,B0195,2041-12-22,730.36,2026-07-28T15:13:37+00:00
RMT-006531,ACCT-000706,B0195,2041-12-22,663.27,2026-07-28T15:13:37+00:00
RMT-006532,ACCT-000363,B0196,2042-01-21,318.62,2026-07-28T16:56:41+00:00
RMT-006533,ACCT-000491,B0196,2042-01-21,680.49,2026-07-28T16:56:41+00:00
RMT-006534,ACCT-000342,B0196,2042-01-21,256.13,2026-07-28T16:56:41+00:00
RMT-006535,ACCT-000556,B0196,2042-01-21,108.06,2026-07-28T16:56:41+00:00
RMT-006536,ACCT-000447,B0196,2042-01-21,781.13,2026-07-28T16:56:41+00:00
RMT-006537,ACCT-000706,B0196,2042-01-21,875.65,2026-07-28T16:56:41+00:00
RMT-006538,ACCT-000031,B0196,2042-01-21,587.37,2026-07-28T16:56:41+00:00
RMT-006539,ACCT-000660,B0196,2042-01-21,292.38,2026-07-28T16:56:41+00:00
RMT-006540,ACCT-000444,B0196,2042-01-21,564.5,2026-07-28T16:56:41+00:00
RMT-006541,ACCT-000252,B0196,2042-01-21,176.77,2026-07-28T16:56:41+00:00
RMT-006542,ACCT-000264,B0196,2042-01-21,339.07,2026-07-28T16:56:41+00:00
RMT-006543,ACCT-000046,B0196,2042-01-21,90.65,2026-07-28T16:56:41+00:00
RMT-006544,ACCT-000092,B0196,2042-01-21,495.32,2026-07-28T16:56:41+00:00
RMT-006545,ACCT-000285,B0196,2042-01-21,884.16,2026-07-28T16:56:41+00:00
RMT-006546,ACCT-000407,B0196,2042-01-21,567.22,2026-07-28T16:56:41+00:00
RMT-006547,ACCT-000260,B0196,2042-01-21,691.27,2026-07-28T16:56:41+00:00
RMT-006548,ACCT-000698,B0196,2042-01-21,1051.91,2026-07-28T16:56:41+00:00
RMT-006549,ACCT-000499,B0196,2042-01-21,170.41,2026-07-28T16:56:41+00:00
RMT-006550,ACCT-000028,B0196,2042-01-21,901.06,2026-07-28T16:56:41+00:00
RMT-006551,ACCT-000420,B0196,2042-01-21,391.01,2026-07-28T16:56:41+00:00
RMT-006552,ACCT-000129,B0196,2042-01-21,434.7,2026-07-28T16:56:41+00:00
RMT-006553,ACCT-000502,B0196,2042-01-21,313.9,2026-07-28T16:56:41+00:00
RMT-006554,ACCT-000301,B0196,2042-01-21,55.45,2026-07-28T16:56:41+00:00
RMT-006555,ACCT-000692,B0196,2042-01-21,491.92,2026-07-28T16:56:41+00:00
RMT-006556,ACCT-000569,B0196,2042-01-21,356.55,2026-07-28T16:56:41+00:00
RMT-006557,ACCT-000595,B0196,2042-01-21,618.31,2026-07-28T16:56:41+00:00
RMT-006558,ACCT-000305,B0196,2042-01-21,718.9,2026-07-28T16:56:41+00:00
RMT-006559,ACCT-000510,B0196,2042-01-21,172.42,2026-07-28T16:56:41+00:00
RMT-006560,ACCT-000181,B0196,2042-01-21,671.62,2026-07-28T16:56:41+00:00
RMT-006561,ACCT-000487,B0196,2042-01-21,367.72,2026-07-28T16:56:41+00:00
RMT-006562,ACCT-000045,B0196,2042-01-21,383.11,2026-07-28T16:56:41+00:00
RMT-006563,ACCT-000707,B0196,2042-01-21,457.24,2026-07-28T16:56:41+00:00
RMT-006564,ACCT-000708,B0196,2042-01-21,810.9,2026-07-28T16:56:41+00:00
RMT-006565,ACCT-000709,B0196,2042-01-21,853.24,2026-07-28T16:56:41+00:00
RMT-006566,ACCT-000710,B0196,2042-01-21,12.71,2026-07-28T16:56:41+00:00
RMT-006567,ACCT-000535,B0197,2042-02-20,263.05,2026-07-28T18:09:35+00:00
RMT-006568,ACCT-000449,B0197,2042-02-20,205.08,2026-07-28T18:09:35+00:00
RMT-006569,ACCT-000572,B0197,2042-02-20,729.91,2026-07-28T18:09:35+00:00
RMT-006570,ACCT-000079,B0197,2042-02-20,475.49,2026-07-28T18:09:35+00:00
RMT-006571,ACCT-000011,B0197,2042-02-20,966.5,2026-07-28T18:09:35+00:00
RMT-006572,ACCT-000131,B0197,2042-02-20,155.89,2026-07-28T18:09:35+00:00
RMT-006573,ACCT-000501,B0197,2042-02-20,457.74,2026-07-28T18:09:35+00:00
RMT-006574,ACCT-000081,B0197,2042-02-20,1026.86,2026-07-28T18:09:35+00:00
RMT-006575,ACCT-000681,B0197,2042-02-20,1039.62,2026-07-28T18:09:35+00:00
RMT-006576,ACCT-000432,B0197,2042-02-20,944.09,2026-07-28T18:09:35+00:00
RMT-006577,ACCT-000324,B0197,2042-02-20,347.39,2026-07-28T18:09:35+00:00
RMT-006578,ACCT-000639,B0197,2042-02-20,586.23,2026-07-28T18:09:35+00:00
RMT-006579,ACCT-000453,B0197,2042-02-20,1490.14,2026-07-28T18:09:35+00:00
RMT-006580,ACCT-000569,B0197,2042-02-20,557.61,2026-07-28T18:09:35+00:00
RMT-006581,ACCT-000650,B0197,2042-02-20,142.19,2026-07-28T18:09:35+00:00
RMT-006582,ACCT-000338,B0197,2042-02-20,88.14,2026-07-28T18:09:35+00:00
RMT-006583,ACCT-000207,B0197,2042-02-20,810.72,2026-07-28T18:09:35+00:00
RMT-006584,ACCT-000171,B0197,2042-02-20,323.16,2026-07-28T18:09:35+00:00
RMT-006585,ACCT-000682,B0197,2042-02-20,761.19,2026-07-28T18:09:35+00:00
RMT-006586,ACCT-000686,B0197,2042-02-20,326.93,2026-07-28T18:09:35+00:00
RMT-006587,ACCT-000218,B0197,2042-02-20,962.9,2026-07-28T18:09:35+00:00
RMT-006588,ACCT-000610,B0197,2042-02-20,912.74,2026-07-28T18:09:35+00:00
RMT-006589,ACCT-000503,B0197,2042-02-20,723.19,2026-07-28T18:09:35+00:00
RMT-006590,ACCT-000410,B0197,2042-02-20,367.7,2026-07-28T18:09:35+00:00
RMT-006591,ACCT-000618,B0197,2042-02-20,261.78,2026-07-28T18:09:35+00:00
RMT-006592,ACCT-000711,B0197,2042-02-20,842.48,2026-07-28T18:09:35+00:00
RMT-006593,ACCT-000712,B0197,2042-02-20,440.96,2026-07-28T18:09:35+00:00
RMT-006594,ACCT-000713,B0197,2042-02-20,890.72,2026-07-28T18:09:35+00:00
RMT-006595,ACCT-000714,B0197,2042-02-20,624.86,2026-07-28T18:09:35+00:00
RMT-006596,ACCT-000394,B0198,2042-03-22,559.88,2026-07-28T19:58:49+00:00
RMT-006597,ACCT-000636,B0198,2042-03-22,714.83,2026-07-28T19:58:49+00:00
RMT-006598,ACCT-000254,B0198,2042-03-22,499.94,2026-07-28T19:58:49+00:00
RMT-006599,ACCT-000218,B0198,2042-03-22,1263.94,2026-07-28T19:58:49+00:00
RMT-006600,ACCT-000527,B0198,2042-03-22,653.15,2026-07-28T19:58:49+00:00
RMT-006601,ACCT-000134,B0198,2042-03-22,677.87,2026-07-28T19:58:49+00:00
RMT-006602,ACCT-000564,B0198,2042-03-22,694.77,2026-07-28T19:58:49+00:00
RMT-006603,ACCT-000592,B0198,2042-03-22,577.55,2026-07-28T19:58:49+00:00
RMT-006604,ACCT-000401,B0198,2042-03-22,725.03,2026-07-28T19:58:49+00:00
RMT-006605,ACCT-000590,B0198,2042-03-22,27.26,2026-07-28T19:58:49+00:00
RMT-006606,ACCT-000451,B0198,2042-03-22,624.26,2026-07-28T19:58:49+00:00
RMT-006607,ACCT-000066,B0198,2042-03-22,227.9,2026-07-28T19:58:49+00:00
RMT-006608,ACCT-000437,B0198,2042-03-22,418.37,2026-07-28T19:58:49+00:00
RMT-006609,ACCT-000309,B0198,2042-03-22,186.2,2026-07-28T19:58:49+00:00
RMT-006610,ACCT-000580,B0198,2042-03-22,279.05,2026-07-28T19:58:49+00:00
RMT-006611,ACCT-000440,B0198,2042-03-22,683.55,2026-07-28T19:58:49+00:00
RMT-006612,ACCT-000562,B0198,2042-03-22,890.77,2026-07-28T19:58:49+00:00
RMT-006613,ACCT-000204,B0198,2042-03-22,322.77,2026-07-28T19:58:49+00:00
RMT-006614,ACCT-000393,B0198,2042-03-22,448.4,2026-07-28T19:58:49+00:00
RMT-006615,ACCT-000099,B0198,2042-03-22,501.6,2026-07-28T19:58:49+00:00
RMT-006616,ACCT-000206,B0198,2042-03-22,72.62,2026-07-28T19:58:49+00:00
RMT-006617,ACCT-000557,B0198,2042-03-22,71.67,2026-07-28T19:58:49+00:00
RMT-006618,ACCT-000151,B0198,2042-03-22,221.61,2026-07-28T19:58:49+00:00
RMT-006619,ACCT-000187,B0198,2042-03-22,650.25,2026-07-28T19:58:49+00:00
RMT-006620,ACCT-000096,B0198,2042-03-22,351.51,2026-07-28T19:58:49+00:00
RMT-006621,ACCT-000635,B0198,2042-03-22,360.47,2026-07-28T19:58:49+00:00
RMT-006622,ACCT-000138,B0198,2042-03-22,627.91,2026-07-28T19:58:49+00:00
RMT-006623,ACCT-000267,B0198,2042-03-22,374.32,2026-07-28T19:58:49+00:00
RMT-006624,ACCT-000448,B0198,2042-03-22,321.49,2026-07-28T19:58:49+00:00
RMT-006625,ACCT-000715,B0198,2042-03-22,32.89,2026-07-28T19:58:49+00:00
RMT-006626,ACCT-000716,B0198,2042-03-22,599.93,2026-07-28T19:58:49+00:00
RMT-006627,ACCT-000717,B0198,2042-03-22,751.43,2026-07-28T19:58:49+00:00
RMT-006628,ACCT-000718,B0198,2042-03-22,691.13,2026-07-28T19:58:49+00:00
RMT-006629,ACCT-000480,B0199,2042-04-21,202.16,2026-07-28T21:08:40+00:00
RMT-006630,ACCT-000526,B0199,2042-04-21,743.13,2026-07-28T21:08:40+00:00
RMT-006631,ACCT-000574,B0199,2042-04-21,1076.33,2026-07-28T21:08:40+00:00
RMT-006632,ACCT-000091,B0199,2042-04-21,348.35,2026-07-28T21:08:40+00:00
RMT-006633,ACCT-000028,B0199,2042-04-21,728.68,2026-07-28T21:08:40+00:00
RMT-006634,ACCT-000614,B0199,2042-04-21,383.38,2026-07-28T21:08:40+00:00
RMT-006635,ACCT-000081,B0199,2042-04-21,226.82,2026-07-28T21:08:40+00:00
RMT-006636,ACCT-000482,B0199,2042-04-21,424.06,2026-07-28T21:08:40+00:00
RMT-006637,ACCT-000112,B0199,2042-04-21,315.73,2026-07-28T21:08:40+00:00
RMT-006638,ACCT-000180,B0199,2042-04-21,408.14,2026-07-28T21:08:40+00:00
RMT-006639,ACCT-000474,B0199,2042-04-21,279.16,2026-07-28T21:08:40+00:00
RMT-006640,ACCT-000531,B0199,2042-04-21,613.93,2026-07-28T21:08:40+00:00
RMT-006641,ACCT-000445,B0199,2042-04-21,290.95,2026-07-28T21:08:40+00:00
RMT-006642,ACCT-000694,B0199,2042-04-21,87.48,2026-07-28T21:08:40+00:00
RMT-006643,ACCT-000163,B0199,2042-04-21,137.7,2026-07-28T21:08:40+00:00
RMT-006644,ACCT-000563,B0199,2042-04-21,158.29,2026-07-28T21:08:40+00:00
RMT-006645,ACCT-000129,B0199,2042-04-21,407.74,2026-07-28T21:08:40+00:00
RMT-006646,ACCT-000214,B0199,2042-04-21,835.62,2026-07-28T21:08:40+00:00
RMT-006647,ACCT-000101,B0199,2042-04-21,877.03,2026-07-28T21:08:40+00:00
RMT-006648,ACCT-000543,B0199,2042-04-21,438.59,2026-07-28T21:08:40+00:00
RMT-006649,ACCT-000189,B0199,2042-04-21,230.59,2026-07-28T21:08:40+00:00
RMT-006650,ACCT-000094,B0199,2042-04-21,770.63,2026-07-28T21:08:40+00:00
RMT-006651,ACCT-000607,B0199,2042-04-21,69.55,2026-07-28T21:08:40+00:00
RMT-006652,ACCT-000603,B0199,2042-04-21,939.43,2026-07-28T21:08:40+00:00
RMT-006653,ACCT-000449,B0199,2042-04-21,919.39,2026-07-28T21:08:40+00:00
RMT-006654,ACCT-000697,B0199,2042-04-21,670.47,2026-07-28T21:08:40+00:00
RMT-006655,ACCT-000638,B0199,2042-04-21,1206.88,2026-07-28T21:08:40+00:00
RMT-006656,ACCT-000443,B0199,2042-04-21,896.8,2026-07-28T21:08:40+00:00
RMT-006657,ACCT-000300,B0199,2042-04-21,638.94,2026-07-28T21:08:40+00:00
RMT-006658,ACCT-000440,B0199,2042-04-21,376.1,2026-07-28T21:08:40+00:00
RMT-006659,ACCT-000304,B0199,2042-04-21,240.65,2026-07-28T21:08:40+00:00
RMT-006660,ACCT-000380,B0199,2042-04-21,703.98,2026-07-28T21:08:40+00:00
RMT-006661,ACCT-000714,B0199,2042-04-21,41.71,2026-07-28T21:08:40+00:00
RMT-006662,ACCT-000328,B0199,2042-04-21,444.18,2026-07-28T21:08:40+00:00
RMT-006663,ACCT-000719,B0199,2042-04-21,557.71,2026-07-28T21:08:40+00:00
RMT-006664,ACCT-000720,B0199,2042-04-21,459.24,2026-07-28T21:08:40+00:00
RMT-006665,ACCT-000721,B0199,2042-04-21,724.28,2026-07-28T21:08:40+00:00
RMT-006666,ACCT-000722,B0199,2042-04-21,486.5,2026-07-28T21:08:40+00:00
RMT-006667,ACCT-000393,B0200,2042-05-21,357.84,2026-07-28T22:32:08+00:00
RMT-006668,ACCT-000102,B0200,2042-05-21,531.64,2026-07-28T22:32:08+00:00
RMT-006669,ACCT-000675,B0200,2042-05-21,460.81,2026-07-28T22:32:08+00:00
RMT-006670,ACCT-000621,B0200,2042-05-21,544.66,2026-07-28T22:32:08+00:00
RMT-006671,ACCT-000550,B0200,2042-05-21,348.41,2026-07-28T22:32:08+00:00
RMT-006672,ACCT-000221,B0200,2042-05-21,78.9,2026-07-28T22:32:08+00:00
RMT-006673,ACCT-000700,B0200,2042-05-21,164.07,2026-07-28T22:32:08+00:00
RMT-006674,ACCT-000689,B0200,2042-05-21,878.63,2026-07-28T22:32:08+00:00
RMT-006675,ACCT-000629,B0200,2042-05-21,873.57,2026-07-28T22:32:08+00:00
RMT-006676,ACCT-000055,B0200,2042-05-21,578.53,2026-07-28T22:32:08+00:00
RMT-006677,ACCT-000640,B0200,2042-05-21,196.41,2026-07-28T22:32:08+00:00
RMT-006678,ACCT-000434,B0200,2042-05-21,645.25,2026-07-28T22:32:08+00:00
RMT-006679,ACCT-000625,B0200,2042-05-21,207.55,2026-07-28T22:32:08+00:00
RMT-006680,ACCT-000486,B0200,2042-05-21,206.73,2026-07-28T22:32:08+00:00
RMT-006681,ACCT-000681,B0200,2042-05-21,231.22,2026-07-28T22:32:08+00:00
RMT-006682,ACCT-000575,B0200,2042-05-21,974.7,2026-07-28T22:32:08+00:00
RMT-006683,ACCT-000132,B0200,2042-05-21,434.41,2026-07-28T22:32:08+00:00
RMT-006684,ACCT-000698,B0200,2042-05-21,924.53,2026-07-28T22:32:08+00:00
RMT-006685,ACCT-000211,B0200,2042-05-21,877.21,2026-07-28T22:32:08+00:00
RMT-006686,ACCT-000029,B0200,2042-05-21,786.21,2026-07-28T22:32:08+00:00
RMT-006687,ACCT-000295,B0200,2042-05-21,905.64,2026-07-28T22:32:08+00:00
RMT-006688,ACCT-000482,B0200,2042-05-21,278.76,2026-07-28T22:32:08+00:00
RMT-006689,ACCT-000064,B0200,2042-05-21,251.0,2026-07-28T22:32:08+00:00
RMT-006690,ACCT-000502,B0200,2042-05-21,460.43,2026-07-28T22:32:08+00:00
RMT-006691,ACCT-000408,B0200,2042-05-21,430.1,2026-07-28T22:32:08+00:00
RMT-006692,ACCT-000657,B0200,2042-05-21,613.73,2026-07-28T22:32:08+00:00
RMT-006693,ACCT-000595,B0200,2042-05-21,942.4,2026-07-28T22:32:08+00:00
RMT-006694,ACCT-000723,B0200,2042-05-21,952.58,2026-07-28T22:32:08+00:00
RMT-006695,ACCT-000724,B0200,2042-05-21,139.42,2026-07-28T22:32:08+00:00
RMT-006696,ACCT-000684,B0201,2042-06-20,679.87,2026-07-28T23:53:30+00:00
RMT-006697,ACCT-000262,B0201,2042-06-20,433.91,2026-07-28T23:53:30+00:00
RMT-006698,ACCT-000661,B0201,2042-06-20,394.17,2026-07-28T23:53:30+00:00
RMT-006699,ACCT-000532,B0201,2042-06-20,560.16,2026-07-28T23:53:30+00:00
RMT-006700,ACCT-000597,B0201,2042-06-20,94.6,2026-07-28T23:53:30+00:00
RMT-006701,ACCT-000424,B0201,2042-06-20,159.48,2026-07-28T23:53:30+00:00
RMT-006702,ACCT-000268,B0201,2042-06-20,931.57,2026-07-28T23:53:30+00:00
RMT-006703,ACCT-000536,B0201,2042-06-20,170.26,2026-07-28T23:53:30+00:00
RMT-006704,ACCT-000671,B0201,2042-06-20,668.17,2026-07-28T23:53:30+00:00
RMT-006705,ACCT-000070,B0201,2042-06-20,395.68,2026-07-28T23:53:30+00:00
RMT-006706,ACCT-000319,B0201,2042-06-20,358.53,2026-07-28T23:53:30+00:00
RMT-006707,ACCT-000451,B0201,2042-06-20,164.58,2026-07-28T23:53:30+00:00
RMT-006708,ACCT-000648,B0201,2042-06-20,616.87,2026-07-28T23:53:30+00:00
RMT-006709,ACCT-000717,B0201,2042-06-20,222.19,2026-07-28T23:53:30+00:00
RMT-006710,ACCT-000636,B0201,2042-06-20,196.17,2026-07-28T23:53:30+00:00
RMT-006711,ACCT-000246,B0201,2042-06-20,398.46,2026-07-28T23:53:30+00:00
RMT-006712,ACCT-000236,B0201,2042-06-20,342.18,2026-07-28T23:53:30+00:00
RMT-006713,ACCT-000446,B0201,2042-06-20,300.13,2026-07-28T23:53:30+00:00
RMT-006714,ACCT-000110,B0201,2042-06-20,256.89,2026-07-28T23:53:30+00:00
RMT-006715,ACCT-000386,B0201,2042-06-20,737.18,2026-07-28T23:53:30+00:00
RMT-006716,ACCT-000567,B0201,2042-06-20,65.88,2026-07-28T23:53:30+00:00
RMT-006717,ACCT-000618,B0201,2042-06-20,19.71,2026-07-28T23:53:30+00:00
RMT-006718,ACCT-000035,B0201,2042-06-20,847.54,2026-07-28T23:53:30+00:00
RMT-006719,ACCT-000080,B0201,2042-06-20,445.34,2026-07-28T23:53:30+00:00
RMT-006720,ACCT-000657,B0201,2042-06-20,77.48,2026-07-28T23:53:30+00:00
RMT-006721,ACCT-000101,B0201,2042-06-20,147.93,2026-07-28T23:53:30+00:00
RMT-006722,ACCT-000436,B0201,2042-06-20,709.62,2026-07-28T23:53:30+00:00
RMT-006723,ACCT-000242,B0201,2042-06-20,184.5,2026-07-28T23:53:30+00:00
RMT-006724,ACCT-000480,B0201,2042-06-20,371.02,2026-07-28T23:53:30+00:00
RMT-006725,ACCT-000725,B0201,2042-06-20,512.51,2026-07-28T23:53:30+00:00
RMT-006726,ACCT-000726,B0201,2042-06-20,807.2,2026-07-28T23:53:30+00:00
RMT-006727,ACCT-000727,B0201,2042-06-20,610.04,2026-07-28T23:53:30+00:00
RMT-006728,ACCT-000274,B0202,2042-07-20,831.39,2026-07-29T01:51:00+00:00
RMT-006729,ACCT-000558,B0202,2042-07-20,346.85,2026-07-29T01:51:00+00:00
RMT-006730,ACCT-000392,B0202,2042-07-20,745.97,2026-07-29T01:51:00+00:00
RMT-006731,ACCT-000472,B0202,2042-07-20,1031.08,2026-07-29T01:51:00+00:00
RMT-006732,ACCT-000723,B0202,2042-07-20,482.23,2026-07-29T01:51:00+00:00
RMT-006733,ACCT-000383,B0202,2042-07-20,817.03,2026-07-29T01:51:00+00:00
RMT-006734,ACCT-000256,B0202,2042-07-20,665.25,2026-07-29T01:51:00+00:00
RMT-006735,ACCT-000372,B0202,2042-07-20,288.65,2026-07-29T01:51:00+00:00
RMT-006736,ACCT-000039,B0202,2042-07-20,293.92,2026-07-29T01:51:00+00:00
RMT-006737,ACCT-000597,B0202,2042-07-20,317.37,2026-07-29T01:51:00+00:00
RMT-006738,ACCT-000415,B0202,2042-07-20,283.63,2026-07-29T01:51:00+00:00
RMT-006739,ACCT-000342,B0202,2042-07-20,956.58,2026-07-29T01:51:00+00:00
RMT-006740,ACCT-000362,B0202,2042-07-20,319.76,2026-07-29T01:51:00+00:00
RMT-006741,ACCT-000071,B0202,2042-07-20,635.95,2026-07-29T01:51:00+00:00
RMT-006742,ACCT-000530,B0202,2042-07-20,206.08,2026-07-29T01:51:00+00:00
RMT-006743,ACCT-000483,B0202,2042-07-20,257.6,2026-07-29T01:51:00+00:00
RMT-006744,ACCT-000194,B0202,2042-07-20,235.72,2026-07-29T01:51:00+00:00
RMT-006745,ACCT-000337,B0202,2042-07-20,457.84,2026-07-29T01:51:00+00:00
RMT-006746,ACCT-000250,B0202,2042-07-20,231.8,2026-07-29T01:51:00+00:00
RMT-006747,ACCT-000509,B0202,2042-07-20,248.34,2026-07-29T01:51:00+00:00
RMT-006748,ACCT-000575,B0202,2042-07-20,375.48,2026-07-29T01:51:00+00:00
RMT-006749,ACCT-000141,B0202,2042-07-20,520.76,2026-07-29T01:51:00+00:00
RMT-006750,ACCT-000379,B0202,2042-07-20,588.38,2026-07-29T01:51:00+00:00
RMT-006751,ACCT-000189,B0202,2042-07-20,765.39,2026-07-29T01:51:00+00:00
RMT-006752,ACCT-000643,B0202,2042-07-20,330.33,2026-07-29T01:51:00+00:00
RMT-006753,ACCT-000055,B0202,2042-07-20,542.81,2026-07-29T01:51:00+00:00
RMT-006754,ACCT-000434,B0202,2042-07-20,206.34,2026-07-29T01:51:00+00:00
RMT-006755,ACCT-000409,B0202,2042-07-20,349.83,2026-07-29T01:51:00+00:00
RMT-006756,ACCT-000663,B0202,2042-07-20,384.98,2026-07-29T01:51:00+00:00
RMT-006757,ACCT-000667,B0202,2042-07-20,680.78,2026-07-29T01:51:00+00:00
RMT-006758,ACCT-000523,B0202,2042-07-20,411.9,2026-07-29T01:51:00+00:00
RMT-006759,ACCT-000110,B0202,2042-07-20,88.79,2026-07-29T01:51:00+00:00
RMT-006760,ACCT-000051,B0202,2042-07-20,503.49,2026-07-29T01:51:00+00:00
RMT-006761,ACCT-000443,B0202,2042-07-20,1092.64,2026-07-29T01:51:00+00:00
RMT-006762,ACCT-000728,B0202,2042-07-20,349.79,2026-07-29T01:51:00+00:00
RMT-006763,ACCT-000729,B0202,2042-07-20,579.16,2026-07-29T01:51:00+00:00
RMT-006764,ACCT-000730,B0202,2042-07-20,141.33,2026-07-29T01:51:00+00:00
RMT-006765,ACCT-000553,B0203,2042-08-19,768.16,2026-07-29T05:14:32+00:00
RMT-006766,ACCT-000099,B0203,2042-08-19,96.38,2026-07-29T05:14:32+00:00
RMT-006767,ACCT-000212,B0203,2042-08-19,136.43,2026-07-29T05:14:32+00:00
RMT-006768,ACCT-000426,B0203,2042-08-19,931.06,2026-07-29T05:14:32+00:00
RMT-006769,ACCT-000273,B0203,2042-08-19,428.02,2026-07-29T05:14:32+00:00
RMT-006770,ACCT-000345,B0203,2042-08-19,275.78,2026-07-29T05:14:32+00:00
RMT-006771,ACCT-000092,B0203,2042-08-19,1014.65,2026-07-29T05:14:32+00:00
RMT-006772,ACCT-000289,B0203,2042-08-19,197.62,2026-07-29T05:14:32+00:00
RMT-006773,ACCT-000188,B0203,2042-08-19,697.09,2026-07-29T05:14:32+00:00
RMT-006774,ACCT-000333,B0203,2042-08-19,977.28,2026-07-29T05:14:32+00:00
RMT-006775,ACCT-000042,B0203,2042-08-19,612.83,2026-07-29T05:14:32+00:00
RMT-006776,ACCT-000196,B0203,2042-08-19,767.52,2026-07-29T05:14:32+00:00
RMT-006777,ACCT-000230,B0203,2042-08-19,481.79,2026-07-29T05:14:32+00:00
RMT-006778,ACCT-000691,B0203,2042-08-19,760.28,2026-07-29T05:14:32+00:00
RMT-006779,ACCT-000256,B0203,2042-08-19,722.29,2026-07-29T05:14:32+00:00
RMT-006780,ACCT-000063,B0203,2042-08-19,201.6,2026-07-29T05:14:32+00:00
RMT-006781,ACCT-000496,B0203,2042-08-19,210.93,2026-07-29T05:14:32+00:00
RMT-006782,ACCT-000175,B0203,2042-08-19,60.89,2026-07-29T05:14:32+00:00
RMT-006783,ACCT-000202,B0203,2042-08-19,602.18,2026-07-29T05:14:32+00:00
RMT-006784,ACCT-000507,B0203,2042-08-19,904.9,2026-07-29T05:14:32+00:00
RMT-006785,ACCT-000222,B0203,2042-08-19,385.91,2026-07-29T05:14:32+00:00
RMT-006786,ACCT-000380,B0203,2042-08-19,601.56,2026-07-29T05:14:32+00:00
RMT-006787,ACCT-000207,B0203,2042-08-19,588.66,2026-07-29T05:14:32+00:00
RMT-006788,ACCT-000353,B0203,2042-08-19,579.35,2026-07-29T05:14:32+00:00
RMT-006789,ACCT-000509,B0203,2042-08-19,1143.55,2026-07-29T05:14:32+00:00
RMT-006790,ACCT-000475,B0203,2042-08-19,428.08,2026-07-29T05:14:32+00:00
RMT-006791,ACCT-000525,B0203,2042-08-19,869.36,2026-07-29T05:14:32+00:00
RMT-006792,ACCT-000492,B0203,2042-08-19,291.71,2026-07-29T05:14:32+00:00
RMT-006793,ACCT-000210,B0203,2042-08-19,355.5,2026-07-29T05:14:32+00:00
RMT-006794,ACCT-000136,B0203,2042-08-19,324.54,2026-07-29T05:14:32+00:00
RMT-006795,ACCT-000530,B0203,2042-08-19,658.83,2026-07-29T05:14:32+00:00
RMT-006796,ACCT-000731,B0203,2042-08-19,217.88,2026-07-29T05:14:32+00:00
RMT-006797,ACCT-000732,B0203,2042-08-19,295.77,2026-07-29T05:14:32+00:00
RMT-006798,ACCT-000733,B0203,2042-08-19,812.56,2026-07-29T05:14:32+00:00
RMT-006799,ACCT-000220,B0204,2042-09-18,439.31,2026-07-29T08:03:24+00:00
RMT-006800,ACCT-000156,B0204,2042-09-18,479.6,2026-07-29T08:03:24+00:00
RMT-006801,ACCT-000537,B0204,2042-09-18,213.83,2026-07-29T08:03:24+00:00
RMT-006802,ACCT-000112,B0204,2042-09-18,66.01,2026-07-29T08:03:24+00:00
RMT-006803,ACCT-000474,B0204,2042-09-18,445.43,2026-07-29T08:03:24+00:00
RMT-006804,ACCT-000494,B0204,2042-09-18,205.0,2026-07-29T08:03:24+00:00
RMT-006805,ACCT-000081,B0204,2042-09-18,1080.32,2026-07-29T08:03:24+00:00
RMT-006806,ACCT-000411,B0204,2042-09-18,1161.52,2026-07-29T08:03:24+00:00
RMT-006807,ACCT-000142,B0204,2042-09-18,559.65,2026-07-29T08:03:24+00:00
RMT-006808,ACCT-000626,B0204,2042-09-18,775.43,2026-07-29T08:03:24+00:00
RMT-006809,ACCT-000373,B0204,2042-09-18,777.12,2026-07-29T08:03:24+00:00
RMT-006810,ACCT-000674,B0204,2042-09-18,256.99,2026-07-29T08:03:24+00:00
RMT-006811,ACCT-000446,B0204,2042-09-18,657.37,2026-07-29T08:03:24+00:00
RMT-006812,ACCT-000710,B0204,2042-09-18,663.85,2026-07-29T08:03:24+00:00
RMT-006813,ACCT-000021,B0204,2042-09-18,109.49,2026-07-29T08:03:24+00:00
RMT-006814,ACCT-000273,B0204,2042-09-18,812.54,2026-07-29T08:03:24+00:00
RMT-006815,ACCT-000300,B0204,2042-09-18,1058.54,2026-07-29T08:03:24+00:00
RMT-006816,ACCT-000590,B0204,2042-09-18,376.6,2026-07-29T08:03:24+00:00
RMT-006817,ACCT-000241,B0204,2042-09-18,319.03,2026-07-29T08:03:24+00:00
RMT-006818,ACCT-000029,B0204,2042-09-18,265.43,2026-07-29T08:03:24+00:00
RMT-006819,ACCT-000567,B0204,2042-09-18,751.14,2026-07-29T08:03:24+00:00
RMT-006820,ACCT-000635,B0204,2042-09-18,385.59,2026-07-29T08:03:24+00:00
RMT-006821,ACCT-000404,B0204,2042-09-18,332.23,2026-07-29T08:03:24+00:00
RMT-006822,ACCT-000284,B0204,2042-09-18,135.22,2026-07-29T08:03:24+00:00
RMT-006823,ACCT-000500,B0204,2042-09-18,191.29,2026-07-29T08:03:24+00:00
RMT-006824,ACCT-000105,B0204,2042-09-18,910.27,2026-07-29T08:03:24+00:00
RMT-006825,ACCT-000122,B0204,2042-09-18,367.83,2026-07-29T08:03:24+00:00
RMT-006826,ACCT-000734,B0204,2042-09-18,616.11,2026-07-29T08:03:24+00:00
RMT-006827,ACCT-000735,B0204,2042-09-18,70.24,2026-07-29T08:03:24+00:00
RMT-006828,ACCT-000736,B0204,2042-09-18,541.41,2026-07-29T08:03:24+00:00
RMT-006829,ACCT-000595,B0205,2042-10-18,668.83,2026-07-29T11:00:58+00:00
RMT-006830,ACCT-000213,B0205,2042-10-18,716.37,2026-07-29T11:00:58+00:00
RMT-006831,ACCT-000732,B0205,2042-10-18,994.77,2026-07-29T11:00:58+00:00
RMT-006832,ACCT-000525,B0205,2042-10-18,744.35,2026-07-29T11:00:58+00:00
RMT-006833,ACCT-000696,B0205,2042-10-18,260.46,2026-07-29T11:00:58+00:00
RMT-006834,ACCT-000326,B0205,2042-10-18,175.73,2026-07-29T11:00:58+00:00
RMT-006835,ACCT-000409,B0205,2042-10-18,562.76,2026-07-29T11:00:58+00:00
RMT-006836,ACCT-000485,B0205,2042-10-18,711.42,2026-07-29T11:00:58+00:00
RMT-006837,ACCT-000591,B0205,2042-10-18,849.07,2026-07-29T11:00:58+00:00
RMT-006838,ACCT-000118,B0205,2042-10-18,618.5,2026-07-29T11:00:58+00:00
RMT-006839,ACCT-000590,B0205,2042-10-18,399.86,2026-07-29T11:00:58+00:00
RMT-006840,ACCT-000092,B0205,2042-10-18,285.83,2026-07-29T11:00:58+00:00
RMT-006841,ACCT-000237,B0205,2042-10-18,295.31,2026-07-29T11:00:58+00:00
RMT-006842,ACCT-000009,B0205,2042-10-18,370.49,2026-07-29T11:00:58+00:00
RMT-006843,ACCT-000709,B0205,2042-10-18,823.39,2026-07-29T11:00:58+00:00
RMT-006844,ACCT-000186,B0205,2042-10-18,50.53,2026-07-29T11:00:58+00:00
RMT-006845,ACCT-000407,B0205,2042-10-18,237.24,2026-07-29T11:00:58+00:00
RMT-006846,ACCT-000276,B0205,2042-10-18,24.78,2026-07-29T11:00:58+00:00
RMT-006847,ACCT-000703,B0205,2042-10-18,336.77,2026-07-29T11:00:58+00:00
RMT-006848,ACCT-000634,B0205,2042-10-18,850.87,2026-07-29T11:00:58+00:00
RMT-006849,ACCT-000587,B0205,2042-10-18,268.76,2026-07-29T11:00:58+00:00
RMT-006850,ACCT-000581,B0205,2042-10-18,546.47,2026-07-29T11:00:58+00:00
RMT-006851,ACCT-000540,B0205,2042-10-18,662.85,2026-07-29T11:00:58+00:00
RMT-006852,ACCT-000082,B0205,2042-10-18,324.28,2026-07-29T11:00:58+00:00
RMT-006853,ACCT-000080,B0205,2042-10-18,58.58,2026-07-29T11:00:58+00:00
RMT-006854,ACCT-000664,B0205,2042-10-18,1040.34,2026-07-29T11:00:58+00:00
RMT-006855,ACCT-000177,B0205,2042-10-18,855.29,2026-07-29T11:00:58+00:00
RMT-006856,ACCT-000169,B0205,2042-10-18,476.1,2026-07-29T11:00:58+00:00
RMT-006857,ACCT-000135,B0205,2042-10-18,1017.78,2026-07-29T11:00:58+00:00
RMT-006858,ACCT-000311,B0205,2042-10-18,702.87,2026-07-29T11:00:58+00:00
RMT-006859,ACCT-000654,B0205,2042-10-18,680.24,2026-07-29T11:00:58+00:00
RMT-006860,ACCT-000461,B0205,2042-10-18,899.14,2026-07-29T11:00:58+00:00
RMT-006861,ACCT-000737,B0205,2042-10-18,530.7,2026-07-29T11:00:58+00:00
RMT-006862,ACCT-000738,B0205,2042-10-18,363.46,2026-07-29T11:00:58+00:00
RMT-006863,ACCT-000739,B0205,2042-10-18,963.48,2026-07-29T11:00:58+00:00
RMT-006864,ACCT-000688,B0206,2042-11-17,65.9,2026-07-29T13:12:34+00:00
RMT-006865,ACCT-000069,B0206,2042-11-17,955.82,2026-07-29T13:12:34+00:00
RMT-006866,ACCT-000706,B0206,2042-11-17,355.32,2026-07-29T13:12:34+00:00
RMT-006867,ACCT-000601,B0206,2042-11-17,431.71,2026-07-29T13:12:34+00:00
RMT-006868,ACCT-000721,B0206,2042-11-17,593.18,2026-07-29T13:12:34+00:00
RMT-006869,ACCT-000173,B0206,2042-11-17,304.89,2026-07-29T13:12:34+00:00
RMT-006870,ACCT-000172,B0206,2042-11-17,720.35,2026-07-29T13:12:34+00:00
RMT-006871,ACCT-000418,B0206,2042-11-17,347.24,2026-07-29T13:12:34+00:00
RMT-006872,ACCT-000478,B0206,2042-11-17,506.55,2026-07-29T13:12:34+00:00
RMT-006873,ACCT-000304,B0206,2042-11-17,261.17,2026-07-29T13:12:34+00:00
RMT-006874,ACCT-000001,B0206,2042-11-17,456.62,2026-07-29T13:12:34+00:00
RMT-006875,ACCT-000474,B0206,2042-11-17,407.75,2026-07-29T13:12:34+00:00
RMT-006876,ACCT-000337,B0206,2042-11-17,147.31,2026-07-29T13:12:34+00:00
RMT-006877,ACCT-000117,B0206,2042-11-17,415.83,2026-07-29T13:12:34+00:00
RMT-006878,ACCT-000160,B0206,2042-11-17,539.3,2026-07-29T13:12:34+00:00
RMT-006879,ACCT-000505,B0206,2042-11-17,644.5,2026-07-29T13:12:34+00:00
RMT-006880,ACCT-000350,B0206,2042-11-17,292.44,2026-07-29T13:12:34+00:00
RMT-006881,ACCT-000522,B0206,2042-11-17,610.09,2026-07-29T13:12:34+00:00
RMT-006882,ACCT-000287,B0206,2042-11-17,1031.54,2026-07-29T13:12:34+00:00
RMT-006883,ACCT-000464,B0206,2042-11-17,353.49,2026-07-29T13:12:34+00:00
RMT-006884,ACCT-000063,B0206,2042-11-17,170.31,2026-07-29T13:12:34+00:00
RMT-006885,ACCT-000215,B0206,2042-11-17,589.51,2026-07-29T13:12:34+00:00
RMT-006886,ACCT-000501,B0206,2042-11-17,600.46,2026-07-29T13:12:34+00:00
RMT-006887,ACCT-000133,B0206,2042-11-17,379.61,2026-07-29T13:12:34+00:00
RMT-006888,ACCT-000165,B0206,2042-11-17,127.94,2026-07-29T13:12:34+00:00
RMT-006889,ACCT-000701,B0206,2042-11-17,205.28,2026-07-29T13:12:34+00:00
RMT-006890,ACCT-000619,B0206,2042-11-17,599.54,2026-07-29T13:12:34+00:00
RMT-006891,ACCT-000213,B0206,2042-11-17,709.51,2026-07-29T13:12:34+00:00
RMT-006892,ACCT-000224,B0206,2042-11-17,711.16,2026-07-29T13:12:34+00:00
RMT-006893,ACCT-000600,B0206,2042-11-17,506.16,2026-07-29T13:12:34+00:00
RMT-006894,ACCT-000121,B0206,2042-11-17,609.43,2026-07-29T13:12:34+00:00
RMT-006895,ACCT-000091,B0206,2042-11-17,239.37,2026-07-29T13:12:34+00:00
RMT-006896,ACCT-000711,B0206,2042-11-17,296.01,2026-07-29T13:12:34+00:00
RMT-006897,ACCT-000740,B0206,2042-11-17,1047.79,2026-07-29T13:12:34+00:00
RMT-006898,ACCT-000741,B0206,2042-11-17,167.74,2026-07-29T13:12:34+00:00
RMT-006899,ACCT-000742,B0206,2042-11-17,714.83,2026-07-29T13:12:34+00:00
RMT-006900,ACCT-000743,B0206,2042-11-17,201.63,2026-07-29T13:12:34+00:00
RMT-006901,ACCT-000479,B0207,2042-12-17,557.48,2026-07-29T15:26:33+00:00
RMT-006902,ACCT-000589,B0207,2042-12-17,248.61,2026-07-29T15:26:33+00:00
RMT-006903,ACCT-000189,B0207,2042-12-17,272.15,2026-07-29T15:26:33+00:00
RMT-006904,ACCT-000231,B0207,2042-12-17,371.67,2026-07-29T15:26:33+00:00
RMT-006905,ACCT-000485,B0207,2042-12-17,349.7,2026-07-29T15:26:33+00:00
RMT-006906,ACCT-000076,B0207,2042-12-17,930.92,2026-07-29T15:26:33+00:00
RMT-006907,ACCT-000398,B0207,2042-12-17,546.99,2026-07-29T15:26:33+00:00
RMT-006908,ACCT-000277,B0207,2042-12-17,349.33,2026-07-29T15:26:33+00:00
RMT-006909,ACCT-000033,B0207,2042-12-17,353.01,2026-07-29T15:26:33+00:00
RMT-006910,ACCT-000066,B0207,2042-12-17,532.55,2026-07-29T15:26:33+00:00
RMT-006911,ACCT-000657,B0207,2042-12-17,633.48,2026-07-29T15:26:33+00:00
RMT-006912,ACCT-000714,B0207,2042-12-17,606.28,2026-07-29T15:26:33+00:00
RMT-006913,ACCT-000169,B0207,2042-12-17,1014.91,2026-07-29T15:26:33+00:00
RMT-006914,ACCT-000401,B0207,2042-12-17,1092.54,2026-07-29T15:26:33+00:00
RMT-006915,ACCT-000209,B0207,2042-12-17,472.86,2026-07-29T15:26:33+00:00
RMT-006916,ACCT-000664,B0207,2042-12-17,96.38,2026-07-29T15:26:33+00:00
RMT-006917,ACCT-000386,B0207,2042-12-17,827.01,2026-07-29T15:26:33+00:00
RMT-006918,ACCT-000146,B0207,2042-12-17,616.54,2026-07-29T15:26:33+00:00
RMT-006919,ACCT-000429,B0207,2042-12-17,606.38,2026-07-29T15:26:33+00:00
RMT-006920,ACCT-000407,B0207,2042-12-17,445.8,2026-07-29T15:26:33+00:00
RMT-006921,ACCT-000442,B0207,2042-12-17,555.61,2026-07-29T15:26:33+00:00
RMT-006922,ACCT-000193,B0207,2042-12-17,509.07,2026-07-29T15:26:33+00:00
RMT-006923,ACCT-000138,B0207,2042-12-17,205.29,2026-07-29T15:26:33+00:00
RMT-006924,ACCT-000250,B0207,2042-12-17,84.72,2026-07-29T15:26:33+00:00
RMT-006925,ACCT-000414,B0207,2042-12-17,944.5,2026-07-29T15:26:33+00:00
RMT-006926,ACCT-000625,B0207,2042-12-17,494.51,2026-07-29T15:26:33+00:00
RMT-006927,ACCT-000458,B0207,2042-12-17,1075.49,2026-07-29T15:26:33+00:00
RMT-006928,ACCT-000230,B0207,2042-12-17,141.73,2026-07-29T15:26:33+00:00
RMT-006929,ACCT-000521,B0207,2042-12-17,256.68,2026-07-29T15:26:33+00:00
RMT-006930,ACCT-000364,B0207,2042-12-17,503.65,2026-07-29T15:26:33+00:00
RMT-006931,ACCT-000296,B0207,2042-12-17,925.49,2026-07-29T15:26:33+00:00
RMT-006932,ACCT-000242,B0207,2042-12-17,453.14,2026-07-29T15:26:33+00:00
RMT-006933,ACCT-000716,B0207,2042-12-17,363.78,2026-07-29T15:26:33+00:00
RMT-006934,ACCT-000375,B0207,2042-12-17,472.42,2026-07-29T15:26:33+00:00
RMT-006935,ACCT-000720,B0207,2042-12-17,108.71,2026-07-29T15:26:33+00:00
RMT-006936,ACCT-000744,B0207,2042-12-17,400.35,2026-07-29T15:26:33+00:00
RMT-006937,ACCT-000745,B0207,2042-12-17,297.6,2026-07-29T15:26:33+00:00
RMT-006938,ACCT-000355,B0208,2043-01-16,678.42,2026-07-29T16:48:04+00:00
RMT-006939,ACCT-000058,B0208,2043-01-16,75.37,2026-07-29T16:48:04+00:00
RMT-006940,ACCT-000508,B0208,2043-01-16,403.84,2026-07-29T16:48:04+00:00
RMT-006941,ACCT-000094,B0208,2043-01-16,792.48,2026-07-29T16:48:04+00:00
RMT-006942,ACCT-000123,B0208,2043-01-16,184.33,2026-07-29T16:48:04+00:00
RMT-006943,ACCT-000311,B0208,2043-01-16,15.83,2026-07-29T16:48:04+00:00
RMT-006944,ACCT-000212,B0208,2043-01-16,485.06,2026-07-29T16:48:04+00:00
RMT-006945,ACCT-000150,B0208,2043-01-16,385.38,2026-07-29T16:48:04+00:00
RMT-006946,ACCT-000485,B0208,2043-01-16,212.21,2026-07-29T16:48:04+00:00
RMT-006947,ACCT-000641,B0208,2043-01-16,214.37,2026-07-29T16:48:04+00:00
RMT-006948,ACCT-000014,B0208,2043-01-16,689.7,2026-07-29T16:48:04+00:00
RMT-006949,ACCT-000670,B0208,2043-01-16,878.37,2026-07-29T16:48:04+00:00
RMT-006950,ACCT-000146,B0208,2043-01-16,578.25,2026-07-29T16:48:04+00:00
RMT-006951,ACCT-000613,B0208,2043-01-16,685.92,2026-07-29T16:48:04+00:00
RMT-006952,ACCT-000192,B0208,2043-01-16,174.71,2026-07-29T16:48:04+00:00
RMT-006953,ACCT-000516,B0208,2043-01-16,49.44,2026-07-29T16:48:04+00:00
RMT-006954,ACCT-000668,B0208,2043-01-16,1053.19,2026-07-29T16:48:04+00:00
RMT-006955,ACCT-000364,B0208,2043-01-16,399.51,2026-07-29T16:48:04+00:00
RMT-006956,ACCT-000361,B0208,2043-01-16,127.65,2026-07-29T16:48:04+00:00
RMT-006957,ACCT-000352,B0208,2043-01-16,604.8,2026-07-29T16:48:04+00:00
RMT-006958,ACCT-000530,B0208,2043-01-16,923.45,2026-07-29T16:48:04+00:00
RMT-006959,ACCT-000452,B0208,2043-01-16,877.55,2026-07-29T16:48:04+00:00
RMT-006960,ACCT-000725,B0208,2043-01-16,304.15,2026-07-29T16:48:04+00:00
RMT-006961,ACCT-000114,B0208,2043-01-16,125.67,2026-07-29T16:48:04+00:00
RMT-006962,ACCT-000685,B0208,2043-01-16,308.56,2026-07-29T16:48:04+00:00
RMT-006963,ACCT-000371,B0208,2043-01-16,785.97,2026-07-29T16:48:04+00:00
RMT-006964,ACCT-000746,B0208,2043-01-16,881.58,2026-07-29T16:48:04+00:00
RMT-006965,ACCT-000747,B0208,2043-01-16,415.51,2026-07-29T16:48:04+00:00
RMT-006966,ACCT-000748,B0208,2043-01-16,479.61,2026-07-29T16:48:04+00:00
RMT-006967,ACCT-000643,B0209,2043-02-15,200.78,2026-07-29T18:02:22+00:00
RMT-006968,ACCT-000196,B0209,2043-02-15,456.3,2026-07-29T18:02:22+00:00
RMT-006969,ACCT-000229,B0209,2043-02-15,176.83,2026-07-29T18:02:22+00:00
RMT-006970,ACCT-000066,B0209,2043-02-15,387.64,2026-07-29T18:02:22+00:00
RMT-006971,ACCT-000334,B0209,2043-02-15,926.19,2026-07-29T18:02:22+00:00
RMT-006972,ACCT-000147,B0209,2043-02-15,634.57,2026-07-29T18:02:22+00:00
RMT-006973,ACCT-000387,B0209,2043-02-15,580.02,2026-07-29T18:02:22+00:00
RMT-006974,ACCT-000563,B0209,2043-02-15,767.03,2026-07-29T18:02:22+00:00
RMT-006975,ACCT-000405,B0209,2043-02-15,126.16,2026-07-29T18:02:22+00:00
RMT-006976,ACCT-000487,B0209,2043-02-15,613.54,2026-07-29T18:02:22+00:00
RMT-006977,ACCT-000232,B0209,2043-02-15,124.53,2026-07-29T18:02:22+00:00
RMT-006978,ACCT-000282,B0209,2043-02-15,336.43,2026-07-29T18:02:22+00:00
RMT-006979,ACCT-000490,B0209,2043-02-15,772.45,2026-07-29T18:02:22+00:00
RMT-006980,ACCT-000647,B0209,2043-02-15,541.68,2026-07-29T18:02:22+00:00
RMT-006981,ACCT-000140,B0209,2043-02-15,871.84,2026-07-29T18:02:22+00:00
RMT-006982,ACCT-000071,B0209,2043-02-15,1291.61,2026-07-29T18:02:22+00:00
RMT-006983,ACCT-000707,B0209,2043-02-15,684.42,2026-07-29T18:02:22+00:00
RMT-006984,ACCT-000084,B0209,2043-02-15,1047.87,2026-07-29T18:02:22+00:00
RMT-006985,ACCT-000383,B0209,2043-02-15,825.73,2026-07-29T18:02:22+00:00
RMT-006986,ACCT-000678,B0209,2043-02-15,120.62,2026-07-29T18:02:22+00:00
RMT-006987,ACCT-000510,B0209,2043-02-15,265.38,2026-07-29T18:02:22+00:00
RMT-006988,ACCT-000195,B0209,2043-02-15,173.99,2026-07-29T18:02:22+00:00
RMT-006989,ACCT-000215,B0209,2043-02-15,621.43,2026-07-29T18:02:22+00:00
RMT-006990,ACCT-000622,B0209,2043-02-15,122.93,2026-07-29T18:02:22+00:00
RMT-006991,ACCT-000015,B0209,2043-02-15,878.86,2026-07-29T18:02:22+00:00
RMT-006992,ACCT-000359,B0209,2043-02-15,110.74,2026-07-29T18:02:22+00:00
RMT-006993,ACCT-000742,B0209,2043-02-15,522.22,2026-07-29T18:02:22+00:00
RMT-006994,ACCT-000749,B0209,2043-02-15,522.01,2026-07-29T18:02:22+00:00
RMT-006995,ACCT-000750,B0209,2043-02-15,921.45,2026-07-29T18:02:22+00:00
RMT-006996,ACCT-000751,B0209,2043-02-15,354.98,2026-07-29T18:02:22+00:00
RMT-006997,ACCT-000702,B0210,2043-03-17,605.29,2026-07-29T19:51:18+00:00
RMT-006998,ACCT-000169,B0210,2043-03-17,702.73,2026-07-29T19:51:18+00:00
RMT-006999,ACCT-000276,B0210,2043-03-17,466.71,2026-07-29T19:51:18+00:00
RMT-007000,ACCT-000585,B0210,2043-03-17,231.48,2026-07-29T19:51:18+00:00
RMT-007001,ACCT-000489,B0210,2043-03-17,87.12,2026-07-29T19:51:18+00:00
RMT-007002,ACCT-000448,B0210,2043-03-17,1323.47,2026-07-29T19:51:18+00:00
RMT-007003,ACCT-000590,B0210,2043-03-17,629.62,2026-07-29T19:51:18+00:00
RMT-007004,ACCT-000176,B0210,2043-03-17,99.08,2026-07-29T19:51:18+00:00
RMT-007005,ACCT-000301,B0210,2043-03-17,459.68,2026-07-29T19:51:18+00:00
RMT-007006,ACCT-000545,B0210,2043-03-17,824.44,2026-07-29T19:51:18+00:00
RMT-007007,ACCT-000388,B0210,2043-03-17,79.65,2026-07-29T19:51:18+00:00
RMT-007008,ACCT-000652,B0210,2043-03-17,714.38,2026-07-29T19:51:18+00:00
RMT-007009,ACCT-000226,B0210,2043-03-17,237.79,2026-07-29T19:51:18+00:00
RMT-007010,ACCT-000432,B0210,2043-03-17,1125.18,2026-07-29T19:51:18+00:00
RMT-007011,ACCT-000362,B0210,2043-03-17,1006.67,2026-07-29T19:51:18+00:00
RMT-007012,ACCT-000579,B0210,2043-03-17,636.67,2026-07-29T19:51:18+00:00
RMT-007013,ACCT-000041,B0210,2043-03-17,1203.16,2026-07-29T19:51:18+00:00
RMT-007014,ACCT-000612,B0210,2043-03-17,573.59,2026-07-29T19:51:18+00:00
RMT-007015,ACCT-000006,B0210,2043-03-17,212.82,2026-07-29T19:51:18+00:00
RMT-007016,ACCT-000566,B0210,2043-03-17,229.38,2026-07-29T19:51:18+00:00
RMT-007017,ACCT-000234,B0210,2043-03-17,59.88,2026-07-29T19:51:18+00:00
RMT-007018,ACCT-000342,B0210,2043-03-17,602.87,2026-07-29T19:51:18+00:00
RMT-007019,ACCT-000179,B0210,2043-03-17,292.79,2026-07-29T19:51:18+00:00
RMT-007020,ACCT-000380,B0210,2043-03-17,645.3,2026-07-29T19:51:18+00:00
RMT-007021,ACCT-000674,B0210,2043-03-17,502.75,2026-07-29T19:51:18+00:00
RMT-007022,ACCT-000351,B0210,2043-03-17,202.06,2026-07-29T19:51:18+00:00
RMT-007023,ACCT-000182,B0210,2043-03-17,308.94,2026-07-29T19:51:18+00:00
RMT-007024,ACCT-000752,B0210,2043-03-17,576.27,2026-07-29T19:51:18+00:00
RMT-007025,ACCT-000753,B0210,2043-03-17,60.81,2026-07-29T19:51:18+00:00
RMT-007026,ACCT-000521,B0211,2043-04-16,963.06,2026-07-29T20:44:55+00:00
RMT-007027,ACCT-000554,B0211,2043-04-16,367.02,2026-07-29T20:44:55+00:00
RMT-007028,ACCT-000326,B0211,2043-04-16,681.57,2026-07-29T20:44:55+00:00
RMT-007029,ACCT-000297,B0211,2043-04-16,668.06,2026-07-29T20:44:55+00:00
RMT-007030,ACCT-000539,B0211,2043-04-16,258.01,2026-07-29T20:44:55+00:00
RMT-007031,ACCT-000217,B0211,2043-04-16,688.22,2026-07-29T20:44:55+00:00
RMT-007032,ACCT-000313,B0211,2043-04-16,427.65,2026-07-29T20:44:55+00:00
RMT-007033,ACCT-000421,B0211,2043-04-16,618.99,2026-07-29T20:44:55+00:00
RMT-007034,ACCT-000206,B0211,2043-04-16,262.85,2026-07-29T20:44:55+00:00
RMT-007035,ACCT-000438,B0211,2043-04-16,667.49,2026-07-29T20:44:55+00:00
RMT-007036,ACCT-000169,B0211,2043-04-16,50.04,2026-07-29T20:44:55+00:00
RMT-007037,ACCT-000240,B0211,2043-04-16,740.02,2026-07-29T20:44:55+00:00
RMT-007038,ACCT-000596,B0211,2043-04-16,779.34,2026-07-29T20:44:55+00:00
RMT-007039,ACCT-000026,B0211,2043-04-16,495.93,2026-07-29T20:44:55+00:00
RMT-007040,ACCT-000062,B0211,2043-04-16,715.8,2026-07-29T20:44:55+00:00
RMT-007041,ACCT-000096,B0211,2043-04-16,506.6,2026-07-29T20:44:55+00:00
RMT-007042,ACCT-000053,B0211,2043-04-16,800.86,2026-07-29T20:44:55+00:00
RMT-007043,ACCT-000704,B0211,2043-04-16,682.72,2026-07-29T20:44:55+00:00
RMT-007044,ACCT-000309,B0211,2043-04-16,679.97,2026-07-29T20:44:55+00:00
RMT-007045,ACCT-000617,B0211,2043-04-16,1227.5,2026-07-29T20:44:55+00:00
RMT-007046,ACCT-000451,B0211,2043-04-16,481.14,2026-07-29T20:44:55+00:00
RMT-007047,ACCT-000531,B0211,2043-04-16,203.53,2026-07-29T20:44:55+00:00
RMT-007048,ACCT-000650,B0211,2043-04-16,96.35,2026-07-29T20:44:55+00:00
RMT-007049,ACCT-000716,B0211,2043-04-16,752.83,2026-07-29T20:44:55+00:00
RMT-007050,ACCT-000594,B0211,2043-04-16,1159.33,2026-07-29T20:44:55+00:00
RMT-007051,ACCT-000035,B0211,2043-04-16,619.45,2026-07-29T20:44:55+00:00
RMT-007052,ACCT-000644,B0211,2043-04-16,238.38,2026-07-29T20:44:55+00:00
RMT-007053,ACCT-000276,B0211,2043-04-16,621.47,2026-07-29T20:44:55+00:00
RMT-007054,ACCT-000743,B0211,2043-04-16,634.13,2026-07-29T20:44:55+00:00
RMT-007055,ACCT-000754,B0211,2043-04-16,354.46,2026-07-29T20:44:55+00:00
RMT-007056,ACCT-000755,B0211,2043-04-16,92.76,2026-07-29T20:44:55+00:00
RMT-007057,ACCT-000756,B0211,2043-04-16,963.68,2026-07-29T20:44:55+00:00
RMT-007058,ACCT-000095,B0212,2043-05-16,224.31,2026-07-29T21:52:47+00:00
RMT-007059,ACCT-000646,B0212,2043-05-16,708.14,2026-07-29T21:52:47+00:00
RMT-007060,ACCT-000229,B0212,2043-05-16,364.34,2026-07-29T21:52:47+00:00
RMT-007061,ACCT-000272,B0212,2043-05-16,250.61,2026-07-29T21:52:47+00:00
RMT-007062,ACCT-000127,B0212,2043-05-16,969.27,2026-07-29T21:52:47+00:00
RMT-007063,ACCT-000324,B0212,2043-05-16,798.17,2026-07-29T21:52:47+00:00
RMT-007064,ACCT-000224,B0212,2043-05-16,906.03,2026-07-29T21:52:47+00:00
RMT-007065,ACCT-000401,B0212,2043-05-16,510.46,2026-07-29T21:52:47+00:00
RMT-007066,ACCT-000541,B0212,2043-05-16,644.51,2026-07-29T21:52:47+00:00
RMT-007067,ACCT-000310,B0212,2043-05-16,340.41,2026-07-29T21:52:47+00:00
RMT-007068,ACCT-000240,B0212,2043-05-16,565.91,2026-07-29T21:52:47+00:00
RMT-007069,ACCT-000036,B0212,2043-05-16,607.92,2026-07-29T21:52:47+00:00
RMT-007070,ACCT-000085,B0212,2043-05-16,939.12,2026-07-29T21:52:47+00:00
RMT-007071,ACCT-000145,B0212,2043-05-16,236.64,2026-07-29T21:52:47+00:00
RMT-007072,ACCT-000319,B0212,2043-05-16,717.56,2026-07-29T21:52:47+00:00
RMT-007073,ACCT-000703,B0212,2043-05-16,115.45,2026-07-29T21:52:47+00:00
RMT-007074,ACCT-000619,B0212,2043-05-16,337.81,2026-07-29T21:52:47+00:00
RMT-007075,ACCT-000390,B0212,2043-05-16,287.08,2026-07-29T21:52:47+00:00
RMT-007076,ACCT-000323,B0212,2043-05-16,820.64,2026-07-29T21:52:47+00:00
RMT-007077,ACCT-000169,B0212,2043-05-16,1122.96,2026-07-29T21:52:47+00:00
RMT-007078,ACCT-000153,B0212,2043-05-16,651.14,2026-07-29T21:52:47+00:00
RMT-007079,ACCT-000594,B0212,2043-05-16,745.75,2026-07-29T21:52:47+00:00
RMT-007080,ACCT-000146,B0212,2043-05-16,420.01,2026-07-29T21:52:47+00:00
RMT-007081,ACCT-000691,B0212,2043-05-16,578.76,2026-07-29T21:52:47+00:00
RMT-007082,ACCT-000007,B0212,2043-05-16,669.25,2026-07-29T21:52:47+00:00
RMT-007083,ACCT-000520,B0212,2043-05-16,903.09,2026-07-29T21:52:47+00:00
RMT-007084,ACCT-000232,B0212,2043-05-16,317.31,2026-07-29T21:52:47+00:00
RMT-007085,ACCT-000196,B0212,2043-05-16,676.7,2026-07-29T21:52:47+00:00
RMT-007086,ACCT-000123,B0212,2043-05-16,518.91,2026-07-29T21:52:47+00:00
RMT-007087,ACCT-000294,B0212,2043-05-16,773.44,2026-07-29T21:52:47+00:00
RMT-007088,ACCT-000705,B0212,2043-05-16,737.55,2026-07-29T21:52:47+00:00
RMT-007089,ACCT-000352,B0212,2043-05-16,1026.12,2026-07-29T21:52:47+00:00
RMT-007090,ACCT-000535,B0212,2043-05-16,210.82,2026-07-29T21:52:47+00:00
RMT-007091,ACCT-000757,B0212,2043-05-16,1018.89,2026-07-29T21:52:47+00:00
RMT-007092,ACCT-000758,B0212,2043-05-16,329.66,2026-07-29T21:52:47+00:00
RMT-007093,ACCT-000044,B0213,2043-06-15,442.69,2026-07-29T22:54:01+00:00
RMT-007094,ACCT-000152,B0213,2043-06-15,849.02,2026-07-29T22:54:01+00:00
RMT-007095,ACCT-000664,B0213,2043-06-15,145.36,2026-07-29T22:54:01+00:00
RMT-007096,ACCT-000345,B0213,2043-06-15,818.09,2026-07-29T22:54:01+00:00
RMT-007097,ACCT-000677,B0213,2043-06-15,1109.91,2026-07-29T22:54:01+00:00
RMT-007098,ACCT-000564,B0213,2043-06-15,346.72,2026-07-29T22:54:01+00:00
RMT-007099,ACCT-000056,B0213,2043-06-15,828.51,2026-07-29T22:54:01+00:00
RMT-007100,ACCT-000444,B0213,2043-06-15,576.57,2026-07-29T22:54:01+00:00
RMT-007101,ACCT-000731,B0213,2043-06-15,974.06,2026-07-29T22:54:01+00:00
RMT-007102,ACCT-000753,B0213,2043-06-15,210.39,2026-07-29T22:54:01+00:00
RMT-007103,ACCT-000623,B0213,2043-06-15,658.25,2026-07-29T22:54:01+00:00
RMT-007104,ACCT-000594,B0213,2043-06-15,121.82,2026-07-29T22:54:01+00:00
RMT-007105,ACCT-000070,B0213,2043-06-15,983.72,2026-07-29T22:54:01+00:00
RMT-007106,ACCT-000280,B0213,2043-06-15,839.45,2026-07-29T22:54:01+00:00
RMT-007107,ACCT-000271,B0213,2043-06-15,35.12,2026-07-29T22:54:01+00:00
RMT-007108,ACCT-000478,B0213,2043-06-15,80.97,2026-07-29T22:54:01+00:00
RMT-007109,ACCT-000635,B0213,2043-06-15,33.23,2026-07-29T22:54:01+00:00
RMT-007110,ACCT-000531,B0213,2043-06-15,528.61,2026-07-29T22:54:01+00:00
RMT-007111,ACCT-000732,B0213,2043-06-15,687.55,2026-07-29T22:54:01+00:00
RMT-007112,ACCT-000382,B0213,2043-06-15,686.67,2026-07-29T22:54:01+00:00
RMT-007113,ACCT-000457,B0213,2043-06-15,2.06,2026-07-29T22:54:01+00:00
RMT-007114,ACCT-000266,B0213,2043-06-15,670.99,2026-07-29T22:54:01+00:00
RMT-007115,ACCT-000627,B0213,2043-06-15,736.9,2026-07-29T22:54:01+00:00
RMT-007116,ACCT-000743,B0213,2043-06-15,528.27,2026-07-29T22:54:01+00:00
RMT-007117,ACCT-000146,B0213,2043-06-15,314.15,2026-07-29T22:54:01+00:00
RMT-007118,ACCT-000041,B0213,2043-06-15,1167.37,2026-07-29T22:54:01+00:00
RMT-007119,ACCT-000654,B0213,2043-06-15,658.62,2026-07-29T22:54:01+00:00
RMT-007120,ACCT-000031,B0213,2043-06-15,332.46,2026-07-29T22:54:01+00:00
RMT-007121,ACCT-000147,B0213,2043-06-15,374.29,2026-07-29T22:54:01+00:00
RMT-007122,ACCT-000304,B0213,2043-06-15,270.23,2026-07-29T22:54:01+00:00
RMT-007123,ACCT-000158,B0213,2043-06-15,346.14,2026-07-29T22:54:01+00:00
RMT-007124,ACCT-000090,B0213,2043-06-15,846.29,2026-07-29T22:54:01+00:00
RMT-007125,ACCT-000663,B0213,2043-06-15,190.77,2026-07-29T22:54:01+00:00
RMT-007126,ACCT-000759,B0213,2043-06-15,810.68,2026-07-29T22:54:01+00:00
RMT-007127,ACCT-000760,B0213,2043-06-15,540.09,2026-07-29T22:54:01+00:00
RMT-007128,ACCT-000761,B0213,2043-06-15,710.22,2026-07-29T22:54:01+00:00
RMT-007129,ACCT-000762,B0213,2043-06-15,885.28,2026-07-29T22:54:01+00:00
RMT-007130,ACCT-000685,B0214,2043-07-15,724.75,2026-07-29T23:55:25+00:00
RMT-007131,ACCT-000029,B0214,2043-07-15,260.26,2026-07-29T23:55:25+00:00
RMT-007132,ACCT-000333,B0214,2043-07-15,247.33,2026-07-29T23:55:25+00:00
RMT-007133,ACCT-000105,B0214,2043-07-15,1305.5,2026-07-29T23:55:25+00:00
RMT-007134,ACCT-000731,B0214,2043-07-15,932.27,2026-07-29T23:55:25+00:00
RMT-007135,ACCT-000681,B0214,2043-07-15,752.51,2026-07-29T23:55:25+00:00
RMT-007136,ACCT-000235,B0214,2043-07-15,490.9,2026-07-29T23:55:25+00:00
RMT-007137,ACCT-000340,B0214,2043-07-15,859.74,2026-07-29T23:55:25+00:00
RMT-007138,ACCT-000182,B0214,2043-07-15,96.38,2026-07-29T23:55:25+00:00
RMT-007139,ACCT-000025,B0214,2043-07-15,247.14,2026-07-29T23:55:25+00:00
RMT-007140,ACCT-000307,B0214,2043-07-15,919.38,2026-07-29T23:55:25+00:00
RMT-007141,ACCT-000652,B0214,2043-07-15,1107.24,2026-07-29T23:55:25+00:00
RMT-007142,ACCT-000066,B0214,2043-07-15,385.69,2026-07-29T23:55:25+00:00
RMT-007143,ACCT-000713,B0214,2043-07-15,103.76,2026-07-29T23:55:25+00:00
RMT-007144,ACCT-000382,B0214,2043-07-15,457.74,2026-07-29T23:55:25+00:00
RMT-007145,ACCT-000071,B0214,2043-07-15,877.68,2026-07-29T23:55:25+00:00
RMT-007146,ACCT-000565,B0214,2043-07-15,629.94,2026-07-29T23:55:25+00:00
RMT-007147,ACCT-000178,B0214,2043-07-15,412.39,2026-07-29T23:55:25+00:00
RMT-007148,ACCT-000195,B0214,2043-07-15,76.3,2026-07-29T23:55:25+00:00
RMT-007149,ACCT-000497,B0214,2043-07-15,525.04,2026-07-29T23:55:25+00:00
RMT-007150,ACCT-000433,B0214,2043-07-15,416.19,2026-07-29T23:55:25+00:00
RMT-007151,ACCT-000048,B0214,2043-07-15,149.99,2026-07-29T23:55:25+00:00
RMT-007152,ACCT-000254,B0214,2043-07-15,238.27,2026-07-29T23:55:25+00:00
RMT-007153,ACCT-000288,B0214,2043-07-15,1469.53,2026-07-29T23:55:25+00:00
RMT-007154,ACCT-000141,B0214,2043-07-15,307.66,2026-07-29T23:55:25+00:00
RMT-007155,ACCT-000637,B0214,2043-07-15,977.28,2026-07-29T23:55:25+00:00
RMT-007156,ACCT-000429,B0214,2043-07-15,509.94,2026-07-29T23:55:25+00:00
RMT-007157,ACCT-000258,B0214,2043-07-15,899.4,2026-07-29T23:55:25+00:00
RMT-007158,ACCT-000763,B0214,2043-07-15,262.45,2026-07-29T23:55:25+00:00
RMT-007159,ACCT-000764,B0214,2043-07-15,1212.29,2026-07-29T23:55:25+00:00
RMT-007160,ACCT-000765,B0214,2043-07-15,398.45,2026-07-29T23:55:25+00:00
RMT-007161,ACCT-000766,B0214,2043-07-15,1102.84,2026-07-29T23:55:25+00:00
RMT-007162,ACCT-000139,B0215,2043-08-14,465.59,2026-07-30T01:43:52+00:00
RMT-007163,ACCT-000350,B0215,2043-08-14,805.69,2026-07-30T01:43:52+00:00
RMT-007164,ACCT-000689,B0215,2043-08-14,389.41,2026-07-30T01:43:52+00:00
RMT-007165,ACCT-000313,B0215,2043-08-14,404.85,2026-07-30T01:43:52+00:00
RMT-007166,ACCT-000655,B0215,2043-08-14,499.91,2026-07-30T01:43:52+00:00
RMT-007167,ACCT-000067,B0215,2043-08-14,890.01,2026-07-30T01:43:52+00:00
RMT-007168,ACCT-000699,B0215,2043-08-14,785.1,2026-07-30T01:43:52+00:00
RMT-007169,ACCT-000520,B0215,2043-08-14,677.3,2026-07-30T01:43:52+00:00
RMT-007170,ACCT-000195,B0215,2043-08-14,719.29,2026-07-30T01:43:52+00:00
RMT-007171,ACCT-000507,B0215,2043-08-14,552.47,2026-07-30T01:43:52+00:00
RMT-007172,ACCT-000757,B0215,2043-08-14,202.23,2026-07-30T01:43:52+00:00
RMT-007173,ACCT-000390,B0215,2043-08-14,615.19,2026-07-30T01:43:52+00:00
RMT-007174,ACCT-000330,B0215,2043-08-14,534.54,2026-07-30T01:43:52+00:00
RMT-007175,ACCT-000583,B0215,2043-08-14,763.95,2026-07-30T01:43:52+00:00
RMT-007176,ACCT-000227,B0215,2043-08-14,577.98,2026-07-30T01:43:52+00:00
RMT-007177,ACCT-000476,B0215,2043-08-14,34.87,2026-07-30T01:43:52+00:00
RMT-007178,ACCT-000691,B0215,2043-08-14,128.35,2026-07-30T01:43:52+00:00
RMT-007179,ACCT-000146,B0215,2043-08-14,464.13,2026-07-30T01:43:52+00:00
RMT-007180,ACCT-000015,B0215,2043-08-14,671.23,2026-07-30T01:43:52+00:00
RMT-007181,ACCT-000750,B0215,2043-08-14,607.29,2026-07-30T01:43:52+00:00
RMT-007182,ACCT-000040,B0215,2043-08-14,482.88,2026-07-30T01:43:52+00:00
RMT-007183,ACCT-000548,B0215,2043-08-14,1111.48,2026-07-30T01:43:52+00:00
RMT-007184,ACCT-000478,B0215,2043-08-14,848.61,2026-07-30T01:43:52+00:00
RMT-007185,ACCT-000651,B0215,2043-08-14,163.95,2026-07-30T01:43:52+00:00
RMT-007186,ACCT-000682,B0215,2043-08-14,669.01,2026-07-30T01:43:52+00:00
RMT-007187,ACCT-000405,B0215,2043-08-14,382.08,2026-07-30T01:43:52+00:00
RMT-007188,ACCT-000462,B0215,2043-08-14,694.33,2026-07-30T01:43:52+00:00
RMT-007189,ACCT-000767,B0215,2043-08-14,685.85,2026-07-30T01:43:52+00:00
RMT-007190,ACCT-000768,B0215,2043-08-14,683.33,2026-07-30T01:43:52+00:00
RMT-007191,ACCT-000361,B0216,2043-09-13,386.55,2026-07-30T04:51:22+00:00
RMT-007192,ACCT-000641,B0216,2043-09-13,256.24,2026-07-30T04:51:22+00:00
RMT-007193,ACCT-000677,B0216,2043-09-13,21.68,2026-07-30T04:51:22+00:00
RMT-007194,ACCT-000087,B0216,2043-09-13,339.41,2026-07-30T04:51:22+00:00
RMT-007195,ACCT-000492,B0216,2043-09-13,1021.7,2026-07-30T04:51:22+00:00
RMT-007196,ACCT-000506,B0216,2043-09-13,334.69,2026-07-30T04:51:22+00:00
RMT-007197,ACCT-000110,B0216,2043-09-13,201.85,2026-07-30T04:51:22+00:00
RMT-007198,ACCT-000470,B0216,2043-09-13,859.19,2026-07-30T04:51:22+00:00
RMT-007199,ACCT-000292,B0216,2043-09-13,386.88,2026-07-30T04:51:22+00:00
RMT-007200,ACCT-000711,B0216,2043-09-13,949.97,2026-07-30T04:51:22+00:00
RMT-007201,ACCT-000457,B0216,2043-09-13,403.56,2026-07-30T04:51:22+00:00
RMT-007202,ACCT-000053,B0216,2043-09-13,760.42,2026-07-30T04:51:22+00:00
RMT-007203,ACCT-000471,B0216,2043-09-13,552.19,2026-07-30T04:51:22+00:00
RMT-007204,ACCT-000138,B0216,2043-09-13,363.84,2026-07-30T04:51:22+00:00
RMT-007205,ACCT-000709,B0216,2043-09-13,685.64,2026-07-30T04:51:22+00:00
RMT-007206,ACCT-000600,B0216,2043-09-13,183.01,2026-07-30T04:51:22+00:00
RMT-007207,ACCT-000289,B0216,2043-09-13,565.18,2026-07-30T04:51:22+00:00
RMT-007208,ACCT-000238,B0216,2043-09-13,316.67,2026-07-30T04:51:22+00:00
RMT-007209,ACCT-000136,B0216,2043-09-13,220.33,2026-07-30T04:51:22+00:00
RMT-007210,ACCT-000682,B0216,2043-09-13,237.35,2026-07-30T04:51:22+00:00
RMT-007211,ACCT-000424,B0216,2043-09-13,346.39,2026-07-30T04:51:22+00:00
RMT-007212,ACCT-000054,B0216,2043-09-13,136.1,2026-07-30T04:51:22+00:00
RMT-007213,ACCT-000181,B0216,2043-09-13,531.49,2026-07-30T04:51:22+00:00
RMT-007214,ACCT-000587,B0216,2043-09-13,231.68,2026-07-30T04:51:22+00:00
RMT-007215,ACCT-000551,B0216,2043-09-13,523.94,2026-07-30T04:51:22+00:00
RMT-007216,ACCT-000599,B0216,2043-09-13,739.05,2026-07-30T04:51:22+00:00
RMT-007217,ACCT-000023,B0216,2043-09-13,467.47,2026-07-30T04:51:22+00:00
RMT-007218,ACCT-000602,B0216,2043-09-13,745.13,2026-07-30T04:51:22+00:00
RMT-007219,ACCT-000030,B0216,2043-09-13,806.68,2026-07-30T04:51:22+00:00
RMT-007220,ACCT-000203,B0216,2043-09-13,760.87,2026-07-30T04:51:22+00:00
RMT-007221,ACCT-000769,B0216,2043-09-13,793.05,2026-07-30T04:51:22+00:00
RMT-007222,ACCT-000770,B0216,2043-09-13,40.16,2026-07-30T04:51:22+00:00
RMT-007223,ACCT-000771,B0216,2043-09-13,375.14,2026-07-30T04:51:22+00:00
RMT-007224,ACCT-000659,B0217,2043-10-13,938.88,2026-07-30T07:29:51+00:00
RMT-007225,ACCT-000222,B0217,2043-10-13,355.13,2026-07-30T07:29:51+00:00
RMT-007226,ACCT-000486,B0217,2043-10-13,546.94,2026-07-30T07:29:51+00:00
RMT-007227,ACCT-000297,B0217,2043-10-13,376.13,2026-07-30T07:29:51+00:00
RMT-007228,ACCT-000514,B0217,2043-10-13,713.66,2026-07-30T07:29:51+00:00
RMT-007229,ACCT-000002,B0217,2043-10-13,776.29,2026-07-30T07:29:51+00:00
RMT-007230,ACCT-000556,B0217,2043-10-13,704.52,2026-07-30T07:29:51+00:00
RMT-007231,ACCT-000108,B0217,2043-10-13,341.29,2026-07-30T07:29:51+00:00
RMT-007232,ACCT-000476,B0217,2043-10-13,167.71,2026-07-30T07:29:51+00:00
RMT-007233,ACCT-000047,B0217,2043-10-13,1086.55,2026-07-30T07:29:51+00:00
RMT-007234,ACCT-000477,B0217,2043-10-13,71.68,2026-07-30T07:29:51+00:00
RMT-007235,ACCT-000439,B0217,2043-10-13,350.18,2026-07-30T07:29:51+00:00
RMT-007236,ACCT-000364,B0217,2043-10-13,550.32,2026-07-30T07:29:51+00:00
RMT-007237,ACCT-000693,B0217,2043-10-13,362.93,2026-07-30T07:29:51+00:00
RMT-007238,ACCT-000550,B0217,2043-10-13,1119.17,2026-07-30T07:29:51+00:00
RMT-007239,ACCT-000112,B0217,2043-10-13,211.07,2026-07-30T07:29:51+00:00
RMT-007240,ACCT-000688,B0217,2043-10-13,274.52,2026-07-30T07:29:51+00:00
RMT-007241,ACCT-000577,B0217,2043-10-13,568.21,2026-07-30T07:29:51+00:00
RMT-007242,ACCT-000242,B0217,2043-10-13,211.19,2026-07-30T07:29:51+00:00
RMT-007243,ACCT-000561,B0217,2043-10-13,1118.57,2026-07-30T07:29:51+00:00
RMT-007244,ACCT-000387,B0217,2043-10-13,427.6,2026-07-30T07:29:51+00:00
RMT-007245,ACCT-000114,B0217,2043-10-13,330.91,2026-07-30T07:29:51+00:00
RMT-007246,ACCT-000326,B0217,2043-10-13,765.15,2026-07-30T07:29:51+00:00
RMT-007247,ACCT-000060,B0217,2043-10-13,383.94,2026-07-30T07:29:51+00:00
RMT-007248,ACCT-000218,B0217,2043-10-13,112.98,2026-07-30T07:29:51+00:00
RMT-007249,ACCT-000430,B0217,2043-10-13,885.41,2026-07-30T07:29:51+00:00
RMT-007250,ACCT-000772,B0217,2043-10-13,194.14,2026-07-30T07:29:51+00:00
RMT-007251,ACCT-000773,B0217,2043-10-13,547.26,2026-07-30T07:29:51+00:00
RMT-007252,ACCT-000774,B0217,2043-10-13,398.3,2026-07-30T07:29:51+00:00
RMT-007253,ACCT-000775,B0217,2043-10-13,766.97,2026-07-30T07:29:51+00:00
RMT-007254,ACCT-000360,B0218,2043-11-12,546.74,2026-07-30T09:59:49+00:00
RMT-007255,ACCT-000251,B0218,2043-11-12,801.49,2026-07-30T09:59:49+00:00
RMT-007256,ACCT-000684,B0218,2043-11-12,343.41,2026-07-30T09:59:49+00:00
RMT-007257,ACCT-000087,B0218,2043-11-12,458.73,2026-07-30T09:59:49+00:00
RMT-007258,ACCT-000060,B0218,2043-11-12,785.75,2026-07-30T09:59:49+00:00
RMT-007259,ACCT-000562,B0218,2043-11-12,321.69,2026-07-30T09:59:49+00:00
RMT-007260,ACCT-000417,B0218,2043-11-12,897.8,2026-07-30T09:59:49+00:00
RMT-007261,ACCT-000504,B0218,2043-11-12,459.19,2026-07-30T09:59:49+00:00
RMT-007262,ACCT-000183,B0218,2043-11-12,813.18,2026-07-30T09:59:49+00:00
RMT-007263,ACCT-000014,B0218,2043-11-12,430.55,2026-07-30T09:59:49+00:00
RMT-007264,ACCT-000666,B0218,2043-11-12,115.09,2026-07-30T09:59:49+00:00
RMT-007265,ACCT-000351,B0218,2043-11-12,610.61,2026-07-30T09:59:49+00:00
RMT-007266,ACCT-000326,B0218,2043-11-12,755.46,2026-07-30T09:59:49+00:00
RMT-007267,ACCT-000768,B0218,2043-11-12,247.0,2026-07-30T09:59:49+00:00
RMT-007268,ACCT-000343,B0218,2043-11-12,695.21,2026-07-30T09:59:49+00:00
RMT-007269,ACCT-000061,B0218,2043-11-12,827.11,2026-07-30T09:59:49+00:00
RMT-007270,ACCT-000773,B0218,2043-11-12,300.25,2026-07-30T09:59:49+00:00
RMT-007271,ACCT-000391,B0218,2043-11-12,1199.55,2026-07-30T09:59:49+00:00
RMT-007272,ACCT-000415,B0218,2043-11-12,144.4,2026-07-30T09:59:49+00:00
RMT-007273,ACCT-000384,B0218,2043-11-12,228.05,2026-07-30T09:59:49+00:00
RMT-007274,ACCT-000760,B0218,2043-11-12,336.2,2026-07-30T09:59:49+00:00
RMT-007275,ACCT-000151,B0218,2043-11-12,590.95,2026-07-30T09:59:49+00:00
RMT-007276,ACCT-000329,B0218,2043-11-12,92.58,2026-07-30T09:59:49+00:00
RMT-007277,ACCT-000020,B0218,2043-11-12,1189.58,2026-07-30T09:59:49+00:00
RMT-007278,ACCT-000044,B0218,2043-11-12,805.37,2026-07-30T09:59:49+00:00
RMT-007279,ACCT-000747,B0218,2043-11-12,690.47,2026-07-30T09:59:49+00:00
RMT-007280,ACCT-000765,B0218,2043-11-12,583.22,2026-07-30T09:59:49+00:00
RMT-007281,ACCT-000149,B0218,2043-11-12,495.18,2026-07-30T09:59:49+00:00
RMT-007282,ACCT-000776,B0218,2043-11-12,665.41,2026-07-30T09:59:49+00:00
RMT-007283,ACCT-000777,B0218,2043-11-12,855.98,2026-07-30T09:59:49+00:00
RMT-007284,ACCT-000778,B0218,2043-11-12,846.55,2026-07-30T09:59:49+00:00
RMT-007285,ACCT-000503,B0219,2043-12-12,201.2,2026-07-30T11:54:27+00:00
RMT-007286,ACCT-000349,B0219,2043-12-12,420.34,2026-07-30T11:54:27+00:00
RMT-007287,ACCT-000343,B0219,2043-12-12,862.45,2026-07-30T11:54:27+00:00
RMT-007288,ACCT-000145,B0219,2043-12-12,689.95,2026-07-30T11:54:27+00:00
RMT-007289,ACCT-000208,B0219,2043-12-12,880.53,2026-07-30T11:54:27+00:00
RMT-007290,ACCT-000523,B0219,2043-12-12,316.17,2026-07-30T11:54:27+00:00
RMT-007291,ACCT-000213,B0219,2043-12-12,558.16,2026-07-30T11:54:27+00:00
RMT-007292,ACCT-000623,B0219,2043-12-12,1098.56,2026-07-30T11:54:27+00:00
RMT-007293,ACCT-000547,B0219,2043-12-12,971.11,2026-07-30T11:54:27+00:00
RMT-007294,ACCT-000508,B0219,2043-12-12,166.64,2026-07-30T11:54:27+00:00
RMT-007295,ACCT-000299,B0219,2043-12-12,1030.59,2026-07-30T11:54:27+00:00
RMT-007296,ACCT-000687,B0219,2043-12-12,294.02,2026-07-30T11:54:27+00:00
RMT-007297,ACCT-000672,B0219,2043-12-12,1312.49,2026-07-30T11:54:27+00:00
RMT-007298,ACCT-000417,B0219,2043-12-12,316.87,2026-07-30T11:54:27+00:00
RMT-007299,ACCT-000077,B0219,2043-12-12,711.99,2026-07-30T11:54:27+00:00
RMT-007300,ACCT-000595,B0219,2043-12-12,438.36,2026-07-30T11:54:27+00:00
RMT-007301,ACCT-000384,B0219,2043-12-12,227.46,2026-07-30T11:54:27+00:00
RMT-007302,ACCT-000340,B0219,2043-12-12,304.33,2026-07-30T11:54:27+00:00
RMT-007303,ACCT-000257,B0219,2043-12-12,1034.72,2026-07-30T11:54:27+00:00
RMT-007304,ACCT-000732,B0219,2043-12-12,193.16,2026-07-30T11:54:27+00:00
RMT-007305,ACCT-000235,B0219,2043-12-12,655.31,2026-07-30T11:54:27+00:00
RMT-007306,ACCT-000325,B0219,2043-12-12,1013.34,2026-07-30T11:54:27+00:00
RMT-007307,ACCT-000603,B0219,2043-12-12,692.19,2026-07-30T11:54:27+00:00
RMT-007308,ACCT-000763,B0219,2043-12-12,97.22,2026-07-30T11:54:27+00:00
RMT-007309,ACCT-000220,B0219,2043-12-12,920.13,2026-07-30T11:54:27+00:00
RMT-007310,ACCT-000727,B0219,2043-12-12,361.18,2026-07-30T11:54:27+00:00
RMT-007311,ACCT-000025,B0219,2043-12-12,24.48,2026-07-30T11:54:27+00:00
RMT-007312,ACCT-000474,B0219,2043-12-12,497.27,2026-07-30T11:54:27+00:00
RMT-007313,ACCT-000740,B0219,2043-12-12,506.84,2026-07-30T11:54:27+00:00
RMT-007314,ACCT-000459,B0219,2043-12-12,682.8,2026-07-30T11:54:27+00:00
RMT-007315,ACCT-000120,B0219,2043-12-12,223.56,2026-07-30T11:54:27+00:00
RMT-007316,ACCT-000019,B0219,2043-12-12,1311.19,2026-07-30T11:54:27+00:00
RMT-007317,ACCT-000565,B0219,2043-12-12,435.61,2026-07-30T11:54:27+00:00
RMT-007318,ACCT-000779,B0219,2043-12-12,219.64,2026-07-30T11:54:27+00:00
RMT-007319,ACCT-000780,B0219,2043-12-12,433.99,2026-07-30T11:54:27+00:00
RMT-007320,ACCT-000781,B0219,2043-12-12,307.83,2026-07-30T11:54:27+00:00
RMT-007321,ACCT-000782,B0219,2043-12-12,120.54,2026-07-30T11:54:27+00:00
RMT-007322,ACCT-000123,B0220,2044-01-11,1176.1,2026-07-30T13:40:47+00:00
RMT-007323,ACCT-000502,B0220,2044-01-11,322.0,2026-07-30T13:40:47+00:00
RMT-007324,ACCT-000376,B0220,2044-01-11,34.29,2026-07-30T13:40:47+00:00
RMT-007325,ACCT-000316,B0220,2044-01-11,514.54,2026-07-30T13:40:47+00:00
RMT-007326,ACCT-000031,B0220,2044-01-11,1016.11,2026-07-30T13:40:47+00:00
RMT-007327,ACCT-000046,B0220,2044-01-11,444.19,2026-07-30T13:40:47+00:00
RMT-007328,ACCT-000288,B0220,2044-01-11,717.96,2026-07-30T13:40:47+00:00
RMT-007329,ACCT-000501,B0220,2044-01-11,302.88,2026-07-30T13:40:47+00:00
RMT-007330,ACCT-000398,B0220,2044-01-11,273.06,2026-07-30T13:40:47+00:00
RMT-007331,ACCT-000575,B0220,2044-01-11,229.04,2026-07-30T13:40:47+00:00
RMT-007332,ACCT-000247,B0220,2044-01-11,949.81,2026-07-30T13:40:47+00:00
RMT-007333,ACCT-000624,B0220,2044-01-11,1186.12,2026-07-30T13:40:47+00:00
RMT-007334,ACCT-000347,B0220,2044-01-11,369.22,2026-07-30T13:40:47+00:00
RMT-007335,ACCT-000257,B0220,2044-01-11,734.31,2026-07-30T13:40:47+00:00
RMT-007336,ACCT-000274,B0220,2044-01-11,633.96,2026-07-30T13:40:47+00:00
RMT-007337,ACCT-000356,B0220,2044-01-11,792.08,2026-07-30T13:40:47+00:00
RMT-007338,ACCT-000092,B0220,2044-01-11,297.87,2026-07-30T13:40:47+00:00
RMT-007339,ACCT-000394,B0220,2044-01-11,354.75,2026-07-30T13:40:47+00:00
RMT-007340,ACCT-000418,B0220,2044-01-11,515.69,2026-07-30T13:40:47+00:00
RMT-007341,ACCT-000654,B0220,2044-01-11,616.94,2026-07-30T13:40:47+00:00
RMT-007342,ACCT-000751,B0220,2044-01-11,341.47,2026-07-30T13:40:47+00:00
RMT-007343,ACCT-000101,B0220,2044-01-11,664.71,2026-07-30T13:40:47+00:00
RMT-007344,ACCT-000371,B0220,2044-01-11,451.56,2026-07-30T13:40:47+00:00
RMT-007345,ACCT-000631,B0220,2044-01-11,862.82,2026-07-30T13:40:47+00:00
RMT-007346,ACCT-000730,B0220,2044-01-11,405.4,2026-07-30T13:40:47+00:00
RMT-007347,ACCT-000138,B0220,2044-01-11,23.46,2026-07-30T13:40:47+00:00
RMT-007348,ACCT-000049,B0220,2044-01-11,387.86,2026-07-30T13:40:47+00:00
RMT-007349,ACCT-000072,B0220,2044-01-11,126.99,2026-07-30T13:40:47+00:00
RMT-007350,ACCT-000276,B0220,2044-01-11,638.61,2026-07-30T13:40:47+00:00
RMT-007351,ACCT-000364,B0220,2044-01-11,612.43,2026-07-30T13:40:47+00:00
RMT-007352,ACCT-000540,B0220,2044-01-11,467.85,2026-07-30T13:40:47+00:00
RMT-007353,ACCT-000275,B0220,2044-01-11,653.15,2026-07-30T13:40:47+00:00
RMT-007354,ACCT-000533,B0220,2044-01-11,235.61,2026-07-30T13:40:47+00:00
RMT-007355,ACCT-000617,B0220,2044-01-11,594.61,2026-07-30T13:40:47+00:00
RMT-007356,ACCT-000156,B0220,2044-01-11,231.43,2026-07-30T13:40:47+00:00
RMT-007357,ACCT-000783,B0220,2044-01-11,724.98,2026-07-30T13:40:47+00:00
RMT-007358,ACCT-000784,B0220,2044-01-11,565.0,2026-07-30T13:40:47+00:00
RMT-007359,ACCT-000785,B0220,2044-01-11,1072.73,2026-07-30T13:40:47+00:00
RMT-007360,ACCT-000786,B0220,2044-01-11,52.98,2026-07-30T13:40:47+00:00
RMT-007361,ACCT-000379,B0221,2044-02-10,598.04,2026-07-30T15:46:40+00:00
RMT-007362,ACCT-000536,B0221,2044-02-10,802.71,2026-07-30T15:46:40+00:00
RMT-007363,ACCT-000445,B0221,2044-02-10,353.24,2026-07-30T15:46:40+00:00
RMT-007364,ACCT-000058,B0221,2044-02-10,472.86,2026-07-30T15:46:40+00:00
RMT-007365,ACCT-000331,B0221,2044-02-10,677.33,2026-07-30T15:46:40+00:00
RMT-007366,ACCT-000503,B0221,2044-02-10,451.19,2026-07-30T15:46:40+00:00
RMT-007367,ACCT-000299,B0221,2044-02-10,459.32,2026-07-30T15:46:40+00:00
RMT-007368,ACCT-000664,B0221,2044-02-10,1107.87,2026-07-30T15:46:40+00:00
RMT-007369,ACCT-000444,B0221,2044-02-10,171.29,2026-07-30T15:46:40+00:00
RMT-007370,ACCT-000457,B0221,2044-02-10,565.25,2026-07-30T15:46:40+00:00
RMT-007371,ACCT-000094,B0221,2044-02-10,539.4,2026-07-30T15:46:40+00:00
RMT-007372,ACCT-000394,B0221,2044-02-10,245.17,2026-07-30T15:46:40+00:00
RMT-007373,ACCT-000352,B0221,2044-02-10,765.79,2026-07-30T15:46:40+00:00
RMT-007374,ACCT-000159,B0221,2044-02-10,65.77,2026-07-30T15:46:40+00:00
RMT-007375,ACCT-000634,B0221,2044-02-10,746.13,2026-07-30T15:46:40+00:00
RMT-007376,ACCT-000364,B0221,2044-02-10,722.19,2026-07-30T15:46:40+00:00
RMT-007377,ACCT-000204,B0221,2044-02-10,262.15,2026-07-30T15:46:40+00:00
RMT-007378,ACCT-000447,B0221,2044-02-10,839.75,2026-07-30T15:46:40+00:00
RMT-007379,ACCT-000375,B0221,2044-02-10,274.2,2026-07-30T15:46:40+00:00
RMT-007380,ACCT-000542,B0221,2044-02-10,389.99,2026-07-30T15:46:40+00:00
RMT-007381,ACCT-000448,B0221,2044-02-10,690.4,2026-07-30T15:46:40+00:00
RMT-007382,ACCT-000213,B0221,2044-02-10,669.07,2026-07-30T15:46:40+00:00
RMT-007383,ACCT-000527,B0221,2044-02-10,308.27,2026-07-30T15:46:40+00:00
RMT-007384,ACCT-000396,B0221,2044-02-10,287.82,2026-07-30T15:46:40+00:00
RMT-007385,ACCT-000302,B0221,2044-02-10,970.93,2026-07-30T15:46:40+00:00
RMT-007386,ACCT-000057,B0221,2044-02-10,670.81,2026-07-30T15:46:40+00:00
RMT-007387,ACCT-000312,B0221,2044-02-10,315.96,2026-07-30T15:46:40+00:00
RMT-007388,ACCT-000323,B0221,2044-02-10,141.02,2026-07-30T15:46:40+00:00
RMT-007389,ACCT-000787,B0221,2044-02-10,62.2,2026-07-30T15:46:40+00:00
RMT-007390,ACCT-000788,B0221,2044-02-10,420.87,2026-07-30T15:46:40+00:00
RMT-007391,ACCT-000267,B0222,2044-03-11,667.01,2026-07-30T17:17:19+00:00
RMT-007392,ACCT-000041,B0222,2044-03-11,637.51,2026-07-30T17:17:19+00:00
RMT-007393,ACCT-000502,B0222,2044-03-11,1094.95,2026-07-30T17:17:19+00:00
RMT-007394,ACCT-000312,B0222,2044-03-11,667.33,2026-07-30T17:17:19+00:00
RMT-007395,ACCT-000260,B0222,2044-03-11,409.06,2026-07-30T17:17:19+00:00
RMT-007396,ACCT-000458,B0222,2044-03-11,-3.43,2026-07-30T17:17:19+00:00
RMT-007397,ACCT-000772,B0222,2044-03-11,77.07,2026-07-30T17:17:19+00:00
RMT-007398,ACCT-000534,B0222,2044-03-11,1086.52,2026-07-30T17:17:19+00:00
RMT-007399,ACCT-000529,B0222,2044-03-11,367.15,2026-07-30T17:17:19+00:00
RMT-007400,ACCT-000152,B0222,2044-03-11,593.28,2026-07-30T17:17:19+00:00
RMT-007401,ACCT-000250,B0222,2044-03-11,849.01,2026-07-30T17:17:19+00:00
RMT-007402,ACCT-000462,B0222,2044-03-11,225.44,2026-07-30T17:17:19+00:00
RMT-007403,ACCT-000084,B0222,2044-03-11,626.65,2026-07-30T17:17:19+00:00
RMT-007404,ACCT-000036,B0222,2044-03-11,38.49,2026-07-30T17:17:19+00:00
RMT-007405,ACCT-000208,B0222,2044-03-11,891.99,2026-07-30T17:17:19+00:00
RMT-007406,ACCT-000591,B0222,2044-03-11,222.89,2026-07-30T17:17:19+00:00
RMT-007407,ACCT-000525,B0222,2044-03-11,365.54,2026-07-30T17:17:19+00:00
RMT-007408,ACCT-000762,B0222,2044-03-11,75.48,2026-07-30T17:17:19+00:00
RMT-007409,ACCT-000255,B0222,2044-03-11,709.91,2026-07-30T17:17:19+00:00
RMT-007410,ACCT-000262,B0222,2044-03-11,682.98,2026-07-30T17:17:19+00:00
RMT-007411,ACCT-000355,B0222,2044-03-11,357.97,2026-07-30T17:17:19+00:00
RMT-007412,ACCT-000678,B0222,2044-03-11,98.03,2026-07-30T17:17:19+00:00
RMT-007413,ACCT-000715,B0222,2044-03-11,349.45,2026-07-30T17:17:19+00:00
RMT-007414,ACCT-000613,B0222,2044-03-11,184.74,2026-07-30T17:17:19+00:00
RMT-007415,ACCT-000589,B0222,2044-03-11,841.93,2026-07-30T17:17:19+00:00
RMT-007416,ACCT-000338,B0222,2044-03-11,153.98,2026-07-30T17:17:19+00:00
RMT-007417,ACCT-000658,B0222,2044-03-11,712.08,2026-07-30T17:17:19+00:00
RMT-007418,ACCT-000091,B0222,2044-03-11,299.8,2026-07-30T17:17:19+00:00
RMT-007419,ACCT-000789,B0222,2044-03-11,703.66,2026-07-30T17:17:19+00:00
RMT-007420,ACCT-000790,B0222,2044-03-11,636.86,2026-07-30T17:17:19+00:00
RMT-007421,ACCT-000791,B0222,2044-03-11,56.57,2026-07-30T17:17:19+00:00
RMT-007422,ACCT-000792,B0222,2044-03-11,846.34,2026-07-30T17:17:19+00:00
RMT-007423,ACCT-000634,B0223,2044-04-10,915.16,2026-07-30T18:53:37+00:00
RMT-007424,ACCT-000588,B0223,2044-04-10,276.58,2026-07-30T18:53:37+00:00
RMT-007425,ACCT-000766,B0223,2044-04-10,777.89,2026-07-30T18:53:37+00:00
RMT-007426,ACCT-000770,B0223,2044-04-10,786.18,2026-07-30T18:53:37+00:00
RMT-007427,ACCT-000708,B0223,2044-04-10,516.7,2026-07-30T18:53:37+00:00
RMT-007428,ACCT-000475,B0223,2044-04-10,513.31,2026-07-30T18:53:37+00:00
RMT-007429,ACCT-000466,B0223,2044-04-10,524.68,2026-07-30T18:53:37+00:00
RMT-007430,ACCT-000006,B0223,2044-04-10,813.84,2026-07-30T18:53:37+00:00
RMT-007431,ACCT-000749,B0223,2044-04-10,251.22,2026-07-30T18:53:37+00:00
RMT-007432,ACCT-000236,B0223,2044-04-10,557.32,2026-07-30T18:53:37+00:00
RMT-007433,ACCT-000552,B0223,2044-04-10,273.14,2026-07-30T18:53:37+00:00
RMT-007434,ACCT-000218,B0223,2044-04-10,1103.98,2026-07-30T18:53:37+00:00
RMT-007435,ACCT-000593,B0223,2044-04-10,723.5,2026-07-30T18:53:37+00:00
RMT-007436,ACCT-000270,B0223,2044-04-10,700.77,2026-07-30T18:53:37+00:00
RMT-007437,ACCT-000045,B0223,2044-04-10,185.65,2026-07-30T18:53:37+00:00
RMT-007438,ACCT-000211,B0223,2044-04-10,45.46,2026-07-30T18:53:37+00:00
RMT-007439,ACCT-000436,B0223,2044-04-10,224.39,2026-07-30T18:53:37+00:00
RMT-007440,ACCT-000380,B0223,2044-04-10,582.54,2026-07-30T18:53:37+00:00
RMT-007441,ACCT-000611,B0223,2044-04-10,355.72,2026-07-30T18:53:37+00:00
RMT-007442,ACCT-000735,B0223,2044-04-10,979.49,2026-07-30T18:53:37+00:00
RMT-007443,ACCT-000220,B0223,2044-04-10,349.08,2026-07-30T18:53:37+00:00
RMT-007444,ACCT-000120,B0223,2044-04-10,127.44,2026-07-30T18:53:37+00:00
RMT-007445,ACCT-000332,B0223,2044-04-10,129.54,2026-07-30T18:53:37+00:00
RMT-007446,ACCT-000142,B0223,2044-04-10,716.35,2026-07-30T18:53:37+00:00
RMT-007447,ACCT-000345,B0223,2044-04-10,297.31,2026-07-30T18:53:37+00:00
RMT-007448,ACCT-000793,B0223,2044-04-10,601.16,2026-07-30T18:53:37+00:00
RMT-007449,ACCT-000794,B0223,2044-04-10,176.69,2026-07-30T18:53:37+00:00
RMT-007450,ACCT-000795,B0223,2044-04-10,271.97,2026-07-30T18:53:37+00:00
RMT-007451,ACCT-000796,B0223,2044-04-10,848.1,2026-07-30T18:53:37+00:00
RMT-007452,ACCT-000131,B0224,2044-05-10,515.14,2026-07-30T20:12:12+00:00
RMT-007453,ACCT-000275,B0224,2044-05-10,312.8,2026-07-30T20:12:12+00:00
RMT-007454,ACCT-000756,B0224,2044-05-10,1010.56,2026-07-30T20:12:12+00:00
RMT-007455,ACCT-000345,B0224,2044-05-10,712.84,2026-07-30T20:12:12+00:00
RMT-007456,ACCT-000500,B0224,2044-05-10,489.14,2026-07-30T20:12:12+00:00
RMT-007457,ACCT-000656,B0224,2044-05-10,188.66,2026-07-30T20:12:12+00:00
RMT-007458,ACCT-000732,B0224,2044-05-10,639.71,2026-07-30T20:12:12+00:00
RMT-007459,ACCT-000196,B0224,2044-05-10,727.14,2026-07-30T20:12:12+00:00
RMT-007460,ACCT-000041,B0224,2044-05-10,424.65,2026-07-30T20:12:12+00:00
RMT-007461,ACCT-000022,B0224,2044-05-10,1127.66,2026-07-30T20:12:12+00:00
RMT-007462,ACCT-000400,B0224,2044-05-10,333.1,2026-07-30T20:12:12+00:00
RMT-007463,ACCT-000263,B0224,2044-05-10,1049.43,2026-07-30T20:12:12+00:00
RMT-007464,ACCT-000516,B0224,2044-05-10,416.53,2026-07-30T20:12:12+00:00
RMT-007465,ACCT-000257,B0224,2044-05-10,306.02,2026-07-30T20:12:12+00:00
RMT-007466,ACCT-000662,B0224,2044-05-10,388.81,2026-07-30T20:12:12+00:00
RMT-007467,ACCT-000668,B0224,2044-05-10,670.05,2026-07-30T20:12:12+00:00
RMT-007468,ACCT-000070,B0224,2044-05-10,740.0,2026-07-30T20:12:12+00:00
RMT-007469,ACCT-000776,B0224,2044-05-10,749.22,2026-07-30T20:12:12+00:00
RMT-007470,ACCT-000675,B0224,2044-05-10,1107.96,2026-07-30T20:12:12+00:00
RMT-007471,ACCT-000051,B0224,2044-05-10,702.64,2026-07-30T20:12:12+00:00
RMT-007472,ACCT-000436,B0224,2044-05-10,299.33,2026-07-30T20:12:12+00:00
RMT-007473,ACCT-000736,B0224,2044-05-10,1150.86,2026-07-30T20:12:12+00:00
RMT-007474,ACCT-000281,B0224,2044-05-10,582.38,2026-07-30T20:12:12+00:00
RMT-007475,ACCT-000692,B0224,2044-05-10,1430.57,2026-07-30T20:12:12+00:00
RMT-007476,ACCT-000029,B0224,2044-05-10,872.22,2026-07-30T20:12:12+00:00
RMT-007477,ACCT-000181,B0224,2044-05-10,531.05,2026-07-30T20:12:12+00:00
RMT-007478,ACCT-000637,B0224,2044-05-10,669.3,2026-07-30T20:12:12+00:00
RMT-007479,ACCT-000511,B0224,2044-05-10,98.9,2026-07-30T20:12:12+00:00
RMT-007480,ACCT-000797,B0224,2044-05-10,548.99,2026-07-30T20:12:12+00:00
RMT-007481,ACCT-000798,B0224,2044-05-10,603.64,2026-07-30T20:12:12+00:00
RMT-007482,ACCT-000799,B0224,2044-05-10,523.73,2026-07-30T20:12:12+00:00
RMT-007483,ACCT-000800,B0224,2044-05-10,548.24,2026-07-30T20:12:12+00:00
RMT-007484,ACCT-000396,B0225,2044-06-09,936.32,2026-07-30T21:40:20+00:00
RMT-007485,ACCT-000728,B0225,2044-06-09,217.4,2026-07-30T21:40:20+00:00
RMT-007486,ACCT-000603,B0225,2044-06-09,560.67,2026-07-30T21:40:20+00:00
RMT-007487,ACCT-000798,B0225,2044-06-09,1057.67,2026-07-30T21:40:20+00:00
RMT-007488,ACCT-000062,B0225,2044-06-09,102.17,2026-07-30T21:40:20+00:00
RMT-007489,ACCT-000359,B0225,2044-06-09,639.17,2026-07-30T21:40:20+00:00
RMT-007490,ACCT-000565,B0225,2044-06-09,670.22,2026-07-30T21:40:20+00:00
RMT-007491,ACCT-000609,B0225,2044-06-09,266.36,2026-07-30T21:40:20+00:00
RMT-007492,ACCT-000491,B0225,2044-06-09,599.81,2026-07-30T21:40:20+00:00
RMT-007493,ACCT-000167,B0225,2044-06-09,1057.74,2026-07-30T21:40:20+00:00
RMT-007494,ACCT-000543,B0225,2044-06-09,832.18,2026-07-30T21:40:20+00:00
RMT-007495,ACCT-000729,B0225,2044-06-09,775.43,2026-07-30T21:40:20+00:00
RMT-007496,ACCT-000178,B0225,2044-06-09,557.3,2026-07-30T21:40:20+00:00
RMT-007497,ACCT-000341,B0225,2044-06-09,751.27,2026-07-30T21:40:20+00:00
RMT-007498,ACCT-000081,B0225,2044-06-09,642.41,2026-07-30T21:40:20+00:00
RMT-007499,ACCT-000692,B0225,2044-06-09,14.51,2026-07-30T21:40:20+00:00
RMT-007500,ACCT-000496,B0225,2044-06-09,972.14,2026-07-30T21:40:20+00:00
RMT-007501,ACCT-000395,B0225,2044-06-09,337.26,2026-07-30T21:40:20+00:00
RMT-007502,ACCT-000506,B0225,2044-06-09,672.96,2026-07-30T21:40:20+00:00
RMT-007503,ACCT-000439,B0225,2044-06-09,50.66,2026-07-30T21:40:20+00:00
RMT-007504,ACCT-000112,B0225,2044-06-09,595.81,2026-07-30T21:40:20+00:00
RMT-007505,ACCT-000568,B0225,2044-06-09,243.08,2026-07-30T21:40:20+00:00
RMT-007506,ACCT-000500,B0225,2044-06-09,658.4,2026-07-30T21:40:20+00:00
RMT-007507,ACCT-000649,B0225,2044-06-09,337.22,2026-07-30T21:40:20+00:00
RMT-007508,ACCT-000105,B0225,2044-06-09,551.75,2026-07-30T21:40:20+00:00
RMT-007509,ACCT-000765,B0225,2044-06-09,33.66,2026-07-30T21:40:20+00:00
RMT-007510,ACCT-000544,B0225,2044-06-09,310.22,2026-07-30T21:40:20+00:00
RMT-007511,ACCT-000531,B0225,2044-06-09,752.49,2026-07-30T21:40:20+00:00
RMT-007512,ACCT-000301,B0225,2044-06-09,809.79,2026-07-30T21:40:20+00:00
RMT-007513,ACCT-000075,B0225,2044-06-09,448.72,2026-07-30T21:40:20+00:00
RMT-007514,ACCT-000801,B0225,2044-06-09,374.43,2026-07-30T21:40:20+00:00
RMT-007515,ACCT-000802,B0225,2044-06-09,982.74,2026-07-30T21:40:20+00:00
RMT-007516,ACCT-000803,B0225,2044-06-09,895.18,2026-07-30T21:40:20+00:00
RMT-007517,ACCT-000804,B0225,2044-06-09,323.58,2026-07-30T21:40:20+00:00
RMT-007518,ACCT-000216,B0226,2044-07-09,362.12,2026-07-30T22:57:50+00:00
RMT-007519,ACCT-000639,B0226,2044-07-09,28.4,2026-07-30T22:57:50+00:00
RMT-007520,ACCT-000134,B0226,2044-07-09,306.63,2026-07-30T22:57:50+00:00
RMT-007521,ACCT-000348,B0226,2044-07-09,684.63,2026-07-30T22:57:50+00:00
RMT-007522,ACCT-000730,B0226,2044-07-09,316.23,2026-07-30T22:57:50+00:00
RMT-007523,ACCT-000597,B0226,2044-07-09,970.07,2026-07-30T22:57:50+00:00
RMT-007524,ACCT-000619,B0226,2044-07-09,489.93,2026-07-30T22:57:50+00:00
RMT-007525,ACCT-000394,B0226,2044-07-09,547.43,2026-07-30T22:57:50+00:00
RMT-007526,ACCT-000545,B0226,2044-07-09,307.22,2026-07-30T22:57:50+00:00
RMT-007527,ACCT-000429,B0226,2044-07-09,779.95,2026-07-30T22:57:50+00:00
RMT-007528,ACCT-000474,B0226,2044-07-09,548.49,2026-07-30T22:57:50+00:00
RMT-007529,ACCT-000573,B0226,2044-07-09,283.29,2026-07-30T22:57:50+00:00
RMT-007530,ACCT-000320,B0226,2044-07-09,455.42,2026-07-30T22:57:50+00:00
RMT-007531,ACCT-000223,B0226,2044-07-09,942.16,2026-07-30T22:57:50+00:00
RMT-007532,ACCT-000136,B0226,2044-07-09,928.84,2026-07-30T22:57:50+00:00
RMT-007533,ACCT-000423,B0226,2044-07-09,257.9,2026-07-30T22:57:50+00:00
RMT-007534,ACCT-000288,B0226,2044-07-09,380.92,2026-07-30T22:57:50+00:00
RMT-007535,ACCT-000433,B0226,2044-07-09,315.3,2026-07-30T22:57:50+00:00
RMT-007536,ACCT-000031,B0226,2044-07-09,710.65,2026-07-30T22:57:50+00:00
RMT-007537,ACCT-000722,B0226,2044-07-09,1080.97,2026-07-30T22:57:50+00:00
RMT-007538,ACCT-000052,B0226,2044-07-09,886.73,2026-07-30T22:57:50+00:00
RMT-007539,ACCT-000110,B0226,2044-07-09,975.04,2026-07-30T22:57:50+00:00
RMT-007540,ACCT-000428,B0226,2044-07-09,445.62,2026-07-30T22:57:50+00:00
RMT-007541,ACCT-000351,B0226,2044-07-09,388.29,2026-07-30T22:57:50+00:00
RMT-007542,ACCT-000451,B0226,2044-07-09,821.99,2026-07-30T22:57:50+00:00
RMT-007543,ACCT-000526,B0226,2044-07-09,719.44,2026-07-30T22:57:50+00:00
RMT-007544,ACCT-000638,B0226,2044-07-09,287.24,2026-07-30T22:57:50+00:00
RMT-007545,ACCT-000153,B0226,2044-07-09,692.64,2026-07-30T22:57:50+00:00
RMT-007546,ACCT-000805,B0226,2044-07-09,330.5,2026-07-30T22:57:50+00:00
RMT-007547,ACCT-000806,B0226,2044-07-09,975.88,2026-07-30T22:57:50+00:00
RMT-007548,ACCT-000273,B0227,2044-08-08,597.47,2026-07-30T23:59:47+00:00
RMT-007549,ACCT-000266,B0227,2044-08-08,727.34,2026-07-30T23:59:47+00:00
RMT-007550,ACCT-000004,B0227,2044-08-08,358.53,2026-07-30T23:59:47+00:00
RMT-007551,ACCT-000218,B0227,2044-08-08,534.02,2026-07-30T23:59:47+00:00
RMT-007552,ACCT-000781,B0227,2044-08-08,807.96,2026-07-30T23:59:47+00:00
RMT-007553,ACCT-000101,B0227,2044-08-08,731.06,2026-07-30T23:59:47+00:00
RMT-007554,ACCT-000773,B0227,2044-08-08,713.8,2026-07-30T23:59:47+00:00
RMT-007555,ACCT-000624,B0227,2044-08-08,346.58,2026-07-30T23:59:47+00:00
RMT-007556,ACCT-000377,B0227,2044-08-08,1240.92,2026-07-30T23:59:47+00:00
RMT-007557,ACCT-000683,B0227,2044-08-08,947.74,2026-07-30T23:59:47+00:00
RMT-007558,ACCT-000296,B0227,2044-08-08,150.58,2026-07-30T23:59:47+00:00
RMT-007559,ACCT-000713,B0227,2044-08-08,672.73,2026-07-30T23:59:47+00:00
RMT-007560,ACCT-000658,B0227,2044-08-08,147.57,2026-07-30T23:59:47+00:00
RMT-007561,ACCT-000441,B0227,2044-08-08,705.09,2026-07-30T23:59:47+00:00
RMT-007562,ACCT-000618,B0227,2044-08-08,595.31,2026-07-30T23:59:47+00:00
RMT-007563,ACCT-000744,B0227,2044-08-08,578.83,2026-07-30T23:59:47+00:00
RMT-007564,ACCT-000768,B0227,2044-08-08,778.62,2026-07-30T23:59:47+00:00
RMT-007565,ACCT-000735,B0227,2044-08-08,821.92,2026-07-30T23:59:47+00:00
RMT-007566,ACCT-000610,B0227,2044-08-08,547.73,2026-07-30T23:59:47+00:00
RMT-007567,ACCT-000229,B0227,2044-08-08,296.21,2026-07-30T23:59:47+00:00
RMT-007568,ACCT-000594,B0227,2044-08-08,44.96,2026-07-30T23:59:47+00:00
RMT-007569,ACCT-000785,B0227,2044-08-08,824.97,2026-07-30T23:59:47+00:00
RMT-007570,ACCT-000541,B0227,2044-08-08,717.15,2026-07-30T23:59:47+00:00
RMT-007571,ACCT-000724,B0227,2044-08-08,676.4,2026-07-30T23:59:47+00:00
RMT-007572,ACCT-000574,B0227,2044-08-08,319.07,2026-07-30T23:59:47+00:00
RMT-007573,ACCT-000112,B0227,2044-08-08,533.83,2026-07-30T23:59:47+00:00
RMT-007574,ACCT-000295,B0227,2044-08-08,412.99,2026-07-30T23:59:47+00:00
RMT-007575,ACCT-000520,B0227,2044-08-08,215.04,2026-07-30T23:59:47+00:00
RMT-007576,ACCT-000116,B0227,2044-08-08,414.2,2026-07-30T23:59:47+00:00
RMT-007577,ACCT-000807,B0227,2044-08-08,720.61,2026-07-30T23:59:47+00:00
RMT-007578,ACCT-000808,B0227,2044-08-08,915.29,2026-07-30T23:59:47+00:00
RMT-007579,ACCT-000809,B0227,2044-08-08,339.34,2026-07-30T23:59:47+00:00
RMT-007580,ACCT-000675,B0228,2044-09-07,404.73,2026-07-31T03:19:22+00:00
RMT-007581,ACCT-000688,B0228,2044-09-07,55.87,2026-07-31T03:19:22+00:00
RMT-007582,ACCT-000718,B0228,2044-09-07,830.02,2026-07-31T03:19:22+00:00
RMT-007583,ACCT-000093,B0228,2044-09-07,202.79,2026-07-31T03:19:22+00:00
RMT-007584,ACCT-000195,B0228,2044-09-07,601.62,2026-07-31T03:19:22+00:00
RMT-007585,ACCT-000644,B0228,2044-09-07,384.55,2026-07-31T03:19:22+00:00
RMT-007586,ACCT-000783,B0228,2044-09-07,1090.78,2026-07-31T03:19:22+00:00
RMT-007587,ACCT-000542,B0228,2044-09-07,392.92,2026-07-31T03:19:22+00:00
RMT-007588,ACCT-000454,B0228,2044-09-07,831.36,2026-07-31T03:19:22+00:00
RMT-007589,ACCT-000292,B0228,2044-09-07,893.55,2026-07-31T03:19:22+00:00
RMT-007590,ACCT-000551,B0228,2044-09-07,127.62,2026-07-31T03:19:22+00:00
RMT-007591,ACCT-000150,B0228,2044-09-07,509.58,2026-07-31T03:19:22+00:00
RMT-007592,ACCT-000493,B0228,2044-09-07,910.7,2026-07-31T03:19:22+00:00
RMT-007593,ACCT-000383,B0228,2044-09-07,906.15,2026-07-31T03:19:22+00:00
RMT-007594,ACCT-000673,B0228,2044-09-07,673.81,2026-07-31T03:19:22+00:00
RMT-007595,ACCT-000361,B0228,2044-09-07,1178.96,2026-07-31T03:19:22+00:00
RMT-007596,ACCT-000277,B0228,2044-09-07,507.09,2026-07-31T03:19:22+00:00
RMT-007597,ACCT-000331,B0228,2044-09-07,545.72,2026-07-31T03:19:22+00:00
RMT-007598,ACCT-000538,B0228,2044-09-07,143.28,2026-07-31T03:19:22+00:00
RMT-007599,ACCT-000565,B0228,2044-09-07,481.18,2026-07-31T03:19:22+00:00
RMT-007600,ACCT-000217,B0228,2044-09-07,85.95,2026-07-31T03:19:22+00:00
RMT-007601,ACCT-000198,B0228,2044-09-07,844.06,2026-07-31T03:19:22+00:00
RMT-007602,ACCT-000476,B0228,2044-09-07,357.85,2026-07-31T03:19:22+00:00
RMT-007603,ACCT-000744,B0228,2044-09-07,319.56,2026-07-31T03:19:22+00:00
RMT-007604,ACCT-000479,B0228,2044-09-07,1172.57,2026-07-31T03:19:22+00:00
RMT-007605,ACCT-000205,B0228,2044-09-07,1032.37,2026-07-31T03:19:22+00:00
RMT-007606,ACCT-000121,B0228,2044-09-07,814.21,2026-07-31T03:19:22+00:00
RMT-007607,ACCT-000695,B0228,2044-09-07,500.59,2026-07-31T03:19:22+00:00
RMT-007608,ACCT-000199,B0228,2044-09-07,1175.6,2026-07-31T03:19:22+00:00
RMT-007609,ACCT-000245,B0228,2044-09-07,126.74,2026-07-31T03:19:22+00:00
RMT-007610,ACCT-000439,B0228,2044-09-07,346.02,2026-07-31T03:19:22+00:00
RMT-007611,ACCT-000407,B0228,2044-09-07,545.66,2026-07-31T03:19:22+00:00
RMT-007612,ACCT-000345,B0228,2044-09-07,743.4,2026-07-31T03:19:22+00:00
RMT-007613,ACCT-000810,B0228,2044-09-07,1120.35,2026-07-31T03:19:22+00:00
RMT-007614,ACCT-000811,B0228,2044-09-07,1154.66,2026-07-31T03:19:22+00:00
RMT-007615,ACCT-000812,B0228,2044-09-07,829.13,2026-07-31T03:19:22+00:00
RMT-007616,ACCT-000724,B0229,2044-10-07,313.69,2026-07-31T06:28:26+00:00
RMT-007617,ACCT-000072,B0229,2044-10-07,458.17,2026-07-31T06:28:26+00:00
RMT-007618,ACCT-000538,B0229,2044-10-07,757.94,2026-07-31T06:28:26+00:00
RMT-007619,ACCT-000055,B0229,2044-10-07,367.77,2026-07-31T06:28:26+00:00
RMT-007620,ACCT-000467,B0229,2044-10-07,420.59,2026-07-31T06:28:26+00:00
RMT-007621,ACCT-000550,B0229,2044-10-07,932.95,2026-07-31T06:28:26+00:00
RMT-007622,ACCT-000312,B0229,2044-10-07,732.81,2026-07-31T06:28:26+00:00
RMT-007623,ACCT-000602,B0229,2044-10-07,740.61,2026-07-31T06:28:26+00:00
RMT-007624,ACCT-000648,B0229,2044-10-07,26.61,2026-07-31T06:28:26+00:00
RMT-007625,ACCT-000776,B0229,2044-10-07,877.83,2026-07-31T06:28:26+00:00
RMT-007626,ACCT-000198,B0229,2044-10-07,237.46,2026-07-31T06:28:26+00:00
RMT-007627,ACCT-000270,B0229,2044-10-07,456.77,2026-07-31T06:28:26+00:00
RMT-007628,ACCT-000231,B0229,2044-10-07,553.89,2026-07-31T06:28:26+00:00
RMT-007629,ACCT-000686,B0229,2044-10-07,893.91,2026-07-31T06:28:26+00:00
RMT-007630,ACCT-000576,B0229,2044-10-07,643.11,2026-07-31T06:28:26+00:00
RMT-007631,ACCT-000184,B0229,2044-10-07,512.86,2026-07-31T06:28:26+00:00
RMT-007632,ACCT-000601,B0229,2044-10-07,858.29,2026-07-31T06:28:26+00:00
RMT-007633,ACCT-000414,B0229,2044-10-07,335.35,2026-07-31T06:28:26+00:00
RMT-007634,ACCT-000802,B0229,2044-10-07,624.69,2026-07-31T06:28:26+00:00
RMT-007635,ACCT-000485,B0229,2044-10-07,73.01,2026-07-31T06:28:26+00:00
RMT-007636,ACCT-000496,B0229,2044-10-07,462.11,2026-07-31T06:28:26+00:00
RMT-007637,ACCT-000028,B0229,2044-10-07,660.32,2026-07-31T06:28:26+00:00
RMT-007638,ACCT-000078,B0229,2044-10-07,711.51,2026-07-31T06:28:26+00:00
RMT-007639,ACCT-000681,B0229,2044-10-07,994.86,2026-07-31T06:28:26+00:00
RMT-007640,ACCT-000544,B0229,2044-10-07,393.4,2026-07-31T06:28:26+00:00
RMT-007641,ACCT-000541,B0229,2044-10-07,926.85,2026-07-31T06:28:26+00:00
RMT-007642,ACCT-000478,B0229,2044-10-07,432.06,2026-07-31T06:28:26+00:00
RMT-007643,ACCT-000813,B0229,2044-10-07,849.52,2026-07-31T06:28:26+00:00
RMT-007644,ACCT-000814,B0229,2044-10-07,381.79,2026-07-31T06:28:26+00:00
RMT-007645,ACCT-000815,B0229,2044-10-07,204.74,2026-07-31T06:28:26+00:00
RMT-007646,ACCT-000816,B0229,2044-10-07,376.06,2026-07-31T06:28:26+00:00
RMT-007647,ACCT-000519,B0230,2044-11-06,644.65,2026-07-31T09:24:47+00:00
RMT-007648,ACCT-000696,B0230,2044-11-06,336.86,2026-07-31T09:24:47+00:00
RMT-007649,ACCT-000172,B0230,2044-11-06,289.71,2026-07-31T09:24:47+00:00
RMT-007650,ACCT-000347,B0230,2044-11-06,618.58,2026-07-31T09:24:47+00:00
RMT-007651,ACCT-000752,B0230,2044-11-06,199.28,2026-07-31T09:24:47+00:00
RMT-007652,ACCT-000198,B0230,2044-11-06,690.58,2026-07-31T09:24:47+00:00
RMT-007653,ACCT-000359,B0230,2044-11-06,65.84,2026-07-31T09:24:47+00:00
RMT-007654,ACCT-000205,B0230,2044-11-06,232.09,2026-07-31T09:24:47+00:00
RMT-007655,ACCT-000323,B0230,2044-11-06,934.07,2026-07-31T09:24:47+00:00
RMT-007656,ACCT-000218,B0230,2044-11-06,640.47,2026-07-31T09:24:47+00:00
RMT-007657,ACCT-000044,B0230,2044-11-06,89.58,2026-07-31T09:24:47+00:00
RMT-007658,ACCT-000278,B0230,2044-11-06,308.52,2026-07-31T09:24:47+00:00
RMT-007659,ACCT-000302,B0230,2044-11-06,342.3,2026-07-31T09:24:47+00:00
RMT-007660,ACCT-000254,B0230,2044-11-06,335.38,2026-07-31T09:24:47+00:00
RMT-007661,ACCT-000795,B0230,2044-11-06,675.53,2026-07-31T09:24:47+00:00
RMT-007662,ACCT-000571,B0230,2044-11-06,1319.78,2026-07-31T09:24:47+00:00
RMT-007663,ACCT-000454,B0230,2044-11-06,269.84,2026-07-31T09:24:47+00:00
RMT-007664,ACCT-000649,B0230,2044-11-06,1042.4,2026-07-31T09:24:47+00:00
RMT-007665,ACCT-000495,B0230,2044-11-06,502.49,2026-07-31T09:24:47+00:00
RMT-007666,ACCT-000797,B0230,2044-11-06,906.91,2026-07-31T09:24:47+00:00
RMT-007667,ACCT-000637,B0230,2044-11-06,443.8,2026-07-31T09:24:47+00:00
RMT-007668,ACCT-000600,B0230,2044-11-06,451.42,2026-07-31T09:24:47+00:00
RMT-007669,ACCT-000015,B0230,2044-11-06,199.61,2026-07-31T09:24:47+00:00
RMT-007670,ACCT-000289,B0230,2044-11-06,1056.04,2026-07-31T09:24:47+00:00
RMT-007671,ACCT-000504,B0230,2044-11-06,525.23,2026-07-31T09:24:47+00:00
RMT-007672,ACCT-000164,B0230,2044-11-06,666.23,2026-07-31T09:24:47+00:00
RMT-007673,ACCT-000351,B0230,2044-11-06,846.79,2026-07-31T09:24:47+00:00
RMT-007674,ACCT-000817,B0230,2044-11-06,116.8,2026-07-31T09:24:47+00:00
RMT-007675,ACCT-000818,B0230,2044-11-06,267.92,2026-07-31T09:24:47+00:00
RMT-007676,ACCT-000136,B0231,2044-12-06,835.94,2026-07-31T11:37:38+00:00
RMT-007677,ACCT-000265,B0231,2044-12-06,619.51,2026-07-31T11:37:38+00:00
RMT-007678,ACCT-000350,B0231,2044-12-06,666.79,2026-07-31T11:37:38+00:00
RMT-007679,ACCT-000383,B0231,2044-12-06,803.49,2026-07-31T11:37:38+00:00
RMT-007680,ACCT-000487,B0231,2044-12-06,33.05,2026-07-31T11:37:38+00:00
RMT-007681,ACCT-000390,B0231,2044-12-06,1058.18,2026-07-31T11:37:38+00:00
RMT-007682,ACCT-000217,B0231,2044-12-06,775.13,2026-07-31T11:37:38+00:00
RMT-007683,ACCT-000683,B0231,2044-12-06,611.82,2026-07-31T11:37:38+00:00
RMT-007684,ACCT-000179,B0231,2044-12-06,293.12,2026-07-31T11:37:38+00:00
RMT-007685,ACCT-000637,B0231,2044-12-06,413.05,2026-07-31T11:37:38+00:00
RMT-007686,ACCT-000470,B0231,2044-12-06,315.22,2026-07-31T11:37:38+00:00
RMT-007687,ACCT-000059,B0231,2044-12-06,426.69,2026-07-31T11:37:38+00:00
RMT-007688,ACCT-000221,B0231,2044-12-06,31.82,2026-07-31T11:37:38+00:00
RMT-007689,ACCT-000004,B0231,2044-12-06,424.88,2026-07-31T11:37:38+00:00
RMT-007690,ACCT-000716,B0231,2044-12-06,896.63,2026-07-31T11:37:38+00:00
RMT-007691,ACCT-000323,B0231,2044-12-06,629.74,2026-07-31T11:37:38+00:00
RMT-007692,ACCT-000514,B0231,2044-12-06,808.45,2026-07-31T11:37:38+00:00
RMT-007693,ACCT-000212,B0231,2044-12-06,436.78,2026-07-31T11:37:38+00:00
RMT-007694,ACCT-000581,B0231,2044-12-06,485.93,2026-07-31T11:37:38+00:00
RMT-007695,ACCT-000459,B0231,2044-12-06,113.68,2026-07-31T11:37:38+00:00
RMT-007696,ACCT-000815,B0231,2044-12-06,195.71,2026-07-31T11:37:38+00:00
RMT-007697,ACCT-000625,B0231,2044-12-06,522.38,2026-07-31T11:37:38+00:00
RMT-007698,ACCT-000385,B0231,2044-12-06,423.59,2026-07-31T11:37:38+00:00
RMT-007699,ACCT-000482,B0231,2044-12-06,151.54,2026-07-31T11:37:38+00:00
RMT-007700,ACCT-000124,B0231,2044-12-06,578.12,2026-07-31T11:37:38+00:00
RMT-007701,ACCT-000819,B0231,2044-12-06,837.17,2026-07-31T11:37:38+00:00
RMT-007702,ACCT-000820,B0231,2044-12-06,1225.99,2026-07-31T11:37:38+00:00
RMT-007703,ACCT-000821,B0231,2044-12-06,537.04,2026-07-31T11:37:38+00:00
RMT-007704,ACCT-000631,B0232,2045-01-05,922.29,2026-07-31T13:44:53+00:00
RMT-007705,ACCT-000582,B0232,2045-01-05,199.1,2026-07-31T13:44:53+00:00
RMT-007706,ACCT-000707,B0232,2045-01-05,578.36,2026-07-31T13:44:53+00:00
RMT-007707,ACCT-000322,B0232,2045-01-05,557.41,2026-07-31T13:44:53+00:00
RMT-007708,ACCT-000712,B0232,2045-01-05,444.67,2026-07-31T13:44:53+00:00
RMT-007709,ACCT-000635,B0232,2045-01-05,819.17,2026-07-31T13:44:53+00:00
RMT-007710,ACCT-000745,B0232,2045-01-05,559.23,2026-07-31T13:44:53+00:00
RMT-007711,ACCT-000026,B0232,2045-01-05,1409.48,2026-07-31T13:44:53+00:00
RMT-007712,ACCT-000701,B0232,2045-01-05,708.53,2026-07-31T13:44:53+00:00
RMT-007713,ACCT-000493,B0232,2045-01-05,297.47,2026-07-31T13:44:53+00:00
RMT-007714,ACCT-000614,B0232,2045-01-05,291.47,2026-07-31T13:44:53+00:00
RMT-007715,ACCT-000147,B0232,2045-01-05,810.59,2026-07-31T13:44:53+00:00
RMT-007716,ACCT-000729,B0232,2045-01-05,701.49,2026-07-31T13:44:53+00:00
RMT-007717,ACCT-000155,B0232,2045-01-05,622.3,2026-07-31T13:44:53+00:00
RMT-007718,ACCT-000260,B0232,2045-01-05,892.87,2026-07-31T13:44:53+00:00
RMT-007719,ACCT-000618,B0232,2045-01-05,414.51,2026-07-31T13:44:53+00:00
RMT-007720,ACCT-000468,B0232,2045-01-05,280.6,2026-07-31T13:44:53+00:00
RMT-007721,ACCT-000779,B0232,2045-01-05,731.02,2026-07-31T13:44:53+00:00
RMT-007722,ACCT-000119,B0232,2045-01-05,493.52,2026-07-31T13:44:53+00:00
RMT-007723,ACCT-000577,B0232,2045-01-05,715.69,2026-07-31T13:44:53+00:00
RMT-007724,ACCT-000065,B0232,2045-01-05,503.36,2026-07-31T13:44:53+00:00
RMT-007725,ACCT-000747,B0232,2045-01-05,245.97,2026-07-31T13:44:53+00:00
RMT-007726,ACCT-000517,B0232,2045-01-05,297.67,2026-07-31T13:44:53+00:00
RMT-007727,ACCT-000679,B0232,2045-01-05,792.11,2026-07-31T13:44:53+00:00
RMT-007728,ACCT-000138,B0232,2045-01-05,1087.76,2026-07-31T13:44:53+00:00
RMT-007729,ACCT-000158,B0232,2045-01-05,346.55,2026-07-31T13:44:53+00:00
RMT-007730,ACCT-000357,B0232,2045-01-05,377.96,2026-07-31T13:44:53+00:00
RMT-007731,ACCT-000597,B0232,2045-01-05,661.14,2026-07-31T13:44:53+00:00
RMT-007732,ACCT-000473,B0232,2045-01-05,348.0,2026-07-31T13:44:53+00:00
RMT-007733,ACCT-000221,B0232,2045-01-05,191.72,2026-07-31T13:44:53+00:00
RMT-007734,ACCT-000443,B0232,2045-01-05,551.21,2026-07-31T13:44:53+00:00
RMT-007735,ACCT-000822,B0232,2045-01-05,899.77,2026-07-31T13:44:53+00:00
RMT-007736,ACCT-000823,B0232,2045-01-05,356.91,2026-07-31T13:44:53+00:00
RMT-007737,ACCT-000824,B0232,2045-01-05,293.56,2026-07-31T13:44:53+00:00
RMT-007738,ACCT-000739,B0233,2045-02-04,579.61,2026-07-31T15:56:36+00:00
RMT-007739,ACCT-000760,B0233,2045-02-04,472.26,2026-07-31T15:56:36+00:00
RMT-007740,ACCT-000803,B0233,2045-02-04,505.6,2026-07-31T15:56:36+00:00
RMT-007741,ACCT-000570,B0233,2045-02-04,507.85,2026-07-31T15:56:36+00:00
RMT-007742,ACCT-000290,B0233,2045-02-04,241.12,2026-07-31T15:56:36+00:00
RMT-007743,ACCT-000308,B0233,2045-02-04,252.0,2026-07-31T15:56:36+00:00
RMT-007744,ACCT-000356,B0233,2045-02-04,811.7,2026-07-31T15:56:36+00:00
RMT-007745,ACCT-000748,B0233,2045-02-04,933.34,2026-07-31T15:56:36+00:00
RMT-007746,ACCT-000206,B0233,2045-02-04,285.31,2026-07-31T15:56:36+00:00
RMT-007747,ACCT-000547,B0233,2045-02-04,157.55,2026-07-31T15:56:36+00:00
RMT-007748,ACCT-000629,B0233,2045-02-04,1176.23,2026-07-31T15:56:36+00:00
RMT-007749,ACCT-000484,B0233,2045-02-04,760.02,2026-07-31T15:56:36+00:00
RMT-007750,ACCT-000209,B0233,2045-02-04,492.35,2026-07-31T15:56:36+00:00
RMT-007751,ACCT-000454,B0233,2045-02-04,841.16,2026-07-31T15:56:36+00:00
RMT-007752,ACCT-000678,B0233,2045-02-04,648.77,2026-07-31T15:56:36+00:00
RMT-007753,ACCT-000391,B0233,2045-02-04,1097.75,2026-07-31T15:56:36+00:00
RMT-007754,ACCT-000030,B0233,2045-02-04,558.14,2026-07-31T15:56:36+00:00
RMT-007755,ACCT-000412,B0233,2045-02-04,109.52,2026-07-31T15:56:36+00:00
RMT-007756,ACCT-000020,B0233,2045-02-04,606.54,2026-07-31T15:56:36+00:00
RMT-007757,ACCT-000668,B0233,2045-02-04,409.08,2026-07-31T15:56:36+00:00
RMT-007758,ACCT-000759,B0233,2045-02-04,63.6,2026-07-31T15:56:36+00:00
RMT-007759,ACCT-000076,B0233,2045-02-04,309.65,2026-07-31T15:56:36+00:00
RMT-007760,ACCT-000718,B0233,2045-02-04,569.46,2026-07-31T15:56:36+00:00
RMT-007761,ACCT-000632,B0233,2045-02-04,177.62,2026-07-31T15:56:36+00:00
RMT-007762,ACCT-000021,B0233,2045-02-04,209.05,2026-07-31T15:56:36+00:00
RMT-007763,ACCT-000588,B0233,2045-02-04,584.46,2026-07-31T15:56:36+00:00
RMT-007764,ACCT-000388,B0233,2045-02-04,342.05,2026-07-31T15:56:36+00:00
RMT-007765,ACCT-000332,B0233,2045-02-04,266.48,2026-07-31T15:56:36+00:00
RMT-007766,ACCT-000491,B0233,2045-02-04,782.99,2026-07-31T15:56:36+00:00
RMT-007767,ACCT-000733,B0233,2045-02-04,253.36,2026-07-31T15:56:36+00:00
RMT-007768,ACCT-000271,B0233,2045-02-04,548.97,2026-07-31T15:56:36+00:00
RMT-007769,ACCT-000382,B0233,2045-02-04,1032.16,2026-07-31T15:56:36+00:00
RMT-007770,ACCT-000666,B0233,2045-02-04,620.61,2026-07-31T15:56:36+00:00
RMT-007771,ACCT-000825,B0233,2045-02-04,339.94,2026-07-31T15:56:36+00:00
RMT-007772,ACCT-000826,B0233,2045-02-04,696.05,2026-07-31T15:56:36+00:00
RMT-007773,ACCT-000827,B0233,2045-02-04,645.55,2026-07-31T15:56:36+00:00
RMT-007774,ACCT-000215,B0234,2045-03-06,294.95,2026-07-31T17:23:41+00:00
RMT-007775,ACCT-000032,B0234,2045-03-06,43.7,2026-07-31T17:23:41+00:00
RMT-007776,ACCT-000280,B0234,2045-03-06,418.82,2026-07-31T17:23:41+00:00
RMT-007777,ACCT-000572,B0234,2045-03-06,928.52,2026-07-31T17:23:41+00:00
RMT-007778,ACCT-000279,B0234,2045-03-06,844.53,2026-07-31T17:23:41+00:00
RMT-007779,ACCT-000545,B0234,2045-03-06,516.75,2026-07-31T17:23:41+00:00
RMT-007780,ACCT-000675,B0234,2045-03-06,331.74,2026-07-31T17:23:41+00:00
RMT-007781,ACCT-000588,B0234,2045-03-06,966.26,2026-07-31T17:23:41+00:00
RMT-007782,ACCT-000499,B0234,2045-03-06,359.0,2026-07-31T17:23:41+00:00
RMT-007783,ACCT-000761,B0234,2045-03-06,528.64,2026-07-31T17:23:41+00:00
RMT-007784,ACCT-000631,B0234,2045-03-06,689.29,2026-07-31T17:23:41+00:00
RMT-007785,ACCT-000770,B0234,2045-03-06,181.07,2026-07-31T17:23:41+00:00
RMT-007786,ACCT-000686,B0234,2045-03-06,313.09,2026-07-31T17:23:41+00:00
RMT-007787,ACCT-000522,B0234,2045-03-06,1111.11,2026-07-31T17:23:41+00:00
RMT-007788,ACCT-000681,B0234,2045-03-06,419.59,2026-07-31T17:23:41+00:00
RMT-007789,ACCT-000108,B0234,2045-03-06,555.1,2026-07-31T17:23:41+00:00
RMT-007790,ACCT-000789,B0234,2045-03-06,696.59,2026-07-31T17:23:41+00:00
RMT-007791,ACCT-000194,B0234,2045-03-06,935.44,2026-07-31T17:23:41+00:00
RMT-007792,ACCT-000660,B0234,2045-03-06,765.52,2026-07-31T17:23:41+00:00
RMT-007793,ACCT-000779,B0234,2045-03-06,512.58,2026-07-31T17:23:41+00:00
RMT-007794,ACCT-000777,B0234,2045-03-06,803.78,2026-07-31T17:23:41+00:00
RMT-007795,ACCT-000813,B0234,2045-03-06,339.94,2026-07-31T17:23:41+00:00
RMT-007796,ACCT-000544,B0234,2045-03-06,591.54,2026-07-31T17:23:41+00:00
RMT-007797,ACCT-000060,B0234,2045-03-06,505.85,2026-07-31T17:23:41+00:00
RMT-007798,ACCT-000647,B0234,2045-03-06,782.98,2026-07-31T17:23:41+00:00
RMT-007799,ACCT-000237,B0234,2045-03-06,65.23,2026-07-31T17:23:41+00:00
RMT-007800,ACCT-000578,B0234,2045-03-06,1114.06,2026-07-31T17:23:41+00:00
RMT-007801,ACCT-000489,B0234,2045-03-06,266.1,2026-07-31T17:23:41+00:00
RMT-007802,ACCT-000828,B0234,2045-03-06,1065.63,2026-07-31T17:23:41+00:00
RMT-007803,ACCT-000829,B0234,2045-03-06,612.19,2026-07-31T17:23:41+00:00
RMT-007804,ACCT-000830,B0234,2045-03-06,808.14,2026-07-31T17:23:41+00:00
RMT-007805,ACCT-000831,B0234,2045-03-06,755.0,2026-07-31T17:23:41+00:00
RMT-007806,ACCT-000756,B0235,2045-04-05,858.88,2026-07-31T18:50:57+00:00
RMT-007807,ACCT-000069,B0235,2045-04-05,1036.33,2026-07-31T18:50:57+00:00
RMT-007808,ACCT-000773,B0235,2045-04-05,731.78,2026-07-31T18:50:57+00:00
RMT-007809,ACCT-000695,B0235,2045-04-05,689.75,2026-07-31T18:50:57+00:00
RMT-007810,ACCT-000702,B0235,2045-04-05,940.02,2026-07-31T18:50:57+00:00
RMT-007811,ACCT-000260,B0235,2045-04-05,728.47,2026-07-31T18:50:57+00:00
RMT-007812,ACCT-000696,B0235,2045-04-05,619.81,2026-07-31T18:50:57+00:00
RMT-007813,ACCT-000733,B0235,2045-04-05,290.85,2026-07-31T18:50:57+00:00
RMT-007814,ACCT-000739,B0235,2045-04-05,464.49,2026-07-31T18:50:57+00:00
RMT-007815,ACCT-000653,B0235,2045-04-05,626.84,2026-07-31T18:50:57+00:00
RMT-007816,ACCT-000517,B0235,2045-04-05,180.88,2026-07-31T18:50:57+00:00
RMT-007817,ACCT-000800,B0235,2045-04-05,335.94,2026-07-31T18:50:57+00:00
RMT-007818,ACCT-000383,B0235,2045-04-05,527.49,2026-07-31T18:50:57+00:00
RMT-007819,ACCT-000682,B0235,2045-04-05,673.41,2026-07-31T18:50:57+00:00
RMT-007820,ACCT-000207,B0235,2045-04-05,1068.02,2026-07-31T18:50:57+00:00
RMT-007821,ACCT-000504,B0235,2045-04-05,824.72,2026-07-31T18:50:57+00:00
RMT-007822,ACCT-000747,B0235,2045-04-05,146.57,2026-07-31T18:50:57+00:00
RMT-007823,ACCT-000323,B0235,2045-04-05,779.6,2026-07-31T18:50:57+00:00
RMT-007824,ACCT-000085,B0235,2045-04-05,552.29,2026-07-31T18:50:57+00:00
RMT-007825,ACCT-000077,B0235,2045-04-05,825.79,2026-07-31T18:50:57+00:00
RMT-007826,ACCT-000550,B0235,2045-04-05,1157.85,2026-07-31T18:50:57+00:00
RMT-007827,ACCT-000121,B0235,2045-04-05,335.75,2026-07-31T18:50:57+00:00
RMT-007828,ACCT-000303,B0235,2045-04-05,1009.44,2026-07-31T18:50:57+00:00
RMT-007829,ACCT-000329,B0235,2045-04-05,966.71,2026-07-31T18:50:57+00:00
RMT-007830,ACCT-000380,B0235,2045-04-05,69.68,2026-07-31T18:50:57+00:00
RMT-007831,ACCT-000832,B0235,2045-04-05,346.48,2026-07-31T18:50:57+00:00
RMT-007832,ACCT-000833,B0235,2045-04-05,694.75,2026-07-31T18:50:57+00:00
RMT-007833,ACCT-000834,B0235,2045-04-05,715.19,2026-07-31T18:50:57+00:00
RMT-007834,ACCT-000835,B0235,2045-04-05,605.74,2026-07-31T18:50:57+00:00
RMT-007835,ACCT-000439,B0236,2045-05-05,502.61,2026-07-31T20:15:34+00:00
RMT-007836,ACCT-000683,B0236,2045-05-05,358.33,2026-07-31T20:15:34+00:00
RMT-007837,ACCT-000482,B0236,2045-05-05,1036.8,2026-07-31T20:15:34+00:00
RMT-007838,ACCT-000023,B0236,2045-05-05,654.76,2026-07-31T20:15:34+00:00
RMT-007839,ACCT-000600,B0236,2045-05-05,1296.0,2026-07-31T20:15:34+00:00
RMT-007840,ACCT-000200,B0236,2045-05-05,817.92,2026-07-31T20:15:34+00:00
RMT-007841,ACCT-000518,B0236,2045-05-05,259.51,2026-07-31T20:15:34+00:00
RMT-007842,ACCT-000303,B0236,2045-05-05,325.28,2026-07-31T20:15:34+00:00
RMT-007843,ACCT-000179,B0236,2045-05-05,501.39,2026-07-31T20:15:34+00:00
RMT-007844,ACCT-000241,B0236,2045-05-05,643.15,2026-07-31T20:15:34+00:00
RMT-007845,ACCT-000806,B0236,2045-05-05,243.33,2026-07-31T20:15:34+00:00
RMT-007846,ACCT-000174,B0236,2045-05-05,498.34,2026-07-31T20:15:34+00:00
RMT-007847,ACCT-000118,B0236,2045-05-05,633.63,2026-07-31T20:15:34+00:00
RMT-007848,ACCT-000774,B0236,2045-05-05,451.34,2026-07-31T20:15:34+00:00
RMT-007849,ACCT-000443,B0236,2045-05-05,896.08,2026-07-31T20:15:34+00:00
RMT-007850,ACCT-000639,B0236,2045-05-05,801.38,2026-07-31T20:15:34+00:00
RMT-007851,ACCT-000606,B0236,2045-05-05,614.76,2026-07-31T20:15:34+00:00
RMT-007852,ACCT-000499,B0236,2045-05-05,733.18,2026-07-31T20:15:34+00:00
RMT-007853,ACCT-000082,B0236,2045-05-05,439.22,2026-07-31T20:15:34+00:00
RMT-007854,ACCT-000773,B0236,2045-05-05,479.54,2026-07-31T20:15:34+00:00
RMT-007855,ACCT-000363,B0236,2045-05-05,791.38,2026-07-31T20:15:34+00:00
RMT-007856,ACCT-000055,B0236,2045-05-05,785.32,2026-07-31T20:15:34+00:00
RMT-007857,ACCT-000137,B0236,2045-05-05,176.23,2026-07-31T20:15:34+00:00
RMT-007858,ACCT-000204,B0236,2045-05-05,1117.8,2026-07-31T20:15:34+00:00
RMT-007859,ACCT-000677,B0236,2045-05-05,577.2,2026-07-31T20:15:34+00:00
RMT-007860,ACCT-000344,B0236,2045-05-05,464.27,2026-07-31T20:15:34+00:00
RMT-007861,ACCT-000742,B0236,2045-05-05,694.02,2026-07-31T20:15:34+00:00
RMT-007862,ACCT-000369,B0236,2045-05-05,614.63,2026-07-31T20:15:34+00:00
RMT-007863,ACCT-000631,B0236,2045-05-05,688.48,2026-07-31T20:15:34+00:00
RMT-007864,ACCT-000170,B0236,2045-05-05,628.59,2026-07-31T20:15:34+00:00
RMT-007865,ACCT-000836,B0236,2045-05-05,467.71,2026-07-31T20:15:34+00:00
RMT-007866,ACCT-000837,B0236,2045-05-05,646.3,2026-07-31T20:15:34+00:00
RMT-007867,ACCT-000838,B0236,2045-05-05,250.46,2026-07-31T20:15:34+00:00
